=== Snake AI Curriculum Training [DQN] ===

>>> [Curriculum] Starting Phase: 1. Pre-training (Single Snake) -> agent/checkpoints/dqn_pretrain.pth
>>> Command: train_dqn_variants.py --variant dqn --single --steps 5000000 --save agent/checkpoints/dqn_pretrain.pth --num-envs 128
>>> [V8.0 Asymmetric-Tuning] Variant: DQN | LR: 0.00015 | Tau: 0.002 | GradClip: 0.5 | Buf: 200000
>>> [Explore] eps_start=1.00 eps_min=0.02 | [SelfPlay] prob=0.70->0.40 @ 0.30
>>> [V18.3 Turbo] PHASE 1 (Single) | FoodDensity: 5 | FoodRew: 1.0
>>> [V18.3 Turbo] Initializing 128 Parallel Environments...
>>> [V18.3 Turbo] Environments Ready.
>>> [DQN-Turbo] torch.compile() enabled.
>>> [V13.3 Heartbeat] Setup Finished. Buffer: 200000 | Device: cuda
>>> Starting DQN Training (V21.0 Flash-Batch)...
skipping cudagraphs due to graph with symbolic shapes inputs and config.triton.cudagraph_skip_dynamic_graphs=True. Found from   File "/root/user/cs_tcci_hufuguang/machine/machineLearingCourseDevise/agent/dqn.py", line 52, in forward
    cnn_feat = self.conv(grid)


Step: 1024 | EPS: 1.00 | Rew: -0.71 | FPS: 60.4 | Var: dqn
>>> [Best] Saved -> agent/checkpoints/dqn_pretrain.pth | Rew -0.71
Step: 2048 | EPS: 1.00 | Rew: -0.69 | FPS: 9079.2 | Var: dqn
Step: 3072 | EPS: 1.00 | Rew: -0.71 | FPS: 8445.4 | Var: dqn
Step: 4096 | EPS: 1.00 | Rew: -0.71 | FPS: 10186.1 | Var: dqn
Step: 5120 | EPS: 1.00 | Rew: -0.71 | FPS: 8159.6 | Var: dqn
Step: 6144 | EPS: 1.00 | Rew: -0.70 | FPS: 10124.0 | Var: dqn
Step: 7168 | EPS: 1.00 | Rew: -0.69 | FPS: 10401.5 | Var: dqn
Step: 8192 | EPS: 1.00 | Rew: -0.68 | FPS: 9697.9 | Var: dqn
Step: 9216 | EPS: 1.00 | Rew: -0.68 | FPS: 10060.5 | Var: dqn
Step: 10240 | EPS: 1.00 | Rew: -0.69 | FPS: 10250.0 | Var: dqn
Step: 11264 | EPS: 1.00 | Rew: -0.69 | FPS: 10363.0 | Var: dqn
Step: 12288 | EPS: 1.00 | Rew: -0.69 | FPS: 10441.0 | Var: dqn
Step: 13312 | EPS: 1.00 | Rew: -0.67 | FPS: 8080.0 | Var: dqn
Step: 14336 | EPS: 1.00 | Rew: -0.67 | FPS: 10400.8 | Var: dqn
Step: 15360 | EPS: 1.00 | Rew: -0.66 | FPS: 10070.2 | Var: dqn
Step: 16384 | EPS: 1.00 | Rew: -0.68 | FPS: 9941.0 | Var: dqn
Step: 17408 | EPS: 1.00 | Rew: -0.70 | FPS: 10121.6 | Var: dqn
Step: 18432 | EPS: 1.00 | Rew: -0.71 | FPS: 9512.7 | Var: dqn
Step: 19456 | EPS: 1.00 | Rew: -0.72 | FPS: 9491.8 | Var: dqn
Step: 20480 | EPS: 0.99 | Rew: -0.70 | FPS: 7276.4 | Var: dqn
Step: 21504 | EPS: 0.99 | Rew: -0.69 | FPS: 7812.4 | Var: dqn
Step: 22528 | EPS: 0.99 | Rew: -0.68 | FPS: 7669.2 | Var: dqn
Step: 23552 | EPS: 0.99 | Rew: -0.68 | FPS: 7446.5 | Var: dqn
Step: 24576 | EPS: 0.99 | Rew: -0.68 | FPS: 7491.1 | Var: dqn
Step: 25600 | EPS: 0.99 | Rew: -0.68 | FPS: 7448.4 | Var: dqn
Step: 26624 | EPS: 0.99 | Rew: -0.70 | FPS: 7521.5 | Var: dqn
Step: 27648 | EPS: 0.99 | Rew: -0.71 | FPS: 7645.7 | Var: dqn
Step: 28672 | EPS: 0.99 | Rew: -0.70 | FPS: 8288.1 | Var: dqn
Step: 29696 | EPS: 0.99 | Rew: -0.70 | FPS: 6633.0 | Var: dqn
Step: 30720 | EPS: 0.99 | Rew: -0.70 | FPS: 8971.2 | Var: dqn
Step: 31744 | EPS: 0.99 | Rew: -0.70 | FPS: 9185.3 | Var: dqn
Step: 32768 | EPS: 0.99 | Rew: -0.70 | FPS: 5945.3 | Var: dqn
Step: 33792 | EPS: 0.99 | Rew: -0.73 | FPS: 8651.8 | Var: dqn
Step: 34816 | EPS: 0.99 | Rew: -0.72 | FPS: 7073.8 | Var: dqn
Step: 35840 | EPS: 0.99 | Rew: -0.72 | FPS: 7106.8 | Var: dqn
Step: 36864 | EPS: 0.99 | Rew: -0.71 | FPS: 9026.8 | Var: dqn
Step: 37888 | EPS: 0.99 | Rew: -0.69 | FPS: 8428.6 | Var: dqn
Step: 38912 | EPS: 0.99 | Rew: -0.68 | FPS: 9145.3 | Var: dqn
Step: 39936 | EPS: 0.99 | Rew: -0.67 | FPS: 8766.0 | Var: dqn
Step: 40960 | EPS: 0.99 | Rew: -0.71 | FPS: 8414.6 | Var: dqn
Step: 41984 | EPS: 0.99 | Rew: -0.71 | FPS: 8473.4 | Var: dqn
Step: 43008 | EPS: 0.99 | Rew: -0.72 | FPS: 8721.2 | Var: dqn
Step: 44032 | EPS: 0.99 | Rew: -0.72 | FPS: 7317.4 | Var: dqn
Step: 45056 | EPS: 0.99 | Rew: -0.72 | FPS: 9856.1 | Var: dqn
Step: 46080 | EPS: 0.99 | Rew: -0.71 | FPS: 10188.0 | Var: dqn
Step: 47104 | EPS: 0.99 | Rew: -0.70 | FPS: 9378.8 | Var: dqn
Step: 48128 | EPS: 0.99 | Rew: -0.69 | FPS: 9561.3 | Var: dqn
Step: 49152 | EPS: 0.99 | Rew: -0.69 | FPS: 9815.6 | Var: dqn
Step: 50176 | EPS: 0.99 | Rew: -0.69 | FPS: 9059.0 | Var: dqn
Step: 51200 | EPS: 0.99 | Rew: -0.68 | FPS: 7680.8 | Var: dqn
Step: 52224 | EPS: 0.99 | Rew: -0.67 | FPS: 5891.5 | Var: dqn
Step: 53248 | EPS: 0.99 | Rew: -0.67 | FPS: 7353.4 | Var: dqn
Step: 54272 | EPS: 0.99 | Rew: -0.66 | FPS: 8646.3 | Var: dqn
Step: 55296 | EPS: 0.99 | Rew: -0.67 | FPS: 6907.8 | Var: dqn
Step: 56320 | EPS: 0.99 | Rew: -0.68 | FPS: 9145.3 | Var: dqn
Step: 57344 | EPS: 0.99 | Rew: -0.69 | FPS: 9022.4 | Var: dqn
Step: 58368 | EPS: 0.99 | Rew: -0.71 | FPS: 7974.0 | Var: dqn
Step: 59392 | EPS: 0.99 | Rew: -0.69 | FPS: 7312.2 | Var: dqn
Step: 60416 | EPS: 0.99 | Rew: -0.69 | FPS: 7215.9 | Var: dqn
Step: 61440 | EPS: 0.98 | Rew: -0.67 | FPS: 5637.3 | Var: dqn
Step: 62464 | EPS: 0.98 | Rew: -0.66 | FPS: 6604.2 | Var: dqn
Step: 63488 | EPS: 0.98 | Rew: -0.67 | FPS: 8093.7 | Var: dqn
Step: 64512 | EPS: 0.98 | Rew: -0.68 | FPS: 8352.1 | Var: dqn
Step: 65536 | EPS: 0.98 | Rew: -0.68 | FPS: 7504.9 | Var: dqn
Step: 66560 | EPS: 0.98 | Rew: -0.69 | FPS: 8552.3 | Var: dqn
Step: 67584 | EPS: 0.98 | Rew: -0.67 | FPS: 8429.4 | Var: dqn
Step: 68608 | EPS: 0.98 | Rew: -0.67 | FPS: 9003.3 | Var: dqn
Step: 69632 | EPS: 0.98 | Rew: -0.67 | FPS: 7393.0 | Var: dqn
Step: 70656 | EPS: 0.98 | Rew: -0.66 | FPS: 7525.6 | Var: dqn
Step: 71680 | EPS: 0.98 | Rew: -0.69 | FPS: 7491.0 | Var: dqn
Step: 72704 | EPS: 0.98 | Rew: -0.70 | FPS: 7572.2 | Var: dqn
Step: 73728 | EPS: 0.98 | Rew: -0.71 | FPS: 7078.1 | Var: dqn
Step: 74752 | EPS: 0.98 | Rew: -0.72 | FPS: 8106.5 | Var: dqn
Step: 75776 | EPS: 0.98 | Rew: -0.71 | FPS: 7401.8 | Var: dqn
Step: 76800 | EPS: 0.98 | Rew: -0.71 | FPS: 7267.8 | Var: dqn
Step: 77824 | EPS: 0.98 | Rew: -0.69 | FPS: 7965.5 | Var: dqn
Step: 78848 | EPS: 0.98 | Rew: -0.70 | FPS: 7431.1 | Var: dqn
Step: 79872 | EPS: 0.98 | Rew: -0.70 | FPS: 6788.6 | Var: dqn
Step: 80896 | EPS: 0.98 | Rew: -0.69 | FPS: 6033.4 | Var: dqn
Step: 81920 | EPS: 0.98 | Rew: -0.70 | FPS: 6366.0 | Var: dqn
Step: 82944 | EPS: 0.98 | Rew: -0.70 | FPS: 8415.5 | Var: dqn
Step: 83968 | EPS: 0.98 | Rew: -0.69 | FPS: 6042.3 | Var: dqn
Step: 84992 | EPS: 0.98 | Rew: -0.72 | FPS: 8284.9 | Var: dqn
Step: 86016 | EPS: 0.98 | Rew: -0.72 | FPS: 8463.9 | Var: dqn
Step: 87040 | EPS: 0.98 | Rew: -0.73 | FPS: 6620.9 | Var: dqn
Step: 88064 | EPS: 0.98 | Rew: -0.73 | FPS: 5156.3 | Var: dqn
Step: 89088 | EPS: 0.98 | Rew: -0.72 | FPS: 3927.1 | Var: dqn
Step: 90112 | EPS: 0.98 | Rew: -0.72 | FPS: 3525.0 | Var: dqn
Step: 91136 | EPS: 0.98 | Rew: -0.72 | FPS: 3995.2 | Var: dqn
Step: 92160 | EPS: 0.98 | Rew: -0.72 | FPS: 4865.4 | Var: dqn
Step: 93184 | EPS: 0.98 | Rew: -0.73 | FPS: 6308.7 | Var: dqn
Step: 94208 | EPS: 0.98 | Rew: -0.72 | FPS: 8012.8 | Var: dqn
Step: 95232 | EPS: 0.98 | Rew: -0.74 | FPS: 6564.6 | Var: dqn
Step: 96256 | EPS: 0.98 | Rew: -0.73 | FPS: 8763.3 | Var: dqn
Step: 97280 | EPS: 0.98 | Rew: -0.70 | FPS: 6958.8 | Var: dqn
Step: 98304 | EPS: 0.98 | Rew: -0.70 | FPS: 8927.9 | Var: dqn
Step: 99328 | EPS: 0.98 | Rew: -0.70 | FPS: 6545.4 | Var: dqn
Step: 100352 | EPS: 0.98 | Rew: -0.70 | FPS: 7474.6 | Var: dqn
Step: 101376 | EPS: 0.98 | Rew: -0.69 | FPS: 6380.2 | Var: dqn
Step: 102400 | EPS: 0.97 | Rew: -0.69 | FPS: 6849.1 | Var: dqn
Step: 103424 | EPS: 0.97 | Rew: -0.67 | FPS: 7381.6 | Var: dqn
Step: 104448 | EPS: 0.97 | Rew: -0.64 | FPS: 7670.6 | Var: dqn
Step: 105472 | EPS: 0.97 | Rew: -0.64 | FPS: 8257.7 | Var: dqn
Step: 106496 | EPS: 0.97 | Rew: -0.65 | FPS: 7291.1 | Var: dqn
Step: 107520 | EPS: 0.97 | Rew: -0.67 | FPS: 5976.7 | Var: dqn
Step: 108544 | EPS: 0.97 | Rew: -0.70 | FPS: 7777.5 | Var: dqn
Step: 109568 | EPS: 0.97 | Rew: -0.71 | FPS: 6808.0 | Var: dqn
Step: 110592 | EPS: 0.97 | Rew: -0.70 | FPS: 6408.4 | Var: dqn
Step: 111616 | EPS: 0.97 | Rew: -0.69 | FPS: 5466.0 | Var: dqn
Step: 112640 | EPS: 0.97 | Rew: -0.71 | FPS: 7205.8 | Var: dqn
Step: 113664 | EPS: 0.97 | Rew: -0.72 | FPS: 6737.1 | Var: dqn
Step: 114688 | EPS: 0.97 | Rew: -0.71 | FPS: 6942.2 | Var: dqn
Step: 115712 | EPS: 0.97 | Rew: -0.70 | FPS: 6675.4 | Var: dqn
Step: 116736 | EPS: 0.97 | Rew: -0.69 | FPS: 8052.7 | Var: dqn
Step: 117760 | EPS: 0.97 | Rew: -0.67 | FPS: 8484.3 | Var: dqn
Step: 118784 | EPS: 0.97 | Rew: -0.69 | FPS: 8457.6 | Var: dqn
Step: 119808 | EPS: 0.97 | Rew: -0.69 | FPS: 8294.3 | Var: dqn
Step: 120832 | EPS: 0.97 | Rew: -0.69 | FPS: 8954.4 | Var: dqn
Step: 121856 | EPS: 0.97 | Rew: -0.68 | FPS: 8450.2 | Var: dqn
Step: 122880 | EPS: 0.97 | Rew: -0.69 | FPS: 8594.3 | Var: dqn
Step: 123904 | EPS: 0.97 | Rew: -0.70 | FPS: 7063.8 | Var: dqn
Step: 124928 | EPS: 0.97 | Rew: -0.70 | FPS: 8315.4 | Var: dqn
Step: 125952 | EPS: 0.97 | Rew: -0.71 | FPS: 7696.1 | Var: dqn
Step: 126976 | EPS: 0.97 | Rew: -0.70 | FPS: 8559.5 | Var: dqn
Step: 128000 | EPS: 0.97 | Rew: -0.68 | FPS: 8893.4 | Var: dqn
Step: 129024 | EPS: 0.97 | Rew: -0.68 | FPS: 8867.0 | Var: dqn
Step: 130048 | EPS: 0.97 | Rew: -0.66 | FPS: 8720.0 | Var: dqn
Step: 131072 | EPS: 0.97 | Rew: -0.67 | FPS: 7642.9 | Var: dqn
Step: 132096 | EPS: 0.97 | Rew: -0.67 | FPS: 7358.5 | Var: dqn
Step: 133120 | EPS: 0.97 | Rew: -0.67 | FPS: 8576.3 | Var: dqn
Step: 134144 | EPS: 0.97 | Rew: -0.70 | FPS: 8948.7 | Var: dqn
Step: 135168 | EPS: 0.97 | Rew: -0.68 | FPS: 6860.3 | Var: dqn
Step: 136192 | EPS: 0.97 | Rew: -0.65 | FPS: 8528.5 | Var: dqn
Step: 137216 | EPS: 0.97 | Rew: -0.65 | FPS: 6766.2 | Var: dqn
Step: 138240 | EPS: 0.97 | Rew: -0.65 | FPS: 6785.5 | Var: dqn
Step: 139264 | EPS: 0.97 | Rew: -0.65 | FPS: 8700.8 | Var: dqn
Step: 140288 | EPS: 0.97 | Rew: -0.68 | FPS: 7897.0 | Var: dqn
Step: 141312 | EPS: 0.97 | Rew: -0.67 | FPS: 8372.1 | Var: dqn
Step: 142336 | EPS: 0.97 | Rew: -0.67 | FPS: 7230.9 | Var: dqn
Step: 143360 | EPS: 0.96 | Rew: -0.68 | FPS: 8463.0 | Var: dqn
Step: 144384 | EPS: 0.96 | Rew: -0.68 | FPS: 8462.0 | Var: dqn
Step: 145408 | EPS: 0.96 | Rew: -0.68 | FPS: 8219.2 | Var: dqn
Step: 146432 | EPS: 0.96 | Rew: -0.69 | FPS: 5864.7 | Var: dqn
Step: 147456 | EPS: 0.96 | Rew: -0.70 | FPS: 8628.3 | Var: dqn
Step: 148480 | EPS: 0.96 | Rew: -0.71 | FPS: 6864.8 | Var: dqn
Step: 149504 | EPS: 0.96 | Rew: -0.70 | FPS: 8838.2 | Var: dqn
Step: 150528 | EPS: 0.96 | Rew: -0.69 | FPS: 9071.4 | Var: dqn
Step: 151552 | EPS: 0.96 | Rew: -0.69 | FPS: 8432.3 | Var: dqn
Step: 152576 | EPS: 0.96 | Rew: -0.68 | FPS: 6419.4 | Var: dqn
Step: 153600 | EPS: 0.96 | Rew: -0.69 | FPS: 8846.2 | Var: dqn
Step: 154624 | EPS: 0.96 | Rew: -0.71 | FPS: 6567.5 | Var: dqn
Step: 155648 | EPS: 0.96 | Rew: -0.71 | FPS: 7037.1 | Var: dqn
Step: 156672 | EPS: 0.96 | Rew: -0.68 | FPS: 8297.3 | Var: dqn
Step: 157696 | EPS: 0.96 | Rew: -0.68 | FPS: 6967.6 | Var: dqn
Step: 158720 | EPS: 0.96 | Rew: -0.66 | FPS: 6219.8 | Var: dqn
Step: 159744 | EPS: 0.96 | Rew: -0.65 | FPS: 4948.7 | Var: dqn
Step: 160768 | EPS: 0.96 | Rew: -0.68 | FPS: 6290.6 | Var: dqn
Step: 161792 | EPS: 0.96 | Rew: -0.68 | FPS: 5979.5 | Var: dqn
Step: 162816 | EPS: 0.96 | Rew: -0.69 | FPS: 4740.2 | Var: dqn
Step: 163840 | EPS: 0.96 | Rew: -0.69 | FPS: 5278.7 | Var: dqn
Step: 164864 | EPS: 0.96 | Rew: -0.68 | FPS: 4767.0 | Var: dqn
Step: 165888 | EPS: 0.96 | Rew: -0.66 | FPS: 4955.0 | Var: dqn
Step: 166912 | EPS: 0.96 | Rew: -0.68 | FPS: 3934.0 | Var: dqn
Step: 167936 | EPS: 0.96 | Rew: -0.68 | FPS: 7954.0 | Var: dqn
Step: 168960 | EPS: 0.96 | Rew: -0.72 | FPS: 7077.5 | Var: dqn
Step: 169984 | EPS: 0.96 | Rew: -0.71 | FPS: 8247.8 | Var: dqn
Step: 171008 | EPS: 0.96 | Rew: -0.70 | FPS: 5991.5 | Var: dqn
Step: 172032 | EPS: 0.96 | Rew: -0.70 | FPS: 5522.3 | Var: dqn
Step: 173056 | EPS: 0.96 | Rew: -0.70 | FPS: 5066.7 | Var: dqn
Step: 174080 | EPS: 0.96 | Rew: -0.71 | FPS: 4450.0 | Var: dqn
Step: 175104 | EPS: 0.96 | Rew: -0.71 | FPS: 5021.3 | Var: dqn
Step: 176128 | EPS: 0.96 | Rew: -0.71 | FPS: 4581.0 | Var: dqn
Step: 177152 | EPS: 0.96 | Rew: -0.70 | FPS: 4222.3 | Var: dqn
Step: 178176 | EPS: 0.96 | Rew: -0.70 | FPS: 5439.1 | Var: dqn
Step: 179200 | EPS: 0.96 | Rew: -0.70 | FPS: 5505.2 | Var: dqn
Step: 180224 | EPS: 0.96 | Rew: -0.68 | FPS: 4847.0 | Var: dqn
Step: 181248 | EPS: 0.96 | Rew: -0.68 | FPS: 6023.2 | Var: dqn
Step: 182272 | EPS: 0.96 | Rew: -0.67 | FPS: 6940.7 | Var: dqn
Step: 183296 | EPS: 0.96 | Rew: -0.68 | FPS: 7196.6 | Var: dqn
Step: 184320 | EPS: 0.95 | Rew: -0.69 | FPS: 5437.9 | Var: dqn
Step: 185344 | EPS: 0.95 | Rew: -0.69 | FPS: 6126.5 | Var: dqn
Step: 186368 | EPS: 0.95 | Rew: -0.69 | FPS: 6616.5 | Var: dqn
Step: 187392 | EPS: 0.95 | Rew: -0.66 | FPS: 5968.3 | Var: dqn
Step: 188416 | EPS: 0.95 | Rew: -0.63 | FPS: 6129.6 | Var: dqn
Step: 189440 | EPS: 0.95 | Rew: -0.65 | FPS: 6407.4 | Var: dqn
Step: 190464 | EPS: 0.95 | Rew: -0.68 | FPS: 5289.8 | Var: dqn
Step: 191488 | EPS: 0.95 | Rew: -0.69 | FPS: 4703.1 | Var: dqn
Step: 192512 | EPS: 0.95 | Rew: -0.68 | FPS: 5533.1 | Var: dqn
Step: 193536 | EPS: 0.95 | Rew: -0.67 | FPS: 6137.7 | Var: dqn
Step: 194560 | EPS: 0.95 | Rew: -0.67 | FPS: 8486.5 | Var: dqn
Step: 195584 | EPS: 0.95 | Rew: -0.69 | FPS: 6101.9 | Var: dqn
Step: 196608 | EPS: 0.95 | Rew: -0.72 | FPS: 5659.0 | Var: dqn
Step: 197632 | EPS: 0.95 | Rew: -0.73 | FPS: 7050.6 | Var: dqn
Step: 198656 | EPS: 0.95 | Rew: -0.72 | FPS: 6964.8 | Var: dqn
Step: 199680 | EPS: 0.95 | Rew: -0.72 | FPS: 7665.2 | Var: dqn
Step: 200704 | EPS: 0.95 | Rew: -0.71 | FPS: 8536.9 | Var: dqn
Step: 201728 | EPS: 0.95 | Rew: -0.71 | FPS: 6165.9 | Var: dqn
Step: 202752 | EPS: 0.95 | Rew: -0.68 | FPS: 7099.8 | Var: dqn
Step: 203776 | EPS: 0.95 | Rew: -0.68 | FPS: 8382.7 | Var: dqn
Step: 204800 | EPS: 0.95 | Rew: -0.67 | FPS: 7318.5 | Var: dqn
Step: 205824 | EPS: 0.95 | Rew: -0.66 | FPS: 6879.3 | Var: dqn
Step: 206848 | EPS: 0.95 | Rew: -0.67 | FPS: 3769.6 | Var: dqn
Step: 207872 | EPS: 0.95 | Rew: -0.69 | FPS: 5462.0 | Var: dqn
Step: 208896 | EPS: 0.95 | Rew: -0.69 | FPS: 6263.4 | Var: dqn
Step: 209920 | EPS: 0.95 | Rew: -0.68 | FPS: 7923.2 | Var: dqn
Step: 210944 | EPS: 0.95 | Rew: -0.68 | FPS: 7851.0 | Var: dqn
Step: 211968 | EPS: 0.95 | Rew: -0.70 | FPS: 6673.8 | Var: dqn
Step: 212992 | EPS: 0.95 | Rew: -0.71 | FPS: 6599.2 | Var: dqn
Step: 214016 | EPS: 0.95 | Rew: -0.71 | FPS: 6582.1 | Var: dqn
Step: 215040 | EPS: 0.95 | Rew: -0.71 | FPS: 6166.9 | Var: dqn
Step: 216064 | EPS: 0.95 | Rew: -0.66 | FPS: 7004.8 | Var: dqn
Step: 217088 | EPS: 0.95 | Rew: -0.66 | FPS: 6475.9 | Var: dqn
Step: 218112 | EPS: 0.95 | Rew: -0.67 | FPS: 5893.0 | Var: dqn
Step: 219136 | EPS: 0.95 | Rew: -0.69 | FPS: 5725.8 | Var: dqn
Step: 220160 | EPS: 0.95 | Rew: -0.70 | FPS: 6424.5 | Var: dqn
Step: 221184 | EPS: 0.95 | Rew: -0.69 | FPS: 5341.1 | Var: dqn
Step: 222208 | EPS: 0.95 | Rew: -0.69 | FPS: 5222.0 | Var: dqn
Step: 223232 | EPS: 0.95 | Rew: -0.67 | FPS: 8543.1 | Var: dqn
Step: 224256 | EPS: 0.95 | Rew: -0.65 | FPS: 6355.4 | Var: dqn
Step: 225280 | EPS: 0.94 | Rew: -0.65 | FPS: 7053.2 | Var: dqn
Step: 226304 | EPS: 0.94 | Rew: -0.64 | FPS: 8646.9 | Var: dqn
Step: 227328 | EPS: 0.94 | Rew: -0.63 | FPS: 9254.8 | Var: dqn
Step: 228352 | EPS: 0.94 | Rew: -0.67 | FPS: 6733.7 | Var: dqn
Step: 229376 | EPS: 0.94 | Rew: -0.67 | FPS: 8006.9 | Var: dqn
Step: 230400 | EPS: 0.94 | Rew: -0.68 | FPS: 7945.4 | Var: dqn
Step: 231424 | EPS: 0.94 | Rew: -0.68 | FPS: 8782.4 | Var: dqn
Step: 232448 | EPS: 0.94 | Rew: -0.67 | FPS: 8017.5 | Var: dqn
Step: 233472 | EPS: 0.94 | Rew: -0.68 | FPS: 7931.0 | Var: dqn
Step: 234496 | EPS: 0.94 | Rew: -0.69 | FPS: 7106.2 | Var: dqn
Step: 235520 | EPS: 0.94 | Rew: -0.68 | FPS: 5633.6 | Var: dqn
Step: 236544 | EPS: 0.94 | Rew: -0.70 | FPS: 6122.3 | Var: dqn
Step: 237568 | EPS: 0.94 | Rew: -0.69 | FPS: 8824.2 | Var: dqn
Step: 238592 | EPS: 0.94 | Rew: -0.69 | FPS: 5018.8 | Var: dqn
Step: 239616 | EPS: 0.94 | Rew: -0.68 | FPS: 4303.9 | Var: dqn
Step: 240640 | EPS: 0.94 | Rew: -0.68 | FPS: 6147.8 | Var: dqn
Step: 241664 | EPS: 0.94 | Rew: -0.68 | FPS: 4909.5 | Var: dqn
Step: 242688 | EPS: 0.94 | Rew: -0.69 | FPS: 6480.8 | Var: dqn
Step: 243712 | EPS: 0.94 | Rew: -0.69 | FPS: 4425.7 | Var: dqn
Step: 244736 | EPS: 0.94 | Rew: -0.69 | FPS: 5096.5 | Var: dqn
Step: 245760 | EPS: 0.94 | Rew: -0.69 | FPS: 4763.3 | Var: dqn
Step: 246784 | EPS: 0.94 | Rew: -0.68 | FPS: 5767.2 | Var: dqn
Step: 247808 | EPS: 0.94 | Rew: -0.66 | FPS: 4818.6 | Var: dqn
Step: 248832 | EPS: 0.94 | Rew: -0.67 | FPS: 4779.2 | Var: dqn
Step: 249856 | EPS: 0.94 | Rew: -0.65 | FPS: 5475.3 | Var: dqn
Step: 250880 | EPS: 0.94 | Rew: -0.66 | FPS: 4818.0 | Var: dqn
Step: 251904 | EPS: 0.94 | Rew: -0.67 | FPS: 5961.4 | Var: dqn
Step: 252928 | EPS: 0.94 | Rew: -0.69 | FPS: 6358.3 | Var: dqn
Step: 253952 | EPS: 0.94 | Rew: -0.67 | FPS: 4493.3 | Var: dqn
Step: 254976 | EPS: 0.94 | Rew: -0.67 | FPS: 5832.6 | Var: dqn
Step: 256000 | EPS: 0.94 | Rew: -0.67 | FPS: 4923.6 | Var: dqn
Step: 257024 | EPS: 0.94 | Rew: -0.66 | FPS: 4621.2 | Var: dqn
Step: 258048 | EPS: 0.94 | Rew: -0.67 | FPS: 5419.2 | Var: dqn
Step: 259072 | EPS: 0.94 | Rew: -0.69 | FPS: 6373.6 | Var: dqn
Step: 260096 | EPS: 0.94 | Rew: -0.70 | FPS: 7580.4 | Var: dqn
Step: 261120 | EPS: 0.94 | Rew: -0.72 | FPS: 4903.5 | Var: dqn
Step: 262144 | EPS: 0.94 | Rew: -0.71 | FPS: 5342.2 | Var: dqn
Step: 263168 | EPS: 0.94 | Rew: -0.70 | FPS: 5100.0 | Var: dqn
Step: 264192 | EPS: 0.94 | Rew: -0.70 | FPS: 7339.9 | Var: dqn
Step: 265216 | EPS: 0.94 | Rew: -0.68 | FPS: 6084.9 | Var: dqn
Step: 266240 | EPS: 0.93 | Rew: -0.69 | FPS: 5146.9 | Var: dqn
Step: 267264 | EPS: 0.93 | Rew: -0.70 | FPS: 4723.0 | Var: dqn
Step: 268288 | EPS: 0.93 | Rew: -0.70 | FPS: 4705.9 | Var: dqn
Step: 269312 | EPS: 0.93 | Rew: -0.71 | FPS: 6998.6 | Var: dqn
Step: 270336 | EPS: 0.93 | Rew: -0.71 | FPS: 7692.8 | Var: dqn
Step: 271360 | EPS: 0.93 | Rew: -0.69 | FPS: 6634.2 | Var: dqn
Step: 272384 | EPS: 0.93 | Rew: -0.69 | FPS: 6919.9 | Var: dqn
Step: 273408 | EPS: 0.93 | Rew: -0.67 | FPS: 6343.7 | Var: dqn
Step: 274432 | EPS: 0.93 | Rew: -0.66 | FPS: 5132.0 | Var: dqn
Step: 275456 | EPS: 0.93 | Rew: -0.67 | FPS: 5657.7 | Var: dqn
Step: 276480 | EPS: 0.93 | Rew: -0.67 | FPS: 6431.0 | Var: dqn
Step: 277504 | EPS: 0.93 | Rew: -0.66 | FPS: 7351.3 | Var: dqn
Step: 278528 | EPS: 0.93 | Rew: -0.66 | FPS: 8228.0 | Var: dqn
Step: 279552 | EPS: 0.93 | Rew: -0.65 | FPS: 5561.0 | Var: dqn
Step: 280576 | EPS: 0.93 | Rew: -0.64 | FPS: 8576.0 | Var: dqn
Step: 281600 | EPS: 0.93 | Rew: -0.63 | FPS: 7779.7 | Var: dqn
Step: 282624 | EPS: 0.93 | Rew: -0.65 | FPS: 6208.8 | Var: dqn
Step: 283648 | EPS: 0.93 | Rew: -0.68 | FPS: 8310.1 | Var: dqn
Step: 284672 | EPS: 0.93 | Rew: -0.67 | FPS: 5731.4 | Var: dqn
Step: 285696 | EPS: 0.93 | Rew: -0.69 | FPS: 7665.3 | Var: dqn
Step: 286720 | EPS: 0.93 | Rew: -0.71 | FPS: 6068.9 | Var: dqn
Step: 287744 | EPS: 0.93 | Rew: -0.69 | FPS: 6130.9 | Var: dqn
Step: 288768 | EPS: 0.93 | Rew: -0.69 | FPS: 6974.0 | Var: dqn
Step: 289792 | EPS: 0.93 | Rew: -0.67 | FPS: 6261.1 | Var: dqn
Step: 290816 | EPS: 0.93 | Rew: -0.66 | FPS: 6640.5 | Var: dqn
Step: 291840 | EPS: 0.93 | Rew: -0.66 | FPS: 8540.6 | Var: dqn
Step: 292864 | EPS: 0.93 | Rew: -0.65 | FPS: 7423.1 | Var: dqn
Step: 293888 | EPS: 0.93 | Rew: -0.66 | FPS: 8277.2 | Var: dqn
Step: 294912 | EPS: 0.93 | Rew: -0.66 | FPS: 6153.3 | Var: dqn
Step: 295936 | EPS: 0.93 | Rew: -0.66 | FPS: 7145.5 | Var: dqn
Step: 296960 | EPS: 0.93 | Rew: -0.68 | FPS: 6481.6 | Var: dqn
Step: 297984 | EPS: 0.93 | Rew: -0.69 | FPS: 8654.4 | Var: dqn
Step: 299008 | EPS: 0.93 | Rew: -0.70 | FPS: 8485.1 | Var: dqn
Step: 300032 | EPS: 0.93 | Rew: -0.70 | FPS: 6720.3 | Var: dqn
Step: 301056 | EPS: 0.93 | Rew: -0.71 | FPS: 3886.9 | Var: dqn
Step: 302080 | EPS: 0.93 | Rew: -0.72 | FPS: 5745.6 | Var: dqn
Step: 303104 | EPS: 0.93 | Rew: -0.71 | FPS: 8556.6 | Var: dqn
Step: 304128 | EPS: 0.93 | Rew: -0.71 | FPS: 5603.2 | Var: dqn
Step: 305152 | EPS: 0.93 | Rew: -0.71 | FPS: 6454.5 | Var: dqn
Step: 306176 | EPS: 0.92 | Rew: -0.70 | FPS: 8135.8 | Var: dqn
Step: 307200 | EPS: 0.92 | Rew: -0.70 | FPS: 7096.8 | Var: dqn
Step: 308224 | EPS: 0.92 | Rew: -0.69 | FPS: 6784.8 | Var: dqn
Step: 309248 | EPS: 0.92 | Rew: -0.69 | FPS: 5834.3 | Var: dqn
Step: 310272 | EPS: 0.92 | Rew: -0.70 | FPS: 6698.7 | Var: dqn
Step: 311296 | EPS: 0.92 | Rew: -0.68 | FPS: 7760.8 | Var: dqn
Step: 312320 | EPS: 0.92 | Rew: -0.69 | FPS: 5993.3 | Var: dqn
Step: 313344 | EPS: 0.92 | Rew: -0.69 | FPS: 5926.3 | Var: dqn
Step: 314368 | EPS: 0.92 | Rew: -0.67 | FPS: 5868.8 | Var: dqn
Step: 315392 | EPS: 0.92 | Rew: -0.67 | FPS: 5658.4 | Var: dqn
Step: 316416 | EPS: 0.92 | Rew: -0.68 | FPS: 7290.3 | Var: dqn
Step: 317440 | EPS: 0.92 | Rew: -0.67 | FPS: 6439.9 | Var: dqn
Step: 318464 | EPS: 0.92 | Rew: -0.66 | FPS: 6192.8 | Var: dqn
Step: 319488 | EPS: 0.92 | Rew: -0.66 | FPS: 6931.3 | Var: dqn
Step: 320512 | EPS: 0.92 | Rew: -0.66 | FPS: 5738.6 | Var: dqn
Step: 321536 | EPS: 0.92 | Rew: -0.65 | FPS: 6196.4 | Var: dqn
Step: 322560 | EPS: 0.92 | Rew: -0.64 | FPS: 5424.3 | Var: dqn
Step: 323584 | EPS: 0.92 | Rew: -0.65 | FPS: 7359.3 | Var: dqn
Step: 324608 | EPS: 0.92 | Rew: -0.62 | FPS: 6313.7 | Var: dqn
Step: 325632 | EPS: 0.92 | Rew: -0.63 | FPS: 5545.9 | Var: dqn
Step: 326656 | EPS: 0.92 | Rew: -0.64 | FPS: 7072.3 | Var: dqn
Step: 327680 | EPS: 0.92 | Rew: -0.63 | FPS: 5445.0 | Var: dqn
Step: 328704 | EPS: 0.92 | Rew: -0.66 | FPS: 5194.3 | Var: dqn
Step: 329728 | EPS: 0.92 | Rew: -0.66 | FPS: 5446.3 | Var: dqn
Step: 330752 | EPS: 0.92 | Rew: -0.65 | FPS: 5150.0 | Var: dqn
Step: 331776 | EPS: 0.92 | Rew: -0.67 | FPS: 7778.2 | Var: dqn
Step: 332800 | EPS: 0.92 | Rew: -0.68 | FPS: 5463.1 | Var: dqn
Step: 333824 | EPS: 0.92 | Rew: -0.66 | FPS: 6717.5 | Var: dqn
Step: 334848 | EPS: 0.92 | Rew: -0.66 | FPS: 5364.2 | Var: dqn
Step: 335872 | EPS: 0.92 | Rew: -0.65 | FPS: 6132.8 | Var: dqn
Step: 336896 | EPS: 0.92 | Rew: -0.66 | FPS: 6163.7 | Var: dqn
Step: 337920 | EPS: 0.92 | Rew: -0.67 | FPS: 5168.2 | Var: dqn
Step: 338944 | EPS: 0.92 | Rew: -0.67 | FPS: 7975.1 | Var: dqn
Step: 339968 | EPS: 0.92 | Rew: -0.67 | FPS: 5720.8 | Var: dqn
Step: 340992 | EPS: 0.92 | Rew: -0.67 | FPS: 5347.6 | Var: dqn
Step: 342016 | EPS: 0.92 | Rew: -0.65 | FPS: 5664.0 | Var: dqn
Step: 343040 | EPS: 0.92 | Rew: -0.67 | FPS: 7204.0 | Var: dqn
Step: 344064 | EPS: 0.92 | Rew: -0.67 | FPS: 6405.5 | Var: dqn
Step: 345088 | EPS: 0.92 | Rew: -0.68 | FPS: 5424.9 | Var: dqn
Step: 346112 | EPS: 0.92 | Rew: -0.70 | FPS: 5494.4 | Var: dqn
Step: 347136 | EPS: 0.91 | Rew: -0.70 | FPS: 4999.5 | Var: dqn
Step: 348160 | EPS: 0.91 | Rew: -0.68 | FPS: 5664.3 | Var: dqn
Step: 349184 | EPS: 0.91 | Rew: -0.68 | FPS: 8357.4 | Var: dqn
Step: 350208 | EPS: 0.91 | Rew: -0.67 | FPS: 7267.8 | Var: dqn
Step: 351232 | EPS: 0.91 | Rew: -0.67 | FPS: 5027.7 | Var: dqn
Step: 352256 | EPS: 0.91 | Rew: -0.70 | FPS: 7122.4 | Var: dqn
Step: 353280 | EPS: 0.91 | Rew: -0.69 | FPS: 6757.5 | Var: dqn
Step: 354304 | EPS: 0.91 | Rew: -0.67 | FPS: 6041.6 | Var: dqn
Step: 355328 | EPS: 0.91 | Rew: -0.67 | FPS: 6911.3 | Var: dqn
Step: 356352 | EPS: 0.91 | Rew: -0.67 | FPS: 6967.2 | Var: dqn
Step: 357376 | EPS: 0.91 | Rew: -0.63 | FPS: 6345.9 | Var: dqn
Step: 358400 | EPS: 0.91 | Rew: -0.64 | FPS: 6868.5 | Var: dqn
Step: 359424 | EPS: 0.91 | Rew: -0.66 | FPS: 7214.9 | Var: dqn
Step: 360448 | EPS: 0.91 | Rew: -0.66 | FPS: 8436.8 | Var: dqn
Step: 361472 | EPS: 0.91 | Rew: -0.67 | FPS: 5901.3 | Var: dqn
Step: 362496 | EPS: 0.91 | Rew: -0.68 | FPS: 6219.9 | Var: dqn
Step: 363520 | EPS: 0.91 | Rew: -0.67 | FPS: 4913.9 | Var: dqn
Step: 364544 | EPS: 0.91 | Rew: -0.68 | FPS: 7686.3 | Var: dqn
Step: 365568 | EPS: 0.91 | Rew: -0.68 | FPS: 7443.4 | Var: dqn
Step: 366592 | EPS: 0.91 | Rew: -0.67 | FPS: 6979.1 | Var: dqn
Step: 367616 | EPS: 0.91 | Rew: -0.67 | FPS: 8618.0 | Var: dqn
Step: 368640 | EPS: 0.91 | Rew: -0.66 | FPS: 6995.6 | Var: dqn
Step: 369664 | EPS: 0.91 | Rew: -0.65 | FPS: 6972.0 | Var: dqn
Step: 370688 | EPS: 0.91 | Rew: -0.66 | FPS: 6578.8 | Var: dqn
Step: 371712 | EPS: 0.91 | Rew: -0.66 | FPS: 6768.5 | Var: dqn
Step: 372736 | EPS: 0.91 | Rew: -0.67 | FPS: 7596.5 | Var: dqn
Step: 373760 | EPS: 0.91 | Rew: -0.67 | FPS: 6335.3 | Var: dqn
Step: 374784 | EPS: 0.91 | Rew: -0.65 | FPS: 7164.4 | Var: dqn
Step: 375808 | EPS: 0.91 | Rew: -0.64 | FPS: 7134.6 | Var: dqn
Step: 376832 | EPS: 0.91 | Rew: -0.64 | FPS: 8702.1 | Var: dqn
Step: 377856 | EPS: 0.91 | Rew: -0.62 | FPS: 7581.2 | Var: dqn
Step: 378880 | EPS: 0.91 | Rew: -0.64 | FPS: 7296.9 | Var: dqn
Step: 379904 | EPS: 0.91 | Rew: -0.62 | FPS: 6743.3 | Var: dqn
Step: 380928 | EPS: 0.91 | Rew: -0.61 | FPS: 8976.5 | Var: dqn
Step: 381952 | EPS: 0.91 | Rew: -0.61 | FPS: 7097.7 | Var: dqn
Step: 382976 | EPS: 0.91 | Rew: -0.61 | FPS: 5608.8 | Var: dqn
Step: 384000 | EPS: 0.91 | Rew: -0.63 | FPS: 6811.3 | Var: dqn
Step: 385024 | EPS: 0.91 | Rew: -0.64 | FPS: 8700.0 | Var: dqn
Step: 386048 | EPS: 0.91 | Rew: -0.64 | FPS: 5714.0 | Var: dqn
Step: 387072 | EPS: 0.91 | Rew: -0.64 | FPS: 7003.0 | Var: dqn
Step: 388096 | EPS: 0.90 | Rew: -0.64 | FPS: 6200.4 | Var: dqn
Step: 389120 | EPS: 0.90 | Rew: -0.64 | FPS: 6164.4 | Var: dqn
Step: 390144 | EPS: 0.90 | Rew: -0.64 | FPS: 6339.1 | Var: dqn
Step: 391168 | EPS: 0.90 | Rew: -0.66 | FPS: 6344.1 | Var: dqn
Step: 392192 | EPS: 0.90 | Rew: -0.66 | FPS: 5967.6 | Var: dqn
Step: 393216 | EPS: 0.90 | Rew: -0.66 | FPS: 6650.0 | Var: dqn
Step: 394240 | EPS: 0.90 | Rew: -0.67 | FPS: 7906.8 | Var: dqn
Step: 395264 | EPS: 0.90 | Rew: -0.67 | FPS: 8023.0 | Var: dqn
Step: 396288 | EPS: 0.90 | Rew: -0.66 | FPS: 5507.5 | Var: dqn
Step: 397312 | EPS: 0.90 | Rew: -0.66 | FPS: 6765.0 | Var: dqn
Step: 398336 | EPS: 0.90 | Rew: -0.65 | FPS: 6538.1 | Var: dqn
Step: 399360 | EPS: 0.90 | Rew: -0.63 | FPS: 5722.5 | Var: dqn
Step: 400384 | EPS: 0.90 | Rew: -0.63 | FPS: 5962.1 | Var: dqn
Step: 401408 | EPS: 0.90 | Rew: -0.63 | FPS: 5821.3 | Var: dqn
Step: 402432 | EPS: 0.90 | Rew: -0.63 | FPS: 4916.9 | Var: dqn
Step: 403456 | EPS: 0.90 | Rew: -0.63 | FPS: 7854.1 | Var: dqn
Step: 404480 | EPS: 0.90 | Rew: -0.63 | FPS: 8025.0 | Var: dqn
Step: 405504 | EPS: 0.90 | Rew: -0.64 | FPS: 6747.4 | Var: dqn
Step: 406528 | EPS: 0.90 | Rew: -0.63 | FPS: 5672.2 | Var: dqn
Step: 407552 | EPS: 0.90 | Rew: -0.65 | FPS: 7120.7 | Var: dqn
Step: 408576 | EPS: 0.90 | Rew: -0.62 | FPS: 5710.4 | Var: dqn
Step: 409600 | EPS: 0.90 | Rew: -0.62 | FPS: 6464.4 | Var: dqn
Step: 410624 | EPS: 0.90 | Rew: -0.63 | FPS: 7592.2 | Var: dqn
Step: 411648 | EPS: 0.90 | Rew: -0.62 | FPS: 7607.1 | Var: dqn
Step: 412672 | EPS: 0.90 | Rew: -0.61 | FPS: 6862.6 | Var: dqn
Step: 413696 | EPS: 0.90 | Rew: -0.64 | FPS: 7712.9 | Var: dqn
Step: 414720 | EPS: 0.90 | Rew: -0.64 | FPS: 5227.5 | Var: dqn
Step: 415744 | EPS: 0.90 | Rew: -0.63 | FPS: 5295.5 | Var: dqn
Step: 416768 | EPS: 0.90 | Rew: -0.65 | FPS: 6965.4 | Var: dqn
Step: 417792 | EPS: 0.90 | Rew: -0.65 | FPS: 5401.5 | Var: dqn
Step: 418816 | EPS: 0.90 | Rew: -0.65 | FPS: 4822.7 | Var: dqn
Step: 419840 | EPS: 0.90 | Rew: -0.65 | FPS: 6908.4 | Var: dqn
Step: 420864 | EPS: 0.90 | Rew: -0.65 | FPS: 4895.1 | Var: dqn
Step: 421888 | EPS: 0.90 | Rew: -0.65 | FPS: 6485.3 | Var: dqn
Step: 422912 | EPS: 0.90 | Rew: -0.66 | FPS: 6248.0 | Var: dqn
Step: 423936 | EPS: 0.90 | Rew: -0.66 | FPS: 7616.1 | Var: dqn
Step: 424960 | EPS: 0.90 | Rew: -0.65 | FPS: 6318.2 | Var: dqn
Step: 425984 | EPS: 0.90 | Rew: -0.65 | FPS: 6358.3 | Var: dqn
Step: 427008 | EPS: 0.90 | Rew: -0.62 | FPS: 6311.8 | Var: dqn
Step: 428032 | EPS: 0.90 | Rew: -0.63 | FPS: 6113.3 | Var: dqn
Step: 429056 | EPS: 0.89 | Rew: -0.62 | FPS: 7247.5 | Var: dqn
Step: 430080 | EPS: 0.89 | Rew: -0.60 | FPS: 6548.5 | Var: dqn
Step: 431104 | EPS: 0.89 | Rew: -0.63 | FPS: 5960.5 | Var: dqn
Step: 432128 | EPS: 0.89 | Rew: -0.63 | FPS: 5430.3 | Var: dqn
Step: 433152 | EPS: 0.89 | Rew: -0.64 | FPS: 6797.7 | Var: dqn
Step: 434176 | EPS: 0.89 | Rew: -0.66 | FPS: 5488.2 | Var: dqn
Step: 435200 | EPS: 0.89 | Rew: -0.64 | FPS: 7150.3 | Var: dqn
Step: 436224 | EPS: 0.89 | Rew: -0.63 | FPS: 9216.5 | Var: dqn
Step: 437248 | EPS: 0.89 | Rew: -0.64 | FPS: 6661.0 | Var: dqn
Step: 438272 | EPS: 0.89 | Rew: -0.62 | FPS: 6649.8 | Var: dqn
Step: 439296 | EPS: 0.89 | Rew: -0.62 | FPS: 8382.5 | Var: dqn
Step: 440320 | EPS: 0.89 | Rew: -0.58 | FPS: 8068.6 | Var: dqn
Step: 441344 | EPS: 0.89 | Rew: -0.58 | FPS: 6233.7 | Var: dqn
Step: 442368 | EPS: 0.89 | Rew: -0.58 | FPS: 5236.2 | Var: dqn
Step: 443392 | EPS: 0.89 | Rew: -0.61 | FPS: 8132.7 | Var: dqn
Step: 444416 | EPS: 0.89 | Rew: -0.64 | FPS: 6054.8 | Var: dqn
Step: 445440 | EPS: 0.89 | Rew: -0.62 | FPS: 6960.9 | Var: dqn
Step: 446464 | EPS: 0.89 | Rew: -0.61 | FPS: 6854.2 | Var: dqn
Step: 447488 | EPS: 0.89 | Rew: -0.60 | FPS: 7197.6 | Var: dqn
Step: 448512 | EPS: 0.89 | Rew: -0.60 | FPS: 7216.9 | Var: dqn
Step: 449536 | EPS: 0.89 | Rew: -0.61 | FPS: 7544.9 | Var: dqn
Step: 450560 | EPS: 0.89 | Rew: -0.64 | FPS: 8535.9 | Var: dqn
Step: 451584 | EPS: 0.89 | Rew: -0.62 | FPS: 5311.5 | Var: dqn
Step: 452608 | EPS: 0.89 | Rew: -0.63 | FPS: 5230.7 | Var: dqn
Step: 453632 | EPS: 0.89 | Rew: -0.65 | FPS: 8095.3 | Var: dqn
Step: 454656 | EPS: 0.89 | Rew: -0.65 | FPS: 6945.6 | Var: dqn
Step: 455680 | EPS: 0.89 | Rew: -0.68 | FPS: 6751.9 | Var: dqn
Step: 456704 | EPS: 0.89 | Rew: -0.65 | FPS: 8159.4 | Var: dqn
Step: 457728 | EPS: 0.89 | Rew: -0.62 | FPS: 7319.6 | Var: dqn
Step: 458752 | EPS: 0.89 | Rew: -0.63 | FPS: 5917.8 | Var: dqn
Step: 459776 | EPS: 0.89 | Rew: -0.63 | FPS: 7010.9 | Var: dqn
Step: 460800 | EPS: 0.89 | Rew: -0.64 | FPS: 5825.4 | Var: dqn
Step: 461824 | EPS: 0.89 | Rew: -0.65 | FPS: 5007.2 | Var: dqn
Step: 462848 | EPS: 0.89 | Rew: -0.64 | FPS: 7780.1 | Var: dqn
Step: 463872 | EPS: 0.89 | Rew: -0.63 | FPS: 8707.6 | Var: dqn
Step: 464896 | EPS: 0.89 | Rew: -0.63 | FPS: 6798.9 | Var: dqn
Step: 465920 | EPS: 0.89 | Rew: -0.61 | FPS: 8092.0 | Var: dqn
Step: 466944 | EPS: 0.89 | Rew: -0.62 | FPS: 5931.9 | Var: dqn
Step: 467968 | EPS: 0.89 | Rew: -0.61 | FPS: 5867.8 | Var: dqn
Step: 468992 | EPS: 0.89 | Rew: -0.63 | FPS: 6889.3 | Var: dqn
Step: 470016 | EPS: 0.88 | Rew: -0.62 | FPS: 7708.6 | Var: dqn
Step: 471040 | EPS: 0.88 | Rew: -0.64 | FPS: 7344.9 | Var: dqn
Step: 472064 | EPS: 0.88 | Rew: -0.63 | FPS: 8072.5 | Var: dqn
Step: 473088 | EPS: 0.88 | Rew: -0.64 | FPS: 7118.4 | Var: dqn
Step: 474112 | EPS: 0.88 | Rew: -0.64 | FPS: 6336.7 | Var: dqn
Step: 475136 | EPS: 0.88 | Rew: -0.64 | FPS: 5884.7 | Var: dqn
Step: 476160 | EPS: 0.88 | Rew: -0.63 | FPS: 4199.8 | Var: dqn
Step: 477184 | EPS: 0.88 | Rew: -0.66 | FPS: 5796.3 | Var: dqn
Step: 478208 | EPS: 0.88 | Rew: -0.65 | FPS: 6573.7 | Var: dqn
Step: 479232 | EPS: 0.88 | Rew: -0.64 | FPS: 5804.4 | Var: dqn
Step: 480256 | EPS: 0.88 | Rew: -0.60 | FPS: 8074.2 | Var: dqn
Step: 481280 | EPS: 0.88 | Rew: -0.57 | FPS: 6896.4 | Var: dqn
Step: 482304 | EPS: 0.88 | Rew: -0.59 | FPS: 6286.3 | Var: dqn
Step: 483328 | EPS: 0.88 | Rew: -0.61 | FPS: 8008.4 | Var: dqn
Step: 484352 | EPS: 0.88 | Rew: -0.64 | FPS: 8004.1 | Var: dqn
Step: 485376 | EPS: 0.88 | Rew: -0.64 | FPS: 7411.4 | Var: dqn
Step: 486400 | EPS: 0.88 | Rew: -0.61 | FPS: 7261.2 | Var: dqn
Step: 487424 | EPS: 0.88 | Rew: -0.63 | FPS: 7011.8 | Var: dqn
Step: 488448 | EPS: 0.88 | Rew: -0.60 | FPS: 8586.8 | Var: dqn
Step: 489472 | EPS: 0.88 | Rew: -0.60 | FPS: 5955.7 | Var: dqn
Step: 490496 | EPS: 0.88 | Rew: -0.58 | FPS: 6058.9 | Var: dqn
Step: 491520 | EPS: 0.88 | Rew: -0.57 | FPS: 6727.3 | Var: dqn
Step: 492544 | EPS: 0.88 | Rew: -0.60 | FPS: 6143.8 | Var: dqn
Step: 493568 | EPS: 0.88 | Rew: -0.62 | FPS: 5489.6 | Var: dqn
Step: 494592 | EPS: 0.88 | Rew: -0.65 | FPS: 6103.5 | Var: dqn
Step: 495616 | EPS: 0.88 | Rew: -0.66 | FPS: 4680.1 | Var: dqn
Step: 496640 | EPS: 0.88 | Rew: -0.65 | FPS: 5966.4 | Var: dqn
Step: 497664 | EPS: 0.88 | Rew: -0.64 | FPS: 5442.7 | Var: dqn
Step: 498688 | EPS: 0.88 | Rew: -0.62 | FPS: 6887.4 | Var: dqn
Step: 499712 | EPS: 0.88 | Rew: -0.60 | FPS: 8596.7 | Var: dqn
Step: 500736 | EPS: 0.88 | Rew: -0.61 | FPS: 8031.6 | Var: dqn
Step: 501760 | EPS: 0.88 | Rew: -0.60 | FPS: 8285.1 | Var: dqn
Step: 502784 | EPS: 0.88 | Rew: -0.59 | FPS: 6285.6 | Var: dqn
Step: 503808 | EPS: 0.88 | Rew: -0.61 | FPS: 6877.6 | Var: dqn
Step: 504832 | EPS: 0.88 | Rew: -0.61 | FPS: 5834.8 | Var: dqn
Step: 505856 | EPS: 0.88 | Rew: -0.59 | FPS: 6004.0 | Var: dqn
Step: 506880 | EPS: 0.88 | Rew: -0.62 | FPS: 8430.2 | Var: dqn
Step: 507904 | EPS: 0.88 | Rew: -0.64 | FPS: 8327.6 | Var: dqn
Step: 508928 | EPS: 0.88 | Rew: -0.60 | FPS: 7998.1 | Var: dqn
Step: 509952 | EPS: 0.88 | Rew: -0.62 | FPS: 8108.0 | Var: dqn
Step: 510976 | EPS: 0.87 | Rew: -0.60 | FPS: 5944.2 | Var: dqn
Step: 512000 | EPS: 0.87 | Rew: -0.60 | FPS: 5738.2 | Var: dqn
Step: 513024 | EPS: 0.87 | Rew: -0.59 | FPS: 7497.7 | Var: dqn
Step: 514048 | EPS: 0.87 | Rew: -0.60 | FPS: 5290.2 | Var: dqn
Step: 515072 | EPS: 0.87 | Rew: -0.59 | FPS: 7685.4 | Var: dqn
Step: 516096 | EPS: 0.87 | Rew: -0.58 | FPS: 6761.8 | Var: dqn
Step: 517120 | EPS: 0.87 | Rew: -0.57 | FPS: 6094.3 | Var: dqn
Step: 518144 | EPS: 0.87 | Rew: -0.59 | FPS: 6797.5 | Var: dqn
Step: 519168 | EPS: 0.87 | Rew: -0.59 | FPS: 8818.5 | Var: dqn
Step: 520192 | EPS: 0.87 | Rew: -0.60 | FPS: 6715.8 | Var: dqn
Step: 521216 | EPS: 0.87 | Rew: -0.64 | FPS: 8152.4 | Var: dqn
Step: 522240 | EPS: 0.87 | Rew: -0.63 | FPS: 8668.3 | Var: dqn
Step: 523264 | EPS: 0.87 | Rew: -0.62 | FPS: 7706.1 | Var: dqn
Step: 524288 | EPS: 0.87 | Rew: -0.60 | FPS: 8256.7 | Var: dqn
Step: 525312 | EPS: 0.87 | Rew: -0.59 | FPS: 8133.2 | Var: dqn
Step: 526336 | EPS: 0.87 | Rew: -0.59 | FPS: 7211.5 | Var: dqn
Step: 527360 | EPS: 0.87 | Rew: -0.60 | FPS: 10141.6 | Var: dqn
Step: 528384 | EPS: 0.87 | Rew: -0.60 | FPS: 6109.9 | Var: dqn
Step: 529408 | EPS: 0.87 | Rew: -0.60 | FPS: 6532.3 | Var: dqn
Step: 530432 | EPS: 0.87 | Rew: -0.60 | FPS: 6534.9 | Var: dqn
Step: 531456 | EPS: 0.87 | Rew: -0.61 | FPS: 6729.8 | Var: dqn
Step: 532480 | EPS: 0.87 | Rew: -0.64 | FPS: 5492.4 | Var: dqn
Step: 533504 | EPS: 0.87 | Rew: -0.63 | FPS: 6990.5 | Var: dqn
Step: 534528 | EPS: 0.87 | Rew: -0.61 | FPS: 7868.9 | Var: dqn
Step: 535552 | EPS: 0.87 | Rew: -0.61 | FPS: 7465.2 | Var: dqn
Step: 536576 | EPS: 0.87 | Rew: -0.57 | FPS: 5933.4 | Var: dqn
Step: 537600 | EPS: 0.87 | Rew: -0.57 | FPS: 6058.0 | Var: dqn
Step: 538624 | EPS: 0.87 | Rew: -0.57 | FPS: 6332.1 | Var: dqn
Step: 539648 | EPS: 0.87 | Rew: -0.59 | FPS: 5298.0 | Var: dqn
Step: 540672 | EPS: 0.87 | Rew: -0.60 | FPS: 6762.4 | Var: dqn
Step: 541696 | EPS: 0.87 | Rew: -0.59 | FPS: 6459.2 | Var: dqn
Step: 542720 | EPS: 0.87 | Rew: -0.59 | FPS: 5418.3 | Var: dqn
Step: 543744 | EPS: 0.87 | Rew: -0.57 | FPS: 5909.4 | Var: dqn
Step: 544768 | EPS: 0.87 | Rew: -0.59 | FPS: 7045.4 | Var: dqn
Step: 545792 | EPS: 0.87 | Rew: -0.59 | FPS: 6484.8 | Var: dqn
Step: 546816 | EPS: 0.87 | Rew: -0.59 | FPS: 6592.6 | Var: dqn
Step: 547840 | EPS: 0.87 | Rew: -0.60 | FPS: 5369.5 | Var: dqn
Step: 548864 | EPS: 0.87 | Rew: -0.59 | FPS: 5698.5 | Var: dqn
Step: 549888 | EPS: 0.87 | Rew: -0.59 | FPS: 6761.9 | Var: dqn
Step: 550912 | EPS: 0.87 | Rew: -0.59 | FPS: 6040.4 | Var: dqn
Step: 551936 | EPS: 0.86 | Rew: -0.60 | FPS: 6365.8 | Var: dqn
Step: 552960 | EPS: 0.86 | Rew: -0.62 | FPS: 6155.2 | Var: dqn
Step: 553984 | EPS: 0.86 | Rew: -0.61 | FPS: 7320.4 | Var: dqn
Step: 555008 | EPS: 0.86 | Rew: -0.60 | FPS: 4799.1 | Var: dqn
Step: 556032 | EPS: 0.86 | Rew: -0.59 | FPS: 4563.9 | Var: dqn
Step: 557056 | EPS: 0.86 | Rew: -0.57 | FPS: 5418.0 | Var: dqn
Step: 558080 | EPS: 0.86 | Rew: -0.57 | FPS: 7161.6 | Var: dqn
Step: 559104 | EPS: 0.86 | Rew: -0.55 | FPS: 6243.0 | Var: dqn
Step: 560128 | EPS: 0.86 | Rew: -0.57 | FPS: 8558.7 | Var: dqn
Step: 561152 | EPS: 0.86 | Rew: -0.59 | FPS: 6997.4 | Var: dqn
Step: 562176 | EPS: 0.86 | Rew: -0.58 | FPS: 7548.9 | Var: dqn
Step: 563200 | EPS: 0.86 | Rew: -0.60 | FPS: 6923.6 | Var: dqn
Step: 564224 | EPS: 0.86 | Rew: -0.58 | FPS: 6193.4 | Var: dqn
Step: 565248 | EPS: 0.86 | Rew: -0.60 | FPS: 7463.9 | Var: dqn
Step: 566272 | EPS: 0.86 | Rew: -0.60 | FPS: 6674.6 | Var: dqn
Step: 567296 | EPS: 0.86 | Rew: -0.63 | FPS: 6558.1 | Var: dqn
Step: 568320 | EPS: 0.86 | Rew: -0.63 | FPS: 6497.9 | Var: dqn
Step: 569344 | EPS: 0.86 | Rew: -0.61 | FPS: 6282.2 | Var: dqn
Step: 570368 | EPS: 0.86 | Rew: -0.59 | FPS: 5975.4 | Var: dqn
Step: 571392 | EPS: 0.86 | Rew: -0.58 | FPS: 6451.4 | Var: dqn
Step: 572416 | EPS: 0.86 | Rew: -0.59 | FPS: 8324.5 | Var: dqn
Step: 573440 | EPS: 0.86 | Rew: -0.62 | FPS: 4131.2 | Var: dqn
Step: 574464 | EPS: 0.86 | Rew: -0.59 | FPS: 7127.3 | Var: dqn
Step: 575488 | EPS: 0.86 | Rew: -0.58 | FPS: 6570.1 | Var: dqn
Step: 576512 | EPS: 0.86 | Rew: -0.59 | FPS: 7887.3 | Var: dqn
Step: 577536 | EPS: 0.86 | Rew: -0.57 | FPS: 6649.7 | Var: dqn
Step: 578560 | EPS: 0.86 | Rew: -0.56 | FPS: 7725.0 | Var: dqn
Step: 579584 | EPS: 0.86 | Rew: -0.60 | FPS: 6743.6 | Var: dqn
Step: 580608 | EPS: 0.86 | Rew: -0.58 | FPS: 5766.1 | Var: dqn
Step: 581632 | EPS: 0.86 | Rew: -0.58 | FPS: 6299.2 | Var: dqn
Step: 582656 | EPS: 0.86 | Rew: -0.60 | FPS: 6511.8 | Var: dqn
Step: 583680 | EPS: 0.86 | Rew: -0.58 | FPS: 5195.3 | Var: dqn
Step: 584704 | EPS: 0.86 | Rew: -0.59 | FPS: 6181.0 | Var: dqn
Step: 585728 | EPS: 0.86 | Rew: -0.59 | FPS: 5699.6 | Var: dqn
Step: 586752 | EPS: 0.86 | Rew: -0.58 | FPS: 7292.4 | Var: dqn
Step: 587776 | EPS: 0.86 | Rew: -0.58 | FPS: 5759.8 | Var: dqn
Step: 588800 | EPS: 0.86 | Rew: -0.57 | FPS: 8316.8 | Var: dqn
Step: 589824 | EPS: 0.86 | Rew: -0.59 | FPS: 8192.3 | Var: dqn
Step: 590848 | EPS: 0.86 | Rew: -0.60 | FPS: 7214.7 | Var: dqn
Step: 591872 | EPS: 0.85 | Rew: -0.61 | FPS: 7653.1 | Var: dqn
Step: 592896 | EPS: 0.85 | Rew: -0.64 | FPS: 7760.0 | Var: dqn
Step: 593920 | EPS: 0.85 | Rew: -0.65 | FPS: 8031.3 | Var: dqn
Step: 594944 | EPS: 0.85 | Rew: -0.65 | FPS: 5591.1 | Var: dqn
Step: 595968 | EPS: 0.85 | Rew: -0.63 | FPS: 6380.4 | Var: dqn
Step: 596992 | EPS: 0.85 | Rew: -0.63 | FPS: 6672.7 | Var: dqn
Step: 598016 | EPS: 0.85 | Rew: -0.61 | FPS: 6776.1 | Var: dqn
Step: 599040 | EPS: 0.85 | Rew: -0.57 | FPS: 6844.9 | Var: dqn
Step: 600064 | EPS: 0.85 | Rew: -0.58 | FPS: 8606.0 | Var: dqn
Step: 601088 | EPS: 0.85 | Rew: -0.57 | FPS: 7367.1 | Var: dqn
Step: 602112 | EPS: 0.85 | Rew: -0.55 | FPS: 8175.8 | Var: dqn
Step: 603136 | EPS: 0.85 | Rew: -0.59 | FPS: 7680.9 | Var: dqn
Step: 604160 | EPS: 0.85 | Rew: -0.58 | FPS: 6802.0 | Var: dqn
Step: 605184 | EPS: 0.85 | Rew: -0.57 | FPS: 5774.1 | Var: dqn
Step: 606208 | EPS: 0.85 | Rew: -0.59 | FPS: 6168.6 | Var: dqn
Step: 607232 | EPS: 0.85 | Rew: -0.61 | FPS: 7269.7 | Var: dqn
Step: 608256 | EPS: 0.85 | Rew: -0.62 | FPS: 6179.8 | Var: dqn
Step: 609280 | EPS: 0.85 | Rew: -0.62 | FPS: 7231.7 | Var: dqn
Step: 610304 | EPS: 0.85 | Rew: -0.62 | FPS: 5607.5 | Var: dqn
Step: 611328 | EPS: 0.85 | Rew: -0.61 | FPS: 7960.3 | Var: dqn
Step: 612352 | EPS: 0.85 | Rew: -0.60 | FPS: 7127.7 | Var: dqn
Step: 613376 | EPS: 0.85 | Rew: -0.58 | FPS: 8475.5 | Var: dqn
Step: 614400 | EPS: 0.85 | Rew: -0.57 | FPS: 6674.6 | Var: dqn
Step: 615424 | EPS: 0.85 | Rew: -0.58 | FPS: 6240.9 | Var: dqn
Step: 616448 | EPS: 0.85 | Rew: -0.56 | FPS: 6010.2 | Var: dqn
Step: 617472 | EPS: 0.85 | Rew: -0.57 | FPS: 5027.8 | Var: dqn
Step: 618496 | EPS: 0.85 | Rew: -0.61 | FPS: 6184.6 | Var: dqn
Step: 619520 | EPS: 0.85 | Rew: -0.60 | FPS: 6313.3 | Var: dqn
Step: 620544 | EPS: 0.85 | Rew: -0.59 | FPS: 6708.2 | Var: dqn
Step: 621568 | EPS: 0.85 | Rew: -0.59 | FPS: 5512.1 | Var: dqn
Step: 622592 | EPS: 0.85 | Rew: -0.57 | FPS: 9089.9 | Var: dqn
Step: 623616 | EPS: 0.85 | Rew: -0.55 | FPS: 6384.8 | Var: dqn
Step: 624640 | EPS: 0.85 | Rew: -0.53 | FPS: 6834.1 | Var: dqn
Step: 625664 | EPS: 0.85 | Rew: -0.55 | FPS: 8348.0 | Var: dqn
Step: 626688 | EPS: 0.85 | Rew: -0.54 | FPS: 5634.0 | Var: dqn
Step: 627712 | EPS: 0.85 | Rew: -0.53 | FPS: 6866.7 | Var: dqn
Step: 628736 | EPS: 0.85 | Rew: -0.55 | FPS: 7152.1 | Var: dqn
Step: 629760 | EPS: 0.85 | Rew: -0.56 | FPS: 7083.0 | Var: dqn
Step: 630784 | EPS: 0.85 | Rew: -0.60 | FPS: 7365.1 | Var: dqn
Step: 631808 | EPS: 0.85 | Rew: -0.57 | FPS: 6752.4 | Var: dqn
Step: 632832 | EPS: 0.84 | Rew: -0.57 | FPS: 9876.2 | Var: dqn
Step: 633856 | EPS: 0.84 | Rew: -0.54 | FPS: 6619.0 | Var: dqn
Step: 634880 | EPS: 0.84 | Rew: -0.57 | FPS: 7961.0 | Var: dqn
Step: 635904 | EPS: 0.84 | Rew: -0.59 | FPS: 7330.4 | Var: dqn
Step: 636928 | EPS: 0.84 | Rew: -0.60 | FPS: 8639.4 | Var: dqn
Step: 637952 | EPS: 0.84 | Rew: -0.61 | FPS: 6503.5 | Var: dqn
Step: 638976 | EPS: 0.84 | Rew: -0.59 | FPS: 6999.6 | Var: dqn
Step: 640000 | EPS: 0.84 | Rew: -0.58 | FPS: 6975.6 | Var: dqn
Step: 641024 | EPS: 0.84 | Rew: -0.56 | FPS: 8070.8 | Var: dqn
Step: 642048 | EPS: 0.84 | Rew: -0.57 | FPS: 6404.5 | Var: dqn
Step: 643072 | EPS: 0.84 | Rew: -0.58 | FPS: 6188.1 | Var: dqn
Step: 644096 | EPS: 0.84 | Rew: -0.58 | FPS: 6991.9 | Var: dqn
Step: 645120 | EPS: 0.84 | Rew: -0.54 | FPS: 5429.7 | Var: dqn
Step: 646144 | EPS: 0.84 | Rew: -0.54 | FPS: 6975.6 | Var: dqn
Step: 647168 | EPS: 0.84 | Rew: -0.54 | FPS: 6437.3 | Var: dqn
Step: 648192 | EPS: 0.84 | Rew: -0.51 | FPS: 6433.6 | Var: dqn
Step: 649216 | EPS: 0.84 | Rew: -0.55 | FPS: 5846.9 | Var: dqn
Step: 650240 | EPS: 0.84 | Rew: -0.56 | FPS: 6330.1 | Var: dqn
Step: 651264 | EPS: 0.84 | Rew: -0.55 | FPS: 7516.5 | Var: dqn
Step: 652288 | EPS: 0.84 | Rew: -0.59 | FPS: 5352.7 | Var: dqn
Step: 653312 | EPS: 0.84 | Rew: -0.59 | FPS: 6652.2 | Var: dqn
Step: 654336 | EPS: 0.84 | Rew: -0.56 | FPS: 6134.0 | Var: dqn
Step: 655360 | EPS: 0.84 | Rew: -0.55 | FPS: 7241.1 | Var: dqn
Step: 656384 | EPS: 0.84 | Rew: -0.57 | FPS: 6835.0 | Var: dqn
Step: 657408 | EPS: 0.84 | Rew: -0.57 | FPS: 7673.4 | Var: dqn
Step: 658432 | EPS: 0.84 | Rew: -0.59 | FPS: 5179.3 | Var: dqn
Step: 659456 | EPS: 0.84 | Rew: -0.62 | FPS: 8011.8 | Var: dqn
Step: 660480 | EPS: 0.84 | Rew: -0.57 | FPS: 5473.0 | Var: dqn
Step: 661504 | EPS: 0.84 | Rew: -0.57 | FPS: 7503.4 | Var: dqn
Step: 662528 | EPS: 0.84 | Rew: -0.56 | FPS: 8498.7 | Var: dqn
Step: 663552 | EPS: 0.84 | Rew: -0.55 | FPS: 5952.0 | Var: dqn
Step: 664576 | EPS: 0.84 | Rew: -0.56 | FPS: 5399.9 | Var: dqn
Step: 665600 | EPS: 0.84 | Rew: -0.53 | FPS: 6665.4 | Var: dqn
Step: 666624 | EPS: 0.84 | Rew: -0.52 | FPS: 6009.0 | Var: dqn
Step: 667648 | EPS: 0.84 | Rew: -0.53 | FPS: 5583.3 | Var: dqn
Step: 668672 | EPS: 0.84 | Rew: -0.57 | FPS: 6206.7 | Var: dqn
Step: 669696 | EPS: 0.84 | Rew: -0.60 | FPS: 6759.8 | Var: dqn
Step: 670720 | EPS: 0.84 | Rew: -0.59 | FPS: 6306.9 | Var: dqn
Step: 671744 | EPS: 0.84 | Rew: -0.59 | FPS: 6774.8 | Var: dqn
Step: 672768 | EPS: 0.84 | Rew: -0.57 | FPS: 7165.2 | Var: dqn
Step: 673792 | EPS: 0.83 | Rew: -0.58 | FPS: 4894.0 | Var: dqn
Step: 674816 | EPS: 0.83 | Rew: -0.57 | FPS: 6115.1 | Var: dqn
Step: 675840 | EPS: 0.83 | Rew: -0.57 | FPS: 6147.0 | Var: dqn
Step: 676864 | EPS: 0.83 | Rew: -0.58 | FPS: 5038.0 | Var: dqn
Step: 677888 | EPS: 0.83 | Rew: -0.58 | FPS: 8723.5 | Var: dqn
Step: 678912 | EPS: 0.83 | Rew: -0.58 | FPS: 7201.5 | Var: dqn
Step: 679936 | EPS: 0.83 | Rew: -0.56 | FPS: 6726.3 | Var: dqn
Step: 680960 | EPS: 0.83 | Rew: -0.57 | FPS: 6751.8 | Var: dqn
Step: 681984 | EPS: 0.83 | Rew: -0.56 | FPS: 6437.2 | Var: dqn
Step: 683008 | EPS: 0.83 | Rew: -0.55 | FPS: 6187.0 | Var: dqn
Step: 684032 | EPS: 0.83 | Rew: -0.55 | FPS: 8405.6 | Var: dqn
Step: 685056 | EPS: 0.83 | Rew: -0.56 | FPS: 6384.1 | Var: dqn
Step: 686080 | EPS: 0.83 | Rew: -0.52 | FPS: 6119.4 | Var: dqn
Step: 687104 | EPS: 0.83 | Rew: -0.52 | FPS: 4720.8 | Var: dqn
Step: 688128 | EPS: 0.83 | Rew: -0.54 | FPS: 6600.0 | Var: dqn
Step: 689152 | EPS: 0.83 | Rew: -0.56 | FPS: 6609.0 | Var: dqn
Step: 690176 | EPS: 0.83 | Rew: -0.58 | FPS: 7882.1 | Var: dqn
Step: 691200 | EPS: 0.83 | Rew: -0.54 | FPS: 6141.5 | Var: dqn
Step: 692224 | EPS: 0.83 | Rew: -0.52 | FPS: 7327.8 | Var: dqn
Step: 693248 | EPS: 0.83 | Rew: -0.56 | FPS: 6377.0 | Var: dqn
Step: 694272 | EPS: 0.83 | Rew: -0.54 | FPS: 6679.1 | Var: dqn
Step: 695296 | EPS: 0.83 | Rew: -0.53 | FPS: 6786.0 | Var: dqn
Step: 696320 | EPS: 0.83 | Rew: -0.52 | FPS: 6188.5 | Var: dqn
Step: 697344 | EPS: 0.83 | Rew: -0.50 | FPS: 6488.6 | Var: dqn
Step: 698368 | EPS: 0.83 | Rew: -0.56 | FPS: 7200.0 | Var: dqn
Step: 699392 | EPS: 0.83 | Rew: -0.59 | FPS: 6615.0 | Var: dqn
Step: 700416 | EPS: 0.83 | Rew: -0.60 | FPS: 5967.2 | Var: dqn
Step: 701440 | EPS: 0.83 | Rew: -0.59 | FPS: 6390.0 | Var: dqn
Step: 702464 | EPS: 0.83 | Rew: -0.56 | FPS: 5832.9 | Var: dqn
Step: 703488 | EPS: 0.83 | Rew: -0.58 | FPS: 6854.0 | Var: dqn
Step: 704512 | EPS: 0.83 | Rew: -0.58 | FPS: 7007.6 | Var: dqn
Step: 705536 | EPS: 0.83 | Rew: -0.58 | FPS: 7166.2 | Var: dqn
Step: 706560 | EPS: 0.83 | Rew: -0.61 | FPS: 6774.4 | Var: dqn
Step: 707584 | EPS: 0.83 | Rew: -0.58 | FPS: 7241.2 | Var: dqn
Step: 708608 | EPS: 0.83 | Rew: -0.54 | FPS: 7152.8 | Var: dqn
Step: 709632 | EPS: 0.83 | Rew: -0.51 | FPS: 6126.6 | Var: dqn
Step: 710656 | EPS: 0.83 | Rew: -0.50 | FPS: 7816.3 | Var: dqn
Step: 711680 | EPS: 0.83 | Rew: -0.46 | FPS: 5954.4 | Var: dqn
Step: 712704 | EPS: 0.83 | Rew: -0.48 | FPS: 6097.3 | Var: dqn
Step: 713728 | EPS: 0.83 | Rew: -0.47 | FPS: 5916.1 | Var: dqn
Step: 714752 | EPS: 0.82 | Rew: -0.49 | FPS: 4191.6 | Var: dqn
Step: 715776 | EPS: 0.82 | Rew: -0.54 | FPS: 7610.3 | Var: dqn
Step: 716800 | EPS: 0.82 | Rew: -0.54 | FPS: 7162.5 | Var: dqn
Step: 717824 | EPS: 0.82 | Rew: -0.55 | FPS: 6036.5 | Var: dqn
Step: 718848 | EPS: 0.82 | Rew: -0.57 | FPS: 7703.6 | Var: dqn
Step: 719872 | EPS: 0.82 | Rew: -0.51 | FPS: 6407.1 | Var: dqn
Step: 720896 | EPS: 0.82 | Rew: -0.51 | FPS: 6050.2 | Var: dqn
Step: 721920 | EPS: 0.82 | Rew: -0.51 | FPS: 8059.4 | Var: dqn
Step: 722944 | EPS: 0.82 | Rew: -0.49 | FPS: 7439.2 | Var: dqn
Step: 723968 | EPS: 0.82 | Rew: -0.52 | FPS: 8289.7 | Var: dqn
Step: 724992 | EPS: 0.82 | Rew: -0.52 | FPS: 6867.5 | Var: dqn
Step: 726016 | EPS: 0.82 | Rew: -0.54 | FPS: 6379.8 | Var: dqn
Step: 727040 | EPS: 0.82 | Rew: -0.56 | FPS: 8415.9 | Var: dqn
Step: 728064 | EPS: 0.82 | Rew: -0.53 | FPS: 6705.1 | Var: dqn
Step: 729088 | EPS: 0.82 | Rew: -0.53 | FPS: 7722.2 | Var: dqn
Step: 730112 | EPS: 0.82 | Rew: -0.52 | FPS: 8007.7 | Var: dqn
Step: 731136 | EPS: 0.82 | Rew: -0.57 | FPS: 8114.9 | Var: dqn
Step: 732160 | EPS: 0.82 | Rew: -0.57 | FPS: 6211.3 | Var: dqn
Step: 733184 | EPS: 0.82 | Rew: -0.55 | FPS: 5984.8 | Var: dqn
Step: 734208 | EPS: 0.82 | Rew: -0.52 | FPS: 6515.3 | Var: dqn
Step: 735232 | EPS: 0.82 | Rew: -0.50 | FPS: 6528.8 | Var: dqn
Step: 736256 | EPS: 0.82 | Rew: -0.50 | FPS: 6768.9 | Var: dqn
Step: 737280 | EPS: 0.82 | Rew: -0.53 | FPS: 6623.2 | Var: dqn
Step: 738304 | EPS: 0.82 | Rew: -0.54 | FPS: 7081.4 | Var: dqn
Step: 739328 | EPS: 0.82 | Rew: -0.53 | FPS: 6070.8 | Var: dqn
Step: 740352 | EPS: 0.82 | Rew: -0.54 | FPS: 7087.8 | Var: dqn
Step: 741376 | EPS: 0.82 | Rew: -0.54 | FPS: 5789.7 | Var: dqn
Step: 742400 | EPS: 0.82 | Rew: -0.56 | FPS: 6767.5 | Var: dqn
Step: 743424 | EPS: 0.82 | Rew: -0.55 | FPS: 7396.7 | Var: dqn
Step: 744448 | EPS: 0.82 | Rew: -0.55 | FPS: 6224.9 | Var: dqn
Step: 745472 | EPS: 0.82 | Rew: -0.56 | FPS: 6180.6 | Var: dqn
Step: 746496 | EPS: 0.82 | Rew: -0.54 | FPS: 6043.5 | Var: dqn
Step: 747520 | EPS: 0.82 | Rew: -0.54 | FPS: 6696.8 | Var: dqn
Step: 748544 | EPS: 0.82 | Rew: -0.53 | FPS: 6706.8 | Var: dqn
Step: 749568 | EPS: 0.82 | Rew: -0.54 | FPS: 6591.0 | Var: dqn
Step: 750592 | EPS: 0.82 | Rew: -0.53 | FPS: 6789.9 | Var: dqn
Step: 751616 | EPS: 0.82 | Rew: -0.51 | FPS: 4395.9 | Var: dqn
Step: 752640 | EPS: 0.82 | Rew: -0.52 | FPS: 8630.9 | Var: dqn
Step: 753664 | EPS: 0.82 | Rew: -0.53 | FPS: 8163.7 | Var: dqn
Step: 754688 | EPS: 0.82 | Rew: -0.55 | FPS: 7105.7 | Var: dqn
Step: 755712 | EPS: 0.81 | Rew: -0.55 | FPS: 5703.5 | Var: dqn
Step: 756736 | EPS: 0.81 | Rew: -0.59 | FPS: 6764.8 | Var: dqn
Step: 757760 | EPS: 0.81 | Rew: -0.55 | FPS: 6451.0 | Var: dqn
Step: 758784 | EPS: 0.81 | Rew: -0.53 | FPS: 7659.6 | Var: dqn
Step: 759808 | EPS: 0.81 | Rew: -0.52 | FPS: 6283.5 | Var: dqn
Step: 760832 | EPS: 0.81 | Rew: -0.52 | FPS: 7072.0 | Var: dqn
Step: 761856 | EPS: 0.81 | Rew: -0.50 | FPS: 5758.5 | Var: dqn
Step: 762880 | EPS: 0.81 | Rew: -0.49 | FPS: 6924.6 | Var: dqn
Step: 763904 | EPS: 0.81 | Rew: -0.48 | FPS: 8174.9 | Var: dqn
Step: 764928 | EPS: 0.81 | Rew: -0.48 | FPS: 7381.5 | Var: dqn
Step: 765952 | EPS: 0.81 | Rew: -0.46 | FPS: 8004.1 | Var: dqn
Step: 766976 | EPS: 0.81 | Rew: -0.49 | FPS: 6719.7 | Var: dqn
Step: 768000 | EPS: 0.81 | Rew: -0.48 | FPS: 7222.7 | Var: dqn
Step: 769024 | EPS: 0.81 | Rew: -0.52 | FPS: 6645.6 | Var: dqn
Step: 770048 | EPS: 0.81 | Rew: -0.48 | FPS: 7499.7 | Var: dqn
Step: 771072 | EPS: 0.81 | Rew: -0.50 | FPS: 6752.8 | Var: dqn
Step: 772096 | EPS: 0.81 | Rew: -0.46 | FPS: 8446.5 | Var: dqn
Step: 773120 | EPS: 0.81 | Rew: -0.44 | FPS: 6269.9 | Var: dqn
Step: 774144 | EPS: 0.81 | Rew: -0.44 | FPS: 5973.1 | Var: dqn
Step: 775168 | EPS: 0.81 | Rew: -0.44 | FPS: 8450.9 | Var: dqn
Step: 776192 | EPS: 0.81 | Rew: -0.47 | FPS: 5715.2 | Var: dqn
Step: 777216 | EPS: 0.81 | Rew: -0.51 | FPS: 5949.4 | Var: dqn
Step: 778240 | EPS: 0.81 | Rew: -0.52 | FPS: 5877.6 | Var: dqn
Step: 779264 | EPS: 0.81 | Rew: -0.48 | FPS: 6220.7 | Var: dqn
Step: 780288 | EPS: 0.81 | Rew: -0.52 | FPS: 5998.0 | Var: dqn
Step: 781312 | EPS: 0.81 | Rew: -0.54 | FPS: 9077.3 | Var: dqn
Step: 782336 | EPS: 0.81 | Rew: -0.52 | FPS: 6457.7 | Var: dqn
Step: 783360 | EPS: 0.81 | Rew: -0.54 | FPS: 5799.2 | Var: dqn
Step: 784384 | EPS: 0.81 | Rew: -0.53 | FPS: 7220.7 | Var: dqn
Step: 785408 | EPS: 0.81 | Rew: -0.49 | FPS: 6643.9 | Var: dqn
Step: 786432 | EPS: 0.81 | Rew: -0.50 | FPS: 6099.9 | Var: dqn
Step: 787456 | EPS: 0.81 | Rew: -0.50 | FPS: 6764.9 | Var: dqn
Step: 788480 | EPS: 0.81 | Rew: -0.53 | FPS: 8548.1 | Var: dqn
Step: 789504 | EPS: 0.81 | Rew: -0.56 | FPS: 9750.6 | Var: dqn
Step: 790528 | EPS: 0.81 | Rew: -0.55 | FPS: 6970.2 | Var: dqn
Step: 791552 | EPS: 0.81 | Rew: -0.53 | FPS: 8841.6 | Var: dqn
Step: 792576 | EPS: 0.81 | Rew: -0.50 | FPS: 8302.4 | Var: dqn
Step: 793600 | EPS: 0.81 | Rew: -0.51 | FPS: 6359.2 | Var: dqn
Step: 794624 | EPS: 0.81 | Rew: -0.54 | FPS: 6809.1 | Var: dqn
Step: 795648 | EPS: 0.81 | Rew: -0.54 | FPS: 5437.1 | Var: dqn
Step: 796672 | EPS: 0.80 | Rew: -0.53 | FPS: 7396.1 | Var: dqn
Step: 797696 | EPS: 0.80 | Rew: -0.50 | FPS: 8707.7 | Var: dqn
Step: 798720 | EPS: 0.80 | Rew: -0.47 | FPS: 5820.8 | Var: dqn
Step: 799744 | EPS: 0.80 | Rew: -0.47 | FPS: 5942.7 | Var: dqn
Step: 800768 | EPS: 0.80 | Rew: -0.48 | FPS: 7207.5 | Var: dqn
Step: 801792 | EPS: 0.80 | Rew: -0.50 | FPS: 7719.9 | Var: dqn
Step: 802816 | EPS: 0.80 | Rew: -0.50 | FPS: 6530.9 | Var: dqn
Step: 803840 | EPS: 0.80 | Rew: -0.52 | FPS: 9233.6 | Var: dqn
Step: 804864 | EPS: 0.80 | Rew: -0.50 | FPS: 7834.1 | Var: dqn
Step: 805888 | EPS: 0.80 | Rew: -0.48 | FPS: 5929.3 | Var: dqn
Step: 806912 | EPS: 0.80 | Rew: -0.51 | FPS: 8921.7 | Var: dqn
Step: 807936 | EPS: 0.80 | Rew: -0.51 | FPS: 7517.8 | Var: dqn
Step: 808960 | EPS: 0.80 | Rew: -0.51 | FPS: 6899.3 | Var: dqn
Step: 809984 | EPS: 0.80 | Rew: -0.51 | FPS: 5957.6 | Var: dqn
Step: 811008 | EPS: 0.80 | Rew: -0.52 | FPS: 5521.3 | Var: dqn
Step: 812032 | EPS: 0.80 | Rew: -0.51 | FPS: 7062.0 | Var: dqn
Step: 813056 | EPS: 0.80 | Rew: -0.52 | FPS: 7347.8 | Var: dqn
Step: 814080 | EPS: 0.80 | Rew: -0.48 | FPS: 7219.8 | Var: dqn
Step: 815104 | EPS: 0.80 | Rew: -0.45 | FPS: 6979.6 | Var: dqn
Step: 816128 | EPS: 0.80 | Rew: -0.40 | FPS: 7582.7 | Var: dqn
Step: 817152 | EPS: 0.80 | Rew: -0.45 | FPS: 6892.3 | Var: dqn
Step: 818176 | EPS: 0.80 | Rew: -0.52 | FPS: 7092.6 | Var: dqn
Step: 819200 | EPS: 0.80 | Rew: -0.53 | FPS: 6594.3 | Var: dqn
Step: 820224 | EPS: 0.80 | Rew: -0.56 | FPS: 8182.5 | Var: dqn
Step: 821248 | EPS: 0.80 | Rew: -0.51 | FPS: 7805.0 | Var: dqn
Step: 822272 | EPS: 0.80 | Rew: -0.49 | FPS: 5813.9 | Var: dqn
Step: 823296 | EPS: 0.80 | Rew: -0.49 | FPS: 6670.1 | Var: dqn
Step: 824320 | EPS: 0.80 | Rew: -0.48 | FPS: 7215.0 | Var: dqn
Step: 825344 | EPS: 0.80 | Rew: -0.47 | FPS: 5877.8 | Var: dqn
Step: 826368 | EPS: 0.80 | Rew: -0.47 | FPS: 5156.0 | Var: dqn
Step: 827392 | EPS: 0.80 | Rew: -0.47 | FPS: 5774.0 | Var: dqn
Step: 828416 | EPS: 0.80 | Rew: -0.50 | FPS: 5116.2 | Var: dqn
Step: 829440 | EPS: 0.80 | Rew: -0.51 | FPS: 5015.7 | Var: dqn
Step: 830464 | EPS: 0.80 | Rew: -0.52 | FPS: 7361.1 | Var: dqn
Step: 831488 | EPS: 0.80 | Rew: -0.50 | FPS: 6279.2 | Var: dqn
Step: 832512 | EPS: 0.80 | Rew: -0.50 | FPS: 7619.2 | Var: dqn
Step: 833536 | EPS: 0.80 | Rew: -0.49 | FPS: 8497.8 | Var: dqn
Step: 834560 | EPS: 0.80 | Rew: -0.50 | FPS: 7051.7 | Var: dqn
Step: 835584 | EPS: 0.80 | Rew: -0.49 | FPS: 6886.2 | Var: dqn
Step: 836608 | EPS: 0.80 | Rew: -0.49 | FPS: 8045.8 | Var: dqn
Step: 837632 | EPS: 0.79 | Rew: -0.51 | FPS: 5143.8 | Var: dqn
Step: 838656 | EPS: 0.79 | Rew: -0.52 | FPS: 6079.4 | Var: dqn
Step: 839680 | EPS: 0.79 | Rew: -0.56 | FPS: 5382.9 | Var: dqn
Step: 840704 | EPS: 0.79 | Rew: -0.54 | FPS: 6006.0 | Var: dqn
Step: 841728 | EPS: 0.79 | Rew: -0.53 | FPS: 6359.3 | Var: dqn
Step: 842752 | EPS: 0.79 | Rew: -0.54 | FPS: 5793.6 | Var: dqn
Step: 843776 | EPS: 0.79 | Rew: -0.52 | FPS: 4459.4 | Var: dqn
Step: 844800 | EPS: 0.79 | Rew: -0.52 | FPS: 6190.1 | Var: dqn
Step: 845824 | EPS: 0.79 | Rew: -0.51 | FPS: 6511.8 | Var: dqn
Step: 846848 | EPS: 0.79 | Rew: -0.53 | FPS: 6383.3 | Var: dqn
Step: 847872 | EPS: 0.79 | Rew: -0.48 | FPS: 6630.9 | Var: dqn
Step: 848896 | EPS: 0.79 | Rew: -0.48 | FPS: 6783.2 | Var: dqn
Step: 849920 | EPS: 0.79 | Rew: -0.47 | FPS: 7717.9 | Var: dqn
Step: 850944 | EPS: 0.79 | Rew: -0.45 | FPS: 6669.5 | Var: dqn
Step: 851968 | EPS: 0.79 | Rew: -0.46 | FPS: 5513.1 | Var: dqn
Step: 852992 | EPS: 0.79 | Rew: -0.50 | FPS: 6057.3 | Var: dqn
Step: 854016 | EPS: 0.79 | Rew: -0.46 | FPS: 6661.4 | Var: dqn
Step: 855040 | EPS: 0.79 | Rew: -0.47 | FPS: 5953.2 | Var: dqn
Step: 856064 | EPS: 0.79 | Rew: -0.44 | FPS: 6405.5 | Var: dqn
Step: 857088 | EPS: 0.79 | Rew: -0.44 | FPS: 5996.8 | Var: dqn
Step: 858112 | EPS: 0.79 | Rew: -0.43 | FPS: 7823.2 | Var: dqn
Step: 859136 | EPS: 0.79 | Rew: -0.44 | FPS: 7247.9 | Var: dqn
Step: 860160 | EPS: 0.79 | Rew: -0.46 | FPS: 6718.2 | Var: dqn
Step: 861184 | EPS: 0.79 | Rew: -0.47 | FPS: 6667.1 | Var: dqn
Step: 862208 | EPS: 0.79 | Rew: -0.48 | FPS: 7659.2 | Var: dqn
Step: 863232 | EPS: 0.79 | Rew: -0.51 | FPS: 6102.7 | Var: dqn
Step: 864256 | EPS: 0.79 | Rew: -0.49 | FPS: 7010.8 | Var: dqn
Step: 865280 | EPS: 0.79 | Rew: -0.49 | FPS: 7132.2 | Var: dqn
Step: 866304 | EPS: 0.79 | Rew: -0.48 | FPS: 6627.3 | Var: dqn
Step: 867328 | EPS: 0.79 | Rew: -0.47 | FPS: 5712.9 | Var: dqn
Step: 868352 | EPS: 0.79 | Rew: -0.46 | FPS: 7308.0 | Var: dqn
Step: 869376 | EPS: 0.79 | Rew: -0.47 | FPS: 6917.0 | Var: dqn
Step: 870400 | EPS: 0.79 | Rew: -0.47 | FPS: 7132.6 | Var: dqn
Step: 871424 | EPS: 0.79 | Rew: -0.48 | FPS: 4326.7 | Var: dqn
Step: 872448 | EPS: 0.79 | Rew: -0.49 | FPS: 8340.2 | Var: dqn
Step: 873472 | EPS: 0.79 | Rew: -0.50 | FPS: 6777.0 | Var: dqn
Step: 874496 | EPS: 0.79 | Rew: -0.53 | FPS: 8685.9 | Var: dqn
Step: 875520 | EPS: 0.79 | Rew: -0.53 | FPS: 6320.0 | Var: dqn
Step: 876544 | EPS: 0.79 | Rew: -0.55 | FPS: 6259.6 | Var: dqn
Step: 877568 | EPS: 0.78 | Rew: -0.58 | FPS: 8660.1 | Var: dqn
Step: 878592 | EPS: 0.78 | Rew: -0.55 | FPS: 7239.4 | Var: dqn
Step: 879616 | EPS: 0.78 | Rew: -0.51 | FPS: 8593.8 | Var: dqn
Step: 880640 | EPS: 0.78 | Rew: -0.46 | FPS: 6915.7 | Var: dqn
Step: 881664 | EPS: 0.78 | Rew: -0.44 | FPS: 6071.5 | Var: dqn
Step: 882688 | EPS: 0.78 | Rew: -0.43 | FPS: 7393.6 | Var: dqn
Step: 883712 | EPS: 0.78 | Rew: -0.44 | FPS: 6801.9 | Var: dqn
Step: 884736 | EPS: 0.78 | Rew: -0.46 | FPS: 6733.1 | Var: dqn
Step: 885760 | EPS: 0.78 | Rew: -0.40 | FPS: 6556.6 | Var: dqn
Step: 886784 | EPS: 0.78 | Rew: -0.43 | FPS: 8876.3 | Var: dqn
Step: 887808 | EPS: 0.78 | Rew: -0.48 | FPS: 7971.1 | Var: dqn
Step: 888832 | EPS: 0.78 | Rew: -0.46 | FPS: 7403.8 | Var: dqn
Step: 889856 | EPS: 0.78 | Rew: -0.48 | FPS: 8563.2 | Var: dqn
Step: 890880 | EPS: 0.78 | Rew: -0.48 | FPS: 7793.9 | Var: dqn
Step: 891904 | EPS: 0.78 | Rew: -0.46 | FPS: 6569.5 | Var: dqn
Step: 892928 | EPS: 0.78 | Rew: -0.47 | FPS: 6726.6 | Var: dqn
Step: 893952 | EPS: 0.78 | Rew: -0.46 | FPS: 5809.8 | Var: dqn
Step: 894976 | EPS: 0.78 | Rew: -0.46 | FPS: 8306.9 | Var: dqn
Step: 896000 | EPS: 0.78 | Rew: -0.48 | FPS: 8368.3 | Var: dqn
Step: 897024 | EPS: 0.78 | Rew: -0.49 | FPS: 5774.3 | Var: dqn
Step: 898048 | EPS: 0.78 | Rew: -0.50 | FPS: 8552.4 | Var: dqn
Step: 899072 | EPS: 0.78 | Rew: -0.48 | FPS: 7741.3 | Var: dqn
Step: 900096 | EPS: 0.78 | Rew: -0.46 | FPS: 8584.3 | Var: dqn
Step: 901120 | EPS: 0.78 | Rew: -0.46 | FPS: 7022.2 | Var: dqn
Step: 902144 | EPS: 0.78 | Rew: -0.47 | FPS: 8579.0 | Var: dqn
Step: 903168 | EPS: 0.78 | Rew: -0.47 | FPS: 8581.3 | Var: dqn
Step: 904192 | EPS: 0.78 | Rew: -0.49 | FPS: 8264.9 | Var: dqn
Step: 905216 | EPS: 0.78 | Rew: -0.49 | FPS: 7928.9 | Var: dqn
Step: 906240 | EPS: 0.78 | Rew: -0.47 | FPS: 6983.7 | Var: dqn
Step: 907264 | EPS: 0.78 | Rew: -0.43 | FPS: 6022.1 | Var: dqn
Step: 908288 | EPS: 0.78 | Rew: -0.35 | FPS: 5636.4 | Var: dqn
Step: 909312 | EPS: 0.78 | Rew: -0.38 | FPS: 8047.8 | Var: dqn
Step: 910336 | EPS: 0.78 | Rew: -0.39 | FPS: 6280.0 | Var: dqn
Step: 911360 | EPS: 0.78 | Rew: -0.43 | FPS: 6526.7 | Var: dqn
Step: 912384 | EPS: 0.78 | Rew: -0.44 | FPS: 5631.6 | Var: dqn
Step: 913408 | EPS: 0.78 | Rew: -0.47 | FPS: 8278.7 | Var: dqn
Step: 914432 | EPS: 0.78 | Rew: -0.48 | FPS: 6884.1 | Var: dqn
Step: 915456 | EPS: 0.78 | Rew: -0.49 | FPS: 8838.9 | Var: dqn
Step: 916480 | EPS: 0.78 | Rew: -0.51 | FPS: 4889.2 | Var: dqn
Step: 917504 | EPS: 0.78 | Rew: -0.54 | FPS: 6401.4 | Var: dqn
Step: 918528 | EPS: 0.77 | Rew: -0.48 | FPS: 6628.7 | Var: dqn
Step: 919552 | EPS: 0.77 | Rew: -0.50 | FPS: 5507.3 | Var: dqn
Step: 920576 | EPS: 0.77 | Rew: -0.47 | FPS: 6772.9 | Var: dqn
Step: 921600 | EPS: 0.77 | Rew: -0.48 | FPS: 7071.7 | Var: dqn
Step: 922624 | EPS: 0.77 | Rew: -0.49 | FPS: 7370.3 | Var: dqn
Step: 923648 | EPS: 0.77 | Rew: -0.48 | FPS: 7900.3 | Var: dqn
Step: 924672 | EPS: 0.77 | Rew: -0.47 | FPS: 6855.6 | Var: dqn
Step: 925696 | EPS: 0.77 | Rew: -0.48 | FPS: 5865.1 | Var: dqn
Step: 926720 | EPS: 0.77 | Rew: -0.46 | FPS: 6503.2 | Var: dqn
Step: 927744 | EPS: 0.77 | Rew: -0.47 | FPS: 7510.1 | Var: dqn
Step: 928768 | EPS: 0.77 | Rew: -0.48 | FPS: 6895.1 | Var: dqn
Step: 929792 | EPS: 0.77 | Rew: -0.50 | FPS: 5640.5 | Var: dqn
Step: 930816 | EPS: 0.77 | Rew: -0.49 | FPS: 6715.4 | Var: dqn
Step: 931840 | EPS: 0.77 | Rew: -0.51 | FPS: 6377.6 | Var: dqn
Step: 932864 | EPS: 0.77 | Rew: -0.53 | FPS: 6584.6 | Var: dqn
Step: 933888 | EPS: 0.77 | Rew: -0.52 | FPS: 8532.2 | Var: dqn
Step: 934912 | EPS: 0.77 | Rew: -0.45 | FPS: 7348.2 | Var: dqn
Step: 935936 | EPS: 0.77 | Rew: -0.45 | FPS: 9715.8 | Var: dqn
Step: 936960 | EPS: 0.77 | Rew: -0.44 | FPS: 7959.2 | Var: dqn
Step: 937984 | EPS: 0.77 | Rew: -0.42 | FPS: 9296.1 | Var: dqn
Step: 939008 | EPS: 0.77 | Rew: -0.43 | FPS: 7998.8 | Var: dqn
Step: 940032 | EPS: 0.77 | Rew: -0.41 | FPS: 6339.6 | Var: dqn
Step: 941056 | EPS: 0.77 | Rew: -0.42 | FPS: 8549.4 | Var: dqn
Step: 942080 | EPS: 0.77 | Rew: -0.46 | FPS: 6397.3 | Var: dqn
Step: 943104 | EPS: 0.77 | Rew: -0.47 | FPS: 5138.9 | Var: dqn
Step: 944128 | EPS: 0.77 | Rew: -0.46 | FPS: 6732.8 | Var: dqn
Step: 945152 | EPS: 0.77 | Rew: -0.48 | FPS: 4156.0 | Var: dqn
Step: 946176 | EPS: 0.77 | Rew: -0.45 | FPS: 6219.6 | Var: dqn
Step: 947200 | EPS: 0.77 | Rew: -0.39 | FPS: 5639.6 | Var: dqn
Step: 948224 | EPS: 0.77 | Rew: -0.40 | FPS: 7107.0 | Var: dqn
Step: 949248 | EPS: 0.77 | Rew: -0.37 | FPS: 6368.4 | Var: dqn
Step: 950272 | EPS: 0.77 | Rew: -0.35 | FPS: 8866.3 | Var: dqn
Step: 951296 | EPS: 0.77 | Rew: -0.38 | FPS: 6377.0 | Var: dqn
Step: 952320 | EPS: 0.77 | Rew: -0.39 | FPS: 6332.3 | Var: dqn
Step: 953344 | EPS: 0.77 | Rew: -0.39 | FPS: 6965.0 | Var: dqn
Step: 954368 | EPS: 0.77 | Rew: -0.44 | FPS: 7130.0 | Var: dqn
Step: 955392 | EPS: 0.77 | Rew: -0.45 | FPS: 6336.7 | Var: dqn
Step: 956416 | EPS: 0.77 | Rew: -0.46 | FPS: 6976.0 | Var: dqn
Step: 957440 | EPS: 0.77 | Rew: -0.45 | FPS: 6600.6 | Var: dqn
Step: 958464 | EPS: 0.77 | Rew: -0.44 | FPS: 6235.7 | Var: dqn
Step: 959488 | EPS: 0.76 | Rew: -0.40 | FPS: 6501.6 | Var: dqn
Step: 960512 | EPS: 0.76 | Rew: -0.39 | FPS: 5858.0 | Var: dqn
Step: 961536 | EPS: 0.76 | Rew: -0.39 | FPS: 6261.8 | Var: dqn
Step: 962560 | EPS: 0.76 | Rew: -0.37 | FPS: 6660.9 | Var: dqn
Step: 963584 | EPS: 0.76 | Rew: -0.35 | FPS: 8201.4 | Var: dqn
Step: 964608 | EPS: 0.76 | Rew: -0.34 | FPS: 6805.1 | Var: dqn
Step: 965632 | EPS: 0.76 | Rew: -0.37 | FPS: 6087.9 | Var: dqn
Step: 966656 | EPS: 0.76 | Rew: -0.39 | FPS: 7785.6 | Var: dqn
Step: 967680 | EPS: 0.76 | Rew: -0.43 | FPS: 5546.0 | Var: dqn
Step: 968704 | EPS: 0.76 | Rew: -0.45 | FPS: 5815.7 | Var: dqn
Step: 969728 | EPS: 0.76 | Rew: -0.48 | FPS: 6325.0 | Var: dqn
Step: 970752 | EPS: 0.76 | Rew: -0.47 | FPS: 7810.3 | Var: dqn
Step: 971776 | EPS: 0.76 | Rew: -0.47 | FPS: 6564.0 | Var: dqn
Step: 972800 | EPS: 0.76 | Rew: -0.48 | FPS: 7943.8 | Var: dqn
Step: 973824 | EPS: 0.76 | Rew: -0.43 | FPS: 8326.6 | Var: dqn
Step: 974848 | EPS: 0.76 | Rew: -0.38 | FPS: 6337.1 | Var: dqn
Step: 975872 | EPS: 0.76 | Rew: -0.40 | FPS: 8158.3 | Var: dqn
Step: 976896 | EPS: 0.76 | Rew: -0.38 | FPS: 8539.0 | Var: dqn
Step: 977920 | EPS: 0.76 | Rew: -0.37 | FPS: 7234.4 | Var: dqn
Step: 978944 | EPS: 0.76 | Rew: -0.39 | FPS: 5553.5 | Var: dqn
Step: 979968 | EPS: 0.76 | Rew: -0.41 | FPS: 6783.6 | Var: dqn
Step: 980992 | EPS: 0.76 | Rew: -0.40 | FPS: 6891.0 | Var: dqn
Step: 982016 | EPS: 0.76 | Rew: -0.43 | FPS: 6319.4 | Var: dqn
Step: 983040 | EPS: 0.76 | Rew: -0.44 | FPS: 8227.6 | Var: dqn
Step: 984064 | EPS: 0.76 | Rew: -0.43 | FPS: 7361.8 | Var: dqn
Step: 985088 | EPS: 0.76 | Rew: -0.42 | FPS: 8727.4 | Var: dqn
Step: 986112 | EPS: 0.76 | Rew: -0.42 | FPS: 7130.3 | Var: dqn
Step: 987136 | EPS: 0.76 | Rew: -0.44 | FPS: 9049.3 | Var: dqn
Step: 988160 | EPS: 0.76 | Rew: -0.43 | FPS: 7633.1 | Var: dqn
Step: 989184 | EPS: 0.76 | Rew: -0.47 | FPS: 8516.0 | Var: dqn
Step: 990208 | EPS: 0.76 | Rew: -0.41 | FPS: 8354.6 | Var: dqn
Step: 991232 | EPS: 0.76 | Rew: -0.36 | FPS: 6682.1 | Var: dqn
Step: 992256 | EPS: 0.76 | Rew: -0.32 | FPS: 7541.7 | Var: dqn
Step: 993280 | EPS: 0.76 | Rew: -0.34 | FPS: 6896.9 | Var: dqn
Step: 994304 | EPS: 0.76 | Rew: -0.37 | FPS: 6016.8 | Var: dqn
Step: 995328 | EPS: 0.76 | Rew: -0.39 | FPS: 5583.5 | Var: dqn
Step: 996352 | EPS: 0.76 | Rew: -0.43 | FPS: 7329.5 | Var: dqn
Step: 997376 | EPS: 0.76 | Rew: -0.40 | FPS: 6591.8 | Var: dqn
Step: 998400 | EPS: 0.76 | Rew: -0.38 | FPS: 6177.4 | Var: dqn
Step: 999424 | EPS: 0.76 | Rew: -0.37 | FPS: 6762.3 | Var: dqn
Step: 1000448 | EPS: 0.75 | Rew: -0.36 | FPS: 4646.2 | Var: dqn
Step: 1001472 | EPS: 0.75 | Rew: -0.37 | FPS: 6032.7 | Var: dqn
Step: 1002496 | EPS: 0.75 | Rew: -0.35 | FPS: 7561.3 | Var: dqn
Step: 1003520 | EPS: 0.75 | Rew: -0.35 | FPS: 7432.9 | Var: dqn
Step: 1004544 | EPS: 0.75 | Rew: -0.38 | FPS: 6369.5 | Var: dqn
Step: 1005568 | EPS: 0.75 | Rew: -0.39 | FPS: 7405.4 | Var: dqn
Step: 1006592 | EPS: 0.75 | Rew: -0.39 | FPS: 7169.5 | Var: dqn
Step: 1007616 | EPS: 0.75 | Rew: -0.43 | FPS: 6956.9 | Var: dqn
Step: 1008640 | EPS: 0.75 | Rew: -0.44 | FPS: 8807.4 | Var: dqn
Step: 1009664 | EPS: 0.75 | Rew: -0.44 | FPS: 6958.4 | Var: dqn
Step: 1010688 | EPS: 0.75 | Rew: -0.43 | FPS: 8888.4 | Var: dqn
Step: 1011712 | EPS: 0.75 | Rew: -0.42 | FPS: 6834.8 | Var: dqn
Step: 1012736 | EPS: 0.75 | Rew: -0.42 | FPS: 6485.2 | Var: dqn
Step: 1013760 | EPS: 0.75 | Rew: -0.42 | FPS: 6859.2 | Var: dqn
Step: 1014784 | EPS: 0.75 | Rew: -0.44 | FPS: 6284.7 | Var: dqn
Step: 1015808 | EPS: 0.75 | Rew: -0.48 | FPS: 6550.6 | Var: dqn
Step: 1016832 | EPS: 0.75 | Rew: -0.48 | FPS: 8335.9 | Var: dqn
Step: 1017856 | EPS: 0.75 | Rew: -0.46 | FPS: 7574.5 | Var: dqn
Step: 1018880 | EPS: 0.75 | Rew: -0.43 | FPS: 6734.4 | Var: dqn
Step: 1019904 | EPS: 0.75 | Rew: -0.38 | FPS: 5448.1 | Var: dqn
Step: 1020928 | EPS: 0.75 | Rew: -0.36 | FPS: 7322.4 | Var: dqn
Step: 1021952 | EPS: 0.75 | Rew: -0.35 | FPS: 5473.7 | Var: dqn
Step: 1022976 | EPS: 0.75 | Rew: -0.35 | FPS: 6112.8 | Var: dqn
Step: 1024000 | EPS: 0.75 | Rew: -0.41 | FPS: 8025.5 | Var: dqn
Step: 1025024 | EPS: 0.75 | Rew: -0.40 | FPS: 8905.7 | Var: dqn
Step: 1026048 | EPS: 0.75 | Rew: -0.38 | FPS: 6030.5 | Var: dqn
Step: 1027072 | EPS: 0.75 | Rew: -0.39 | FPS: 6419.3 | Var: dqn
Step: 1028096 | EPS: 0.75 | Rew: -0.35 | FPS: 6571.6 | Var: dqn
Step: 1029120 | EPS: 0.75 | Rew: -0.38 | FPS: 7451.3 | Var: dqn
Step: 1030144 | EPS: 0.75 | Rew: -0.41 | FPS: 7260.9 | Var: dqn
Step: 1031168 | EPS: 0.75 | Rew: -0.41 | FPS: 6301.6 | Var: dqn
Step: 1032192 | EPS: 0.75 | Rew: -0.43 | FPS: 6934.7 | Var: dqn
Step: 1033216 | EPS: 0.75 | Rew: -0.39 | FPS: 8051.6 | Var: dqn
Step: 1034240 | EPS: 0.75 | Rew: -0.37 | FPS: 7119.3 | Var: dqn
Step: 1035264 | EPS: 0.75 | Rew: -0.40 | FPS: 8113.6 | Var: dqn
Step: 1036288 | EPS: 0.75 | Rew: -0.38 | FPS: 8109.0 | Var: dqn
Step: 1037312 | EPS: 0.75 | Rew: -0.43 | FPS: 8266.8 | Var: dqn
Step: 1038336 | EPS: 0.75 | Rew: -0.44 | FPS: 6684.0 | Var: dqn
Step: 1039360 | EPS: 0.75 | Rew: -0.48 | FPS: 6749.6 | Var: dqn
Step: 1040384 | EPS: 0.75 | Rew: -0.47 | FPS: 8697.5 | Var: dqn
Step: 1041408 | EPS: 0.74 | Rew: -0.47 | FPS: 7190.6 | Var: dqn
Step: 1042432 | EPS: 0.74 | Rew: -0.45 | FPS: 6953.3 | Var: dqn
Step: 1043456 | EPS: 0.74 | Rew: -0.43 | FPS: 5667.9 | Var: dqn
Step: 1044480 | EPS: 0.74 | Rew: -0.38 | FPS: 6188.2 | Var: dqn
Step: 1045504 | EPS: 0.74 | Rew: -0.40 | FPS: 6872.6 | Var: dqn
Step: 1046528 | EPS: 0.74 | Rew: -0.37 | FPS: 5675.3 | Var: dqn
Step: 1047552 | EPS: 0.74 | Rew: -0.39 | FPS: 6434.9 | Var: dqn
Step: 1048576 | EPS: 0.74 | Rew: -0.40 | FPS: 8333.8 | Var: dqn
Step: 1049600 | EPS: 0.74 | Rew: -0.39 | FPS: 6236.3 | Var: dqn
Step: 1050624 | EPS: 0.74 | Rew: -0.41 | FPS: 5581.9 | Var: dqn
Step: 1051648 | EPS: 0.74 | Rew: -0.42 | FPS: 6800.0 | Var: dqn
Step: 1052672 | EPS: 0.74 | Rew: -0.39 | FPS: 7548.0 | Var: dqn
Step: 1053696 | EPS: 0.74 | Rew: -0.33 | FPS: 8718.7 | Var: dqn
Step: 1054720 | EPS: 0.74 | Rew: -0.27 | FPS: 7236.0 | Var: dqn
Step: 1055744 | EPS: 0.74 | Rew: -0.26 | FPS: 8598.5 | Var: dqn
Step: 1056768 | EPS: 0.74 | Rew: -0.23 | FPS: 7259.0 | Var: dqn
Step: 1057792 | EPS: 0.74 | Rew: -0.24 | FPS: 6828.5 | Var: dqn
Step: 1058816 | EPS: 0.74 | Rew: -0.37 | FPS: 5528.5 | Var: dqn
Step: 1059840 | EPS: 0.74 | Rew: -0.42 | FPS: 7083.8 | Var: dqn
Step: 1060864 | EPS: 0.74 | Rew: -0.41 | FPS: 6584.2 | Var: dqn
Step: 1061888 | EPS: 0.74 | Rew: -0.41 | FPS: 7057.2 | Var: dqn
Step: 1062912 | EPS: 0.74 | Rew: -0.33 | FPS: 7526.0 | Var: dqn
Step: 1063936 | EPS: 0.74 | Rew: -0.31 | FPS: 8300.5 | Var: dqn
Step: 1064960 | EPS: 0.74 | Rew: -0.37 | FPS: 7540.1 | Var: dqn
Step: 1065984 | EPS: 0.74 | Rew: -0.40 | FPS: 5694.4 | Var: dqn
Step: 1067008 | EPS: 0.74 | Rew: -0.35 | FPS: 5745.5 | Var: dqn
Step: 1068032 | EPS: 0.74 | Rew: -0.41 | FPS: 6098.4 | Var: dqn
Step: 1069056 | EPS: 0.74 | Rew: -0.39 | FPS: 7632.3 | Var: dqn
Step: 1070080 | EPS: 0.74 | Rew: -0.36 | FPS: 6891.3 | Var: dqn
Step: 1071104 | EPS: 0.74 | Rew: -0.34 | FPS: 7012.3 | Var: dqn
Step: 1072128 | EPS: 0.74 | Rew: -0.38 | FPS: 6867.4 | Var: dqn
Step: 1073152 | EPS: 0.74 | Rew: -0.34 | FPS: 6794.4 | Var: dqn
Step: 1074176 | EPS: 0.74 | Rew: -0.37 | FPS: 6861.3 | Var: dqn
Step: 1075200 | EPS: 0.74 | Rew: -0.38 | FPS: 6144.6 | Var: dqn
Step: 1076224 | EPS: 0.74 | Rew: -0.36 | FPS: 5316.2 | Var: dqn
Step: 1077248 | EPS: 0.74 | Rew: -0.37 | FPS: 8307.9 | Var: dqn
Step: 1078272 | EPS: 0.74 | Rew: -0.39 | FPS: 8867.0 | Var: dqn
Step: 1079296 | EPS: 0.74 | Rew: -0.39 | FPS: 8675.2 | Var: dqn
Step: 1080320 | EPS: 0.74 | Rew: -0.39 | FPS: 6290.0 | Var: dqn
Step: 1081344 | EPS: 0.74 | Rew: -0.36 | FPS: 5974.1 | Var: dqn
Step: 1082368 | EPS: 0.73 | Rew: -0.33 | FPS: 8022.1 | Var: dqn
Step: 1083392 | EPS: 0.73 | Rew: -0.32 | FPS: 6933.5 | Var: dqn
Step: 1084416 | EPS: 0.73 | Rew: -0.33 | FPS: 7077.8 | Var: dqn
Step: 1085440 | EPS: 0.73 | Rew: -0.37 | FPS: 7892.4 | Var: dqn
Step: 1086464 | EPS: 0.73 | Rew: -0.39 | FPS: 6779.2 | Var: dqn
Step: 1087488 | EPS: 0.73 | Rew: -0.35 | FPS: 7079.7 | Var: dqn
Step: 1088512 | EPS: 0.73 | Rew: -0.35 | FPS: 7626.6 | Var: dqn
Step: 1089536 | EPS: 0.73 | Rew: -0.33 | FPS: 6837.5 | Var: dqn
Step: 1090560 | EPS: 0.73 | Rew: -0.33 | FPS: 6377.5 | Var: dqn
Step: 1091584 | EPS: 0.73 | Rew: -0.38 | FPS: 6288.7 | Var: dqn
Step: 1092608 | EPS: 0.73 | Rew: -0.36 | FPS: 8685.1 | Var: dqn
Step: 1093632 | EPS: 0.73 | Rew: -0.36 | FPS: 8658.2 | Var: dqn
Step: 1094656 | EPS: 0.73 | Rew: -0.29 | FPS: 6533.1 | Var: dqn
Step: 1095680 | EPS: 0.73 | Rew: -0.28 | FPS: 9851.7 | Var: dqn
Step: 1096704 | EPS: 0.73 | Rew: -0.31 | FPS: 7784.2 | Var: dqn
Step: 1097728 | EPS: 0.73 | Rew: -0.31 | FPS: 7421.6 | Var: dqn
Step: 1098752 | EPS: 0.73 | Rew: -0.35 | FPS: 9161.7 | Var: dqn
Step: 1099776 | EPS: 0.73 | Rew: -0.40 | FPS: 9292.3 | Var: dqn
Step: 1100800 | EPS: 0.73 | Rew: -0.41 | FPS: 6012.8 | Var: dqn
Step: 1101824 | EPS: 0.73 | Rew: -0.40 | FPS: 7229.1 | Var: dqn
Step: 1102848 | EPS: 0.73 | Rew: -0.37 | FPS: 6389.3 | Var: dqn
Step: 1103872 | EPS: 0.73 | Rew: -0.38 | FPS: 5922.3 | Var: dqn
Step: 1104896 | EPS: 0.73 | Rew: -0.37 | FPS: 6363.0 | Var: dqn
Step: 1105920 | EPS: 0.73 | Rew: -0.38 | FPS: 5947.6 | Var: dqn
Step: 1106944 | EPS: 0.73 | Rew: -0.42 | FPS: 8487.9 | Var: dqn
Step: 1107968 | EPS: 0.73 | Rew: -0.40 | FPS: 8715.6 | Var: dqn
Step: 1108992 | EPS: 0.73 | Rew: -0.39 | FPS: 6946.1 | Var: dqn
Step: 1110016 | EPS: 0.73 | Rew: -0.38 | FPS: 6233.6 | Var: dqn
Step: 1111040 | EPS: 0.73 | Rew: -0.30 | FPS: 5627.7 | Var: dqn
Step: 1112064 | EPS: 0.73 | Rew: -0.26 | FPS: 7208.7 | Var: dqn
Step: 1113088 | EPS: 0.73 | Rew: -0.28 | FPS: 6166.2 | Var: dqn
Step: 1114112 | EPS: 0.73 | Rew: -0.33 | FPS: 5930.2 | Var: dqn
Step: 1115136 | EPS: 0.73 | Rew: -0.38 | FPS: 6307.3 | Var: dqn
Step: 1116160 | EPS: 0.73 | Rew: -0.44 | FPS: 6013.4 | Var: dqn
Step: 1117184 | EPS: 0.73 | Rew: -0.44 | FPS: 5701.3 | Var: dqn
Step: 1118208 | EPS: 0.73 | Rew: -0.43 | FPS: 7225.4 | Var: dqn
Step: 1119232 | EPS: 0.73 | Rew: -0.39 | FPS: 7375.8 | Var: dqn
Step: 1120256 | EPS: 0.73 | Rew: -0.37 | FPS: 7337.9 | Var: dqn
Step: 1121280 | EPS: 0.73 | Rew: -0.33 | FPS: 5112.8 | Var: dqn
Step: 1122304 | EPS: 0.73 | Rew: -0.32 | FPS: 7119.1 | Var: dqn
Step: 1123328 | EPS: 0.72 | Rew: -0.27 | FPS: 5679.3 | Var: dqn
Step: 1124352 | EPS: 0.72 | Rew: -0.29 | FPS: 5927.6 | Var: dqn
Step: 1125376 | EPS: 0.72 | Rew: -0.32 | FPS: 6036.5 | Var: dqn
Step: 1126400 | EPS: 0.72 | Rew: -0.29 | FPS: 7122.4 | Var: dqn
Step: 1127424 | EPS: 0.72 | Rew: -0.30 | FPS: 8543.3 | Var: dqn
Step: 1128448 | EPS: 0.72 | Rew: -0.33 | FPS: 8812.2 | Var: dqn
Step: 1129472 | EPS: 0.72 | Rew: -0.30 | FPS: 6573.8 | Var: dqn
Step: 1130496 | EPS: 0.72 | Rew: -0.33 | FPS: 6665.4 | Var: dqn
Step: 1131520 | EPS: 0.72 | Rew: -0.34 | FPS: 7645.3 | Var: dqn
Step: 1132544 | EPS: 0.72 | Rew: -0.31 | FPS: 6661.0 | Var: dqn
Step: 1133568 | EPS: 0.72 | Rew: -0.33 | FPS: 7496.6 | Var: dqn
Step: 1134592 | EPS: 0.72 | Rew: -0.36 | FPS: 8173.2 | Var: dqn
Step: 1135616 | EPS: 0.72 | Rew: -0.34 | FPS: 6764.3 | Var: dqn
Step: 1136640 | EPS: 0.72 | Rew: -0.38 | FPS: 6239.8 | Var: dqn
Step: 1137664 | EPS: 0.72 | Rew: -0.34 | FPS: 6848.4 | Var: dqn
Step: 1138688 | EPS: 0.72 | Rew: -0.32 | FPS: 7523.9 | Var: dqn
Step: 1139712 | EPS: 0.72 | Rew: -0.32 | FPS: 6768.6 | Var: dqn
Step: 1140736 | EPS: 0.72 | Rew: -0.31 | FPS: 7707.6 | Var: dqn
Step: 1141760 | EPS: 0.72 | Rew: -0.33 | FPS: 7360.9 | Var: dqn
Step: 1142784 | EPS: 0.72 | Rew: -0.33 | FPS: 7469.6 | Var: dqn
Step: 1143808 | EPS: 0.72 | Rew: -0.38 | FPS: 8270.2 | Var: dqn
Step: 1144832 | EPS: 0.72 | Rew: -0.34 | FPS: 9275.0 | Var: dqn
Step: 1145856 | EPS: 0.72 | Rew: -0.35 | FPS: 6838.9 | Var: dqn
Step: 1146880 | EPS: 0.72 | Rew: -0.38 | FPS: 7007.9 | Var: dqn
Step: 1147904 | EPS: 0.72 | Rew: -0.36 | FPS: 9537.3 | Var: dqn
Step: 1148928 | EPS: 0.72 | Rew: -0.39 | FPS: 7507.3 | Var: dqn
Step: 1149952 | EPS: 0.72 | Rew: -0.38 | FPS: 8864.3 | Var: dqn
Step: 1150976 | EPS: 0.72 | Rew: -0.34 | FPS: 5965.7 | Var: dqn
Step: 1152000 | EPS: 0.72 | Rew: -0.41 | FPS: 7183.5 | Var: dqn
Step: 1153024 | EPS: 0.72 | Rew: -0.40 | FPS: 8250.2 | Var: dqn
Step: 1154048 | EPS: 0.72 | Rew: -0.39 | FPS: 6939.6 | Var: dqn
Step: 1155072 | EPS: 0.72 | Rew: -0.40 | FPS: 9784.8 | Var: dqn
Step: 1156096 | EPS: 0.72 | Rew: -0.37 | FPS: 8851.5 | Var: dqn
Step: 1157120 | EPS: 0.72 | Rew: -0.33 | FPS: 8961.3 | Var: dqn
Step: 1158144 | EPS: 0.72 | Rew: -0.40 | FPS: 6585.4 | Var: dqn
Step: 1159168 | EPS: 0.72 | Rew: -0.37 | FPS: 7212.3 | Var: dqn
Step: 1160192 | EPS: 0.72 | Rew: -0.40 | FPS: 7047.7 | Var: dqn
Step: 1161216 | EPS: 0.72 | Rew: -0.42 | FPS: 5664.1 | Var: dqn
Step: 1162240 | EPS: 0.72 | Rew: -0.41 | FPS: 7766.7 | Var: dqn
Step: 1163264 | EPS: 0.72 | Rew: -0.39 | FPS: 6519.7 | Var: dqn
Step: 1164288 | EPS: 0.71 | Rew: -0.36 | FPS: 7475.2 | Var: dqn
Step: 1165312 | EPS: 0.71 | Rew: -0.37 | FPS: 7048.0 | Var: dqn
Step: 1166336 | EPS: 0.71 | Rew: -0.28 | FPS: 9376.9 | Var: dqn
Step: 1167360 | EPS: 0.71 | Rew: -0.30 | FPS: 6721.4 | Var: dqn
Step: 1168384 | EPS: 0.71 | Rew: -0.32 | FPS: 5641.6 | Var: dqn
Step: 1169408 | EPS: 0.71 | Rew: -0.34 | FPS: 5525.3 | Var: dqn
Step: 1170432 | EPS: 0.71 | Rew: -0.38 | FPS: 7220.2 | Var: dqn
Step: 1171456 | EPS: 0.71 | Rew: -0.39 | FPS: 6591.9 | Var: dqn
Step: 1172480 | EPS: 0.71 | Rew: -0.35 | FPS: 7328.5 | Var: dqn
Step: 1173504 | EPS: 0.71 | Rew: -0.33 | FPS: 6461.0 | Var: dqn
Step: 1174528 | EPS: 0.71 | Rew: -0.36 | FPS: 6186.8 | Var: dqn
Step: 1175552 | EPS: 0.71 | Rew: -0.31 | FPS: 7334.5 | Var: dqn
Step: 1176576 | EPS: 0.71 | Rew: -0.27 | FPS: 6826.7 | Var: dqn
Step: 1177600 | EPS: 0.71 | Rew: -0.28 | FPS: 7331.0 | Var: dqn
Step: 1178624 | EPS: 0.71 | Rew: -0.26 | FPS: 7674.0 | Var: dqn
Step: 1179648 | EPS: 0.71 | Rew: -0.24 | FPS: 6550.8 | Var: dqn
Step: 1180672 | EPS: 0.71 | Rew: -0.29 | FPS: 6661.9 | Var: dqn
Step: 1181696 | EPS: 0.71 | Rew: -0.32 | FPS: 8232.4 | Var: dqn
Step: 1182720 | EPS: 0.71 | Rew: -0.32 | FPS: 5743.8 | Var: dqn
Step: 1183744 | EPS: 0.71 | Rew: -0.37 | FPS: 8144.9 | Var: dqn
Step: 1184768 | EPS: 0.71 | Rew: -0.33 | FPS: 6767.7 | Var: dqn
Step: 1185792 | EPS: 0.71 | Rew: -0.36 | FPS: 5158.8 | Var: dqn
Step: 1186816 | EPS: 0.71 | Rew: -0.37 | FPS: 5518.7 | Var: dqn
Step: 1187840 | EPS: 0.71 | Rew: -0.35 | FPS: 6606.9 | Var: dqn
Step: 1188864 | EPS: 0.71 | Rew: -0.35 | FPS: 8870.0 | Var: dqn
Step: 1189888 | EPS: 0.71 | Rew: -0.32 | FPS: 6918.3 | Var: dqn
Step: 1190912 | EPS: 0.71 | Rew: -0.27 | FPS: 5471.1 | Var: dqn
Step: 1191936 | EPS: 0.71 | Rew: -0.26 | FPS: 7103.4 | Var: dqn
Step: 1192960 | EPS: 0.71 | Rew: -0.33 | FPS: 6393.3 | Var: dqn
Step: 1193984 | EPS: 0.71 | Rew: -0.34 | FPS: 4339.4 | Var: dqn
Step: 1195008 | EPS: 0.71 | Rew: -0.36 | FPS: 7956.5 | Var: dqn
Step: 1196032 | EPS: 0.71 | Rew: -0.35 | FPS: 5866.6 | Var: dqn
Step: 1197056 | EPS: 0.71 | Rew: -0.31 | FPS: 7878.9 | Var: dqn
Step: 1198080 | EPS: 0.71 | Rew: -0.31 | FPS: 5305.2 | Var: dqn
Step: 1199104 | EPS: 0.71 | Rew: -0.30 | FPS: 7176.5 | Var: dqn
Step: 1200128 | EPS: 0.71 | Rew: -0.28 | FPS: 7037.8 | Var: dqn
Step: 1201152 | EPS: 0.71 | Rew: -0.29 | FPS: 6423.0 | Var: dqn
Step: 1202176 | EPS: 0.71 | Rew: -0.29 | FPS: 8225.9 | Var: dqn
Step: 1203200 | EPS: 0.71 | Rew: -0.29 | FPS: 6406.3 | Var: dqn
Step: 1204224 | EPS: 0.70 | Rew: -0.32 | FPS: 5500.7 | Var: dqn
Step: 1205248 | EPS: 0.70 | Rew: -0.31 | FPS: 7611.6 | Var: dqn
Step: 1206272 | EPS: 0.70 | Rew: -0.29 | FPS: 7685.3 | Var: dqn
Step: 1207296 | EPS: 0.70 | Rew: -0.26 | FPS: 7803.7 | Var: dqn
Step: 1208320 | EPS: 0.70 | Rew: -0.24 | FPS: 4761.9 | Var: dqn
Step: 1209344 | EPS: 0.70 | Rew: -0.26 | FPS: 6219.1 | Var: dqn
Step: 1210368 | EPS: 0.70 | Rew: -0.21 | FPS: 5931.4 | Var: dqn
Step: 1211392 | EPS: 0.70 | Rew: -0.25 | FPS: 6021.4 | Var: dqn
Step: 1212416 | EPS: 0.70 | Rew: -0.26 | FPS: 5419.0 | Var: dqn
Step: 1213440 | EPS: 0.70 | Rew: -0.25 | FPS: 6046.9 | Var: dqn
Step: 1214464 | EPS: 0.70 | Rew: -0.29 | FPS: 6043.0 | Var: dqn
Step: 1215488 | EPS: 0.70 | Rew: -0.31 | FPS: 7061.2 | Var: dqn
Step: 1216512 | EPS: 0.70 | Rew: -0.29 | FPS: 8157.2 | Var: dqn
Step: 1217536 | EPS: 0.70 | Rew: -0.29 | FPS: 6625.0 | Var: dqn
Step: 1218560 | EPS: 0.70 | Rew: -0.31 | FPS: 8371.2 | Var: dqn
Step: 1219584 | EPS: 0.70 | Rew: -0.30 | FPS: 7510.0 | Var: dqn
Step: 1220608 | EPS: 0.70 | Rew: -0.30 | FPS: 6037.4 | Var: dqn
Step: 1221632 | EPS: 0.70 | Rew: -0.30 | FPS: 8252.1 | Var: dqn
Step: 1222656 | EPS: 0.70 | Rew: -0.22 | FPS: 5852.3 | Var: dqn
Step: 1223680 | EPS: 0.70 | Rew: -0.18 | FPS: 6247.6 | Var: dqn
>>> [Best] Saved -> agent/checkpoints/dqn_pretrain.pth | Rew -0.18
Step: 1224704 | EPS: 0.70 | Rew: -0.19 | FPS: 7364.8 | Var: dqn
Step: 1225728 | EPS: 0.70 | Rew: -0.22 | FPS: 5539.5 | Var: dqn
Step: 1226752 | EPS: 0.70 | Rew: -0.18 | FPS: 6760.7 | Var: dqn
Step: 1227776 | EPS: 0.70 | Rew: -0.24 | FPS: 6272.6 | Var: dqn
Step: 1228800 | EPS: 0.70 | Rew: -0.27 | FPS: 5473.2 | Var: dqn
Step: 1229824 | EPS: 0.70 | Rew: -0.25 | FPS: 6016.7 | Var: dqn
Step: 1230848 | EPS: 0.70 | Rew: -0.28 | FPS: 5541.1 | Var: dqn
Step: 1231872 | EPS: 0.70 | Rew: -0.30 | FPS: 6941.0 | Var: dqn
Step: 1232896 | EPS: 0.70 | Rew: -0.29 | FPS: 6235.4 | Var: dqn
Step: 1233920 | EPS: 0.70 | Rew: -0.30 | FPS: 7124.9 | Var: dqn
Step: 1234944 | EPS: 0.70 | Rew: -0.28 | FPS: 7353.4 | Var: dqn
Step: 1235968 | EPS: 0.70 | Rew: -0.25 | FPS: 6990.5 | Var: dqn
Step: 1236992 | EPS: 0.70 | Rew: -0.25 | FPS: 7420.4 | Var: dqn
Step: 1238016 | EPS: 0.70 | Rew: -0.24 | FPS: 7769.5 | Var: dqn
Step: 1239040 | EPS: 0.70 | Rew: -0.28 | FPS: 8129.5 | Var: dqn
Step: 1240064 | EPS: 0.70 | Rew: -0.32 | FPS: 5406.4 | Var: dqn
Step: 1241088 | EPS: 0.70 | Rew: -0.33 | FPS: 6101.4 | Var: dqn
Step: 1242112 | EPS: 0.70 | Rew: -0.37 | FPS: 5590.7 | Var: dqn
Step: 1243136 | EPS: 0.70 | Rew: -0.40 | FPS: 6742.6 | Var: dqn
Step: 1244160 | EPS: 0.70 | Rew: -0.36 | FPS: 5477.1 | Var: dqn
Step: 1245184 | EPS: 0.69 | Rew: -0.37 | FPS: 8389.4 | Var: dqn
Step: 1246208 | EPS: 0.69 | Rew: -0.35 | FPS: 7200.9 | Var: dqn
Step: 1247232 | EPS: 0.69 | Rew: -0.36 | FPS: 6514.4 | Var: dqn
Step: 1248256 | EPS: 0.69 | Rew: -0.41 | FPS: 7619.1 | Var: dqn
Step: 1249280 | EPS: 0.69 | Rew: -0.35 | FPS: 7121.4 | Var: dqn
Step: 1250304 | EPS: 0.69 | Rew: -0.35 | FPS: 6712.6 | Var: dqn
Step: 1251328 | EPS: 0.69 | Rew: -0.35 | FPS: 6946.8 | Var: dqn
Step: 1252352 | EPS: 0.69 | Rew: -0.25 | FPS: 7189.0 | Var: dqn
Step: 1253376 | EPS: 0.69 | Rew: -0.30 | FPS: 8364.3 | Var: dqn
Step: 1254400 | EPS: 0.69 | Rew: -0.27 | FPS: 7183.0 | Var: dqn
Step: 1255424 | EPS: 0.69 | Rew: -0.24 | FPS: 6364.3 | Var: dqn
Step: 1256448 | EPS: 0.69 | Rew: -0.23 | FPS: 6836.2 | Var: dqn
Step: 1257472 | EPS: 0.69 | Rew: -0.17 | FPS: 6672.5 | Var: dqn
Step: 1258496 | EPS: 0.69 | Rew: -0.18 | FPS: 7563.6 | Var: dqn
Step: 1259520 | EPS: 0.69 | Rew: -0.21 | FPS: 7132.5 | Var: dqn
Step: 1260544 | EPS: 0.69 | Rew: -0.20 | FPS: 6668.6 | Var: dqn
Step: 1261568 | EPS: 0.69 | Rew: -0.21 | FPS: 7133.0 | Var: dqn
Step: 1262592 | EPS: 0.69 | Rew: -0.17 | FPS: 7928.9 | Var: dqn
Step: 1263616 | EPS: 0.69 | Rew: -0.15 | FPS: 7148.6 | Var: dqn
Step: 1264640 | EPS: 0.69 | Rew: -0.18 | FPS: 8411.4 | Var: dqn
Step: 1265664 | EPS: 0.69 | Rew: -0.18 | FPS: 5449.5 | Var: dqn
Step: 1266688 | EPS: 0.69 | Rew: -0.14 | FPS: 8532.1 | Var: dqn
Step: 1267712 | EPS: 0.69 | Rew: -0.22 | FPS: 6976.6 | Var: dqn
Step: 1268736 | EPS: 0.69 | Rew: -0.21 | FPS: 6768.3 | Var: dqn
Step: 1269760 | EPS: 0.69 | Rew: -0.17 | FPS: 7608.8 | Var: dqn
Step: 1270784 | EPS: 0.69 | Rew: -0.17 | FPS: 6905.9 | Var: dqn
Step: 1271808 | EPS: 0.69 | Rew: -0.23 | FPS: 6442.8 | Var: dqn
Step: 1272832 | EPS: 0.69 | Rew: -0.23 | FPS: 6371.8 | Var: dqn
Step: 1273856 | EPS: 0.69 | Rew: -0.25 | FPS: 7124.1 | Var: dqn
Step: 1274880 | EPS: 0.69 | Rew: -0.28 | FPS: 7895.2 | Var: dqn
Step: 1275904 | EPS: 0.69 | Rew: -0.28 | FPS: 5740.4 | Var: dqn
Step: 1276928 | EPS: 0.69 | Rew: -0.30 | FPS: 8001.5 | Var: dqn
Step: 1277952 | EPS: 0.69 | Rew: -0.31 | FPS: 4906.2 | Var: dqn
Step: 1278976 | EPS: 0.69 | Rew: -0.30 | FPS: 7191.3 | Var: dqn
Step: 1280000 | EPS: 0.69 | Rew: -0.26 | FPS: 7256.0 | Var: dqn
Step: 1281024 | EPS: 0.69 | Rew: -0.23 | FPS: 7064.7 | Var: dqn
Step: 1282048 | EPS: 0.69 | Rew: -0.25 | FPS: 5919.7 | Var: dqn
Step: 1283072 | EPS: 0.69 | Rew: -0.27 | FPS: 6031.6 | Var: dqn
Step: 1284096 | EPS: 0.69 | Rew: -0.30 | FPS: 5704.3 | Var: dqn
Step: 1285120 | EPS: 0.69 | Rew: -0.32 | FPS: 6436.3 | Var: dqn
Step: 1286144 | EPS: 0.68 | Rew: -0.32 | FPS: 5289.1 | Var: dqn
Step: 1287168 | EPS: 0.68 | Rew: -0.28 | FPS: 6759.7 | Var: dqn
Step: 1288192 | EPS: 0.68 | Rew: -0.32 | FPS: 8994.2 | Var: dqn
Step: 1289216 | EPS: 0.68 | Rew: -0.27 | FPS: 8343.8 | Var: dqn
Step: 1290240 | EPS: 0.68 | Rew: -0.26 | FPS: 7159.0 | Var: dqn
Step: 1291264 | EPS: 0.68 | Rew: -0.24 | FPS: 7092.7 | Var: dqn
Step: 1292288 | EPS: 0.68 | Rew: -0.26 | FPS: 6208.7 | Var: dqn
Step: 1293312 | EPS: 0.68 | Rew: -0.24 | FPS: 8668.2 | Var: dqn
Step: 1294336 | EPS: 0.68 | Rew: -0.24 | FPS: 8029.8 | Var: dqn
Step: 1295360 | EPS: 0.68 | Rew: -0.27 | FPS: 7503.8 | Var: dqn
Step: 1296384 | EPS: 0.68 | Rew: -0.26 | FPS: 8070.2 | Var: dqn
Step: 1297408 | EPS: 0.68 | Rew: -0.26 | FPS: 6603.1 | Var: dqn
Step: 1298432 | EPS: 0.68 | Rew: -0.21 | FPS: 6665.8 | Var: dqn
Step: 1299456 | EPS: 0.68 | Rew: -0.19 | FPS: 7461.3 | Var: dqn
Step: 1300480 | EPS: 0.68 | Rew: -0.16 | FPS: 6568.9 | Var: dqn
Step: 1301504 | EPS: 0.68 | Rew: -0.17 | FPS: 6927.0 | Var: dqn
Step: 1302528 | EPS: 0.68 | Rew: -0.21 | FPS: 8571.7 | Var: dqn
Step: 1303552 | EPS: 0.68 | Rew: -0.22 | FPS: 7882.3 | Var: dqn
Step: 1304576 | EPS: 0.68 | Rew: -0.23 | FPS: 6688.9 | Var: dqn
Step: 1305600 | EPS: 0.68 | Rew: -0.27 | FPS: 9321.4 | Var: dqn
Step: 1306624 | EPS: 0.68 | Rew: -0.26 | FPS: 5857.8 | Var: dqn
Step: 1307648 | EPS: 0.68 | Rew: -0.22 | FPS: 6862.4 | Var: dqn
Step: 1308672 | EPS: 0.68 | Rew: -0.24 | FPS: 7100.4 | Var: dqn
Step: 1309696 | EPS: 0.68 | Rew: -0.24 | FPS: 6601.6 | Var: dqn
Step: 1310720 | EPS: 0.68 | Rew: -0.21 | FPS: 7494.5 | Var: dqn
Step: 1311744 | EPS: 0.68 | Rew: -0.22 | FPS: 8447.3 | Var: dqn
Step: 1312768 | EPS: 0.68 | Rew: -0.18 | FPS: 5907.2 | Var: dqn
Step: 1313792 | EPS: 0.68 | Rew: -0.15 | FPS: 7084.0 | Var: dqn
Step: 1314816 | EPS: 0.68 | Rew: -0.14 | FPS: 6889.9 | Var: dqn
Step: 1315840 | EPS: 0.68 | Rew: -0.12 | FPS: 8107.3 | Var: dqn
Step: 1316864 | EPS: 0.68 | Rew: -0.15 | FPS: 6258.5 | Var: dqn
Step: 1317888 | EPS: 0.68 | Rew: -0.15 | FPS: 6212.7 | Var: dqn
Step: 1318912 | EPS: 0.68 | Rew: -0.20 | FPS: 6011.2 | Var: dqn
Step: 1319936 | EPS: 0.68 | Rew: -0.20 | FPS: 6613.8 | Var: dqn
Step: 1320960 | EPS: 0.68 | Rew: -0.17 | FPS: 5754.2 | Var: dqn
Step: 1321984 | EPS: 0.68 | Rew: -0.17 | FPS: 7523.4 | Var: dqn
Step: 1323008 | EPS: 0.68 | Rew: -0.19 | FPS: 6418.9 | Var: dqn
Step: 1324032 | EPS: 0.68 | Rew: -0.16 | FPS: 6707.9 | Var: dqn
Step: 1325056 | EPS: 0.68 | Rew: -0.23 | FPS: 8109.2 | Var: dqn
Step: 1326080 | EPS: 0.68 | Rew: -0.20 | FPS: 6550.0 | Var: dqn
Step: 1327104 | EPS: 0.67 | Rew: -0.24 | FPS: 7060.5 | Var: dqn
Step: 1328128 | EPS: 0.67 | Rew: -0.29 | FPS: 7512.0 | Var: dqn
Step: 1329152 | EPS: 0.67 | Rew: -0.25 | FPS: 7163.4 | Var: dqn
Step: 1330176 | EPS: 0.67 | Rew: -0.26 | FPS: 5904.1 | Var: dqn
Step: 1331200 | EPS: 0.67 | Rew: -0.27 | FPS: 7454.6 | Var: dqn
Step: 1332224 | EPS: 0.67 | Rew: -0.26 | FPS: 7008.8 | Var: dqn
Step: 1333248 | EPS: 0.67 | Rew: -0.26 | FPS: 7060.0 | Var: dqn
Step: 1334272 | EPS: 0.67 | Rew: -0.26 | FPS: 7540.0 | Var: dqn
Step: 1335296 | EPS: 0.67 | Rew: -0.25 | FPS: 8231.6 | Var: dqn
Step: 1336320 | EPS: 0.67 | Rew: -0.25 | FPS: 8000.8 | Var: dqn
Step: 1337344 | EPS: 0.67 | Rew: -0.25 | FPS: 5882.9 | Var: dqn
Step: 1338368 | EPS: 0.67 | Rew: -0.26 | FPS: 5279.9 | Var: dqn
Step: 1339392 | EPS: 0.67 | Rew: -0.19 | FPS: 6272.9 | Var: dqn
Step: 1340416 | EPS: 0.67 | Rew: -0.15 | FPS: 5470.9 | Var: dqn
Step: 1341440 | EPS: 0.67 | Rew: -0.15 | FPS: 8260.6 | Var: dqn
Step: 1342464 | EPS: 0.67 | Rew: -0.18 | FPS: 6004.5 | Var: dqn
Step: 1343488 | EPS: 0.67 | Rew: -0.19 | FPS: 6581.1 | Var: dqn
Step: 1344512 | EPS: 0.67 | Rew: -0.21 | FPS: 8039.6 | Var: dqn
Step: 1345536 | EPS: 0.67 | Rew: -0.20 | FPS: 7651.5 | Var: dqn
Step: 1346560 | EPS: 0.67 | Rew: -0.25 | FPS: 7351.1 | Var: dqn
Step: 1347584 | EPS: 0.67 | Rew: -0.13 | FPS: 6452.7 | Var: dqn
Step: 1348608 | EPS: 0.67 | Rew: -0.15 | FPS: 5945.7 | Var: dqn
Step: 1349632 | EPS: 0.67 | Rew: -0.14 | FPS: 8031.3 | Var: dqn
Step: 1350656 | EPS: 0.67 | Rew: -0.10 | FPS: 7422.7 | Var: dqn
Step: 1351680 | EPS: 0.67 | Rew: -0.13 | FPS: 7998.0 | Var: dqn
Step: 1352704 | EPS: 0.67 | Rew: -0.13 | FPS: 5394.6 | Var: dqn
Step: 1353728 | EPS: 0.67 | Rew: -0.13 | FPS: 8121.2 | Var: dqn
Step: 1354752 | EPS: 0.67 | Rew: -0.14 | FPS: 7962.9 | Var: dqn
Step: 1355776 | EPS: 0.67 | Rew: -0.18 | FPS: 7078.0 | Var: dqn
Step: 1356800 | EPS: 0.67 | Rew: -0.20 | FPS: 7535.2 | Var: dqn
Step: 1357824 | EPS: 0.67 | Rew: -0.22 | FPS: 8511.7 | Var: dqn
Step: 1358848 | EPS: 0.67 | Rew: -0.18 | FPS: 7111.5 | Var: dqn
Step: 1359872 | EPS: 0.67 | Rew: -0.17 | FPS: 7575.3 | Var: dqn
Step: 1360896 | EPS: 0.67 | Rew: -0.15 | FPS: 6741.3 | Var: dqn
Step: 1361920 | EPS: 0.67 | Rew: -0.12 | FPS: 6517.1 | Var: dqn
Step: 1362944 | EPS: 0.67 | Rew: -0.09 | FPS: 7561.3 | Var: dqn
Step: 1363968 | EPS: 0.67 | Rew: -0.13 | FPS: 5932.6 | Var: dqn
Step: 1364992 | EPS: 0.67 | Rew: -0.16 | FPS: 6770.4 | Var: dqn
Step: 1366016 | EPS: 0.67 | Rew: -0.21 | FPS: 7821.1 | Var: dqn
Step: 1367040 | EPS: 0.67 | Rew: -0.23 | FPS: 6461.6 | Var: dqn
Step: 1368064 | EPS: 0.66 | Rew: -0.23 | FPS: 10287.4 | Var: dqn
Step: 1369088 | EPS: 0.66 | Rew: -0.22 | FPS: 9659.9 | Var: dqn
Step: 1370112 | EPS: 0.66 | Rew: -0.16 | FPS: 7714.8 | Var: dqn
Step: 1371136 | EPS: 0.66 | Rew: -0.14 | FPS: 7727.3 | Var: dqn
Step: 1372160 | EPS: 0.66 | Rew: -0.16 | FPS: 6057.6 | Var: dqn
Step: 1373184 | EPS: 0.66 | Rew: -0.18 | FPS: 5596.5 | Var: dqn
Step: 1374208 | EPS: 0.66 | Rew: -0.16 | FPS: 7020.0 | Var: dqn
Step: 1375232 | EPS: 0.66 | Rew: -0.15 | FPS: 5444.3 | Var: dqn
Step: 1376256 | EPS: 0.66 | Rew: -0.12 | FPS: 8576.3 | Var: dqn
Step: 1377280 | EPS: 0.66 | Rew: -0.05 | FPS: 7070.8 | Var: dqn
Step: 1378304 | EPS: 0.66 | Rew: -0.05 | FPS: 7930.8 | Var: dqn
Step: 1379328 | EPS: 0.66 | Rew: -0.08 | FPS: 7861.7 | Var: dqn
Step: 1380352 | EPS: 0.66 | Rew: -0.16 | FPS: 5995.3 | Var: dqn
Step: 1381376 | EPS: 0.66 | Rew: -0.17 | FPS: 7315.7 | Var: dqn
Step: 1382400 | EPS: 0.66 | Rew: -0.25 | FPS: 7203.4 | Var: dqn
Step: 1383424 | EPS: 0.66 | Rew: -0.22 | FPS: 4346.2 | Var: dqn
Step: 1384448 | EPS: 0.66 | Rew: -0.20 | FPS: 7318.5 | Var: dqn
Step: 1385472 | EPS: 0.66 | Rew: -0.19 | FPS: 6946.4 | Var: dqn
Step: 1386496 | EPS: 0.66 | Rew: -0.19 | FPS: 6702.6 | Var: dqn
Step: 1387520 | EPS: 0.66 | Rew: -0.18 | FPS: 5762.0 | Var: dqn
Step: 1388544 | EPS: 0.66 | Rew: -0.21 | FPS: 6952.9 | Var: dqn
Step: 1389568 | EPS: 0.66 | Rew: -0.21 | FPS: 5885.6 | Var: dqn
Step: 1390592 | EPS: 0.66 | Rew: -0.24 | FPS: 7024.7 | Var: dqn
Step: 1391616 | EPS: 0.66 | Rew: -0.29 | FPS: 6911.5 | Var: dqn
Step: 1392640 | EPS: 0.66 | Rew: -0.18 | FPS: 7802.9 | Var: dqn
Step: 1393664 | EPS: 0.66 | Rew: -0.11 | FPS: 6216.3 | Var: dqn
Step: 1394688 | EPS: 0.66 | Rew: -0.09 | FPS: 5324.8 | Var: dqn
Step: 1395712 | EPS: 0.66 | Rew: -0.09 | FPS: 8215.1 | Var: dqn
Step: 1396736 | EPS: 0.66 | Rew: -0.12 | FPS: 6464.6 | Var: dqn
Step: 1397760 | EPS: 0.66 | Rew: -0.17 | FPS: 5626.6 | Var: dqn
Step: 1398784 | EPS: 0.66 | Rew: -0.25 | FPS: 6955.2 | Var: dqn
Step: 1399808 | EPS: 0.66 | Rew: -0.27 | FPS: 7349.0 | Var: dqn
Step: 1400832 | EPS: 0.66 | Rew: -0.27 | FPS: 6822.1 | Var: dqn
Step: 1401856 | EPS: 0.66 | Rew: -0.29 | FPS: 6928.6 | Var: dqn
Step: 1402880 | EPS: 0.66 | Rew: -0.24 | FPS: 7865.0 | Var: dqn
Step: 1403904 | EPS: 0.66 | Rew: -0.26 | FPS: 7167.5 | Var: dqn
Step: 1404928 | EPS: 0.66 | Rew: -0.23 | FPS: 8026.9 | Var: dqn
Step: 1405952 | EPS: 0.66 | Rew: -0.23 | FPS: 6478.7 | Var: dqn
Step: 1406976 | EPS: 0.66 | Rew: -0.22 | FPS: 8160.9 | Var: dqn
Step: 1408000 | EPS: 0.66 | Rew: -0.19 | FPS: 6333.0 | Var: dqn
Step: 1409024 | EPS: 0.65 | Rew: -0.21 | FPS: 5995.3 | Var: dqn
Step: 1410048 | EPS: 0.65 | Rew: -0.20 | FPS: 7023.2 | Var: dqn
Step: 1411072 | EPS: 0.65 | Rew: -0.18 | FPS: 5791.2 | Var: dqn
Step: 1412096 | EPS: 0.65 | Rew: -0.17 | FPS: 7241.8 | Var: dqn
Step: 1413120 | EPS: 0.65 | Rew: -0.16 | FPS: 7883.2 | Var: dqn
Step: 1414144 | EPS: 0.65 | Rew: -0.22 | FPS: 8550.2 | Var: dqn
Step: 1415168 | EPS: 0.65 | Rew: -0.23 | FPS: 6583.7 | Var: dqn
Step: 1416192 | EPS: 0.65 | Rew: -0.24 | FPS: 7573.6 | Var: dqn
Step: 1417216 | EPS: 0.65 | Rew: -0.25 | FPS: 6670.6 | Var: dqn
Step: 1418240 | EPS: 0.65 | Rew: -0.27 | FPS: 6201.5 | Var: dqn
Step: 1419264 | EPS: 0.65 | Rew: -0.18 | FPS: 7255.4 | Var: dqn
Step: 1420288 | EPS: 0.65 | Rew: -0.14 | FPS: 6729.4 | Var: dqn
Step: 1421312 | EPS: 0.65 | Rew: -0.11 | FPS: 6451.5 | Var: dqn
Step: 1422336 | EPS: 0.65 | Rew: -0.13 | FPS: 7492.5 | Var: dqn
Step: 1423360 | EPS: 0.65 | Rew: -0.10 | FPS: 6538.9 | Var: dqn
Step: 1424384 | EPS: 0.65 | Rew: -0.10 | FPS: 5566.4 | Var: dqn
Step: 1425408 | EPS: 0.65 | Rew: -0.14 | FPS: 7098.7 | Var: dqn
Step: 1426432 | EPS: 0.65 | Rew: -0.19 | FPS: 7248.4 | Var: dqn
Step: 1427456 | EPS: 0.65 | Rew: -0.16 | FPS: 8236.6 | Var: dqn
Step: 1428480 | EPS: 0.65 | Rew: -0.15 | FPS: 8233.9 | Var: dqn
Step: 1429504 | EPS: 0.65 | Rew: -0.15 | FPS: 7306.6 | Var: dqn
Step: 1430528 | EPS: 0.65 | Rew: -0.21 | FPS: 6734.6 | Var: dqn
Step: 1431552 | EPS: 0.65 | Rew: -0.14 | FPS: 4815.4 | Var: dqn
Step: 1432576 | EPS: 0.65 | Rew: -0.15 | FPS: 8540.2 | Var: dqn
Step: 1433600 | EPS: 0.65 | Rew: -0.13 | FPS: 6282.2 | Var: dqn
Step: 1434624 | EPS: 0.65 | Rew: -0.17 | FPS: 6025.5 | Var: dqn
Step: 1435648 | EPS: 0.65 | Rew: -0.12 | FPS: 7225.2 | Var: dqn
Step: 1436672 | EPS: 0.65 | Rew: -0.13 | FPS: 6044.3 | Var: dqn
Step: 1437696 | EPS: 0.65 | Rew: -0.13 | FPS: 6872.2 | Var: dqn
Step: 1438720 | EPS: 0.65 | Rew: -0.13 | FPS: 6235.9 | Var: dqn
Step: 1439744 | EPS: 0.65 | Rew: -0.10 | FPS: 4607.4 | Var: dqn
Step: 1440768 | EPS: 0.65 | Rew: -0.17 | FPS: 6955.3 | Var: dqn
Step: 1441792 | EPS: 0.65 | Rew: -0.17 | FPS: 5664.3 | Var: dqn
Step: 1442816 | EPS: 0.65 | Rew: -0.20 | FPS: 5545.9 | Var: dqn
Step: 1443840 | EPS: 0.65 | Rew: -0.13 | FPS: 5930.9 | Var: dqn
Step: 1444864 | EPS: 0.65 | Rew: -0.11 | FPS: 7537.6 | Var: dqn
Step: 1445888 | EPS: 0.65 | Rew: -0.13 | FPS: 8590.3 | Var: dqn
Step: 1446912 | EPS: 0.65 | Rew: -0.04 | FPS: 6545.5 | Var: dqn
Step: 1447936 | EPS: 0.65 | Rew: -0.00 | FPS: 5938.9 | Var: dqn
Step: 1448960 | EPS: 0.65 | Rew: -0.07 | FPS: 7309.0 | Var: dqn
Step: 1449984 | EPS: 0.64 | Rew: -0.07 | FPS: 6524.1 | Var: dqn
Step: 1451008 | EPS: 0.64 | Rew: -0.03 | FPS: 5854.7 | Var: dqn
Step: 1452032 | EPS: 0.64 | Rew: -0.05 | FPS: 5449.4 | Var: dqn
Step: 1453056 | EPS: 0.64 | Rew: -0.11 | FPS: 6027.0 | Var: dqn
Step: 1454080 | EPS: 0.64 | Rew: -0.03 | FPS: 6969.6 | Var: dqn
Step: 1455104 | EPS: 0.64 | Rew: -0.13 | FPS: 6180.1 | Var: dqn
Step: 1456128 | EPS: 0.64 | Rew: -0.17 | FPS: 5752.3 | Var: dqn
Step: 1457152 | EPS: 0.64 | Rew: -0.18 | FPS: 6135.7 | Var: dqn
Step: 1458176 | EPS: 0.64 | Rew: -0.12 | FPS: 8107.5 | Var: dqn
Step: 1459200 | EPS: 0.64 | Rew: -0.10 | FPS: 7650.9 | Var: dqn
Step: 1460224 | EPS: 0.64 | Rew: -0.10 | FPS: 7943.2 | Var: dqn
Step: 1461248 | EPS: 0.64 | Rew: -0.12 | FPS: 7304.0 | Var: dqn
Step: 1462272 | EPS: 0.64 | Rew: -0.17 | FPS: 7132.8 | Var: dqn
Step: 1463296 | EPS: 0.64 | Rew: -0.18 | FPS: 8240.9 | Var: dqn
Step: 1464320 | EPS: 0.64 | Rew: -0.16 | FPS: 5631.9 | Var: dqn
Step: 1465344 | EPS: 0.64 | Rew: -0.15 | FPS: 7280.0 | Var: dqn
Step: 1466368 | EPS: 0.64 | Rew: -0.13 | FPS: 6589.6 | Var: dqn
Step: 1467392 | EPS: 0.64 | Rew: -0.13 | FPS: 7468.5 | Var: dqn
Step: 1468416 | EPS: 0.64 | Rew: -0.15 | FPS: 6380.3 | Var: dqn
Step: 1469440 | EPS: 0.64 | Rew: -0.13 | FPS: 6667.5 | Var: dqn
Step: 1470464 | EPS: 0.64 | Rew: -0.11 | FPS: 7170.7 | Var: dqn
Step: 1471488 | EPS: 0.64 | Rew: -0.16 | FPS: 6869.2 | Var: dqn
Step: 1472512 | EPS: 0.64 | Rew: -0.13 | FPS: 5698.0 | Var: dqn
Step: 1473536 | EPS: 0.64 | Rew: -0.14 | FPS: 7970.6 | Var: dqn
Step: 1474560 | EPS: 0.64 | Rew: -0.15 | FPS: 6211.0 | Var: dqn
Step: 1475584 | EPS: 0.64 | Rew: -0.19 | FPS: 6686.3 | Var: dqn
Step: 1476608 | EPS: 0.64 | Rew: -0.21 | FPS: 7788.0 | Var: dqn
Step: 1477632 | EPS: 0.64 | Rew: -0.24 | FPS: 6588.7 | Var: dqn
Step: 1478656 | EPS: 0.64 | Rew: -0.18 | FPS: 8105.7 | Var: dqn
Step: 1479680 | EPS: 0.64 | Rew: -0.15 | FPS: 6820.2 | Var: dqn
Step: 1480704 | EPS: 0.64 | Rew: -0.10 | FPS: 4390.1 | Var: dqn
Step: 1481728 | EPS: 0.64 | Rew: -0.06 | FPS: 6797.6 | Var: dqn
Step: 1482752 | EPS: 0.64 | Rew: -0.07 | FPS: 7374.4 | Var: dqn
Step: 1483776 | EPS: 0.64 | Rew: -0.13 | FPS: 6650.2 | Var: dqn
Step: 1484800 | EPS: 0.64 | Rew: -0.11 | FPS: 6654.7 | Var: dqn
Step: 1485824 | EPS: 0.64 | Rew: -0.09 | FPS: 6146.2 | Var: dqn
Step: 1486848 | EPS: 0.64 | Rew: -0.07 | FPS: 6054.3 | Var: dqn
Step: 1487872 | EPS: 0.64 | Rew: -0.02 | FPS: 5027.3 | Var: dqn
Step: 1488896 | EPS: 0.64 | Rew: -0.01 | FPS: 5028.9 | Var: dqn
Step: 1489920 | EPS: 0.63 | Rew: -0.07 | FPS: 5337.1 | Var: dqn
Step: 1490944 | EPS: 0.63 | Rew: -0.09 | FPS: 4607.7 | Var: dqn
Step: 1491968 | EPS: 0.63 | Rew: -0.09 | FPS: 5373.3 | Var: dqn
Step: 1492992 | EPS: 0.63 | Rew: -0.17 | FPS: 5643.6 | Var: dqn
Step: 1494016 | EPS: 0.63 | Rew: -0.13 | FPS: 5889.2 | Var: dqn
Step: 1495040 | EPS: 0.63 | Rew: -0.15 | FPS: 8389.0 | Var: dqn
Step: 1496064 | EPS: 0.63 | Rew: -0.14 | FPS: 5834.4 | Var: dqn
Step: 1497088 | EPS: 0.63 | Rew: -0.07 | FPS: 7750.9 | Var: dqn
Step: 1498112 | EPS: 0.63 | Rew: -0.09 | FPS: 8505.8 | Var: dqn
Step: 1499136 | EPS: 0.63 | Rew: -0.10 | FPS: 8799.9 | Var: dqn
Step: 1500160 | EPS: 0.63 | Rew: -0.12 | FPS: 4950.4 | Var: dqn
Step: 1501184 | EPS: 0.63 | Rew: -0.15 | FPS: 5871.8 | Var: dqn
Step: 1502208 | EPS: 0.63 | Rew: -0.15 | FPS: 5114.7 | Var: dqn
Step: 1503232 | EPS: 0.63 | Rew: -0.13 | FPS: 6401.2 | Var: dqn
Step: 1504256 | EPS: 0.63 | Rew: -0.09 | FPS: 6486.3 | Var: dqn
Step: 1505280 | EPS: 0.63 | Rew: -0.07 | FPS: 7666.0 | Var: dqn
Step: 1506304 | EPS: 0.63 | Rew: -0.03 | FPS: 6043.2 | Var: dqn
Step: 1507328 | EPS: 0.63 | Rew: -0.02 | FPS: 7525.7 | Var: dqn
Step: 1508352 | EPS: 0.63 | Rew: -0.07 | FPS: 6292.7 | Var: dqn
Step: 1509376 | EPS: 0.63 | Rew: -0.14 | FPS: 5935.9 | Var: dqn
Step: 1510400 | EPS: 0.63 | Rew: -0.11 | FPS: 5227.7 | Var: dqn
Step: 1511424 | EPS: 0.63 | Rew: -0.17 | FPS: 5447.5 | Var: dqn
Step: 1512448 | EPS: 0.63 | Rew: -0.16 | FPS: 5573.7 | Var: dqn
Step: 1513472 | EPS: 0.63 | Rew: -0.16 | FPS: 7021.3 | Var: dqn
Step: 1514496 | EPS: 0.63 | Rew: -0.10 | FPS: 6637.9 | Var: dqn
Step: 1515520 | EPS: 0.63 | Rew: -0.09 | FPS: 7946.4 | Var: dqn
Step: 1516544 | EPS: 0.63 | Rew: -0.05 | FPS: 5946.6 | Var: dqn
Step: 1517568 | EPS: 0.63 | Rew: -0.07 | FPS: 5871.2 | Var: dqn
Step: 1518592 | EPS: 0.63 | Rew: -0.04 | FPS: 6852.2 | Var: dqn
Step: 1519616 | EPS: 0.63 | Rew: 0.01 | FPS: 4457.6 | Var: dqn
Step: 1520640 | EPS: 0.63 | Rew: -0.03 | FPS: 6413.2 | Var: dqn
Step: 1521664 | EPS: 0.63 | Rew: -0.02 | FPS: 7332.8 | Var: dqn
Step: 1522688 | EPS: 0.63 | Rew: 0.04 | FPS: 7279.2 | Var: dqn
Step: 1523712 | EPS: 0.63 | Rew: -0.02 | FPS: 6202.7 | Var: dqn
Step: 1524736 | EPS: 0.63 | Rew: -0.03 | FPS: 7661.4 | Var: dqn
Step: 1525760 | EPS: 0.63 | Rew: -0.02 | FPS: 6841.5 | Var: dqn
Step: 1526784 | EPS: 0.63 | Rew: -0.10 | FPS: 6191.0 | Var: dqn
Step: 1527808 | EPS: 0.63 | Rew: -0.14 | FPS: 6233.5 | Var: dqn
Step: 1528832 | EPS: 0.63 | Rew: -0.12 | FPS: 8619.6 | Var: dqn
Step: 1529856 | EPS: 0.63 | Rew: -0.15 | FPS: 7478.4 | Var: dqn
Step: 1530880 | EPS: 0.62 | Rew: -0.12 | FPS: 6299.7 | Var: dqn
Step: 1531904 | EPS: 0.62 | Rew: -0.11 | FPS: 6826.8 | Var: dqn
Step: 1532928 | EPS: 0.62 | Rew: -0.10 | FPS: 6353.0 | Var: dqn
Step: 1533952 | EPS: 0.62 | Rew: -0.07 | FPS: 6058.4 | Var: dqn
Step: 1534976 | EPS: 0.62 | Rew: -0.07 | FPS: 6948.0 | Var: dqn
Step: 1536000 | EPS: 0.62 | Rew: -0.08 | FPS: 6155.4 | Var: dqn
Step: 1537024 | EPS: 0.62 | Rew: -0.10 | FPS: 6254.2 | Var: dqn
Step: 1538048 | EPS: 0.62 | Rew: -0.07 | FPS: 8006.7 | Var: dqn
Step: 1539072 | EPS: 0.62 | Rew: -0.06 | FPS: 7321.6 | Var: dqn
Step: 1540096 | EPS: 0.62 | Rew: 0.01 | FPS: 7591.5 | Var: dqn
Step: 1541120 | EPS: 0.62 | Rew: -0.00 | FPS: 7409.4 | Var: dqn
Step: 1542144 | EPS: 0.62 | Rew: -0.07 | FPS: 6205.5 | Var: dqn
Step: 1543168 | EPS: 0.62 | Rew: -0.12 | FPS: 8097.0 | Var: dqn
Step: 1544192 | EPS: 0.62 | Rew: -0.12 | FPS: 7264.2 | Var: dqn
Step: 1545216 | EPS: 0.62 | Rew: -0.15 | FPS: 5972.6 | Var: dqn
Step: 1546240 | EPS: 0.62 | Rew: -0.09 | FPS: 7860.9 | Var: dqn
Step: 1547264 | EPS: 0.62 | Rew: -0.02 | FPS: 6148.8 | Var: dqn
Step: 1548288 | EPS: 0.62 | Rew: 0.02 | FPS: 8143.5 | Var: dqn
Step: 1549312 | EPS: 0.62 | Rew: 0.03 | FPS: 8954.4 | Var: dqn
Step: 1550336 | EPS: 0.62 | Rew: -0.03 | FPS: 6876.1 | Var: dqn
Step: 1551360 | EPS: 0.62 | Rew: -0.07 | FPS: 6691.6 | Var: dqn
Step: 1552384 | EPS: 0.62 | Rew: -0.04 | FPS: 8041.9 | Var: dqn
Step: 1553408 | EPS: 0.62 | Rew: -0.13 | FPS: 5973.4 | Var: dqn
Step: 1554432 | EPS: 0.62 | Rew: -0.11 | FPS: 6650.6 | Var: dqn
Step: 1555456 | EPS: 0.62 | Rew: -0.15 | FPS: 7257.8 | Var: dqn
Step: 1556480 | EPS: 0.62 | Rew: -0.18 | FPS: 5792.8 | Var: dqn
Step: 1557504 | EPS: 0.62 | Rew: -0.13 | FPS: 5563.7 | Var: dqn
Step: 1558528 | EPS: 0.62 | Rew: -0.07 | FPS: 6930.6 | Var: dqn
Step: 1559552 | EPS: 0.62 | Rew: -0.07 | FPS: 6926.0 | Var: dqn
Step: 1560576 | EPS: 0.62 | Rew: -0.08 | FPS: 8845.5 | Var: dqn
Step: 1561600 | EPS: 0.62 | Rew: -0.13 | FPS: 7932.2 | Var: dqn
Step: 1562624 | EPS: 0.62 | Rew: -0.22 | FPS: 6319.0 | Var: dqn
Step: 1563648 | EPS: 0.62 | Rew: -0.25 | FPS: 6462.6 | Var: dqn
Step: 1564672 | EPS: 0.62 | Rew: -0.21 | FPS: 7061.7 | Var: dqn
Step: 1565696 | EPS: 0.62 | Rew: -0.21 | FPS: 6864.1 | Var: dqn
Step: 1566720 | EPS: 0.62 | Rew: -0.13 | FPS: 6801.9 | Var: dqn
Step: 1567744 | EPS: 0.62 | Rew: -0.08 | FPS: 5812.2 | Var: dqn
Step: 1568768 | EPS: 0.62 | Rew: 0.01 | FPS: 6681.1 | Var: dqn
Step: 1569792 | EPS: 0.62 | Rew: -0.01 | FPS: 5653.1 | Var: dqn
Step: 1570816 | EPS: 0.62 | Rew: -0.05 | FPS: 6552.3 | Var: dqn
Step: 1571840 | EPS: 0.61 | Rew: -0.02 | FPS: 7130.0 | Var: dqn
Step: 1572864 | EPS: 0.61 | Rew: -0.04 | FPS: 7230.2 | Var: dqn
Step: 1573888 | EPS: 0.61 | Rew: -0.10 | FPS: 7447.5 | Var: dqn
Step: 1574912 | EPS: 0.61 | Rew: -0.05 | FPS: 5829.3 | Var: dqn
Step: 1575936 | EPS: 0.61 | Rew: -0.09 | FPS: 6213.9 | Var: dqn
Step: 1576960 | EPS: 0.61 | Rew: -0.06 | FPS: 6857.4 | Var: dqn
Step: 1577984 | EPS: 0.61 | Rew: -0.06 | FPS: 4228.9 | Var: dqn
Step: 1579008 | EPS: 0.61 | Rew: -0.04 | FPS: 7428.3 | Var: dqn
Step: 1580032 | EPS: 0.61 | Rew: -0.09 | FPS: 8101.4 | Var: dqn
Step: 1581056 | EPS: 0.61 | Rew: -0.07 | FPS: 5243.7 | Var: dqn
Step: 1582080 | EPS: 0.61 | Rew: -0.12 | FPS: 6733.0 | Var: dqn
Step: 1583104 | EPS: 0.61 | Rew: -0.13 | FPS: 6803.9 | Var: dqn
Step: 1584128 | EPS: 0.61 | Rew: -0.19 | FPS: 7310.8 | Var: dqn
Step: 1585152 | EPS: 0.61 | Rew: -0.16 | FPS: 8312.4 | Var: dqn
Step: 1586176 | EPS: 0.61 | Rew: -0.14 | FPS: 7333.9 | Var: dqn
Step: 1587200 | EPS: 0.61 | Rew: -0.11 | FPS: 6665.7 | Var: dqn
Step: 1588224 | EPS: 0.61 | Rew: -0.12 | FPS: 6895.0 | Var: dqn
Step: 1589248 | EPS: 0.61 | Rew: -0.10 | FPS: 7268.5 | Var: dqn
Step: 1590272 | EPS: 0.61 | Rew: 0.04 | FPS: 7017.6 | Var: dqn
Step: 1591296 | EPS: 0.61 | Rew: 0.13 | FPS: 7392.2 | Var: dqn
Step: 1592320 | EPS: 0.61 | Rew: 0.09 | FPS: 6282.5 | Var: dqn
Step: 1593344 | EPS: 0.61 | Rew: 0.05 | FPS: 6251.5 | Var: dqn
Step: 1594368 | EPS: 0.61 | Rew: 0.03 | FPS: 5995.1 | Var: dqn
Step: 1595392 | EPS: 0.61 | Rew: 0.00 | FPS: 6242.9 | Var: dqn
Step: 1596416 | EPS: 0.61 | Rew: -0.03 | FPS: 7297.8 | Var: dqn
Step: 1597440 | EPS: 0.61 | Rew: -0.02 | FPS: 8242.4 | Var: dqn
Step: 1598464 | EPS: 0.61 | Rew: -0.01 | FPS: 7792.0 | Var: dqn
Step: 1599488 | EPS: 0.61 | Rew: -0.10 | FPS: 6246.4 | Var: dqn
Step: 1600512 | EPS: 0.61 | Rew: -0.13 | FPS: 6497.9 | Var: dqn
Step: 1601536 | EPS: 0.61 | Rew: -0.09 | FPS: 8292.4 | Var: dqn
Step: 1602560 | EPS: 0.61 | Rew: -0.08 | FPS: 8511.3 | Var: dqn
Step: 1603584 | EPS: 0.61 | Rew: -0.09 | FPS: 6982.0 | Var: dqn
Step: 1604608 | EPS: 0.61 | Rew: -0.09 | FPS: 6915.8 | Var: dqn
Step: 1605632 | EPS: 0.61 | Rew: -0.10 | FPS: 7770.2 | Var: dqn
Step: 1606656 | EPS: 0.61 | Rew: -0.15 | FPS: 5662.4 | Var: dqn
Step: 1607680 | EPS: 0.61 | Rew: -0.13 | FPS: 5758.5 | Var: dqn
Step: 1608704 | EPS: 0.61 | Rew: -0.13 | FPS: 8554.8 | Var: dqn
Step: 1609728 | EPS: 0.61 | Rew: -0.10 | FPS: 6985.3 | Var: dqn
Step: 1610752 | EPS: 0.61 | Rew: -0.07 | FPS: 5839.2 | Var: dqn
Step: 1611776 | EPS: 0.61 | Rew: 0.01 | FPS: 8486.9 | Var: dqn
Step: 1612800 | EPS: 0.60 | Rew: 0.03 | FPS: 6572.9 | Var: dqn
Step: 1613824 | EPS: 0.60 | Rew: -0.01 | FPS: 7083.5 | Var: dqn
Step: 1614848 | EPS: 0.60 | Rew: -0.04 | FPS: 6657.7 | Var: dqn
Step: 1615872 | EPS: 0.60 | Rew: -0.07 | FPS: 7567.5 | Var: dqn
Step: 1616896 | EPS: 0.60 | Rew: -0.13 | FPS: 7490.1 | Var: dqn
Step: 1617920 | EPS: 0.60 | Rew: -0.06 | FPS: 7448.5 | Var: dqn
Step: 1618944 | EPS: 0.60 | Rew: -0.04 | FPS: 6069.1 | Var: dqn
Step: 1619968 | EPS: 0.60 | Rew: -0.09 | FPS: 8128.2 | Var: dqn
Step: 1620992 | EPS: 0.60 | Rew: -0.07 | FPS: 7305.8 | Var: dqn
Step: 1622016 | EPS: 0.60 | Rew: -0.06 | FPS: 7040.0 | Var: dqn
Step: 1623040 | EPS: 0.60 | Rew: -0.09 | FPS: 7052.8 | Var: dqn
Step: 1624064 | EPS: 0.60 | Rew: -0.10 | FPS: 6977.6 | Var: dqn
Step: 1625088 | EPS: 0.60 | Rew: -0.08 | FPS: 6899.6 | Var: dqn
Step: 1626112 | EPS: 0.60 | Rew: -0.05 | FPS: 5269.8 | Var: dqn
Step: 1627136 | EPS: 0.60 | Rew: -0.07 | FPS: 6535.8 | Var: dqn
Step: 1628160 | EPS: 0.60 | Rew: -0.06 | FPS: 6479.9 | Var: dqn
Step: 1629184 | EPS: 0.60 | Rew: -0.04 | FPS: 6274.0 | Var: dqn
Step: 1630208 | EPS: 0.60 | Rew: 0.03 | FPS: 6496.6 | Var: dqn
Step: 1631232 | EPS: 0.60 | Rew: -0.02 | FPS: 7181.3 | Var: dqn
Step: 1632256 | EPS: 0.60 | Rew: 0.03 | FPS: 8233.6 | Var: dqn
Step: 1633280 | EPS: 0.60 | Rew: 0.04 | FPS: 5973.8 | Var: dqn
Step: 1634304 | EPS: 0.60 | Rew: -0.04 | FPS: 5844.6 | Var: dqn
Step: 1635328 | EPS: 0.60 | Rew: -0.08 | FPS: 6158.8 | Var: dqn
Step: 1636352 | EPS: 0.60 | Rew: -0.10 | FPS: 7956.2 | Var: dqn
Step: 1637376 | EPS: 0.60 | Rew: -0.06 | FPS: 6975.5 | Var: dqn
Step: 1638400 | EPS: 0.60 | Rew: -0.00 | FPS: 5632.4 | Var: dqn
Step: 1639424 | EPS: 0.60 | Rew: -0.03 | FPS: 5841.8 | Var: dqn
Step: 1640448 | EPS: 0.60 | Rew: 0.07 | FPS: 7459.5 | Var: dqn
Step: 1641472 | EPS: 0.60 | Rew: 0.07 | FPS: 5153.7 | Var: dqn
Step: 1642496 | EPS: 0.60 | Rew: -0.03 | FPS: 6541.6 | Var: dqn
Step: 1643520 | EPS: 0.60 | Rew: -0.07 | FPS: 8358.5 | Var: dqn
Step: 1644544 | EPS: 0.60 | Rew: -0.05 | FPS: 6322.2 | Var: dqn
Step: 1645568 | EPS: 0.60 | Rew: -0.10 | FPS: 7183.5 | Var: dqn
Step: 1646592 | EPS: 0.60 | Rew: -0.13 | FPS: 6355.9 | Var: dqn
Step: 1647616 | EPS: 0.60 | Rew: -0.11 | FPS: 8158.2 | Var: dqn
Step: 1648640 | EPS: 0.60 | Rew: -0.13 | FPS: 8215.1 | Var: dqn
Step: 1649664 | EPS: 0.60 | Rew: -0.14 | FPS: 6314.9 | Var: dqn
Step: 1650688 | EPS: 0.60 | Rew: -0.04 | FPS: 8202.2 | Var: dqn
Step: 1651712 | EPS: 0.60 | Rew: -0.00 | FPS: 7489.7 | Var: dqn
Step: 1652736 | EPS: 0.60 | Rew: -0.08 | FPS: 7852.4 | Var: dqn
Step: 1653760 | EPS: 0.59 | Rew: -0.09 | FPS: 8148.9 | Var: dqn
Step: 1654784 | EPS: 0.59 | Rew: -0.18 | FPS: 6742.5 | Var: dqn
Step: 1655808 | EPS: 0.59 | Rew: -0.16 | FPS: 6243.1 | Var: dqn
Step: 1656832 | EPS: 0.59 | Rew: -0.15 | FPS: 6266.7 | Var: dqn
Step: 1657856 | EPS: 0.59 | Rew: -0.09 | FPS: 7993.0 | Var: dqn
Step: 1658880 | EPS: 0.59 | Rew: -0.10 | FPS: 7165.1 | Var: dqn
Step: 1659904 | EPS: 0.59 | Rew: -0.05 | FPS: 6181.7 | Var: dqn
Step: 1660928 | EPS: 0.59 | Rew: -0.02 | FPS: 7676.6 | Var: dqn
Step: 1661952 | EPS: 0.59 | Rew: -0.01 | FPS: 7622.9 | Var: dqn
Step: 1662976 | EPS: 0.59 | Rew: -0.03 | FPS: 7312.2 | Var: dqn
Step: 1664000 | EPS: 0.59 | Rew: 0.01 | FPS: 6030.1 | Var: dqn
Step: 1665024 | EPS: 0.59 | Rew: -0.01 | FPS: 5989.2 | Var: dqn
Step: 1666048 | EPS: 0.59 | Rew: -0.01 | FPS: 8368.0 | Var: dqn
Step: 1667072 | EPS: 0.59 | Rew: 0.05 | FPS: 5543.4 | Var: dqn
Step: 1668096 | EPS: 0.59 | Rew: 0.02 | FPS: 6827.4 | Var: dqn
Step: 1669120 | EPS: 0.59 | Rew: 0.00 | FPS: 7135.7 | Var: dqn
Step: 1670144 | EPS: 0.59 | Rew: 0.07 | FPS: 6833.3 | Var: dqn
Step: 1671168 | EPS: 0.59 | Rew: 0.09 | FPS: 7774.0 | Var: dqn
Step: 1672192 | EPS: 0.59 | Rew: 0.05 | FPS: 7618.0 | Var: dqn
Step: 1673216 | EPS: 0.59 | Rew: 0.04 | FPS: 4856.0 | Var: dqn
Step: 1674240 | EPS: 0.59 | Rew: 0.03 | FPS: 9451.0 | Var: dqn
Step: 1675264 | EPS: 0.59 | Rew: 0.08 | FPS: 6722.1 | Var: dqn
Step: 1676288 | EPS: 0.59 | Rew: 0.07 | FPS: 7699.7 | Var: dqn
Step: 1677312 | EPS: 0.59 | Rew: 0.05 | FPS: 7156.9 | Var: dqn
Step: 1678336 | EPS: 0.59 | Rew: 0.15 | FPS: 7071.7 | Var: dqn
Step: 1679360 | EPS: 0.59 | Rew: 0.17 | FPS: 8787.4 | Var: dqn
Step: 1680384 | EPS: 0.59 | Rew: 0.04 | FPS: 7013.7 | Var: dqn
Step: 1681408 | EPS: 0.59 | Rew: 0.04 | FPS: 7195.2 | Var: dqn
Step: 1682432 | EPS: 0.59 | Rew: -0.02 | FPS: 8801.4 | Var: dqn
Step: 1683456 | EPS: 0.59 | Rew: -0.10 | FPS: 6045.8 | Var: dqn
Step: 1684480 | EPS: 0.59 | Rew: -0.13 | FPS: 7074.4 | Var: dqn
Step: 1685504 | EPS: 0.59 | Rew: -0.13 | FPS: 6441.0 | Var: dqn
Step: 1686528 | EPS: 0.59 | Rew: -0.07 | FPS: 7299.7 | Var: dqn
Step: 1687552 | EPS: 0.59 | Rew: -0.05 | FPS: 7695.6 | Var: dqn
Step: 1688576 | EPS: 0.59 | Rew: -0.03 | FPS: 7033.6 | Var: dqn
Step: 1689600 | EPS: 0.59 | Rew: -0.03 | FPS: 6897.6 | Var: dqn
Step: 1690624 | EPS: 0.59 | Rew: -0.11 | FPS: 6693.0 | Var: dqn
Step: 1691648 | EPS: 0.59 | Rew: -0.09 | FPS: 7867.4 | Var: dqn
Step: 1692672 | EPS: 0.59 | Rew: -0.11 | FPS: 7494.0 | Var: dqn
Step: 1693696 | EPS: 0.59 | Rew: -0.11 | FPS: 7083.0 | Var: dqn
Step: 1694720 | EPS: 0.58 | Rew: -0.19 | FPS: 8361.8 | Var: dqn
Step: 1695744 | EPS: 0.58 | Rew: -0.11 | FPS: 6298.5 | Var: dqn
Step: 1696768 | EPS: 0.58 | Rew: -0.09 | FPS: 8683.6 | Var: dqn
Step: 1697792 | EPS: 0.58 | Rew: -0.07 | FPS: 6647.7 | Var: dqn
Step: 1698816 | EPS: 0.58 | Rew: -0.03 | FPS: 5858.5 | Var: dqn
Step: 1699840 | EPS: 0.58 | Rew: -0.06 | FPS: 7396.0 | Var: dqn
Step: 1700864 | EPS: 0.58 | Rew: 0.02 | FPS: 7555.3 | Var: dqn
Step: 1701888 | EPS: 0.58 | Rew: 0.05 | FPS: 6527.4 | Var: dqn
Step: 1702912 | EPS: 0.58 | Rew: 0.08 | FPS: 8033.3 | Var: dqn
Step: 1703936 | EPS: 0.58 | Rew: 0.06 | FPS: 5262.2 | Var: dqn
Step: 1704960 | EPS: 0.58 | Rew: 0.02 | FPS: 5648.6 | Var: dqn
Step: 1705984 | EPS: 0.58 | Rew: 0.02 | FPS: 7269.9 | Var: dqn
Step: 1707008 | EPS: 0.58 | Rew: 0.01 | FPS: 7581.4 | Var: dqn
Step: 1708032 | EPS: 0.58 | Rew: 0.02 | FPS: 4696.3 | Var: dqn
Step: 1709056 | EPS: 0.58 | Rew: 0.08 | FPS: 6954.0 | Var: dqn
Step: 1710080 | EPS: 0.58 | Rew: 0.06 | FPS: 4705.4 | Var: dqn
Step: 1711104 | EPS: 0.58 | Rew: 0.10 | FPS: 7614.4 | Var: dqn
Step: 1712128 | EPS: 0.58 | Rew: 0.16 | FPS: 6163.8 | Var: dqn
Step: 1713152 | EPS: 0.58 | Rew: 0.20 | FPS: 8005.0 | Var: dqn
Step: 1714176 | EPS: 0.58 | Rew: 0.19 | FPS: 6776.3 | Var: dqn
Step: 1715200 | EPS: 0.58 | Rew: 0.20 | FPS: 8573.7 | Var: dqn
Step: 1716224 | EPS: 0.58 | Rew: 0.13 | FPS: 6210.4 | Var: dqn
Step: 1717248 | EPS: 0.58 | Rew: 0.06 | FPS: 6944.5 | Var: dqn
Step: 1718272 | EPS: 0.58 | Rew: 0.06 | FPS: 6018.8 | Var: dqn
Step: 1719296 | EPS: 0.58 | Rew: 0.06 | FPS: 6656.1 | Var: dqn
Step: 1720320 | EPS: 0.58 | Rew: 0.01 | FPS: 6533.0 | Var: dqn
Step: 1721344 | EPS: 0.58 | Rew: 0.05 | FPS: 7014.3 | Var: dqn
Step: 1722368 | EPS: 0.58 | Rew: -0.02 | FPS: 8499.5 | Var: dqn
Step: 1723392 | EPS: 0.58 | Rew: -0.03 | FPS: 10151.8 | Var: dqn
Step: 1724416 | EPS: 0.58 | Rew: 0.03 | FPS: 7608.8 | Var: dqn
Step: 1725440 | EPS: 0.58 | Rew: 0.09 | FPS: 7175.1 | Var: dqn
Step: 1726464 | EPS: 0.58 | Rew: 0.03 | FPS: 7281.7 | Var: dqn
Step: 1727488 | EPS: 0.58 | Rew: 0.07 | FPS: 8073.6 | Var: dqn
Step: 1728512 | EPS: 0.58 | Rew: 0.05 | FPS: 5930.3 | Var: dqn
Step: 1729536 | EPS: 0.58 | Rew: -0.03 | FPS: 6674.2 | Var: dqn
Step: 1730560 | EPS: 0.58 | Rew: -0.01 | FPS: 7659.8 | Var: dqn
Step: 1731584 | EPS: 0.58 | Rew: 0.05 | FPS: 8387.8 | Var: dqn
Step: 1732608 | EPS: 0.58 | Rew: 0.03 | FPS: 7817.1 | Var: dqn
Step: 1733632 | EPS: 0.58 | Rew: 0.10 | FPS: 6060.1 | Var: dqn
Step: 1734656 | EPS: 0.58 | Rew: 0.15 | FPS: 6899.1 | Var: dqn
Step: 1735680 | EPS: 0.57 | Rew: 0.13 | FPS: 6047.4 | Var: dqn
Step: 1736704 | EPS: 0.57 | Rew: 0.11 | FPS: 5002.0 | Var: dqn
Step: 1737728 | EPS: 0.57 | Rew: 0.18 | FPS: 8319.3 | Var: dqn
Step: 1738752 | EPS: 0.57 | Rew: 0.09 | FPS: 8524.6 | Var: dqn
Step: 1739776 | EPS: 0.57 | Rew: 0.08 | FPS: 7081.7 | Var: dqn
Step: 1740800 | EPS: 0.57 | Rew: 0.04 | FPS: 6326.0 | Var: dqn
Step: 1741824 | EPS: 0.57 | Rew: 0.13 | FPS: 6821.0 | Var: dqn
Step: 1742848 | EPS: 0.57 | Rew: 0.05 | FPS: 6080.3 | Var: dqn
Step: 1743872 | EPS: 0.57 | Rew: 0.06 | FPS: 6766.4 | Var: dqn
Step: 1744896 | EPS: 0.57 | Rew: 0.06 | FPS: 6662.6 | Var: dqn
Step: 1745920 | EPS: 0.57 | Rew: 0.07 | FPS: 6747.6 | Var: dqn
Step: 1746944 | EPS: 0.57 | Rew: 0.03 | FPS: 8179.5 | Var: dqn
Step: 1747968 | EPS: 0.57 | Rew: 0.02 | FPS: 6698.5 | Var: dqn
Step: 1748992 | EPS: 0.57 | Rew: 0.05 | FPS: 6997.5 | Var: dqn
Step: 1750016 | EPS: 0.57 | Rew: -0.02 | FPS: 7027.1 | Var: dqn
Step: 1751040 | EPS: 0.57 | Rew: -0.00 | FPS: 7123.8 | Var: dqn
Step: 1752064 | EPS: 0.57 | Rew: -0.02 | FPS: 6290.9 | Var: dqn
Step: 1753088 | EPS: 0.57 | Rew: 0.01 | FPS: 7027.4 | Var: dqn
Step: 1754112 | EPS: 0.57 | Rew: 0.07 | FPS: 7857.9 | Var: dqn
Step: 1755136 | EPS: 0.57 | Rew: 0.17 | FPS: 7177.5 | Var: dqn
Step: 1756160 | EPS: 0.57 | Rew: 0.15 | FPS: 5884.8 | Var: dqn
Step: 1757184 | EPS: 0.57 | Rew: 0.18 | FPS: 5530.7 | Var: dqn
Step: 1758208 | EPS: 0.57 | Rew: 0.17 | FPS: 6574.4 | Var: dqn
Step: 1759232 | EPS: 0.57 | Rew: 0.19 | FPS: 8533.8 | Var: dqn
Step: 1760256 | EPS: 0.57 | Rew: 0.10 | FPS: 6132.3 | Var: dqn
Step: 1761280 | EPS: 0.57 | Rew: 0.09 | FPS: 7504.5 | Var: dqn
Step: 1762304 | EPS: 0.57 | Rew: 0.05 | FPS: 7174.9 | Var: dqn
Step: 1763328 | EPS: 0.57 | Rew: 0.08 | FPS: 7126.6 | Var: dqn
Step: 1764352 | EPS: 0.57 | Rew: 0.04 | FPS: 6550.8 | Var: dqn
Step: 1765376 | EPS: 0.57 | Rew: 0.09 | FPS: 7241.3 | Var: dqn
Step: 1766400 | EPS: 0.57 | Rew: 0.07 | FPS: 6628.0 | Var: dqn
Step: 1767424 | EPS: 0.57 | Rew: 0.13 | FPS: 7818.0 | Var: dqn
Step: 1768448 | EPS: 0.57 | Rew: 0.16 | FPS: 5855.6 | Var: dqn
Step: 1769472 | EPS: 0.57 | Rew: 0.14 | FPS: 5857.1 | Var: dqn
Step: 1770496 | EPS: 0.57 | Rew: 0.15 | FPS: 7835.6 | Var: dqn
Step: 1771520 | EPS: 0.57 | Rew: 0.15 | FPS: 7752.9 | Var: dqn
Step: 1772544 | EPS: 0.57 | Rew: 0.14 | FPS: 5896.5 | Var: dqn
Step: 1773568 | EPS: 0.57 | Rew: 0.16 | FPS: 5574.8 | Var: dqn
Step: 1774592 | EPS: 0.57 | Rew: 0.15 | FPS: 6735.4 | Var: dqn
Step: 1775616 | EPS: 0.56 | Rew: 0.17 | FPS: 7802.6 | Var: dqn
Step: 1776640 | EPS: 0.56 | Rew: 0.25 | FPS: 7024.9 | Var: dqn
Step: 1777664 | EPS: 0.56 | Rew: 0.22 | FPS: 7031.5 | Var: dqn
Step: 1778688 | EPS: 0.56 | Rew: 0.19 | FPS: 7606.2 | Var: dqn
Step: 1779712 | EPS: 0.56 | Rew: 0.19 | FPS: 4162.5 | Var: dqn
Step: 1780736 | EPS: 0.56 | Rew: 0.13 | FPS: 6874.2 | Var: dqn
Step: 1781760 | EPS: 0.56 | Rew: 0.06 | FPS: 5870.4 | Var: dqn
Step: 1782784 | EPS: 0.56 | Rew: 0.12 | FPS: 6164.3 | Var: dqn
Step: 1783808 | EPS: 0.56 | Rew: 0.16 | FPS: 6993.5 | Var: dqn
Step: 1784832 | EPS: 0.56 | Rew: 0.06 | FPS: 5615.4 | Var: dqn
Step: 1785856 | EPS: 0.56 | Rew: 0.08 | FPS: 6674.0 | Var: dqn
Step: 1786880 | EPS: 0.56 | Rew: 0.15 | FPS: 7656.6 | Var: dqn
Step: 1787904 | EPS: 0.56 | Rew: 0.14 | FPS: 8283.1 | Var: dqn
Step: 1788928 | EPS: 0.56 | Rew: 0.08 | FPS: 7554.3 | Var: dqn
Step: 1789952 | EPS: 0.56 | Rew: 0.14 | FPS: 6459.6 | Var: dqn
Step: 1790976 | EPS: 0.56 | Rew: 0.15 | FPS: 6902.1 | Var: dqn
Step: 1792000 | EPS: 0.56 | Rew: 0.18 | FPS: 6882.7 | Var: dqn
Step: 1793024 | EPS: 0.56 | Rew: 0.06 | FPS: 7096.8 | Var: dqn
Step: 1794048 | EPS: 0.56 | Rew: 0.08 | FPS: 7200.8 | Var: dqn
Step: 1795072 | EPS: 0.56 | Rew: 0.06 | FPS: 6289.2 | Var: dqn
Step: 1796096 | EPS: 0.56 | Rew: 0.09 | FPS: 7806.9 | Var: dqn
Step: 1797120 | EPS: 0.56 | Rew: 0.08 | FPS: 6159.1 | Var: dqn
Step: 1798144 | EPS: 0.56 | Rew: 0.04 | FPS: 6890.4 | Var: dqn
Step: 1799168 | EPS: 0.56 | Rew: 0.07 | FPS: 8041.2 | Var: dqn
Step: 1800192 | EPS: 0.56 | Rew: 0.07 | FPS: 5520.5 | Var: dqn
Step: 1801216 | EPS: 0.56 | Rew: 0.10 | FPS: 6271.5 | Var: dqn
Step: 1802240 | EPS: 0.56 | Rew: 0.00 | FPS: 5574.5 | Var: dqn
Step: 1803264 | EPS: 0.56 | Rew: 0.16 | FPS: 7061.2 | Var: dqn
Step: 1804288 | EPS: 0.56 | Rew: 0.23 | FPS: 6343.2 | Var: dqn
Step: 1805312 | EPS: 0.56 | Rew: 0.26 | FPS: 8644.2 | Var: dqn
Step: 1806336 | EPS: 0.56 | Rew: 0.28 | FPS: 5799.4 | Var: dqn
Step: 1807360 | EPS: 0.56 | Rew: 0.24 | FPS: 5382.6 | Var: dqn
Step: 1808384 | EPS: 0.56 | Rew: 0.15 | FPS: 8400.8 | Var: dqn
Step: 1809408 | EPS: 0.56 | Rew: 0.13 | FPS: 7041.8 | Var: dqn
Step: 1810432 | EPS: 0.56 | Rew: 0.10 | FPS: 8356.1 | Var: dqn
Step: 1811456 | EPS: 0.56 | Rew: 0.17 | FPS: 6443.8 | Var: dqn
Step: 1812480 | EPS: 0.56 | Rew: 0.13 | FPS: 7102.0 | Var: dqn
Step: 1813504 | EPS: 0.56 | Rew: 0.17 | FPS: 7665.0 | Var: dqn
Step: 1814528 | EPS: 0.56 | Rew: 0.17 | FPS: 5764.7 | Var: dqn
Step: 1815552 | EPS: 0.56 | Rew: 0.14 | FPS: 6554.3 | Var: dqn
Step: 1816576 | EPS: 0.55 | Rew: 0.10 | FPS: 5857.9 | Var: dqn
Step: 1817600 | EPS: 0.55 | Rew: 0.10 | FPS: 6852.4 | Var: dqn
Step: 1818624 | EPS: 0.55 | Rew: 0.09 | FPS: 6960.3 | Var: dqn
Step: 1819648 | EPS: 0.55 | Rew: 0.17 | FPS: 7147.1 | Var: dqn
Step: 1820672 | EPS: 0.55 | Rew: 0.05 | FPS: 7853.2 | Var: dqn
Step: 1821696 | EPS: 0.55 | Rew: 0.17 | FPS: 7628.4 | Var: dqn
Step: 1822720 | EPS: 0.55 | Rew: 0.11 | FPS: 6678.8 | Var: dqn
Step: 1823744 | EPS: 0.55 | Rew: 0.17 | FPS: 6369.9 | Var: dqn
Step: 1824768 | EPS: 0.55 | Rew: 0.13 | FPS: 5474.8 | Var: dqn
Step: 1825792 | EPS: 0.55 | Rew: 0.17 | FPS: 6999.4 | Var: dqn
Step: 1826816 | EPS: 0.55 | Rew: 0.13 | FPS: 5211.5 | Var: dqn
Step: 1827840 | EPS: 0.55 | Rew: 0.12 | FPS: 7966.2 | Var: dqn
Step: 1828864 | EPS: 0.55 | Rew: 0.11 | FPS: 7159.9 | Var: dqn
Step: 1829888 | EPS: 0.55 | Rew: 0.08 | FPS: 6151.9 | Var: dqn
Step: 1830912 | EPS: 0.55 | Rew: 0.18 | FPS: 4951.3 | Var: dqn
Step: 1831936 | EPS: 0.55 | Rew: 0.13 | FPS: 10721.8 | Var: dqn
Step: 1832960 | EPS: 0.55 | Rew: 0.19 | FPS: 9383.0 | Var: dqn
Step: 1833984 | EPS: 0.55 | Rew: 0.21 | FPS: 9837.0 | Var: dqn
Step: 1835008 | EPS: 0.55 | Rew: 0.24 | FPS: 6196.9 | Var: dqn
Step: 1836032 | EPS: 0.55 | Rew: 0.14 | FPS: 6651.4 | Var: dqn
Step: 1837056 | EPS: 0.55 | Rew: 0.15 | FPS: 6195.2 | Var: dqn
Step: 1838080 | EPS: 0.55 | Rew: 0.12 | FPS: 6405.4 | Var: dqn
Step: 1839104 | EPS: 0.55 | Rew: 0.05 | FPS: 6474.8 | Var: dqn
Step: 1840128 | EPS: 0.55 | Rew: 0.05 | FPS: 5435.2 | Var: dqn
Step: 1841152 | EPS: 0.55 | Rew: 0.06 | FPS: 5732.1 | Var: dqn
Step: 1842176 | EPS: 0.55 | Rew: -0.00 | FPS: 6632.8 | Var: dqn
Step: 1843200 | EPS: 0.55 | Rew: 0.10 | FPS: 5645.8 | Var: dqn
Step: 1844224 | EPS: 0.55 | Rew: 0.11 | FPS: 6632.5 | Var: dqn
Step: 1845248 | EPS: 0.55 | Rew: 0.08 | FPS: 8647.5 | Var: dqn
Step: 1846272 | EPS: 0.55 | Rew: 0.12 | FPS: 6857.1 | Var: dqn
Step: 1847296 | EPS: 0.55 | Rew: 0.15 | FPS: 6109.6 | Var: dqn
Step: 1848320 | EPS: 0.55 | Rew: 0.10 | FPS: 6459.1 | Var: dqn
Step: 1849344 | EPS: 0.55 | Rew: 0.15 | FPS: 6066.1 | Var: dqn
Step: 1850368 | EPS: 0.55 | Rew: 0.07 | FPS: 7023.6 | Var: dqn
Step: 1851392 | EPS: 0.55 | Rew: -0.00 | FPS: 7377.5 | Var: dqn
Step: 1852416 | EPS: 0.55 | Rew: 0.01 | FPS: 6678.7 | Var: dqn
Step: 1853440 | EPS: 0.55 | Rew: 0.10 | FPS: 7010.4 | Var: dqn
Step: 1854464 | EPS: 0.55 | Rew: 0.11 | FPS: 7307.4 | Var: dqn
Step: 1855488 | EPS: 0.55 | Rew: 0.14 | FPS: 7272.5 | Var: dqn
Step: 1856512 | EPS: 0.55 | Rew: 0.21 | FPS: 6276.1 | Var: dqn
Step: 1857536 | EPS: 0.54 | Rew: 0.17 | FPS: 7318.1 | Var: dqn
Step: 1858560 | EPS: 0.54 | Rew: 0.10 | FPS: 6939.6 | Var: dqn
Step: 1859584 | EPS: 0.54 | Rew: 0.08 | FPS: 6900.5 | Var: dqn
Step: 1860608 | EPS: 0.54 | Rew: 0.06 | FPS: 7695.8 | Var: dqn
Step: 1861632 | EPS: 0.54 | Rew: 0.02 | FPS: 6921.5 | Var: dqn
Step: 1862656 | EPS: 0.54 | Rew: 0.07 | FPS: 6068.0 | Var: dqn
Step: 1863680 | EPS: 0.54 | Rew: 0.12 | FPS: 7508.7 | Var: dqn
Step: 1864704 | EPS: 0.54 | Rew: 0.19 | FPS: 6913.6 | Var: dqn
Step: 1865728 | EPS: 0.54 | Rew: 0.21 | FPS: 6646.9 | Var: dqn
Step: 1866752 | EPS: 0.54 | Rew: 0.28 | FPS: 7488.6 | Var: dqn
Step: 1867776 | EPS: 0.54 | Rew: 0.24 | FPS: 6724.9 | Var: dqn
Step: 1868800 | EPS: 0.54 | Rew: 0.17 | FPS: 7470.3 | Var: dqn
Step: 1869824 | EPS: 0.54 | Rew: 0.04 | FPS: 6544.5 | Var: dqn
Step: 1870848 | EPS: 0.54 | Rew: 0.02 | FPS: 7571.3 | Var: dqn
Step: 1871872 | EPS: 0.54 | Rew: -0.01 | FPS: 7220.1 | Var: dqn
Step: 1872896 | EPS: 0.54 | Rew: 0.08 | FPS: 7352.9 | Var: dqn
Step: 1873920 | EPS: 0.54 | Rew: 0.10 | FPS: 5749.1 | Var: dqn
Step: 1874944 | EPS: 0.54 | Rew: 0.12 | FPS: 7092.0 | Var: dqn
Step: 1875968 | EPS: 0.54 | Rew: 0.11 | FPS: 5925.9 | Var: dqn
Step: 1876992 | EPS: 0.54 | Rew: 0.07 | FPS: 6979.6 | Var: dqn
Step: 1878016 | EPS: 0.54 | Rew: 0.02 | FPS: 6479.9 | Var: dqn
Step: 1879040 | EPS: 0.54 | Rew: 0.02 | FPS: 6350.7 | Var: dqn
Step: 1880064 | EPS: 0.54 | Rew: 0.03 | FPS: 6499.3 | Var: dqn
Step: 1881088 | EPS: 0.54 | Rew: 0.08 | FPS: 4859.8 | Var: dqn
Step: 1882112 | EPS: 0.54 | Rew: 0.11 | FPS: 8534.5 | Var: dqn
Step: 1883136 | EPS: 0.54 | Rew: 0.20 | FPS: 6735.6 | Var: dqn
Step: 1884160 | EPS: 0.54 | Rew: 0.20 | FPS: 5870.9 | Var: dqn
Step: 1885184 | EPS: 0.54 | Rew: 0.23 | FPS: 7312.4 | Var: dqn
Step: 1886208 | EPS: 0.54 | Rew: 0.18 | FPS: 5900.2 | Var: dqn
Step: 1887232 | EPS: 0.54 | Rew: 0.19 | FPS: 7017.7 | Var: dqn
Step: 1888256 | EPS: 0.54 | Rew: 0.16 | FPS: 6268.3 | Var: dqn
Step: 1889280 | EPS: 0.54 | Rew: 0.08 | FPS: 6692.9 | Var: dqn
Step: 1890304 | EPS: 0.54 | Rew: 0.10 | FPS: 7180.1 | Var: dqn
Step: 1891328 | EPS: 0.54 | Rew: 0.15 | FPS: 6542.5 | Var: dqn
Step: 1892352 | EPS: 0.54 | Rew: 0.05 | FPS: 7793.0 | Var: dqn
Step: 1893376 | EPS: 0.54 | Rew: 0.03 | FPS: 8614.8 | Var: dqn
Step: 1894400 | EPS: 0.54 | Rew: 0.05 | FPS: 7314.6 | Var: dqn
Step: 1895424 | EPS: 0.54 | Rew: 0.02 | FPS: 6742.9 | Var: dqn
Step: 1896448 | EPS: 0.54 | Rew: 0.08 | FPS: 7727.2 | Var: dqn
Step: 1897472 | EPS: 0.54 | Rew: 0.10 | FPS: 6276.7 | Var: dqn
Step: 1898496 | EPS: 0.53 | Rew: 0.09 | FPS: 5818.5 | Var: dqn
Step: 1899520 | EPS: 0.53 | Rew: 0.04 | FPS: 5449.3 | Var: dqn
Step: 1900544 | EPS: 0.53 | Rew: 0.11 | FPS: 6028.2 | Var: dqn
Step: 1901568 | EPS: 0.53 | Rew: 0.13 | FPS: 6244.8 | Var: dqn
Step: 1902592 | EPS: 0.53 | Rew: 0.13 | FPS: 7692.7 | Var: dqn
Step: 1903616 | EPS: 0.53 | Rew: 0.17 | FPS: 6394.9 | Var: dqn
Step: 1904640 | EPS: 0.53 | Rew: 0.13 | FPS: 6723.0 | Var: dqn
Step: 1905664 | EPS: 0.53 | Rew: 0.09 | FPS: 6821.4 | Var: dqn
Step: 1906688 | EPS: 0.53 | Rew: 0.11 | FPS: 5612.1 | Var: dqn
Step: 1907712 | EPS: 0.53 | Rew: 0.12 | FPS: 7717.2 | Var: dqn
Step: 1908736 | EPS: 0.53 | Rew: 0.13 | FPS: 7199.0 | Var: dqn
Step: 1909760 | EPS: 0.53 | Rew: 0.15 | FPS: 8770.0 | Var: dqn
Step: 1910784 | EPS: 0.53 | Rew: 0.23 | FPS: 11005.1 | Var: dqn
Step: 1911808 | EPS: 0.53 | Rew: 0.23 | FPS: 7438.5 | Var: dqn
Step: 1912832 | EPS: 0.53 | Rew: 0.22 | FPS: 6407.9 | Var: dqn
Step: 1913856 | EPS: 0.53 | Rew: 0.19 | FPS: 7334.1 | Var: dqn
Step: 1914880 | EPS: 0.53 | Rew: 0.18 | FPS: 6208.9 | Var: dqn
Step: 1915904 | EPS: 0.53 | Rew: 0.26 | FPS: 6597.9 | Var: dqn
Step: 1916928 | EPS: 0.53 | Rew: 0.23 | FPS: 6755.4 | Var: dqn
Step: 1917952 | EPS: 0.53 | Rew: 0.13 | FPS: 6080.8 | Var: dqn
Step: 1918976 | EPS: 0.53 | Rew: 0.19 | FPS: 6684.0 | Var: dqn
Step: 1920000 | EPS: 0.53 | Rew: 0.21 | FPS: 5523.7 | Var: dqn
Step: 1921024 | EPS: 0.53 | Rew: 0.19 | FPS: 7525.1 | Var: dqn
Step: 1922048 | EPS: 0.53 | Rew: 0.16 | FPS: 5822.7 | Var: dqn
Step: 1923072 | EPS: 0.53 | Rew: 0.27 | FPS: 8047.5 | Var: dqn
Step: 1924096 | EPS: 0.53 | Rew: 0.31 | FPS: 11056.8 | Var: dqn
Step: 1925120 | EPS: 0.53 | Rew: 0.24 | FPS: 9158.7 | Var: dqn
Step: 1926144 | EPS: 0.53 | Rew: 0.22 | FPS: 8207.4 | Var: dqn
Step: 1927168 | EPS: 0.53 | Rew: 0.16 | FPS: 8010.6 | Var: dqn
Step: 1928192 | EPS: 0.53 | Rew: 0.25 | FPS: 5501.6 | Var: dqn
Step: 1929216 | EPS: 0.53 | Rew: 0.23 | FPS: 6189.1 | Var: dqn
Step: 1930240 | EPS: 0.53 | Rew: 0.28 | FPS: 6268.3 | Var: dqn
Step: 1931264 | EPS: 0.53 | Rew: 0.37 | FPS: 5606.6 | Var: dqn
>>> [Best] Saved -> agent/checkpoints/dqn_pretrain.pth | Rew 0.37
Step: 1932288 | EPS: 0.53 | Rew: 0.36 | FPS: 5074.2 | Var: dqn
Step: 1933312 | EPS: 0.53 | Rew: 0.40 | FPS: 5036.9 | Var: dqn
Step: 1934336 | EPS: 0.53 | Rew: 0.36 | FPS: 5931.7 | Var: dqn
Step: 1935360 | EPS: 0.53 | Rew: 0.31 | FPS: 7067.1 | Var: dqn
Step: 1936384 | EPS: 0.53 | Rew: 0.29 | FPS: 4881.2 | Var: dqn
Step: 1937408 | EPS: 0.53 | Rew: 0.37 | FPS: 6477.2 | Var: dqn
Step: 1938432 | EPS: 0.53 | Rew: 0.34 | FPS: 5671.1 | Var: dqn
Step: 1939456 | EPS: 0.52 | Rew: 0.35 | FPS: 6337.6 | Var: dqn
Step: 1940480 | EPS: 0.52 | Rew: 0.37 | FPS: 5911.5 | Var: dqn
Step: 1941504 | EPS: 0.52 | Rew: 0.34 | FPS: 6752.9 | Var: dqn
Step: 1942528 | EPS: 0.52 | Rew: 0.28 | FPS: 6829.1 | Var: dqn
Step: 1943552 | EPS: 0.52 | Rew: 0.25 | FPS: 6765.0 | Var: dqn
Step: 1944576 | EPS: 0.52 | Rew: 0.33 | FPS: 6791.6 | Var: dqn
Step: 1945600 | EPS: 0.52 | Rew: 0.29 | FPS: 6421.1 | Var: dqn
Step: 1946624 | EPS: 0.52 | Rew: 0.29 | FPS: 6950.7 | Var: dqn
Step: 1947648 | EPS: 0.52 | Rew: 0.24 | FPS: 8555.7 | Var: dqn
Step: 1948672 | EPS: 0.52 | Rew: 0.29 | FPS: 5828.1 | Var: dqn
Step: 1949696 | EPS: 0.52 | Rew: 0.13 | FPS: 6158.4 | Var: dqn
Step: 1950720 | EPS: 0.52 | Rew: 0.12 | FPS: 5352.2 | Var: dqn
Step: 1951744 | EPS: 0.52 | Rew: 0.18 | FPS: 6047.9 | Var: dqn
Step: 1952768 | EPS: 0.52 | Rew: 0.26 | FPS: 4552.0 | Var: dqn
Step: 1953792 | EPS: 0.52 | Rew: 0.24 | FPS: 4893.1 | Var: dqn
Step: 1954816 | EPS: 0.52 | Rew: 0.29 | FPS: 7277.1 | Var: dqn
Step: 1955840 | EPS: 0.52 | Rew: 0.32 | FPS: 8063.1 | Var: dqn
Step: 1956864 | EPS: 0.52 | Rew: 0.36 | FPS: 7337.7 | Var: dqn
Step: 1957888 | EPS: 0.52 | Rew: 0.23 | FPS: 7373.0 | Var: dqn
Step: 1958912 | EPS: 0.52 | Rew: 0.09 | FPS: 5527.9 | Var: dqn
Step: 1959936 | EPS: 0.52 | Rew: 0.10 | FPS: 6945.2 | Var: dqn
Step: 1960960 | EPS: 0.52 | Rew: 0.18 | FPS: 7738.1 | Var: dqn
Step: 1961984 | EPS: 0.52 | Rew: 0.19 | FPS: 7887.6 | Var: dqn
Step: 1963008 | EPS: 0.52 | Rew: 0.24 | FPS: 6850.7 | Var: dqn
Step: 1964032 | EPS: 0.52 | Rew: 0.29 | FPS: 8353.9 | Var: dqn
Step: 1965056 | EPS: 0.52 | Rew: 0.33 | FPS: 7429.7 | Var: dqn
Step: 1966080 | EPS: 0.52 | Rew: 0.29 | FPS: 8020.1 | Var: dqn
Step: 1967104 | EPS: 0.52 | Rew: 0.25 | FPS: 7895.8 | Var: dqn
Step: 1968128 | EPS: 0.52 | Rew: 0.24 | FPS: 6385.4 | Var: dqn
Step: 1969152 | EPS: 0.52 | Rew: 0.18 | FPS: 5902.7 | Var: dqn
Step: 1970176 | EPS: 0.52 | Rew: 0.11 | FPS: 5783.0 | Var: dqn
Step: 1971200 | EPS: 0.52 | Rew: 0.16 | FPS: 8262.7 | Var: dqn
Step: 1972224 | EPS: 0.52 | Rew: 0.12 | FPS: 7289.0 | Var: dqn
Step: 1973248 | EPS: 0.52 | Rew: 0.14 | FPS: 5713.9 | Var: dqn
Step: 1974272 | EPS: 0.52 | Rew: 0.21 | FPS: 6141.6 | Var: dqn
Step: 1975296 | EPS: 0.52 | Rew: 0.25 | FPS: 7854.0 | Var: dqn
Step: 1976320 | EPS: 0.52 | Rew: 0.33 | FPS: 6710.3 | Var: dqn
Step: 1977344 | EPS: 0.52 | Rew: 0.32 | FPS: 7188.5 | Var: dqn
Step: 1978368 | EPS: 0.52 | Rew: 0.39 | FPS: 5596.0 | Var: dqn
Step: 1979392 | EPS: 0.52 | Rew: 0.43 | FPS: 6277.6 | Var: dqn
Step: 1980416 | EPS: 0.51 | Rew: 0.44 | FPS: 8189.3 | Var: dqn
Step: 1981440 | EPS: 0.51 | Rew: 0.35 | FPS: 5295.2 | Var: dqn
Step: 1982464 | EPS: 0.51 | Rew: 0.37 | FPS: 5733.0 | Var: dqn
Step: 1983488 | EPS: 0.51 | Rew: 0.34 | FPS: 7200.0 | Var: dqn
Step: 1984512 | EPS: 0.51 | Rew: 0.31 | FPS: 6772.4 | Var: dqn
Step: 1985536 | EPS: 0.51 | Rew: 0.38 | FPS: 5314.1 | Var: dqn
Step: 1986560 | EPS: 0.51 | Rew: 0.35 | FPS: 6985.6 | Var: dqn
Step: 1987584 | EPS: 0.51 | Rew: 0.30 | FPS: 5912.3 | Var: dqn
Step: 1988608 | EPS: 0.51 | Rew: 0.30 | FPS: 6168.1 | Var: dqn
Step: 1989632 | EPS: 0.51 | Rew: 0.24 | FPS: 6486.5 | Var: dqn
Step: 1990656 | EPS: 0.51 | Rew: 0.25 | FPS: 6298.0 | Var: dqn
Step: 1991680 | EPS: 0.51 | Rew: 0.20 | FPS: 7521.3 | Var: dqn
Step: 1992704 | EPS: 0.51 | Rew: 0.17 | FPS: 8083.3 | Var: dqn
Step: 1993728 | EPS: 0.51 | Rew: 0.15 | FPS: 7885.6 | Var: dqn
Step: 1994752 | EPS: 0.51 | Rew: 0.16 | FPS: 6700.1 | Var: dqn
Step: 1995776 | EPS: 0.51 | Rew: 0.29 | FPS: 7358.1 | Var: dqn
Step: 1996800 | EPS: 0.51 | Rew: 0.37 | FPS: 7104.2 | Var: dqn
Step: 1997824 | EPS: 0.51 | Rew: 0.35 | FPS: 7479.9 | Var: dqn
Step: 1998848 | EPS: 0.51 | Rew: 0.30 | FPS: 7228.1 | Var: dqn
Step: 1999872 | EPS: 0.51 | Rew: 0.42 | FPS: 6801.5 | Var: dqn
Step: 2000896 | EPS: 0.51 | Rew: 0.39 | FPS: 7288.3 | Var: dqn
Step: 2001920 | EPS: 0.51 | Rew: 0.29 | FPS: 7118.9 | Var: dqn
Step: 2002944 | EPS: 0.51 | Rew: 0.35 | FPS: 5839.9 | Var: dqn
Step: 2003968 | EPS: 0.51 | Rew: 0.43 | FPS: 5714.6 | Var: dqn
Step: 2004992 | EPS: 0.51 | Rew: 0.29 | FPS: 6398.9 | Var: dqn
Step: 2006016 | EPS: 0.51 | Rew: 0.24 | FPS: 7214.0 | Var: dqn
Step: 2007040 | EPS: 0.51 | Rew: 0.25 | FPS: 6835.3 | Var: dqn
Step: 2008064 | EPS: 0.51 | Rew: 0.31 | FPS: 6127.9 | Var: dqn
Step: 2009088 | EPS: 0.51 | Rew: 0.24 | FPS: 6019.2 | Var: dqn
Step: 2010112 | EPS: 0.51 | Rew: 0.19 | FPS: 7019.7 | Var: dqn
Step: 2011136 | EPS: 0.51 | Rew: 0.28 | FPS: 6755.7 | Var: dqn
Step: 2012160 | EPS: 0.51 | Rew: 0.20 | FPS: 4741.0 | Var: dqn
Step: 2013184 | EPS: 0.51 | Rew: 0.20 | FPS: 6600.1 | Var: dqn
Step: 2014208 | EPS: 0.51 | Rew: 0.16 | FPS: 7938.0 | Var: dqn
Step: 2015232 | EPS: 0.51 | Rew: 0.21 | FPS: 5799.4 | Var: dqn
Step: 2016256 | EPS: 0.51 | Rew: 0.20 | FPS: 6390.5 | Var: dqn
Step: 2017280 | EPS: 0.51 | Rew: 0.30 | FPS: 7531.6 | Var: dqn
Step: 2018304 | EPS: 0.51 | Rew: 0.28 | FPS: 5331.8 | Var: dqn
Step: 2019328 | EPS: 0.51 | Rew: 0.38 | FPS: 6501.6 | Var: dqn
Step: 2020352 | EPS: 0.51 | Rew: 0.38 | FPS: 7143.7 | Var: dqn
Step: 2021376 | EPS: 0.50 | Rew: 0.29 | FPS: 8594.2 | Var: dqn
Step: 2022400 | EPS: 0.50 | Rew: 0.21 | FPS: 6804.5 | Var: dqn
Step: 2023424 | EPS: 0.50 | Rew: 0.21 | FPS: 6715.2 | Var: dqn
Step: 2024448 | EPS: 0.50 | Rew: 0.18 | FPS: 5599.3 | Var: dqn
Step: 2025472 | EPS: 0.50 | Rew: 0.20 | FPS: 7383.8 | Var: dqn
Step: 2026496 | EPS: 0.50 | Rew: 0.18 | FPS: 6135.0 | Var: dqn
Step: 2027520 | EPS: 0.50 | Rew: 0.14 | FPS: 8153.6 | Var: dqn
Step: 2028544 | EPS: 0.50 | Rew: 0.23 | FPS: 6882.9 | Var: dqn
Step: 2029568 | EPS: 0.50 | Rew: 0.25 | FPS: 6222.0 | Var: dqn
Step: 2030592 | EPS: 0.50 | Rew: 0.20 | FPS: 7061.2 | Var: dqn
Step: 2031616 | EPS: 0.50 | Rew: 0.32 | FPS: 7637.5 | Var: dqn
Step: 2032640 | EPS: 0.50 | Rew: 0.44 | FPS: 6215.7 | Var: dqn
Step: 2033664 | EPS: 0.50 | Rew: 0.51 | FPS: 6092.8 | Var: dqn
Step: 2034688 | EPS: 0.50 | Rew: 0.47 | FPS: 4851.0 | Var: dqn
Step: 2035712 | EPS: 0.50 | Rew: 0.53 | FPS: 8745.7 | Var: dqn
Step: 2036736 | EPS: 0.50 | Rew: 0.51 | FPS: 6895.4 | Var: dqn
Step: 2037760 | EPS: 0.50 | Rew: 0.45 | FPS: 6761.3 | Var: dqn
Step: 2038784 | EPS: 0.50 | Rew: 0.43 | FPS: 7542.6 | Var: dqn
Step: 2039808 | EPS: 0.50 | Rew: 0.35 | FPS: 7868.5 | Var: dqn
Step: 2040832 | EPS: 0.50 | Rew: 0.34 | FPS: 7631.4 | Var: dqn
Step: 2041856 | EPS: 0.50 | Rew: 0.36 | FPS: 7456.0 | Var: dqn
Step: 2042880 | EPS: 0.50 | Rew: 0.37 | FPS: 8303.3 | Var: dqn
Step: 2043904 | EPS: 0.50 | Rew: 0.28 | FPS: 8353.5 | Var: dqn
Step: 2044928 | EPS: 0.50 | Rew: 0.30 | FPS: 6858.2 | Var: dqn
Step: 2045952 | EPS: 0.50 | Rew: 0.38 | FPS: 5356.6 | Var: dqn
Step: 2046976 | EPS: 0.50 | Rew: 0.39 | FPS: 6751.2 | Var: dqn
Step: 2048000 | EPS: 0.50 | Rew: 0.33 | FPS: 6102.2 | Var: dqn
Step: 2049024 | EPS: 0.50 | Rew: 0.32 | FPS: 6941.0 | Var: dqn
Step: 2050048 | EPS: 0.50 | Rew: 0.37 | FPS: 8250.4 | Var: dqn
Step: 2051072 | EPS: 0.50 | Rew: 0.26 | FPS: 5800.3 | Var: dqn
Step: 2052096 | EPS: 0.50 | Rew: 0.25 | FPS: 5727.9 | Var: dqn
Step: 2053120 | EPS: 0.50 | Rew: 0.35 | FPS: 6657.4 | Var: dqn
Step: 2054144 | EPS: 0.50 | Rew: 0.43 | FPS: 7390.1 | Var: dqn
Step: 2055168 | EPS: 0.50 | Rew: 0.38 | FPS: 6715.8 | Var: dqn
Step: 2056192 | EPS: 0.50 | Rew: 0.36 | FPS: 6955.2 | Var: dqn
Step: 2057216 | EPS: 0.50 | Rew: 0.38 | FPS: 6591.0 | Var: dqn
Step: 2058240 | EPS: 0.50 | Rew: 0.33 | FPS: 6611.3 | Var: dqn
Step: 2059264 | EPS: 0.50 | Rew: 0.32 | FPS: 6744.6 | Var: dqn
Step: 2060288 | EPS: 0.50 | Rew: 0.33 | FPS: 6742.0 | Var: dqn
Step: 2061312 | EPS: 0.49 | Rew: 0.37 | FPS: 5544.7 | Var: dqn
Step: 2062336 | EPS: 0.49 | Rew: 0.39 | FPS: 8328.9 | Var: dqn
Step: 2063360 | EPS: 0.49 | Rew: 0.36 | FPS: 6589.8 | Var: dqn
Step: 2064384 | EPS: 0.49 | Rew: 0.37 | FPS: 7913.3 | Var: dqn
Step: 2065408 | EPS: 0.49 | Rew: 0.31 | FPS: 6097.0 | Var: dqn
Step: 2066432 | EPS: 0.49 | Rew: 0.46 | FPS: 7911.6 | Var: dqn
Step: 2067456 | EPS: 0.49 | Rew: 0.46 | FPS: 5996.6 | Var: dqn
Step: 2068480 | EPS: 0.49 | Rew: 0.54 | FPS: 7489.3 | Var: dqn
Step: 2069504 | EPS: 0.49 | Rew: 0.50 | FPS: 7243.5 | Var: dqn
Step: 2070528 | EPS: 0.49 | Rew: 0.46 | FPS: 6969.6 | Var: dqn
Step: 2071552 | EPS: 0.49 | Rew: 0.35 | FPS: 5919.2 | Var: dqn
Step: 2072576 | EPS: 0.49 | Rew: 0.28 | FPS: 7424.4 | Var: dqn
Step: 2073600 | EPS: 0.49 | Rew: 0.27 | FPS: 6012.5 | Var: dqn
Step: 2074624 | EPS: 0.49 | Rew: 0.31 | FPS: 7539.4 | Var: dqn
Step: 2075648 | EPS: 0.49 | Rew: 0.46 | FPS: 8137.6 | Var: dqn
Step: 2076672 | EPS: 0.49 | Rew: 0.50 | FPS: 7151.6 | Var: dqn
Step: 2077696 | EPS: 0.49 | Rew: 0.45 | FPS: 7998.9 | Var: dqn
Step: 2078720 | EPS: 0.49 | Rew: 0.46 | FPS: 5808.2 | Var: dqn
Step: 2079744 | EPS: 0.49 | Rew: 0.44 | FPS: 6902.0 | Var: dqn
Step: 2080768 | EPS: 0.49 | Rew: 0.35 | FPS: 5971.4 | Var: dqn
Step: 2081792 | EPS: 0.49 | Rew: 0.26 | FPS: 6517.9 | Var: dqn
Step: 2082816 | EPS: 0.49 | Rew: 0.33 | FPS: 6615.0 | Var: dqn
Step: 2083840 | EPS: 0.49 | Rew: 0.33 | FPS: 6600.5 | Var: dqn
Step: 2084864 | EPS: 0.49 | Rew: 0.30 | FPS: 6651.4 | Var: dqn
Step: 2085888 | EPS: 0.49 | Rew: 0.41 | FPS: 6288.6 | Var: dqn
Step: 2086912 | EPS: 0.49 | Rew: 0.39 | FPS: 5379.6 | Var: dqn
Step: 2087936 | EPS: 0.49 | Rew: 0.38 | FPS: 5511.0 | Var: dqn
Step: 2088960 | EPS: 0.49 | Rew: 0.38 | FPS: 6393.5 | Var: dqn
Step: 2089984 | EPS: 0.49 | Rew: 0.38 | FPS: 7042.5 | Var: dqn
Step: 2091008 | EPS: 0.49 | Rew: 0.34 | FPS: 6462.9 | Var: dqn
Step: 2092032 | EPS: 0.49 | Rew: 0.33 | FPS: 6772.2 | Var: dqn
Step: 2093056 | EPS: 0.49 | Rew: 0.38 | FPS: 5597.2 | Var: dqn
Step: 2094080 | EPS: 0.49 | Rew: 0.52 | FPS: 8127.7 | Var: dqn
Step: 2095104 | EPS: 0.49 | Rew: 0.55 | FPS: 6738.4 | Var: dqn
Step: 2096128 | EPS: 0.49 | Rew: 0.50 | FPS: 6892.6 | Var: dqn
Step: 2097152 | EPS: 0.49 | Rew: 0.50 | FPS: 5524.6 | Var: dqn
Step: 2098176 | EPS: 0.49 | Rew: 0.43 | FPS: 5735.6 | Var: dqn
Step: 2099200 | EPS: 0.49 | Rew: 0.34 | FPS: 7005.7 | Var: dqn
Step: 2100224 | EPS: 0.49 | Rew: 0.41 | FPS: 5879.9 | Var: dqn
Step: 2101248 | EPS: 0.49 | Rew: 0.51 | FPS: 8199.1 | Var: dqn
Step: 2102272 | EPS: 0.48 | Rew: 0.40 | FPS: 7505.3 | Var: dqn
Step: 2103296 | EPS: 0.48 | Rew: 0.44 | FPS: 4873.8 | Var: dqn
Step: 2104320 | EPS: 0.48 | Rew: 0.46 | FPS: 6136.3 | Var: dqn
Step: 2105344 | EPS: 0.48 | Rew: 0.39 | FPS: 5694.7 | Var: dqn
Step: 2106368 | EPS: 0.48 | Rew: 0.43 | FPS: 4849.6 | Var: dqn
Step: 2107392 | EPS: 0.48 | Rew: 0.36 | FPS: 6539.8 | Var: dqn
Step: 2108416 | EPS: 0.48 | Rew: 0.39 | FPS: 6940.1 | Var: dqn
Step: 2109440 | EPS: 0.48 | Rew: 0.32 | FPS: 5596.7 | Var: dqn
Step: 2110464 | EPS: 0.48 | Rew: 0.34 | FPS: 5869.0 | Var: dqn
Step: 2111488 | EPS: 0.48 | Rew: 0.32 | FPS: 7394.6 | Var: dqn
Step: 2112512 | EPS: 0.48 | Rew: 0.41 | FPS: 5801.8 | Var: dqn
Step: 2113536 | EPS: 0.48 | Rew: 0.41 | FPS: 7619.7 | Var: dqn
Step: 2114560 | EPS: 0.48 | Rew: 0.45 | FPS: 5774.6 | Var: dqn
Step: 2115584 | EPS: 0.48 | Rew: 0.44 | FPS: 6505.3 | Var: dqn
Step: 2116608 | EPS: 0.48 | Rew: 0.49 | FPS: 5880.9 | Var: dqn
Step: 2117632 | EPS: 0.48 | Rew: 0.40 | FPS: 6915.4 | Var: dqn
Step: 2118656 | EPS: 0.48 | Rew: 0.45 | FPS: 5620.8 | Var: dqn
Step: 2119680 | EPS: 0.48 | Rew: 0.40 | FPS: 7131.6 | Var: dqn
Step: 2120704 | EPS: 0.48 | Rew: 0.44 | FPS: 6841.6 | Var: dqn
Step: 2121728 | EPS: 0.48 | Rew: 0.47 | FPS: 7184.7 | Var: dqn
Step: 2122752 | EPS: 0.48 | Rew: 0.41 | FPS: 7101.4 | Var: dqn
Step: 2123776 | EPS: 0.48 | Rew: 0.42 | FPS: 6832.6 | Var: dqn
Step: 2124800 | EPS: 0.48 | Rew: 0.52 | FPS: 6427.3 | Var: dqn
Step: 2125824 | EPS: 0.48 | Rew: 0.48 | FPS: 6368.4 | Var: dqn
Step: 2126848 | EPS: 0.48 | Rew: 0.38 | FPS: 4988.9 | Var: dqn
Step: 2127872 | EPS: 0.48 | Rew: 0.42 | FPS: 6575.1 | Var: dqn
Step: 2128896 | EPS: 0.48 | Rew: 0.44 | FPS: 5875.7 | Var: dqn
Step: 2129920 | EPS: 0.48 | Rew: 0.33 | FPS: 5998.7 | Var: dqn
Step: 2130944 | EPS: 0.48 | Rew: 0.43 | FPS: 5304.1 | Var: dqn
Step: 2131968 | EPS: 0.48 | Rew: 0.58 | FPS: 7124.5 | Var: dqn
Step: 2132992 | EPS: 0.48 | Rew: 0.66 | FPS: 6025.9 | Var: dqn
Step: 2134016 | EPS: 0.48 | Rew: 0.53 | FPS: 5175.9 | Var: dqn
Step: 2135040 | EPS: 0.48 | Rew: 0.60 | FPS: 6689.4 | Var: dqn
Step: 2136064 | EPS: 0.48 | Rew: 0.63 | FPS: 6112.1 | Var: dqn
Step: 2137088 | EPS: 0.48 | Rew: 0.53 | FPS: 7361.1 | Var: dqn
Step: 2138112 | EPS: 0.48 | Rew: 0.44 | FPS: 6132.8 | Var: dqn
Step: 2139136 | EPS: 0.48 | Rew: 0.54 | FPS: 6154.0 | Var: dqn
Step: 2140160 | EPS: 0.48 | Rew: 0.49 | FPS: 7834.9 | Var: dqn
Step: 2141184 | EPS: 0.48 | Rew: 0.47 | FPS: 5322.7 | Var: dqn
Step: 2142208 | EPS: 0.48 | Rew: 0.42 | FPS: 8095.9 | Var: dqn
Step: 2143232 | EPS: 0.47 | Rew: 0.47 | FPS: 6349.2 | Var: dqn
Step: 2144256 | EPS: 0.47 | Rew: 0.45 | FPS: 6672.4 | Var: dqn
Step: 2145280 | EPS: 0.47 | Rew: 0.46 | FPS: 5423.2 | Var: dqn
Step: 2146304 | EPS: 0.47 | Rew: 0.46 | FPS: 7631.4 | Var: dqn
Step: 2147328 | EPS: 0.47 | Rew: 0.36 | FPS: 5512.3 | Var: dqn
Step: 2148352 | EPS: 0.47 | Rew: 0.37 | FPS: 7368.6 | Var: dqn
Step: 2149376 | EPS: 0.47 | Rew: 0.28 | FPS: 7975.7 | Var: dqn
Step: 2150400 | EPS: 0.47 | Rew: 0.24 | FPS: 9090.8 | Var: dqn
Step: 2151424 | EPS: 0.47 | Rew: 0.33 | FPS: 6628.0 | Var: dqn
Step: 2152448 | EPS: 0.47 | Rew: 0.43 | FPS: 6942.3 | Var: dqn
Step: 2153472 | EPS: 0.47 | Rew: 0.51 | FPS: 6157.3 | Var: dqn
Step: 2154496 | EPS: 0.47 | Rew: 0.56 | FPS: 7541.8 | Var: dqn
Step: 2155520 | EPS: 0.47 | Rew: 0.54 | FPS: 5536.2 | Var: dqn
Step: 2156544 | EPS: 0.47 | Rew: 0.47 | FPS: 6860.5 | Var: dqn
Step: 2157568 | EPS: 0.47 | Rew: 0.48 | FPS: 5402.6 | Var: dqn
Step: 2158592 | EPS: 0.47 | Rew: 0.45 | FPS: 6687.7 | Var: dqn
Step: 2159616 | EPS: 0.47 | Rew: 0.41 | FPS: 6122.0 | Var: dqn
Step: 2160640 | EPS: 0.47 | Rew: 0.50 | FPS: 8329.6 | Var: dqn
Step: 2161664 | EPS: 0.47 | Rew: 0.48 | FPS: 6091.6 | Var: dqn
Step: 2162688 | EPS: 0.47 | Rew: 0.47 | FPS: 6750.0 | Var: dqn
Step: 2163712 | EPS: 0.47 | Rew: 0.46 | FPS: 8350.1 | Var: dqn
Step: 2164736 | EPS: 0.47 | Rew: 0.35 | FPS: 6340.0 | Var: dqn
Step: 2165760 | EPS: 0.47 | Rew: 0.35 | FPS: 5640.5 | Var: dqn
Step: 2166784 | EPS: 0.47 | Rew: 0.24 | FPS: 6960.4 | Var: dqn
Step: 2167808 | EPS: 0.47 | Rew: 0.41 | FPS: 6734.7 | Var: dqn
Step: 2168832 | EPS: 0.47 | Rew: 0.48 | FPS: 5992.1 | Var: dqn
Step: 2169856 | EPS: 0.47 | Rew: 0.54 | FPS: 6824.2 | Var: dqn
Step: 2170880 | EPS: 0.47 | Rew: 0.52 | FPS: 6612.8 | Var: dqn
Step: 2171904 | EPS: 0.47 | Rew: 0.62 | FPS: 5767.6 | Var: dqn
Step: 2172928 | EPS: 0.47 | Rew: 0.43 | FPS: 6759.9 | Var: dqn
Step: 2173952 | EPS: 0.47 | Rew: 0.44 | FPS: 5378.7 | Var: dqn
Step: 2174976 | EPS: 0.47 | Rew: 0.54 | FPS: 6095.3 | Var: dqn
Step: 2176000 | EPS: 0.47 | Rew: 0.46 | FPS: 7044.9 | Var: dqn
Step: 2177024 | EPS: 0.47 | Rew: 0.39 | FPS: 8648.7 | Var: dqn
Step: 2178048 | EPS: 0.47 | Rew: 0.48 | FPS: 7254.9 | Var: dqn
Step: 2179072 | EPS: 0.47 | Rew: 0.41 | FPS: 6447.0 | Var: dqn
Step: 2180096 | EPS: 0.47 | Rew: 0.30 | FPS: 6070.9 | Var: dqn
Step: 2181120 | EPS: 0.47 | Rew: 0.35 | FPS: 6683.8 | Var: dqn
Step: 2182144 | EPS: 0.47 | Rew: 0.27 | FPS: 7676.8 | Var: dqn
Step: 2183168 | EPS: 0.47 | Rew: 0.20 | FPS: 6917.6 | Var: dqn
Step: 2184192 | EPS: 0.46 | Rew: 0.29 | FPS: 7094.3 | Var: dqn
Step: 2185216 | EPS: 0.46 | Rew: 0.35 | FPS: 8286.5 | Var: dqn
Step: 2186240 | EPS: 0.46 | Rew: 0.31 | FPS: 6745.3 | Var: dqn
Step: 2187264 | EPS: 0.46 | Rew: 0.28 | FPS: 5400.7 | Var: dqn
Step: 2188288 | EPS: 0.46 | Rew: 0.31 | FPS: 4581.8 | Var: dqn
Step: 2189312 | EPS: 0.46 | Rew: 0.30 | FPS: 7521.4 | Var: dqn
Step: 2190336 | EPS: 0.46 | Rew: 0.35 | FPS: 7152.5 | Var: dqn
Step: 2191360 | EPS: 0.46 | Rew: 0.41 | FPS: 8230.9 | Var: dqn
Step: 2192384 | EPS: 0.46 | Rew: 0.49 | FPS: 5733.5 | Var: dqn
Step: 2193408 | EPS: 0.46 | Rew: 0.56 | FPS: 6783.5 | Var: dqn
Step: 2194432 | EPS: 0.46 | Rew: 0.56 | FPS: 7957.4 | Var: dqn
Step: 2195456 | EPS: 0.46 | Rew: 0.52 | FPS: 7875.2 | Var: dqn
Step: 2196480 | EPS: 0.46 | Rew: 0.54 | FPS: 7163.9 | Var: dqn
Step: 2197504 | EPS: 0.46 | Rew: 0.50 | FPS: 6858.7 | Var: dqn
Step: 2198528 | EPS: 0.46 | Rew: 0.43 | FPS: 7076.2 | Var: dqn
Step: 2199552 | EPS: 0.46 | Rew: 0.39 | FPS: 6224.5 | Var: dqn
Step: 2200576 | EPS: 0.46 | Rew: 0.43 | FPS: 6883.1 | Var: dqn
Step: 2201600 | EPS: 0.46 | Rew: 0.36 | FPS: 6572.2 | Var: dqn
Step: 2202624 | EPS: 0.46 | Rew: 0.41 | FPS: 6637.3 | Var: dqn
Step: 2203648 | EPS: 0.46 | Rew: 0.47 | FPS: 8255.7 | Var: dqn
Step: 2204672 | EPS: 0.46 | Rew: 0.50 | FPS: 6829.2 | Var: dqn
Step: 2205696 | EPS: 0.46 | Rew: 0.45 | FPS: 7401.0 | Var: dqn
Step: 2206720 | EPS: 0.46 | Rew: 0.43 | FPS: 5968.2 | Var: dqn
Step: 2207744 | EPS: 0.46 | Rew: 0.49 | FPS: 7156.6 | Var: dqn
Step: 2208768 | EPS: 0.46 | Rew: 0.43 | FPS: 6616.6 | Var: dqn
Step: 2209792 | EPS: 0.46 | Rew: 0.40 | FPS: 5933.0 | Var: dqn
Step: 2210816 | EPS: 0.46 | Rew: 0.43 | FPS: 5612.4 | Var: dqn
Step: 2211840 | EPS: 0.46 | Rew: 0.50 | FPS: 5661.0 | Var: dqn
Step: 2212864 | EPS: 0.46 | Rew: 0.55 | FPS: 8310.9 | Var: dqn
Step: 2213888 | EPS: 0.46 | Rew: 0.52 | FPS: 7306.7 | Var: dqn
Step: 2214912 | EPS: 0.46 | Rew: 0.62 | FPS: 5342.8 | Var: dqn
Step: 2215936 | EPS: 0.46 | Rew: 0.61 | FPS: 4696.1 | Var: dqn
Step: 2216960 | EPS: 0.46 | Rew: 0.65 | FPS: 6399.3 | Var: dqn
Step: 2217984 | EPS: 0.46 | Rew: 0.59 | FPS: 6413.2 | Var: dqn
Step: 2219008 | EPS: 0.46 | Rew: 0.58 | FPS: 6378.4 | Var: dqn
Step: 2220032 | EPS: 0.46 | Rew: 0.56 | FPS: 6560.8 | Var: dqn
Step: 2221056 | EPS: 0.46 | Rew: 0.54 | FPS: 6716.4 | Var: dqn
Step: 2222080 | EPS: 0.46 | Rew: 0.50 | FPS: 6361.5 | Var: dqn
Step: 2223104 | EPS: 0.46 | Rew: 0.43 | FPS: 8452.0 | Var: dqn
Step: 2224128 | EPS: 0.46 | Rew: 0.39 | FPS: 6595.7 | Var: dqn
Step: 2225152 | EPS: 0.45 | Rew: 0.49 | FPS: 6240.5 | Var: dqn
Step: 2226176 | EPS: 0.45 | Rew: 0.46 | FPS: 6017.9 | Var: dqn
Step: 2227200 | EPS: 0.45 | Rew: 0.41 | FPS: 8331.6 | Var: dqn
Step: 2228224 | EPS: 0.45 | Rew: 0.44 | FPS: 5810.9 | Var: dqn
Step: 2229248 | EPS: 0.45 | Rew: 0.53 | FPS: 8511.7 | Var: dqn
Step: 2230272 | EPS: 0.45 | Rew: 0.47 | FPS: 6755.9 | Var: dqn
Step: 2231296 | EPS: 0.45 | Rew: 0.56 | FPS: 7523.8 | Var: dqn
Step: 2232320 | EPS: 0.45 | Rew: 0.54 | FPS: 5899.0 | Var: dqn
Step: 2233344 | EPS: 0.45 | Rew: 0.63 | FPS: 6853.2 | Var: dqn
Step: 2234368 | EPS: 0.45 | Rew: 0.52 | FPS: 6590.1 | Var: dqn
Step: 2235392 | EPS: 0.45 | Rew: 0.47 | FPS: 6750.4 | Var: dqn
Step: 2236416 | EPS: 0.45 | Rew: 0.42 | FPS: 6842.9 | Var: dqn
Step: 2237440 | EPS: 0.45 | Rew: 0.45 | FPS: 5973.0 | Var: dqn
Step: 2238464 | EPS: 0.45 | Rew: 0.41 | FPS: 6026.7 | Var: dqn
Step: 2239488 | EPS: 0.45 | Rew: 0.51 | FPS: 7467.2 | Var: dqn
Step: 2240512 | EPS: 0.45 | Rew: 0.53 | FPS: 9170.5 | Var: dqn
Step: 2241536 | EPS: 0.45 | Rew: 0.64 | FPS: 6858.8 | Var: dqn
Step: 2242560 | EPS: 0.45 | Rew: 0.56 | FPS: 6212.0 | Var: dqn
Step: 2243584 | EPS: 0.45 | Rew: 0.48 | FPS: 5494.9 | Var: dqn
Step: 2244608 | EPS: 0.45 | Rew: 0.43 | FPS: 4576.9 | Var: dqn
Step: 2245632 | EPS: 0.45 | Rew: 0.43 | FPS: 6364.1 | Var: dqn
Step: 2246656 | EPS: 0.45 | Rew: 0.48 | FPS: 7371.5 | Var: dqn
Step: 2247680 | EPS: 0.45 | Rew: 0.50 | FPS: 6004.2 | Var: dqn
Step: 2248704 | EPS: 0.45 | Rew: 0.64 | FPS: 7090.6 | Var: dqn
Step: 2249728 | EPS: 0.45 | Rew: 0.58 | FPS: 6426.1 | Var: dqn
Step: 2250752 | EPS: 0.45 | Rew: 0.47 | FPS: 6959.7 | Var: dqn
Step: 2251776 | EPS: 0.45 | Rew: 0.45 | FPS: 6597.2 | Var: dqn
Step: 2252800 | EPS: 0.45 | Rew: 0.62 | FPS: 6340.7 | Var: dqn
Step: 2253824 | EPS: 0.45 | Rew: 0.67 | FPS: 6086.7 | Var: dqn
Step: 2254848 | EPS: 0.45 | Rew: 0.67 | FPS: 6945.6 | Var: dqn
Step: 2255872 | EPS: 0.45 | Rew: 0.69 | FPS: 6860.2 | Var: dqn
Step: 2256896 | EPS: 0.45 | Rew: 0.73 | FPS: 4772.7 | Var: dqn
Step: 2257920 | EPS: 0.45 | Rew: 0.65 | FPS: 6171.9 | Var: dqn
Step: 2258944 | EPS: 0.45 | Rew: 0.53 | FPS: 5226.8 | Var: dqn
Step: 2259968 | EPS: 0.45 | Rew: 0.52 | FPS: 6541.2 | Var: dqn
Step: 2260992 | EPS: 0.45 | Rew: 0.57 | FPS: 7527.0 | Var: dqn
Step: 2262016 | EPS: 0.45 | Rew: 0.53 | FPS: 7633.6 | Var: dqn
Step: 2263040 | EPS: 0.45 | Rew: 0.62 | FPS: 5921.9 | Var: dqn
Step: 2264064 | EPS: 0.45 | Rew: 0.53 | FPS: 7369.0 | Var: dqn
Step: 2265088 | EPS: 0.45 | Rew: 0.56 | FPS: 6811.5 | Var: dqn
Step: 2266112 | EPS: 0.44 | Rew: 0.53 | FPS: 5838.7 | Var: dqn
Step: 2267136 | EPS: 0.44 | Rew: 0.57 | FPS: 7335.3 | Var: dqn
Step: 2268160 | EPS: 0.44 | Rew: 0.55 | FPS: 6918.9 | Var: dqn
Step: 2269184 | EPS: 0.44 | Rew: 0.67 | FPS: 6474.7 | Var: dqn
Step: 2270208 | EPS: 0.44 | Rew: 0.65 | FPS: 8022.9 | Var: dqn
Step: 2271232 | EPS: 0.44 | Rew: 0.68 | FPS: 6909.5 | Var: dqn
Step: 2272256 | EPS: 0.44 | Rew: 0.62 | FPS: 6432.4 | Var: dqn
Step: 2273280 | EPS: 0.44 | Rew: 0.62 | FPS: 6141.6 | Var: dqn
Step: 2274304 | EPS: 0.44 | Rew: 0.61 | FPS: 5938.8 | Var: dqn
Step: 2275328 | EPS: 0.44 | Rew: 0.55 | FPS: 6889.7 | Var: dqn
Step: 2276352 | EPS: 0.44 | Rew: 0.50 | FPS: 6745.9 | Var: dqn
Step: 2277376 | EPS: 0.44 | Rew: 0.50 | FPS: 8514.8 | Var: dqn
Step: 2278400 | EPS: 0.44 | Rew: 0.54 | FPS: 8440.4 | Var: dqn
Step: 2279424 | EPS: 0.44 | Rew: 0.71 | FPS: 8470.9 | Var: dqn
Step: 2280448 | EPS: 0.44 | Rew: 0.65 | FPS: 5385.8 | Var: dqn
Step: 2281472 | EPS: 0.44 | Rew: 0.68 | FPS: 5431.9 | Var: dqn
Step: 2282496 | EPS: 0.44 | Rew: 0.68 | FPS: 6544.9 | Var: dqn
Step: 2283520 | EPS: 0.44 | Rew: 0.40 | FPS: 7084.9 | Var: dqn
Step: 2284544 | EPS: 0.44 | Rew: 0.36 | FPS: 6929.4 | Var: dqn
Step: 2285568 | EPS: 0.44 | Rew: 0.58 | FPS: 6475.3 | Var: dqn
Step: 2286592 | EPS: 0.44 | Rew: 0.51 | FPS: 6395.8 | Var: dqn
Step: 2287616 | EPS: 0.44 | Rew: 0.49 | FPS: 5965.3 | Var: dqn
Step: 2288640 | EPS: 0.44 | Rew: 0.66 | FPS: 6999.0 | Var: dqn
Step: 2289664 | EPS: 0.44 | Rew: 0.75 | FPS: 7036.9 | Var: dqn
Step: 2290688 | EPS: 0.44 | Rew: 0.57 | FPS: 5662.0 | Var: dqn
Step: 2291712 | EPS: 0.44 | Rew: 0.64 | FPS: 6221.9 | Var: dqn
Step: 2292736 | EPS: 0.44 | Rew: 0.56 | FPS: 7267.2 | Var: dqn
Step: 2293760 | EPS: 0.44 | Rew: 0.51 | FPS: 8231.4 | Var: dqn
Step: 2294784 | EPS: 0.44 | Rew: 0.46 | FPS: 5573.7 | Var: dqn
Step: 2295808 | EPS: 0.44 | Rew: 0.43 | FPS: 5911.3 | Var: dqn
Step: 2296832 | EPS: 0.44 | Rew: 0.48 | FPS: 5459.7 | Var: dqn
Step: 2297856 | EPS: 0.44 | Rew: 0.46 | FPS: 6522.8 | Var: dqn
Step: 2298880 | EPS: 0.44 | Rew: 0.47 | FPS: 7046.8 | Var: dqn
Step: 2299904 | EPS: 0.44 | Rew: 0.55 | FPS: 6123.8 | Var: dqn
Step: 2300928 | EPS: 0.44 | Rew: 0.61 | FPS: 6714.6 | Var: dqn
Step: 2301952 | EPS: 0.44 | Rew: 0.62 | FPS: 8582.6 | Var: dqn
Step: 2302976 | EPS: 0.44 | Rew: 0.69 | FPS: 6234.1 | Var: dqn
Step: 2304000 | EPS: 0.44 | Rew: 0.85 | FPS: 7882.8 | Var: dqn
Step: 2305024 | EPS: 0.44 | Rew: 0.89 | FPS: 7217.2 | Var: dqn
>>> [Best] Saved -> agent/checkpoints/dqn_pretrain.pth | Rew 0.89
Step: 2306048 | EPS: 0.44 | Rew: 0.84 | FPS: 6825.7 | Var: dqn
Step: 2307072 | EPS: 0.43 | Rew: 0.78 | FPS: 7064.5 | Var: dqn
Step: 2308096 | EPS: 0.43 | Rew: 0.75 | FPS: 8180.5 | Var: dqn
Step: 2309120 | EPS: 0.43 | Rew: 0.71 | FPS: 6510.6 | Var: dqn
Step: 2310144 | EPS: 0.43 | Rew: 0.57 | FPS: 8699.6 | Var: dqn
Step: 2311168 | EPS: 0.43 | Rew: 0.51 | FPS: 8465.8 | Var: dqn
Step: 2312192 | EPS: 0.43 | Rew: 0.64 | FPS: 6394.5 | Var: dqn
Step: 2313216 | EPS: 0.43 | Rew: 0.73 | FPS: 7017.6 | Var: dqn
Step: 2314240 | EPS: 0.43 | Rew: 0.83 | FPS: 7644.4 | Var: dqn
Step: 2315264 | EPS: 0.43 | Rew: 0.86 | FPS: 7681.9 | Var: dqn
Step: 2316288 | EPS: 0.43 | Rew: 0.91 | FPS: 6948.4 | Var: dqn
Step: 2317312 | EPS: 0.43 | Rew: 0.83 | FPS: 7095.7 | Var: dqn
Step: 2318336 | EPS: 0.43 | Rew: 0.78 | FPS: 8955.4 | Var: dqn
Step: 2319360 | EPS: 0.43 | Rew: 0.65 | FPS: 7307.5 | Var: dqn
Step: 2320384 | EPS: 0.43 | Rew: 0.76 | FPS: 6621.7 | Var: dqn
Step: 2321408 | EPS: 0.43 | Rew: 0.70 | FPS: 5929.1 | Var: dqn
Step: 2322432 | EPS: 0.43 | Rew: 0.71 | FPS: 7172.5 | Var: dqn
Step: 2323456 | EPS: 0.43 | Rew: 0.68 | FPS: 7589.8 | Var: dqn
Step: 2324480 | EPS: 0.43 | Rew: 0.63 | FPS: 7624.0 | Var: dqn
Step: 2325504 | EPS: 0.43 | Rew: 0.54 | FPS: 6241.2 | Var: dqn
Step: 2326528 | EPS: 0.43 | Rew: 0.53 | FPS: 7117.5 | Var: dqn
Step: 2327552 | EPS: 0.43 | Rew: 0.53 | FPS: 5440.6 | Var: dqn
Step: 2328576 | EPS: 0.43 | Rew: 0.60 | FPS: 7177.6 | Var: dqn
Step: 2329600 | EPS: 0.43 | Rew: 0.55 | FPS: 7576.1 | Var: dqn
Step: 2330624 | EPS: 0.43 | Rew: 0.65 | FPS: 5004.4 | Var: dqn
Step: 2331648 | EPS: 0.43 | Rew: 0.61 | FPS: 7846.9 | Var: dqn
Step: 2332672 | EPS: 0.43 | Rew: 0.52 | FPS: 5930.6 | Var: dqn
Step: 2333696 | EPS: 0.43 | Rew: 0.66 | FPS: 6780.3 | Var: dqn
Step: 2334720 | EPS: 0.43 | Rew: 0.77 | FPS: 6999.2 | Var: dqn
Step: 2335744 | EPS: 0.43 | Rew: 0.71 | FPS: 5968.6 | Var: dqn
Step: 2336768 | EPS: 0.43 | Rew: 0.71 | FPS: 5686.5 | Var: dqn
Step: 2337792 | EPS: 0.43 | Rew: 0.76 | FPS: 7506.4 | Var: dqn
Step: 2338816 | EPS: 0.43 | Rew: 0.77 | FPS: 7433.8 | Var: dqn
Step: 2339840 | EPS: 0.43 | Rew: 0.73 | FPS: 6108.1 | Var: dqn
Step: 2340864 | EPS: 0.43 | Rew: 0.64 | FPS: 7074.4 | Var: dqn
Step: 2341888 | EPS: 0.43 | Rew: 0.80 | FPS: 6032.2 | Var: dqn
Step: 2342912 | EPS: 0.43 | Rew: 0.72 | FPS: 5095.6 | Var: dqn
Step: 2343936 | EPS: 0.43 | Rew: 0.67 | FPS: 6049.5 | Var: dqn
Step: 2344960 | EPS: 0.43 | Rew: 0.64 | FPS: 6666.2 | Var: dqn
Step: 2345984 | EPS: 0.43 | Rew: 0.65 | FPS: 7023.1 | Var: dqn
Step: 2347008 | EPS: 0.42 | Rew: 0.55 | FPS: 7927.1 | Var: dqn
Step: 2348032 | EPS: 0.42 | Rew: 0.63 | FPS: 8222.6 | Var: dqn
Step: 2349056 | EPS: 0.42 | Rew: 0.63 | FPS: 7499.4 | Var: dqn
Step: 2350080 | EPS: 0.42 | Rew: 0.70 | FPS: 7212.5 | Var: dqn
Step: 2351104 | EPS: 0.42 | Rew: 0.59 | FPS: 6470.0 | Var: dqn
Step: 2352128 | EPS: 0.42 | Rew: 0.55 | FPS: 6884.0 | Var: dqn
Step: 2353152 | EPS: 0.42 | Rew: 0.43 | FPS: 8725.1 | Var: dqn
Step: 2354176 | EPS: 0.42 | Rew: 0.41 | FPS: 6360.1 | Var: dqn
Step: 2355200 | EPS: 0.42 | Rew: 0.39 | FPS: 6632.2 | Var: dqn
Step: 2356224 | EPS: 0.42 | Rew: 0.39 | FPS: 7911.0 | Var: dqn
Step: 2357248 | EPS: 0.42 | Rew: 0.50 | FPS: 6733.4 | Var: dqn
Step: 2358272 | EPS: 0.42 | Rew: 0.61 | FPS: 5741.9 | Var: dqn
Step: 2359296 | EPS: 0.42 | Rew: 0.74 | FPS: 6586.1 | Var: dqn
Step: 2360320 | EPS: 0.42 | Rew: 0.77 | FPS: 6792.9 | Var: dqn
Step: 2361344 | EPS: 0.42 | Rew: 0.81 | FPS: 6839.0 | Var: dqn
Step: 2362368 | EPS: 0.42 | Rew: 0.74 | FPS: 5847.9 | Var: dqn
Step: 2363392 | EPS: 0.42 | Rew: 0.74 | FPS: 6190.4 | Var: dqn
Step: 2364416 | EPS: 0.42 | Rew: 0.64 | FPS: 8294.6 | Var: dqn
Step: 2365440 | EPS: 0.42 | Rew: 0.54 | FPS: 5694.6 | Var: dqn
Step: 2366464 | EPS: 0.42 | Rew: 0.56 | FPS: 6984.6 | Var: dqn
Step: 2367488 | EPS: 0.42 | Rew: 0.62 | FPS: 6631.1 | Var: dqn
Step: 2368512 | EPS: 0.42 | Rew: 0.66 | FPS: 8212.5 | Var: dqn
Step: 2369536 | EPS: 0.42 | Rew: 0.72 | FPS: 7290.8 | Var: dqn
Step: 2370560 | EPS: 0.42 | Rew: 0.83 | FPS: 5488.0 | Var: dqn
Step: 2371584 | EPS: 0.42 | Rew: 0.78 | FPS: 6950.2 | Var: dqn
Step: 2372608 | EPS: 0.42 | Rew: 0.78 | FPS: 5215.6 | Var: dqn
Step: 2373632 | EPS: 0.42 | Rew: 0.69 | FPS: 7245.2 | Var: dqn
Step: 2374656 | EPS: 0.42 | Rew: 0.62 | FPS: 8897.5 | Var: dqn
Step: 2375680 | EPS: 0.42 | Rew: 0.51 | FPS: 7470.3 | Var: dqn
Step: 2376704 | EPS: 0.42 | Rew: 0.49 | FPS: 7287.0 | Var: dqn
Step: 2377728 | EPS: 0.42 | Rew: 0.48 | FPS: 6961.1 | Var: dqn
Step: 2378752 | EPS: 0.42 | Rew: 0.57 | FPS: 7381.2 | Var: dqn
Step: 2379776 | EPS: 0.42 | Rew: 0.53 | FPS: 6360.9 | Var: dqn
Step: 2380800 | EPS: 0.42 | Rew: 0.55 | FPS: 6032.2 | Var: dqn
Step: 2381824 | EPS: 0.42 | Rew: 0.53 | FPS: 8165.1 | Var: dqn
Step: 2382848 | EPS: 0.42 | Rew: 0.59 | FPS: 7286.6 | Var: dqn
Step: 2383872 | EPS: 0.42 | Rew: 0.58 | FPS: 7098.4 | Var: dqn
Step: 2384896 | EPS: 0.42 | Rew: 0.73 | FPS: 8234.7 | Var: dqn
Step: 2385920 | EPS: 0.42 | Rew: 0.74 | FPS: 6394.0 | Var: dqn
Step: 2386944 | EPS: 0.42 | Rew: 0.68 | FPS: 8231.2 | Var: dqn
Step: 2387968 | EPS: 0.41 | Rew: 0.73 | FPS: 6175.6 | Var: dqn
Step: 2388992 | EPS: 0.41 | Rew: 0.62 | FPS: 6515.1 | Var: dqn
Step: 2390016 | EPS: 0.41 | Rew: 0.58 | FPS: 5460.5 | Var: dqn
Step: 2391040 | EPS: 0.41 | Rew: 0.55 | FPS: 7171.7 | Var: dqn
Step: 2392064 | EPS: 0.41 | Rew: 0.53 | FPS: 6139.2 | Var: dqn
Step: 2393088 | EPS: 0.41 | Rew: 0.60 | FPS: 6873.2 | Var: dqn
Step: 2394112 | EPS: 0.41 | Rew: 0.57 | FPS: 6807.3 | Var: dqn
Step: 2395136 | EPS: 0.41 | Rew: 0.65 | FPS: 5946.5 | Var: dqn
Step: 2396160 | EPS: 0.41 | Rew: 0.75 | FPS: 8711.0 | Var: dqn
Step: 2397184 | EPS: 0.41 | Rew: 0.71 | FPS: 6572.1 | Var: dqn
Step: 2398208 | EPS: 0.41 | Rew: 0.78 | FPS: 6499.5 | Var: dqn
Step: 2399232 | EPS: 0.41 | Rew: 0.81 | FPS: 6913.2 | Var: dqn
Step: 2400256 | EPS: 0.41 | Rew: 0.71 | FPS: 8412.4 | Var: dqn
Step: 2401280 | EPS: 0.41 | Rew: 0.59 | FPS: 8076.6 | Var: dqn
Step: 2402304 | EPS: 0.41 | Rew: 0.69 | FPS: 8492.2 | Var: dqn
Step: 2403328 | EPS: 0.41 | Rew: 0.70 | FPS: 7119.7 | Var: dqn
Step: 2404352 | EPS: 0.41 | Rew: 0.74 | FPS: 7433.0 | Var: dqn
Step: 2405376 | EPS: 0.41 | Rew: 0.76 | FPS: 7646.7 | Var: dqn
Step: 2406400 | EPS: 0.41 | Rew: 0.81 | FPS: 7227.5 | Var: dqn
Step: 2407424 | EPS: 0.41 | Rew: 0.76 | FPS: 6884.5 | Var: dqn
Step: 2408448 | EPS: 0.41 | Rew: 0.84 | FPS: 6808.2 | Var: dqn
Step: 2409472 | EPS: 0.41 | Rew: 0.84 | FPS: 6438.9 | Var: dqn
Step: 2410496 | EPS: 0.41 | Rew: 0.85 | FPS: 7121.2 | Var: dqn
Step: 2411520 | EPS: 0.41 | Rew: 0.77 | FPS: 7529.1 | Var: dqn
Step: 2412544 | EPS: 0.41 | Rew: 0.60 | FPS: 6771.4 | Var: dqn
Step: 2413568 | EPS: 0.41 | Rew: 0.62 | FPS: 6573.1 | Var: dqn
Step: 2414592 | EPS: 0.41 | Rew: 0.51 | FPS: 7123.3 | Var: dqn
Step: 2415616 | EPS: 0.41 | Rew: 0.47 | FPS: 5201.8 | Var: dqn
Step: 2416640 | EPS: 0.41 | Rew: 0.46 | FPS: 7358.7 | Var: dqn
Step: 2417664 | EPS: 0.41 | Rew: 0.49 | FPS: 8353.5 | Var: dqn
Step: 2418688 | EPS: 0.41 | Rew: 0.52 | FPS: 6247.8 | Var: dqn
Step: 2419712 | EPS: 0.41 | Rew: 0.50 | FPS: 6701.2 | Var: dqn
Step: 2420736 | EPS: 0.41 | Rew: 0.65 | FPS: 7170.3 | Var: dqn
Step: 2421760 | EPS: 0.41 | Rew: 0.70 | FPS: 7187.3 | Var: dqn
Step: 2422784 | EPS: 0.41 | Rew: 0.78 | FPS: 7108.9 | Var: dqn
Step: 2423808 | EPS: 0.41 | Rew: 0.79 | FPS: 6815.2 | Var: dqn
Step: 2424832 | EPS: 0.41 | Rew: 0.76 | FPS: 7897.4 | Var: dqn
Step: 2425856 | EPS: 0.41 | Rew: 0.72 | FPS: 7192.6 | Var: dqn
Step: 2426880 | EPS: 0.41 | Rew: 0.67 | FPS: 7304.8 | Var: dqn
Step: 2427904 | EPS: 0.41 | Rew: 0.66 | FPS: 6463.1 | Var: dqn
Step: 2428928 | EPS: 0.40 | Rew: 0.75 | FPS: 6060.4 | Var: dqn
Step: 2429952 | EPS: 0.40 | Rew: 0.69 | FPS: 5619.7 | Var: dqn
Step: 2430976 | EPS: 0.40 | Rew: 0.78 | FPS: 7276.6 | Var: dqn
Step: 2432000 | EPS: 0.40 | Rew: 0.76 | FPS: 7200.0 | Var: dqn
Step: 2433024 | EPS: 0.40 | Rew: 0.69 | FPS: 5829.3 | Var: dqn
Step: 2434048 | EPS: 0.40 | Rew: 0.56 | FPS: 6330.0 | Var: dqn
Step: 2435072 | EPS: 0.40 | Rew: 0.64 | FPS: 6397.3 | Var: dqn
Step: 2436096 | EPS: 0.40 | Rew: 0.69 | FPS: 6618.2 | Var: dqn
Step: 2437120 | EPS: 0.40 | Rew: 0.88 | FPS: 6858.2 | Var: dqn
Step: 2438144 | EPS: 0.40 | Rew: 0.94 | FPS: 8369.7 | Var: dqn
Step: 2439168 | EPS: 0.40 | Rew: 0.87 | FPS: 4529.2 | Var: dqn
Step: 2440192 | EPS: 0.40 | Rew: 0.87 | FPS: 6658.6 | Var: dqn
Step: 2441216 | EPS: 0.40 | Rew: 0.88 | FPS: 7464.1 | Var: dqn
Step: 2442240 | EPS: 0.40 | Rew: 0.67 | FPS: 7217.8 | Var: dqn
Step: 2443264 | EPS: 0.40 | Rew: 0.57 | FPS: 6139.4 | Var: dqn
Step: 2444288 | EPS: 0.40 | Rew: 0.58 | FPS: 6677.1 | Var: dqn
Step: 2445312 | EPS: 0.40 | Rew: 0.60 | FPS: 7726.1 | Var: dqn
Step: 2446336 | EPS: 0.40 | Rew: 0.46 | FPS: 6711.4 | Var: dqn
Step: 2447360 | EPS: 0.40 | Rew: 0.62 | FPS: 8629.4 | Var: dqn
Step: 2448384 | EPS: 0.40 | Rew: 0.67 | FPS: 6468.9 | Var: dqn
Step: 2449408 | EPS: 0.40 | Rew: 0.70 | FPS: 6149.3 | Var: dqn
Step: 2450432 | EPS: 0.40 | Rew: 0.75 | FPS: 6489.5 | Var: dqn
Step: 2451456 | EPS: 0.40 | Rew: 0.72 | FPS: 5839.3 | Var: dqn
Step: 2452480 | EPS: 0.40 | Rew: 0.84 | FPS: 6127.0 | Var: dqn
Step: 2453504 | EPS: 0.40 | Rew: 0.81 | FPS: 7350.6 | Var: dqn
Step: 2454528 | EPS: 0.40 | Rew: 0.81 | FPS: 6841.6 | Var: dqn
Step: 2455552 | EPS: 0.40 | Rew: 0.85 | FPS: 6893.5 | Var: dqn
Step: 2456576 | EPS: 0.40 | Rew: 0.81 | FPS: 6442.8 | Var: dqn
Step: 2457600 | EPS: 0.40 | Rew: 0.68 | FPS: 6520.7 | Var: dqn
Step: 2458624 | EPS: 0.40 | Rew: 0.74 | FPS: 7848.1 | Var: dqn
Step: 2459648 | EPS: 0.40 | Rew: 0.72 | FPS: 7244.8 | Var: dqn
Step: 2460672 | EPS: 0.40 | Rew: 0.66 | FPS: 6137.3 | Var: dqn
Step: 2461696 | EPS: 0.40 | Rew: 0.71 | FPS: 5848.5 | Var: dqn
Step: 2462720 | EPS: 0.40 | Rew: 0.66 | FPS: 7976.2 | Var: dqn
Step: 2463744 | EPS: 0.40 | Rew: 0.60 | FPS: 8492.9 | Var: dqn
Step: 2464768 | EPS: 0.40 | Rew: 0.71 | FPS: 8118.0 | Var: dqn
Step: 2465792 | EPS: 0.40 | Rew: 0.72 | FPS: 7559.6 | Var: dqn
Step: 2466816 | EPS: 0.40 | Rew: 0.82 | FPS: 7410.0 | Var: dqn
Step: 2467840 | EPS: 0.40 | Rew: 0.95 | FPS: 6340.1 | Var: dqn
Step: 2468864 | EPS: 0.40 | Rew: 0.95 | FPS: 6397.0 | Var: dqn
Step: 2469888 | EPS: 0.39 | Rew: 1.01 | FPS: 6031.3 | Var: dqn
Step: 2470912 | EPS: 0.39 | Rew: 1.03 | FPS: 6871.5 | Var: dqn
Step: 2471936 | EPS: 0.39 | Rew: 0.84 | FPS: 6636.1 | Var: dqn
Step: 2472960 | EPS: 0.39 | Rew: 0.92 | FPS: 6469.1 | Var: dqn
Step: 2473984 | EPS: 0.39 | Rew: 0.89 | FPS: 7745.5 | Var: dqn
Step: 2475008 | EPS: 0.39 | Rew: 0.82 | FPS: 8312.9 | Var: dqn
Step: 2476032 | EPS: 0.39 | Rew: 0.87 | FPS: 6791.1 | Var: dqn
Step: 2477056 | EPS: 0.39 | Rew: 0.85 | FPS: 5411.9 | Var: dqn
Step: 2478080 | EPS: 0.39 | Rew: 0.63 | FPS: 6077.3 | Var: dqn
Step: 2479104 | EPS: 0.39 | Rew: 0.75 | FPS: 5729.0 | Var: dqn
Step: 2480128 | EPS: 0.39 | Rew: 0.63 | FPS: 6809.0 | Var: dqn
Step: 2481152 | EPS: 0.39 | Rew: 0.56 | FPS: 7640.1 | Var: dqn
Step: 2482176 | EPS: 0.39 | Rew: 0.59 | FPS: 5739.0 | Var: dqn
Step: 2483200 | EPS: 0.39 | Rew: 0.71 | FPS: 6565.8 | Var: dqn
Step: 2484224 | EPS: 0.39 | Rew: 0.66 | FPS: 8105.2 | Var: dqn
Step: 2485248 | EPS: 0.39 | Rew: 0.79 | FPS: 6106.7 | Var: dqn
Step: 2486272 | EPS: 0.39 | Rew: 0.80 | FPS: 7039.7 | Var: dqn
Step: 2487296 | EPS: 0.39 | Rew: 0.71 | FPS: 6074.9 | Var: dqn
Step: 2488320 | EPS: 0.39 | Rew: 0.68 | FPS: 7638.3 | Var: dqn
Step: 2489344 | EPS: 0.39 | Rew: 0.70 | FPS: 6251.4 | Var: dqn
Step: 2490368 | EPS: 0.39 | Rew: 0.73 | FPS: 8343.0 | Var: dqn
Step: 2491392 | EPS: 0.39 | Rew: 0.71 | FPS: 6570.7 | Var: dqn
Step: 2492416 | EPS: 0.39 | Rew: 0.70 | FPS: 7774.9 | Var: dqn
Step: 2493440 | EPS: 0.39 | Rew: 0.65 | FPS: 7670.7 | Var: dqn
Step: 2494464 | EPS: 0.39 | Rew: 0.62 | FPS: 7303.3 | Var: dqn
Step: 2495488 | EPS: 0.39 | Rew: 0.66 | FPS: 6539.4 | Var: dqn
Step: 2496512 | EPS: 0.39 | Rew: 0.71 | FPS: 6231.5 | Var: dqn
Step: 2497536 | EPS: 0.39 | Rew: 0.72 | FPS: 7425.1 | Var: dqn
Step: 2498560 | EPS: 0.39 | Rew: 0.89 | FPS: 4593.3 | Var: dqn
Step: 2499584 | EPS: 0.39 | Rew: 0.93 | FPS: 7025.4 | Var: dqn
Step: 2500608 | EPS: 0.39 | Rew: 0.90 | FPS: 5521.8 | Var: dqn
Step: 2501632 | EPS: 0.39 | Rew: 0.86 | FPS: 7998.9 | Var: dqn
Step: 2502656 | EPS: 0.39 | Rew: 0.81 | FPS: 6334.7 | Var: dqn
Step: 2503680 | EPS: 0.39 | Rew: 0.76 | FPS: 6873.7 | Var: dqn
Step: 2504704 | EPS: 0.39 | Rew: 0.78 | FPS: 6904.5 | Var: dqn
Step: 2505728 | EPS: 0.39 | Rew: 0.72 | FPS: 6874.1 | Var: dqn
Step: 2506752 | EPS: 0.39 | Rew: 0.72 | FPS: 7375.8 | Var: dqn
Step: 2507776 | EPS: 0.39 | Rew: 0.83 | FPS: 6983.6 | Var: dqn
Step: 2508800 | EPS: 0.39 | Rew: 0.80 | FPS: 6946.7 | Var: dqn
Step: 2509824 | EPS: 0.39 | Rew: 0.76 | FPS: 5830.0 | Var: dqn
Step: 2510848 | EPS: 0.38 | Rew: 0.75 | FPS: 8001.8 | Var: dqn
Step: 2511872 | EPS: 0.38 | Rew: 0.68 | FPS: 7325.3 | Var: dqn
Step: 2512896 | EPS: 0.38 | Rew: 0.67 | FPS: 4914.7 | Var: dqn
Step: 2513920 | EPS: 0.38 | Rew: 0.80 | FPS: 7881.4 | Var: dqn
Step: 2514944 | EPS: 0.38 | Rew: 0.75 | FPS: 6225.3 | Var: dqn
Step: 2515968 | EPS: 0.38 | Rew: 0.83 | FPS: 7042.2 | Var: dqn
Step: 2516992 | EPS: 0.38 | Rew: 0.98 | FPS: 8628.6 | Var: dqn
Step: 2518016 | EPS: 0.38 | Rew: 0.91 | FPS: 7203.8 | Var: dqn
Step: 2519040 | EPS: 0.38 | Rew: 0.78 | FPS: 7032.6 | Var: dqn
Step: 2520064 | EPS: 0.38 | Rew: 0.78 | FPS: 6757.1 | Var: dqn
Step: 2521088 | EPS: 0.38 | Rew: 0.84 | FPS: 6455.9 | Var: dqn
Step: 2522112 | EPS: 0.38 | Rew: 0.61 | FPS: 8606.4 | Var: dqn
Step: 2523136 | EPS: 0.38 | Rew: 0.66 | FPS: 7234.3 | Var: dqn
Step: 2524160 | EPS: 0.38 | Rew: 0.68 | FPS: 5359.8 | Var: dqn
Step: 2525184 | EPS: 0.38 | Rew: 0.77 | FPS: 6560.2 | Var: dqn
Step: 2526208 | EPS: 0.38 | Rew: 0.68 | FPS: 7576.2 | Var: dqn
Step: 2527232 | EPS: 0.38 | Rew: 0.75 | FPS: 6596.2 | Var: dqn
Step: 2528256 | EPS: 0.38 | Rew: 0.75 | FPS: 8412.0 | Var: dqn
Step: 2529280 | EPS: 0.38 | Rew: 0.77 | FPS: 6481.9 | Var: dqn
Step: 2530304 | EPS: 0.38 | Rew: 0.74 | FPS: 6732.4 | Var: dqn
Step: 2531328 | EPS: 0.38 | Rew: 0.86 | FPS: 7079.7 | Var: dqn
Step: 2532352 | EPS: 0.38 | Rew: 0.89 | FPS: 8289.5 | Var: dqn
Step: 2533376 | EPS: 0.38 | Rew: 0.92 | FPS: 5144.6 | Var: dqn
Step: 2534400 | EPS: 0.38 | Rew: 0.89 | FPS: 6329.3 | Var: dqn
Step: 2535424 | EPS: 0.38 | Rew: 0.91 | FPS: 7088.6 | Var: dqn
Step: 2536448 | EPS: 0.38 | Rew: 1.00 | FPS: 6077.9 | Var: dqn
Step: 2537472 | EPS: 0.38 | Rew: 0.91 | FPS: 6991.7 | Var: dqn
Step: 2538496 | EPS: 0.38 | Rew: 1.00 | FPS: 6435.6 | Var: dqn
Step: 2539520 | EPS: 0.38 | Rew: 1.05 | FPS: 5488.1 | Var: dqn
Step: 2540544 | EPS: 0.38 | Rew: 1.00 | FPS: 7528.2 | Var: dqn
Step: 2541568 | EPS: 0.38 | Rew: 1.01 | FPS: 6283.2 | Var: dqn
Step: 2542592 | EPS: 0.38 | Rew: 0.95 | FPS: 5156.7 | Var: dqn
Step: 2543616 | EPS: 0.38 | Rew: 0.97 | FPS: 7279.6 | Var: dqn
Step: 2544640 | EPS: 0.38 | Rew: 0.93 | FPS: 9723.1 | Var: dqn
Step: 2545664 | EPS: 0.38 | Rew: 0.95 | FPS: 8101.6 | Var: dqn
Step: 2546688 | EPS: 0.38 | Rew: 0.96 | FPS: 7287.1 | Var: dqn
Step: 2547712 | EPS: 0.38 | Rew: 0.84 | FPS: 7543.8 | Var: dqn
Step: 2548736 | EPS: 0.38 | Rew: 0.81 | FPS: 8155.2 | Var: dqn
Step: 2549760 | EPS: 0.38 | Rew: 0.88 | FPS: 6973.0 | Var: dqn
Step: 2550784 | EPS: 0.38 | Rew: 0.93 | FPS: 7303.7 | Var: dqn
Step: 2551808 | EPS: 0.37 | Rew: 0.84 | FPS: 5913.2 | Var: dqn
Step: 2552832 | EPS: 0.37 | Rew: 0.93 | FPS: 6402.8 | Var: dqn
Step: 2553856 | EPS: 0.37 | Rew: 0.96 | FPS: 7909.8 | Var: dqn
Step: 2554880 | EPS: 0.37 | Rew: 0.84 | FPS: 6129.0 | Var: dqn
Step: 2555904 | EPS: 0.37 | Rew: 0.85 | FPS: 7273.2 | Var: dqn
Step: 2556928 | EPS: 0.37 | Rew: 0.81 | FPS: 7474.4 | Var: dqn
Step: 2557952 | EPS: 0.37 | Rew: 0.84 | FPS: 7288.6 | Var: dqn
Step: 2558976 | EPS: 0.37 | Rew: 0.78 | FPS: 7782.0 | Var: dqn
Step: 2560000 | EPS: 0.37 | Rew: 0.70 | FPS: 6417.2 | Var: dqn
Step: 2561024 | EPS: 0.37 | Rew: 0.73 | FPS: 4713.2 | Var: dqn
Step: 2562048 | EPS: 0.37 | Rew: 0.78 | FPS: 6341.9 | Var: dqn
Step: 2563072 | EPS: 0.37 | Rew: 0.71 | FPS: 6115.0 | Var: dqn
Step: 2564096 | EPS: 0.37 | Rew: 0.77 | FPS: 5403.1 | Var: dqn
Step: 2565120 | EPS: 0.37 | Rew: 0.83 | FPS: 5900.3 | Var: dqn
Step: 2566144 | EPS: 0.37 | Rew: 0.79 | FPS: 7211.6 | Var: dqn
Step: 2567168 | EPS: 0.37 | Rew: 0.89 | FPS: 7863.7 | Var: dqn
Step: 2568192 | EPS: 0.37 | Rew: 1.17 | FPS: 6205.1 | Var: dqn
Step: 2569216 | EPS: 0.37 | Rew: 1.11 | FPS: 7310.8 | Var: dqn
Step: 2570240 | EPS: 0.37 | Rew: 1.08 | FPS: 6808.9 | Var: dqn
Step: 2571264 | EPS: 0.37 | Rew: 1.10 | FPS: 6970.0 | Var: dqn
Step: 2572288 | EPS: 0.37 | Rew: 1.02 | FPS: 6957.6 | Var: dqn
Step: 2573312 | EPS: 0.37 | Rew: 0.92 | FPS: 5572.1 | Var: dqn
Step: 2574336 | EPS: 0.37 | Rew: 0.91 | FPS: 7351.0 | Var: dqn
Step: 2575360 | EPS: 0.37 | Rew: 1.03 | FPS: 6782.4 | Var: dqn
Step: 2576384 | EPS: 0.37 | Rew: 0.96 | FPS: 7470.2 | Var: dqn
Step: 2577408 | EPS: 0.37 | Rew: 0.97 | FPS: 6873.5 | Var: dqn
Step: 2578432 | EPS: 0.37 | Rew: 0.95 | FPS: 6236.9 | Var: dqn
Step: 2579456 | EPS: 0.37 | Rew: 0.99 | FPS: 6805.3 | Var: dqn
Step: 2580480 | EPS: 0.37 | Rew: 0.97 | FPS: 8618.3 | Var: dqn
Step: 2581504 | EPS: 0.37 | Rew: 0.93 | FPS: 6336.8 | Var: dqn
Step: 2582528 | EPS: 0.37 | Rew: 0.80 | FPS: 7365.8 | Var: dqn
Step: 2583552 | EPS: 0.37 | Rew: 0.88 | FPS: 6982.5 | Var: dqn
Step: 2584576 | EPS: 0.37 | Rew: 0.75 | FPS: 7233.7 | Var: dqn
Step: 2585600 | EPS: 0.37 | Rew: 0.89 | FPS: 7226.1 | Var: dqn
Step: 2586624 | EPS: 0.37 | Rew: 0.86 | FPS: 6546.4 | Var: dqn
Step: 2587648 | EPS: 0.37 | Rew: 1.06 | FPS: 8365.1 | Var: dqn
Step: 2588672 | EPS: 0.37 | Rew: 1.05 | FPS: 8762.3 | Var: dqn
Step: 2589696 | EPS: 0.37 | Rew: 1.10 | FPS: 4835.3 | Var: dqn
Step: 2590720 | EPS: 0.37 | Rew: 1.09 | FPS: 6290.1 | Var: dqn
Step: 2591744 | EPS: 0.37 | Rew: 1.10 | FPS: 6742.0 | Var: dqn
Step: 2592768 | EPS: 0.36 | Rew: 1.03 | FPS: 6235.5 | Var: dqn
Step: 2593792 | EPS: 0.36 | Rew: 0.91 | FPS: 6148.0 | Var: dqn
Step: 2594816 | EPS: 0.36 | Rew: 1.08 | FPS: 7281.0 | Var: dqn
Step: 2595840 | EPS: 0.36 | Rew: 1.06 | FPS: 5859.0 | Var: dqn
Step: 2596864 | EPS: 0.36 | Rew: 1.02 | FPS: 7162.1 | Var: dqn
Step: 2597888 | EPS: 0.36 | Rew: 1.14 | FPS: 7389.9 | Var: dqn
Step: 2598912 | EPS: 0.36 | Rew: 1.09 | FPS: 6593.2 | Var: dqn
Step: 2599936 | EPS: 0.36 | Rew: 1.10 | FPS: 6415.0 | Var: dqn
Step: 2600960 | EPS: 0.36 | Rew: 1.17 | FPS: 7212.7 | Var: dqn
Step: 2601984 | EPS: 0.36 | Rew: 1.12 | FPS: 6729.8 | Var: dqn
Step: 2603008 | EPS: 0.36 | Rew: 1.05 | FPS: 5746.3 | Var: dqn
Step: 2604032 | EPS: 0.36 | Rew: 1.03 | FPS: 6315.7 | Var: dqn
Step: 2605056 | EPS: 0.36 | Rew: 1.16 | FPS: 7117.7 | Var: dqn
Step: 2606080 | EPS: 0.36 | Rew: 0.99 | FPS: 7098.1 | Var: dqn
Step: 2607104 | EPS: 0.36 | Rew: 0.90 | FPS: 6948.2 | Var: dqn
Step: 2608128 | EPS: 0.36 | Rew: 0.97 | FPS: 6830.3 | Var: dqn
Step: 2609152 | EPS: 0.36 | Rew: 0.96 | FPS: 7270.1 | Var: dqn
Step: 2610176 | EPS: 0.36 | Rew: 0.91 | FPS: 7879.8 | Var: dqn
Step: 2611200 | EPS: 0.36 | Rew: 1.06 | FPS: 7678.9 | Var: dqn
Step: 2612224 | EPS: 0.36 | Rew: 1.07 | FPS: 7046.2 | Var: dqn
Step: 2613248 | EPS: 0.36 | Rew: 1.13 | FPS: 5451.5 | Var: dqn
Step: 2614272 | EPS: 0.36 | Rew: 1.22 | FPS: 7124.1 | Var: dqn
Step: 2615296 | EPS: 0.36 | Rew: 1.13 | FPS: 7836.9 | Var: dqn
Step: 2616320 | EPS: 0.36 | Rew: 1.20 | FPS: 6750.2 | Var: dqn
Step: 2617344 | EPS: 0.36 | Rew: 1.31 | FPS: 5340.5 | Var: dqn
Step: 2618368 | EPS: 0.36 | Rew: 1.36 | FPS: 7016.6 | Var: dqn
Step: 2619392 | EPS: 0.36 | Rew: 1.28 | FPS: 7588.4 | Var: dqn
Step: 2620416 | EPS: 0.36 | Rew: 1.38 | FPS: 8926.1 | Var: dqn
Step: 2621440 | EPS: 0.36 | Rew: 1.31 | FPS: 7107.8 | Var: dqn
Step: 2622464 | EPS: 0.36 | Rew: 1.11 | FPS: 7146.9 | Var: dqn
Step: 2623488 | EPS: 0.36 | Rew: 1.08 | FPS: 6583.3 | Var: dqn
Step: 2624512 | EPS: 0.36 | Rew: 1.05 | FPS: 7145.7 | Var: dqn
Step: 2625536 | EPS: 0.36 | Rew: 1.02 | FPS: 6038.9 | Var: dqn
Step: 2626560 | EPS: 0.36 | Rew: 0.99 | FPS: 6603.9 | Var: dqn
Step: 2627584 | EPS: 0.36 | Rew: 0.99 | FPS: 7199.5 | Var: dqn
Step: 2628608 | EPS: 0.36 | Rew: 1.00 | FPS: 6307.8 | Var: dqn
Step: 2629632 | EPS: 0.36 | Rew: 0.98 | FPS: 6838.9 | Var: dqn
Step: 2630656 | EPS: 0.36 | Rew: 1.17 | FPS: 8048.8 | Var: dqn
Step: 2631680 | EPS: 0.36 | Rew: 1.09 | FPS: 4628.4 | Var: dqn
Step: 2632704 | EPS: 0.35 | Rew: 1.22 | FPS: 5020.2 | Var: dqn
Step: 2633728 | EPS: 0.35 | Rew: 1.16 | FPS: 6871.9 | Var: dqn
Step: 2634752 | EPS: 0.35 | Rew: 1.10 | FPS: 6844.3 | Var: dqn
Step: 2635776 | EPS: 0.35 | Rew: 0.96 | FPS: 7949.8 | Var: dqn
Step: 2636800 | EPS: 0.35 | Rew: 0.99 | FPS: 8537.9 | Var: dqn
Step: 2637824 | EPS: 0.35 | Rew: 0.86 | FPS: 6219.2 | Var: dqn
Step: 2638848 | EPS: 0.35 | Rew: 0.96 | FPS: 7646.8 | Var: dqn
Step: 2639872 | EPS: 0.35 | Rew: 0.94 | FPS: 5217.9 | Var: dqn
Step: 2640896 | EPS: 0.35 | Rew: 0.98 | FPS: 5117.9 | Var: dqn
Step: 2641920 | EPS: 0.35 | Rew: 1.02 | FPS: 5947.0 | Var: dqn
Step: 2642944 | EPS: 0.35 | Rew: 1.07 | FPS: 7119.3 | Var: dqn
Step: 2643968 | EPS: 0.35 | Rew: 1.11 | FPS: 5361.2 | Var: dqn
Step: 2644992 | EPS: 0.35 | Rew: 1.15 | FPS: 5892.9 | Var: dqn
Step: 2646016 | EPS: 0.35 | Rew: 1.02 | FPS: 6171.4 | Var: dqn
Step: 2647040 | EPS: 0.35 | Rew: 1.05 | FPS: 7028.4 | Var: dqn
Step: 2648064 | EPS: 0.35 | Rew: 0.99 | FPS: 6946.6 | Var: dqn
Step: 2649088 | EPS: 0.35 | Rew: 0.96 | FPS: 7697.2 | Var: dqn
Step: 2650112 | EPS: 0.35 | Rew: 1.06 | FPS: 6771.7 | Var: dqn
Step: 2651136 | EPS: 0.35 | Rew: 1.16 | FPS: 7054.2 | Var: dqn
Step: 2652160 | EPS: 0.35 | Rew: 1.20 | FPS: 6019.0 | Var: dqn
Step: 2653184 | EPS: 0.35 | Rew: 1.15 | FPS: 7566.4 | Var: dqn
Step: 2654208 | EPS: 0.35 | Rew: 0.95 | FPS: 7032.8 | Var: dqn
Step: 2655232 | EPS: 0.35 | Rew: 0.94 | FPS: 5379.5 | Var: dqn
Step: 2656256 | EPS: 0.35 | Rew: 0.88 | FPS: 5994.7 | Var: dqn
Step: 2657280 | EPS: 0.35 | Rew: 0.80 | FPS: 6866.5 | Var: dqn
Step: 2658304 | EPS: 0.35 | Rew: 0.91 | FPS: 6732.2 | Var: dqn
Step: 2659328 | EPS: 0.35 | Rew: 0.99 | FPS: 6283.7 | Var: dqn
Step: 2660352 | EPS: 0.35 | Rew: 1.10 | FPS: 6920.7 | Var: dqn
Step: 2661376 | EPS: 0.35 | Rew: 1.17 | FPS: 7778.6 | Var: dqn
Step: 2662400 | EPS: 0.35 | Rew: 1.34 | FPS: 5802.3 | Var: dqn
Step: 2663424 | EPS: 0.35 | Rew: 1.35 | FPS: 7002.8 | Var: dqn
Step: 2664448 | EPS: 0.35 | Rew: 1.32 | FPS: 6614.3 | Var: dqn
Step: 2665472 | EPS: 0.35 | Rew: 1.34 | FPS: 7026.2 | Var: dqn
Step: 2666496 | EPS: 0.35 | Rew: 1.13 | FPS: 6920.2 | Var: dqn
Step: 2667520 | EPS: 0.35 | Rew: 1.16 | FPS: 6718.4 | Var: dqn
Step: 2668544 | EPS: 0.35 | Rew: 1.06 | FPS: 7050.4 | Var: dqn
Step: 2669568 | EPS: 0.35 | Rew: 1.05 | FPS: 6887.2 | Var: dqn
Step: 2670592 | EPS: 0.35 | Rew: 1.06 | FPS: 6968.9 | Var: dqn
Step: 2671616 | EPS: 0.35 | Rew: 1.21 | FPS: 9181.1 | Var: dqn
Step: 2672640 | EPS: 0.35 | Rew: 1.23 | FPS: 7507.9 | Var: dqn
Step: 2673664 | EPS: 0.34 | Rew: 1.20 | FPS: 5098.3 | Var: dqn
Step: 2674688 | EPS: 0.34 | Rew: 1.05 | FPS: 6661.7 | Var: dqn
Step: 2675712 | EPS: 0.34 | Rew: 1.04 | FPS: 6540.0 | Var: dqn
Step: 2676736 | EPS: 0.34 | Rew: 0.95 | FPS: 7116.2 | Var: dqn
Step: 2677760 | EPS: 0.34 | Rew: 1.00 | FPS: 7308.7 | Var: dqn
Step: 2678784 | EPS: 0.34 | Rew: 0.96 | FPS: 5820.4 | Var: dqn
Step: 2679808 | EPS: 0.34 | Rew: 0.91 | FPS: 6244.0 | Var: dqn
Step: 2680832 | EPS: 0.34 | Rew: 1.17 | FPS: 5415.1 | Var: dqn
Step: 2681856 | EPS: 0.34 | Rew: 1.22 | FPS: 6399.2 | Var: dqn
Step: 2682880 | EPS: 0.34 | Rew: 1.18 | FPS: 5581.1 | Var: dqn
Step: 2683904 | EPS: 0.34 | Rew: 1.25 | FPS: 6386.9 | Var: dqn
Step: 2684928 | EPS: 0.34 | Rew: 1.12 | FPS: 5993.8 | Var: dqn
Step: 2685952 | EPS: 0.34 | Rew: 1.01 | FPS: 7297.5 | Var: dqn
Step: 2686976 | EPS: 0.34 | Rew: 1.04 | FPS: 8591.6 | Var: dqn
Step: 2688000 | EPS: 0.34 | Rew: 0.90 | FPS: 4198.9 | Var: dqn
Step: 2689024 | EPS: 0.34 | Rew: 0.88 | FPS: 6649.9 | Var: dqn
Step: 2690048 | EPS: 0.34 | Rew: 0.90 | FPS: 6781.9 | Var: dqn
Step: 2691072 | EPS: 0.34 | Rew: 0.93 | FPS: 5607.7 | Var: dqn
Step: 2692096 | EPS: 0.34 | Rew: 1.02 | FPS: 7142.9 | Var: dqn
Step: 2693120 | EPS: 0.34 | Rew: 1.18 | FPS: 6297.1 | Var: dqn
Step: 2694144 | EPS: 0.34 | Rew: 1.15 | FPS: 8058.5 | Var: dqn
Step: 2695168 | EPS: 0.34 | Rew: 1.19 | FPS: 7160.2 | Var: dqn
Step: 2696192 | EPS: 0.34 | Rew: 1.17 | FPS: 6461.7 | Var: dqn
Step: 2697216 | EPS: 0.34 | Rew: 1.27 | FPS: 4317.9 | Var: dqn
Step: 2698240 | EPS: 0.34 | Rew: 1.26 | FPS: 5137.7 | Var: dqn
Step: 2699264 | EPS: 0.34 | Rew: 1.12 | FPS: 6118.6 | Var: dqn
Step: 2700288 | EPS: 0.34 | Rew: 1.25 | FPS: 7141.6 | Var: dqn
Step: 2701312 | EPS: 0.34 | Rew: 1.34 | FPS: 7443.4 | Var: dqn
Step: 2702336 | EPS: 0.34 | Rew: 1.23 | FPS: 4737.9 | Var: dqn
Step: 2703360 | EPS: 0.34 | Rew: 1.34 | FPS: 7396.8 | Var: dqn
Step: 2704384 | EPS: 0.34 | Rew: 1.42 | FPS: 6554.4 | Var: dqn
>>> [Best] Saved -> agent/checkpoints/dqn_pretrain.pth | Rew 1.42
Step: 2705408 | EPS: 0.34 | Rew: 1.40 | FPS: 7169.9 | Var: dqn
Step: 2706432 | EPS: 0.34 | Rew: 1.53 | FPS: 5366.6 | Var: dqn
Step: 2707456 | EPS: 0.34 | Rew: 1.64 | FPS: 8778.1 | Var: dqn
Step: 2708480 | EPS: 0.34 | Rew: 1.29 | FPS: 7175.6 | Var: dqn
Step: 2709504 | EPS: 0.34 | Rew: 1.25 | FPS: 5747.8 | Var: dqn
Step: 2710528 | EPS: 0.34 | Rew: 1.18 | FPS: 6066.4 | Var: dqn
Step: 2711552 | EPS: 0.34 | Rew: 1.09 | FPS: 6711.5 | Var: dqn
Step: 2712576 | EPS: 0.34 | Rew: 0.97 | FPS: 7228.3 | Var: dqn
Step: 2713600 | EPS: 0.34 | Rew: 1.06 | FPS: 7837.9 | Var: dqn
Step: 2714624 | EPS: 0.33 | Rew: 0.99 | FPS: 7620.5 | Var: dqn
Step: 2715648 | EPS: 0.33 | Rew: 0.98 | FPS: 7245.4 | Var: dqn
Step: 2716672 | EPS: 0.33 | Rew: 1.09 | FPS: 8134.4 | Var: dqn
Step: 2717696 | EPS: 0.33 | Rew: 1.18 | FPS: 7572.8 | Var: dqn
Step: 2718720 | EPS: 0.33 | Rew: 1.23 | FPS: 7187.5 | Var: dqn
Step: 2719744 | EPS: 0.33 | Rew: 1.38 | FPS: 6255.7 | Var: dqn
Step: 2720768 | EPS: 0.33 | Rew: 1.34 | FPS: 6972.4 | Var: dqn
Step: 2721792 | EPS: 0.33 | Rew: 1.29 | FPS: 6177.6 | Var: dqn
Step: 2722816 | EPS: 0.33 | Rew: 1.19 | FPS: 6000.1 | Var: dqn
Step: 2723840 | EPS: 0.33 | Rew: 1.09 | FPS: 7051.7 | Var: dqn
Step: 2724864 | EPS: 0.33 | Rew: 1.23 | FPS: 5718.8 | Var: dqn
Step: 2725888 | EPS: 0.33 | Rew: 1.28 | FPS: 6374.4 | Var: dqn
Step: 2726912 | EPS: 0.33 | Rew: 1.25 | FPS: 6016.1 | Var: dqn
Step: 2727936 | EPS: 0.33 | Rew: 1.28 | FPS: 6320.2 | Var: dqn
Step: 2728960 | EPS: 0.33 | Rew: 1.30 | FPS: 5633.2 | Var: dqn
Step: 2729984 | EPS: 0.33 | Rew: 1.19 | FPS: 6725.2 | Var: dqn
Step: 2731008 | EPS: 0.33 | Rew: 1.36 | FPS: 7405.3 | Var: dqn
Step: 2732032 | EPS: 0.33 | Rew: 1.22 | FPS: 8177.9 | Var: dqn
Step: 2733056 | EPS: 0.33 | Rew: 1.22 | FPS: 7570.9 | Var: dqn
Step: 2734080 | EPS: 0.33 | Rew: 1.36 | FPS: 7322.1 | Var: dqn
Step: 2735104 | EPS: 0.33 | Rew: 1.44 | FPS: 5300.0 | Var: dqn
Step: 2736128 | EPS: 0.33 | Rew: 1.48 | FPS: 7544.4 | Var: dqn
Step: 2737152 | EPS: 0.33 | Rew: 1.27 | FPS: 8179.7 | Var: dqn
Step: 2738176 | EPS: 0.33 | Rew: 1.26 | FPS: 9144.7 | Var: dqn
Step: 2739200 | EPS: 0.33 | Rew: 1.36 | FPS: 6437.4 | Var: dqn
Step: 2740224 | EPS: 0.33 | Rew: 1.19 | FPS: 6038.0 | Var: dqn
Step: 2741248 | EPS: 0.33 | Rew: 1.14 | FPS: 6860.6 | Var: dqn
Step: 2742272 | EPS: 0.33 | Rew: 1.16 | FPS: 6967.6 | Var: dqn
Step: 2743296 | EPS: 0.33 | Rew: 1.27 | FPS: 6000.1 | Var: dqn
Step: 2744320 | EPS: 0.33 | Rew: 1.19 | FPS: 6412.6 | Var: dqn
Step: 2745344 | EPS: 0.33 | Rew: 1.08 | FPS: 6782.9 | Var: dqn
Step: 2746368 | EPS: 0.33 | Rew: 1.14 | FPS: 7098.6 | Var: dqn
Step: 2747392 | EPS: 0.33 | Rew: 1.27 | FPS: 6733.3 | Var: dqn
Step: 2748416 | EPS: 0.33 | Rew: 1.25 | FPS: 8499.3 | Var: dqn
Step: 2749440 | EPS: 0.33 | Rew: 1.21 | FPS: 8590.9 | Var: dqn
Step: 2750464 | EPS: 0.33 | Rew: 1.17 | FPS: 7248.0 | Var: dqn
Step: 2751488 | EPS: 0.33 | Rew: 1.05 | FPS: 6364.3 | Var: dqn
Step: 2752512 | EPS: 0.33 | Rew: 1.07 | FPS: 5781.0 | Var: dqn
Step: 2753536 | EPS: 0.33 | Rew: 1.10 | FPS: 7039.7 | Var: dqn
Step: 2754560 | EPS: 0.33 | Rew: 1.13 | FPS: 8546.1 | Var: dqn
Step: 2755584 | EPS: 0.32 | Rew: 1.24 | FPS: 6930.0 | Var: dqn
Step: 2756608 | EPS: 0.32 | Rew: 1.29 | FPS: 6708.3 | Var: dqn
Step: 2757632 | EPS: 0.32 | Rew: 1.23 | FPS: 7800.0 | Var: dqn
Step: 2758656 | EPS: 0.32 | Rew: 1.23 | FPS: 6048.7 | Var: dqn
Step: 2759680 | EPS: 0.32 | Rew: 1.18 | FPS: 5107.6 | Var: dqn
Step: 2760704 | EPS: 0.32 | Rew: 1.15 | FPS: 6779.8 | Var: dqn
Step: 2761728 | EPS: 0.32 | Rew: 1.13 | FPS: 6879.8 | Var: dqn
Step: 2762752 | EPS: 0.32 | Rew: 1.16 | FPS: 7882.4 | Var: dqn
Step: 2763776 | EPS: 0.32 | Rew: 1.07 | FPS: 6436.1 | Var: dqn
Step: 2764800 | EPS: 0.32 | Rew: 1.11 | FPS: 5763.6 | Var: dqn
Step: 2765824 | EPS: 0.32 | Rew: 1.22 | FPS: 5130.7 | Var: dqn
Step: 2766848 | EPS: 0.32 | Rew: 1.32 | FPS: 7153.6 | Var: dqn
Step: 2767872 | EPS: 0.32 | Rew: 1.35 | FPS: 5471.3 | Var: dqn
Step: 2768896 | EPS: 0.32 | Rew: 1.40 | FPS: 7121.2 | Var: dqn
Step: 2769920 | EPS: 0.32 | Rew: 1.39 | FPS: 6627.4 | Var: dqn
Step: 2770944 | EPS: 0.32 | Rew: 1.22 | FPS: 8562.7 | Var: dqn
Step: 2771968 | EPS: 0.32 | Rew: 1.29 | FPS: 7463.2 | Var: dqn
Step: 2772992 | EPS: 0.32 | Rew: 1.34 | FPS: 6191.7 | Var: dqn
Step: 2774016 | EPS: 0.32 | Rew: 1.14 | FPS: 7026.5 | Var: dqn
Step: 2775040 | EPS: 0.32 | Rew: 1.11 | FPS: 5779.7 | Var: dqn
Step: 2776064 | EPS: 0.32 | Rew: 0.95 | FPS: 7283.7 | Var: dqn
Step: 2777088 | EPS: 0.32 | Rew: 1.03 | FPS: 7264.5 | Var: dqn
Step: 2778112 | EPS: 0.32 | Rew: 1.03 | FPS: 7567.0 | Var: dqn
Step: 2779136 | EPS: 0.32 | Rew: 1.08 | FPS: 6985.2 | Var: dqn
Step: 2780160 | EPS: 0.32 | Rew: 1.14 | FPS: 8670.1 | Var: dqn
Step: 2781184 | EPS: 0.32 | Rew: 1.20 | FPS: 7219.9 | Var: dqn
Step: 2782208 | EPS: 0.32 | Rew: 1.27 | FPS: 7618.2 | Var: dqn
Step: 2783232 | EPS: 0.32 | Rew: 1.19 | FPS: 6229.5 | Var: dqn
Step: 2784256 | EPS: 0.32 | Rew: 1.18 | FPS: 6632.5 | Var: dqn
Step: 2785280 | EPS: 0.32 | Rew: 1.31 | FPS: 6291.1 | Var: dqn
Step: 2786304 | EPS: 0.32 | Rew: 1.23 | FPS: 7340.7 | Var: dqn
Step: 2787328 | EPS: 0.32 | Rew: 1.17 | FPS: 7974.0 | Var: dqn
Step: 2788352 | EPS: 0.32 | Rew: 1.07 | FPS: 6473.6 | Var: dqn
Step: 2789376 | EPS: 0.32 | Rew: 1.08 | FPS: 6292.9 | Var: dqn
Step: 2790400 | EPS: 0.32 | Rew: 1.12 | FPS: 6755.2 | Var: dqn
Step: 2791424 | EPS: 0.32 | Rew: 1.08 | FPS: 5974.1 | Var: dqn
Step: 2792448 | EPS: 0.32 | Rew: 1.19 | FPS: 6031.6 | Var: dqn
Step: 2793472 | EPS: 0.32 | Rew: 1.17 | FPS: 7092.8 | Var: dqn
Step: 2794496 | EPS: 0.32 | Rew: 1.24 | FPS: 6387.2 | Var: dqn
Step: 2795520 | EPS: 0.32 | Rew: 1.27 | FPS: 8101.6 | Var: dqn
Step: 2796544 | EPS: 0.31 | Rew: 1.25 | FPS: 5950.8 | Var: dqn
Step: 2797568 | EPS: 0.31 | Rew: 1.45 | FPS: 6016.9 | Var: dqn
Step: 2798592 | EPS: 0.31 | Rew: 1.39 | FPS: 6303.8 | Var: dqn
Step: 2799616 | EPS: 0.31 | Rew: 1.52 | FPS: 6710.6 | Var: dqn
Step: 2800640 | EPS: 0.31 | Rew: 1.61 | FPS: 5752.6 | Var: dqn
Step: 2801664 | EPS: 0.31 | Rew: 1.55 | FPS: 6510.5 | Var: dqn
Step: 2802688 | EPS: 0.31 | Rew: 1.54 | FPS: 5263.6 | Var: dqn
Step: 2803712 | EPS: 0.31 | Rew: 1.67 | FPS: 6519.0 | Var: dqn
Step: 2804736 | EPS: 0.31 | Rew: 1.45 | FPS: 6749.8 | Var: dqn
Step: 2805760 | EPS: 0.31 | Rew: 1.35 | FPS: 5601.9 | Var: dqn
Step: 2806784 | EPS: 0.31 | Rew: 1.24 | FPS: 6982.7 | Var: dqn
Step: 2807808 | EPS: 0.31 | Rew: 1.34 | FPS: 6150.8 | Var: dqn
Step: 2808832 | EPS: 0.31 | Rew: 1.19 | FPS: 7399.0 | Var: dqn
Step: 2809856 | EPS: 0.31 | Rew: 1.18 | FPS: 7859.8 | Var: dqn
Step: 2810880 | EPS: 0.31 | Rew: 1.11 | FPS: 7631.2 | Var: dqn
Step: 2811904 | EPS: 0.31 | Rew: 1.27 | FPS: 5420.8 | Var: dqn
Step: 2812928 | EPS: 0.31 | Rew: 1.26 | FPS: 5940.9 | Var: dqn
Step: 2813952 | EPS: 0.31 | Rew: 1.16 | FPS: 6736.7 | Var: dqn
Step: 2814976 | EPS: 0.31 | Rew: 1.28 | FPS: 5030.6 | Var: dqn
Step: 2816000 | EPS: 0.31 | Rew: 1.44 | FPS: 7266.7 | Var: dqn
Step: 2817024 | EPS: 0.31 | Rew: 1.35 | FPS: 7940.9 | Var: dqn
Step: 2818048 | EPS: 0.31 | Rew: 1.49 | FPS: 6153.5 | Var: dqn
Step: 2819072 | EPS: 0.31 | Rew: 1.48 | FPS: 6144.1 | Var: dqn
Step: 2820096 | EPS: 0.31 | Rew: 1.50 | FPS: 8221.9 | Var: dqn
Step: 2821120 | EPS: 0.31 | Rew: 1.49 | FPS: 6034.6 | Var: dqn
Step: 2822144 | EPS: 0.31 | Rew: 1.46 | FPS: 6481.6 | Var: dqn
Step: 2823168 | EPS: 0.31 | Rew: 1.44 | FPS: 7341.7 | Var: dqn
Step: 2824192 | EPS: 0.31 | Rew: 1.49 | FPS: 7920.9 | Var: dqn
Step: 2825216 | EPS: 0.31 | Rew: 1.58 | FPS: 7433.4 | Var: dqn
Step: 2826240 | EPS: 0.31 | Rew: 1.66 | FPS: 6183.2 | Var: dqn
Step: 2827264 | EPS: 0.31 | Rew: 1.69 | FPS: 6395.2 | Var: dqn
Step: 2828288 | EPS: 0.31 | Rew: 1.61 | FPS: 8061.7 | Var: dqn
Step: 2829312 | EPS: 0.31 | Rew: 1.46 | FPS: 6890.8 | Var: dqn
Step: 2830336 | EPS: 0.31 | Rew: 1.28 | FPS: 5485.1 | Var: dqn
Step: 2831360 | EPS: 0.31 | Rew: 1.35 | FPS: 8716.4 | Var: dqn
Step: 2832384 | EPS: 0.31 | Rew: 1.31 | FPS: 8857.9 | Var: dqn
Step: 2833408 | EPS: 0.31 | Rew: 1.33 | FPS: 5368.3 | Var: dqn
Step: 2834432 | EPS: 0.31 | Rew: 1.34 | FPS: 7277.8 | Var: dqn
Step: 2835456 | EPS: 0.31 | Rew: 1.42 | FPS: 8416.5 | Var: dqn
Step: 2836480 | EPS: 0.31 | Rew: 1.25 | FPS: 6012.9 | Var: dqn
Step: 2837504 | EPS: 0.30 | Rew: 1.25 | FPS: 6730.3 | Var: dqn
Step: 2838528 | EPS: 0.30 | Rew: 1.31 | FPS: 6556.7 | Var: dqn
Step: 2839552 | EPS: 0.30 | Rew: 1.39 | FPS: 7281.9 | Var: dqn
Step: 2840576 | EPS: 0.30 | Rew: 1.48 | FPS: 7319.4 | Var: dqn
Step: 2841600 | EPS: 0.30 | Rew: 1.60 | FPS: 7184.5 | Var: dqn
Step: 2842624 | EPS: 0.30 | Rew: 1.63 | FPS: 7546.8 | Var: dqn
Step: 2843648 | EPS: 0.30 | Rew: 1.66 | FPS: 6719.5 | Var: dqn
Step: 2844672 | EPS: 0.30 | Rew: 1.47 | FPS: 8337.5 | Var: dqn
Step: 2845696 | EPS: 0.30 | Rew: 1.41 | FPS: 8258.1 | Var: dqn
Step: 2846720 | EPS: 0.30 | Rew: 1.43 | FPS: 7420.4 | Var: dqn
Step: 2847744 | EPS: 0.30 | Rew: 1.30 | FPS: 8019.7 | Var: dqn
Step: 2848768 | EPS: 0.30 | Rew: 1.34 | FPS: 7447.4 | Var: dqn
Step: 2849792 | EPS: 0.30 | Rew: 1.29 | FPS: 6527.6 | Var: dqn
Step: 2850816 | EPS: 0.30 | Rew: 1.09 | FPS: 6049.4 | Var: dqn
Step: 2851840 | EPS: 0.30 | Rew: 1.21 | FPS: 7062.5 | Var: dqn
Step: 2852864 | EPS: 0.30 | Rew: 1.19 | FPS: 6568.2 | Var: dqn
Step: 2853888 | EPS: 0.30 | Rew: 1.09 | FPS: 6691.6 | Var: dqn
Step: 2854912 | EPS: 0.30 | Rew: 1.05 | FPS: 7022.6 | Var: dqn
Step: 2855936 | EPS: 0.30 | Rew: 1.15 | FPS: 7077.8 | Var: dqn
Step: 2856960 | EPS: 0.30 | Rew: 1.10 | FPS: 6825.7 | Var: dqn
Step: 2857984 | EPS: 0.30 | Rew: 1.09 | FPS: 6074.8 | Var: dqn
Step: 2859008 | EPS: 0.30 | Rew: 1.12 | FPS: 6245.1 | Var: dqn
Step: 2860032 | EPS: 0.30 | Rew: 1.16 | FPS: 6624.2 | Var: dqn
Step: 2861056 | EPS: 0.30 | Rew: 1.16 | FPS: 5536.2 | Var: dqn
Step: 2862080 | EPS: 0.30 | Rew: 1.22 | FPS: 5718.9 | Var: dqn
Step: 2863104 | EPS: 0.30 | Rew: 1.29 | FPS: 7424.1 | Var: dqn
Step: 2864128 | EPS: 0.30 | Rew: 1.27 | FPS: 7089.7 | Var: dqn
Step: 2865152 | EPS: 0.30 | Rew: 1.27 | FPS: 7197.2 | Var: dqn
Step: 2866176 | EPS: 0.30 | Rew: 1.43 | FPS: 6397.5 | Var: dqn
Step: 2867200 | EPS: 0.30 | Rew: 1.50 | FPS: 8014.3 | Var: dqn
Step: 2868224 | EPS: 0.30 | Rew: 1.41 | FPS: 6733.5 | Var: dqn
Step: 2869248 | EPS: 0.30 | Rew: 1.64 | FPS: 6408.3 | Var: dqn
Step: 2870272 | EPS: 0.30 | Rew: 1.62 | FPS: 7627.8 | Var: dqn
Step: 2871296 | EPS: 0.30 | Rew: 1.67 | FPS: 6912.8 | Var: dqn
Step: 2872320 | EPS: 0.30 | Rew: 1.34 | FPS: 5225.2 | Var: dqn
Step: 2873344 | EPS: 0.30 | Rew: 1.36 | FPS: 5400.0 | Var: dqn
Step: 2874368 | EPS: 0.30 | Rew: 1.38 | FPS: 6329.4 | Var: dqn
Step: 2875392 | EPS: 0.30 | Rew: 1.37 | FPS: 6219.1 | Var: dqn
Step: 2876416 | EPS: 0.30 | Rew: 1.44 | FPS: 6780.0 | Var: dqn
Step: 2877440 | EPS: 0.30 | Rew: 1.54 | FPS: 5916.9 | Var: dqn
Step: 2878464 | EPS: 0.29 | Rew: 1.60 | FPS: 6619.9 | Var: dqn
Step: 2879488 | EPS: 0.29 | Rew: 1.54 | FPS: 6940.7 | Var: dqn
Step: 2880512 | EPS: 0.29 | Rew: 1.39 | FPS: 7240.5 | Var: dqn
Step: 2881536 | EPS: 0.29 | Rew: 1.29 | FPS: 6571.7 | Var: dqn
Step: 2882560 | EPS: 0.29 | Rew: 1.36 | FPS: 7828.6 | Var: dqn
Step: 2883584 | EPS: 0.29 | Rew: 1.43 | FPS: 6088.9 | Var: dqn
Step: 2884608 | EPS: 0.29 | Rew: 1.40 | FPS: 5788.3 | Var: dqn
Step: 2885632 | EPS: 0.29 | Rew: 1.26 | FPS: 6126.8 | Var: dqn
Step: 2886656 | EPS: 0.29 | Rew: 1.49 | FPS: 5726.1 | Var: dqn
Step: 2887680 | EPS: 0.29 | Rew: 1.59 | FPS: 7818.1 | Var: dqn
Step: 2888704 | EPS: 0.29 | Rew: 1.38 | FPS: 6175.8 | Var: dqn
Step: 2889728 | EPS: 0.29 | Rew: 1.47 | FPS: 6076.7 | Var: dqn
Step: 2890752 | EPS: 0.29 | Rew: 1.41 | FPS: 6670.8 | Var: dqn
Step: 2891776 | EPS: 0.29 | Rew: 1.80 | FPS: 5770.4 | Var: dqn
Step: 2892800 | EPS: 0.29 | Rew: 1.66 | FPS: 7301.1 | Var: dqn
Step: 2893824 | EPS: 0.29 | Rew: 1.49 | FPS: 6286.4 | Var: dqn
Step: 2894848 | EPS: 0.29 | Rew: 1.50 | FPS: 6350.9 | Var: dqn
Step: 2895872 | EPS: 0.29 | Rew: 1.58 | FPS: 5477.7 | Var: dqn
Step: 2896896 | EPS: 0.29 | Rew: 1.49 | FPS: 8095.9 | Var: dqn
Step: 2897920 | EPS: 0.29 | Rew: 1.34 | FPS: 7418.8 | Var: dqn
Step: 2898944 | EPS: 0.29 | Rew: 1.49 | FPS: 7419.9 | Var: dqn
Step: 2899968 | EPS: 0.29 | Rew: 1.49 | FPS: 5743.0 | Var: dqn
Step: 2900992 | EPS: 0.29 | Rew: 1.44 | FPS: 7081.1 | Var: dqn
Step: 2902016 | EPS: 0.29 | Rew: 1.45 | FPS: 6371.7 | Var: dqn
Step: 2903040 | EPS: 0.29 | Rew: 1.31 | FPS: 6597.3 | Var: dqn
Step: 2904064 | EPS: 0.29 | Rew: 1.26 | FPS: 6901.3 | Var: dqn
Step: 2905088 | EPS: 0.29 | Rew: 1.39 | FPS: 7460.8 | Var: dqn
Step: 2906112 | EPS: 0.29 | Rew: 1.31 | FPS: 7333.1 | Var: dqn
Step: 2907136 | EPS: 0.29 | Rew: 1.36 | FPS: 6950.3 | Var: dqn
Step: 2908160 | EPS: 0.29 | Rew: 1.46 | FPS: 6097.3 | Var: dqn
Step: 2909184 | EPS: 0.29 | Rew: 1.55 | FPS: 6503.8 | Var: dqn
Step: 2910208 | EPS: 0.29 | Rew: 1.44 | FPS: 6547.9 | Var: dqn
Step: 2911232 | EPS: 0.29 | Rew: 1.54 | FPS: 8331.4 | Var: dqn
Step: 2912256 | EPS: 0.29 | Rew: 1.58 | FPS: 7348.9 | Var: dqn
Step: 2913280 | EPS: 0.29 | Rew: 1.58 | FPS: 7550.2 | Var: dqn
Step: 2914304 | EPS: 0.29 | Rew: 1.45 | FPS: 5868.6 | Var: dqn
Step: 2915328 | EPS: 0.29 | Rew: 1.41 | FPS: 8170.5 | Var: dqn
Step: 2916352 | EPS: 0.29 | Rew: 1.40 | FPS: 7441.7 | Var: dqn
Step: 2917376 | EPS: 0.29 | Rew: 1.35 | FPS: 6252.8 | Var: dqn
Step: 2918400 | EPS: 0.28 | Rew: 1.47 | FPS: 7303.9 | Var: dqn
Step: 2919424 | EPS: 0.28 | Rew: 1.60 | FPS: 6537.0 | Var: dqn
Step: 2920448 | EPS: 0.28 | Rew: 1.60 | FPS: 8840.2 | Var: dqn
Step: 2921472 | EPS: 0.28 | Rew: 1.73 | FPS: 5852.3 | Var: dqn
Step: 2922496 | EPS: 0.28 | Rew: 1.78 | FPS: 5944.7 | Var: dqn
Step: 2923520 | EPS: 0.28 | Rew: 1.72 | FPS: 6965.2 | Var: dqn
Step: 2924544 | EPS: 0.28 | Rew: 1.57 | FPS: 6575.3 | Var: dqn
Step: 2925568 | EPS: 0.28 | Rew: 1.69 | FPS: 5290.5 | Var: dqn
Step: 2926592 | EPS: 0.28 | Rew: 1.53 | FPS: 7497.2 | Var: dqn
Step: 2927616 | EPS: 0.28 | Rew: 1.61 | FPS: 5324.2 | Var: dqn
Step: 2928640 | EPS: 0.28 | Rew: 1.75 | FPS: 4523.7 | Var: dqn
Step: 2929664 | EPS: 0.28 | Rew: 1.75 | FPS: 8443.5 | Var: dqn
Step: 2930688 | EPS: 0.28 | Rew: 1.60 | FPS: 5913.8 | Var: dqn
Step: 2931712 | EPS: 0.28 | Rew: 1.65 | FPS: 6317.5 | Var: dqn
Step: 2932736 | EPS: 0.28 | Rew: 1.71 | FPS: 7112.4 | Var: dqn
Step: 2933760 | EPS: 0.28 | Rew: 1.53 | FPS: 6520.0 | Var: dqn
Step: 2934784 | EPS: 0.28 | Rew: 1.35 | FPS: 6100.6 | Var: dqn
Step: 2935808 | EPS: 0.28 | Rew: 1.36 | FPS: 7409.8 | Var: dqn
Step: 2936832 | EPS: 0.28 | Rew: 1.43 | FPS: 6935.3 | Var: dqn
Step: 2937856 | EPS: 0.28 | Rew: 1.16 | FPS: 6152.8 | Var: dqn
Step: 2938880 | EPS: 0.28 | Rew: 1.03 | FPS: 7955.7 | Var: dqn
Step: 2939904 | EPS: 0.28 | Rew: 1.07 | FPS: 7657.4 | Var: dqn
Step: 2940928 | EPS: 0.28 | Rew: 1.25 | FPS: 7341.0 | Var: dqn
Step: 2941952 | EPS: 0.28 | Rew: 1.21 | FPS: 6380.5 | Var: dqn
Step: 2942976 | EPS: 0.28 | Rew: 1.30 | FPS: 7232.8 | Var: dqn
Step: 2944000 | EPS: 0.28 | Rew: 1.55 | FPS: 6378.4 | Var: dqn
Step: 2945024 | EPS: 0.28 | Rew: 1.56 | FPS: 5726.9 | Var: dqn
Step: 2946048 | EPS: 0.28 | Rew: 1.39 | FPS: 6104.8 | Var: dqn
Step: 2947072 | EPS: 0.28 | Rew: 1.45 | FPS: 6377.6 | Var: dqn
Step: 2948096 | EPS: 0.28 | Rew: 1.34 | FPS: 6132.9 | Var: dqn
Step: 2949120 | EPS: 0.28 | Rew: 1.33 | FPS: 5906.5 | Var: dqn
Step: 2950144 | EPS: 0.28 | Rew: 1.39 | FPS: 7228.5 | Var: dqn
Step: 2951168 | EPS: 0.28 | Rew: 1.37 | FPS: 5895.7 | Var: dqn
Step: 2952192 | EPS: 0.28 | Rew: 1.51 | FPS: 7642.6 | Var: dqn
Step: 2953216 | EPS: 0.28 | Rew: 1.47 | FPS: 6560.0 | Var: dqn
Step: 2954240 | EPS: 0.28 | Rew: 1.48 | FPS: 5488.5 | Var: dqn
Step: 2955264 | EPS: 0.28 | Rew: 1.42 | FPS: 5021.4 | Var: dqn
Step: 2956288 | EPS: 0.28 | Rew: 1.47 | FPS: 6008.8 | Var: dqn
Step: 2957312 | EPS: 0.28 | Rew: 1.53 | FPS: 5883.6 | Var: dqn
Step: 2958336 | EPS: 0.28 | Rew: 1.42 | FPS: 6326.7 | Var: dqn
Step: 2959360 | EPS: 0.27 | Rew: 1.43 | FPS: 5585.5 | Var: dqn
Step: 2960384 | EPS: 0.27 | Rew: 1.43 | FPS: 8269.5 | Var: dqn
Step: 2961408 | EPS: 0.27 | Rew: 1.56 | FPS: 6726.3 | Var: dqn
Step: 2962432 | EPS: 0.27 | Rew: 1.65 | FPS: 7281.5 | Var: dqn
Step: 2963456 | EPS: 0.27 | Rew: 1.71 | FPS: 8854.2 | Var: dqn
Step: 2964480 | EPS: 0.27 | Rew: 1.85 | FPS: 6165.5 | Var: dqn
Step: 2965504 | EPS: 0.27 | Rew: 1.99 | FPS: 5721.7 | Var: dqn
>>> [Best] Saved -> agent/checkpoints/dqn_pretrain.pth | Rew 1.99
Step: 2966528 | EPS: 0.27 | Rew: 2.02 | FPS: 5961.0 | Var: dqn
Step: 2967552 | EPS: 0.27 | Rew: 1.90 | FPS: 5829.5 | Var: dqn
Step: 2968576 | EPS: 0.27 | Rew: 1.86 | FPS: 8816.0 | Var: dqn
Step: 2969600 | EPS: 0.27 | Rew: 1.97 | FPS: 4901.4 | Var: dqn
Step: 2970624 | EPS: 0.27 | Rew: 1.95 | FPS: 5715.9 | Var: dqn
Step: 2971648 | EPS: 0.27 | Rew: 1.93 | FPS: 6755.7 | Var: dqn
Step: 2972672 | EPS: 0.27 | Rew: 2.01 | FPS: 7241.6 | Var: dqn
Step: 2973696 | EPS: 0.27 | Rew: 1.98 | FPS: 7259.1 | Var: dqn
Step: 2974720 | EPS: 0.27 | Rew: 1.81 | FPS: 8312.1 | Var: dqn
Step: 2975744 | EPS: 0.27 | Rew: 1.79 | FPS: 6265.7 | Var: dqn
Step: 2976768 | EPS: 0.27 | Rew: 1.86 | FPS: 6098.4 | Var: dqn
Step: 2977792 | EPS: 0.27 | Rew: 1.77 | FPS: 6733.7 | Var: dqn
Step: 2978816 | EPS: 0.27 | Rew: 1.79 | FPS: 7204.1 | Var: dqn
Step: 2979840 | EPS: 0.27 | Rew: 1.75 | FPS: 8314.8 | Var: dqn
Step: 2980864 | EPS: 0.27 | Rew: 1.63 | FPS: 7350.9 | Var: dqn
Step: 2981888 | EPS: 0.27 | Rew: 1.65 | FPS: 6594.1 | Var: dqn
Step: 2982912 | EPS: 0.27 | Rew: 1.69 | FPS: 7007.1 | Var: dqn
Step: 2983936 | EPS: 0.27 | Rew: 1.65 | FPS: 9868.9 | Var: dqn
Step: 2984960 | EPS: 0.27 | Rew: 1.58 | FPS: 7304.0 | Var: dqn
Step: 2985984 | EPS: 0.27 | Rew: 1.58 | FPS: 5978.9 | Var: dqn
Step: 2987008 | EPS: 0.27 | Rew: 1.82 | FPS: 8158.3 | Var: dqn
Step: 2988032 | EPS: 0.27 | Rew: 1.82 | FPS: 6721.9 | Var: dqn
Step: 2989056 | EPS: 0.27 | Rew: 1.73 | FPS: 7726.8 | Var: dqn
Step: 2990080 | EPS: 0.27 | Rew: 1.79 | FPS: 6395.2 | Var: dqn
Step: 2991104 | EPS: 0.27 | Rew: 1.74 | FPS: 6062.8 | Var: dqn
Step: 2992128 | EPS: 0.27 | Rew: 1.58 | FPS: 7246.7 | Var: dqn
Step: 2993152 | EPS: 0.27 | Rew: 1.75 | FPS: 6442.7 | Var: dqn
Step: 2994176 | EPS: 0.27 | Rew: 1.59 | FPS: 6915.9 | Var: dqn
Step: 2995200 | EPS: 0.27 | Rew: 1.81 | FPS: 6406.6 | Var: dqn
Step: 2996224 | EPS: 0.27 | Rew: 1.75 | FPS: 5872.8 | Var: dqn
Step: 2997248 | EPS: 0.27 | Rew: 1.84 | FPS: 8464.5 | Var: dqn
Step: 2998272 | EPS: 0.27 | Rew: 1.84 | FPS: 7788.4 | Var: dqn
Step: 2999296 | EPS: 0.27 | Rew: 1.77 | FPS: 4679.4 | Var: dqn
Step: 3000320 | EPS: 0.26 | Rew: 1.74 | FPS: 7577.7 | Var: dqn
Step: 3001344 | EPS: 0.26 | Rew: 1.45 | FPS: 10396.0 | Var: dqn
Step: 3002368 | EPS: 0.26 | Rew: 1.59 | FPS: 6801.7 | Var: dqn
Step: 3003392 | EPS: 0.26 | Rew: 1.76 | FPS: 7050.9 | Var: dqn
Step: 3004416 | EPS: 0.26 | Rew: 1.82 | FPS: 7383.3 | Var: dqn
Step: 3005440 | EPS: 0.26 | Rew: 1.90 | FPS: 9275.1 | Var: dqn
Step: 3006464 | EPS: 0.26 | Rew: 1.96 | FPS: 7249.7 | Var: dqn
Step: 3007488 | EPS: 0.26 | Rew: 1.78 | FPS: 7071.1 | Var: dqn
Step: 3008512 | EPS: 0.26 | Rew: 1.75 | FPS: 6177.7 | Var: dqn
Step: 3009536 | EPS: 0.26 | Rew: 1.54 | FPS: 8186.4 | Var: dqn
Step: 3010560 | EPS: 0.26 | Rew: 1.39 | FPS: 8809.8 | Var: dqn
Step: 3011584 | EPS: 0.26 | Rew: 1.32 | FPS: 6255.0 | Var: dqn
Step: 3012608 | EPS: 0.26 | Rew: 1.40 | FPS: 7446.9 | Var: dqn
Step: 3013632 | EPS: 0.26 | Rew: 1.39 | FPS: 7048.7 | Var: dqn
Step: 3014656 | EPS: 0.26 | Rew: 1.48 | FPS: 6780.6 | Var: dqn
Step: 3015680 | EPS: 0.26 | Rew: 1.53 | FPS: 5457.1 | Var: dqn
Step: 3016704 | EPS: 0.26 | Rew: 1.61 | FPS: 7617.8 | Var: dqn
Step: 3017728 | EPS: 0.26 | Rew: 1.58 | FPS: 7970.1 | Var: dqn
Step: 3018752 | EPS: 0.26 | Rew: 1.62 | FPS: 7658.9 | Var: dqn
Step: 3019776 | EPS: 0.26 | Rew: 1.68 | FPS: 6036.9 | Var: dqn
Step: 3020800 | EPS: 0.26 | Rew: 1.52 | FPS: 7096.6 | Var: dqn
Step: 3021824 | EPS: 0.26 | Rew: 1.49 | FPS: 6189.2 | Var: dqn
Step: 3022848 | EPS: 0.26 | Rew: 1.61 | FPS: 4687.9 | Var: dqn
Step: 3023872 | EPS: 0.26 | Rew: 1.62 | FPS: 7146.4 | Var: dqn
Step: 3024896 | EPS: 0.26 | Rew: 1.81 | FPS: 7324.6 | Var: dqn
Step: 3025920 | EPS: 0.26 | Rew: 1.93 | FPS: 6782.4 | Var: dqn
Step: 3026944 | EPS: 0.26 | Rew: 1.75 | FPS: 6624.2 | Var: dqn
Step: 3027968 | EPS: 0.26 | Rew: 1.76 | FPS: 6746.5 | Var: dqn
Step: 3028992 | EPS: 0.26 | Rew: 1.78 | FPS: 4907.9 | Var: dqn
Step: 3030016 | EPS: 0.26 | Rew: 1.77 | FPS: 7223.6 | Var: dqn
Step: 3031040 | EPS: 0.26 | Rew: 1.62 | FPS: 6549.6 | Var: dqn
Step: 3032064 | EPS: 0.26 | Rew: 1.83 | FPS: 5262.3 | Var: dqn
Step: 3033088 | EPS: 0.26 | Rew: 1.87 | FPS: 6609.1 | Var: dqn
Step: 3034112 | EPS: 0.26 | Rew: 1.86 | FPS: 8634.5 | Var: dqn
Step: 3035136 | EPS: 0.26 | Rew: 1.92 | FPS: 6063.1 | Var: dqn
Step: 3036160 | EPS: 0.26 | Rew: 1.88 | FPS: 6155.9 | Var: dqn
Step: 3037184 | EPS: 0.26 | Rew: 1.92 | FPS: 5640.8 | Var: dqn
Step: 3038208 | EPS: 0.26 | Rew: 1.76 | FPS: 6365.2 | Var: dqn
Step: 3039232 | EPS: 0.26 | Rew: 1.72 | FPS: 7101.4 | Var: dqn
Step: 3040256 | EPS: 0.26 | Rew: 1.62 | FPS: 6234.8 | Var: dqn
Step: 3041280 | EPS: 0.25 | Rew: 1.63 | FPS: 6445.3 | Var: dqn
Step: 3042304 | EPS: 0.25 | Rew: 1.68 | FPS: 6037.6 | Var: dqn
Step: 3043328 | EPS: 0.25 | Rew: 1.65 | FPS: 9043.1 | Var: dqn
Step: 3044352 | EPS: 0.25 | Rew: 1.82 | FPS: 7647.8 | Var: dqn
Step: 3045376 | EPS: 0.25 | Rew: 1.87 | FPS: 8348.7 | Var: dqn
Step: 3046400 | EPS: 0.25 | Rew: 1.87 | FPS: 7358.5 | Var: dqn
Step: 3047424 | EPS: 0.25 | Rew: 1.89 | FPS: 4547.9 | Var: dqn
Step: 3048448 | EPS: 0.25 | Rew: 1.89 | FPS: 6182.2 | Var: dqn
Step: 3049472 | EPS: 0.25 | Rew: 2.20 | FPS: 5070.8 | Var: dqn
Step: 3050496 | EPS: 0.25 | Rew: 1.96 | FPS: 7749.7 | Var: dqn
Step: 3051520 | EPS: 0.25 | Rew: 1.88 | FPS: 8150.1 | Var: dqn
Step: 3052544 | EPS: 0.25 | Rew: 1.89 | FPS: 6517.2 | Var: dqn
Step: 3053568 | EPS: 0.25 | Rew: 1.75 | FPS: 5948.5 | Var: dqn
Step: 3054592 | EPS: 0.25 | Rew: 1.54 | FPS: 7650.6 | Var: dqn
Step: 3055616 | EPS: 0.25 | Rew: 1.76 | FPS: 4425.5 | Var: dqn
Step: 3056640 | EPS: 0.25 | Rew: 1.68 | FPS: 6694.8 | Var: dqn
Step: 3057664 | EPS: 0.25 | Rew: 1.76 | FPS: 5144.3 | Var: dqn
Step: 3058688 | EPS: 0.25 | Rew: 1.56 | FPS: 8679.7 | Var: dqn
Step: 3059712 | EPS: 0.25 | Rew: 1.61 | FPS: 6704.0 | Var: dqn
Step: 3060736 | EPS: 0.25 | Rew: 1.86 | FPS: 6562.9 | Var: dqn
Step: 3061760 | EPS: 0.25 | Rew: 1.84 | FPS: 6045.9 | Var: dqn
Step: 3062784 | EPS: 0.25 | Rew: 1.84 | FPS: 7392.6 | Var: dqn
Step: 3063808 | EPS: 0.25 | Rew: 1.94 | FPS: 7280.8 | Var: dqn
Step: 3064832 | EPS: 0.25 | Rew: 1.95 | FPS: 5857.8 | Var: dqn
Step: 3065856 | EPS: 0.25 | Rew: 1.94 | FPS: 8440.2 | Var: dqn
Step: 3066880 | EPS: 0.25 | Rew: 1.76 | FPS: 5683.1 | Var: dqn
Step: 3067904 | EPS: 0.25 | Rew: 1.74 | FPS: 7080.4 | Var: dqn
Step: 3068928 | EPS: 0.25 | Rew: 1.82 | FPS: 7246.4 | Var: dqn
Step: 3069952 | EPS: 0.25 | Rew: 1.91 | FPS: 7885.8 | Var: dqn
Step: 3070976 | EPS: 0.25 | Rew: 1.83 | FPS: 8465.6 | Var: dqn
Step: 3072000 | EPS: 0.25 | Rew: 1.82 | FPS: 6502.2 | Var: dqn
Step: 3073024 | EPS: 0.25 | Rew: 1.82 | FPS: 6196.7 | Var: dqn
Step: 3074048 | EPS: 0.25 | Rew: 1.74 | FPS: 5821.4 | Var: dqn
Step: 3075072 | EPS: 0.25 | Rew: 1.67 | FPS: 5862.1 | Var: dqn
Step: 3076096 | EPS: 0.25 | Rew: 1.78 | FPS: 7097.6 | Var: dqn
Step: 3077120 | EPS: 0.25 | Rew: 1.86 | FPS: 8235.6 | Var: dqn
Step: 3078144 | EPS: 0.25 | Rew: 1.75 | FPS: 6550.5 | Var: dqn
Step: 3079168 | EPS: 0.25 | Rew: 1.78 | FPS: 5551.6 | Var: dqn
Step: 3080192 | EPS: 0.25 | Rew: 2.01 | FPS: 7229.4 | Var: dqn
Step: 3081216 | EPS: 0.25 | Rew: 2.00 | FPS: 5704.7 | Var: dqn
Step: 3082240 | EPS: 0.24 | Rew: 1.88 | FPS: 7262.1 | Var: dqn
Step: 3083264 | EPS: 0.24 | Rew: 1.72 | FPS: 5104.2 | Var: dqn
Step: 3084288 | EPS: 0.24 | Rew: 1.94 | FPS: 7392.0 | Var: dqn
Step: 3085312 | EPS: 0.24 | Rew: 2.11 | FPS: 5835.1 | Var: dqn
Step: 3086336 | EPS: 0.24 | Rew: 1.86 | FPS: 8063.2 | Var: dqn
Step: 3087360 | EPS: 0.24 | Rew: 1.93 | FPS: 5566.4 | Var: dqn
Step: 3088384 | EPS: 0.24 | Rew: 2.20 | FPS: 6477.6 | Var: dqn
Step: 3089408 | EPS: 0.24 | Rew: 2.35 | FPS: 6829.2 | Var: dqn
Step: 3090432 | EPS: 0.24 | Rew: 2.21 | FPS: 7751.3 | Var: dqn
Step: 3091456 | EPS: 0.24 | Rew: 2.08 | FPS: 5737.5 | Var: dqn
Step: 3092480 | EPS: 0.24 | Rew: 2.08 | FPS: 6527.7 | Var: dqn
Step: 3093504 | EPS: 0.24 | Rew: 2.08 | FPS: 7634.4 | Var: dqn
Step: 3094528 | EPS: 0.24 | Rew: 1.96 | FPS: 7639.0 | Var: dqn
Step: 3095552 | EPS: 0.24 | Rew: 1.95 | FPS: 6099.4 | Var: dqn
Step: 3096576 | EPS: 0.24 | Rew: 2.07 | FPS: 6307.8 | Var: dqn
Step: 3097600 | EPS: 0.24 | Rew: 2.15 | FPS: 5253.3 | Var: dqn
Step: 3098624 | EPS: 0.24 | Rew: 2.37 | FPS: 6284.1 | Var: dqn
Step: 3099648 | EPS: 0.24 | Rew: 2.38 | FPS: 7865.5 | Var: dqn
Step: 3100672 | EPS: 0.24 | Rew: 2.24 | FPS: 6565.7 | Var: dqn
Step: 3101696 | EPS: 0.24 | Rew: 2.02 | FPS: 7206.7 | Var: dqn
Step: 3102720 | EPS: 0.24 | Rew: 1.70 | FPS: 7831.0 | Var: dqn
Step: 3103744 | EPS: 0.24 | Rew: 1.50 | FPS: 8404.5 | Var: dqn
Step: 3104768 | EPS: 0.24 | Rew: 1.48 | FPS: 6746.2 | Var: dqn
Step: 3105792 | EPS: 0.24 | Rew: 1.44 | FPS: 7235.5 | Var: dqn
Step: 3106816 | EPS: 0.24 | Rew: 1.43 | FPS: 6042.6 | Var: dqn
Step: 3107840 | EPS: 0.24 | Rew: 1.51 | FPS: 7907.1 | Var: dqn
Step: 3108864 | EPS: 0.24 | Rew: 1.75 | FPS: 7006.7 | Var: dqn
Step: 3109888 | EPS: 0.24 | Rew: 2.01 | FPS: 7411.1 | Var: dqn
Step: 3110912 | EPS: 0.24 | Rew: 1.85 | FPS: 6780.4 | Var: dqn
Step: 3111936 | EPS: 0.24 | Rew: 2.10 | FPS: 4930.2 | Var: dqn
Step: 3112960 | EPS: 0.24 | Rew: 2.15 | FPS: 5813.7 | Var: dqn
Step: 3113984 | EPS: 0.24 | Rew: 2.11 | FPS: 6357.3 | Var: dqn
Step: 3115008 | EPS: 0.24 | Rew: 2.06 | FPS: 7879.8 | Var: dqn
Step: 3116032 | EPS: 0.24 | Rew: 2.08 | FPS: 6044.5 | Var: dqn
Step: 3117056 | EPS: 0.24 | Rew: 2.06 | FPS: 5432.9 | Var: dqn
Step: 3118080 | EPS: 0.24 | Rew: 2.17 | FPS: 6101.5 | Var: dqn
Step: 3119104 | EPS: 0.24 | Rew: 2.27 | FPS: 5979.3 | Var: dqn
Step: 3120128 | EPS: 0.24 | Rew: 2.31 | FPS: 6103.8 | Var: dqn
Step: 3121152 | EPS: 0.24 | Rew: 2.27 | FPS: 6817.4 | Var: dqn
Step: 3122176 | EPS: 0.24 | Rew: 2.12 | FPS: 7629.1 | Var: dqn
Step: 3123200 | EPS: 0.23 | Rew: 2.04 | FPS: 6569.0 | Var: dqn
Step: 3124224 | EPS: 0.23 | Rew: 1.92 | FPS: 5412.4 | Var: dqn
Step: 3125248 | EPS: 0.23 | Rew: 2.04 | FPS: 6591.4 | Var: dqn
Step: 3126272 | EPS: 0.23 | Rew: 1.82 | FPS: 6083.8 | Var: dqn
Step: 3127296 | EPS: 0.23 | Rew: 1.78 | FPS: 7294.1 | Var: dqn
Step: 3128320 | EPS: 0.23 | Rew: 1.83 | FPS: 6548.5 | Var: dqn
Step: 3129344 | EPS: 0.23 | Rew: 1.92 | FPS: 6549.2 | Var: dqn
Step: 3130368 | EPS: 0.23 | Rew: 1.99 | FPS: 6599.7 | Var: dqn
Step: 3131392 | EPS: 0.23 | Rew: 1.79 | FPS: 7741.3 | Var: dqn
Step: 3132416 | EPS: 0.23 | Rew: 1.95 | FPS: 6806.7 | Var: dqn
Step: 3133440 | EPS: 0.23 | Rew: 1.93 | FPS: 7585.8 | Var: dqn
Step: 3134464 | EPS: 0.23 | Rew: 1.97 | FPS: 5936.4 | Var: dqn
Step: 3135488 | EPS: 0.23 | Rew: 2.12 | FPS: 7358.2 | Var: dqn
Step: 3136512 | EPS: 0.23 | Rew: 2.02 | FPS: 7734.8 | Var: dqn
Step: 3137536 | EPS: 0.23 | Rew: 2.21 | FPS: 5964.2 | Var: dqn
Step: 3138560 | EPS: 0.23 | Rew: 2.32 | FPS: 6279.8 | Var: dqn
Step: 3139584 | EPS: 0.23 | Rew: 2.25 | FPS: 7991.8 | Var: dqn
Step: 3140608 | EPS: 0.23 | Rew: 2.41 | FPS: 6774.3 | Var: dqn
Step: 3141632 | EPS: 0.23 | Rew: 2.44 | FPS: 6884.6 | Var: dqn
Step: 3142656 | EPS: 0.23 | Rew: 2.34 | FPS: 6443.0 | Var: dqn
Step: 3143680 | EPS: 0.23 | Rew: 2.48 | FPS: 8100.9 | Var: dqn
Step: 3144704 | EPS: 0.23 | Rew: 2.45 | FPS: 7544.7 | Var: dqn
Step: 3145728 | EPS: 0.23 | Rew: 2.42 | FPS: 5904.7 | Var: dqn
Step: 3146752 | EPS: 0.23 | Rew: 2.35 | FPS: 6515.3 | Var: dqn
Step: 3147776 | EPS: 0.23 | Rew: 2.44 | FPS: 5709.3 | Var: dqn
Step: 3148800 | EPS: 0.23 | Rew: 2.25 | FPS: 7406.6 | Var: dqn
Step: 3149824 | EPS: 0.23 | Rew: 2.03 | FPS: 5167.6 | Var: dqn
Step: 3150848 | EPS: 0.23 | Rew: 1.97 | FPS: 6720.3 | Var: dqn
Step: 3151872 | EPS: 0.23 | Rew: 2.01 | FPS: 6758.4 | Var: dqn
Step: 3152896 | EPS: 0.23 | Rew: 1.82 | FPS: 8383.8 | Var: dqn
Step: 3153920 | EPS: 0.23 | Rew: 1.78 | FPS: 6856.3 | Var: dqn
Step: 3154944 | EPS: 0.23 | Rew: 1.76 | FPS: 6567.6 | Var: dqn
Step: 3155968 | EPS: 0.23 | Rew: 1.77 | FPS: 5096.1 | Var: dqn
Step: 3156992 | EPS: 0.23 | Rew: 1.83 | FPS: 6258.0 | Var: dqn
Step: 3158016 | EPS: 0.23 | Rew: 1.93 | FPS: 8366.5 | Var: dqn
Step: 3159040 | EPS: 0.23 | Rew: 1.95 | FPS: 7360.1 | Var: dqn
Step: 3160064 | EPS: 0.23 | Rew: 1.90 | FPS: 5955.9 | Var: dqn
Step: 3161088 | EPS: 0.23 | Rew: 1.93 | FPS: 7926.0 | Var: dqn
Step: 3162112 | EPS: 0.23 | Rew: 2.04 | FPS: 6757.1 | Var: dqn
Step: 3163136 | EPS: 0.23 | Rew: 2.26 | FPS: 7820.7 | Var: dqn
Step: 3164160 | EPS: 0.22 | Rew: 2.27 | FPS: 6373.7 | Var: dqn
Step: 3165184 | EPS: 0.22 | Rew: 2.43 | FPS: 8382.7 | Var: dqn
Step: 3166208 | EPS: 0.22 | Rew: 2.39 | FPS: 7522.6 | Var: dqn
Step: 3167232 | EPS: 0.22 | Rew: 2.46 | FPS: 7786.2 | Var: dqn
Step: 3168256 | EPS: 0.22 | Rew: 2.30 | FPS: 4778.7 | Var: dqn
Step: 3169280 | EPS: 0.22 | Rew: 2.30 | FPS: 9341.5 | Var: dqn
Step: 3170304 | EPS: 0.22 | Rew: 2.22 | FPS: 8973.6 | Var: dqn
Step: 3171328 | EPS: 0.22 | Rew: 2.01 | FPS: 7279.4 | Var: dqn
Step: 3172352 | EPS: 0.22 | Rew: 1.86 | FPS: 6133.4 | Var: dqn
Step: 3173376 | EPS: 0.22 | Rew: 1.82 | FPS: 6824.4 | Var: dqn
Step: 3174400 | EPS: 0.22 | Rew: 1.92 | FPS: 6339.2 | Var: dqn
Step: 3175424 | EPS: 0.22 | Rew: 2.12 | FPS: 6610.5 | Var: dqn
Step: 3176448 | EPS: 0.22 | Rew: 2.36 | FPS: 7093.0 | Var: dqn
Step: 3177472 | EPS: 0.22 | Rew: 2.42 | FPS: 6858.8 | Var: dqn
Step: 3178496 | EPS: 0.22 | Rew: 2.51 | FPS: 6064.8 | Var: dqn
>>> [Best] Saved -> agent/checkpoints/dqn_pretrain.pth | Rew 2.51
Step: 3179520 | EPS: 0.22 | Rew: 2.67 | FPS: 6401.2 | Var: dqn
Step: 3180544 | EPS: 0.22 | Rew: 2.89 | FPS: 7947.7 | Var: dqn
Step: 3181568 | EPS: 0.22 | Rew: 2.64 | FPS: 5935.0 | Var: dqn
Step: 3182592 | EPS: 0.22 | Rew: 2.49 | FPS: 5640.2 | Var: dqn
Step: 3183616 | EPS: 0.22 | Rew: 2.29 | FPS: 6485.3 | Var: dqn
Step: 3184640 | EPS: 0.22 | Rew: 2.10 | FPS: 8014.2 | Var: dqn
Step: 3185664 | EPS: 0.22 | Rew: 1.87 | FPS: 7452.0 | Var: dqn
Step: 3186688 | EPS: 0.22 | Rew: 1.84 | FPS: 9256.5 | Var: dqn
Step: 3187712 | EPS: 0.22 | Rew: 1.78 | FPS: 7003.4 | Var: dqn
Step: 3188736 | EPS: 0.22 | Rew: 2.06 | FPS: 6584.3 | Var: dqn
Step: 3189760 | EPS: 0.22 | Rew: 2.07 | FPS: 5964.7 | Var: dqn
Step: 3190784 | EPS: 0.22 | Rew: 2.06 | FPS: 7288.9 | Var: dqn
Step: 3191808 | EPS: 0.22 | Rew: 2.06 | FPS: 5798.3 | Var: dqn
Step: 3192832 | EPS: 0.22 | Rew: 2.09 | FPS: 7279.3 | Var: dqn
Step: 3193856 | EPS: 0.22 | Rew: 2.04 | FPS: 6918.0 | Var: dqn
Step: 3194880 | EPS: 0.22 | Rew: 2.07 | FPS: 6161.1 | Var: dqn
Step: 3195904 | EPS: 0.22 | Rew: 2.09 | FPS: 8124.6 | Var: dqn
Step: 3196928 | EPS: 0.22 | Rew: 2.01 | FPS: 6275.0 | Var: dqn
Step: 3197952 | EPS: 0.22 | Rew: 2.13 | FPS: 7007.0 | Var: dqn
Step: 3198976 | EPS: 0.22 | Rew: 2.17 | FPS: 6915.1 | Var: dqn
Step: 3200000 | EPS: 0.22 | Rew: 2.16 | FPS: 6865.1 | Var: dqn
Step: 3201024 | EPS: 0.22 | Rew: 2.20 | FPS: 7575.5 | Var: dqn
Step: 3202048 | EPS: 0.22 | Rew: 2.21 | FPS: 7113.0 | Var: dqn
Step: 3203072 | EPS: 0.22 | Rew: 2.18 | FPS: 6870.0 | Var: dqn
Step: 3204096 | EPS: 0.21 | Rew: 2.35 | FPS: 8202.9 | Var: dqn
Step: 3205120 | EPS: 0.21 | Rew: 2.34 | FPS: 6034.6 | Var: dqn
Step: 3206144 | EPS: 0.21 | Rew: 2.26 | FPS: 5783.0 | Var: dqn
Step: 3207168 | EPS: 0.21 | Rew: 2.19 | FPS: 6928.5 | Var: dqn
Step: 3208192 | EPS: 0.21 | Rew: 2.23 | FPS: 4605.7 | Var: dqn
Step: 3209216 | EPS: 0.21 | Rew: 2.27 | FPS: 5829.1 | Var: dqn
Step: 3210240 | EPS: 0.21 | Rew: 2.24 | FPS: 8516.2 | Var: dqn
Step: 3211264 | EPS: 0.21 | Rew: 2.49 | FPS: 8099.2 | Var: dqn
Step: 3212288 | EPS: 0.21 | Rew: 2.59 | FPS: 6448.3 | Var: dqn
Step: 3213312 | EPS: 0.21 | Rew: 2.63 | FPS: 7516.0 | Var: dqn
Step: 3214336 | EPS: 0.21 | Rew: 2.73 | FPS: 7812.5 | Var: dqn
Step: 3215360 | EPS: 0.21 | Rew: 2.53 | FPS: 7065.9 | Var: dqn
Step: 3216384 | EPS: 0.21 | Rew: 2.53 | FPS: 8833.3 | Var: dqn
Step: 3217408 | EPS: 0.21 | Rew: 2.39 | FPS: 6889.1 | Var: dqn
Step: 3218432 | EPS: 0.21 | Rew: 2.42 | FPS: 6186.0 | Var: dqn
Step: 3219456 | EPS: 0.21 | Rew: 2.55 | FPS: 7301.8 | Var: dqn
Step: 3220480 | EPS: 0.21 | Rew: 2.77 | FPS: 6033.4 | Var: dqn
Step: 3221504 | EPS: 0.21 | Rew: 2.67 | FPS: 6258.3 | Var: dqn
Step: 3222528 | EPS: 0.21 | Rew: 2.63 | FPS: 6744.0 | Var: dqn
Step: 3223552 | EPS: 0.21 | Rew: 2.70 | FPS: 8287.0 | Var: dqn
Step: 3224576 | EPS: 0.21 | Rew: 2.52 | FPS: 5306.3 | Var: dqn
Step: 3225600 | EPS: 0.21 | Rew: 2.52 | FPS: 5920.3 | Var: dqn
Step: 3226624 | EPS: 0.21 | Rew: 2.51 | FPS: 6407.3 | Var: dqn
Step: 3227648 | EPS: 0.21 | Rew: 2.43 | FPS: 7269.7 | Var: dqn
Step: 3228672 | EPS: 0.21 | Rew: 2.39 | FPS: 8437.8 | Var: dqn
Step: 3229696 | EPS: 0.21 | Rew: 2.22 | FPS: 6731.6 | Var: dqn
Step: 3230720 | EPS: 0.21 | Rew: 2.22 | FPS: 6152.6 | Var: dqn
Step: 3231744 | EPS: 0.21 | Rew: 1.96 | FPS: 7764.6 | Var: dqn
Step: 3232768 | EPS: 0.21 | Rew: 1.68 | FPS: 6988.7 | Var: dqn
Step: 3233792 | EPS: 0.21 | Rew: 1.82 | FPS: 8513.8 | Var: dqn
Step: 3234816 | EPS: 0.21 | Rew: 2.05 | FPS: 6855.6 | Var: dqn
Step: 3235840 | EPS: 0.21 | Rew: 2.36 | FPS: 8098.3 | Var: dqn
Step: 3236864 | EPS: 0.21 | Rew: 2.32 | FPS: 6863.6 | Var: dqn
Step: 3237888 | EPS: 0.21 | Rew: 2.29 | FPS: 6228.4 | Var: dqn
Step: 3238912 | EPS: 0.21 | Rew: 2.31 | FPS: 6360.2 | Var: dqn
Step: 3239936 | EPS: 0.21 | Rew: 2.73 | FPS: 6126.9 | Var: dqn
Step: 3240960 | EPS: 0.21 | Rew: 2.82 | FPS: 5937.9 | Var: dqn
Step: 3241984 | EPS: 0.21 | Rew: 2.56 | FPS: 7875.6 | Var: dqn
Step: 3243008 | EPS: 0.21 | Rew: 2.45 | FPS: 5561.8 | Var: dqn
Step: 3244032 | EPS: 0.21 | Rew: 2.41 | FPS: 7049.6 | Var: dqn
Step: 3245056 | EPS: 0.20 | Rew: 2.63 | FPS: 7007.2 | Var: dqn
Step: 3246080 | EPS: 0.20 | Rew: 2.37 | FPS: 5947.8 | Var: dqn
Step: 3247104 | EPS: 0.20 | Rew: 2.19 | FPS: 6931.2 | Var: dqn
Step: 3248128 | EPS: 0.20 | Rew: 2.32 | FPS: 8413.4 | Var: dqn
Step: 3249152 | EPS: 0.20 | Rew: 2.63 | FPS: 6895.1 | Var: dqn
Step: 3250176 | EPS: 0.20 | Rew: 2.65 | FPS: 5124.5 | Var: dqn
Step: 3251200 | EPS: 0.20 | Rew: 2.61 | FPS: 7043.6 | Var: dqn
Step: 3252224 | EPS: 0.20 | Rew: 2.35 | FPS: 7656.4 | Var: dqn
Step: 3253248 | EPS: 0.20 | Rew: 2.32 | FPS: 6616.1 | Var: dqn
Step: 3254272 | EPS: 0.20 | Rew: 2.31 | FPS: 5120.1 | Var: dqn
Step: 3255296 | EPS: 0.20 | Rew: 2.17 | FPS: 7280.5 | Var: dqn
Step: 3256320 | EPS: 0.20 | Rew: 2.54 | FPS: 5633.1 | Var: dqn
Step: 3257344 | EPS: 0.20 | Rew: 3.12 | FPS: 7123.9 | Var: dqn
>>> [Best] Saved -> agent/checkpoints/dqn_pretrain.pth | Rew 3.12
Step: 3258368 | EPS: 0.20 | Rew: 3.31 | FPS: 6259.3 | Var: dqn
Step: 3259392 | EPS: 0.20 | Rew: 3.33 | FPS: 6857.3 | Var: dqn
Step: 3260416 | EPS: 0.20 | Rew: 3.48 | FPS: 6329.6 | Var: dqn
Step: 3261440 | EPS: 0.20 | Rew: 3.45 | FPS: 5969.0 | Var: dqn
Step: 3262464 | EPS: 0.20 | Rew: 3.44 | FPS: 5612.5 | Var: dqn
Step: 3263488 | EPS: 0.20 | Rew: 3.06 | FPS: 7441.8 | Var: dqn
Step: 3264512 | EPS: 0.20 | Rew: 3.02 | FPS: 8074.7 | Var: dqn
Step: 3265536 | EPS: 0.20 | Rew: 2.72 | FPS: 5297.1 | Var: dqn
Step: 3266560 | EPS: 0.20 | Rew: 2.77 | FPS: 6154.8 | Var: dqn
Step: 3267584 | EPS: 0.20 | Rew: 2.54 | FPS: 4974.8 | Var: dqn
Step: 3268608 | EPS: 0.20 | Rew: 2.48 | FPS: 6110.5 | Var: dqn
Step: 3269632 | EPS: 0.20 | Rew: 2.68 | FPS: 6871.6 | Var: dqn
Step: 3270656 | EPS: 0.20 | Rew: 2.83 | FPS: 7116.2 | Var: dqn
Step: 3271680 | EPS: 0.20 | Rew: 2.88 | FPS: 6554.6 | Var: dqn
Step: 3272704 | EPS: 0.20 | Rew: 3.24 | FPS: 6261.6 | Var: dqn
Step: 3273728 | EPS: 0.20 | Rew: 3.33 | FPS: 6489.9 | Var: dqn
Step: 3274752 | EPS: 0.20 | Rew: 3.62 | FPS: 6447.7 | Var: dqn
>>> [Best] Saved -> agent/checkpoints/dqn_pretrain.pth | Rew 3.62
Step: 3275776 | EPS: 0.20 | Rew: 3.50 | FPS: 7589.0 | Var: dqn
Step: 3276800 | EPS: 0.20 | Rew: 3.24 | FPS: 8424.4 | Var: dqn
Step: 3277824 | EPS: 0.20 | Rew: 3.26 | FPS: 8251.7 | Var: dqn
Step: 3278848 | EPS: 0.20 | Rew: 3.02 | FPS: 8560.4 | Var: dqn
Step: 3279872 | EPS: 0.20 | Rew: 2.87 | FPS: 6616.0 | Var: dqn
Step: 3280896 | EPS: 0.20 | Rew: 2.34 | FPS: 5738.9 | Var: dqn
Step: 3281920 | EPS: 0.20 | Rew: 2.33 | FPS: 5270.2 | Var: dqn
Step: 3282944 | EPS: 0.20 | Rew: 2.22 | FPS: 7176.8 | Var: dqn
Step: 3283968 | EPS: 0.20 | Rew: 2.21 | FPS: 7454.5 | Var: dqn
Step: 3284992 | EPS: 0.20 | Rew: 2.16 | FPS: 6324.7 | Var: dqn
Step: 3286016 | EPS: 0.19 | Rew: 2.19 | FPS: 7891.7 | Var: dqn
Step: 3287040 | EPS: 0.19 | Rew: 2.41 | FPS: 6992.6 | Var: dqn
Step: 3288064 | EPS: 0.19 | Rew: 2.55 | FPS: 6314.5 | Var: dqn
Step: 3289088 | EPS: 0.19 | Rew: 2.61 | FPS: 5893.0 | Var: dqn
Step: 3290112 | EPS: 0.19 | Rew: 2.58 | FPS: 6632.3 | Var: dqn
Step: 3291136 | EPS: 0.19 | Rew: 2.45 | FPS: 5902.6 | Var: dqn
Step: 3292160 | EPS: 0.19 | Rew: 2.60 | FPS: 6172.6 | Var: dqn
Step: 3293184 | EPS: 0.19 | Rew: 2.67 | FPS: 6689.7 | Var: dqn
Step: 3294208 | EPS: 0.19 | Rew: 2.50 | FPS: 6754.9 | Var: dqn
Step: 3295232 | EPS: 0.19 | Rew: 2.50 | FPS: 5358.0 | Var: dqn
Step: 3296256 | EPS: 0.19 | Rew: 2.59 | FPS: 6986.2 | Var: dqn
Step: 3297280 | EPS: 0.19 | Rew: 2.89 | FPS: 7201.9 | Var: dqn
Step: 3298304 | EPS: 0.19 | Rew: 2.80 | FPS: 6242.3 | Var: dqn
Step: 3299328 | EPS: 0.19 | Rew: 2.91 | FPS: 7043.2 | Var: dqn
Step: 3300352 | EPS: 0.19 | Rew: 2.79 | FPS: 6299.3 | Var: dqn
Step: 3301376 | EPS: 0.19 | Rew: 2.56 | FPS: 7617.0 | Var: dqn
Step: 3302400 | EPS: 0.19 | Rew: 2.66 | FPS: 8247.0 | Var: dqn
Step: 3303424 | EPS: 0.19 | Rew: 2.64 | FPS: 6240.4 | Var: dqn
Step: 3304448 | EPS: 0.19 | Rew: 2.84 | FPS: 8573.2 | Var: dqn
Step: 3305472 | EPS: 0.19 | Rew: 2.70 | FPS: 7751.4 | Var: dqn
Step: 3306496 | EPS: 0.19 | Rew: 2.58 | FPS: 5136.6 | Var: dqn
Step: 3307520 | EPS: 0.19 | Rew: 2.89 | FPS: 5947.1 | Var: dqn
Step: 3308544 | EPS: 0.19 | Rew: 3.12 | FPS: 7375.4 | Var: dqn
Step: 3309568 | EPS: 0.19 | Rew: 3.19 | FPS: 7064.3 | Var: dqn
Step: 3310592 | EPS: 0.19 | Rew: 3.21 | FPS: 7982.7 | Var: dqn
Step: 3311616 | EPS: 0.19 | Rew: 3.07 | FPS: 5483.8 | Var: dqn
Step: 3312640 | EPS: 0.19 | Rew: 3.18 | FPS: 7665.0 | Var: dqn
Step: 3313664 | EPS: 0.19 | Rew: 3.39 | FPS: 7157.3 | Var: dqn
Step: 3314688 | EPS: 0.19 | Rew: 3.13 | FPS: 6513.7 | Var: dqn
Step: 3315712 | EPS: 0.19 | Rew: 2.97 | FPS: 6952.4 | Var: dqn
Step: 3316736 | EPS: 0.19 | Rew: 2.99 | FPS: 6079.6 | Var: dqn
Step: 3317760 | EPS: 0.19 | Rew: 3.26 | FPS: 6491.2 | Var: dqn
Step: 3318784 | EPS: 0.19 | Rew: 3.11 | FPS: 6190.0 | Var: dqn
Step: 3319808 | EPS: 0.19 | Rew: 2.79 | FPS: 6190.1 | Var: dqn
Step: 3320832 | EPS: 0.19 | Rew: 3.13 | FPS: 7651.6 | Var: dqn
Step: 3321856 | EPS: 0.19 | Rew: 3.12 | FPS: 7435.9 | Var: dqn
Step: 3322880 | EPS: 0.19 | Rew: 3.16 | FPS: 7428.4 | Var: dqn
Step: 3323904 | EPS: 0.19 | Rew: 3.00 | FPS: 4891.3 | Var: dqn
Step: 3324928 | EPS: 0.19 | Rew: 2.94 | FPS: 5751.2 | Var: dqn
Step: 3325952 | EPS: 0.19 | Rew: 2.98 | FPS: 5801.4 | Var: dqn
Step: 3326976 | EPS: 0.18 | Rew: 3.16 | FPS: 5580.4 | Var: dqn
Step: 3328000 | EPS: 0.18 | Rew: 3.09 | FPS: 6461.2 | Var: dqn
Step: 3329024 | EPS: 0.18 | Rew: 2.91 | FPS: 7725.8 | Var: dqn
Step: 3330048 | EPS: 0.18 | Rew: 2.83 | FPS: 6102.0 | Var: dqn
Step: 3331072 | EPS: 0.18 | Rew: 2.79 | FPS: 6972.6 | Var: dqn
Step: 3332096 | EPS: 0.18 | Rew: 2.90 | FPS: 6424.9 | Var: dqn
Step: 3333120 | EPS: 0.18 | Rew: 2.90 | FPS: 7507.5 | Var: dqn
Step: 3334144 | EPS: 0.18 | Rew: 2.80 | FPS: 6744.4 | Var: dqn
Step: 3335168 | EPS: 0.18 | Rew: 2.66 | FPS: 6979.3 | Var: dqn
Step: 3336192 | EPS: 0.18 | Rew: 2.78 | FPS: 4940.0 | Var: dqn
Step: 3337216 | EPS: 0.18 | Rew: 2.99 | FPS: 4479.9 | Var: dqn
Step: 3338240 | EPS: 0.18 | Rew: 3.05 | FPS: 4973.5 | Var: dqn
Step: 3339264 | EPS: 0.18 | Rew: 2.91 | FPS: 5544.2 | Var: dqn
Step: 3340288 | EPS: 0.18 | Rew: 3.10 | FPS: 6098.1 | Var: dqn
Step: 3341312 | EPS: 0.18 | Rew: 3.07 | FPS: 7318.0 | Var: dqn
Step: 3342336 | EPS: 0.18 | Rew: 2.87 | FPS: 5846.6 | Var: dqn
Step: 3343360 | EPS: 0.18 | Rew: 2.94 | FPS: 6670.7 | Var: dqn
Step: 3344384 | EPS: 0.18 | Rew: 3.09 | FPS: 6621.1 | Var: dqn
Step: 3345408 | EPS: 0.18 | Rew: 2.98 | FPS: 6277.0 | Var: dqn
Step: 3346432 | EPS: 0.18 | Rew: 2.94 | FPS: 6011.0 | Var: dqn
Step: 3347456 | EPS: 0.18 | Rew: 2.72 | FPS: 6966.1 | Var: dqn
Step: 3348480 | EPS: 0.18 | Rew: 2.95 | FPS: 5934.5 | Var: dqn
Step: 3349504 | EPS: 0.18 | Rew: 3.09 | FPS: 4782.0 | Var: dqn
Step: 3350528 | EPS: 0.18 | Rew: 2.43 | FPS: 8698.0 | Var: dqn
Step: 3351552 | EPS: 0.18 | Rew: 2.44 | FPS: 8746.7 | Var: dqn
Step: 3352576 | EPS: 0.18 | Rew: 2.43 | FPS: 7513.9 | Var: dqn
Step: 3353600 | EPS: 0.18 | Rew: 2.64 | FPS: 8270.1 | Var: dqn
Step: 3354624 | EPS: 0.18 | Rew: 2.42 | FPS: 7186.5 | Var: dqn
Step: 3355648 | EPS: 0.18 | Rew: 2.56 | FPS: 7294.6 | Var: dqn
Step: 3356672 | EPS: 0.18 | Rew: 2.79 | FPS: 7157.7 | Var: dqn
Step: 3357696 | EPS: 0.18 | Rew: 2.73 | FPS: 6653.0 | Var: dqn
Step: 3358720 | EPS: 0.18 | Rew: 2.87 | FPS: 6158.9 | Var: dqn
Step: 3359744 | EPS: 0.18 | Rew: 3.08 | FPS: 6813.0 | Var: dqn
Step: 3360768 | EPS: 0.18 | Rew: 3.17 | FPS: 6100.8 | Var: dqn
Step: 3361792 | EPS: 0.18 | Rew: 3.46 | FPS: 6415.2 | Var: dqn
Step: 3362816 | EPS: 0.18 | Rew: 3.41 | FPS: 8087.7 | Var: dqn
Step: 3363840 | EPS: 0.18 | Rew: 3.58 | FPS: 8179.8 | Var: dqn
Step: 3364864 | EPS: 0.18 | Rew: 3.39 | FPS: 6036.5 | Var: dqn
Step: 3365888 | EPS: 0.18 | Rew: 3.57 | FPS: 6235.2 | Var: dqn
Step: 3366912 | EPS: 0.18 | Rew: 3.33 | FPS: 8536.4 | Var: dqn
Step: 3367936 | EPS: 0.17 | Rew: 3.25 | FPS: 6086.2 | Var: dqn
Step: 3368960 | EPS: 0.17 | Rew: 3.05 | FPS: 6036.0 | Var: dqn
Step: 3369984 | EPS: 0.17 | Rew: 3.10 | FPS: 8645.7 | Var: dqn
Step: 3371008 | EPS: 0.17 | Rew: 2.89 | FPS: 6334.5 | Var: dqn
Step: 3372032 | EPS: 0.17 | Rew: 2.99 | FPS: 5718.7 | Var: dqn
Step: 3373056 | EPS: 0.17 | Rew: 3.15 | FPS: 7232.9 | Var: dqn
Step: 3374080 | EPS: 0.17 | Rew: 3.33 | FPS: 6856.6 | Var: dqn
Step: 3375104 | EPS: 0.17 | Rew: 3.29 | FPS: 6629.7 | Var: dqn
Step: 3376128 | EPS: 0.17 | Rew: 3.37 | FPS: 7559.4 | Var: dqn
Step: 3377152 | EPS: 0.17 | Rew: 3.21 | FPS: 6393.2 | Var: dqn
Step: 3378176 | EPS: 0.17 | Rew: 3.07 | FPS: 7803.9 | Var: dqn
Step: 3379200 | EPS: 0.17 | Rew: 3.09 | FPS: 7514.1 | Var: dqn
Step: 3380224 | EPS: 0.17 | Rew: 2.99 | FPS: 6729.8 | Var: dqn
Step: 3381248 | EPS: 0.17 | Rew: 2.80 | FPS: 6714.6 | Var: dqn
Step: 3382272 | EPS: 0.17 | Rew: 2.69 | FPS: 6110.7 | Var: dqn
Step: 3383296 | EPS: 0.17 | Rew: 2.92 | FPS: 6298.4 | Var: dqn
Step: 3384320 | EPS: 0.17 | Rew: 3.30 | FPS: 6320.7 | Var: dqn
Step: 3385344 | EPS: 0.17 | Rew: 3.38 | FPS: 6465.1 | Var: dqn
Step: 3386368 | EPS: 0.17 | Rew: 3.25 | FPS: 6200.6 | Var: dqn
Step: 3387392 | EPS: 0.17 | Rew: 3.32 | FPS: 6250.3 | Var: dqn
Step: 3388416 | EPS: 0.17 | Rew: 3.32 | FPS: 6028.2 | Var: dqn
Step: 3389440 | EPS: 0.17 | Rew: 3.50 | FPS: 7802.2 | Var: dqn
Step: 3390464 | EPS: 0.17 | Rew: 3.61 | FPS: 6381.7 | Var: dqn
Step: 3391488 | EPS: 0.17 | Rew: 3.50 | FPS: 5616.5 | Var: dqn
Step: 3392512 | EPS: 0.17 | Rew: 3.35 | FPS: 7492.4 | Var: dqn
Step: 3393536 | EPS: 0.17 | Rew: 3.33 | FPS: 5892.1 | Var: dqn
Step: 3394560 | EPS: 0.17 | Rew: 3.28 | FPS: 5913.0 | Var: dqn
Step: 3395584 | EPS: 0.17 | Rew: 3.27 | FPS: 6346.7 | Var: dqn
Step: 3396608 | EPS: 0.17 | Rew: 3.49 | FPS: 8792.1 | Var: dqn
Step: 3397632 | EPS: 0.17 | Rew: 3.69 | FPS: 7421.5 | Var: dqn
Step: 3398656 | EPS: 0.17 | Rew: 3.71 | FPS: 6738.8 | Var: dqn
Step: 3399680 | EPS: 0.17 | Rew: 3.50 | FPS: 6131.3 | Var: dqn
Step: 3400704 | EPS: 0.17 | Rew: 3.43 | FPS: 6544.7 | Var: dqn
Step: 3401728 | EPS: 0.17 | Rew: 3.56 | FPS: 6419.4 | Var: dqn
Step: 3402752 | EPS: 0.17 | Rew: 3.70 | FPS: 6180.1 | Var: dqn
Step: 3403776 | EPS: 0.17 | Rew: 3.62 | FPS: 7190.9 | Var: dqn
Step: 3404800 | EPS: 0.17 | Rew: 3.55 | FPS: 8788.4 | Var: dqn
Step: 3405824 | EPS: 0.17 | Rew: 3.42 | FPS: 7038.0 | Var: dqn
Step: 3406848 | EPS: 0.17 | Rew: 3.62 | FPS: 6030.4 | Var: dqn
Step: 3407872 | EPS: 0.17 | Rew: 3.76 | FPS: 7680.7 | Var: dqn
Step: 3408896 | EPS: 0.16 | Rew: 3.62 | FPS: 7361.2 | Var: dqn
Step: 3409920 | EPS: 0.16 | Rew: 3.54 | FPS: 6907.6 | Var: dqn
Step: 3410944 | EPS: 0.16 | Rew: 3.69 | FPS: 7411.9 | Var: dqn
Step: 3411968 | EPS: 0.16 | Rew: 3.68 | FPS: 6920.6 | Var: dqn
Step: 3412992 | EPS: 0.16 | Rew: 3.67 | FPS: 6541.4 | Var: dqn
Step: 3414016 | EPS: 0.16 | Rew: 3.57 | FPS: 7904.5 | Var: dqn
Step: 3415040 | EPS: 0.16 | Rew: 3.37 | FPS: 6624.9 | Var: dqn
Step: 3416064 | EPS: 0.16 | Rew: 3.47 | FPS: 7532.4 | Var: dqn
Step: 3417088 | EPS: 0.16 | Rew: 3.73 | FPS: 5434.1 | Var: dqn
Step: 3418112 | EPS: 0.16 | Rew: 3.43 | FPS: 8601.4 | Var: dqn
Step: 3419136 | EPS: 0.16 | Rew: 3.45 | FPS: 5406.9 | Var: dqn
Step: 3420160 | EPS: 0.16 | Rew: 3.23 | FPS: 6398.0 | Var: dqn
Step: 3421184 | EPS: 0.16 | Rew: 3.20 | FPS: 6665.4 | Var: dqn
Step: 3422208 | EPS: 0.16 | Rew: 3.10 | FPS: 5748.6 | Var: dqn
Step: 3423232 | EPS: 0.16 | Rew: 3.40 | FPS: 4557.6 | Var: dqn
Step: 3424256 | EPS: 0.16 | Rew: 3.36 | FPS: 6943.7 | Var: dqn
Step: 3425280 | EPS: 0.16 | Rew: 3.07 | FPS: 6279.3 | Var: dqn
Step: 3426304 | EPS: 0.16 | Rew: 2.99 | FPS: 6956.9 | Var: dqn
Step: 3427328 | EPS: 0.16 | Rew: 3.24 | FPS: 6237.7 | Var: dqn
Step: 3428352 | EPS: 0.16 | Rew: 3.22 | FPS: 7693.3 | Var: dqn
Step: 3429376 | EPS: 0.16 | Rew: 3.33 | FPS: 5516.9 | Var: dqn
Step: 3430400 | EPS: 0.16 | Rew: 3.30 | FPS: 6653.9 | Var: dqn
Step: 3431424 | EPS: 0.16 | Rew: 3.06 | FPS: 6210.4 | Var: dqn
Step: 3432448 | EPS: 0.16 | Rew: 3.42 | FPS: 6599.0 | Var: dqn
Step: 3433472 | EPS: 0.16 | Rew: 3.46 | FPS: 6925.3 | Var: dqn
Step: 3434496 | EPS: 0.16 | Rew: 3.52 | FPS: 6787.7 | Var: dqn
Step: 3435520 | EPS: 0.16 | Rew: 3.60 | FPS: 6280.3 | Var: dqn
Step: 3436544 | EPS: 0.16 | Rew: 3.39 | FPS: 6756.2 | Var: dqn
Step: 3437568 | EPS: 0.16 | Rew: 3.77 | FPS: 5554.1 | Var: dqn
Step: 3438592 | EPS: 0.16 | Rew: 3.72 | FPS: 6836.7 | Var: dqn
Step: 3439616 | EPS: 0.16 | Rew: 3.76 | FPS: 6753.0 | Var: dqn
Step: 3440640 | EPS: 0.16 | Rew: 3.63 | FPS: 7130.4 | Var: dqn
Step: 3441664 | EPS: 0.16 | Rew: 3.67 | FPS: 7817.3 | Var: dqn
Step: 3442688 | EPS: 0.16 | Rew: 3.69 | FPS: 5723.5 | Var: dqn
Step: 3443712 | EPS: 0.16 | Rew: 3.42 | FPS: 6101.8 | Var: dqn
Step: 3444736 | EPS: 0.16 | Rew: 3.47 | FPS: 6639.3 | Var: dqn
Step: 3445760 | EPS: 0.16 | Rew: 3.45 | FPS: 5552.6 | Var: dqn
Step: 3446784 | EPS: 0.16 | Rew: 3.79 | FPS: 6629.5 | Var: dqn
Step: 3447808 | EPS: 0.16 | Rew: 3.80 | FPS: 6511.3 | Var: dqn
Step: 3448832 | EPS: 0.16 | Rew: 3.99 | FPS: 5139.9 | Var: dqn
Step: 3449856 | EPS: 0.15 | Rew: 3.82 | FPS: 6330.0 | Var: dqn
Step: 3450880 | EPS: 0.15 | Rew: 3.97 | FPS: 9375.5 | Var: dqn
Step: 3451904 | EPS: 0.15 | Rew: 3.94 | FPS: 6716.1 | Var: dqn
Step: 3452928 | EPS: 0.15 | Rew: 3.78 | FPS: 7074.8 | Var: dqn
Step: 3453952 | EPS: 0.15 | Rew: 3.64 | FPS: 6716.9 | Var: dqn
Step: 3454976 | EPS: 0.15 | Rew: 3.43 | FPS: 7223.2 | Var: dqn
Step: 3456000 | EPS: 0.15 | Rew: 3.13 | FPS: 8794.7 | Var: dqn
Step: 3457024 | EPS: 0.15 | Rew: 3.12 | FPS: 8243.9 | Var: dqn
Step: 3458048 | EPS: 0.15 | Rew: 3.17 | FPS: 5953.8 | Var: dqn
Step: 3459072 | EPS: 0.15 | Rew: 3.36 | FPS: 7621.8 | Var: dqn
Step: 3460096 | EPS: 0.15 | Rew: 3.39 | FPS: 6291.0 | Var: dqn
Step: 3461120 | EPS: 0.15 | Rew: 3.25 | FPS: 7854.3 | Var: dqn
Step: 3462144 | EPS: 0.15 | Rew: 3.52 | FPS: 5711.0 | Var: dqn
Step: 3463168 | EPS: 0.15 | Rew: 3.72 | FPS: 7168.1 | Var: dqn
Step: 3464192 | EPS: 0.15 | Rew: 3.79 | FPS: 5328.9 | Var: dqn
Step: 3465216 | EPS: 0.15 | Rew: 3.57 | FPS: 6136.8 | Var: dqn
Step: 3466240 | EPS: 0.15 | Rew: 3.56 | FPS: 6482.7 | Var: dqn
Step: 3467264 | EPS: 0.15 | Rew: 3.40 | FPS: 5742.9 | Var: dqn
Step: 3468288 | EPS: 0.15 | Rew: 3.53 | FPS: 6300.3 | Var: dqn
Step: 3469312 | EPS: 0.15 | Rew: 3.27 | FPS: 7514.8 | Var: dqn
Step: 3470336 | EPS: 0.15 | Rew: 3.51 | FPS: 8133.1 | Var: dqn
Step: 3471360 | EPS: 0.15 | Rew: 3.29 | FPS: 6656.8 | Var: dqn
Step: 3472384 | EPS: 0.15 | Rew: 3.21 | FPS: 8021.6 | Var: dqn
Step: 3473408 | EPS: 0.15 | Rew: 3.52 | FPS: 7032.7 | Var: dqn
Step: 3474432 | EPS: 0.15 | Rew: 3.51 | FPS: 7297.5 | Var: dqn
Step: 3475456 | EPS: 0.15 | Rew: 3.63 | FPS: 7975.6 | Var: dqn
Step: 3476480 | EPS: 0.15 | Rew: 3.54 | FPS: 6249.1 | Var: dqn
Step: 3477504 | EPS: 0.15 | Rew: 3.27 | FPS: 6684.7 | Var: dqn
Step: 3478528 | EPS: 0.15 | Rew: 3.47 | FPS: 8153.7 | Var: dqn
Step: 3479552 | EPS: 0.15 | Rew: 3.72 | FPS: 6535.2 | Var: dqn
Step: 3480576 | EPS: 0.15 | Rew: 3.70 | FPS: 8403.5 | Var: dqn
Step: 3481600 | EPS: 0.15 | Rew: 3.61 | FPS: 8143.1 | Var: dqn
Step: 3482624 | EPS: 0.15 | Rew: 3.67 | FPS: 6332.1 | Var: dqn
Step: 3483648 | EPS: 0.15 | Rew: 3.34 | FPS: 6360.1 | Var: dqn
Step: 3484672 | EPS: 0.15 | Rew: 3.33 | FPS: 7763.0 | Var: dqn
Step: 3485696 | EPS: 0.15 | Rew: 3.31 | FPS: 6994.2 | Var: dqn
Step: 3486720 | EPS: 0.15 | Rew: 3.23 | FPS: 6998.0 | Var: dqn
Step: 3487744 | EPS: 0.15 | Rew: 3.20 | FPS: 7028.7 | Var: dqn
Step: 3488768 | EPS: 0.15 | Rew: 3.13 | FPS: 7926.9 | Var: dqn
Step: 3489792 | EPS: 0.15 | Rew: 3.02 | FPS: 6361.1 | Var: dqn
Step: 3490816 | EPS: 0.14 | Rew: 3.07 | FPS: 8154.4 | Var: dqn
Step: 3491840 | EPS: 0.14 | Rew: 3.27 | FPS: 6751.0 | Var: dqn
Step: 3492864 | EPS: 0.14 | Rew: 3.05 | FPS: 6110.7 | Var: dqn
Step: 3493888 | EPS: 0.14 | Rew: 3.07 | FPS: 6469.9 | Var: dqn
Step: 3494912 | EPS: 0.14 | Rew: 3.30 | FPS: 6378.7 | Var: dqn
Step: 3495936 | EPS: 0.14 | Rew: 3.45 | FPS: 6793.3 | Var: dqn
Step: 3496960 | EPS: 0.14 | Rew: 3.57 | FPS: 5683.8 | Var: dqn
Step: 3497984 | EPS: 0.14 | Rew: 3.63 | FPS: 6163.4 | Var: dqn
Step: 3499008 | EPS: 0.14 | Rew: 3.85 | FPS: 6491.0 | Var: dqn
Step: 3500032 | EPS: 0.14 | Rew: 3.85 | FPS: 5683.6 | Var: dqn
Step: 3501056 | EPS: 0.14 | Rew: 3.92 | FPS: 5563.1 | Var: dqn
Step: 3502080 | EPS: 0.14 | Rew: 3.96 | FPS: 5367.6 | Var: dqn
Step: 3503104 | EPS: 0.14 | Rew: 4.40 | FPS: 9502.3 | Var: dqn
>>> [Best] Saved -> agent/checkpoints/dqn_pretrain.pth | Rew 4.40
Step: 3504128 | EPS: 0.14 | Rew: 4.44 | FPS: 7213.1 | Var: dqn
Step: 3505152 | EPS: 0.14 | Rew: 4.46 | FPS: 6405.2 | Var: dqn
Step: 3506176 | EPS: 0.14 | Rew: 4.46 | FPS: 7287.5 | Var: dqn
Step: 3507200 | EPS: 0.14 | Rew: 4.39 | FPS: 5454.3 | Var: dqn
Step: 3508224 | EPS: 0.14 | Rew: 4.54 | FPS: 6777.1 | Var: dqn
Step: 3509248 | EPS: 0.14 | Rew: 4.62 | FPS: 6009.9 | Var: dqn
Step: 3510272 | EPS: 0.14 | Rew: 4.94 | FPS: 6916.9 | Var: dqn
>>> [Best] Saved -> agent/checkpoints/dqn_pretrain.pth | Rew 4.94
Step: 3511296 | EPS: 0.14 | Rew: 4.74 | FPS: 6729.2 | Var: dqn
Step: 3512320 | EPS: 0.14 | Rew: 4.53 | FPS: 7262.9 | Var: dqn
Step: 3513344 | EPS: 0.14 | Rew: 4.32 | FPS: 9150.2 | Var: dqn
Step: 3514368 | EPS: 0.14 | Rew: 4.45 | FPS: 7191.8 | Var: dqn
Step: 3515392 | EPS: 0.14 | Rew: 4.45 | FPS: 5714.5 | Var: dqn
Step: 3516416 | EPS: 0.14 | Rew: 4.50 | FPS: 7482.4 | Var: dqn
Step: 3517440 | EPS: 0.14 | Rew: 4.28 | FPS: 5248.9 | Var: dqn
Step: 3518464 | EPS: 0.14 | Rew: 4.15 | FPS: 7894.5 | Var: dqn
Step: 3519488 | EPS: 0.14 | Rew: 4.26 | FPS: 6173.0 | Var: dqn
Step: 3520512 | EPS: 0.14 | Rew: 4.13 | FPS: 8252.6 | Var: dqn
Step: 3521536 | EPS: 0.14 | Rew: 4.45 | FPS: 6935.5 | Var: dqn
Step: 3522560 | EPS: 0.14 | Rew: 4.41 | FPS: 6473.6 | Var: dqn
Step: 3523584 | EPS: 0.14 | Rew: 4.34 | FPS: 4912.4 | Var: dqn
Step: 3524608 | EPS: 0.14 | Rew: 4.23 | FPS: 6229.3 | Var: dqn
Step: 3525632 | EPS: 0.14 | Rew: 4.29 | FPS: 7250.1 | Var: dqn
Step: 3526656 | EPS: 0.14 | Rew: 4.37 | FPS: 6985.3 | Var: dqn
Step: 3527680 | EPS: 0.14 | Rew: 4.28 | FPS: 5795.9 | Var: dqn
Step: 3528704 | EPS: 0.14 | Rew: 4.34 | FPS: 7138.0 | Var: dqn
Step: 3529728 | EPS: 0.14 | Rew: 4.04 | FPS: 6487.8 | Var: dqn
Step: 3530752 | EPS: 0.13 | Rew: 3.87 | FPS: 6201.1 | Var: dqn
Step: 3531776 | EPS: 0.13 | Rew: 3.87 | FPS: 7609.8 | Var: dqn
Step: 3532800 | EPS: 0.13 | Rew: 3.75 | FPS: 5751.8 | Var: dqn
Step: 3533824 | EPS: 0.13 | Rew: 3.94 | FPS: 6062.5 | Var: dqn
Step: 3534848 | EPS: 0.13 | Rew: 4.26 | FPS: 6649.0 | Var: dqn
Step: 3535872 | EPS: 0.13 | Rew: 3.82 | FPS: 6048.1 | Var: dqn
Step: 3536896 | EPS: 0.13 | Rew: 3.74 | FPS: 6346.8 | Var: dqn
Step: 3537920 | EPS: 0.13 | Rew: 3.88 | FPS: 5828.9 | Var: dqn
Step: 3538944 | EPS: 0.13 | Rew: 4.12 | FPS: 6345.4 | Var: dqn
Step: 3539968 | EPS: 0.13 | Rew: 4.07 | FPS: 8712.6 | Var: dqn
Step: 3540992 | EPS: 0.13 | Rew: 4.04 | FPS: 7304.2 | Var: dqn
Step: 3542016 | EPS: 0.13 | Rew: 4.03 | FPS: 8538.7 | Var: dqn
Step: 3543040 | EPS: 0.13 | Rew: 4.00 | FPS: 8805.0 | Var: dqn
Step: 3544064 | EPS: 0.13 | Rew: 3.75 | FPS: 6849.0 | Var: dqn
Step: 3545088 | EPS: 0.13 | Rew: 3.80 | FPS: 7764.3 | Var: dqn
Step: 3546112 | EPS: 0.13 | Rew: 3.77 | FPS: 6561.3 | Var: dqn
Step: 3547136 | EPS: 0.13 | Rew: 3.94 | FPS: 5938.9 | Var: dqn
Step: 3548160 | EPS: 0.13 | Rew: 3.55 | FPS: 4629.2 | Var: dqn
Step: 3549184 | EPS: 0.13 | Rew: 3.59 | FPS: 7688.5 | Var: dqn
Step: 3550208 | EPS: 0.13 | Rew: 3.96 | FPS: 6445.6 | Var: dqn
Step: 3551232 | EPS: 0.13 | Rew: 3.96 | FPS: 8331.7 | Var: dqn
Step: 3552256 | EPS: 0.13 | Rew: 4.00 | FPS: 5312.7 | Var: dqn
Step: 3553280 | EPS: 0.13 | Rew: 3.97 | FPS: 8142.5 | Var: dqn
Step: 3554304 | EPS: 0.13 | Rew: 4.09 | FPS: 6249.7 | Var: dqn
Step: 3555328 | EPS: 0.13 | Rew: 4.20 | FPS: 7949.3 | Var: dqn
Step: 3556352 | EPS: 0.13 | Rew: 4.50 | FPS: 5192.2 | Var: dqn
Step: 3557376 | EPS: 0.13 | Rew: 4.68 | FPS: 5506.8 | Var: dqn
Step: 3558400 | EPS: 0.13 | Rew: 4.84 | FPS: 8593.6 | Var: dqn
Step: 3559424 | EPS: 0.13 | Rew: 4.96 | FPS: 8575.0 | Var: dqn
Step: 3560448 | EPS: 0.13 | Rew: 4.86 | FPS: 8144.2 | Var: dqn
Step: 3561472 | EPS: 0.13 | Rew: 4.95 | FPS: 5094.8 | Var: dqn
Step: 3562496 | EPS: 0.13 | Rew: 4.91 | FPS: 6418.7 | Var: dqn
Step: 3563520 | EPS: 0.13 | Rew: 5.10 | FPS: 6915.8 | Var: dqn
Step: 3564544 | EPS: 0.13 | Rew: 5.33 | FPS: 7033.1 | Var: dqn
Step: 3565568 | EPS: 0.13 | Rew: 5.43 | FPS: 5500.0 | Var: dqn
Step: 3566592 | EPS: 0.13 | Rew: 5.27 | FPS: 8262.8 | Var: dqn
Step: 3567616 | EPS: 0.13 | Rew: 5.18 | FPS: 7020.9 | Var: dqn
Step: 3568640 | EPS: 0.13 | Rew: 5.06 | FPS: 5855.9 | Var: dqn
Step: 3569664 | EPS: 0.13 | Rew: 4.79 | FPS: 6995.5 | Var: dqn
Step: 3570688 | EPS: 0.13 | Rew: 4.85 | FPS: 5623.3 | Var: dqn
Step: 3571712 | EPS: 0.12 | Rew: 5.16 | FPS: 7830.2 | Var: dqn
Step: 3572736 | EPS: 0.12 | Rew: 5.39 | FPS: 6268.3 | Var: dqn
Step: 3573760 | EPS: 0.12 | Rew: 5.29 | FPS: 6407.9 | Var: dqn
Step: 3574784 | EPS: 0.12 | Rew: 5.19 | FPS: 8670.6 | Var: dqn
Step: 3575808 | EPS: 0.12 | Rew: 5.05 | FPS: 6729.4 | Var: dqn
Step: 3576832 | EPS: 0.12 | Rew: 5.10 | FPS: 6552.9 | Var: dqn
Step: 3577856 | EPS: 0.12 | Rew: 5.07 | FPS: 8332.5 | Var: dqn
Step: 3578880 | EPS: 0.12 | Rew: 5.35 | FPS: 7375.0 | Var: dqn
Step: 3579904 | EPS: 0.12 | Rew: 5.32 | FPS: 6541.2 | Var: dqn
Step: 3580928 | EPS: 0.12 | Rew: 5.42 | FPS: 7980.6 | Var: dqn
Step: 3581952 | EPS: 0.12 | Rew: 5.10 | FPS: 6861.2 | Var: dqn
Step: 3582976 | EPS: 0.12 | Rew: 5.21 | FPS: 7046.3 | Var: dqn
Step: 3584000 | EPS: 0.12 | Rew: 4.81 | FPS: 7492.5 | Var: dqn
Step: 3585024 | EPS: 0.12 | Rew: 4.66 | FPS: 5500.6 | Var: dqn
Step: 3586048 | EPS: 0.12 | Rew: 4.56 | FPS: 6628.3 | Var: dqn
Step: 3587072 | EPS: 0.12 | Rew: 4.55 | FPS: 8681.1 | Var: dqn
Step: 3588096 | EPS: 0.12 | Rew: 4.59 | FPS: 7105.3 | Var: dqn
Step: 3589120 | EPS: 0.12 | Rew: 4.97 | FPS: 5893.8 | Var: dqn
Step: 3590144 | EPS: 0.12 | Rew: 5.17 | FPS: 6554.0 | Var: dqn
Step: 3591168 | EPS: 0.12 | Rew: 5.18 | FPS: 7390.4 | Var: dqn
Step: 3592192 | EPS: 0.12 | Rew: 5.39 | FPS: 6354.3 | Var: dqn
Step: 3593216 | EPS: 0.12 | Rew: 5.22 | FPS: 8495.7 | Var: dqn
Step: 3594240 | EPS: 0.12 | Rew: 5.11 | FPS: 7016.0 | Var: dqn
Step: 3595264 | EPS: 0.12 | Rew: 5.33 | FPS: 7675.5 | Var: dqn
Step: 3596288 | EPS: 0.12 | Rew: 5.72 | FPS: 8540.8 | Var: dqn
>>> [Best] Saved -> agent/checkpoints/dqn_pretrain.pth | Rew 5.72
Step: 3597312 | EPS: 0.12 | Rew: 5.59 | FPS: 6249.5 | Var: dqn
Step: 3598336 | EPS: 0.12 | Rew: 5.07 | FPS: 6667.4 | Var: dqn
Step: 3599360 | EPS: 0.12 | Rew: 4.89 | FPS: 6663.8 | Var: dqn
Step: 3600384 | EPS: 0.12 | Rew: 4.57 | FPS: 7142.7 | Var: dqn
Step: 3601408 | EPS: 0.12 | Rew: 4.69 | FPS: 6510.3 | Var: dqn
Step: 3602432 | EPS: 0.12 | Rew: 4.80 | FPS: 7122.9 | Var: dqn
Step: 3603456 | EPS: 0.12 | Rew: 4.80 | FPS: 6506.0 | Var: dqn
Step: 3604480 | EPS: 0.12 | Rew: 4.68 | FPS: 7715.2 | Var: dqn
Step: 3605504 | EPS: 0.12 | Rew: 4.51 | FPS: 6625.0 | Var: dqn
Step: 3606528 | EPS: 0.12 | Rew: 4.36 | FPS: 5976.4 | Var: dqn
Step: 3607552 | EPS: 0.12 | Rew: 4.77 | FPS: 6341.9 | Var: dqn
Step: 3608576 | EPS: 0.12 | Rew: 4.67 | FPS: 5939.2 | Var: dqn
Step: 3609600 | EPS: 0.12 | Rew: 4.55 | FPS: 7122.6 | Var: dqn
Step: 3610624 | EPS: 0.12 | Rew: 4.68 | FPS: 8135.0 | Var: dqn
Step: 3611648 | EPS: 0.12 | Rew: 4.77 | FPS: 6555.8 | Var: dqn
Step: 3612672 | EPS: 0.11 | Rew: 4.82 | FPS: 5964.4 | Var: dqn
Step: 3613696 | EPS: 0.11 | Rew: 4.90 | FPS: 6723.8 | Var: dqn
Step: 3614720 | EPS: 0.11 | Rew: 5.14 | FPS: 7209.5 | Var: dqn
Step: 3615744 | EPS: 0.11 | Rew: 5.26 | FPS: 6509.5 | Var: dqn
Step: 3616768 | EPS: 0.11 | Rew: 5.28 | FPS: 7199.8 | Var: dqn
Step: 3617792 | EPS: 0.11 | Rew: 5.65 | FPS: 7413.1 | Var: dqn
Step: 3618816 | EPS: 0.11 | Rew: 5.68 | FPS: 5490.1 | Var: dqn
Step: 3619840 | EPS: 0.11 | Rew: 5.88 | FPS: 4818.5 | Var: dqn
Step: 3620864 | EPS: 0.11 | Rew: 5.43 | FPS: 7262.5 | Var: dqn
Step: 3621888 | EPS: 0.11 | Rew: 5.52 | FPS: 5907.4 | Var: dqn
Step: 3622912 | EPS: 0.11 | Rew: 5.49 | FPS: 5409.8 | Var: dqn
Step: 3623936 | EPS: 0.11 | Rew: 5.42 | FPS: 5607.2 | Var: dqn
Step: 3624960 | EPS: 0.11 | Rew: 5.47 | FPS: 5682.4 | Var: dqn
Step: 3625984 | EPS: 0.11 | Rew: 5.45 | FPS: 6391.4 | Var: dqn
Step: 3627008 | EPS: 0.11 | Rew: 5.68 | FPS: 6883.2 | Var: dqn
Step: 3628032 | EPS: 0.11 | Rew: 5.30 | FPS: 6827.6 | Var: dqn
Step: 3629056 | EPS: 0.11 | Rew: 5.23 | FPS: 7421.3 | Var: dqn
Step: 3630080 | EPS: 0.11 | Rew: 5.38 | FPS: 7307.3 | Var: dqn
Step: 3631104 | EPS: 0.11 | Rew: 5.45 | FPS: 7519.6 | Var: dqn
Step: 3632128 | EPS: 0.11 | Rew: 5.34 | FPS: 5591.9 | Var: dqn
Step: 3633152 | EPS: 0.11 | Rew: 5.41 | FPS: 6731.0 | Var: dqn
Step: 3634176 | EPS: 0.11 | Rew: 5.26 | FPS: 5697.9 | Var: dqn
Step: 3635200 | EPS: 0.11 | Rew: 5.33 | FPS: 6867.4 | Var: dqn
Step: 3636224 | EPS: 0.11 | Rew: 5.00 | FPS: 5620.8 | Var: dqn
Step: 3637248 | EPS: 0.11 | Rew: 4.95 | FPS: 7973.7 | Var: dqn
Step: 3638272 | EPS: 0.11 | Rew: 5.08 | FPS: 6172.6 | Var: dqn
Step: 3639296 | EPS: 0.11 | Rew: 4.68 | FPS: 6126.5 | Var: dqn
Step: 3640320 | EPS: 0.11 | Rew: 4.49 | FPS: 5945.0 | Var: dqn
Step: 3641344 | EPS: 0.11 | Rew: 4.77 | FPS: 6673.9 | Var: dqn
Step: 3642368 | EPS: 0.11 | Rew: 4.95 | FPS: 6944.5 | Var: dqn
Step: 3643392 | EPS: 0.11 | Rew: 5.10 | FPS: 8596.8 | Var: dqn
Step: 3644416 | EPS: 0.11 | Rew: 4.99 | FPS: 6391.0 | Var: dqn
Step: 3645440 | EPS: 0.11 | Rew: 5.13 | FPS: 7174.6 | Var: dqn
Step: 3646464 | EPS: 0.11 | Rew: 5.16 | FPS: 7092.9 | Var: dqn
Step: 3647488 | EPS: 0.11 | Rew: 4.74 | FPS: 7634.1 | Var: dqn
Step: 3648512 | EPS: 0.11 | Rew: 4.74 | FPS: 8206.9 | Var: dqn
Step: 3649536 | EPS: 0.11 | Rew: 4.77 | FPS: 7011.8 | Var: dqn
Step: 3650560 | EPS: 0.11 | Rew: 5.01 | FPS: 5978.0 | Var: dqn
Step: 3651584 | EPS: 0.11 | Rew: 5.01 | FPS: 7419.2 | Var: dqn
Step: 3652608 | EPS: 0.11 | Rew: 4.69 | FPS: 8408.3 | Var: dqn
Step: 3653632 | EPS: 0.10 | Rew: 4.67 | FPS: 5307.6 | Var: dqn
Step: 3654656 | EPS: 0.10 | Rew: 4.78 | FPS: 7798.0 | Var: dqn
Step: 3655680 | EPS: 0.10 | Rew: 4.84 | FPS: 5925.5 | Var: dqn
Step: 3656704 | EPS: 0.10 | Rew: 4.90 | FPS: 6310.4 | Var: dqn
Step: 3657728 | EPS: 0.10 | Rew: 5.89 | FPS: 7003.8 | Var: dqn
Step: 3658752 | EPS: 0.10 | Rew: 6.10 | FPS: 6247.3 | Var: dqn
Step: 3659776 | EPS: 0.10 | Rew: 6.34 | FPS: 8175.0 | Var: dqn
>>> [Best] Saved -> agent/checkpoints/dqn_pretrain.pth | Rew 6.34
Step: 3660800 | EPS: 0.10 | Rew: 6.19 | FPS: 5680.6 | Var: dqn
Step: 3661824 | EPS: 0.10 | Rew: 6.62 | FPS: 8454.7 | Var: dqn
Step: 3662848 | EPS: 0.10 | Rew: 6.71 | FPS: 5983.3 | Var: dqn
Step: 3663872 | EPS: 0.10 | Rew: 7.03 | FPS: 8182.2 | Var: dqn
>>> [Best] Saved -> agent/checkpoints/dqn_pretrain.pth | Rew 7.03
Step: 3664896 | EPS: 0.10 | Rew: 6.98 | FPS: 6651.5 | Var: dqn
Step: 3665920 | EPS: 0.10 | Rew: 6.79 | FPS: 6968.9 | Var: dqn
Step: 3666944 | EPS: 0.10 | Rew: 6.70 | FPS: 6371.4 | Var: dqn
Step: 3667968 | EPS: 0.10 | Rew: 6.28 | FPS: 8173.2 | Var: dqn
Step: 3668992 | EPS: 0.10 | Rew: 5.81 | FPS: 6054.9 | Var: dqn
Step: 3670016 | EPS: 0.10 | Rew: 5.79 | FPS: 6842.7 | Var: dqn
Step: 3671040 | EPS: 0.10 | Rew: 5.73 | FPS: 6733.6 | Var: dqn
Step: 3672064 | EPS: 0.10 | Rew: 5.54 | FPS: 8069.5 | Var: dqn
Step: 3673088 | EPS: 0.10 | Rew: 5.49 | FPS: 5540.4 | Var: dqn
Step: 3674112 | EPS: 0.10 | Rew: 5.15 | FPS: 6955.9 | Var: dqn
Step: 3675136 | EPS: 0.10 | Rew: 5.11 | FPS: 6158.7 | Var: dqn
Step: 3676160 | EPS: 0.10 | Rew: 5.11 | FPS: 6397.6 | Var: dqn
Step: 3677184 | EPS: 0.10 | Rew: 5.83 | FPS: 6609.8 | Var: dqn
Step: 3678208 | EPS: 0.10 | Rew: 5.72 | FPS: 8503.6 | Var: dqn
Step: 3679232 | EPS: 0.10 | Rew: 5.87 | FPS: 8631.1 | Var: dqn
Step: 3680256 | EPS: 0.10 | Rew: 5.80 | FPS: 6717.6 | Var: dqn
Step: 3681280 | EPS: 0.10 | Rew: 5.67 | FPS: 6193.4 | Var: dqn
Step: 3682304 | EPS: 0.10 | Rew: 5.29 | FPS: 6517.2 | Var: dqn
Step: 3683328 | EPS: 0.10 | Rew: 5.36 | FPS: 6690.7 | Var: dqn
Step: 3684352 | EPS: 0.10 | Rew: 5.15 | FPS: 6835.9 | Var: dqn
Step: 3685376 | EPS: 0.10 | Rew: 5.28 | FPS: 7417.4 | Var: dqn
Step: 3686400 | EPS: 0.10 | Rew: 5.24 | FPS: 6217.6 | Var: dqn
Step: 3687424 | EPS: 0.10 | Rew: 5.01 | FPS: 6744.9 | Var: dqn
Step: 3688448 | EPS: 0.10 | Rew: 5.13 | FPS: 7122.0 | Var: dqn
Step: 3689472 | EPS: 0.10 | Rew: 5.09 | FPS: 5383.7 | Var: dqn
Step: 3690496 | EPS: 0.10 | Rew: 4.96 | FPS: 6125.1 | Var: dqn
Step: 3691520 | EPS: 0.10 | Rew: 4.98 | FPS: 5197.6 | Var: dqn
Step: 3692544 | EPS: 0.10 | Rew: 5.14 | FPS: 7319.8 | Var: dqn
Step: 3693568 | EPS: 0.10 | Rew: 5.79 | FPS: 6873.5 | Var: dqn
Step: 3694592 | EPS: 0.09 | Rew: 6.00 | FPS: 5026.6 | Var: dqn
Step: 3695616 | EPS: 0.09 | Rew: 6.13 | FPS: 6581.3 | Var: dqn
Step: 3696640 | EPS: 0.09 | Rew: 6.07 | FPS: 8941.7 | Var: dqn
Step: 3697664 | EPS: 0.09 | Rew: 5.94 | FPS: 5796.0 | Var: dqn
Step: 3698688 | EPS: 0.09 | Rew: 5.94 | FPS: 6253.0 | Var: dqn
Step: 3699712 | EPS: 0.09 | Rew: 5.75 | FPS: 6337.1 | Var: dqn
Step: 3700736 | EPS: 0.09 | Rew: 5.80 | FPS: 5648.3 | Var: dqn
Step: 3701760 | EPS: 0.09 | Rew: 5.82 | FPS: 8244.2 | Var: dqn
Step: 3702784 | EPS: 0.09 | Rew: 6.08 | FPS: 7820.6 | Var: dqn
Step: 3703808 | EPS: 0.09 | Rew: 6.15 | FPS: 7887.5 | Var: dqn
Step: 3704832 | EPS: 0.09 | Rew: 5.99 | FPS: 7027.1 | Var: dqn
Step: 3705856 | EPS: 0.09 | Rew: 5.42 | FPS: 6112.8 | Var: dqn
Step: 3706880 | EPS: 0.09 | Rew: 5.23 | FPS: 8546.3 | Var: dqn
Step: 3707904 | EPS: 0.09 | Rew: 5.30 | FPS: 5564.7 | Var: dqn
Step: 3708928 | EPS: 0.09 | Rew: 5.36 | FPS: 6261.4 | Var: dqn
Step: 3709952 | EPS: 0.09 | Rew: 5.13 | FPS: 6356.1 | Var: dqn
Step: 3710976 | EPS: 0.09 | Rew: 5.22 | FPS: 5736.3 | Var: dqn
Step: 3712000 | EPS: 0.09 | Rew: 4.98 | FPS: 5468.2 | Var: dqn
Step: 3713024 | EPS: 0.09 | Rew: 5.37 | FPS: 5697.1 | Var: dqn
Step: 3714048 | EPS: 0.09 | Rew: 5.10 | FPS: 6044.9 | Var: dqn
Step: 3715072 | EPS: 0.09 | Rew: 5.28 | FPS: 6016.1 | Var: dqn
Step: 3716096 | EPS: 0.09 | Rew: 5.58 | FPS: 8137.8 | Var: dqn
Step: 3717120 | EPS: 0.09 | Rew: 5.82 | FPS: 7134.1 | Var: dqn
Step: 3718144 | EPS: 0.09 | Rew: 6.19 | FPS: 5372.1 | Var: dqn
Step: 3719168 | EPS: 0.09 | Rew: 6.06 | FPS: 6108.3 | Var: dqn
Step: 3720192 | EPS: 0.09 | Rew: 6.20 | FPS: 6785.3 | Var: dqn
Step: 3721216 | EPS: 0.09 | Rew: 6.49 | FPS: 6730.2 | Var: dqn
Step: 3722240 | EPS: 0.09 | Rew: 6.61 | FPS: 6315.4 | Var: dqn
Step: 3723264 | EPS: 0.09 | Rew: 6.47 | FPS: 7653.2 | Var: dqn
Step: 3724288 | EPS: 0.09 | Rew: 6.48 | FPS: 5992.9 | Var: dqn
Step: 3725312 | EPS: 0.09 | Rew: 6.65 | FPS: 6336.7 | Var: dqn
Step: 3726336 | EPS: 0.09 | Rew: 6.72 | FPS: 6330.8 | Var: dqn
Step: 3727360 | EPS: 0.09 | Rew: 7.09 | FPS: 6580.3 | Var: dqn
Step: 3728384 | EPS: 0.09 | Rew: 6.90 | FPS: 7366.6 | Var: dqn
Step: 3729408 | EPS: 0.09 | Rew: 6.70 | FPS: 6098.6 | Var: dqn
Step: 3730432 | EPS: 0.09 | Rew: 6.88 | FPS: 7087.2 | Var: dqn
Step: 3731456 | EPS: 0.09 | Rew: 7.02 | FPS: 6331.4 | Var: dqn
Step: 3732480 | EPS: 0.09 | Rew: 7.09 | FPS: 8360.5 | Var: dqn
Step: 3733504 | EPS: 0.09 | Rew: 7.18 | FPS: 5916.4 | Var: dqn
Step: 3734528 | EPS: 0.09 | Rew: 7.15 | FPS: 6875.1 | Var: dqn
Step: 3735552 | EPS: 0.08 | Rew: 7.22 | FPS: 7492.0 | Var: dqn
Step: 3736576 | EPS: 0.08 | Rew: 7.17 | FPS: 8713.4 | Var: dqn
Step: 3737600 | EPS: 0.08 | Rew: 6.89 | FPS: 6231.9 | Var: dqn
Step: 3738624 | EPS: 0.08 | Rew: 6.99 | FPS: 6608.3 | Var: dqn
Step: 3739648 | EPS: 0.08 | Rew: 6.70 | FPS: 6175.0 | Var: dqn
Step: 3740672 | EPS: 0.08 | Rew: 6.68 | FPS: 6140.1 | Var: dqn
Step: 3741696 | EPS: 0.08 | Rew: 6.56 | FPS: 6543.7 | Var: dqn
Step: 3742720 | EPS: 0.08 | Rew: 6.23 | FPS: 6779.5 | Var: dqn
Step: 3743744 | EPS: 0.08 | Rew: 6.09 | FPS: 5966.1 | Var: dqn
Step: 3744768 | EPS: 0.08 | Rew: 5.89 | FPS: 6000.1 | Var: dqn
Step: 3745792 | EPS: 0.08 | Rew: 5.74 | FPS: 5553.9 | Var: dqn
Step: 3746816 | EPS: 0.08 | Rew: 5.51 | FPS: 7293.7 | Var: dqn
Step: 3747840 | EPS: 0.08 | Rew: 5.44 | FPS: 6034.9 | Var: dqn
Step: 3748864 | EPS: 0.08 | Rew: 5.62 | FPS: 7115.4 | Var: dqn
Step: 3749888 | EPS: 0.08 | Rew: 6.16 | FPS: 6612.1 | Var: dqn
Step: 3750912 | EPS: 0.08 | Rew: 5.94 | FPS: 7071.5 | Var: dqn
Step: 3751936 | EPS: 0.08 | Rew: 5.81 | FPS: 6742.8 | Var: dqn
Step: 3752960 | EPS: 0.08 | Rew: 6.18 | FPS: 5796.6 | Var: dqn
Step: 3753984 | EPS: 0.08 | Rew: 6.67 | FPS: 5502.2 | Var: dqn
Step: 3755008 | EPS: 0.08 | Rew: 6.63 | FPS: 7088.7 | Var: dqn
Step: 3756032 | EPS: 0.08 | Rew: 6.75 | FPS: 7855.5 | Var: dqn
Step: 3757056 | EPS: 0.08 | Rew: 6.82 | FPS: 7059.3 | Var: dqn
Step: 3758080 | EPS: 0.08 | Rew: 7.02 | FPS: 7449.1 | Var: dqn
Step: 3759104 | EPS: 0.08 | Rew: 7.14 | FPS: 6062.6 | Var: dqn
Step: 3760128 | EPS: 0.08 | Rew: 7.05 | FPS: 5798.3 | Var: dqn
Step: 3761152 | EPS: 0.08 | Rew: 7.26 | FPS: 5490.9 | Var: dqn
Step: 3762176 | EPS: 0.08 | Rew: 7.46 | FPS: 6401.8 | Var: dqn
Step: 3763200 | EPS: 0.08 | Rew: 7.77 | FPS: 7135.1 | Var: dqn
>>> [Best] Saved -> agent/checkpoints/dqn_pretrain.pth | Rew 7.77
Step: 3764224 | EPS: 0.08 | Rew: 7.89 | FPS: 5286.0 | Var: dqn
Step: 3765248 | EPS: 0.08 | Rew: 8.02 | FPS: 5904.5 | Var: dqn
Step: 3766272 | EPS: 0.08 | Rew: 8.14 | FPS: 6518.6 | Var: dqn
Step: 3767296 | EPS: 0.08 | Rew: 8.39 | FPS: 8379.1 | Var: dqn
>>> [Best] Saved -> agent/checkpoints/dqn_pretrain.pth | Rew 8.39
Step: 3768320 | EPS: 0.08 | Rew: 8.05 | FPS: 5458.1 | Var: dqn
Step: 3769344 | EPS: 0.08 | Rew: 8.49 | FPS: 7450.5 | Var: dqn
Step: 3770368 | EPS: 0.08 | Rew: 8.24 | FPS: 7155.4 | Var: dqn
Step: 3771392 | EPS: 0.08 | Rew: 8.13 | FPS: 8374.4 | Var: dqn
Step: 3772416 | EPS: 0.08 | Rew: 8.04 | FPS: 4525.5 | Var: dqn
Step: 3773440 | EPS: 0.08 | Rew: 8.26 | FPS: 7587.2 | Var: dqn
Step: 3774464 | EPS: 0.08 | Rew: 8.26 | FPS: 7650.2 | Var: dqn
Step: 3775488 | EPS: 0.08 | Rew: 7.88 | FPS: 5757.5 | Var: dqn
Step: 3776512 | EPS: 0.07 | Rew: 7.98 | FPS: 5749.1 | Var: dqn
Step: 3777536 | EPS: 0.07 | Rew: 7.53 | FPS: 7836.7 | Var: dqn
Step: 3778560 | EPS: 0.07 | Rew: 7.49 | FPS: 6546.8 | Var: dqn
Step: 3779584 | EPS: 0.07 | Rew: 7.89 | FPS: 8343.8 | Var: dqn
Step: 3780608 | EPS: 0.07 | Rew: 7.93 | FPS: 7305.3 | Var: dqn
Step: 3781632 | EPS: 0.07 | Rew: 7.18 | FPS: 7488.2 | Var: dqn
Step: 3782656 | EPS: 0.07 | Rew: 7.38 | FPS: 6220.3 | Var: dqn
Step: 3783680 | EPS: 0.07 | Rew: 7.65 | FPS: 6696.6 | Var: dqn
Step: 3784704 | EPS: 0.07 | Rew: 7.97 | FPS: 7144.6 | Var: dqn
Step: 3785728 | EPS: 0.07 | Rew: 8.18 | FPS: 5712.1 | Var: dqn
Step: 3786752 | EPS: 0.07 | Rew: 7.65 | FPS: 7002.3 | Var: dqn
Step: 3787776 | EPS: 0.07 | Rew: 7.72 | FPS: 6240.3 | Var: dqn
Step: 3788800 | EPS: 0.07 | Rew: 7.68 | FPS: 5573.0 | Var: dqn
Step: 3789824 | EPS: 0.07 | Rew: 7.87 | FPS: 6606.4 | Var: dqn
Step: 3790848 | EPS: 0.07 | Rew: 7.63 | FPS: 6737.8 | Var: dqn
Step: 3791872 | EPS: 0.07 | Rew: 7.60 | FPS: 6347.5 | Var: dqn
Step: 3792896 | EPS: 0.07 | Rew: 7.19 | FPS: 6703.1 | Var: dqn
Step: 3793920 | EPS: 0.07 | Rew: 7.24 | FPS: 6273.7 | Var: dqn
Step: 3794944 | EPS: 0.07 | Rew: 7.11 | FPS: 7682.3 | Var: dqn
Step: 3795968 | EPS: 0.07 | Rew: 7.09 | FPS: 6354.1 | Var: dqn
Step: 3796992 | EPS: 0.07 | Rew: 6.79 | FPS: 6527.8 | Var: dqn
Step: 3798016 | EPS: 0.07 | Rew: 6.78 | FPS: 5840.4 | Var: dqn
Step: 3799040 | EPS: 0.07 | Rew: 6.81 | FPS: 5614.4 | Var: dqn
Step: 3800064 | EPS: 0.07 | Rew: 7.20 | FPS: 7209.1 | Var: dqn
Step: 3801088 | EPS: 0.07 | Rew: 7.20 | FPS: 7437.8 | Var: dqn
Step: 3802112 | EPS: 0.07 | Rew: 6.95 | FPS: 7676.0 | Var: dqn
Step: 3803136 | EPS: 0.07 | Rew: 6.99 | FPS: 7141.3 | Var: dqn
Step: 3804160 | EPS: 0.07 | Rew: 6.93 | FPS: 7153.8 | Var: dqn
Step: 3805184 | EPS: 0.07 | Rew: 7.08 | FPS: 6492.3 | Var: dqn
Step: 3806208 | EPS: 0.07 | Rew: 7.04 | FPS: 6575.0 | Var: dqn
Step: 3807232 | EPS: 0.07 | Rew: 7.34 | FPS: 6408.7 | Var: dqn
Step: 3808256 | EPS: 0.07 | Rew: 7.40 | FPS: 7658.2 | Var: dqn
Step: 3809280 | EPS: 0.07 | Rew: 7.59 | FPS: 6230.2 | Var: dqn
Step: 3810304 | EPS: 0.07 | Rew: 7.78 | FPS: 5936.8 | Var: dqn
Step: 3811328 | EPS: 0.07 | Rew: 7.48 | FPS: 6794.2 | Var: dqn
Step: 3812352 | EPS: 0.07 | Rew: 7.27 | FPS: 7701.2 | Var: dqn
Step: 3813376 | EPS: 0.07 | Rew: 7.03 | FPS: 6361.4 | Var: dqn
Step: 3814400 | EPS: 0.07 | Rew: 6.92 | FPS: 6349.5 | Var: dqn
Step: 3815424 | EPS: 0.07 | Rew: 7.32 | FPS: 6249.2 | Var: dqn
Step: 3816448 | EPS: 0.06 | Rew: 7.06 | FPS: 6328.1 | Var: dqn
Step: 3817472 | EPS: 0.06 | Rew: 7.04 | FPS: 7119.2 | Var: dqn
Step: 3818496 | EPS: 0.06 | Rew: 6.94 | FPS: 6851.8 | Var: dqn
Step: 3819520 | EPS: 0.06 | Rew: 7.08 | FPS: 6427.5 | Var: dqn
Step: 3820544 | EPS: 0.06 | Rew: 7.55 | FPS: 6090.1 | Var: dqn
Step: 3821568 | EPS: 0.06 | Rew: 7.54 | FPS: 7748.6 | Var: dqn
Step: 3822592 | EPS: 0.06 | Rew: 7.10 | FPS: 7290.7 | Var: dqn
Step: 3823616 | EPS: 0.06 | Rew: 7.58 | FPS: 6022.0 | Var: dqn
Step: 3824640 | EPS: 0.06 | Rew: 7.55 | FPS: 7056.9 | Var: dqn
Step: 3825664 | EPS: 0.06 | Rew: 7.57 | FPS: 5705.4 | Var: dqn
Step: 3826688 | EPS: 0.06 | Rew: 7.58 | FPS: 6148.9 | Var: dqn
Step: 3827712 | EPS: 0.06 | Rew: 7.77 | FPS: 7903.5 | Var: dqn
Step: 3828736 | EPS: 0.06 | Rew: 7.86 | FPS: 6882.6 | Var: dqn
Step: 3829760 | EPS: 0.06 | Rew: 8.55 | FPS: 6048.0 | Var: dqn
Step: 3830784 | EPS: 0.06 | Rew: 8.84 | FPS: 8321.0 | Var: dqn
Step: 3831808 | EPS: 0.06 | Rew: 8.36 | FPS: 8850.8 | Var: dqn
Step: 3832832 | EPS: 0.06 | Rew: 8.22 | FPS: 6809.6 | Var: dqn
Step: 3833856 | EPS: 0.06 | Rew: 8.88 | FPS: 8716.1 | Var: dqn
Step: 3834880 | EPS: 0.06 | Rew: 9.02 | FPS: 6587.6 | Var: dqn
>>> [Best] Saved -> agent/checkpoints/dqn_pretrain.pth | Rew 9.02
Step: 3835904 | EPS: 0.06 | Rew: 9.39 | FPS: 7212.6 | Var: dqn
Step: 3836928 | EPS: 0.06 | Rew: 9.22 | FPS: 6793.8 | Var: dqn
Step: 3837952 | EPS: 0.06 | Rew: 9.53 | FPS: 6869.5 | Var: dqn
>>> [Best] Saved -> agent/checkpoints/dqn_pretrain.pth | Rew 9.53
Step: 3838976 | EPS: 0.06 | Rew: 9.89 | FPS: 8079.4 | Var: dqn
Step: 3840000 | EPS: 0.06 | Rew: 10.48 | FPS: 8387.8 | Var: dqn
>>> [Best] Saved -> agent/checkpoints/dqn_pretrain.pth | Rew 10.48
Step: 3841024 | EPS: 0.06 | Rew: 10.49 | FPS: 8498.3 | Var: dqn
Step: 3842048 | EPS: 0.06 | Rew: 10.53 | FPS: 6481.5 | Var: dqn
Step: 3843072 | EPS: 0.06 | Rew: 10.84 | FPS: 6915.4 | Var: dqn
Step: 3844096 | EPS: 0.06 | Rew: 10.20 | FPS: 6295.3 | Var: dqn
Step: 3845120 | EPS: 0.06 | Rew: 10.15 | FPS: 5127.5 | Var: dqn
Step: 3846144 | EPS: 0.06 | Rew: 10.53 | FPS: 6071.5 | Var: dqn
Step: 3847168 | EPS: 0.06 | Rew: 10.27 | FPS: 7725.7 | Var: dqn
Step: 3848192 | EPS: 0.06 | Rew: 10.19 | FPS: 6621.0 | Var: dqn
Step: 3849216 | EPS: 0.06 | Rew: 10.24 | FPS: 5472.8 | Var: dqn
Step: 3850240 | EPS: 0.06 | Rew: 10.23 | FPS: 6974.9 | Var: dqn
Step: 3851264 | EPS: 0.06 | Rew: 9.98 | FPS: 6633.8 | Var: dqn
Step: 3852288 | EPS: 0.06 | Rew: 9.93 | FPS: 6384.8 | Var: dqn
Step: 3853312 | EPS: 0.06 | Rew: 9.32 | FPS: 5741.5 | Var: dqn
Step: 3854336 | EPS: 0.06 | Rew: 9.27 | FPS: 5894.1 | Var: dqn
Step: 3855360 | EPS: 0.06 | Rew: 9.11 | FPS: 4176.0 | Var: dqn
Step: 3856384 | EPS: 0.06 | Rew: 8.73 | FPS: 7736.3 | Var: dqn
Step: 3857408 | EPS: 0.05 | Rew: 8.80 | FPS: 7179.5 | Var: dqn
Step: 3858432 | EPS: 0.05 | Rew: 8.25 | FPS: 6541.6 | Var: dqn
Step: 3859456 | EPS: 0.05 | Rew: 8.13 | FPS: 6455.1 | Var: dqn
Step: 3860480 | EPS: 0.05 | Rew: 8.35 | FPS: 8566.7 | Var: dqn
Step: 3861504 | EPS: 0.05 | Rew: 8.88 | FPS: 6452.9 | Var: dqn
Step: 3862528 | EPS: 0.05 | Rew: 8.82 | FPS: 5887.6 | Var: dqn
Step: 3863552 | EPS: 0.05 | Rew: 9.07 | FPS: 6187.7 | Var: dqn
Step: 3864576 | EPS: 0.05 | Rew: 9.21 | FPS: 5352.5 | Var: dqn
Step: 3865600 | EPS: 0.05 | Rew: 8.89 | FPS: 7113.9 | Var: dqn
Step: 3866624 | EPS: 0.05 | Rew: 9.30 | FPS: 6598.2 | Var: dqn
Step: 3867648 | EPS: 0.05 | Rew: 8.94 | FPS: 8796.4 | Var: dqn
Step: 3868672 | EPS: 0.05 | Rew: 8.82 | FPS: 8413.7 | Var: dqn
Step: 3869696 | EPS: 0.05 | Rew: 8.80 | FPS: 8137.4 | Var: dqn
Step: 3870720 | EPS: 0.05 | Rew: 8.70 | FPS: 8489.1 | Var: dqn
Step: 3871744 | EPS: 0.05 | Rew: 8.84 | FPS: 7082.8 | Var: dqn
Step: 3872768 | EPS: 0.05 | Rew: 9.14 | FPS: 7185.1 | Var: dqn
Step: 3873792 | EPS: 0.05 | Rew: 8.85 | FPS: 5235.3 | Var: dqn
Step: 3874816 | EPS: 0.05 | Rew: 9.46 | FPS: 6553.1 | Var: dqn
Step: 3875840 | EPS: 0.05 | Rew: 10.12 | FPS: 6470.3 | Var: dqn
Step: 3876864 | EPS: 0.05 | Rew: 10.25 | FPS: 5535.4 | Var: dqn
Step: 3877888 | EPS: 0.05 | Rew: 10.50 | FPS: 5540.3 | Var: dqn
Step: 3878912 | EPS: 0.05 | Rew: 10.32 | FPS: 6367.6 | Var: dqn
Step: 3879936 | EPS: 0.05 | Rew: 10.31 | FPS: 5396.6 | Var: dqn
Step: 3880960 | EPS: 0.05 | Rew: 10.51 | FPS: 6033.9 | Var: dqn
Step: 3881984 | EPS: 0.05 | Rew: 10.80 | FPS: 6520.5 | Var: dqn
Step: 3883008 | EPS: 0.05 | Rew: 11.05 | FPS: 4761.3 | Var: dqn
>>> [Best] Saved -> agent/checkpoints/dqn_pretrain.pth | Rew 11.05
Step: 3884032 | EPS: 0.05 | Rew: 11.27 | FPS: 3849.5 | Var: dqn
Step: 3885056 | EPS: 0.05 | Rew: 11.15 | FPS: 8422.7 | Var: dqn
Step: 3886080 | EPS: 0.05 | Rew: 10.85 | FPS: 6432.3 | Var: dqn
Step: 3887104 | EPS: 0.05 | Rew: 10.88 | FPS: 1895.3 | Var: dqn
Step: 3888128 | EPS: 0.05 | Rew: 11.65 | FPS: 5706.7 | Var: dqn
>>> [Best] Saved -> agent/checkpoints/dqn_pretrain.pth | Rew 11.65
Step: 3889152 | EPS: 0.05 | Rew: 12.02 | FPS: 7496.8 | Var: dqn
Step: 3890176 | EPS: 0.05 | Rew: 11.84 | FPS: 7031.8 | Var: dqn
Step: 3891200 | EPS: 0.05 | Rew: 11.87 | FPS: 4917.4 | Var: dqn
Step: 3892224 | EPS: 0.05 | Rew: 11.86 | FPS: 9173.7 | Var: dqn
Step: 3893248 | EPS: 0.05 | Rew: 12.34 | FPS: 4602.2 | Var: dqn
>>> [Best] Saved -> agent/checkpoints/dqn_pretrain.pth | Rew 12.34
Step: 3894272 | EPS: 0.05 | Rew: 12.67 | FPS: 3544.5 | Var: dqn
Step: 3895296 | EPS: 0.05 | Rew: 12.42 | FPS: 9627.4 | Var: dqn
Step: 3896320 | EPS: 0.05 | Rew: 12.37 | FPS: 9429.7 | Var: dqn
Step: 3897344 | EPS: 0.05 | Rew: 12.36 | FPS: 7991.2 | Var: dqn
Step: 3898368 | EPS: 0.04 | Rew: 12.16 | FPS: 6204.1 | Var: dqn
Step: 3899392 | EPS: 0.04 | Rew: 12.17 | FPS: 7154.7 | Var: dqn
Step: 3900416 | EPS: 0.04 | Rew: 12.19 | FPS: 7116.4 | Var: dqn
Step: 3901440 | EPS: 0.04 | Rew: 12.73 | FPS: 8509.8 | Var: dqn
Step: 3902464 | EPS: 0.04 | Rew: 12.96 | FPS: 6093.8 | Var: dqn
>>> [Best] Saved -> agent/checkpoints/dqn_pretrain.pth | Rew 12.96
Step: 3903488 | EPS: 0.04 | Rew: 13.00 | FPS: 6935.5 | Var: dqn
Step: 3904512 | EPS: 0.04 | Rew: 13.03 | FPS: 7646.1 | Var: dqn
Step: 3905536 | EPS: 0.04 | Rew: 12.81 | FPS: 5963.8 | Var: dqn
Step: 3906560 | EPS: 0.04 | Rew: 12.67 | FPS: 7443.4 | Var: dqn
Step: 3907584 | EPS: 0.04 | Rew: 13.00 | FPS: 4155.0 | Var: dqn
Step: 3908608 | EPS: 0.04 | Rew: 12.59 | FPS: 6415.4 | Var: dqn
Step: 3909632 | EPS: 0.04 | Rew: 12.63 | FPS: 1257.5 | Var: dqn
Step: 3910656 | EPS: 0.04 | Rew: 12.86 | FPS: 8359.7 | Var: dqn
Step: 3911680 | EPS: 0.04 | Rew: 13.40 | FPS: 2125.6 | Var: dqn
Step: 3912704 | EPS: 0.04 | Rew: 13.61 | FPS: 3901.4 | Var: dqn
>>> [Best] Saved -> agent/checkpoints/dqn_pretrain.pth | Rew 13.61
Step: 3913728 | EPS: 0.04 | Rew: 13.23 | FPS: 6111.9 | Var: dqn
Step: 3914752 | EPS: 0.04 | Rew: 12.88 | FPS: 6464.4 | Var: dqn
Step: 3915776 | EPS: 0.04 | Rew: 12.94 | FPS: 9941.9 | Var: dqn
Step: 3916800 | EPS: 0.04 | Rew: 13.01 | FPS: 9142.6 | Var: dqn
Step: 3917824 | EPS: 0.04 | Rew: 13.38 | FPS: 5489.0 | Var: dqn
Step: 3918848 | EPS: 0.04 | Rew: 13.26 | FPS: 5896.3 | Var: dqn
Step: 3919872 | EPS: 0.04 | Rew: 13.17 | FPS: 7764.3 | Var: dqn
Step: 3920896 | EPS: 0.04 | Rew: 12.63 | FPS: 7297.8 | Var: dqn
Step: 3921920 | EPS: 0.04 | Rew: 12.20 | FPS: 7397.6 | Var: dqn
Step: 3922944 | EPS: 0.04 | Rew: 12.22 | FPS: 8891.0 | Var: dqn
Step: 3923968 | EPS: 0.04 | Rew: 12.62 | FPS: 8687.5 | Var: dqn
Step: 3924992 | EPS: 0.04 | Rew: 12.90 | FPS: 7188.6 | Var: dqn
Step: 3926016 | EPS: 0.04 | Rew: 12.91 | FPS: 4190.0 | Var: dqn
Step: 3927040 | EPS: 0.04 | Rew: 13.08 | FPS: 6805.7 | Var: dqn
Step: 3928064 | EPS: 0.04 | Rew: 12.77 | FPS: 5719.2 | Var: dqn
Step: 3929088 | EPS: 0.04 | Rew: 12.62 | FPS: 4427.4 | Var: dqn
Step: 3930112 | EPS: 0.04 | Rew: 12.63 | FPS: 7577.0 | Var: dqn
Step: 3931136 | EPS: 0.04 | Rew: 12.71 | FPS: 6355.9 | Var: dqn
Step: 3932160 | EPS: 0.04 | Rew: 12.48 | FPS: 6830.4 | Var: dqn
Step: 3933184 | EPS: 0.04 | Rew: 12.34 | FPS: 7181.7 | Var: dqn
Step: 3934208 | EPS: 0.04 | Rew: 12.43 | FPS: 7143.9 | Var: dqn
Step: 3935232 | EPS: 0.04 | Rew: 12.57 | FPS: 5999.9 | Var: dqn
Step: 3936256 | EPS: 0.04 | Rew: 12.37 | FPS: 5762.9 | Var: dqn
Step: 3937280 | EPS: 0.04 | Rew: 12.32 | FPS: 6843.0 | Var: dqn
Step: 3938304 | EPS: 0.04 | Rew: 12.25 | FPS: 7146.1 | Var: dqn
Step: 3939328 | EPS: 0.03 | Rew: 12.43 | FPS: 8368.6 | Var: dqn
Step: 3940352 | EPS: 0.03 | Rew: 12.64 | FPS: 8088.3 | Var: dqn
Step: 3941376 | EPS: 0.03 | Rew: 12.49 | FPS: 7558.1 | Var: dqn
Step: 3942400 | EPS: 0.03 | Rew: 13.31 | FPS: 4964.8 | Var: dqn
Step: 3943424 | EPS: 0.03 | Rew: 13.51 | FPS: 6873.2 | Var: dqn
Step: 3944448 | EPS: 0.03 | Rew: 13.55 | FPS: 9289.4 | Var: dqn
Step: 3945472 | EPS: 0.03 | Rew: 13.65 | FPS: 8433.4 | Var: dqn
Step: 3946496 | EPS: 0.03 | Rew: 13.26 | FPS: 7016.7 | Var: dqn
Step: 3947520 | EPS: 0.03 | Rew: 12.93 | FPS: 7317.8 | Var: dqn
Step: 3948544 | EPS: 0.03 | Rew: 13.15 | FPS: 6818.8 | Var: dqn
Step: 3949568 | EPS: 0.03 | Rew: 13.35 | FPS: 6800.1 | Var: dqn
Step: 3950592 | EPS: 0.03 | Rew: 13.19 | FPS: 6261.1 | Var: dqn
Step: 3951616 | EPS: 0.03 | Rew: 13.32 | FPS: 6631.0 | Var: dqn
Step: 3952640 | EPS: 0.03 | Rew: 12.87 | FPS: 1249.9 | Var: dqn
Step: 3953664 | EPS: 0.03 | Rew: 12.92 | FPS: 8711.2 | Var: dqn
Step: 3954688 | EPS: 0.03 | Rew: 13.16 | FPS: 7020.3 | Var: dqn
Step: 3955712 | EPS: 0.03 | Rew: 13.50 | FPS: 6801.6 | Var: dqn
Step: 3956736 | EPS: 0.03 | Rew: 13.85 | FPS: 8900.0 | Var: dqn
Step: 3957760 | EPS: 0.03 | Rew: 13.45 | FPS: 7626.6 | Var: dqn
Step: 3958784 | EPS: 0.03 | Rew: 13.78 | FPS: 1300.9 | Var: dqn
Step: 3959808 | EPS: 0.03 | Rew: 13.38 | FPS: 5909.8 | Var: dqn
Step: 3960832 | EPS: 0.03 | Rew: 13.52 | FPS: 6338.0 | Var: dqn
Step: 3961856 | EPS: 0.03 | Rew: 13.85 | FPS: 7067.8 | Var: dqn
Step: 3962880 | EPS: 0.03 | Rew: 13.50 | FPS: 6125.3 | Var: dqn
Step: 3963904 | EPS: 0.03 | Rew: 13.09 | FPS: 8959.8 | Var: dqn
Step: 3964928 | EPS: 0.03 | Rew: 13.39 | FPS: 7121.8 | Var: dqn
Step: 3965952 | EPS: 0.03 | Rew: 13.31 | FPS: 9082.8 | Var: dqn
Step: 3966976 | EPS: 0.03 | Rew: 13.19 | FPS: 9164.7 | Var: dqn
Step: 3968000 | EPS: 0.03 | Rew: 14.24 | FPS: 9022.7 | Var: dqn
>>> [Best] Saved -> agent/checkpoints/dqn_pretrain.pth | Rew 14.24
Step: 3969024 | EPS: 0.03 | Rew: 14.43 | FPS: 8004.0 | Var: dqn
Step: 3970048 | EPS: 0.03 | Rew: 14.36 | FPS: 7233.0 | Var: dqn
Step: 3971072 | EPS: 0.03 | Rew: 15.05 | FPS: 7791.1 | Var: dqn
>>> [Best] Saved -> agent/checkpoints/dqn_pretrain.pth | Rew 15.05
Step: 3972096 | EPS: 0.03 | Rew: 15.02 | FPS: 8867.0 | Var: dqn
Step: 3973120 | EPS: 0.03 | Rew: 15.53 | FPS: 9905.3 | Var: dqn
Step: 3974144 | EPS: 0.03 | Rew: 15.41 | FPS: 6988.4 | Var: dqn
Step: 3975168 | EPS: 0.03 | Rew: 15.36 | FPS: 6488.0 | Var: dqn
Step: 3976192 | EPS: 0.03 | Rew: 15.22 | FPS: 9042.0 | Var: dqn
Step: 3977216 | EPS: 0.03 | Rew: 14.89 | FPS: 7377.9 | Var: dqn
Step: 3978240 | EPS: 0.03 | Rew: 14.22 | FPS: 9440.2 | Var: dqn
Step: 3979264 | EPS: 0.03 | Rew: 14.39 | FPS: 6966.4 | Var: dqn
Step: 3980288 | EPS: 0.02 | Rew: 14.94 | FPS: 7553.3 | Var: dqn
Step: 3981312 | EPS: 0.02 | Rew: 14.73 | FPS: 8797.3 | Var: dqn
Step: 3982336 | EPS: 0.02 | Rew: 15.03 | FPS: 7248.2 | Var: dqn
Step: 3983360 | EPS: 0.02 | Rew: 14.91 | FPS: 8863.3 | Var: dqn
Step: 3984384 | EPS: 0.02 | Rew: 14.60 | FPS: 9518.9 | Var: dqn
Step: 3985408 | EPS: 0.02 | Rew: 14.52 | FPS: 7543.0 | Var: dqn
Step: 3986432 | EPS: 0.02 | Rew: 14.43 | FPS: 7776.2 | Var: dqn
Step: 3987456 | EPS: 0.02 | Rew: 14.71 | FPS: 7659.4 | Var: dqn
Step: 3988480 | EPS: 0.02 | Rew: 14.47 | FPS: 9289.5 | Var: dqn
Step: 3989504 | EPS: 0.02 | Rew: 13.75 | FPS: 9871.5 | Var: dqn
Step: 3990528 | EPS: 0.02 | Rew: 13.75 | FPS: 7729.2 | Var: dqn
Step: 3991552 | EPS: 0.02 | Rew: 14.24 | FPS: 7817.3 | Var: dqn
Step: 3992576 | EPS: 0.02 | Rew: 14.32 | FPS: 9743.5 | Var: dqn
Step: 3993600 | EPS: 0.02 | Rew: 14.22 | FPS: 9285.0 | Var: dqn
Step: 3994624 | EPS: 0.02 | Rew: 14.03 | FPS: 8230.9 | Var: dqn
Step: 3995648 | EPS: 0.02 | Rew: 14.01 | FPS: 9867.3 | Var: dqn
Step: 3996672 | EPS: 0.02 | Rew: 14.05 | FPS: 9276.8 | Var: dqn
Step: 3997696 | EPS: 0.02 | Rew: 13.76 | FPS: 5638.3 | Var: dqn
Step: 3998720 | EPS: 0.02 | Rew: 13.67 | FPS: 7400.5 | Var: dqn
Step: 3999744 | EPS: 0.02 | Rew: 13.84 | FPS: 9195.8 | Var: dqn
Step: 4000768 | EPS: 0.02 | Rew: 13.87 | FPS: 8008.6 | Var: dqn
Step: 4001792 | EPS: 0.02 | Rew: 13.32 | FPS: 9922.9 | Var: dqn
Step: 4002816 | EPS: 0.02 | Rew: 13.03 | FPS: 7755.5 | Var: dqn
Step: 4003840 | EPS: 0.02 | Rew: 13.31 | FPS: 10109.7 | Var: dqn
Step: 4004864 | EPS: 0.02 | Rew: 13.45 | FPS: 8229.7 | Var: dqn
Step: 4005888 | EPS: 0.02 | Rew: 13.68 | FPS: 10043.4 | Var: dqn
Step: 4006912 | EPS: 0.02 | Rew: 14.28 | FPS: 8056.5 | Var: dqn
Step: 4007936 | EPS: 0.02 | Rew: 14.66 | FPS: 9141.2 | Var: dqn
Step: 4008960 | EPS: 0.02 | Rew: 14.80 | FPS: 7242.8 | Var: dqn
Step: 4009984 | EPS: 0.02 | Rew: 14.66 | FPS: 8586.5 | Var: dqn
Step: 4011008 | EPS: 0.02 | Rew: 14.63 | FPS: 10006.1 | Var: dqn
Step: 4012032 | EPS: 0.02 | Rew: 14.63 | FPS: 9825.7 | Var: dqn
Step: 4013056 | EPS: 0.02 | Rew: 14.75 | FPS: 8770.1 | Var: dqn
Step: 4014080 | EPS: 0.02 | Rew: 15.32 | FPS: 9385.1 | Var: dqn
Step: 4015104 | EPS: 0.02 | Rew: 15.19 | FPS: 5689.0 | Var: dqn
Step: 4016128 | EPS: 0.02 | Rew: 15.35 | FPS: 9573.9 | Var: dqn
Step: 4017152 | EPS: 0.02 | Rew: 15.61 | FPS: 9356.3 | Var: dqn
>>> [Best] Saved -> agent/checkpoints/dqn_pretrain.pth | Rew 15.61
Step: 4018176 | EPS: 0.02 | Rew: 15.65 | FPS: 8399.4 | Var: dqn
Step: 4019200 | EPS: 0.02 | Rew: 15.64 | FPS: 7478.1 | Var: dqn
Step: 4020224 | EPS: 0.02 | Rew: 15.77 | FPS: 8627.7 | Var: dqn
Step: 4021248 | EPS: 0.02 | Rew: 15.44 | FPS: 9600.0 | Var: dqn
Step: 4022272 | EPS: 0.02 | Rew: 15.66 | FPS: 8948.9 | Var: dqn
Step: 4023296 | EPS: 0.02 | Rew: 15.97 | FPS: 9388.6 | Var: dqn
Step: 4024320 | EPS: 0.02 | Rew: 15.98 | FPS: 9434.3 | Var: dqn
Step: 4025344 | EPS: 0.02 | Rew: 16.16 | FPS: 7618.0 | Var: dqn
>>> [Best] Saved -> agent/checkpoints/dqn_pretrain.pth | Rew 16.16
Step: 4026368 | EPS: 0.02 | Rew: 15.94 | FPS: 8183.3 | Var: dqn
Step: 4027392 | EPS: 0.02 | Rew: 15.80 | FPS: 7327.1 | Var: dqn
Step: 4028416 | EPS: 0.02 | Rew: 17.50 | FPS: 6075.9 | Var: dqn
>>> [Best] Saved -> agent/checkpoints/dqn_pretrain.pth | Rew 17.50
Step: 4029440 | EPS: 0.02 | Rew: 17.74 | FPS: 6936.0 | Var: dqn
Step: 4030464 | EPS: 0.02 | Rew: 18.15 | FPS: 6018.6 | Var: dqn
>>> [Best] Saved -> agent/checkpoints/dqn_pretrain.pth | Rew 18.15
Step: 4031488 | EPS: 0.02 | Rew: 19.08 | FPS: 7204.7 | Var: dqn
>>> [Best] Saved -> agent/checkpoints/dqn_pretrain.pth | Rew 19.08
Step: 4032512 | EPS: 0.02 | Rew: 19.14 | FPS: 8249.4 | Var: dqn
Step: 4033536 | EPS: 0.02 | Rew: 19.56 | FPS: 6803.8 | Var: dqn
Step: 4034560 | EPS: 0.02 | Rew: 19.86 | FPS: 7443.2 | Var: dqn
>>> [Best] Saved -> agent/checkpoints/dqn_pretrain.pth | Rew 19.86
Step: 4035584 | EPS: 0.02 | Rew: 19.89 | FPS: 9151.3 | Var: dqn
Step: 4036608 | EPS: 0.02 | Rew: 19.56 | FPS: 7161.0 | Var: dqn
Step: 4037632 | EPS: 0.02 | Rew: 19.83 | FPS: 8670.8 | Var: dqn
Step: 4038656 | EPS: 0.02 | Rew: 19.78 | FPS: 9999.5 | Var: dqn
Step: 4039680 | EPS: 0.02 | Rew: 19.73 | FPS: 9944.5 | Var: dqn
Step: 4040704 | EPS: 0.02 | Rew: 20.40 | FPS: 8829.2 | Var: dqn
>>> [Best] Saved -> agent/checkpoints/dqn_pretrain.pth | Rew 20.40
Step: 4041728 | EPS: 0.02 | Rew: 19.31 | FPS: 7540.9 | Var: dqn
Step: 4042752 | EPS: 0.02 | Rew: 19.57 | FPS: 8715.9 | Var: dqn
Step: 4043776 | EPS: 0.02 | Rew: 19.72 | FPS: 9316.3 | Var: dqn
Step: 4044800 | EPS: 0.02 | Rew: 19.69 | FPS: 6456.4 | Var: dqn
Step: 4045824 | EPS: 0.02 | Rew: 20.40 | FPS: 7372.9 | Var: dqn
Step: 4046848 | EPS: 0.02 | Rew: 20.34 | FPS: 9977.3 | Var: dqn
Step: 4047872 | EPS: 0.02 | Rew: 20.50 | FPS: 7635.8 | Var: dqn
Step: 4048896 | EPS: 0.02 | Rew: 20.75 | FPS: 6396.2 | Var: dqn
Step: 4049920 | EPS: 0.02 | Rew: 20.67 | FPS: 7835.5 | Var: dqn
Step: 4050944 | EPS: 0.02 | Rew: 20.49 | FPS: 10251.2 | Var: dqn
Step: 4051968 | EPS: 0.02 | Rew: 20.68 | FPS: 9486.2 | Var: dqn
Step: 4052992 | EPS: 0.02 | Rew: 20.05 | FPS: 9634.8 | Var: dqn
Step: 4054016 | EPS: 0.02 | Rew: 19.03 | FPS: 9598.5 | Var: dqn
Step: 4055040 | EPS: 0.02 | Rew: 18.92 | FPS: 7644.8 | Var: dqn
Step: 4056064 | EPS: 0.02 | Rew: 18.85 | FPS: 7452.9 | Var: dqn
Step: 4057088 | EPS: 0.02 | Rew: 18.99 | FPS: 8186.9 | Var: dqn
Step: 4058112 | EPS: 0.02 | Rew: 18.89 | FPS: 8962.5 | Var: dqn
Step: 4059136 | EPS: 0.02 | Rew: 18.73 | FPS: 7954.9 | Var: dqn
Step: 4060160 | EPS: 0.02 | Rew: 18.73 | FPS: 10273.2 | Var: dqn
Step: 4061184 | EPS: 0.02 | Rew: 18.74 | FPS: 9893.1 | Var: dqn
Step: 4062208 | EPS: 0.02 | Rew: 18.74 | FPS: 10232.5 | Var: dqn
Step: 4063232 | EPS: 0.02 | Rew: 19.39 | FPS: 9177.8 | Var: dqn
Step: 4064256 | EPS: 0.02 | Rew: 19.76 | FPS: 6076.9 | Var: dqn
Step: 4065280 | EPS: 0.02 | Rew: 19.96 | FPS: 9069.1 | Var: dqn
Step: 4066304 | EPS: 0.02 | Rew: 19.98 | FPS: 9037.4 | Var: dqn
Step: 4067328 | EPS: 0.02 | Rew: 20.21 | FPS: 8143.4 | Var: dqn
Step: 4068352 | EPS: 0.02 | Rew: 20.44 | FPS: 6205.0 | Var: dqn
Step: 4069376 | EPS: 0.02 | Rew: 21.03 | FPS: 7028.1 | Var: dqn
>>> [Best] Saved -> agent/checkpoints/dqn_pretrain.pth | Rew 21.03
Step: 4070400 | EPS: 0.02 | Rew: 20.91 | FPS: 8210.2 | Var: dqn
Step: 4071424 | EPS: 0.02 | Rew: 21.48 | FPS: 6845.8 | Var: dqn
Step: 4072448 | EPS: 0.02 | Rew: 21.56 | FPS: 7848.6 | Var: dqn
>>> [Best] Saved -> agent/checkpoints/dqn_pretrain.pth | Rew 21.56
Step: 4073472 | EPS: 0.02 | Rew: 21.70 | FPS: 9103.1 | Var: dqn
Step: 4074496 | EPS: 0.02 | Rew: 21.10 | FPS: 7527.7 | Var: dqn
Step: 4075520 | EPS: 0.02 | Rew: 21.12 | FPS: 6150.4 | Var: dqn
Step: 4076544 | EPS: 0.02 | Rew: 20.97 | FPS: 9225.6 | Var: dqn
Step: 4077568 | EPS: 0.02 | Rew: 21.02 | FPS: 8640.6 | Var: dqn
Step: 4078592 | EPS: 0.02 | Rew: 20.99 | FPS: 6908.7 | Var: dqn
Step: 4079616 | EPS: 0.02 | Rew: 21.15 | FPS: 6579.6 | Var: dqn
Step: 4080640 | EPS: 0.02 | Rew: 21.04 | FPS: 4804.5 | Var: dqn
Step: 4081664 | EPS: 0.02 | Rew: 21.17 | FPS: 7421.0 | Var: dqn
Step: 4082688 | EPS: 0.02 | Rew: 21.20 | FPS: 9090.9 | Var: dqn
Step: 4083712 | EPS: 0.02 | Rew: 21.64 | FPS: 9446.6 | Var: dqn
Step: 4084736 | EPS: 0.02 | Rew: 21.81 | FPS: 7849.9 | Var: dqn
Step: 4085760 | EPS: 0.02 | Rew: 21.69 | FPS: 9639.2 | Var: dqn
Step: 4086784 | EPS: 0.02 | Rew: 21.48 | FPS: 9121.4 | Var: dqn
Step: 4087808 | EPS: 0.02 | Rew: 21.41 | FPS: 6621.4 | Var: dqn
Step: 4088832 | EPS: 0.02 | Rew: 20.14 | FPS: 7484.7 | Var: dqn
Step: 4089856 | EPS: 0.02 | Rew: 19.94 | FPS: 7645.6 | Var: dqn
Step: 4090880 | EPS: 0.02 | Rew: 20.31 | FPS: 7475.2 | Var: dqn
Step: 4091904 | EPS: 0.02 | Rew: 20.00 | FPS: 6640.0 | Var: dqn
Step: 4092928 | EPS: 0.02 | Rew: 19.63 | FPS: 5898.9 | Var: dqn
Step: 4093952 | EPS: 0.02 | Rew: 19.22 | FPS: 7829.4 | Var: dqn
Step: 4094976 | EPS: 0.02 | Rew: 19.22 | FPS: 7768.9 | Var: dqn
Step: 4096000 | EPS: 0.02 | Rew: 18.51 | FPS: 4821.1 | Var: dqn
Step: 4097024 | EPS: 0.02 | Rew: 18.62 | FPS: 9335.1 | Var: dqn
Step: 4098048 | EPS: 0.02 | Rew: 18.70 | FPS: 8122.6 | Var: dqn
Step: 4099072 | EPS: 0.02 | Rew: 18.64 | FPS: 9418.9 | Var: dqn
Step: 4100096 | EPS: 0.02 | Rew: 17.47 | FPS: 6482.6 | Var: dqn
Step: 4101120 | EPS: 0.02 | Rew: 17.62 | FPS: 8433.6 | Var: dqn
Step: 4102144 | EPS: 0.02 | Rew: 17.58 | FPS: 6485.4 | Var: dqn
Step: 4103168 | EPS: 0.02 | Rew: 17.58 | FPS: 7976.4 | Var: dqn
Step: 4104192 | EPS: 0.02 | Rew: 17.58 | FPS: 7273.2 | Var: dqn
Step: 4105216 | EPS: 0.02 | Rew: 18.15 | FPS: 9588.1 | Var: dqn
Step: 4106240 | EPS: 0.02 | Rew: 18.43 | FPS: 7307.8 | Var: dqn
Step: 4107264 | EPS: 0.02 | Rew: 18.43 | FPS: 7172.2 | Var: dqn
Step: 4108288 | EPS: 0.02 | Rew: 19.30 | FPS: 8589.0 | Var: dqn
Step: 4109312 | EPS: 0.02 | Rew: 19.09 | FPS: 7204.9 | Var: dqn
Step: 4110336 | EPS: 0.02 | Rew: 19.65 | FPS: 9571.1 | Var: dqn
Step: 4111360 | EPS: 0.02 | Rew: 19.51 | FPS: 5563.2 | Var: dqn
Step: 4112384 | EPS: 0.02 | Rew: 19.72 | FPS: 6371.8 | Var: dqn
Step: 4113408 | EPS: 0.02 | Rew: 19.28 | FPS: 8904.3 | Var: dqn
Step: 4114432 | EPS: 0.02 | Rew: 18.78 | FPS: 6874.7 | Var: dqn
Step: 4115456 | EPS: 0.02 | Rew: 18.52 | FPS: 9230.7 | Var: dqn
Step: 4116480 | EPS: 0.02 | Rew: 19.82 | FPS: 7746.8 | Var: dqn
Step: 4117504 | EPS: 0.02 | Rew: 20.06 | FPS: 8075.6 | Var: dqn
Step: 4118528 | EPS: 0.02 | Rew: 20.59 | FPS: 9613.2 | Var: dqn
Step: 4119552 | EPS: 0.02 | Rew: 21.11 | FPS: 7556.1 | Var: dqn
Step: 4120576 | EPS: 0.02 | Rew: 19.71 | FPS: 7315.8 | Var: dqn
Step: 4121600 | EPS: 0.02 | Rew: 20.45 | FPS: 8763.9 | Var: dqn
Step: 4122624 | EPS: 0.02 | Rew: 21.11 | FPS: 7986.8 | Var: dqn
Step: 4123648 | EPS: 0.02 | Rew: 21.11 | FPS: 7689.1 | Var: dqn
Step: 4124672 | EPS: 0.02 | Rew: 21.26 | FPS: 9421.7 | Var: dqn
Step: 4125696 | EPS: 0.02 | Rew: 21.58 | FPS: 9601.4 | Var: dqn
Step: 4126720 | EPS: 0.02 | Rew: 20.94 | FPS: 8537.5 | Var: dqn
Step: 4127744 | EPS: 0.02 | Rew: 21.10 | FPS: 7787.0 | Var: dqn
Step: 4128768 | EPS: 0.02 | Rew: 20.85 | FPS: 4745.0 | Var: dqn
Step: 4129792 | EPS: 0.02 | Rew: 21.36 | FPS: 6445.7 | Var: dqn
Step: 4130816 | EPS: 0.02 | Rew: 21.56 | FPS: 8293.0 | Var: dqn
Step: 4131840 | EPS: 0.02 | Rew: 21.21 | FPS: 7941.1 | Var: dqn
Step: 4132864 | EPS: 0.02 | Rew: 21.51 | FPS: 7311.4 | Var: dqn
Step: 4133888 | EPS: 0.02 | Rew: 21.78 | FPS: 8301.7 | Var: dqn
Step: 4134912 | EPS: 0.02 | Rew: 21.82 | FPS: 7920.8 | Var: dqn
Step: 4135936 | EPS: 0.02 | Rew: 21.81 | FPS: 8701.3 | Var: dqn
Step: 4136960 | EPS: 0.02 | Rew: 21.88 | FPS: 9412.8 | Var: dqn
Step: 4137984 | EPS: 0.02 | Rew: 21.94 | FPS: 6874.7 | Var: dqn
Step: 4139008 | EPS: 0.02 | Rew: 21.81 | FPS: 7762.8 | Var: dqn
Step: 4140032 | EPS: 0.02 | Rew: 21.81 | FPS: 8191.8 | Var: dqn
Step: 4141056 | EPS: 0.02 | Rew: 21.95 | FPS: 7287.7 | Var: dqn
Step: 4142080 | EPS: 0.02 | Rew: 22.19 | FPS: 8472.2 | Var: dqn
>>> [Best] Saved -> agent/checkpoints/dqn_pretrain.pth | Rew 22.19
Step: 4143104 | EPS: 0.02 | Rew: 22.10 | FPS: 7198.6 | Var: dqn
Step: 4144128 | EPS: 0.02 | Rew: 21.84 | FPS: 7430.3 | Var: dqn
Step: 4145152 | EPS: 0.02 | Rew: 22.35 | FPS: 9123.9 | Var: dqn
Step: 4146176 | EPS: 0.02 | Rew: 22.87 | FPS: 7601.6 | Var: dqn
>>> [Best] Saved -> agent/checkpoints/dqn_pretrain.pth | Rew 22.87
Step: 4147200 | EPS: 0.02 | Rew: 22.55 | FPS: 7280.6 | Var: dqn
Step: 4148224 | EPS: 0.02 | Rew: 22.39 | FPS: 6298.6 | Var: dqn
Step: 4149248 | EPS: 0.02 | Rew: 22.34 | FPS: 8897.5 | Var: dqn
Step: 4150272 | EPS: 0.02 | Rew: 21.38 | FPS: 8263.1 | Var: dqn
Step: 4151296 | EPS: 0.02 | Rew: 21.08 | FPS: 6599.0 | Var: dqn
Step: 4152320 | EPS: 0.02 | Rew: 21.42 | FPS: 7755.9 | Var: dqn
Step: 4153344 | EPS: 0.02 | Rew: 21.59 | FPS: 7305.4 | Var: dqn
Step: 4154368 | EPS: 0.02 | Rew: 22.18 | FPS: 6157.6 | Var: dqn
Step: 4155392 | EPS: 0.02 | Rew: 21.62 | FPS: 8540.7 | Var: dqn
Step: 4156416 | EPS: 0.02 | Rew: 21.66 | FPS: 6837.7 | Var: dqn
Step: 4157440 | EPS: 0.02 | Rew: 22.89 | FPS: 6725.1 | Var: dqn
Step: 4158464 | EPS: 0.02 | Rew: 22.89 | FPS: 7355.6 | Var: dqn
Step: 4159488 | EPS: 0.02 | Rew: 22.95 | FPS: 7704.6 | Var: dqn
Step: 4160512 | EPS: 0.02 | Rew: 23.08 | FPS: 7823.4 | Var: dqn
Step: 4161536 | EPS: 0.02 | Rew: 23.41 | FPS: 5686.7 | Var: dqn
>>> [Best] Saved -> agent/checkpoints/dqn_pretrain.pth | Rew 23.41
Step: 4162560 | EPS: 0.02 | Rew: 23.24 | FPS: 7980.1 | Var: dqn
Step: 4163584 | EPS: 0.02 | Rew: 23.04 | FPS: 7263.9 | Var: dqn
Step: 4164608 | EPS: 0.02 | Rew: 23.43 | FPS: 7089.8 | Var: dqn
Step: 4165632 | EPS: 0.02 | Rew: 23.34 | FPS: 6805.8 | Var: dqn
Step: 4166656 | EPS: 0.02 | Rew: 22.52 | FPS: 9445.9 | Var: dqn
Step: 4167680 | EPS: 0.02 | Rew: 22.20 | FPS: 9569.7 | Var: dqn
Step: 4168704 | EPS: 0.02 | Rew: 21.94 | FPS: 9301.6 | Var: dqn
Step: 4169728 | EPS: 0.02 | Rew: 22.50 | FPS: 5965.5 | Var: dqn
Step: 4170752 | EPS: 0.02 | Rew: 22.10 | FPS: 6404.9 | Var: dqn
Step: 4171776 | EPS: 0.02 | Rew: 21.64 | FPS: 7656.6 | Var: dqn
Step: 4172800 | EPS: 0.02 | Rew: 21.94 | FPS: 7305.3 | Var: dqn
Step: 4173824 | EPS: 0.02 | Rew: 21.92 | FPS: 7688.1 | Var: dqn
Step: 4174848 | EPS: 0.02 | Rew: 21.88 | FPS: 7732.3 | Var: dqn
Step: 4175872 | EPS: 0.02 | Rew: 21.51 | FPS: 7205.8 | Var: dqn
Step: 4176896 | EPS: 0.02 | Rew: 21.23 | FPS: 7348.9 | Var: dqn
Step: 4177920 | EPS: 0.02 | Rew: 20.97 | FPS: 9713.9 | Var: dqn
Step: 4178944 | EPS: 0.02 | Rew: 20.79 | FPS: 9936.0 | Var: dqn
Step: 4179968 | EPS: 0.02 | Rew: 20.72 | FPS: 7767.5 | Var: dqn
Step: 4180992 | EPS: 0.02 | Rew: 21.76 | FPS: 6776.2 | Var: dqn
Step: 4182016 | EPS: 0.02 | Rew: 22.17 | FPS: 7735.6 | Var: dqn
Step: 4183040 | EPS: 0.02 | Rew: 22.11 | FPS: 8809.0 | Var: dqn
Step: 4184064 | EPS: 0.02 | Rew: 21.84 | FPS: 7517.1 | Var: dqn
Step: 4185088 | EPS: 0.02 | Rew: 22.23 | FPS: 7453.0 | Var: dqn
Step: 4186112 | EPS: 0.02 | Rew: 22.23 | FPS: 7186.7 | Var: dqn
Step: 4187136 | EPS: 0.02 | Rew: 22.65 | FPS: 7835.5 | Var: dqn
Step: 4188160 | EPS: 0.02 | Rew: 21.99 | FPS: 6740.1 | Var: dqn
Step: 4189184 | EPS: 0.02 | Rew: 21.86 | FPS: 7412.7 | Var: dqn
Step: 4190208 | EPS: 0.02 | Rew: 21.86 | FPS: 9120.3 | Var: dqn
Step: 4191232 | EPS: 0.02 | Rew: 21.48 | FPS: 7823.1 | Var: dqn
Step: 4192256 | EPS: 0.02 | Rew: 21.06 | FPS: 7868.3 | Var: dqn
Step: 4193280 | EPS: 0.02 | Rew: 20.83 | FPS: 6894.0 | Var: dqn
Step: 4194304 | EPS: 0.02 | Rew: 20.83 | FPS: 4699.6 | Var: dqn
Step: 4195328 | EPS: 0.02 | Rew: 21.05 | FPS: 7578.0 | Var: dqn
Step: 4196352 | EPS: 0.02 | Rew: 21.29 | FPS: 7954.6 | Var: dqn
Step: 4197376 | EPS: 0.02 | Rew: 21.25 | FPS: 7913.6 | Var: dqn
Step: 4198400 | EPS: 0.02 | Rew: 21.34 | FPS: 8605.8 | Var: dqn
Step: 4199424 | EPS: 0.02 | Rew: 21.13 | FPS: 6712.7 | Var: dqn
Step: 4200448 | EPS: 0.02 | Rew: 20.90 | FPS: 6847.4 | Var: dqn
Step: 4201472 | EPS: 0.02 | Rew: 20.10 | FPS: 7702.2 | Var: dqn
Step: 4202496 | EPS: 0.02 | Rew: 20.47 | FPS: 8057.9 | Var: dqn
Step: 4203520 | EPS: 0.02 | Rew: 20.81 | FPS: 6730.4 | Var: dqn
Step: 4204544 | EPS: 0.02 | Rew: 20.30 | FPS: 7402.5 | Var: dqn
Step: 4205568 | EPS: 0.02 | Rew: 20.25 | FPS: 8723.5 | Var: dqn
Step: 4206592 | EPS: 0.02 | Rew: 20.34 | FPS: 7879.8 | Var: dqn
Step: 4207616 | EPS: 0.02 | Rew: 21.14 | FPS: 8065.0 | Var: dqn
Step: 4208640 | EPS: 0.02 | Rew: 21.48 | FPS: 7875.5 | Var: dqn
Step: 4209664 | EPS: 0.02 | Rew: 21.54 | FPS: 4930.6 | Var: dqn
Step: 4210688 | EPS: 0.02 | Rew: 21.05 | FPS: 9416.3 | Var: dqn
Step: 4211712 | EPS: 0.02 | Rew: 21.16 | FPS: 6343.0 | Var: dqn
Step: 4212736 | EPS: 0.02 | Rew: 20.22 | FPS: 8625.6 | Var: dqn
Step: 4213760 | EPS: 0.02 | Rew: 20.59 | FPS: 6068.7 | Var: dqn
Step: 4214784 | EPS: 0.02 | Rew: 20.54 | FPS: 7647.3 | Var: dqn
Step: 4215808 | EPS: 0.02 | Rew: 20.20 | FPS: 8144.2 | Var: dqn
Step: 4216832 | EPS: 0.02 | Rew: 20.43 | FPS: 8014.8 | Var: dqn
Step: 4217856 | EPS: 0.02 | Rew: 20.39 | FPS: 6969.0 | Var: dqn
Step: 4218880 | EPS: 0.02 | Rew: 20.30 | FPS: 7099.5 | Var: dqn
Step: 4219904 | EPS: 0.02 | Rew: 20.31 | FPS: 7807.5 | Var: dqn
Step: 4220928 | EPS: 0.02 | Rew: 20.62 | FPS: 5671.9 | Var: dqn
Step: 4221952 | EPS: 0.02 | Rew: 20.95 | FPS: 7737.3 | Var: dqn
Step: 4222976 | EPS: 0.02 | Rew: 20.59 | FPS: 7426.4 | Var: dqn
Step: 4224000 | EPS: 0.02 | Rew: 21.48 | FPS: 8854.0 | Var: dqn
Step: 4225024 | EPS: 0.02 | Rew: 22.14 | FPS: 9200.5 | Var: dqn
Step: 4226048 | EPS: 0.02 | Rew: 22.46 | FPS: 8653.7 | Var: dqn
Step: 4227072 | EPS: 0.02 | Rew: 22.09 | FPS: 9405.9 | Var: dqn
Step: 4228096 | EPS: 0.02 | Rew: 22.39 | FPS: 9273.9 | Var: dqn
Step: 4229120 | EPS: 0.02 | Rew: 22.21 | FPS: 7989.2 | Var: dqn
Step: 4230144 | EPS: 0.02 | Rew: 21.98 | FPS: 8872.4 | Var: dqn
Step: 4231168 | EPS: 0.02 | Rew: 21.89 | FPS: 7603.5 | Var: dqn
Step: 4232192 | EPS: 0.02 | Rew: 22.02 | FPS: 7187.1 | Var: dqn
Step: 4233216 | EPS: 0.02 | Rew: 21.82 | FPS: 6071.0 | Var: dqn
Step: 4234240 | EPS: 0.02 | Rew: 21.67 | FPS: 7710.8 | Var: dqn
Step: 4235264 | EPS: 0.02 | Rew: 21.32 | FPS: 8708.8 | Var: dqn
Step: 4236288 | EPS: 0.02 | Rew: 21.57 | FPS: 7059.9 | Var: dqn
Step: 4237312 | EPS: 0.02 | Rew: 21.40 | FPS: 7227.6 | Var: dqn
Step: 4238336 | EPS: 0.02 | Rew: 21.45 | FPS: 6432.7 | Var: dqn
Step: 4239360 | EPS: 0.02 | Rew: 22.03 | FPS: 8381.1 | Var: dqn
Step: 4240384 | EPS: 0.02 | Rew: 22.49 | FPS: 8766.8 | Var: dqn
Step: 4241408 | EPS: 0.02 | Rew: 21.99 | FPS: 10216.5 | Var: dqn
Step: 4242432 | EPS: 0.02 | Rew: 21.95 | FPS: 7467.9 | Var: dqn
Step: 4243456 | EPS: 0.02 | Rew: 21.93 | FPS: 7702.2 | Var: dqn
Step: 4244480 | EPS: 0.02 | Rew: 23.42 | FPS: 6979.1 | Var: dqn
Step: 4245504 | EPS: 0.02 | Rew: 23.05 | FPS: 6254.8 | Var: dqn
Step: 4246528 | EPS: 0.02 | Rew: 22.67 | FPS: 7342.5 | Var: dqn
Step: 4247552 | EPS: 0.02 | Rew: 22.28 | FPS: 9222.1 | Var: dqn
Step: 4248576 | EPS: 0.02 | Rew: 22.31 | FPS: 7766.4 | Var: dqn
Step: 4249600 | EPS: 0.02 | Rew: 22.31 | FPS: 7993.5 | Var: dqn
Step: 4250624 | EPS: 0.02 | Rew: 21.17 | FPS: 7419.8 | Var: dqn
Step: 4251648 | EPS: 0.02 | Rew: 20.92 | FPS: 8952.4 | Var: dqn
Step: 4252672 | EPS: 0.02 | Rew: 20.30 | FPS: 7356.2 | Var: dqn
Step: 4253696 | EPS: 0.02 | Rew: 20.34 | FPS: 8722.1 | Var: dqn
Step: 4254720 | EPS: 0.02 | Rew: 20.39 | FPS: 9226.3 | Var: dqn
Step: 4255744 | EPS: 0.02 | Rew: 20.75 | FPS: 7894.9 | Var: dqn
Step: 4256768 | EPS: 0.02 | Rew: 21.01 | FPS: 7077.4 | Var: dqn
Step: 4257792 | EPS: 0.02 | Rew: 21.04 | FPS: 6153.2 | Var: dqn
Step: 4258816 | EPS: 0.02 | Rew: 21.24 | FPS: 9124.2 | Var: dqn
Step: 4259840 | EPS: 0.02 | Rew: 20.89 | FPS: 7676.8 | Var: dqn
Step: 4260864 | EPS: 0.02 | Rew: 20.56 | FPS: 8759.4 | Var: dqn
Step: 4261888 | EPS: 0.02 | Rew: 20.46 | FPS: 7271.5 | Var: dqn
Step: 4262912 | EPS: 0.02 | Rew: 20.46 | FPS: 5898.0 | Var: dqn
Step: 4263936 | EPS: 0.02 | Rew: 20.14 | FPS: 7549.9 | Var: dqn
Step: 4264960 | EPS: 0.02 | Rew: 20.24 | FPS: 9540.7 | Var: dqn
Step: 4265984 | EPS: 0.02 | Rew: 20.37 | FPS: 8894.9 | Var: dqn
Step: 4267008 | EPS: 0.02 | Rew: 19.68 | FPS: 8003.8 | Var: dqn
Step: 4268032 | EPS: 0.02 | Rew: 19.22 | FPS: 8211.7 | Var: dqn
Step: 4269056 | EPS: 0.02 | Rew: 19.41 | FPS: 8413.9 | Var: dqn
Step: 4270080 | EPS: 0.02 | Rew: 18.69 | FPS: 8981.3 | Var: dqn
Step: 4271104 | EPS: 0.02 | Rew: 18.32 | FPS: 7626.9 | Var: dqn
Step: 4272128 | EPS: 0.02 | Rew: 18.44 | FPS: 8358.7 | Var: dqn
Step: 4273152 | EPS: 0.02 | Rew: 18.64 | FPS: 6427.5 | Var: dqn
Step: 4274176 | EPS: 0.02 | Rew: 18.03 | FPS: 5055.2 | Var: dqn
Step: 4275200 | EPS: 0.02 | Rew: 16.95 | FPS: 6719.5 | Var: dqn
Step: 4276224 | EPS: 0.02 | Rew: 18.41 | FPS: 7471.4 | Var: dqn
Step: 4277248 | EPS: 0.02 | Rew: 18.26 | FPS: 7135.2 | Var: dqn
Step: 4278272 | EPS: 0.02 | Rew: 19.42 | FPS: 9559.3 | Var: dqn
Step: 4279296 | EPS: 0.02 | Rew: 19.47 | FPS: 6657.0 | Var: dqn
Step: 4280320 | EPS: 0.02 | Rew: 19.22 | FPS: 7485.0 | Var: dqn
Step: 4281344 | EPS: 0.02 | Rew: 18.75 | FPS: 6080.5 | Var: dqn
Step: 4282368 | EPS: 0.02 | Rew: 19.12 | FPS: 8557.0 | Var: dqn
Step: 4283392 | EPS: 0.02 | Rew: 18.73 | FPS: 8415.2 | Var: dqn
Step: 4284416 | EPS: 0.02 | Rew: 19.19 | FPS: 8033.4 | Var: dqn
Step: 4285440 | EPS: 0.02 | Rew: 19.30 | FPS: 8962.7 | Var: dqn
Step: 4286464 | EPS: 0.02 | Rew: 19.32 | FPS: 7705.4 | Var: dqn
Step: 4287488 | EPS: 0.02 | Rew: 19.17 | FPS: 7054.8 | Var: dqn
Step: 4288512 | EPS: 0.02 | Rew: 18.93 | FPS: 8681.3 | Var: dqn
Step: 4289536 | EPS: 0.02 | Rew: 19.48 | FPS: 8502.7 | Var: dqn
Step: 4290560 | EPS: 0.02 | Rew: 19.12 | FPS: 7356.3 | Var: dqn
Step: 4291584 | EPS: 0.02 | Rew: 19.84 | FPS: 8764.1 | Var: dqn
Step: 4292608 | EPS: 0.02 | Rew: 20.73 | FPS: 8208.3 | Var: dqn
Step: 4293632 | EPS: 0.02 | Rew: 20.79 | FPS: 6952.3 | Var: dqn
Step: 4294656 | EPS: 0.02 | Rew: 20.80 | FPS: 8314.1 | Var: dqn
Step: 4295680 | EPS: 0.02 | Rew: 20.84 | FPS: 8995.5 | Var: dqn
Step: 4296704 | EPS: 0.02 | Rew: 21.50 | FPS: 7750.8 | Var: dqn
Step: 4297728 | EPS: 0.02 | Rew: 21.82 | FPS: 6269.9 | Var: dqn
Step: 4298752 | EPS: 0.02 | Rew: 21.66 | FPS: 7407.4 | Var: dqn
Step: 4299776 | EPS: 0.02 | Rew: 21.20 | FPS: 8241.9 | Var: dqn
Step: 4300800 | EPS: 0.02 | Rew: 21.32 | FPS: 7135.0 | Var: dqn
Step: 4301824 | EPS: 0.02 | Rew: 21.93 | FPS: 6755.1 | Var: dqn
Step: 4302848 | EPS: 0.02 | Rew: 22.08 | FPS: 7921.9 | Var: dqn
Step: 4303872 | EPS: 0.02 | Rew: 21.45 | FPS: 7466.5 | Var: dqn
Step: 4304896 | EPS: 0.02 | Rew: 21.51 | FPS: 9080.9 | Var: dqn
Step: 4305920 | EPS: 0.02 | Rew: 21.46 | FPS: 4867.1 | Var: dqn
Step: 4306944 | EPS: 0.02 | Rew: 21.51 | FPS: 8551.9 | Var: dqn
Step: 4307968 | EPS: 0.02 | Rew: 21.99 | FPS: 7621.7 | Var: dqn
Step: 4308992 | EPS: 0.02 | Rew: 21.63 | FPS: 9437.2 | Var: dqn
Step: 4310016 | EPS: 0.02 | Rew: 21.00 | FPS: 7101.2 | Var: dqn
Step: 4311040 | EPS: 0.02 | Rew: 21.00 | FPS: 9140.0 | Var: dqn
Step: 4312064 | EPS: 0.02 | Rew: 21.33 | FPS: 9079.2 | Var: dqn
Step: 4313088 | EPS: 0.02 | Rew: 21.26 | FPS: 6907.6 | Var: dqn
Step: 4314112 | EPS: 0.02 | Rew: 21.77 | FPS: 8055.3 | Var: dqn
Step: 4315136 | EPS: 0.02 | Rew: 21.98 | FPS: 9288.6 | Var: dqn
Step: 4316160 | EPS: 0.02 | Rew: 22.04 | FPS: 9111.0 | Var: dqn
Step: 4317184 | EPS: 0.02 | Rew: 23.08 | FPS: 7950.8 | Var: dqn
Step: 4318208 | EPS: 0.02 | Rew: 22.69 | FPS: 9118.9 | Var: dqn
Step: 4319232 | EPS: 0.02 | Rew: 23.00 | FPS: 7845.9 | Var: dqn
Step: 4320256 | EPS: 0.02 | Rew: 20.99 | FPS: 9306.7 | Var: dqn
Step: 4321280 | EPS: 0.02 | Rew: 20.58 | FPS: 5853.9 | Var: dqn
Step: 4322304 | EPS: 0.02 | Rew: 20.45 | FPS: 8532.1 | Var: dqn
Step: 4323328 | EPS: 0.02 | Rew: 20.64 | FPS: 8677.3 | Var: dqn
Step: 4324352 | EPS: 0.02 | Rew: 20.90 | FPS: 8641.8 | Var: dqn
Step: 4325376 | EPS: 0.02 | Rew: 20.33 | FPS: 8350.3 | Var: dqn
Step: 4326400 | EPS: 0.02 | Rew: 20.35 | FPS: 7892.3 | Var: dqn
Step: 4327424 | EPS: 0.02 | Rew: 20.39 | FPS: 8968.1 | Var: dqn
Step: 4328448 | EPS: 0.02 | Rew: 20.53 | FPS: 8587.9 | Var: dqn
Step: 4329472 | EPS: 0.02 | Rew: 20.50 | FPS: 9016.7 | Var: dqn
Step: 4330496 | EPS: 0.02 | Rew: 20.34 | FPS: 9132.9 | Var: dqn
Step: 4331520 | EPS: 0.02 | Rew: 20.63 | FPS: 8872.9 | Var: dqn
Step: 4332544 | EPS: 0.02 | Rew: 20.17 | FPS: 9247.6 | Var: dqn
Step: 4333568 | EPS: 0.02 | Rew: 20.36 | FPS: 9238.4 | Var: dqn
Step: 4334592 | EPS: 0.02 | Rew: 20.21 | FPS: 7870.1 | Var: dqn
Step: 4335616 | EPS: 0.02 | Rew: 20.17 | FPS: 9309.9 | Var: dqn
Step: 4336640 | EPS: 0.02 | Rew: 20.09 | FPS: 9300.8 | Var: dqn
Step: 4337664 | EPS: 0.02 | Rew: 20.02 | FPS: 8997.6 | Var: dqn
Step: 4338688 | EPS: 0.02 | Rew: 21.15 | FPS: 9239.6 | Var: dqn
Step: 4339712 | EPS: 0.02 | Rew: 20.90 | FPS: 9539.1 | Var: dqn
Step: 4340736 | EPS: 0.02 | Rew: 20.60 | FPS: 9327.3 | Var: dqn
Step: 4341760 | EPS: 0.02 | Rew: 20.22 | FPS: 6029.5 | Var: dqn
Step: 4342784 | EPS: 0.02 | Rew: 20.61 | FPS: 8997.2 | Var: dqn
Step: 4343808 | EPS: 0.02 | Rew: 20.41 | FPS: 9116.5 | Var: dqn
Step: 4344832 | EPS: 0.02 | Rew: 20.41 | FPS: 9060.6 | Var: dqn
Step: 4345856 | EPS: 0.02 | Rew: 20.10 | FPS: 9389.0 | Var: dqn
Step: 4346880 | EPS: 0.02 | Rew: 19.85 | FPS: 9166.5 | Var: dqn
Step: 4347904 | EPS: 0.02 | Rew: 20.08 | FPS: 7529.0 | Var: dqn
Step: 4348928 | EPS: 0.02 | Rew: 19.92 | FPS: 8997.7 | Var: dqn
Step: 4349952 | EPS: 0.02 | Rew: 19.95 | FPS: 9349.5 | Var: dqn
Step: 4350976 | EPS: 0.02 | Rew: 20.32 | FPS: 9031.5 | Var: dqn
Step: 4352000 | EPS: 0.02 | Rew: 19.95 | FPS: 9685.3 | Var: dqn
Step: 4353024 | EPS: 0.02 | Rew: 19.84 | FPS: 9246.8 | Var: dqn
Step: 4354048 | EPS: 0.02 | Rew: 20.16 | FPS: 9094.1 | Var: dqn
Step: 4355072 | EPS: 0.02 | Rew: 19.76 | FPS: 8609.4 | Var: dqn
Step: 4356096 | EPS: 0.02 | Rew: 19.84 | FPS: 9186.8 | Var: dqn
Step: 4357120 | EPS: 0.02 | Rew: 21.08 | FPS: 9171.4 | Var: dqn
Step: 4358144 | EPS: 0.02 | Rew: 21.38 | FPS: 8025.0 | Var: dqn
Step: 4359168 | EPS: 0.02 | Rew: 22.09 | FPS: 5281.9 | Var: dqn
Step: 4360192 | EPS: 0.02 | Rew: 22.03 | FPS: 8663.5 | Var: dqn
Step: 4361216 | EPS: 0.02 | Rew: 22.05 | FPS: 9400.4 | Var: dqn
Step: 4362240 | EPS: 0.02 | Rew: 22.17 | FPS: 9051.8 | Var: dqn
Step: 4363264 | EPS: 0.02 | Rew: 21.77 | FPS: 8558.8 | Var: dqn
Step: 4364288 | EPS: 0.02 | Rew: 22.08 | FPS: 9249.6 | Var: dqn
Step: 4365312 | EPS: 0.02 | Rew: 22.20 | FPS: 7271.1 | Var: dqn
Step: 4366336 | EPS: 0.02 | Rew: 21.81 | FPS: 8784.3 | Var: dqn
Step: 4367360 | EPS: 0.02 | Rew: 20.97 | FPS: 9272.6 | Var: dqn
Step: 4368384 | EPS: 0.02 | Rew: 20.97 | FPS: 9850.6 | Var: dqn
Step: 4369408 | EPS: 0.02 | Rew: 20.49 | FPS: 7758.2 | Var: dqn
Step: 4370432 | EPS: 0.02 | Rew: 20.20 | FPS: 7128.4 | Var: dqn
Step: 4371456 | EPS: 0.02 | Rew: 20.24 | FPS: 9041.5 | Var: dqn
Step: 4372480 | EPS: 0.02 | Rew: 20.39 | FPS: 9783.8 | Var: dqn
Step: 4373504 | EPS: 0.02 | Rew: 20.79 | FPS: 9426.6 | Var: dqn
Step: 4374528 | EPS: 0.02 | Rew: 20.35 | FPS: 9404.7 | Var: dqn
Step: 4375552 | EPS: 0.02 | Rew: 20.98 | FPS: 9119.0 | Var: dqn
Step: 4376576 | EPS: 0.02 | Rew: 20.87 | FPS: 9335.8 | Var: dqn
Step: 4377600 | EPS: 0.02 | Rew: 20.88 | FPS: 9960.7 | Var: dqn
Step: 4378624 | EPS: 0.02 | Rew: 21.24 | FPS: 5654.1 | Var: dqn
Step: 4379648 | EPS: 0.02 | Rew: 21.21 | FPS: 9469.1 | Var: dqn
Step: 4380672 | EPS: 0.02 | Rew: 21.13 | FPS: 8964.3 | Var: dqn
Step: 4381696 | EPS: 0.02 | Rew: 21.29 | FPS: 8862.6 | Var: dqn
Step: 4382720 | EPS: 0.02 | Rew: 20.62 | FPS: 9298.3 | Var: dqn
Step: 4383744 | EPS: 0.02 | Rew: 20.66 | FPS: 10067.7 | Var: dqn
Step: 4384768 | EPS: 0.02 | Rew: 20.39 | FPS: 10019.4 | Var: dqn
Step: 4385792 | EPS: 0.02 | Rew: 19.68 | FPS: 8358.8 | Var: dqn
Step: 4386816 | EPS: 0.02 | Rew: 19.36 | FPS: 9436.4 | Var: dqn
Step: 4387840 | EPS: 0.02 | Rew: 19.05 | FPS: 10467.5 | Var: dqn
Step: 4388864 | EPS: 0.02 | Rew: 19.34 | FPS: 10455.6 | Var: dqn
Step: 4389888 | EPS: 0.02 | Rew: 19.07 | FPS: 10232.5 | Var: dqn
Step: 4390912 | EPS: 0.02 | Rew: 19.13 | FPS: 9562.9 | Var: dqn
Step: 4391936 | EPS: 0.02 | Rew: 19.32 | FPS: 9255.2 | Var: dqn
Step: 4392960 | EPS: 0.02 | Rew: 19.32 | FPS: 9714.3 | Var: dqn
Step: 4393984 | EPS: 0.02 | Rew: 19.66 | FPS: 10184.6 | Var: dqn
Step: 4395008 | EPS: 0.02 | Rew: 20.38 | FPS: 10302.2 | Var: dqn
Step: 4396032 | EPS: 0.02 | Rew: 20.59 | FPS: 10479.9 | Var: dqn
Step: 4397056 | EPS: 0.02 | Rew: 20.75 | FPS: 10173.7 | Var: dqn
Step: 4398080 | EPS: 0.02 | Rew: 21.45 | FPS: 5911.5 | Var: dqn
Step: 4399104 | EPS: 0.02 | Rew: 21.25 | FPS: 9339.2 | Var: dqn
Step: 4400128 | EPS: 0.02 | Rew: 21.48 | FPS: 8020.9 | Var: dqn
Step: 4401152 | EPS: 0.02 | Rew: 21.59 | FPS: 10061.8 | Var: dqn
Step: 4402176 | EPS: 0.02 | Rew: 21.79 | FPS: 10307.2 | Var: dqn
Step: 4403200 | EPS: 0.02 | Rew: 21.78 | FPS: 9933.6 | Var: dqn
Step: 4404224 | EPS: 0.02 | Rew: 21.70 | FPS: 10082.5 | Var: dqn
Step: 4405248 | EPS: 0.02 | Rew: 21.90 | FPS: 9860.0 | Var: dqn
Step: 4406272 | EPS: 0.02 | Rew: 22.25 | FPS: 10104.8 | Var: dqn
Step: 4407296 | EPS: 0.02 | Rew: 22.34 | FPS: 9666.8 | Var: dqn
Step: 4408320 | EPS: 0.02 | Rew: 22.34 | FPS: 10114.9 | Var: dqn
Step: 4409344 | EPS: 0.02 | Rew: 22.30 | FPS: 10374.2 | Var: dqn
Step: 4410368 | EPS: 0.02 | Rew: 22.33 | FPS: 10275.5 | Var: dqn
Step: 4411392 | EPS: 0.02 | Rew: 22.11 | FPS: 9973.2 | Var: dqn
Step: 4412416 | EPS: 0.02 | Rew: 22.18 | FPS: 9979.2 | Var: dqn
Step: 4413440 | EPS: 0.02 | Rew: 21.82 | FPS: 8496.2 | Var: dqn
Step: 4414464 | EPS: 0.02 | Rew: 21.67 | FPS: 7823.7 | Var: dqn
Step: 4415488 | EPS: 0.02 | Rew: 20.90 | FPS: 8676.8 | Var: dqn
Step: 4416512 | EPS: 0.02 | Rew: 20.69 | FPS: 8622.0 | Var: dqn
Step: 4417536 | EPS: 0.02 | Rew: 20.75 | FPS: 7994.2 | Var: dqn
Step: 4418560 | EPS: 0.02 | Rew: 20.90 | FPS: 9649.9 | Var: dqn
Step: 4419584 | EPS: 0.02 | Rew: 20.84 | FPS: 10096.8 | Var: dqn
Step: 4420608 | EPS: 0.02 | Rew: 20.55 | FPS: 9741.6 | Var: dqn
Step: 4421632 | EPS: 0.02 | Rew: 21.18 | FPS: 9767.5 | Var: dqn
Step: 4422656 | EPS: 0.02 | Rew: 20.75 | FPS: 9625.0 | Var: dqn
Step: 4423680 | EPS: 0.02 | Rew: 20.54 | FPS: 10545.7 | Var: dqn
Step: 4424704 | EPS: 0.02 | Rew: 20.05 | FPS: 10629.4 | Var: dqn
Step: 4425728 | EPS: 0.02 | Rew: 20.03 | FPS: 10487.1 | Var: dqn
Step: 4426752 | EPS: 0.02 | Rew: 20.20 | FPS: 10418.3 | Var: dqn
Step: 4427776 | EPS: 0.02 | Rew: 19.80 | FPS: 9972.5 | Var: dqn
Step: 4428800 | EPS: 0.02 | Rew: 19.91 | FPS: 10635.9 | Var: dqn
Step: 4429824 | EPS: 0.02 | Rew: 19.67 | FPS: 9836.0 | Var: dqn
Step: 4430848 | EPS: 0.02 | Rew: 19.45 | FPS: 10238.1 | Var: dqn
Step: 4431872 | EPS: 0.02 | Rew: 19.71 | FPS: 10488.0 | Var: dqn
Step: 4432896 | EPS: 0.02 | Rew: 18.79 | FPS: 9864.9 | Var: dqn
Step: 4433920 | EPS: 0.02 | Rew: 18.72 | FPS: 10447.2 | Var: dqn
Step: 4434944 | EPS: 0.02 | Rew: 18.80 | FPS: 10108.4 | Var: dqn
Step: 4435968 | EPS: 0.02 | Rew: 19.20 | FPS: 10197.7 | Var: dqn
Step: 4436992 | EPS: 0.02 | Rew: 19.74 | FPS: 10017.9 | Var: dqn
Step: 4438016 | EPS: 0.02 | Rew: 19.67 | FPS: 10275.7 | Var: dqn
Step: 4439040 | EPS: 0.02 | Rew: 19.71 | FPS: 9914.5 | Var: dqn
Step: 4440064 | EPS: 0.02 | Rew: 20.07 | FPS: 9385.5 | Var: dqn
Step: 4441088 | EPS: 0.02 | Rew: 20.23 | FPS: 9272.4 | Var: dqn
Step: 4442112 | EPS: 0.02 | Rew: 20.50 | FPS: 5771.3 | Var: dqn
Step: 4443136 | EPS: 0.02 | Rew: 20.89 | FPS: 10239.6 | Var: dqn
Step: 4444160 | EPS: 0.02 | Rew: 20.45 | FPS: 10415.7 | Var: dqn
Step: 4445184 | EPS: 0.02 | Rew: 21.33 | FPS: 10479.7 | Var: dqn
Step: 4446208 | EPS: 0.02 | Rew: 21.33 | FPS: 10332.5 | Var: dqn
Step: 4447232 | EPS: 0.02 | Rew: 21.77 | FPS: 10471.5 | Var: dqn
Step: 4448256 | EPS: 0.02 | Rew: 21.48 | FPS: 10044.8 | Var: dqn
Step: 4449280 | EPS: 0.02 | Rew: 21.40 | FPS: 9333.8 | Var: dqn
Step: 4450304 | EPS: 0.02 | Rew: 21.73 | FPS: 9361.9 | Var: dqn
Step: 4451328 | EPS: 0.02 | Rew: 22.82 | FPS: 9013.2 | Var: dqn
Step: 4452352 | EPS: 0.02 | Rew: 22.99 | FPS: 9028.2 | Var: dqn
Step: 4453376 | EPS: 0.02 | Rew: 22.89 | FPS: 9503.0 | Var: dqn
Step: 4454400 | EPS: 0.02 | Rew: 23.07 | FPS: 9118.5 | Var: dqn
Step: 4455424 | EPS: 0.02 | Rew: 23.27 | FPS: 9592.9 | Var: dqn
Step: 4456448 | EPS: 0.02 | Rew: 22.81 | FPS: 9371.9 | Var: dqn
Step: 4457472 | EPS: 0.02 | Rew: 22.92 | FPS: 9399.6 | Var: dqn
Step: 4458496 | EPS: 0.02 | Rew: 23.93 | FPS: 9389.1 | Var: dqn
>>> [Best] Saved -> agent/checkpoints/dqn_pretrain.pth | Rew 23.93
Step: 4459520 | EPS: 0.02 | Rew: 24.16 | FPS: 7277.4 | Var: dqn
Step: 4460544 | EPS: 0.02 | Rew: 24.00 | FPS: 5710.2 | Var: dqn
Step: 4461568 | EPS: 0.02 | Rew: 24.06 | FPS: 9107.7 | Var: dqn
Step: 4462592 | EPS: 0.02 | Rew: 22.96 | FPS: 9205.5 | Var: dqn
Step: 4463616 | EPS: 0.02 | Rew: 22.90 | FPS: 9352.0 | Var: dqn
Step: 4464640 | EPS: 0.02 | Rew: 22.20 | FPS: 9161.9 | Var: dqn
Step: 4465664 | EPS: 0.02 | Rew: 22.41 | FPS: 9225.9 | Var: dqn
Step: 4466688 | EPS: 0.02 | Rew: 22.41 | FPS: 9104.6 | Var: dqn
Step: 4467712 | EPS: 0.02 | Rew: 21.90 | FPS: 9461.5 | Var: dqn
Step: 4468736 | EPS: 0.02 | Rew: 21.67 | FPS: 8721.5 | Var: dqn
Step: 4469760 | EPS: 0.02 | Rew: 20.95 | FPS: 8119.0 | Var: dqn
Step: 4470784 | EPS: 0.02 | Rew: 20.69 | FPS: 7725.1 | Var: dqn
Step: 4471808 | EPS: 0.02 | Rew: 20.38 | FPS: 9693.4 | Var: dqn
Step: 4472832 | EPS: 0.02 | Rew: 20.71 | FPS: 8284.4 | Var: dqn
Step: 4473856 | EPS: 0.02 | Rew: 21.10 | FPS: 9639.1 | Var: dqn
Step: 4474880 | EPS: 0.02 | Rew: 20.76 | FPS: 9687.5 | Var: dqn
Step: 4475904 | EPS: 0.02 | Rew: 20.39 | FPS: 9448.5 | Var: dqn
Step: 4476928 | EPS: 0.02 | Rew: 20.56 | FPS: 9547.5 | Var: dqn
Step: 4477952 | EPS: 0.02 | Rew: 20.32 | FPS: 9692.7 | Var: dqn
Step: 4478976 | EPS: 0.02 | Rew: 20.30 | FPS: 6254.2 | Var: dqn
Step: 4480000 | EPS: 0.02 | Rew: 20.35 | FPS: 9732.4 | Var: dqn
Step: 4481024 | EPS: 0.02 | Rew: 19.77 | FPS: 9234.4 | Var: dqn
Step: 4482048 | EPS: 0.02 | Rew: 19.90 | FPS: 9158.1 | Var: dqn
Step: 4483072 | EPS: 0.02 | Rew: 19.79 | FPS: 9254.4 | Var: dqn
Step: 4484096 | EPS: 0.02 | Rew: 19.64 | FPS: 9165.3 | Var: dqn
Step: 4485120 | EPS: 0.02 | Rew: 19.01 | FPS: 9524.2 | Var: dqn
Step: 4486144 | EPS: 0.02 | Rew: 19.03 | FPS: 9580.5 | Var: dqn
Step: 4487168 | EPS: 0.02 | Rew: 19.53 | FPS: 9499.8 | Var: dqn
Step: 4488192 | EPS: 0.02 | Rew: 19.36 | FPS: 8887.5 | Var: dqn
Step: 4489216 | EPS: 0.02 | Rew: 20.07 | FPS: 9935.3 | Var: dqn
Step: 4490240 | EPS: 0.02 | Rew: 20.03 | FPS: 9562.4 | Var: dqn
Step: 4491264 | EPS: 0.02 | Rew: 20.76 | FPS: 9026.0 | Var: dqn
Step: 4492288 | EPS: 0.02 | Rew: 20.82 | FPS: 9543.5 | Var: dqn
Step: 4493312 | EPS: 0.02 | Rew: 20.80 | FPS: 9479.9 | Var: dqn
Step: 4494336 | EPS: 0.02 | Rew: 21.15 | FPS: 9489.9 | Var: dqn
Step: 4495360 | EPS: 0.02 | Rew: 21.42 | FPS: 9825.4 | Var: dqn
Step: 4496384 | EPS: 0.02 | Rew: 21.38 | FPS: 9517.4 | Var: dqn
Step: 4497408 | EPS: 0.02 | Rew: 21.55 | FPS: 9680.8 | Var: dqn
Step: 4498432 | EPS: 0.02 | Rew: 21.36 | FPS: 5644.1 | Var: dqn
Step: 4499456 | EPS: 0.02 | Rew: 21.24 | FPS: 9407.2 | Var: dqn
Step: 4500480 | EPS: 0.02 | Rew: 20.60 | FPS: 9134.8 | Var: dqn
Step: 4501504 | EPS: 0.02 | Rew: 20.25 | FPS: 9896.4 | Var: dqn
Step: 4502528 | EPS: 0.02 | Rew: 20.39 | FPS: 9681.1 | Var: dqn
Step: 4503552 | EPS: 0.02 | Rew: 20.12 | FPS: 9808.6 | Var: dqn
Step: 4504576 | EPS: 0.02 | Rew: 19.94 | FPS: 9666.4 | Var: dqn
Step: 4505600 | EPS: 0.02 | Rew: 19.95 | FPS: 9498.4 | Var: dqn
Step: 4506624 | EPS: 0.02 | Rew: 19.95 | FPS: 9158.3 | Var: dqn
Step: 4507648 | EPS: 0.02 | Rew: 19.57 | FPS: 9106.9 | Var: dqn
Step: 4508672 | EPS: 0.02 | Rew: 19.27 | FPS: 9321.6 | Var: dqn
Step: 4509696 | EPS: 0.02 | Rew: 18.99 | FPS: 9357.8 | Var: dqn
Step: 4510720 | EPS: 0.02 | Rew: 19.08 | FPS: 9595.5 | Var: dqn
Step: 4511744 | EPS: 0.02 | Rew: 19.11 | FPS: 9341.5 | Var: dqn
Step: 4512768 | EPS: 0.02 | Rew: 18.97 | FPS: 9670.2 | Var: dqn
Step: 4513792 | EPS: 0.02 | Rew: 18.75 | FPS: 9244.3 | Var: dqn
Step: 4514816 | EPS: 0.02 | Rew: 18.68 | FPS: 9379.8 | Var: dqn
Step: 4515840 | EPS: 0.02 | Rew: 18.47 | FPS: 9681.9 | Var: dqn
Step: 4516864 | EPS: 0.02 | Rew: 19.84 | FPS: 2088.1 | Var: dqn
Step: 4517888 | EPS: 0.02 | Rew: 20.19 | FPS: 2276.4 | Var: dqn
Step: 4518912 | EPS: 0.02 | Rew: 19.91 | FPS: 8735.8 | Var: dqn
Step: 4519936 | EPS: 0.02 | Rew: 19.63 | FPS: 10167.5 | Var: dqn
Step: 4520960 | EPS: 0.02 | Rew: 19.40 | FPS: 9210.9 | Var: dqn
Step: 4521984 | EPS: 0.02 | Rew: 18.99 | FPS: 9725.5 | Var: dqn
Step: 4523008 | EPS: 0.02 | Rew: 19.65 | FPS: 7751.1 | Var: dqn
Step: 4524032 | EPS: 0.02 | Rew: 20.05 | FPS: 10231.4 | Var: dqn
Step: 4525056 | EPS: 0.02 | Rew: 19.77 | FPS: 7460.2 | Var: dqn
Step: 4526080 | EPS: 0.02 | Rew: 19.69 | FPS: 9505.4 | Var: dqn
Step: 4527104 | EPS: 0.02 | Rew: 20.28 | FPS: 8682.9 | Var: dqn
Step: 4528128 | EPS: 0.02 | Rew: 20.43 | FPS: 8811.1 | Var: dqn
Step: 4529152 | EPS: 0.02 | Rew: 20.18 | FPS: 6061.2 | Var: dqn
Step: 4530176 | EPS: 0.02 | Rew: 20.18 | FPS: 8686.1 | Var: dqn
Step: 4531200 | EPS: 0.02 | Rew: 20.87 | FPS: 8603.4 | Var: dqn
Step: 4532224 | EPS: 0.02 | Rew: 20.51 | FPS: 9336.5 | Var: dqn
Step: 4533248 | EPS: 0.02 | Rew: 20.19 | FPS: 8709.6 | Var: dqn
Step: 4534272 | EPS: 0.02 | Rew: 20.57 | FPS: 7675.8 | Var: dqn
Step: 4535296 | EPS: 0.02 | Rew: 21.01 | FPS: 8924.9 | Var: dqn
Step: 4536320 | EPS: 0.02 | Rew: 20.89 | FPS: 9256.0 | Var: dqn
Step: 4537344 | EPS: 0.02 | Rew: 20.64 | FPS: 9674.5 | Var: dqn
Step: 4538368 | EPS: 0.02 | Rew: 21.15 | FPS: 9646.6 | Var: dqn
Step: 4539392 | EPS: 0.02 | Rew: 20.79 | FPS: 8749.3 | Var: dqn
Step: 4540416 | EPS: 0.02 | Rew: 20.60 | FPS: 9345.1 | Var: dqn
Step: 4541440 | EPS: 0.02 | Rew: 19.60 | FPS: 9313.3 | Var: dqn
Step: 4542464 | EPS: 0.02 | Rew: 19.04 | FPS: 9186.1 | Var: dqn
Step: 4543488 | EPS: 0.02 | Rew: 19.24 | FPS: 8835.0 | Var: dqn
Step: 4544512 | EPS: 0.02 | Rew: 19.18 | FPS: 9045.6 | Var: dqn
Step: 4545536 | EPS: 0.02 | Rew: 19.19 | FPS: 8948.7 | Var: dqn
Step: 4546560 | EPS: 0.02 | Rew: 19.98 | FPS: 9425.2 | Var: dqn
Step: 4547584 | EPS: 0.02 | Rew: 19.97 | FPS: 6367.4 | Var: dqn
Step: 4548608 | EPS: 0.02 | Rew: 20.33 | FPS: 6571.2 | Var: dqn
Step: 4549632 | EPS: 0.02 | Rew: 20.77 | FPS: 9799.5 | Var: dqn
Step: 4550656 | EPS: 0.02 | Rew: 20.70 | FPS: 9176.0 | Var: dqn
Step: 4551680 | EPS: 0.02 | Rew: 21.15 | FPS: 7480.7 | Var: dqn
Step: 4552704 | EPS: 0.02 | Rew: 21.47 | FPS: 7344.4 | Var: dqn
Step: 4553728 | EPS: 0.02 | Rew: 20.94 | FPS: 7407.3 | Var: dqn
Step: 4554752 | EPS: 0.02 | Rew: 21.46 | FPS: 7750.3 | Var: dqn
Step: 4555776 | EPS: 0.02 | Rew: 20.60 | FPS: 8530.4 | Var: dqn
Step: 4556800 | EPS: 0.02 | Rew: 21.54 | FPS: 8808.1 | Var: dqn
Step: 4557824 | EPS: 0.02 | Rew: 22.03 | FPS: 8007.6 | Var: dqn
Step: 4558848 | EPS: 0.02 | Rew: 22.04 | FPS: 8194.0 | Var: dqn
Step: 4559872 | EPS: 0.02 | Rew: 22.10 | FPS: 9225.2 | Var: dqn
Step: 4560896 | EPS: 0.02 | Rew: 22.27 | FPS: 9223.5 | Var: dqn
Step: 4561920 | EPS: 0.02 | Rew: 21.97 | FPS: 6959.4 | Var: dqn
Step: 4562944 | EPS: 0.02 | Rew: 21.97 | FPS: 8552.0 | Var: dqn
Step: 4563968 | EPS: 0.02 | Rew: 21.98 | FPS: 9319.1 | Var: dqn
Step: 4564992 | EPS: 0.02 | Rew: 21.79 | FPS: 5506.2 | Var: dqn
Step: 4566016 | EPS: 0.02 | Rew: 21.82 | FPS: 8675.0 | Var: dqn
Step: 4567040 | EPS: 0.02 | Rew: 21.57 | FPS: 9107.7 | Var: dqn
Step: 4568064 | EPS: 0.02 | Rew: 21.71 | FPS: 7894.8 | Var: dqn
Step: 4569088 | EPS: 0.02 | Rew: 22.60 | FPS: 9533.8 | Var: dqn
Step: 4570112 | EPS: 0.02 | Rew: 22.19 | FPS: 9764.2 | Var: dqn
Step: 4571136 | EPS: 0.02 | Rew: 22.10 | FPS: 9611.3 | Var: dqn
Step: 4572160 | EPS: 0.02 | Rew: 21.87 | FPS: 9163.7 | Var: dqn
Step: 4573184 | EPS: 0.02 | Rew: 21.87 | FPS: 9123.0 | Var: dqn
Step: 4574208 | EPS: 0.02 | Rew: 21.25 | FPS: 9471.6 | Var: dqn
Step: 4575232 | EPS: 0.02 | Rew: 21.48 | FPS: 8850.3 | Var: dqn
Step: 4576256 | EPS: 0.02 | Rew: 21.02 | FPS: 9019.6 | Var: dqn
Step: 4577280 | EPS: 0.02 | Rew: 21.55 | FPS: 7617.4 | Var: dqn
Step: 4578304 | EPS: 0.02 | Rew: 21.62 | FPS: 8465.4 | Var: dqn
Step: 4579328 | EPS: 0.02 | Rew: 21.62 | FPS: 8811.2 | Var: dqn
Step: 4580352 | EPS: 0.02 | Rew: 21.09 | FPS: 7849.4 | Var: dqn
Step: 4581376 | EPS: 0.02 | Rew: 21.08 | FPS: 8424.2 | Var: dqn
Step: 4582400 | EPS: 0.02 | Rew: 21.34 | FPS: 5749.2 | Var: dqn
Step: 4583424 | EPS: 0.02 | Rew: 21.56 | FPS: 9052.5 | Var: dqn
Step: 4584448 | EPS: 0.02 | Rew: 20.75 | FPS: 9065.9 | Var: dqn
Step: 4585472 | EPS: 0.02 | Rew: 20.85 | FPS: 8892.1 | Var: dqn
Step: 4586496 | EPS: 0.02 | Rew: 21.38 | FPS: 9151.7 | Var: dqn
Step: 4587520 | EPS: 0.02 | Rew: 21.61 | FPS: 7527.3 | Var: dqn
Step: 4588544 | EPS: 0.02 | Rew: 21.67 | FPS: 8601.4 | Var: dqn
Step: 4589568 | EPS: 0.02 | Rew: 21.72 | FPS: 7698.6 | Var: dqn
Step: 4590592 | EPS: 0.02 | Rew: 21.02 | FPS: 8490.8 | Var: dqn
Step: 4591616 | EPS: 0.02 | Rew: 20.88 | FPS: 8652.5 | Var: dqn
Step: 4592640 | EPS: 0.02 | Rew: 20.29 | FPS: 8019.2 | Var: dqn
Step: 4593664 | EPS: 0.02 | Rew: 19.99 | FPS: 8538.2 | Var: dqn
Step: 4594688 | EPS: 0.02 | Rew: 20.04 | FPS: 8014.7 | Var: dqn
Step: 4595712 | EPS: 0.02 | Rew: 20.66 | FPS: 9000.5 | Var: dqn
Step: 4596736 | EPS: 0.02 | Rew: 20.66 | FPS: 8538.7 | Var: dqn
Step: 4597760 | EPS: 0.02 | Rew: 20.59 | FPS: 8299.1 | Var: dqn
Step: 4598784 | EPS: 0.02 | Rew: 21.38 | FPS: 9420.9 | Var: dqn
Step: 4599808 | EPS: 0.02 | Rew: 21.43 | FPS: 4914.0 | Var: dqn
Step: 4600832 | EPS: 0.02 | Rew: 20.92 | FPS: 7723.4 | Var: dqn
Step: 4601856 | EPS: 0.02 | Rew: 20.73 | FPS: 7660.2 | Var: dqn
Step: 4602880 | EPS: 0.02 | Rew: 20.95 | FPS: 8999.9 | Var: dqn
Step: 4603904 | EPS: 0.02 | Rew: 22.16 | FPS: 7733.7 | Var: dqn
Step: 4604928 | EPS: 0.02 | Rew: 21.92 | FPS: 7507.4 | Var: dqn
Step: 4605952 | EPS: 0.02 | Rew: 22.67 | FPS: 8446.7 | Var: dqn
Step: 4606976 | EPS: 0.02 | Rew: 22.71 | FPS: 9121.1 | Var: dqn
Step: 4608000 | EPS: 0.02 | Rew: 22.36 | FPS: 9311.1 | Var: dqn
Step: 4609024 | EPS: 0.02 | Rew: 21.35 | FPS: 9139.7 | Var: dqn
Step: 4610048 | EPS: 0.02 | Rew: 21.35 | FPS: 9293.6 | Var: dqn
Step: 4611072 | EPS: 0.02 | Rew: 21.50 | FPS: 9294.9 | Var: dqn
Step: 4612096 | EPS: 0.02 | Rew: 21.16 | FPS: 9018.5 | Var: dqn
Step: 4613120 | EPS: 0.02 | Rew: 20.26 | FPS: 9110.0 | Var: dqn
Step: 4614144 | EPS: 0.02 | Rew: 20.52 | FPS: 8951.9 | Var: dqn
Step: 4615168 | EPS: 0.02 | Rew: 20.90 | FPS: 8030.8 | Var: dqn
Step: 4616192 | EPS: 0.02 | Rew: 20.10 | FPS: 7320.1 | Var: dqn
Step: 4617216 | EPS: 0.02 | Rew: 19.67 | FPS: 4825.8 | Var: dqn
Step: 4618240 | EPS: 0.02 | Rew: 19.11 | FPS: 9478.8 | Var: dqn
Step: 4619264 | EPS: 0.02 | Rew: 19.66 | FPS: 8559.6 | Var: dqn
Step: 4620288 | EPS: 0.02 | Rew: 19.97 | FPS: 9346.4 | Var: dqn
Step: 4621312 | EPS: 0.02 | Rew: 20.90 | FPS: 9147.2 | Var: dqn
Step: 4622336 | EPS: 0.02 | Rew: 21.76 | FPS: 9355.6 | Var: dqn
Step: 4623360 | EPS: 0.02 | Rew: 21.84 | FPS: 8421.0 | Var: dqn
Step: 4624384 | EPS: 0.02 | Rew: 22.41 | FPS: 8042.9 | Var: dqn
Step: 4625408 | EPS: 0.02 | Rew: 22.30 | FPS: 8186.1 | Var: dqn
Step: 4626432 | EPS: 0.02 | Rew: 22.56 | FPS: 8434.9 | Var: dqn
Step: 4627456 | EPS: 0.02 | Rew: 22.72 | FPS: 7650.8 | Var: dqn
Step: 4628480 | EPS: 0.02 | Rew: 22.78 | FPS: 8536.8 | Var: dqn
Step: 4629504 | EPS: 0.02 | Rew: 22.75 | FPS: 8681.6 | Var: dqn
Step: 4630528 | EPS: 0.02 | Rew: 23.36 | FPS: 7526.4 | Var: dqn
Step: 4631552 | EPS: 0.02 | Rew: 24.20 | FPS: 8545.7 | Var: dqn
Step: 4632576 | EPS: 0.02 | Rew: 24.39 | FPS: 7823.8 | Var: dqn
Step: 4633600 | EPS: 0.02 | Rew: 24.88 | FPS: 7390.6 | Var: dqn
>>> [Best] Saved -> agent/checkpoints/dqn_pretrain.pth | Rew 24.88
Step: 4634624 | EPS: 0.02 | Rew: 24.82 | FPS: 9162.1 | Var: dqn
Step: 4635648 | EPS: 0.02 | Rew: 24.30 | FPS: 7981.6 | Var: dqn
Step: 4636672 | EPS: 0.02 | Rew: 24.30 | FPS: 9564.7 | Var: dqn
Step: 4637696 | EPS: 0.02 | Rew: 24.31 | FPS: 8985.5 | Var: dqn
Step: 4638720 | EPS: 0.02 | Rew: 25.10 | FPS: 8761.9 | Var: dqn
Step: 4639744 | EPS: 0.02 | Rew: 25.27 | FPS: 9780.8 | Var: dqn
Step: 4640768 | EPS: 0.02 | Rew: 25.08 | FPS: 9219.5 | Var: dqn
Step: 4641792 | EPS: 0.02 | Rew: 25.23 | FPS: 9295.2 | Var: dqn
Step: 4642816 | EPS: 0.02 | Rew: 24.88 | FPS: 6554.3 | Var: dqn
Step: 4643840 | EPS: 0.02 | Rew: 24.72 | FPS: 8484.7 | Var: dqn
Step: 4644864 | EPS: 0.02 | Rew: 25.67 | FPS: 8393.4 | Var: dqn
>>> [Best] Saved -> agent/checkpoints/dqn_pretrain.pth | Rew 25.67
Step: 4645888 | EPS: 0.02 | Rew: 25.40 | FPS: 7437.5 | Var: dqn
Step: 4646912 | EPS: 0.02 | Rew: 25.59 | FPS: 6905.6 | Var: dqn
Step: 4647936 | EPS: 0.02 | Rew: 25.37 | FPS: 9590.0 | Var: dqn
Step: 4648960 | EPS: 0.02 | Rew: 24.37 | FPS: 9640.1 | Var: dqn
Step: 4649984 | EPS: 0.02 | Rew: 23.85 | FPS: 8821.5 | Var: dqn
Step: 4651008 | EPS: 0.02 | Rew: 24.27 | FPS: 9110.2 | Var: dqn
Step: 4652032 | EPS: 0.02 | Rew: 23.81 | FPS: 9395.2 | Var: dqn
Step: 4653056 | EPS: 0.02 | Rew: 23.94 | FPS: 5859.4 | Var: dqn
Step: 4654080 | EPS: 0.02 | Rew: 22.77 | FPS: 8810.6 | Var: dqn
Step: 4655104 | EPS: 0.02 | Rew: 22.30 | FPS: 8574.7 | Var: dqn
Step: 4656128 | EPS: 0.02 | Rew: 21.54 | FPS: 7805.6 | Var: dqn
Step: 4657152 | EPS: 0.02 | Rew: 20.89 | FPS: 8674.6 | Var: dqn
Step: 4658176 | EPS: 0.02 | Rew: 20.88 | FPS: 7758.9 | Var: dqn
Step: 4659200 | EPS: 0.02 | Rew: 19.69 | FPS: 8243.8 | Var: dqn
Step: 4660224 | EPS: 0.02 | Rew: 19.34 | FPS: 8882.8 | Var: dqn
Step: 4661248 | EPS: 0.02 | Rew: 18.97 | FPS: 8952.1 | Var: dqn
Step: 4662272 | EPS: 0.02 | Rew: 19.40 | FPS: 9052.2 | Var: dqn
Step: 4663296 | EPS: 0.02 | Rew: 19.47 | FPS: 8248.5 | Var: dqn
Step: 4664320 | EPS: 0.02 | Rew: 19.56 | FPS: 7441.9 | Var: dqn
Step: 4665344 | EPS: 0.02 | Rew: 19.39 | FPS: 8953.6 | Var: dqn
Step: 4666368 | EPS: 0.02 | Rew: 18.78 | FPS: 8947.1 | Var: dqn
Step: 4667392 | EPS: 0.02 | Rew: 18.87 | FPS: 8775.4 | Var: dqn
Step: 4668416 | EPS: 0.02 | Rew: 18.08 | FPS: 9142.9 | Var: dqn
Step: 4669440 | EPS: 0.02 | Rew: 18.73 | FPS: 7656.5 | Var: dqn
Step: 4670464 | EPS: 0.02 | Rew: 19.31 | FPS: 7623.2 | Var: dqn
Step: 4671488 | EPS: 0.02 | Rew: 19.84 | FPS: 7774.9 | Var: dqn
Step: 4672512 | EPS: 0.02 | Rew: 19.75 | FPS: 5444.8 | Var: dqn
Step: 4673536 | EPS: 0.02 | Rew: 19.46 | FPS: 7804.0 | Var: dqn
Step: 4674560 | EPS: 0.02 | Rew: 19.46 | FPS: 8277.6 | Var: dqn
Step: 4675584 | EPS: 0.02 | Rew: 19.33 | FPS: 8316.9 | Var: dqn
Step: 4676608 | EPS: 0.02 | Rew: 19.88 | FPS: 7466.0 | Var: dqn
Step: 4677632 | EPS: 0.02 | Rew: 19.73 | FPS: 8994.6 | Var: dqn
Step: 4678656 | EPS: 0.02 | Rew: 20.07 | FPS: 9408.1 | Var: dqn
Step: 4679680 | EPS: 0.02 | Rew: 20.30 | FPS: 9476.7 | Var: dqn
Step: 4680704 | EPS: 0.02 | Rew: 20.15 | FPS: 8534.3 | Var: dqn
Step: 4681728 | EPS: 0.02 | Rew: 19.87 | FPS: 9192.9 | Var: dqn
Step: 4682752 | EPS: 0.02 | Rew: 20.44 | FPS: 9380.2 | Var: dqn
Step: 4683776 | EPS: 0.02 | Rew: 20.27 | FPS: 8277.5 | Var: dqn
Step: 4684800 | EPS: 0.02 | Rew: 21.11 | FPS: 6611.3 | Var: dqn
Step: 4685824 | EPS: 0.02 | Rew: 20.80 | FPS: 9045.0 | Var: dqn
Step: 4686848 | EPS: 0.02 | Rew: 21.40 | FPS: 9036.9 | Var: dqn
Step: 4687872 | EPS: 0.02 | Rew: 21.40 | FPS: 7564.7 | Var: dqn
Step: 4688896 | EPS: 0.02 | Rew: 21.56 | FPS: 4931.6 | Var: dqn
Step: 4689920 | EPS: 0.02 | Rew: 21.40 | FPS: 7744.9 | Var: dqn
Step: 4690944 | EPS: 0.02 | Rew: 21.41 | FPS: 9027.2 | Var: dqn
Step: 4691968 | EPS: 0.02 | Rew: 21.25 | FPS: 9329.2 | Var: dqn
Step: 4692992 | EPS: 0.02 | Rew: 23.67 | FPS: 8619.0 | Var: dqn
Step: 4694016 | EPS: 0.02 | Rew: 23.72 | FPS: 9407.1 | Var: dqn
Step: 4695040 | EPS: 0.02 | Rew: 23.46 | FPS: 9424.5 | Var: dqn
Step: 4696064 | EPS: 0.02 | Rew: 23.04 | FPS: 9174.7 | Var: dqn
Step: 4697088 | EPS: 0.02 | Rew: 22.66 | FPS: 8908.9 | Var: dqn
Step: 4698112 | EPS: 0.02 | Rew: 22.27 | FPS: 9324.3 | Var: dqn
Step: 4699136 | EPS: 0.02 | Rew: 21.88 | FPS: 9259.0 | Var: dqn
Step: 4700160 | EPS: 0.02 | Rew: 21.77 | FPS: 9057.7 | Var: dqn
Step: 4701184 | EPS: 0.02 | Rew: 22.05 | FPS: 9843.2 | Var: dqn
Step: 4702208 | EPS: 0.02 | Rew: 21.79 | FPS: 9228.1 | Var: dqn
Step: 4703232 | EPS: 0.02 | Rew: 21.80 | FPS: 9327.1 | Var: dqn
Step: 4704256 | EPS: 0.02 | Rew: 21.56 | FPS: 9022.3 | Var: dqn
Step: 4705280 | EPS: 0.02 | Rew: 21.56 | FPS: 8457.6 | Var: dqn
Step: 4706304 | EPS: 0.02 | Rew: 21.32 | FPS: 5100.5 | Var: dqn
Step: 4707328 | EPS: 0.02 | Rew: 22.18 | FPS: 6739.6 | Var: dqn
Step: 4708352 | EPS: 0.02 | Rew: 21.57 | FPS: 7807.3 | Var: dqn
Step: 4709376 | EPS: 0.02 | Rew: 21.57 | FPS: 8376.4 | Var: dqn
Step: 4710400 | EPS: 0.02 | Rew: 21.78 | FPS: 8863.1 | Var: dqn
Step: 4711424 | EPS: 0.02 | Rew: 22.12 | FPS: 9362.7 | Var: dqn
Step: 4712448 | EPS: 0.02 | Rew: 21.95 | FPS: 7218.8 | Var: dqn
Step: 4713472 | EPS: 0.02 | Rew: 21.95 | FPS: 9086.5 | Var: dqn
Step: 4714496 | EPS: 0.02 | Rew: 21.73 | FPS: 9228.7 | Var: dqn
Step: 4715520 | EPS: 0.02 | Rew: 21.32 | FPS: 9480.6 | Var: dqn
Step: 4716544 | EPS: 0.02 | Rew: 21.79 | FPS: 9145.6 | Var: dqn
Step: 4717568 | EPS: 0.02 | Rew: 21.82 | FPS: 9084.9 | Var: dqn
Step: 4718592 | EPS: 0.02 | Rew: 21.47 | FPS: 9127.5 | Var: dqn
Step: 4719616 | EPS: 0.02 | Rew: 21.30 | FPS: 9542.9 | Var: dqn
Step: 4720640 | EPS: 0.02 | Rew: 21.24 | FPS: 8999.9 | Var: dqn
Step: 4721664 | EPS: 0.02 | Rew: 21.34 | FPS: 7892.5 | Var: dqn
Step: 4722688 | EPS: 0.02 | Rew: 20.50 | FPS: 9204.0 | Var: dqn
Step: 4723712 | EPS: 0.02 | Rew: 20.15 | FPS: 5898.9 | Var: dqn
Step: 4724736 | EPS: 0.02 | Rew: 19.81 | FPS: 8079.7 | Var: dqn
Step: 4725760 | EPS: 0.02 | Rew: 19.77 | FPS: 9596.4 | Var: dqn
Step: 4726784 | EPS: 0.02 | Rew: 20.28 | FPS: 9134.4 | Var: dqn
Step: 4727808 | EPS: 0.02 | Rew: 20.95 | FPS: 9414.9 | Var: dqn
Step: 4728832 | EPS: 0.02 | Rew: 21.29 | FPS: 9097.8 | Var: dqn
Step: 4729856 | EPS: 0.02 | Rew: 21.11 | FPS: 9302.9 | Var: dqn
Step: 4730880 | EPS: 0.02 | Rew: 20.66 | FPS: 9345.9 | Var: dqn
Step: 4731904 | EPS: 0.02 | Rew: 21.27 | FPS: 7935.9 | Var: dqn
Step: 4732928 | EPS: 0.02 | Rew: 21.46 | FPS: 8950.0 | Var: dqn
Step: 4733952 | EPS: 0.02 | Rew: 21.53 | FPS: 9672.5 | Var: dqn
Step: 4734976 | EPS: 0.02 | Rew: 21.62 | FPS: 9402.6 | Var: dqn
Step: 4736000 | EPS: 0.02 | Rew: 20.75 | FPS: 8013.6 | Var: dqn
Step: 4737024 | EPS: 0.02 | Rew: 20.54 | FPS: 9785.6 | Var: dqn
Step: 4738048 | EPS: 0.02 | Rew: 20.65 | FPS: 9384.9 | Var: dqn
Step: 4739072 | EPS: 0.02 | Rew: 20.52 | FPS: 9401.6 | Var: dqn
Step: 4740096 | EPS: 0.02 | Rew: 20.26 | FPS: 8938.6 | Var: dqn
Step: 4741120 | EPS: 0.02 | Rew: 20.38 | FPS: 9240.2 | Var: dqn
Step: 4742144 | EPS: 0.02 | Rew: 20.55 | FPS: 5700.5 | Var: dqn
Step: 4743168 | EPS: 0.02 | Rew: 20.46 | FPS: 8724.2 | Var: dqn
Step: 4744192 | EPS: 0.02 | Rew: 20.31 | FPS: 7976.4 | Var: dqn
Step: 4745216 | EPS: 0.02 | Rew: 20.43 | FPS: 7695.3 | Var: dqn
Step: 4746240 | EPS: 0.02 | Rew: 20.43 | FPS: 7703.1 | Var: dqn
Step: 4747264 | EPS: 0.02 | Rew: 20.71 | FPS: 8918.8 | Var: dqn
Step: 4748288 | EPS: 0.02 | Rew: 20.59 | FPS: 9349.4 | Var: dqn
Step: 4749312 | EPS: 0.02 | Rew: 21.27 | FPS: 9610.0 | Var: dqn
Step: 4750336 | EPS: 0.02 | Rew: 21.92 | FPS: 9422.8 | Var: dqn
Step: 4751360 | EPS: 0.02 | Rew: 21.86 | FPS: 1483.3 | Var: dqn
Step: 4752384 | EPS: 0.02 | Rew: 21.71 | FPS: 7297.2 | Var: dqn
Step: 4753408 | EPS: 0.02 | Rew: 21.32 | FPS: 8001.5 | Var: dqn
Step: 4754432 | EPS: 0.02 | Rew: 21.65 | FPS: 7602.6 | Var: dqn
Step: 4755456 | EPS: 0.02 | Rew: 21.84 | FPS: 9217.2 | Var: dqn
Step: 4756480 | EPS: 0.02 | Rew: 22.03 | FPS: 9012.2 | Var: dqn
Step: 4757504 | EPS: 0.02 | Rew: 22.27 | FPS: 8988.7 | Var: dqn
Step: 4758528 | EPS: 0.02 | Rew: 21.32 | FPS: 8884.0 | Var: dqn
Step: 4759552 | EPS: 0.02 | Rew: 21.20 | FPS: 9804.1 | Var: dqn
Step: 4760576 | EPS: 0.02 | Rew: 20.87 | FPS: 7668.2 | Var: dqn
Step: 4761600 | EPS: 0.02 | Rew: 21.02 | FPS: 9189.2 | Var: dqn
Step: 4762624 | EPS: 0.02 | Rew: 21.51 | FPS: 8612.0 | Var: dqn
Step: 4763648 | EPS: 0.02 | Rew: 21.87 | FPS: 9347.3 | Var: dqn
Step: 4764672 | EPS: 0.02 | Rew: 22.14 | FPS: 8800.3 | Var: dqn
Step: 4765696 | EPS: 0.02 | Rew: 22.67 | FPS: 8572.2 | Var: dqn
Step: 4766720 | EPS: 0.02 | Rew: 22.59 | FPS: 8822.9 | Var: dqn
Step: 4767744 | EPS: 0.02 | Rew: 22.93 | FPS: 9292.3 | Var: dqn
Step: 4768768 | EPS: 0.02 | Rew: 22.74 | FPS: 9034.3 | Var: dqn
Step: 4769792 | EPS: 0.02 | Rew: 22.29 | FPS: 7618.9 | Var: dqn
Step: 4770816 | EPS: 0.02 | Rew: 21.92 | FPS: 7508.5 | Var: dqn
Step: 4771840 | EPS: 0.02 | Rew: 22.33 | FPS: 8500.6 | Var: dqn
Step: 4772864 | EPS: 0.02 | Rew: 22.46 | FPS: 8510.2 | Var: dqn
Step: 4773888 | EPS: 0.02 | Rew: 22.74 | FPS: 5615.2 | Var: dqn
Step: 4774912 | EPS: 0.02 | Rew: 22.68 | FPS: 7677.8 | Var: dqn
Step: 4775936 | EPS: 0.02 | Rew: 21.41 | FPS: 8683.2 | Var: dqn
Step: 4776960 | EPS: 0.02 | Rew: 21.00 | FPS: 7838.3 | Var: dqn
Step: 4777984 | EPS: 0.02 | Rew: 21.67 | FPS: 9126.7 | Var: dqn
Step: 4779008 | EPS: 0.02 | Rew: 21.34 | FPS: 8838.7 | Var: dqn
Step: 4780032 | EPS: 0.02 | Rew: 21.37 | FPS: 9014.5 | Var: dqn
Step: 4781056 | EPS: 0.02 | Rew: 21.12 | FPS: 9222.6 | Var: dqn
Step: 4782080 | EPS: 0.02 | Rew: 20.92 | FPS: 7179.6 | Var: dqn
Step: 4783104 | EPS: 0.02 | Rew: 21.75 | FPS: 7486.2 | Var: dqn
Step: 4784128 | EPS: 0.02 | Rew: 21.65 | FPS: 7745.5 | Var: dqn
Step: 4785152 | EPS: 0.02 | Rew: 21.56 | FPS: 9525.0 | Var: dqn
Step: 4786176 | EPS: 0.02 | Rew: 22.24 | FPS: 9372.0 | Var: dqn
Step: 4787200 | EPS: 0.02 | Rew: 22.43 | FPS: 9189.0 | Var: dqn
Step: 4788224 | EPS: 0.02 | Rew: 22.19 | FPS: 9323.8 | Var: dqn
Step: 4789248 | EPS: 0.02 | Rew: 21.39 | FPS: 9031.8 | Var: dqn
Step: 4790272 | EPS: 0.02 | Rew: 21.18 | FPS: 6347.5 | Var: dqn
Step: 4791296 | EPS: 0.02 | Rew: 21.65 | FPS: 7688.8 | Var: dqn
Step: 4792320 | EPS: 0.02 | Rew: 21.25 | FPS: 8944.1 | Var: dqn
Step: 4793344 | EPS: 0.02 | Rew: 21.03 | FPS: 7438.5 | Var: dqn
Step: 4794368 | EPS: 0.02 | Rew: 21.05 | FPS: 9034.3 | Var: dqn
Step: 4795392 | EPS: 0.02 | Rew: 21.13 | FPS: 9196.3 | Var: dqn
Step: 4796416 | EPS: 0.02 | Rew: 21.18 | FPS: 8778.7 | Var: dqn
Step: 4797440 | EPS: 0.02 | Rew: 21.10 | FPS: 9252.7 | Var: dqn
Step: 4798464 | EPS: 0.02 | Rew: 21.20 | FPS: 9309.4 | Var: dqn
Step: 4799488 | EPS: 0.02 | Rew: 20.70 | FPS: 9444.9 | Var: dqn
Step: 4800512 | EPS: 0.02 | Rew: 20.66 | FPS: 9116.7 | Var: dqn
Step: 4801536 | EPS: 0.02 | Rew: 20.92 | FPS: 9115.8 | Var: dqn
Step: 4802560 | EPS: 0.02 | Rew: 20.34 | FPS: 9268.0 | Var: dqn
Step: 4803584 | EPS: 0.02 | Rew: 20.69 | FPS: 8643.6 | Var: dqn
Step: 4804608 | EPS: 0.02 | Rew: 20.65 | FPS: 8287.6 | Var: dqn
Step: 4805632 | EPS: 0.02 | Rew: 20.64 | FPS: 8940.3 | Var: dqn
Step: 4806656 | EPS: 0.02 | Rew: 20.90 | FPS: 9081.3 | Var: dqn
Step: 4807680 | EPS: 0.02 | Rew: 20.98 | FPS: 7865.0 | Var: dqn
Step: 4808704 | EPS: 0.02 | Rew: 20.52 | FPS: 5379.6 | Var: dqn
Step: 4809728 | EPS: 0.02 | Rew: 19.83 | FPS: 8942.6 | Var: dqn
Step: 4810752 | EPS: 0.02 | Rew: 19.58 | FPS: 9120.2 | Var: dqn
Step: 4811776 | EPS: 0.02 | Rew: 18.86 | FPS: 7553.2 | Var: dqn
Step: 4812800 | EPS: 0.02 | Rew: 18.86 | FPS: 9478.1 | Var: dqn
Step: 4813824 | EPS: 0.02 | Rew: 18.25 | FPS: 8867.1 | Var: dqn
Step: 4814848 | EPS: 0.02 | Rew: 18.33 | FPS: 8183.7 | Var: dqn
Step: 4815872 | EPS: 0.02 | Rew: 18.28 | FPS: 9358.3 | Var: dqn
Step: 4816896 | EPS: 0.02 | Rew: 18.75 | FPS: 8939.7 | Var: dqn
Step: 4817920 | EPS: 0.02 | Rew: 18.81 | FPS: 8845.4 | Var: dqn
Step: 4818944 | EPS: 0.02 | Rew: 19.46 | FPS: 8845.3 | Var: dqn
Step: 4819968 | EPS: 0.02 | Rew: 19.07 | FPS: 7778.1 | Var: dqn
Step: 4820992 | EPS: 0.02 | Rew: 18.72 | FPS: 8846.5 | Var: dqn
Step: 4822016 | EPS: 0.02 | Rew: 18.32 | FPS: 8604.5 | Var: dqn
Step: 4823040 | EPS: 0.02 | Rew: 18.58 | FPS: 8538.3 | Var: dqn
Step: 4824064 | EPS: 0.02 | Rew: 18.75 | FPS: 8087.3 | Var: dqn
Step: 4825088 | EPS: 0.02 | Rew: 18.39 | FPS: 8936.1 | Var: dqn
Step: 4826112 | EPS: 0.02 | Rew: 18.56 | FPS: 9045.4 | Var: dqn
Step: 4827136 | EPS: 0.02 | Rew: 18.62 | FPS: 5479.9 | Var: dqn
Step: 4828160 | EPS: 0.02 | Rew: 18.84 | FPS: 9530.9 | Var: dqn
Step: 4829184 | EPS: 0.02 | Rew: 19.13 | FPS: 9319.4 | Var: dqn
Step: 4830208 | EPS: 0.02 | Rew: 18.70 | FPS: 8129.4 | Var: dqn
Step: 4831232 | EPS: 0.02 | Rew: 18.86 | FPS: 8107.9 | Var: dqn
Step: 4832256 | EPS: 0.02 | Rew: 18.78 | FPS: 8698.2 | Var: dqn
Step: 4833280 | EPS: 0.02 | Rew: 19.63 | FPS: 7429.0 | Var: dqn
Step: 4834304 | EPS: 0.02 | Rew: 19.67 | FPS: 9142.3 | Var: dqn
Step: 4835328 | EPS: 0.02 | Rew: 20.40 | FPS: 7886.6 | Var: dqn
Step: 4836352 | EPS: 0.02 | Rew: 20.62 | FPS: 9311.8 | Var: dqn
Step: 4837376 | EPS: 0.02 | Rew: 20.44 | FPS: 7568.6 | Var: dqn
Step: 4838400 | EPS: 0.02 | Rew: 20.43 | FPS: 7811.4 | Var: dqn
Step: 4839424 | EPS: 0.02 | Rew: 21.23 | FPS: 9039.7 | Var: dqn
Step: 4840448 | EPS: 0.02 | Rew: 22.25 | FPS: 7526.7 | Var: dqn
Step: 4841472 | EPS: 0.02 | Rew: 22.09 | FPS: 9526.8 | Var: dqn
Step: 4842496 | EPS: 0.02 | Rew: 22.09 | FPS: 9524.9 | Var: dqn
Step: 4843520 | EPS: 0.02 | Rew: 21.54 | FPS: 10081.0 | Var: dqn
Step: 4844544 | EPS: 0.02 | Rew: 21.42 | FPS: 5803.8 | Var: dqn
Step: 4845568 | EPS: 0.02 | Rew: 21.25 | FPS: 7241.2 | Var: dqn
Step: 4846592 | EPS: 0.02 | Rew: 20.45 | FPS: 9328.9 | Var: dqn
Step: 4847616 | EPS: 0.02 | Rew: 20.70 | FPS: 8809.9 | Var: dqn
Step: 4848640 | EPS: 0.02 | Rew: 20.93 | FPS: 9209.4 | Var: dqn
Step: 4849664 | EPS: 0.02 | Rew: 21.54 | FPS: 9116.3 | Var: dqn
Step: 4850688 | EPS: 0.02 | Rew: 21.54 | FPS: 9488.2 | Var: dqn
Step: 4851712 | EPS: 0.02 | Rew: 21.41 | FPS: 8763.9 | Var: dqn
Step: 4852736 | EPS: 0.02 | Rew: 21.66 | FPS: 8709.3 | Var: dqn
Step: 4853760 | EPS: 0.02 | Rew: 21.66 | FPS: 8127.2 | Var: dqn
Step: 4854784 | EPS: 0.02 | Rew: 21.74 | FPS: 7932.8 | Var: dqn
Step: 4855808 | EPS: 0.02 | Rew: 21.98 | FPS: 9055.4 | Var: dqn
Step: 4856832 | EPS: 0.02 | Rew: 21.85 | FPS: 8600.0 | Var: dqn
Step: 4857856 | EPS: 0.02 | Rew: 21.81 | FPS: 7992.7 | Var: dqn
Step: 4858880 | EPS: 0.02 | Rew: 21.98 | FPS: 8228.8 | Var: dqn
Step: 4859904 | EPS: 0.02 | Rew: 21.75 | FPS: 7870.1 | Var: dqn
Step: 4860928 | EPS: 0.02 | Rew: 21.82 | FPS: 8700.6 | Var: dqn
Step: 4861952 | EPS: 0.02 | Rew: 22.22 | FPS: 5721.3 | Var: dqn
Step: 4862976 | EPS: 0.02 | Rew: 21.63 | FPS: 8078.7 | Var: dqn
Step: 4864000 | EPS: 0.02 | Rew: 21.15 | FPS: 7994.3 | Var: dqn
Step: 4865024 | EPS: 0.02 | Rew: 20.56 | FPS: 9399.5 | Var: dqn
Step: 4866048 | EPS: 0.02 | Rew: 21.20 | FPS: 8084.8 | Var: dqn
Step: 4867072 | EPS: 0.02 | Rew: 21.43 | FPS: 7814.3 | Var: dqn
Step: 4868096 | EPS: 0.02 | Rew: 20.85 | FPS: 7738.8 | Var: dqn
Step: 4869120 | EPS: 0.02 | Rew: 20.31 | FPS: 7559.9 | Var: dqn
Step: 4870144 | EPS: 0.02 | Rew: 20.27 | FPS: 8355.5 | Var: dqn
Step: 4871168 | EPS: 0.02 | Rew: 20.30 | FPS: 7781.8 | Var: dqn
Step: 4872192 | EPS: 0.02 | Rew: 20.81 | FPS: 8571.6 | Var: dqn
Step: 4873216 | EPS: 0.02 | Rew: 21.72 | FPS: 7501.5 | Var: dqn
Step: 4874240 | EPS: 0.02 | Rew: 21.59 | FPS: 8810.5 | Var: dqn
Step: 4875264 | EPS: 0.02 | Rew: 21.85 | FPS: 7415.9 | Var: dqn
Step: 4876288 | EPS: 0.02 | Rew: 21.44 | FPS: 9100.4 | Var: dqn
Step: 4877312 | EPS: 0.02 | Rew: 21.15 | FPS: 8824.6 | Var: dqn
Step: 4878336 | EPS: 0.02 | Rew: 21.16 | FPS: 7720.0 | Var: dqn
Step: 4879360 | EPS: 0.02 | Rew: 20.84 | FPS: 7708.8 | Var: dqn
Step: 4880384 | EPS: 0.02 | Rew: 20.59 | FPS: 9310.0 | Var: dqn
Step: 4881408 | EPS: 0.02 | Rew: 20.43 | FPS: 8727.2 | Var: dqn
Step: 4882432 | EPS: 0.02 | Rew: 21.71 | FPS: 8020.4 | Var: dqn
Step: 4883456 | EPS: 0.02 | Rew: 21.99 | FPS: 8049.2 | Var: dqn
Step: 4884480 | EPS: 0.02 | Rew: 22.44 | FPS: 7709.6 | Var: dqn
Step: 4885504 | EPS: 0.02 | Rew: 22.54 | FPS: 7165.9 | Var: dqn
Step: 4886528 | EPS: 0.02 | Rew: 22.21 | FPS: 7833.5 | Var: dqn
Step: 4887552 | EPS: 0.02 | Rew: 21.70 | FPS: 8923.2 | Var: dqn
Step: 4888576 | EPS: 0.02 | Rew: 21.88 | FPS: 7832.5 | Var: dqn
Step: 4889600 | EPS: 0.02 | Rew: 21.52 | FPS: 7241.9 | Var: dqn
Step: 4890624 | EPS: 0.02 | Rew: 21.68 | FPS: 7333.8 | Var: dqn
Step: 4891648 | EPS: 0.02 | Rew: 22.16 | FPS: 8955.1 | Var: dqn
Step: 4892672 | EPS: 0.02 | Rew: 22.22 | FPS: 8958.5 | Var: dqn
Step: 4893696 | EPS: 0.02 | Rew: 21.72 | FPS: 7571.7 | Var: dqn
Step: 4894720 | EPS: 0.02 | Rew: 23.29 | FPS: 7844.0 | Var: dqn
Step: 4895744 | EPS: 0.02 | Rew: 23.23 | FPS: 5477.9 | Var: dqn
Step: 4896768 | EPS: 0.02 | Rew: 22.88 | FPS: 8450.6 | Var: dqn
Step: 4897792 | EPS: 0.02 | Rew: 22.91 | FPS: 8680.6 | Var: dqn
Step: 4898816 | EPS: 0.02 | Rew: 23.49 | FPS: 7306.6 | Var: dqn
Step: 4899840 | EPS: 0.02 | Rew: 23.51 | FPS: 7627.0 | Var: dqn
Step: 4900864 | EPS: 0.02 | Rew: 23.59 | FPS: 7870.7 | Var: dqn
Step: 4901888 | EPS: 0.02 | Rew: 23.31 | FPS: 7854.2 | Var: dqn
Step: 4902912 | EPS: 0.02 | Rew: 22.37 | FPS: 7908.3 | Var: dqn
Step: 4903936 | EPS: 0.02 | Rew: 22.48 | FPS: 7975.2 | Var: dqn
Step: 4904960 | EPS: 0.02 | Rew: 22.41 | FPS: 7407.1 | Var: dqn
Step: 4905984 | EPS: 0.02 | Rew: 22.74 | FPS: 8015.9 | Var: dqn
Step: 4907008 | EPS: 0.02 | Rew: 22.64 | FPS: 9040.5 | Var: dqn
Step: 4908032 | EPS: 0.02 | Rew: 22.69 | FPS: 9281.0 | Var: dqn
Step: 4909056 | EPS: 0.02 | Rew: 22.61 | FPS: 8827.3 | Var: dqn
Step: 4910080 | EPS: 0.02 | Rew: 22.92 | FPS: 7897.4 | Var: dqn
Step: 4911104 | EPS: 0.02 | Rew: 22.81 | FPS: 7458.8 | Var: dqn
Step: 4912128 | EPS: 0.02 | Rew: 23.12 | FPS: 6657.0 | Var: dqn
Step: 4913152 | EPS: 0.02 | Rew: 23.43 | FPS: 4748.7 | Var: dqn
Step: 4914176 | EPS: 0.02 | Rew: 23.48 | FPS: 7669.4 | Var: dqn
Step: 4915200 | EPS: 0.02 | Rew: 22.19 | FPS: 8211.5 | Var: dqn
Step: 4916224 | EPS: 0.02 | Rew: 21.95 | FPS: 8385.1 | Var: dqn
Step: 4917248 | EPS: 0.02 | Rew: 22.14 | FPS: 8350.2 | Var: dqn
Step: 4918272 | EPS: 0.02 | Rew: 21.68 | FPS: 9234.3 | Var: dqn
Step: 4919296 | EPS: 0.02 | Rew: 21.92 | FPS: 7761.3 | Var: dqn
Step: 4920320 | EPS: 0.02 | Rew: 21.85 | FPS: 8479.2 | Var: dqn
Step: 4921344 | EPS: 0.02 | Rew: 21.73 | FPS: 8367.8 | Var: dqn
Step: 4922368 | EPS: 0.02 | Rew: 22.00 | FPS: 9417.8 | Var: dqn
Step: 4923392 | EPS: 0.02 | Rew: 22.16 | FPS: 9117.0 | Var: dqn
Step: 4924416 | EPS: 0.02 | Rew: 22.07 | FPS: 9429.1 | Var: dqn
Step: 4925440 | EPS: 0.02 | Rew: 22.42 | FPS: 8845.6 | Var: dqn
Step: 4926464 | EPS: 0.02 | Rew: 22.02 | FPS: 7956.6 | Var: dqn
Step: 4927488 | EPS: 0.02 | Rew: 22.18 | FPS: 9703.5 | Var: dqn
Step: 4928512 | EPS: 0.02 | Rew: 22.22 | FPS: 7429.2 | Var: dqn
Step: 4929536 | EPS: 0.02 | Rew: 21.72 | FPS: 8198.4 | Var: dqn
Step: 4930560 | EPS: 0.02 | Rew: 21.89 | FPS: 9365.6 | Var: dqn
Step: 4931584 | EPS: 0.02 | Rew: 21.80 | FPS: 11446.2 | Var: dqn
Step: 4932608 | EPS: 0.02 | Rew: 21.51 | FPS: 6697.3 | Var: dqn
Step: 4933632 | EPS: 0.02 | Rew: 21.88 | FPS: 7936.1 | Var: dqn
Step: 4934656 | EPS: 0.02 | Rew: 22.04 | FPS: 7784.8 | Var: dqn
Step: 4935680 | EPS: 0.02 | Rew: 21.97 | FPS: 9040.1 | Var: dqn
Step: 4936704 | EPS: 0.02 | Rew: 21.74 | FPS: 9237.8 | Var: dqn
Step: 4937728 | EPS: 0.02 | Rew: 21.33 | FPS: 7592.3 | Var: dqn
Step: 4938752 | EPS: 0.02 | Rew: 21.52 | FPS: 8136.2 | Var: dqn
Step: 4939776 | EPS: 0.02 | Rew: 21.62 | FPS: 8197.7 | Var: dqn
Step: 4940800 | EPS: 0.02 | Rew: 21.36 | FPS: 7650.3 | Var: dqn
Step: 4941824 | EPS: 0.02 | Rew: 21.94 | FPS: 8778.5 | Var: dqn
Step: 4942848 | EPS: 0.02 | Rew: 22.29 | FPS: 7385.7 | Var: dqn
Step: 4943872 | EPS: 0.02 | Rew: 22.49 | FPS: 6191.5 | Var: dqn
Step: 4944896 | EPS: 0.02 | Rew: 22.94 | FPS: 8219.2 | Var: dqn
Step: 4945920 | EPS: 0.02 | Rew: 22.26 | FPS: 9233.1 | Var: dqn
Step: 4946944 | EPS: 0.02 | Rew: 22.45 | FPS: 9282.5 | Var: dqn
Step: 4947968 | EPS: 0.02 | Rew: 23.33 | FPS: 9234.7 | Var: dqn
Step: 4948992 | EPS: 0.02 | Rew: 23.04 | FPS: 7587.8 | Var: dqn
Step: 4950016 | EPS: 0.02 | Rew: 23.27 | FPS: 8434.6 | Var: dqn
Step: 4951040 | EPS: 0.02 | Rew: 23.25 | FPS: 6720.5 | Var: dqn
Step: 4952064 | EPS: 0.02 | Rew: 23.14 | FPS: 8574.1 | Var: dqn
Step: 4953088 | EPS: 0.02 | Rew: 23.45 | FPS: 9382.0 | Var: dqn
Step: 4954112 | EPS: 0.02 | Rew: 22.48 | FPS: 9163.7 | Var: dqn
Step: 4955136 | EPS: 0.02 | Rew: 22.52 | FPS: 6868.7 | Var: dqn
Step: 4956160 | EPS: 0.02 | Rew: 22.55 | FPS: 7139.2 | Var: dqn
Step: 4957184 | EPS: 0.02 | Rew: 21.98 | FPS: 9262.9 | Var: dqn
Step: 4958208 | EPS: 0.02 | Rew: 22.55 | FPS: 8859.1 | Var: dqn
Step: 4959232 | EPS: 0.02 | Rew: 22.18 | FPS: 7449.8 | Var: dqn
Step: 4960256 | EPS: 0.02 | Rew: 22.60 | FPS: 8368.2 | Var: dqn
Step: 4961280 | EPS: 0.02 | Rew: 22.45 | FPS: 7545.6 | Var: dqn
Step: 4962304 | EPS: 0.02 | Rew: 22.19 | FPS: 9305.5 | Var: dqn
Step: 4963328 | EPS: 0.02 | Rew: 22.19 | FPS: 8779.2 | Var: dqn
Step: 4964352 | EPS: 0.02 | Rew: 22.46 | FPS: 7296.2 | Var: dqn
Step: 4965376 | EPS: 0.02 | Rew: 22.60 | FPS: 8915.8 | Var: dqn
Step: 4966400 | EPS: 0.02 | Rew: 22.85 | FPS: 8968.1 | Var: dqn
Step: 4967424 | EPS: 0.02 | Rew: 23.05 | FPS: 7529.7 | Var: dqn
Step: 4968448 | EPS: 0.02 | Rew: 23.13 | FPS: 4734.2 | Var: dqn
Step: 4969472 | EPS: 0.02 | Rew: 23.13 | FPS: 9121.1 | Var: dqn
Step: 4970496 | EPS: 0.02 | Rew: 23.44 | FPS: 7485.7 | Var: dqn
Step: 4971520 | EPS: 0.02 | Rew: 23.03 | FPS: 8231.9 | Var: dqn
Step: 4972544 | EPS: 0.02 | Rew: 22.45 | FPS: 8720.8 | Var: dqn
Step: 4973568 | EPS: 0.02 | Rew: 22.28 | FPS: 9112.1 | Var: dqn
Step: 4974592 | EPS: 0.02 | Rew: 22.63 | FPS: 8213.9 | Var: dqn
Step: 4975616 | EPS: 0.02 | Rew: 23.24 | FPS: 7700.4 | Var: dqn
Step: 4976640 | EPS: 0.02 | Rew: 22.94 | FPS: 8991.0 | Var: dqn
Step: 4977664 | EPS: 0.02 | Rew: 22.64 | FPS: 7694.3 | Var: dqn
Step: 4978688 | EPS: 0.02 | Rew: 22.54 | FPS: 6789.5 | Var: dqn
Step: 4979712 | EPS: 0.02 | Rew: 22.54 | FPS: 7809.5 | Var: dqn
Step: 4980736 | EPS: 0.02 | Rew: 22.97 | FPS: 8993.8 | Var: dqn
Step: 4981760 | EPS: 0.02 | Rew: 23.20 | FPS: 7672.7 | Var: dqn
Step: 4982784 | EPS: 0.02 | Rew: 23.21 | FPS: 7934.6 | Var: dqn
Step: 4983808 | EPS: 0.02 | Rew: 22.50 | FPS: 6041.0 | Var: dqn
Step: 4984832 | EPS: 0.02 | Rew: 22.81 | FPS: 7509.7 | Var: dqn
Step: 4985856 | EPS: 0.02 | Rew: 22.17 | FPS: 8856.1 | Var: dqn
Step: 4986880 | EPS: 0.02 | Rew: 22.24 | FPS: 9052.2 | Var: dqn
Step: 4987904 | EPS: 0.02 | Rew: 22.87 | FPS: 9109.4 | Var: dqn
Step: 4988928 | EPS: 0.02 | Rew: 22.69 | FPS: 8536.5 | Var: dqn
Step: 4989952 | EPS: 0.02 | Rew: 22.62 | FPS: 7632.2 | Var: dqn
Step: 4990976 | EPS: 0.02 | Rew: 22.76 | FPS: 8538.3 | Var: dqn
Step: 4992000 | EPS: 0.02 | Rew: 23.30 | FPS: 9119.3 | Var: dqn
Step: 4993024 | EPS: 0.02 | Rew: 23.05 | FPS: 9290.7 | Var: dqn
Step: 4994048 | EPS: 0.02 | Rew: 23.05 | FPS: 8575.6 | Var: dqn
Step: 4995072 | EPS: 0.02 | Rew: 23.25 | FPS: 9027.1 | Var: dqn
Step: 4996096 | EPS: 0.02 | Rew: 23.11 | FPS: 8726.9 | Var: dqn
Step: 4997120 | EPS: 0.02 | Rew: 22.63 | FPS: 9079.8 | Var: dqn
Step: 4998144 | EPS: 0.02 | Rew: 23.69 | FPS: 9457.0 | Var: dqn
Step: 4999168 | EPS: 0.02 | Rew: 24.09 | FPS: 8816.3 | Var: dqn
>>> [Final] Saved -> agent/checkpoints/dqn_pretrain.final.pth
>>> [Curriculum] Phase completed successfully.

>>> [Curriculum] Starting Phase: 2. Fine-tuning (Battle Mode) -> agent/checkpoints/dqn_battle.pth
>>> Command: train_dqn_variants.py --variant dqn --load agent/checkpoints/dqn_pretrain.final.pth --steps 3000000 --save agent/checkpoints/dqn_battle.pth --num-envs 32 --sp-prob-start 0.7 --sp-prob-end 0.4 --sp-prob-frac 0.3 --finetune-lr-mult 0.35
>>> [V8.0 Asymmetric-Tuning] Variant: DQN | LR: 0.0001 | Tau: 0.002 | GradClip: 0.5 | Buf: 200000
>>> [Explore] eps_start=0.60 eps_min=0.05 | [SelfPlay] prob=0.70->0.40 @ 0.30
>>> [V9.0 Battle] PHASE 2 | Kill: 2.0 | FoodDensity: 2
>>> [V18.3 Turbo] Initializing 32 Parallel Environments...
>>> [V18.3 Turbo] Environments Ready.
>>> Loading weights from agent/checkpoints/dqn_pretrain.final.pth...
>>> [V22.0] Fine-tuning mode: Lowered LR to 3.50e-05
>>> [DQN-Turbo] torch.compile() enabled.
>>> [V13.3 Heartbeat] Setup Finished. Buffer: 200000 | Device: cuda
>>> Starting DQN Training (V21.0 Flash-Batch)...
skipping cudagraphs due to graph with symbolic shapes inputs and config.triton.cudagraph_skip_dynamic_graphs=True. Found from   File "/root/user/cs_tcci_hufuguang/machine/machineLearingCourseDevise/agent/ddqn.py", line 51, in forward
    cnn_feat = self.conv(grid)


Step: 1024 | EPS: 0.60 | Rew: 0.60 | Win%: 47.6 | S0: 272.4 | FPS: 54.8 | Var: dqn
>>> [Best] Saved -> agent/checkpoints/dqn_battle.pth | Win% 47.6 | S0 272.4
Step: 2048 | EPS: 0.60 | Rew: 0.14 | Win%: 35.9 | S0: 223.3 | FPS: 115.0 | Var: dqn
Step: 3072 | EPS: 0.60 | Rew: -0.17 | Win%: 29.5 | S0: 179.0 | FPS: 147.0 | Var: dqn
Step: 4096 | EPS: 0.60 | Rew: -0.41 | Win%: 24.1 | S0: 145.4 | FPS: 310.7 | Var: dqn
Step: 5120 | EPS: 0.60 | Rew: -0.50 | Win%: 23.0 | S0: 132.3 | FPS: 388.5 | Var: dqn
Step: 6144 | EPS: 0.60 | Rew: -0.76 | Win%: 21.8 | S0: 132.4 | FPS: 2117.9 | Var: dqn
Step: 7168 | EPS: 0.60 | Rew: -0.96 | Win%: 19.3 | S0: 120.1 | FPS: 258.2 | Var: dqn
Step: 8192 | EPS: 0.60 | Rew: -1.08 | Win%: 17.5 | S0: 113.1 | FPS: 2163.6 | Var: dqn
Step: 9216 | EPS: 0.60 | Rew: -0.97 | Win%: 17.3 | S0: 113.8 | FPS: 881.9 | Var: dqn
Step: 10240 | EPS: 0.60 | Rew: -1.00 | Win%: 16.8 | S0: 111.8 | FPS: 2140.0 | Var: dqn
Step: 11264 | EPS: 0.60 | Rew: -1.02 | Win%: 15.0 | S0: 107.0 | FPS: 2132.3 | Var: dqn
Step: 12288 | EPS: 0.60 | Rew: -1.00 | Win%: 11.0 | S0: 86.8 | FPS: 2001.3 | Var: dqn
Step: 13312 | EPS: 0.60 | Rew: -0.81 | Win%: 11.0 | S0: 85.2 | FPS: 1928.9 | Var: dqn
Step: 14336 | EPS: 0.60 | Rew: -0.86 | Win%: 11.5 | S0: 85.8 | FPS: 306.1 | Var: dqn
Step: 15360 | EPS: 0.60 | Rew: -0.91 | Win%: 12.5 | S0: 92.5 | FPS: 257.5 | Var: dqn
Step: 16384 | EPS: 0.60 | Rew: -0.83 | Win%: 11.0 | S0: 94.0 | FPS: 2200.6 | Var: dqn
Step: 17408 | EPS: 0.60 | Rew: -0.95 | Win%: 10.0 | S0: 86.7 | FPS: 855.2 | Var: dqn
Step: 18432 | EPS: 0.60 | Rew: -1.00 | Win%: 11.0 | S0: 92.0 | FPS: 2173.5 | Var: dqn
Step: 19456 | EPS: 0.60 | Rew: -1.00 | Win%: 11.0 | S0: 83.8 | FPS: 1724.1 | Var: dqn
Step: 20480 | EPS: 0.60 | Rew: -0.84 | Win%: 12.0 | S0: 88.8 | FPS: 2029.8 | Var: dqn
Step: 21504 | EPS: 0.60 | Rew: -0.84 | Win%: 12.5 | S0: 88.7 | FPS: 2566.4 | Var: dqn
Step: 22528 | EPS: 0.60 | Rew: -0.70 | Win%: 13.5 | S0: 90.2 | FPS: 2249.5 | Var: dqn
Step: 23552 | EPS: 0.60 | Rew: -0.67 | Win%: 14.0 | S0: 95.4 | FPS: 2137.2 | Var: dqn
Step: 24576 | EPS: 0.59 | Rew: -0.76 | Win%: 12.5 | S0: 90.4 | FPS: 2017.7 | Var: dqn
Step: 25600 | EPS: 0.59 | Rew: -0.68 | Win%: 13.0 | S0: 93.2 | FPS: 2048.5 | Var: dqn
Step: 26624 | EPS: 0.59 | Rew: -0.89 | Win%: 12.0 | S0: 87.5 | FPS: 2238.7 | Var: dqn
Step: 27648 | EPS: 0.59 | Rew: -0.99 | Win%: 11.5 | S0: 83.7 | FPS: 1935.5 | Var: dqn
Step: 28672 | EPS: 0.59 | Rew: -0.99 | Win%: 12.5 | S0: 100.1 | FPS: 2110.2 | Var: dqn
Step: 29696 | EPS: 0.59 | Rew: -1.10 | Win%: 12.5 | S0: 97.9 | FPS: 2220.9 | Var: dqn
Step: 30720 | EPS: 0.59 | Rew: -1.14 | Win%: 11.0 | S0: 95.5 | FPS: 2027.8 | Var: dqn
Step: 31744 | EPS: 0.59 | Rew: -1.17 | Win%: 11.0 | S0: 97.2 | FPS: 2134.6 | Var: dqn
Step: 32768 | EPS: 0.59 | Rew: -1.04 | Win%: 9.5 | S0: 93.7 | FPS: 1896.7 | Var: dqn
Step: 33792 | EPS: 0.59 | Rew: -0.97 | Win%: 9.5 | S0: 98.2 | FPS: 2055.2 | Var: dqn
Step: 34816 | EPS: 0.59 | Rew: -0.92 | Win%: 10.5 | S0: 98.1 | FPS: 2001.5 | Var: dqn
Step: 35840 | EPS: 0.59 | Rew: -0.91 | Win%: 10.5 | S0: 92.7 | FPS: 1852.6 | Var: dqn
Step: 36864 | EPS: 0.59 | Rew: -0.81 | Win%: 11.5 | S0: 94.0 | FPS: 2076.7 | Var: dqn
Step: 37888 | EPS: 0.59 | Rew: -0.83 | Win%: 11.0 | S0: 95.6 | FPS: 2228.9 | Var: dqn
Step: 38912 | EPS: 0.59 | Rew: -0.94 | Win%: 12.0 | S0: 99.0 | FPS: 2171.5 | Var: dqn
Step: 39936 | EPS: 0.59 | Rew: -1.28 | Win%: 11.5 | S0: 91.1 | FPS: 2007.5 | Var: dqn
Step: 40960 | EPS: 0.59 | Rew: -1.42 | Win%: 11.5 | S0: 87.2 | FPS: 2219.8 | Var: dqn
Step: 41984 | EPS: 0.59 | Rew: -1.41 | Win%: 12.0 | S0: 97.7 | FPS: 2200.1 | Var: dqn
Step: 43008 | EPS: 0.59 | Rew: -1.40 | Win%: 12.5 | S0: 101.8 | FPS: 1962.6 | Var: dqn
Step: 44032 | EPS: 0.59 | Rew: -1.33 | Win%: 12.5 | S0: 100.2 | FPS: 2139.1 | Var: dqn
Step: 45056 | EPS: 0.59 | Rew: -1.31 | Win%: 12.5 | S0: 99.8 | FPS: 2061.1 | Var: dqn
Step: 46080 | EPS: 0.59 | Rew: -1.13 | Win%: 12.5 | S0: 92.6 | FPS: 1922.5 | Var: dqn
Step: 47104 | EPS: 0.59 | Rew: -1.09 | Win%: 11.5 | S0: 91.2 | FPS: 1878.8 | Var: dqn
Step: 48128 | EPS: 0.59 | Rew: -1.07 | Win%: 10.5 | S0: 89.0 | FPS: 1969.4 | Var: dqn
Step: 49152 | EPS: 0.59 | Rew: -1.12 | Win%: 10.0 | S0: 89.7 | FPS: 1929.8 | Var: dqn
Step: 50176 | EPS: 0.59 | Rew: -1.21 | Win%: 10.5 | S0: 87.3 | FPS: 881.3 | Var: dqn
Step: 51200 | EPS: 0.59 | Rew: -1.14 | Win%: 9.0 | S0: 86.9 | FPS: 392.3 | Var: dqn
Step: 52224 | EPS: 0.59 | Rew: -1.14 | Win%: 10.0 | S0: 88.4 | FPS: 2003.4 | Var: dqn
Step: 53248 | EPS: 0.59 | Rew: -1.09 | Win%: 10.5 | S0: 90.0 | FPS: 1851.7 | Var: dqn
Step: 54272 | EPS: 0.59 | Rew: -1.12 | Win%: 11.0 | S0: 91.5 | FPS: 2169.1 | Var: dqn
Step: 55296 | EPS: 0.59 | Rew: -1.24 | Win%: 10.0 | S0: 79.5 | FPS: 2096.3 | Var: dqn
Step: 56320 | EPS: 0.59 | Rew: -1.22 | Win%: 10.5 | S0: 78.9 | FPS: 2152.9 | Var: dqn
Step: 57344 | EPS: 0.59 | Rew: -1.29 | Win%: 10.0 | S0: 76.8 | FPS: 1892.0 | Var: dqn
Step: 58368 | EPS: 0.59 | Rew: -1.30 | Win%: 10.0 | S0: 74.8 | FPS: 2246.1 | Var: dqn
Step: 59392 | EPS: 0.59 | Rew: -1.35 | Win%: 10.0 | S0: 72.7 | FPS: 1983.7 | Var: dqn
Step: 60416 | EPS: 0.59 | Rew: -1.49 | Win%: 10.0 | S0: 74.4 | FPS: 1971.8 | Var: dqn
Step: 61440 | EPS: 0.59 | Rew: -1.54 | Win%: 9.0 | S0: 71.1 | FPS: 520.9 | Var: dqn
Step: 62464 | EPS: 0.59 | Rew: -1.54 | Win%: 9.5 | S0: 75.2 | FPS: 2155.7 | Var: dqn
Step: 63488 | EPS: 0.59 | Rew: -1.64 | Win%: 9.0 | S0: 70.5 | FPS: 1710.5 | Var: dqn
Step: 64512 | EPS: 0.59 | Rew: -1.68 | Win%: 9.0 | S0: 73.1 | FPS: 2035.9 | Var: dqn
Step: 65536 | EPS: 0.59 | Rew: -1.62 | Win%: 9.0 | S0: 72.0 | FPS: 1984.4 | Var: dqn
Step: 66560 | EPS: 0.59 | Rew: -1.69 | Win%: 8.0 | S0: 70.9 | FPS: 1981.7 | Var: dqn
Step: 67584 | EPS: 0.59 | Rew: -1.78 | Win%: 8.0 | S0: 72.5 | FPS: 2046.7 | Var: dqn
Step: 68608 | EPS: 0.59 | Rew: -1.72 | Win%: 8.0 | S0: 66.0 | FPS: 1735.7 | Var: dqn
Step: 69632 | EPS: 0.59 | Rew: -1.77 | Win%: 8.0 | S0: 66.9 | FPS: 1937.9 | Var: dqn
Step: 70656 | EPS: 0.59 | Rew: -1.72 | Win%: 8.5 | S0: 68.3 | FPS: 2015.7 | Var: dqn
Step: 71680 | EPS: 0.59 | Rew: -1.80 | Win%: 7.5 | S0: 65.5 | FPS: 1746.8 | Var: dqn
Step: 72704 | EPS: 0.59 | Rew: -1.84 | Win%: 8.0 | S0: 66.4 | FPS: 2139.9 | Var: dqn
Step: 73728 | EPS: 0.58 | Rew: -1.84 | Win%: 7.5 | S0: 64.8 | FPS: 1938.7 | Var: dqn
Step: 74752 | EPS: 0.58 | Rew: -1.99 | Win%: 7.5 | S0: 63.1 | FPS: 2024.8 | Var: dqn
Step: 75776 | EPS: 0.58 | Rew: -1.92 | Win%: 7.0 | S0: 63.9 | FPS: 1979.3 | Var: dqn
Step: 76800 | EPS: 0.58 | Rew: -1.72 | Win%: 8.0 | S0: 68.8 | FPS: 2052.5 | Var: dqn
Step: 77824 | EPS: 0.58 | Rew: -1.68 | Win%: 7.0 | S0: 66.4 | FPS: 1879.7 | Var: dqn
Step: 78848 | EPS: 0.58 | Rew: -1.76 | Win%: 7.0 | S0: 67.3 | FPS: 2058.5 | Var: dqn
Step: 79872 | EPS: 0.58 | Rew: -1.79 | Win%: 7.5 | S0: 68.1 | FPS: 1873.9 | Var: dqn
Step: 80896 | EPS: 0.58 | Rew: -1.76 | Win%: 8.0 | S0: 67.3 | FPS: 1862.9 | Var: dqn
Step: 81920 | EPS: 0.58 | Rew: -1.80 | Win%: 8.0 | S0: 65.0 | FPS: 1810.7 | Var: dqn
Step: 82944 | EPS: 0.58 | Rew: -1.65 | Win%: 8.0 | S0: 66.5 | FPS: 2044.9 | Var: dqn
Step: 83968 | EPS: 0.58 | Rew: -1.97 | Win%: 8.5 | S0: 70.5 | FPS: 1936.7 | Var: dqn
Step: 84992 | EPS: 0.58 | Rew: -1.95 | Win%: 8.5 | S0: 68.8 | FPS: 2222.2 | Var: dqn
Step: 86016 | EPS: 0.58 | Rew: -1.91 | Win%: 9.0 | S0: 70.2 | FPS: 2111.8 | Var: dqn
Step: 87040 | EPS: 0.58 | Rew: -1.86 | Win%: 9.0 | S0: 68.0 | FPS: 2158.2 | Var: dqn
Step: 88064 | EPS: 0.58 | Rew: -1.98 | Win%: 9.5 | S0: 68.5 | FPS: 1933.5 | Var: dqn
Step: 89088 | EPS: 0.58 | Rew: -1.90 | Win%: 10.5 | S0: 72.6 | FPS: 1704.6 | Var: dqn
Step: 90112 | EPS: 0.58 | Rew: -1.83 | Win%: 11.0 | S0: 74.1 | FPS: 2007.8 | Var: dqn
Step: 91136 | EPS: 0.58 | Rew: -1.80 | Win%: 10.5 | S0: 72.0 | FPS: 1866.6 | Var: dqn
Step: 92160 | EPS: 0.58 | Rew: -1.78 | Win%: 10.5 | S0: 71.9 | FPS: 2505.7 | Var: dqn
Step: 93184 | EPS: 0.58 | Rew: -1.78 | Win%: 11.5 | S0: 73.3 | FPS: 1872.4 | Var: dqn
Step: 94208 | EPS: 0.58 | Rew: -1.75 | Win%: 11.5 | S0: 73.0 | FPS: 1722.6 | Var: dqn
Step: 95232 | EPS: 0.58 | Rew: -1.76 | Win%: 11.0 | S0: 71.5 | FPS: 2043.4 | Var: dqn
Step: 96256 | EPS: 0.58 | Rew: -1.64 | Win%: 10.5 | S0: 69.4 | FPS: 2062.1 | Var: dqn
Step: 97280 | EPS: 0.58 | Rew: -2.02 | Win%: 11.5 | S0: 74.0 | FPS: 2135.0 | Var: dqn
Step: 98304 | EPS: 0.58 | Rew: -2.31 | Win%: 12.0 | S0: 75.7 | FPS: 2337.3 | Var: dqn
Step: 99328 | EPS: 0.58 | Rew: -2.22 | Win%: 11.5 | S0: 74.2 | FPS: 2193.7 | Var: dqn
Step: 100352 | EPS: 0.58 | Rew: -2.36 | Win%: 11.0 | S0: 71.7 | FPS: 2076.5 | Var: dqn
Step: 101376 | EPS: 0.58 | Rew: -2.61 | Win%: 11.0 | S0: 70.8 | FPS: 952.8 | Var: dqn
Step: 102400 | EPS: 0.58 | Rew: -2.60 | Win%: 10.0 | S0: 68.9 | FPS: 2011.6 | Var: dqn
Step: 103424 | EPS: 0.58 | Rew: -2.47 | Win%: 10.5 | S0: 74.2 | FPS: 1958.0 | Var: dqn
Step: 104448 | EPS: 0.58 | Rew: -2.65 | Win%: 10.5 | S0: 75.3 | FPS: 1683.8 | Var: dqn
Step: 105472 | EPS: 0.58 | Rew: -2.36 | Win%: 11.0 | S0: 76.2 | FPS: 2096.4 | Var: dqn
Step: 106496 | EPS: 0.58 | Rew: -1.98 | Win%: 10.5 | S0: 76.0 | FPS: 1946.0 | Var: dqn
Step: 107520 | EPS: 0.58 | Rew: -1.94 | Win%: 10.5 | S0: 81.7 | FPS: 1993.3 | Var: dqn
Step: 108544 | EPS: 0.58 | Rew: -1.86 | Win%: 11.0 | S0: 85.5 | FPS: 1894.1 | Var: dqn
Step: 109568 | EPS: 0.58 | Rew: -1.54 | Win%: 10.5 | S0: 80.7 | FPS: 1909.7 | Var: dqn
Step: 110592 | EPS: 0.58 | Rew: -1.51 | Win%: 9.5 | S0: 79.3 | FPS: 2046.4 | Var: dqn
Step: 111616 | EPS: 0.58 | Rew: -1.59 | Win%: 9.0 | S0: 81.1 | FPS: 2226.7 | Var: dqn
Step: 112640 | EPS: 0.58 | Rew: -1.40 | Win%: 9.5 | S0: 86.5 | FPS: 2078.9 | Var: dqn
Step: 113664 | EPS: 0.58 | Rew: -1.48 | Win%: 9.5 | S0: 85.9 | FPS: 2023.6 | Var: dqn
Step: 114688 | EPS: 0.58 | Rew: -1.54 | Win%: 9.5 | S0: 83.6 | FPS: 2036.8 | Var: dqn
Step: 115712 | EPS: 0.58 | Rew: -1.42 | Win%: 10.0 | S0: 87.2 | FPS: 1788.9 | Var: dqn
Step: 116736 | EPS: 0.58 | Rew: -1.62 | Win%: 9.5 | S0: 85.2 | FPS: 1919.8 | Var: dqn
Step: 117760 | EPS: 0.58 | Rew: -1.43 | Win%: 9.5 | S0: 85.7 | FPS: 2022.3 | Var: dqn
Step: 118784 | EPS: 0.58 | Rew: -1.40 | Win%: 10.0 | S0: 86.8 | FPS: 2172.5 | Var: dqn
Step: 119808 | EPS: 0.58 | Rew: -1.46 | Win%: 11.0 | S0: 88.7 | FPS: 2085.3 | Var: dqn
Step: 120832 | EPS: 0.58 | Rew: -1.48 | Win%: 10.5 | S0: 86.2 | FPS: 2124.4 | Var: dqn
Step: 121856 | EPS: 0.58 | Rew: -1.67 | Win%: 11.0 | S0: 84.2 | FPS: 2087.3 | Var: dqn
Step: 122880 | EPS: 0.57 | Rew: -1.67 | Win%: 10.0 | S0: 79.2 | FPS: 1730.9 | Var: dqn
Step: 123904 | EPS: 0.57 | Rew: -1.74 | Win%: 10.5 | S0: 78.2 | FPS: 2116.8 | Var: dqn
Step: 124928 | EPS: 0.57 | Rew: -1.83 | Win%: 9.5 | S0: 71.7 | FPS: 1958.8 | Var: dqn
Step: 125952 | EPS: 0.57 | Rew: -1.69 | Win%: 9.0 | S0: 68.2 | FPS: 1667.2 | Var: dqn
Step: 126976 | EPS: 0.57 | Rew: -1.92 | Win%: 9.0 | S0: 66.8 | FPS: 1552.4 | Var: dqn
Step: 128000 | EPS: 0.57 | Rew: -1.98 | Win%: 8.5 | S0: 63.7 | FPS: 2007.3 | Var: dqn
Step: 129024 | EPS: 0.57 | Rew: -1.71 | Win%: 9.5 | S0: 67.0 | FPS: 1970.4 | Var: dqn
Step: 130048 | EPS: 0.57 | Rew: -1.58 | Win%: 11.0 | S0: 71.0 | FPS: 1947.6 | Var: dqn
Step: 131072 | EPS: 0.57 | Rew: -1.58 | Win%: 11.5 | S0: 74.3 | FPS: 1911.9 | Var: dqn
Step: 132096 | EPS: 0.57 | Rew: -1.53 | Win%: 10.5 | S0: 74.3 | FPS: 2054.3 | Var: dqn
Step: 133120 | EPS: 0.57 | Rew: -1.53 | Win%: 11.0 | S0: 77.3 | FPS: 1956.2 | Var: dqn
Step: 134144 | EPS: 0.57 | Rew: -1.17 | Win%: 12.5 | S0: 83.4 | FPS: 1695.5 | Var: dqn
Step: 135168 | EPS: 0.57 | Rew: -1.29 | Win%: 12.0 | S0: 84.0 | FPS: 1862.1 | Var: dqn
Step: 136192 | EPS: 0.57 | Rew: -1.46 | Win%: 11.5 | S0: 81.7 | FPS: 1807.3 | Var: dqn
Step: 137216 | EPS: 0.57 | Rew: -1.50 | Win%: 12.0 | S0: 87.5 | FPS: 1841.2 | Var: dqn
Step: 138240 | EPS: 0.57 | Rew: -1.59 | Win%: 11.5 | S0: 90.2 | FPS: 1587.7 | Var: dqn
Step: 139264 | EPS: 0.57 | Rew: -1.45 | Win%: 12.5 | S0: 97.2 | FPS: 1900.4 | Var: dqn
Step: 140288 | EPS: 0.57 | Rew: -1.47 | Win%: 13.0 | S0: 102.5 | FPS: 2020.5 | Var: dqn
Step: 141312 | EPS: 0.57 | Rew: -1.49 | Win%: 13.5 | S0: 106.0 | FPS: 1834.6 | Var: dqn
Step: 142336 | EPS: 0.57 | Rew: -1.34 | Win%: 14.5 | S0: 111.2 | FPS: 2024.7 | Var: dqn
Step: 143360 | EPS: 0.57 | Rew: -1.09 | Win%: 14.5 | S0: 115.4 | FPS: 1886.8 | Var: dqn
Step: 144384 | EPS: 0.57 | Rew: -0.96 | Win%: 12.0 | S0: 109.0 | FPS: 1784.2 | Var: dqn
Step: 145408 | EPS: 0.57 | Rew: -0.95 | Win%: 12.5 | S0: 107.4 | FPS: 1816.9 | Var: dqn
Step: 146432 | EPS: 0.57 | Rew: -1.14 | Win%: 12.0 | S0: 105.8 | FPS: 2156.0 | Var: dqn
Step: 147456 | EPS: 0.57 | Rew: -1.28 | Win%: 11.0 | S0: 102.3 | FPS: 1884.9 | Var: dqn
Step: 148480 | EPS: 0.57 | Rew: -1.29 | Win%: 11.0 | S0: 101.3 | FPS: 1952.6 | Var: dqn
Step: 149504 | EPS: 0.57 | Rew: -1.37 | Win%: 9.5 | S0: 97.7 | FPS: 2198.2 | Var: dqn
Step: 150528 | EPS: 0.57 | Rew: -1.45 | Win%: 8.5 | S0: 92.0 | FPS: 2090.2 | Var: dqn
Step: 151552 | EPS: 0.57 | Rew: -1.51 | Win%: 8.5 | S0: 89.2 | FPS: 1979.7 | Var: dqn
Step: 152576 | EPS: 0.57 | Rew: -1.55 | Win%: 10.0 | S0: 96.0 | FPS: 1843.8 | Var: dqn
Step: 153600 | EPS: 0.57 | Rew: -1.58 | Win%: 9.5 | S0: 91.8 | FPS: 1885.8 | Var: dqn
Step: 154624 | EPS: 0.57 | Rew: -1.37 | Win%: 8.5 | S0: 85.3 | FPS: 2035.6 | Var: dqn
Step: 155648 | EPS: 0.57 | Rew: -1.23 | Win%: 8.5 | S0: 87.5 | FPS: 2022.9 | Var: dqn
Step: 156672 | EPS: 0.57 | Rew: -1.06 | Win%: 8.0 | S0: 92.6 | FPS: 2027.7 | Var: dqn
Step: 157696 | EPS: 0.57 | Rew: -1.04 | Win%: 6.5 | S0: 79.5 | FPS: 1842.2 | Var: dqn
Step: 158720 | EPS: 0.57 | Rew: -1.00 | Win%: 7.5 | S0: 83.0 | FPS: 2043.2 | Var: dqn
Step: 159744 | EPS: 0.57 | Rew: -0.90 | Win%: 7.5 | S0: 84.7 | FPS: 2022.7 | Var: dqn
Step: 160768 | EPS: 0.57 | Rew: -0.86 | Win%: 8.5 | S0: 91.5 | FPS: 2009.8 | Var: dqn
Step: 161792 | EPS: 0.57 | Rew: -0.88 | Win%: 8.5 | S0: 91.5 | FPS: 2362.8 | Var: dqn
Step: 162816 | EPS: 0.57 | Rew: -0.89 | Win%: 10.5 | S0: 97.7 | FPS: 2007.7 | Var: dqn
Step: 163840 | EPS: 0.57 | Rew: -0.96 | Win%: 11.0 | S0: 97.2 | FPS: 2072.0 | Var: dqn
Step: 164864 | EPS: 0.57 | Rew: -1.11 | Win%: 11.5 | S0: 98.8 | FPS: 1804.2 | Var: dqn
Step: 165888 | EPS: 0.57 | Rew: -1.21 | Win%: 11.0 | S0: 101.0 | FPS: 2023.1 | Var: dqn
Step: 166912 | EPS: 0.57 | Rew: -1.24 | Win%: 10.5 | S0: 99.0 | FPS: 1679.2 | Var: dqn
Step: 167936 | EPS: 0.57 | Rew: -1.34 | Win%: 11.0 | S0: 103.9 | FPS: 1913.6 | Var: dqn
Step: 168960 | EPS: 0.57 | Rew: -1.27 | Win%: 12.5 | S0: 104.4 | FPS: 1897.0 | Var: dqn
Step: 169984 | EPS: 0.57 | Rew: -1.29 | Win%: 13.0 | S0: 105.3 | FPS: 1838.6 | Var: dqn
Step: 171008 | EPS: 0.57 | Rew: -1.33 | Win%: 10.5 | S0: 94.1 | FPS: 1774.0 | Var: dqn
Step: 172032 | EPS: 0.56 | Rew: -1.24 | Win%: 11.0 | S0: 101.3 | FPS: 2056.3 | Var: dqn
Step: 173056 | EPS: 0.56 | Rew: -1.13 | Win%: 12.0 | S0: 100.5 | FPS: 2014.3 | Var: dqn
Step: 174080 | EPS: 0.56 | Rew: -1.09 | Win%: 12.0 | S0: 105.3 | FPS: 2001.5 | Var: dqn
Step: 175104 | EPS: 0.56 | Rew: -1.01 | Win%: 12.0 | S0: 106.0 | FPS: 1959.9 | Var: dqn
Step: 176128 | EPS: 0.56 | Rew: -1.13 | Win%: 11.5 | S0: 101.3 | FPS: 1692.7 | Var: dqn
Step: 177152 | EPS: 0.56 | Rew: -1.47 | Win%: 11.5 | S0: 100.8 | FPS: 2143.9 | Var: dqn
Step: 178176 | EPS: 0.56 | Rew: -1.60 | Win%: 10.0 | S0: 94.2 | FPS: 1863.4 | Var: dqn
Step: 179200 | EPS: 0.56 | Rew: -1.66 | Win%: 10.0 | S0: 93.2 | FPS: 1815.7 | Var: dqn
Step: 180224 | EPS: 0.56 | Rew: -1.60 | Win%: 10.0 | S0: 95.5 | FPS: 1758.1 | Var: dqn
Step: 181248 | EPS: 0.56 | Rew: -1.62 | Win%: 10.5 | S0: 95.2 | FPS: 2066.7 | Var: dqn
Step: 182272 | EPS: 0.56 | Rew: -1.67 | Win%: 10.0 | S0: 91.0 | FPS: 1847.5 | Var: dqn
Step: 183296 | EPS: 0.56 | Rew: -1.69 | Win%: 10.5 | S0: 96.5 | FPS: 1925.9 | Var: dqn
Step: 184320 | EPS: 0.56 | Rew: -1.29 | Win%: 10.0 | S0: 97.3 | FPS: 2096.3 | Var: dqn
Step: 185344 | EPS: 0.56 | Rew: -1.11 | Win%: 11.5 | S0: 100.0 | FPS: 3093.5 | Var: dqn
Step: 186368 | EPS: 0.56 | Rew: -1.06 | Win%: 11.5 | S0: 97.3 | FPS: 2057.4 | Var: dqn
Step: 187392 | EPS: 0.56 | Rew: -1.17 | Win%: 10.5 | S0: 92.5 | FPS: 1771.4 | Var: dqn
Step: 188416 | EPS: 0.56 | Rew: -1.14 | Win%: 9.0 | S0: 88.1 | FPS: 1868.4 | Var: dqn
Step: 189440 | EPS: 0.56 | Rew: -1.23 | Win%: 8.5 | S0: 81.7 | FPS: 1852.6 | Var: dqn
Step: 190464 | EPS: 0.56 | Rew: -1.25 | Win%: 7.5 | S0: 75.8 | FPS: 1731.6 | Var: dqn
Step: 191488 | EPS: 0.56 | Rew: -1.27 | Win%: 7.5 | S0: 76.2 | FPS: 1657.9 | Var: dqn
Step: 192512 | EPS: 0.56 | Rew: -1.47 | Win%: 8.0 | S0: 79.8 | FPS: 1941.5 | Var: dqn
Step: 193536 | EPS: 0.56 | Rew: -1.51 | Win%: 8.0 | S0: 80.2 | FPS: 1888.3 | Var: dqn
Step: 194560 | EPS: 0.56 | Rew: -1.60 | Win%: 7.5 | S0: 76.2 | FPS: 1770.2 | Var: dqn
Step: 195584 | EPS: 0.56 | Rew: -1.62 | Win%: 6.5 | S0: 75.1 | FPS: 2258.6 | Var: dqn
Step: 196608 | EPS: 0.56 | Rew: -1.67 | Win%: 6.5 | S0: 73.2 | FPS: 2005.3 | Var: dqn
Step: 197632 | EPS: 0.56 | Rew: -1.70 | Win%: 5.0 | S0: 66.0 | FPS: 1870.6 | Var: dqn
Step: 198656 | EPS: 0.56 | Rew: -1.68 | Win%: 6.0 | S0: 67.8 | FPS: 1935.0 | Var: dqn
Step: 199680 | EPS: 0.56 | Rew: -1.49 | Win%: 5.0 | S0: 67.2 | FPS: 1606.5 | Var: dqn
Step: 200704 | EPS: 0.56 | Rew: -1.49 | Win%: 4.5 | S0: 67.2 | FPS: 1692.9 | Var: dqn
Step: 201728 | EPS: 0.56 | Rew: -1.57 | Win%: 5.0 | S0: 66.2 | FPS: 1949.5 | Var: dqn
Step: 202752 | EPS: 0.56 | Rew: -1.36 | Win%: 5.0 | S0: 69.2 | FPS: 1640.4 | Var: dqn
Step: 203776 | EPS: 0.56 | Rew: -1.22 | Win%: 6.0 | S0: 72.5 | FPS: 1943.4 | Var: dqn
Step: 204800 | EPS: 0.56 | Rew: -1.10 | Win%: 7.5 | S0: 78.8 | FPS: 1976.2 | Var: dqn
Step: 205824 | EPS: 0.56 | Rew: -1.09 | Win%: 8.0 | S0: 79.5 | FPS: 1884.7 | Var: dqn
Step: 206848 | EPS: 0.56 | Rew: -1.08 | Win%: 8.5 | S0: 80.0 | FPS: 2429.3 | Var: dqn
Step: 207872 | EPS: 0.56 | Rew: -1.17 | Win%: 8.0 | S0: 77.8 | FPS: 2325.2 | Var: dqn
Step: 208896 | EPS: 0.56 | Rew: -1.16 | Win%: 7.5 | S0: 77.5 | FPS: 1618.7 | Var: dqn
Step: 209920 | EPS: 0.56 | Rew: -1.46 | Win%: 7.5 | S0: 75.2 | FPS: 1802.0 | Var: dqn
Step: 210944 | EPS: 0.56 | Rew: -1.48 | Win%: 7.5 | S0: 73.0 | FPS: 1781.0 | Var: dqn
Step: 211968 | EPS: 0.56 | Rew: -1.43 | Win%: 8.5 | S0: 83.0 | FPS: 1957.2 | Var: dqn
Step: 212992 | EPS: 0.56 | Rew: -1.57 | Win%: 8.5 | S0: 81.3 | FPS: 1786.5 | Var: dqn
Step: 214016 | EPS: 0.56 | Rew: -1.59 | Win%: 7.5 | S0: 78.0 | FPS: 1912.5 | Var: dqn
Step: 215040 | EPS: 0.56 | Rew: -1.56 | Win%: 8.0 | S0: 81.8 | FPS: 2005.4 | Var: dqn
Step: 216064 | EPS: 0.56 | Rew: -1.34 | Win%: 10.0 | S0: 91.5 | FPS: 2003.9 | Var: dqn
Step: 217088 | EPS: 0.56 | Rew: -1.20 | Win%: 10.0 | S0: 94.6 | FPS: 2026.5 | Var: dqn
Step: 218112 | EPS: 0.56 | Rew: -0.94 | Win%: 10.5 | S0: 100.2 | FPS: 1734.9 | Var: dqn
Step: 219136 | EPS: 0.56 | Rew: -0.94 | Win%: 10.5 | S0: 100.0 | FPS: 1804.7 | Var: dqn
Step: 220160 | EPS: 0.56 | Rew: -0.77 | Win%: 11.0 | S0: 97.2 | FPS: 1937.6 | Var: dqn
Step: 221184 | EPS: 0.55 | Rew: -0.92 | Win%: 9.5 | S0: 90.8 | FPS: 2006.1 | Var: dqn
Step: 222208 | EPS: 0.55 | Rew: -0.88 | Win%: 9.0 | S0: 90.6 | FPS: 1842.2 | Var: dqn
Step: 223232 | EPS: 0.55 | Rew: -1.06 | Win%: 10.0 | S0: 95.2 | FPS: 1656.2 | Var: dqn
Step: 224256 | EPS: 0.55 | Rew: -1.04 | Win%: 10.5 | S0: 95.1 | FPS: 1967.9 | Var: dqn
Step: 225280 | EPS: 0.55 | Rew: -1.23 | Win%: 10.5 | S0: 96.2 | FPS: 1889.1 | Var: dqn
Step: 226304 | EPS: 0.55 | Rew: -1.34 | Win%: 10.0 | S0: 94.2 | FPS: 1865.2 | Var: dqn
Step: 227328 | EPS: 0.55 | Rew: -1.36 | Win%: 9.5 | S0: 89.7 | FPS: 1880.8 | Var: dqn
Step: 228352 | EPS: 0.55 | Rew: -1.37 | Win%: 10.0 | S0: 89.2 | FPS: 1823.1 | Var: dqn
Step: 229376 | EPS: 0.55 | Rew: -1.40 | Win%: 10.5 | S0: 90.0 | FPS: 1932.2 | Var: dqn
Step: 230400 | EPS: 0.55 | Rew: -1.40 | Win%: 9.5 | S0: 84.0 | FPS: 1916.1 | Var: dqn
Step: 231424 | EPS: 0.55 | Rew: -1.40 | Win%: 9.5 | S0: 84.4 | FPS: 1893.3 | Var: dqn
Step: 232448 | EPS: 0.55 | Rew: -1.37 | Win%: 8.5 | S0: 79.4 | FPS: 1961.4 | Var: dqn
Step: 233472 | EPS: 0.55 | Rew: -1.45 | Win%: 9.5 | S0: 79.0 | FPS: 2152.4 | Var: dqn
Step: 234496 | EPS: 0.55 | Rew: -1.36 | Win%: 9.0 | S0: 75.2 | FPS: 1982.3 | Var: dqn
Step: 235520 | EPS: 0.55 | Rew: -1.36 | Win%: 9.0 | S0: 68.4 | FPS: 1874.7 | Var: dqn
Step: 236544 | EPS: 0.55 | Rew: -1.32 | Win%: 9.0 | S0: 71.5 | FPS: 2070.4 | Var: dqn
Step: 237568 | EPS: 0.55 | Rew: -1.47 | Win%: 8.5 | S0: 72.3 | FPS: 2078.0 | Var: dqn
Step: 238592 | EPS: 0.55 | Rew: -1.35 | Win%: 9.0 | S0: 75.9 | FPS: 1955.4 | Var: dqn
Step: 239616 | EPS: 0.55 | Rew: -1.43 | Win%: 9.0 | S0: 74.7 | FPS: 1846.3 | Var: dqn
Step: 240640 | EPS: 0.55 | Rew: -1.50 | Win%: 8.5 | S0: 74.2 | FPS: 1599.4 | Var: dqn
Step: 241664 | EPS: 0.55 | Rew: -1.45 | Win%: 9.0 | S0: 74.8 | FPS: 1809.8 | Var: dqn
Step: 242688 | EPS: 0.55 | Rew: -1.73 | Win%: 9.5 | S0: 79.7 | FPS: 1973.3 | Var: dqn
Step: 243712 | EPS: 0.55 | Rew: -1.62 | Win%: 11.0 | S0: 86.0 | FPS: 1771.4 | Var: dqn
Step: 244736 | EPS: 0.55 | Rew: -1.67 | Win%: 10.5 | S0: 82.2 | FPS: 1773.0 | Var: dqn
Step: 245760 | EPS: 0.55 | Rew: -1.60 | Win%: 11.5 | S0: 85.1 | FPS: 2044.1 | Var: dqn
Step: 246784 | EPS: 0.55 | Rew: -1.58 | Win%: 11.5 | S0: 86.5 | FPS: 1887.8 | Var: dqn
Step: 247808 | EPS: 0.55 | Rew: -1.54 | Win%: 12.0 | S0: 87.0 | FPS: 1751.7 | Var: dqn
Step: 248832 | EPS: 0.55 | Rew: -1.45 | Win%: 11.5 | S0: 82.6 | FPS: 2001.8 | Var: dqn
Step: 249856 | EPS: 0.55 | Rew: -1.41 | Win%: 12.5 | S0: 85.1 | FPS: 1999.5 | Var: dqn
Step: 250880 | EPS: 0.55 | Rew: -1.41 | Win%: 13.0 | S0: 87.6 | FPS: 1554.4 | Var: dqn
Step: 251904 | EPS: 0.55 | Rew: -1.03 | Win%: 12.5 | S0: 87.5 | FPS: 1883.9 | Var: dqn
Step: 252928 | EPS: 0.55 | Rew: -1.11 | Win%: 12.5 | S0: 89.6 | FPS: 2098.8 | Var: dqn
Step: 253952 | EPS: 0.55 | Rew: -1.40 | Win%: 13.0 | S0: 94.0 | FPS: 1905.6 | Var: dqn
Step: 254976 | EPS: 0.55 | Rew: -1.47 | Win%: 12.5 | S0: 92.6 | FPS: 1880.3 | Var: dqn
Step: 256000 | EPS: 0.55 | Rew: -1.33 | Win%: 13.0 | S0: 100.0 | FPS: 1811.8 | Var: dqn
Step: 257024 | EPS: 0.55 | Rew: -1.43 | Win%: 13.5 | S0: 102.0 | FPS: 1923.3 | Var: dqn
Step: 258048 | EPS: 0.55 | Rew: -1.49 | Win%: 13.0 | S0: 100.0 | FPS: 2076.2 | Var: dqn
Step: 259072 | EPS: 0.55 | Rew: -1.43 | Win%: 13.5 | S0: 101.8 | FPS: 1587.6 | Var: dqn
Step: 260096 | EPS: 0.55 | Rew: -1.83 | Win%: 12.5 | S0: 99.5 | FPS: 1910.5 | Var: dqn
Step: 261120 | EPS: 0.55 | Rew: -1.54 | Win%: 12.5 | S0: 100.8 | FPS: 2017.2 | Var: dqn
Step: 262144 | EPS: 0.55 | Rew: -1.43 | Win%: 12.0 | S0: 96.4 | FPS: 2039.6 | Var: dqn
Step: 263168 | EPS: 0.55 | Rew: -1.47 | Win%: 12.0 | S0: 98.6 | FPS: 1997.4 | Var: dqn
Step: 264192 | EPS: 0.55 | Rew: -1.50 | Win%: 11.5 | S0: 95.4 | FPS: 1795.2 | Var: dqn
Step: 265216 | EPS: 0.55 | Rew: -1.54 | Win%: 10.0 | S0: 91.9 | FPS: 1726.2 | Var: dqn
Step: 266240 | EPS: 0.55 | Rew: -1.62 | Win%: 10.0 | S0: 92.4 | FPS: 1788.0 | Var: dqn
Step: 267264 | EPS: 0.55 | Rew: -1.45 | Win%: 10.0 | S0: 92.0 | FPS: 1888.9 | Var: dqn
Step: 268288 | EPS: 0.55 | Rew: -1.29 | Win%: 9.0 | S0: 83.0 | FPS: 1586.8 | Var: dqn
Step: 269312 | EPS: 0.55 | Rew: -1.35 | Win%: 7.5 | S0: 75.6 | FPS: 1902.6 | Var: dqn
Step: 270336 | EPS: 0.54 | Rew: -1.30 | Win%: 9.0 | S0: 76.2 | FPS: 2029.5 | Var: dqn
Step: 271360 | EPS: 0.54 | Rew: -1.47 | Win%: 8.0 | S0: 71.2 | FPS: 1854.5 | Var: dqn
Step: 272384 | EPS: 0.54 | Rew: -1.64 | Win%: 8.0 | S0: 68.7 | FPS: 1447.6 | Var: dqn
Step: 273408 | EPS: 0.54 | Rew: -1.58 | Win%: 7.5 | S0: 68.5 | FPS: 1925.6 | Var: dqn
Step: 274432 | EPS: 0.54 | Rew: -1.63 | Win%: 8.0 | S0: 69.8 | FPS: 1743.4 | Var: dqn
Step: 275456 | EPS: 0.54 | Rew: -1.64 | Win%: 7.0 | S0: 67.0 | FPS: 1628.4 | Var: dqn
Step: 276480 | EPS: 0.54 | Rew: -1.49 | Win%: 8.5 | S0: 78.1 | FPS: 2080.5 | Var: dqn
Step: 277504 | EPS: 0.54 | Rew: -1.31 | Win%: 9.0 | S0: 77.1 | FPS: 1688.1 | Var: dqn
Step: 278528 | EPS: 0.54 | Rew: -1.12 | Win%: 9.0 | S0: 77.2 | FPS: 1976.6 | Var: dqn
Step: 279552 | EPS: 0.54 | Rew: -1.16 | Win%: 9.5 | S0: 74.6 | FPS: 1986.4 | Var: dqn
Step: 280576 | EPS: 0.54 | Rew: -0.96 | Win%: 9.5 | S0: 74.1 | FPS: 1781.3 | Var: dqn
Step: 281600 | EPS: 0.54 | Rew: -0.95 | Win%: 10.0 | S0: 79.8 | FPS: 1965.5 | Var: dqn
Step: 282624 | EPS: 0.54 | Rew: -0.92 | Win%: 10.5 | S0: 85.8 | FPS: 1891.4 | Var: dqn
Step: 283648 | EPS: 0.54 | Rew: -0.94 | Win%: 10.5 | S0: 85.0 | FPS: 2022.8 | Var: dqn
Step: 284672 | EPS: 0.54 | Rew: -0.96 | Win%: 10.0 | S0: 84.8 | FPS: 1775.5 | Var: dqn
Step: 285696 | EPS: 0.54 | Rew: -0.88 | Win%: 11.5 | S0: 87.0 | FPS: 1970.9 | Var: dqn
Step: 286720 | EPS: 0.54 | Rew: -0.95 | Win%: 11.0 | S0: 90.8 | FPS: 2222.7 | Var: dqn
Step: 287744 | EPS: 0.54 | Rew: -0.83 | Win%: 12.5 | S0: 104.6 | FPS: 2167.1 | Var: dqn
Step: 288768 | EPS: 0.54 | Rew: -0.94 | Win%: 10.5 | S0: 100.9 | FPS: 1727.0 | Var: dqn
Step: 289792 | EPS: 0.54 | Rew: -0.94 | Win%: 10.5 | S0: 104.2 | FPS: 1858.1 | Var: dqn
Step: 290816 | EPS: 0.54 | Rew: -0.96 | Win%: 10.5 | S0: 105.7 | FPS: 2299.1 | Var: dqn
Step: 291840 | EPS: 0.54 | Rew: -0.96 | Win%: 11.5 | S0: 114.9 | FPS: 1934.9 | Var: dqn
Step: 292864 | EPS: 0.54 | Rew: -0.89 | Win%: 12.0 | S0: 117.0 | FPS: 1936.1 | Var: dqn
Step: 293888 | EPS: 0.54 | Rew: -1.00 | Win%: 13.0 | S0: 116.8 | FPS: 1807.4 | Var: dqn
Step: 294912 | EPS: 0.54 | Rew: -0.97 | Win%: 13.5 | S0: 116.1 | FPS: 1820.2 | Var: dqn
Step: 295936 | EPS: 0.54 | Rew: -1.02 | Win%: 12.5 | S0: 110.7 | FPS: 2033.1 | Var: dqn
Step: 296960 | EPS: 0.54 | Rew: -0.97 | Win%: 12.5 | S0: 112.0 | FPS: 1773.2 | Var: dqn
Step: 297984 | EPS: 0.54 | Rew: -0.99 | Win%: 13.0 | S0: 114.2 | FPS: 1920.7 | Var: dqn
Step: 299008 | EPS: 0.54 | Rew: -1.02 | Win%: 13.5 | S0: 115.2 | FPS: 2031.3 | Var: dqn
Step: 300032 | EPS: 0.54 | Rew: -1.30 | Win%: 13.0 | S0: 113.4 | FPS: 2162.6 | Var: dqn
Step: 301056 | EPS: 0.54 | Rew: -1.20 | Win%: 15.0 | S0: 118.6 | FPS: 1961.4 | Var: dqn
Step: 302080 | EPS: 0.54 | Rew: -1.22 | Win%: 14.5 | S0: 98.4 | FPS: 1791.8 | Var: dqn
Step: 303104 | EPS: 0.54 | Rew: -1.16 | Win%: 15.5 | S0: 99.0 | FPS: 1987.0 | Var: dqn
Step: 304128 | EPS: 0.54 | Rew: -1.17 | Win%: 15.5 | S0: 97.7 | FPS: 1747.6 | Var: dqn
Step: 305152 | EPS: 0.54 | Rew: -1.20 | Win%: 14.5 | S0: 94.5 | FPS: 1975.4 | Var: dqn
Step: 306176 | EPS: 0.54 | Rew: -1.25 | Win%: 14.5 | S0: 96.4 | FPS: 1841.1 | Var: dqn
Step: 307200 | EPS: 0.54 | Rew: -1.18 | Win%: 12.5 | S0: 88.2 | FPS: 1922.7 | Var: dqn
Step: 308224 | EPS: 0.54 | Rew: -1.25 | Win%: 12.5 | S0: 85.9 | FPS: 1915.4 | Var: dqn
Step: 309248 | EPS: 0.54 | Rew: -1.26 | Win%: 12.0 | S0: 85.3 | FPS: 2103.7 | Var: dqn
Step: 310272 | EPS: 0.54 | Rew: -1.32 | Win%: 11.0 | S0: 81.8 | FPS: 2006.1 | Var: dqn
Step: 311296 | EPS: 0.54 | Rew: -1.33 | Win%: 11.0 | S0: 82.8 | FPS: 1753.5 | Var: dqn
Step: 312320 | EPS: 0.54 | Rew: -1.32 | Win%: 10.0 | S0: 80.7 | FPS: 1682.5 | Var: dqn
Step: 313344 | EPS: 0.54 | Rew: -1.23 | Win%: 10.0 | S0: 80.8 | FPS: 1882.8 | Var: dqn
Step: 314368 | EPS: 0.54 | Rew: -1.19 | Win%: 10.0 | S0: 82.8 | FPS: 1934.7 | Var: dqn
Step: 315392 | EPS: 0.54 | Rew: -1.29 | Win%: 9.0 | S0: 80.1 | FPS: 1931.6 | Var: dqn
Step: 316416 | EPS: 0.54 | Rew: -1.28 | Win%: 8.0 | S0: 74.8 | FPS: 1760.6 | Var: dqn
Step: 317440 | EPS: 0.54 | Rew: -1.48 | Win%: 7.5 | S0: 75.4 | FPS: 2041.3 | Var: dqn
Step: 318464 | EPS: 0.54 | Rew: -1.45 | Win%: 7.5 | S0: 73.8 | FPS: 2087.5 | Var: dqn
Step: 319488 | EPS: 0.53 | Rew: -1.53 | Win%: 7.0 | S0: 72.2 | FPS: 2066.9 | Var: dqn
Step: 320512 | EPS: 0.53 | Rew: -1.52 | Win%: 6.5 | S0: 69.5 | FPS: 1927.3 | Var: dqn
Step: 321536 | EPS: 0.53 | Rew: -1.58 | Win%: 6.5 | S0: 70.8 | FPS: 1833.5 | Var: dqn
Step: 322560 | EPS: 0.53 | Rew: -1.61 | Win%: 7.0 | S0: 73.0 | FPS: 1824.1 | Var: dqn
Step: 323584 | EPS: 0.53 | Rew: -1.71 | Win%: 7.0 | S0: 68.8 | FPS: 1578.3 | Var: dqn
Step: 324608 | EPS: 0.53 | Rew: -1.70 | Win%: 7.5 | S0: 67.0 | FPS: 1770.9 | Var: dqn
Step: 325632 | EPS: 0.53 | Rew: -1.70 | Win%: 7.0 | S0: 64.1 | FPS: 1930.3 | Var: dqn
Step: 326656 | EPS: 0.53 | Rew: -1.74 | Win%: 6.5 | S0: 63.1 | FPS: 1873.8 | Var: dqn
Step: 327680 | EPS: 0.53 | Rew: -1.65 | Win%: 6.5 | S0: 60.5 | FPS: 1512.6 | Var: dqn
Step: 328704 | EPS: 0.53 | Rew: -1.55 | Win%: 7.0 | S0: 63.7 | FPS: 1964.2 | Var: dqn
Step: 329728 | EPS: 0.53 | Rew: -1.62 | Win%: 7.5 | S0: 63.5 | FPS: 2010.5 | Var: dqn
Step: 330752 | EPS: 0.53 | Rew: -1.59 | Win%: 7.5 | S0: 64.3 | FPS: 1802.0 | Var: dqn
Step: 331776 | EPS: 0.53 | Rew: -1.54 | Win%: 8.0 | S0: 67.2 | FPS: 1839.4 | Var: dqn
Step: 332800 | EPS: 0.53 | Rew: -1.53 | Win%: 7.5 | S0: 65.3 | FPS: 1913.2 | Var: dqn
Step: 333824 | EPS: 0.53 | Rew: -1.59 | Win%: 7.0 | S0: 62.8 | FPS: 2038.2 | Var: dqn
Step: 334848 | EPS: 0.53 | Rew: -1.47 | Win%: 8.0 | S0: 67.3 | FPS: 1838.6 | Var: dqn
Step: 335872 | EPS: 0.53 | Rew: -1.54 | Win%: 7.5 | S0: 63.8 | FPS: 1778.8 | Var: dqn
Step: 336896 | EPS: 0.53 | Rew: -1.55 | Win%: 8.5 | S0: 68.5 | FPS: 2058.6 | Var: dqn
Step: 337920 | EPS: 0.53 | Rew: -1.53 | Win%: 8.5 | S0: 67.4 | FPS: 1740.8 | Var: dqn
Step: 338944 | EPS: 0.53 | Rew: -1.51 | Win%: 8.5 | S0: 71.5 | FPS: 1806.5 | Var: dqn
Step: 339968 | EPS: 0.53 | Rew: -1.44 | Win%: 7.5 | S0: 71.2 | FPS: 1828.1 | Var: dqn
Step: 340992 | EPS: 0.53 | Rew: -1.61 | Win%: 8.0 | S0: 73.0 | FPS: 1921.4 | Var: dqn
Step: 342016 | EPS: 0.53 | Rew: -1.77 | Win%: 9.5 | S0: 77.2 | FPS: 1979.9 | Var: dqn
Step: 343040 | EPS: 0.53 | Rew: -1.68 | Win%: 10.0 | S0: 75.7 | FPS: 1998.0 | Var: dqn
Step: 344064 | EPS: 0.53 | Rew: -1.72 | Win%: 10.0 | S0: 75.4 | FPS: 1683.7 | Var: dqn
Step: 345088 | EPS: 0.53 | Rew: -1.67 | Win%: 10.5 | S0: 78.5 | FPS: 1662.7 | Var: dqn
Step: 346112 | EPS: 0.53 | Rew: -1.91 | Win%: 11.0 | S0: 81.8 | FPS: 1718.1 | Var: dqn
Step: 347136 | EPS: 0.53 | Rew: -1.69 | Win%: 12.5 | S0: 85.3 | FPS: 1753.5 | Var: dqn
Step: 348160 | EPS: 0.53 | Rew: -1.70 | Win%: 13.0 | S0: 88.2 | FPS: 1784.9 | Var: dqn
Step: 349184 | EPS: 0.53 | Rew: -1.71 | Win%: 13.0 | S0: 87.9 | FPS: 2183.9 | Var: dqn
Step: 350208 | EPS: 0.53 | Rew: -1.91 | Win%: 14.0 | S0: 91.8 | FPS: 1915.3 | Var: dqn
Step: 351232 | EPS: 0.53 | Rew: -1.67 | Win%: 15.0 | S0: 99.8 | FPS: 2005.1 | Var: dqn
Step: 352256 | EPS: 0.53 | Rew: -1.62 | Win%: 14.5 | S0: 100.2 | FPS: 1842.8 | Var: dqn
Step: 353280 | EPS: 0.53 | Rew: -1.60 | Win%: 15.5 | S0: 103.7 | FPS: 1917.1 | Var: dqn
Step: 354304 | EPS: 0.53 | Rew: -1.69 | Win%: 16.5 | S0: 110.2 | FPS: 2040.4 | Var: dqn
Step: 355328 | EPS: 0.53 | Rew: -1.90 | Win%: 16.5 | S0: 108.6 | FPS: 1814.3 | Var: dqn
Step: 356352 | EPS: 0.53 | Rew: -1.88 | Win%: 16.5 | S0: 109.1 | FPS: 1891.7 | Var: dqn
Step: 357376 | EPS: 0.53 | Rew: -1.67 | Win%: 16.5 | S0: 108.8 | FPS: 1686.6 | Var: dqn
Step: 358400 | EPS: 0.53 | Rew: -1.72 | Win%: 16.5 | S0: 108.8 | FPS: 1934.5 | Var: dqn
Step: 359424 | EPS: 0.53 | Rew: -1.75 | Win%: 15.5 | S0: 106.2 | FPS: 1805.0 | Var: dqn
Step: 360448 | EPS: 0.53 | Rew: -1.75 | Win%: 15.5 | S0: 109.0 | FPS: 1865.4 | Var: dqn
Step: 361472 | EPS: 0.53 | Rew: -1.92 | Win%: 15.5 | S0: 106.7 | FPS: 1796.0 | Var: dqn
Step: 362496 | EPS: 0.53 | Rew: -2.13 | Win%: 15.5 | S0: 108.0 | FPS: 1809.6 | Var: dqn
Step: 363520 | EPS: 0.53 | Rew: -2.06 | Win%: 15.0 | S0: 107.3 | FPS: 1960.6 | Var: dqn
Step: 364544 | EPS: 0.53 | Rew: -2.11 | Win%: 13.0 | S0: 103.0 | FPS: 1974.2 | Var: dqn
Step: 365568 | EPS: 0.53 | Rew: -2.08 | Win%: 12.0 | S0: 98.8 | FPS: 1841.0 | Var: dqn
Step: 366592 | EPS: 0.53 | Rew: -2.10 | Win%: 11.0 | S0: 92.3 | FPS: 1748.6 | Var: dqn
Step: 367616 | EPS: 0.53 | Rew: -2.07 | Win%: 10.0 | S0: 90.8 | FPS: 1706.3 | Var: dqn
Step: 368640 | EPS: 0.52 | Rew: -2.10 | Win%: 9.0 | S0: 85.8 | FPS: 1880.6 | Var: dqn
Step: 369664 | EPS: 0.52 | Rew: -1.94 | Win%: 9.5 | S0: 88.9 | FPS: 1962.0 | Var: dqn
Step: 370688 | EPS: 0.52 | Rew: -1.58 | Win%: 9.0 | S0: 87.8 | FPS: 1823.7 | Var: dqn
Step: 371712 | EPS: 0.52 | Rew: -1.79 | Win%: 8.5 | S0: 86.2 | FPS: 1669.5 | Var: dqn
Step: 372736 | EPS: 0.52 | Rew: -1.64 | Win%: 8.5 | S0: 78.9 | FPS: 1830.9 | Var: dqn
Step: 373760 | EPS: 0.52 | Rew: -1.64 | Win%: 8.0 | S0: 77.7 | FPS: 1693.0 | Var: dqn
Step: 374784 | EPS: 0.52 | Rew: -1.59 | Win%: 7.0 | S0: 76.2 | FPS: 1896.1 | Var: dqn
Step: 375808 | EPS: 0.52 | Rew: -1.76 | Win%: 5.5 | S0: 67.6 | FPS: 1840.0 | Var: dqn
Step: 376832 | EPS: 0.52 | Rew: -1.58 | Win%: 6.0 | S0: 69.0 | FPS: 1965.8 | Var: dqn
Step: 377856 | EPS: 0.52 | Rew: -1.73 | Win%: 5.5 | S0: 68.6 | FPS: 1993.0 | Var: dqn
Step: 378880 | EPS: 0.52 | Rew: -1.82 | Win%: 5.0 | S0: 67.4 | FPS: 1809.2 | Var: dqn
Step: 379904 | EPS: 0.52 | Rew: -1.83 | Win%: 5.0 | S0: 68.7 | FPS: 2418.5 | Var: dqn
Step: 380928 | EPS: 0.52 | Rew: -1.85 | Win%: 5.5 | S0: 66.5 | FPS: 2139.4 | Var: dqn
Step: 381952 | EPS: 0.52 | Rew: -1.96 | Win%: 5.5 | S0: 67.2 | FPS: 2038.5 | Var: dqn
Step: 382976 | EPS: 0.52 | Rew: -1.96 | Win%: 5.0 | S0: 65.7 | FPS: 2019.9 | Var: dqn
Step: 384000 | EPS: 0.52 | Rew: -2.24 | Win%: 5.0 | S0: 61.9 | FPS: 1955.7 | Var: dqn
Step: 385024 | EPS: 0.52 | Rew: -2.08 | Win%: 5.0 | S0: 62.1 | FPS: 1994.8 | Var: dqn
Step: 386048 | EPS: 0.52 | Rew: -2.32 | Win%: 5.5 | S0: 62.5 | FPS: 1914.4 | Var: dqn
Step: 387072 | EPS: 0.52 | Rew: -2.37 | Win%: 5.5 | S0: 60.0 | FPS: 2105.2 | Var: dqn
Step: 388096 | EPS: 0.52 | Rew: -2.30 | Win%: 6.5 | S0: 64.0 | FPS: 2228.2 | Var: dqn
Step: 389120 | EPS: 0.52 | Rew: -2.24 | Win%: 6.5 | S0: 64.1 | FPS: 2303.9 | Var: dqn
Step: 390144 | EPS: 0.52 | Rew: -2.22 | Win%: 7.0 | S0: 67.1 | FPS: 2006.6 | Var: dqn
Step: 391168 | EPS: 0.52 | Rew: -1.98 | Win%: 8.0 | S0: 71.5 | FPS: 2364.1 | Var: dqn
Step: 392192 | EPS: 0.52 | Rew: -1.89 | Win%: 9.0 | S0: 74.7 | FPS: 1894.2 | Var: dqn
Step: 393216 | EPS: 0.52 | Rew: -1.99 | Win%: 9.0 | S0: 74.8 | FPS: 1818.5 | Var: dqn
Step: 394240 | EPS: 0.52 | Rew: -2.15 | Win%: 9.0 | S0: 74.7 | FPS: 2066.4 | Var: dqn
Step: 395264 | EPS: 0.52 | Rew: -2.06 | Win%: 9.5 | S0: 73.5 | FPS: 1785.2 | Var: dqn
Step: 396288 | EPS: 0.52 | Rew: -2.07 | Win%: 9.5 | S0: 73.0 | FPS: 1568.6 | Var: dqn
Step: 397312 | EPS: 0.52 | Rew: -1.78 | Win%: 10.0 | S0: 74.5 | FPS: 1957.1 | Var: dqn
Step: 398336 | EPS: 0.52 | Rew: -1.81 | Win%: 9.5 | S0: 71.8 | FPS: 1948.2 | Var: dqn
Step: 399360 | EPS: 0.52 | Rew: -1.75 | Win%: 9.5 | S0: 70.3 | FPS: 1867.9 | Var: dqn
Step: 400384 | EPS: 0.52 | Rew: -2.02 | Win%: 10.0 | S0: 69.0 | FPS: 1937.1 | Var: dqn
Step: 401408 | EPS: 0.52 | Rew: -2.15 | Win%: 10.0 | S0: 69.7 | FPS: 1785.1 | Var: dqn
Step: 402432 | EPS: 0.52 | Rew: -2.22 | Win%: 10.0 | S0: 69.9 | FPS: 1987.5 | Var: dqn
Step: 403456 | EPS: 0.52 | Rew: -2.22 | Win%: 11.0 | S0: 71.9 | FPS: 2116.5 | Var: dqn
Step: 404480 | EPS: 0.52 | Rew: -2.12 | Win%: 11.0 | S0: 73.3 | FPS: 1803.1 | Var: dqn
Step: 405504 | EPS: 0.52 | Rew: -2.17 | Win%: 11.0 | S0: 72.0 | FPS: 1762.4 | Var: dqn
Step: 406528 | EPS: 0.52 | Rew: -2.36 | Win%: 10.5 | S0: 70.4 | FPS: 2020.0 | Var: dqn
Step: 407552 | EPS: 0.52 | Rew: -2.38 | Win%: 10.5 | S0: 72.2 | FPS: 2141.0 | Var: dqn
Step: 408576 | EPS: 0.52 | Rew: -2.37 | Win%: 9.5 | S0: 67.2 | FPS: 1653.6 | Var: dqn
Step: 409600 | EPS: 0.52 | Rew: -2.16 | Win%: 10.0 | S0: 69.3 | FPS: 1972.7 | Var: dqn
Step: 410624 | EPS: 0.52 | Rew: -1.95 | Win%: 10.0 | S0: 69.0 | FPS: 1808.2 | Var: dqn
Step: 411648 | EPS: 0.52 | Rew: -1.97 | Win%: 10.0 | S0: 68.5 | FPS: 1777.3 | Var: dqn
Step: 412672 | EPS: 0.52 | Rew: -2.03 | Win%: 9.0 | S0: 63.6 | FPS: 1941.2 | Var: dqn
Step: 413696 | EPS: 0.52 | Rew: -2.22 | Win%: 8.0 | S0: 63.2 | FPS: 1750.9 | Var: dqn
Step: 414720 | EPS: 0.52 | Rew: -2.01 | Win%: 8.0 | S0: 61.9 | FPS: 1962.7 | Var: dqn
Step: 415744 | EPS: 0.52 | Rew: -1.74 | Win%: 8.0 | S0: 61.6 | FPS: 1735.5 | Var: dqn
Step: 416768 | EPS: 0.52 | Rew: -1.54 | Win%: 9.0 | S0: 68.0 | FPS: 2014.3 | Var: dqn
Step: 417792 | EPS: 0.51 | Rew: -1.62 | Win%: 10.0 | S0: 71.8 | FPS: 2056.0 | Var: dqn
Step: 418816 | EPS: 0.51 | Rew: -1.58 | Win%: 10.0 | S0: 71.3 | FPS: 1947.0 | Var: dqn
Step: 419840 | EPS: 0.51 | Rew: -1.36 | Win%: 10.0 | S0: 70.0 | FPS: 2037.1 | Var: dqn
Step: 420864 | EPS: 0.51 | Rew: -1.24 | Win%: 9.0 | S0: 64.8 | FPS: 1770.1 | Var: dqn
Step: 421888 | EPS: 0.51 | Rew: -1.17 | Win%: 9.5 | S0: 66.7 | FPS: 2182.9 | Var: dqn
Step: 422912 | EPS: 0.51 | Rew: -1.17 | Win%: 11.0 | S0: 77.1 | FPS: 2007.4 | Var: dqn
Step: 423936 | EPS: 0.51 | Rew: -1.20 | Win%: 12.0 | S0: 82.0 | FPS: 2000.1 | Var: dqn
Step: 424960 | EPS: 0.51 | Rew: -1.10 | Win%: 11.5 | S0: 80.7 | FPS: 1808.4 | Var: dqn
Step: 425984 | EPS: 0.51 | Rew: -1.09 | Win%: 11.5 | S0: 83.3 | FPS: 2018.1 | Var: dqn
Step: 427008 | EPS: 0.51 | Rew: -1.10 | Win%: 11.5 | S0: 84.0 | FPS: 1942.8 | Var: dqn
Step: 428032 | EPS: 0.51 | Rew: -1.02 | Win%: 13.0 | S0: 87.7 | FPS: 1671.8 | Var: dqn
Step: 429056 | EPS: 0.51 | Rew: -0.99 | Win%: 13.0 | S0: 90.8 | FPS: 1713.8 | Var: dqn
Step: 430080 | EPS: 0.51 | Rew: -1.04 | Win%: 13.0 | S0: 91.0 | FPS: 1851.4 | Var: dqn
Step: 431104 | EPS: 0.51 | Rew: -1.02 | Win%: 12.5 | S0: 93.0 | FPS: 1944.0 | Var: dqn
Step: 432128 | EPS: 0.51 | Rew: -1.15 | Win%: 10.5 | S0: 85.8 | FPS: 1585.8 | Var: dqn
Step: 433152 | EPS: 0.51 | Rew: -1.15 | Win%: 10.5 | S0: 85.8 | FPS: 2053.7 | Var: dqn
Step: 434176 | EPS: 0.51 | Rew: -1.11 | Win%: 10.0 | S0: 85.9 | FPS: 2125.8 | Var: dqn
Step: 435200 | EPS: 0.51 | Rew: -1.08 | Win%: 10.5 | S0: 88.8 | FPS: 1930.0 | Var: dqn
Step: 436224 | EPS: 0.51 | Rew: -1.47 | Win%: 10.0 | S0: 88.2 | FPS: 1615.5 | Var: dqn
Step: 437248 | EPS: 0.51 | Rew: -1.52 | Win%: 10.5 | S0: 88.7 | FPS: 1879.9 | Var: dqn
Step: 438272 | EPS: 0.51 | Rew: -1.71 | Win%: 11.0 | S0: 90.7 | FPS: 1796.5 | Var: dqn
Step: 439296 | EPS: 0.51 | Rew: -1.83 | Win%: 10.0 | S0: 87.7 | FPS: 1652.4 | Var: dqn
Step: 440320 | EPS: 0.51 | Rew: -1.83 | Win%: 9.5 | S0: 83.7 | FPS: 1756.9 | Var: dqn
Step: 441344 | EPS: 0.51 | Rew: -1.70 | Win%: 9.5 | S0: 86.8 | FPS: 1810.1 | Var: dqn
Step: 442368 | EPS: 0.51 | Rew: -1.58 | Win%: 9.0 | S0: 85.2 | FPS: 1833.7 | Var: dqn
Step: 443392 | EPS: 0.51 | Rew: -1.67 | Win%: 8.5 | S0: 82.8 | FPS: 1968.2 | Var: dqn
Step: 444416 | EPS: 0.51 | Rew: -1.25 | Win%: 8.5 | S0: 88.9 | FPS: 1844.6 | Var: dqn
Step: 445440 | EPS: 0.51 | Rew: -1.16 | Win%: 8.0 | S0: 83.2 | FPS: 1967.9 | Var: dqn
Step: 446464 | EPS: 0.51 | Rew: -1.11 | Win%: 8.5 | S0: 83.8 | FPS: 1745.1 | Var: dqn
Step: 447488 | EPS: 0.51 | Rew: -1.06 | Win%: 9.5 | S0: 84.2 | FPS: 1704.7 | Var: dqn
Step: 448512 | EPS: 0.51 | Rew: -1.03 | Win%: 10.5 | S0: 87.5 | FPS: 1679.2 | Var: dqn
Step: 449536 | EPS: 0.51 | Rew: -1.02 | Win%: 10.5 | S0: 89.1 | FPS: 1654.8 | Var: dqn
Step: 450560 | EPS: 0.51 | Rew: -1.06 | Win%: 11.0 | S0: 89.2 | FPS: 1769.8 | Var: dqn
Step: 451584 | EPS: 0.51 | Rew: -1.28 | Win%: 11.0 | S0: 88.3 | FPS: 1742.6 | Var: dqn
Step: 452608 | EPS: 0.51 | Rew: -1.58 | Win%: 11.0 | S0: 88.8 | FPS: 2119.4 | Var: dqn
Step: 453632 | EPS: 0.51 | Rew: -1.57 | Win%: 10.5 | S0: 87.9 | FPS: 1706.5 | Var: dqn
Step: 454656 | EPS: 0.51 | Rew: -1.85 | Win%: 10.0 | S0: 84.8 | FPS: 1940.1 | Var: dqn
Step: 455680 | EPS: 0.51 | Rew: -1.87 | Win%: 11.0 | S0: 86.8 | FPS: 1989.6 | Var: dqn
Step: 456704 | EPS: 0.51 | Rew: -2.01 | Win%: 12.5 | S0: 97.1 | FPS: 2088.0 | Var: dqn
Step: 457728 | EPS: 0.51 | Rew: -2.03 | Win%: 13.0 | S0: 99.2 | FPS: 1811.8 | Var: dqn
Step: 458752 | EPS: 0.51 | Rew: -2.06 | Win%: 12.0 | S0: 91.0 | FPS: 1980.0 | Var: dqn
Step: 459776 | EPS: 0.51 | Rew: -1.83 | Win%: 11.5 | S0: 95.2 | FPS: 2153.6 | Var: dqn
Step: 460800 | EPS: 0.51 | Rew: -1.56 | Win%: 11.0 | S0: 96.3 | FPS: 1897.9 | Var: dqn
Step: 461824 | EPS: 0.51 | Rew: -1.47 | Win%: 11.5 | S0: 96.3 | FPS: 1840.4 | Var: dqn
Step: 462848 | EPS: 0.51 | Rew: -1.16 | Win%: 12.0 | S0: 97.1 | FPS: 1947.3 | Var: dqn
Step: 463872 | EPS: 0.51 | Rew: -1.17 | Win%: 12.0 | S0: 98.7 | FPS: 1872.7 | Var: dqn
Step: 464896 | EPS: 0.51 | Rew: -1.00 | Win%: 11.5 | S0: 96.8 | FPS: 1761.5 | Var: dqn
Step: 465920 | EPS: 0.51 | Rew: -1.04 | Win%: 11.0 | S0: 94.7 | FPS: 1793.0 | Var: dqn
Step: 466944 | EPS: 0.50 | Rew: -1.04 | Win%: 10.5 | S0: 94.4 | FPS: 1925.4 | Var: dqn
Step: 467968 | EPS: 0.50 | Rew: -1.13 | Win%: 10.0 | S0: 96.0 | FPS: 1741.0 | Var: dqn
Step: 468992 | EPS: 0.50 | Rew: -1.29 | Win%: 9.5 | S0: 93.3 | FPS: 1783.3 | Var: dqn
Step: 470016 | EPS: 0.50 | Rew: -1.22 | Win%: 9.5 | S0: 93.7 | FPS: 1959.3 | Var: dqn
Step: 471040 | EPS: 0.50 | Rew: -1.12 | Win%: 11.0 | S0: 102.8 | FPS: 1896.5 | Var: dqn
Step: 472064 | EPS: 0.50 | Rew: -1.12 | Win%: 11.5 | S0: 104.3 | FPS: 1666.1 | Var: dqn
Step: 473088 | EPS: 0.50 | Rew: -1.11 | Win%: 10.5 | S0: 101.8 | FPS: 1973.4 | Var: dqn
Step: 474112 | EPS: 0.50 | Rew: -1.10 | Win%: 10.5 | S0: 101.3 | FPS: 2066.9 | Var: dqn
Step: 475136 | EPS: 0.50 | Rew: -1.21 | Win%: 9.5 | S0: 92.8 | FPS: 1859.6 | Var: dqn
Step: 476160 | EPS: 0.50 | Rew: -1.31 | Win%: 10.5 | S0: 94.7 | FPS: 1788.0 | Var: dqn
Step: 477184 | EPS: 0.50 | Rew: -1.30 | Win%: 11.5 | S0: 101.5 | FPS: 2083.5 | Var: dqn
Step: 478208 | EPS: 0.50 | Rew: -1.23 | Win%: 11.5 | S0: 99.2 | FPS: 1876.5 | Var: dqn
Step: 479232 | EPS: 0.50 | Rew: -1.25 | Win%: 12.0 | S0: 97.0 | FPS: 1868.9 | Var: dqn
Step: 480256 | EPS: 0.50 | Rew: -1.42 | Win%: 12.5 | S0: 98.3 | FPS: 1962.5 | Var: dqn
Step: 481280 | EPS: 0.50 | Rew: -1.55 | Win%: 13.5 | S0: 101.6 | FPS: 1807.9 | Var: dqn
Step: 482304 | EPS: 0.50 | Rew: -1.53 | Win%: 12.5 | S0: 100.7 | FPS: 1849.5 | Var: dqn
Step: 483328 | EPS: 0.50 | Rew: -1.57 | Win%: 11.5 | S0: 97.7 | FPS: 1885.5 | Var: dqn
Step: 484352 | EPS: 0.50 | Rew: -1.43 | Win%: 12.5 | S0: 104.5 | FPS: 1953.5 | Var: dqn
Step: 485376 | EPS: 0.50 | Rew: -1.37 | Win%: 12.5 | S0: 103.8 | FPS: 2037.3 | Var: dqn
Step: 486400 | EPS: 0.50 | Rew: -1.33 | Win%: 13.5 | S0: 113.8 | FPS: 1827.1 | Var: dqn
Step: 487424 | EPS: 0.50 | Rew: -1.25 | Win%: 14.5 | S0: 114.8 | FPS: 1988.9 | Var: dqn
Step: 488448 | EPS: 0.50 | Rew: -1.06 | Win%: 14.5 | S0: 115.2 | FPS: 2067.3 | Var: dqn
Step: 489472 | EPS: 0.50 | Rew: -1.11 | Win%: 13.5 | S0: 110.7 | FPS: 1767.9 | Var: dqn
Step: 490496 | EPS: 0.50 | Rew: -1.33 | Win%: 13.5 | S0: 110.8 | FPS: 2070.7 | Var: dqn
Step: 491520 | EPS: 0.50 | Rew: -1.30 | Win%: 13.5 | S0: 109.8 | FPS: 2048.9 | Var: dqn
Step: 492544 | EPS: 0.50 | Rew: -1.29 | Win%: 13.5 | S0: 112.0 | FPS: 1983.7 | Var: dqn
Step: 493568 | EPS: 0.50 | Rew: -1.42 | Win%: 11.5 | S0: 102.7 | FPS: 1742.0 | Var: dqn
Step: 494592 | EPS: 0.50 | Rew: -1.40 | Win%: 12.0 | S0: 100.8 | FPS: 1776.2 | Var: dqn
Step: 495616 | EPS: 0.50 | Rew: -1.51 | Win%: 12.0 | S0: 102.7 | FPS: 2101.7 | Var: dqn
Step: 496640 | EPS: 0.50 | Rew: -1.55 | Win%: 11.0 | S0: 101.5 | FPS: 2107.3 | Var: dqn
Step: 497664 | EPS: 0.50 | Rew: -1.60 | Win%: 9.0 | S0: 96.0 | FPS: 1870.0 | Var: dqn
Step: 498688 | EPS: 0.50 | Rew: -1.50 | Win%: 9.0 | S0: 95.1 | FPS: 1893.4 | Var: dqn
Step: 499712 | EPS: 0.50 | Rew: -1.42 | Win%: 10.0 | S0: 97.2 | FPS: 1956.0 | Var: dqn
Step: 500736 | EPS: 0.50 | Rew: -1.40 | Win%: 8.5 | S0: 84.0 | FPS: 1724.0 | Var: dqn
Step: 501760 | EPS: 0.50 | Rew: -1.31 | Win%: 9.5 | S0: 88.3 | FPS: 1763.8 | Var: dqn
Step: 502784 | EPS: 0.50 | Rew: -1.28 | Win%: 9.0 | S0: 81.2 | FPS: 1755.9 | Var: dqn
Step: 503808 | EPS: 0.50 | Rew: -1.23 | Win%: 9.0 | S0: 80.2 | FPS: 1726.5 | Var: dqn
Step: 504832 | EPS: 0.50 | Rew: -1.17 | Win%: 9.0 | S0: 77.8 | FPS: 2115.7 | Var: dqn
Step: 505856 | EPS: 0.50 | Rew: -1.14 | Win%: 9.5 | S0: 78.2 | FPS: 2085.8 | Var: dqn
Step: 506880 | EPS: 0.50 | Rew: -1.08 | Win%: 9.0 | S0: 73.5 | FPS: 1898.3 | Var: dqn
Step: 507904 | EPS: 0.50 | Rew: -1.09 | Win%: 9.0 | S0: 76.3 | FPS: 2097.6 | Var: dqn
Step: 508928 | EPS: 0.50 | Rew: -1.06 | Win%: 9.5 | S0: 80.7 | FPS: 1937.6 | Var: dqn
Step: 509952 | EPS: 0.50 | Rew: -1.07 | Win%: 8.0 | S0: 76.0 | FPS: 2054.1 | Var: dqn
Step: 510976 | EPS: 0.50 | Rew: -1.08 | Win%: 8.5 | S0: 77.0 | FPS: 2026.1 | Var: dqn
Step: 512000 | EPS: 0.50 | Rew: -1.09 | Win%: 8.5 | S0: 74.8 | FPS: 1864.7 | Var: dqn
Step: 513024 | EPS: 0.50 | Rew: -1.21 | Win%: 8.5 | S0: 74.6 | FPS: 1912.5 | Var: dqn
Step: 514048 | EPS: 0.50 | Rew: -1.28 | Win%: 7.5 | S0: 68.2 | FPS: 2031.7 | Var: dqn
Step: 515072 | EPS: 0.50 | Rew: -1.39 | Win%: 6.5 | S0: 68.1 | FPS: 1764.0 | Var: dqn
Step: 516096 | EPS: 0.49 | Rew: -1.53 | Win%: 6.5 | S0: 65.7 | FPS: 2050.9 | Var: dqn
Step: 517120 | EPS: 0.49 | Rew: -1.50 | Win%: 8.0 | S0: 66.9 | FPS: 1722.9 | Var: dqn
Step: 518144 | EPS: 0.49 | Rew: -1.52 | Win%: 6.5 | S0: 62.1 | FPS: 1864.5 | Var: dqn
Step: 519168 | EPS: 0.49 | Rew: -1.42 | Win%: 5.5 | S0: 59.8 | FPS: 1818.4 | Var: dqn
Step: 520192 | EPS: 0.49 | Rew: -1.30 | Win%: 5.0 | S0: 63.4 | FPS: 1995.6 | Var: dqn
Step: 521216 | EPS: 0.49 | Rew: -1.08 | Win%: 7.5 | S0: 65.6 | FPS: 2013.8 | Var: dqn
Step: 522240 | EPS: 0.49 | Rew: -1.24 | Win%: 7.5 | S0: 63.8 | FPS: 1962.7 | Var: dqn
Step: 523264 | EPS: 0.49 | Rew: -1.15 | Win%: 7.5 | S0: 60.0 | FPS: 1902.7 | Var: dqn
Step: 524288 | EPS: 0.49 | Rew: -1.08 | Win%: 9.5 | S0: 67.2 | FPS: 1967.0 | Var: dqn
Step: 525312 | EPS: 0.49 | Rew: -1.11 | Win%: 9.0 | S0: 65.3 | FPS: 1822.5 | Var: dqn
Step: 526336 | EPS: 0.49 | Rew: -1.13 | Win%: 9.0 | S0: 63.8 | FPS: 1955.6 | Var: dqn
Step: 527360 | EPS: 0.49 | Rew: -1.11 | Win%: 10.5 | S0: 74.2 | FPS: 1688.6 | Var: dqn
Step: 528384 | EPS: 0.49 | Rew: -1.12 | Win%: 10.5 | S0: 74.0 | FPS: 1959.0 | Var: dqn
Step: 529408 | EPS: 0.49 | Rew: -1.34 | Win%: 11.0 | S0: 78.3 | FPS: 2033.2 | Var: dqn
Step: 530432 | EPS: 0.49 | Rew: -1.14 | Win%: 11.0 | S0: 80.0 | FPS: 2093.2 | Var: dqn
Step: 531456 | EPS: 0.49 | Rew: -1.18 | Win%: 10.5 | S0: 83.5 | FPS: 2077.9 | Var: dqn
Step: 532480 | EPS: 0.49 | Rew: -1.10 | Win%: 10.5 | S0: 89.2 | FPS: 1842.8 | Var: dqn
Step: 533504 | EPS: 0.49 | Rew: -1.11 | Win%: 10.5 | S0: 92.5 | FPS: 1744.4 | Var: dqn
Step: 534528 | EPS: 0.49 | Rew: -1.20 | Win%: 10.5 | S0: 85.5 | FPS: 1931.2 | Var: dqn
Step: 535552 | EPS: 0.49 | Rew: -1.08 | Win%: 11.0 | S0: 89.0 | FPS: 1916.4 | Var: dqn
Step: 536576 | EPS: 0.49 | Rew: -1.10 | Win%: 9.5 | S0: 87.2 | FPS: 1870.3 | Var: dqn
Step: 537600 | EPS: 0.49 | Rew: -1.03 | Win%: 9.5 | S0: 93.0 | FPS: 1821.3 | Var: dqn
Step: 538624 | EPS: 0.49 | Rew: -1.25 | Win%: 8.0 | S0: 88.7 | FPS: 1866.3 | Var: dqn
Step: 539648 | EPS: 0.49 | Rew: -1.19 | Win%: 9.5 | S0: 98.2 | FPS: 1839.4 | Var: dqn
Step: 540672 | EPS: 0.49 | Rew: -1.19 | Win%: 9.0 | S0: 96.5 | FPS: 1835.1 | Var: dqn
Step: 541696 | EPS: 0.49 | Rew: -1.27 | Win%: 8.0 | S0: 91.9 | FPS: 1887.6 | Var: dqn
Step: 542720 | EPS: 0.49 | Rew: -1.25 | Win%: 8.0 | S0: 92.8 | FPS: 1971.4 | Var: dqn
Step: 543744 | EPS: 0.49 | Rew: -1.19 | Win%: 9.0 | S0: 93.5 | FPS: 1937.1 | Var: dqn
Step: 544768 | EPS: 0.49 | Rew: -1.18 | Win%: 9.0 | S0: 93.6 | FPS: 1857.9 | Var: dqn
Step: 545792 | EPS: 0.49 | Rew: -1.07 | Win%: 9.5 | S0: 91.0 | FPS: 1917.9 | Var: dqn
Step: 546816 | EPS: 0.49 | Rew: -1.14 | Win%: 9.0 | S0: 90.5 | FPS: 2021.9 | Var: dqn
Step: 547840 | EPS: 0.49 | Rew: -1.12 | Win%: 9.5 | S0: 90.8 | FPS: 1791.4 | Var: dqn
Step: 548864 | EPS: 0.49 | Rew: -1.03 | Win%: 10.5 | S0: 94.4 | FPS: 1990.3 | Var: dqn
Step: 549888 | EPS: 0.49 | Rew: -1.30 | Win%: 9.0 | S0: 87.7 | FPS: 1940.3 | Var: dqn
Step: 550912 | EPS: 0.49 | Rew: -1.31 | Win%: 9.0 | S0: 96.9 | FPS: 2109.5 | Var: dqn
Step: 551936 | EPS: 0.49 | Rew: -1.49 | Win%: 9.5 | S0: 97.1 | FPS: 1987.7 | Var: dqn
Step: 552960 | EPS: 0.49 | Rew: -1.47 | Win%: 9.0 | S0: 95.8 | FPS: 1847.8 | Var: dqn
Step: 553984 | EPS: 0.49 | Rew: -1.38 | Win%: 8.0 | S0: 90.5 | FPS: 1855.3 | Var: dqn
Step: 555008 | EPS: 0.49 | Rew: -1.25 | Win%: 9.5 | S0: 95.2 | FPS: 2129.3 | Var: dqn
Step: 556032 | EPS: 0.49 | Rew: -0.98 | Win%: 9.0 | S0: 95.5 | FPS: 2104.8 | Var: dqn
Step: 557056 | EPS: 0.49 | Rew: -1.02 | Win%: 9.0 | S0: 92.7 | FPS: 1947.1 | Var: dqn
Step: 558080 | EPS: 0.49 | Rew: -0.80 | Win%: 10.5 | S0: 98.6 | FPS: 2073.9 | Var: dqn
Step: 559104 | EPS: 0.49 | Rew: -0.69 | Win%: 11.5 | S0: 108.2 | FPS: 1961.8 | Var: dqn
Step: 560128 | EPS: 0.49 | Rew: -0.73 | Win%: 12.0 | S0: 111.8 | FPS: 1935.4 | Var: dqn
Step: 561152 | EPS: 0.49 | Rew: -0.72 | Win%: 13.0 | S0: 117.5 | FPS: 1952.5 | Var: dqn
Step: 562176 | EPS: 0.49 | Rew: -0.78 | Win%: 12.5 | S0: 117.4 | FPS: 1779.2 | Var: dqn
Step: 563200 | EPS: 0.49 | Rew: -0.76 | Win%: 12.5 | S0: 113.5 | FPS: 2118.6 | Var: dqn
Step: 564224 | EPS: 0.49 | Rew: -0.83 | Win%: 12.5 | S0: 113.8 | FPS: 1650.0 | Var: dqn
Step: 565248 | EPS: 0.48 | Rew: -0.82 | Win%: 13.5 | S0: 115.8 | FPS: 1800.7 | Var: dqn
Step: 566272 | EPS: 0.48 | Rew: -0.79 | Win%: 14.0 | S0: 122.4 | FPS: 1664.9 | Var: dqn
Step: 567296 | EPS: 0.48 | Rew: -0.93 | Win%: 13.0 | S0: 115.2 | FPS: 1776.6 | Var: dqn
Step: 568320 | EPS: 0.48 | Rew: -1.05 | Win%: 13.5 | S0: 115.0 | FPS: 1923.7 | Var: dqn
Step: 569344 | EPS: 0.48 | Rew: -1.04 | Win%: 13.0 | S0: 119.3 | FPS: 2135.1 | Var: dqn
Step: 570368 | EPS: 0.48 | Rew: -0.93 | Win%: 13.5 | S0: 121.8 | FPS: 1680.2 | Var: dqn
Step: 571392 | EPS: 0.48 | Rew: -1.00 | Win%: 12.0 | S0: 111.1 | FPS: 1779.6 | Var: dqn
Step: 572416 | EPS: 0.48 | Rew: -1.13 | Win%: 11.0 | S0: 105.9 | FPS: 1936.4 | Var: dqn
Step: 573440 | EPS: 0.48 | Rew: -1.12 | Win%: 11.5 | S0: 108.5 | FPS: 2048.8 | Var: dqn
Step: 574464 | EPS: 0.48 | Rew: -1.12 | Win%: 10.5 | S0: 101.5 | FPS: 1883.6 | Var: dqn
Step: 575488 | EPS: 0.48 | Rew: -0.90 | Win%: 11.0 | S0: 99.4 | FPS: 1897.9 | Var: dqn
Step: 576512 | EPS: 0.48 | Rew: -1.03 | Win%: 10.5 | S0: 96.9 | FPS: 2078.1 | Var: dqn
Step: 577536 | EPS: 0.48 | Rew: -1.03 | Win%: 10.5 | S0: 93.8 | FPS: 1788.7 | Var: dqn
Step: 578560 | EPS: 0.48 | Rew: -1.01 | Win%: 9.5 | S0: 94.2 | FPS: 2029.6 | Var: dqn
Step: 579584 | EPS: 0.48 | Rew: -1.00 | Win%: 10.0 | S0: 93.5 | FPS: 1919.1 | Var: dqn
Step: 580608 | EPS: 0.48 | Rew: -0.98 | Win%: 9.5 | S0: 94.0 | FPS: 2252.2 | Var: dqn
Step: 581632 | EPS: 0.48 | Rew: -1.07 | Win%: 8.5 | S0: 91.2 | FPS: 1839.5 | Var: dqn
Step: 582656 | EPS: 0.48 | Rew: -0.94 | Win%: 6.5 | S0: 85.3 | FPS: 1892.7 | Var: dqn
Step: 583680 | EPS: 0.48 | Rew: -0.98 | Win%: 7.5 | S0: 95.1 | FPS: 1972.8 | Var: dqn
Step: 584704 | EPS: 0.48 | Rew: -0.94 | Win%: 7.5 | S0: 94.3 | FPS: 1892.2 | Var: dqn
Step: 585728 | EPS: 0.48 | Rew: -0.92 | Win%: 8.5 | S0: 95.2 | FPS: 374.4 | Var: dqn
Step: 586752 | EPS: 0.48 | Rew: -0.81 | Win%: 8.5 | S0: 99.8 | FPS: 1950.4 | Var: dqn
Step: 587776 | EPS: 0.48 | Rew: -0.98 | Win%: 7.5 | S0: 96.2 | FPS: 1849.2 | Var: dqn
Step: 588800 | EPS: 0.48 | Rew: -0.90 | Win%: 9.5 | S0: 106.3 | FPS: 1815.1 | Var: dqn
Step: 589824 | EPS: 0.48 | Rew: -0.97 | Win%: 10.0 | S0: 99.7 | FPS: 1854.4 | Var: dqn
Step: 590848 | EPS: 0.48 | Rew: -0.92 | Win%: 10.5 | S0: 106.1 | FPS: 1764.5 | Var: dqn
Step: 591872 | EPS: 0.48 | Rew: -0.98 | Win%: 10.0 | S0: 105.3 | FPS: 1976.7 | Var: dqn
Step: 592896 | EPS: 0.48 | Rew: -1.03 | Win%: 10.0 | S0: 103.0 | FPS: 1901.4 | Var: dqn
Step: 593920 | EPS: 0.48 | Rew: -0.80 | Win%: 11.0 | S0: 103.0 | FPS: 1985.0 | Var: dqn
Step: 594944 | EPS: 0.48 | Rew: -0.90 | Win%: 11.5 | S0: 101.5 | FPS: 1899.4 | Var: dqn
Step: 595968 | EPS: 0.48 | Rew: -1.07 | Win%: 9.5 | S0: 89.7 | FPS: 2156.5 | Var: dqn
Step: 596992 | EPS: 0.48 | Rew: -1.10 | Win%: 10.5 | S0: 91.3 | FPS: 1963.9 | Var: dqn
Step: 598016 | EPS: 0.48 | Rew: -0.99 | Win%: 10.5 | S0: 91.2 | FPS: 2249.1 | Var: dqn
Step: 599040 | EPS: 0.48 | Rew: -1.05 | Win%: 11.0 | S0: 91.0 | FPS: 2013.5 | Var: dqn
Step: 600064 | EPS: 0.48 | Rew: -1.10 | Win%: 10.5 | S0: 90.0 | FPS: 1899.6 | Var: dqn
Step: 601088 | EPS: 0.48 | Rew: -0.99 | Win%: 9.5 | S0: 89.2 | FPS: 1946.1 | Var: dqn
Step: 602112 | EPS: 0.48 | Rew: -0.97 | Win%: 8.5 | S0: 81.5 | FPS: 1589.6 | Var: dqn
Step: 603136 | EPS: 0.48 | Rew: -1.04 | Win%: 9.0 | S0: 83.0 | FPS: 1993.1 | Var: dqn
Step: 604160 | EPS: 0.48 | Rew: -0.95 | Win%: 11.0 | S0: 91.0 | FPS: 1863.0 | Var: dqn
Step: 605184 | EPS: 0.48 | Rew: -0.85 | Win%: 12.0 | S0: 95.8 | FPS: 2126.6 | Var: dqn
Step: 606208 | EPS: 0.48 | Rew: -0.68 | Win%: 12.5 | S0: 99.9 | FPS: 1919.2 | Var: dqn
Step: 607232 | EPS: 0.48 | Rew: -0.80 | Win%: 12.5 | S0: 99.7 | FPS: 1970.9 | Var: dqn
Step: 608256 | EPS: 0.48 | Rew: -0.83 | Win%: 12.5 | S0: 102.7 | FPS: 1740.7 | Var: dqn
Step: 609280 | EPS: 0.48 | Rew: -0.75 | Win%: 13.5 | S0: 107.5 | FPS: 2428.3 | Var: dqn
Step: 610304 | EPS: 0.48 | Rew: -0.74 | Win%: 12.5 | S0: 102.0 | FPS: 1719.5 | Var: dqn
Step: 611328 | EPS: 0.48 | Rew: -0.89 | Win%: 12.0 | S0: 98.8 | FPS: 1703.6 | Var: dqn
Step: 612352 | EPS: 0.48 | Rew: -0.92 | Win%: 12.5 | S0: 101.7 | FPS: 1885.5 | Var: dqn
Step: 613376 | EPS: 0.48 | Rew: -0.85 | Win%: 13.5 | S0: 106.0 | FPS: 1863.8 | Var: dqn
Step: 614400 | EPS: 0.47 | Rew: -0.89 | Win%: 12.5 | S0: 101.6 | FPS: 1889.9 | Var: dqn
Step: 615424 | EPS: 0.47 | Rew: -0.95 | Win%: 12.0 | S0: 100.0 | FPS: 2254.5 | Var: dqn
Step: 616448 | EPS: 0.47 | Rew: -1.00 | Win%: 12.0 | S0: 102.5 | FPS: 2606.3 | Var: dqn
Step: 617472 | EPS: 0.47 | Rew: -1.01 | Win%: 13.0 | S0: 107.9 | FPS: 2064.1 | Var: dqn
Step: 618496 | EPS: 0.47 | Rew: -0.91 | Win%: 14.0 | S0: 111.7 | FPS: 1736.1 | Var: dqn
Step: 619520 | EPS: 0.47 | Rew: -0.88 | Win%: 12.0 | S0: 101.0 | FPS: 1815.5 | Var: dqn
Step: 620544 | EPS: 0.47 | Rew: -1.01 | Win%: 12.0 | S0: 98.5 | FPS: 1810.0 | Var: dqn
Step: 621568 | EPS: 0.47 | Rew: -0.98 | Win%: 12.0 | S0: 97.6 | FPS: 1844.0 | Var: dqn
Step: 622592 | EPS: 0.47 | Rew: -0.94 | Win%: 13.0 | S0: 99.0 | FPS: 1874.6 | Var: dqn
Step: 623616 | EPS: 0.47 | Rew: -0.87 | Win%: 12.0 | S0: 99.8 | FPS: 2066.0 | Var: dqn
Step: 624640 | EPS: 0.47 | Rew: -0.91 | Win%: 11.0 | S0: 98.0 | FPS: 1737.3 | Var: dqn
Step: 625664 | EPS: 0.47 | Rew: -1.05 | Win%: 11.0 | S0: 99.3 | FPS: 1751.6 | Var: dqn
Step: 626688 | EPS: 0.47 | Rew: -1.08 | Win%: 10.5 | S0: 95.2 | FPS: 1866.9 | Var: dqn
Step: 627712 | EPS: 0.47 | Rew: -1.07 | Win%: 9.0 | S0: 91.8 | FPS: 1930.8 | Var: dqn
Step: 628736 | EPS: 0.47 | Rew: -1.15 | Win%: 9.0 | S0: 94.6 | FPS: 1986.9 | Var: dqn
Step: 629760 | EPS: 0.47 | Rew: -1.13 | Win%: 10.5 | S0: 96.2 | FPS: 1687.5 | Var: dqn
Step: 630784 | EPS: 0.47 | Rew: -1.18 | Win%: 10.0 | S0: 95.8 | FPS: 1824.2 | Var: dqn
Step: 631808 | EPS: 0.47 | Rew: -1.18 | Win%: 8.5 | S0: 89.2 | FPS: 1790.3 | Var: dqn
Step: 632832 | EPS: 0.47 | Rew: -1.14 | Win%: 7.5 | S0: 85.8 | FPS: 1870.9 | Var: dqn
Step: 633856 | EPS: 0.47 | Rew: -1.12 | Win%: 7.0 | S0: 86.5 | FPS: 2094.0 | Var: dqn
Step: 634880 | EPS: 0.47 | Rew: -1.29 | Win%: 8.0 | S0: 90.8 | FPS: 1787.0 | Var: dqn
Step: 635904 | EPS: 0.47 | Rew: -1.26 | Win%: 7.5 | S0: 96.3 | FPS: 1955.7 | Var: dqn
Step: 636928 | EPS: 0.47 | Rew: -1.27 | Win%: 6.5 | S0: 90.8 | FPS: 1877.9 | Var: dqn
Step: 637952 | EPS: 0.47 | Rew: -1.28 | Win%: 7.0 | S0: 87.2 | FPS: 1704.1 | Var: dqn
Step: 638976 | EPS: 0.47 | Rew: -1.24 | Win%: 7.5 | S0: 91.8 | FPS: 1782.5 | Var: dqn
Step: 640000 | EPS: 0.47 | Rew: -1.37 | Win%: 6.5 | S0: 86.3 | FPS: 1854.7 | Var: dqn
Step: 641024 | EPS: 0.47 | Rew: -1.30 | Win%: 7.0 | S0: 91.2 | FPS: 1949.5 | Var: dqn
Step: 642048 | EPS: 0.47 | Rew: -1.16 | Win%: 9.0 | S0: 96.5 | FPS: 1861.6 | Var: dqn
Step: 643072 | EPS: 0.47 | Rew: -0.88 | Win%: 10.0 | S0: 101.5 | FPS: 1821.0 | Var: dqn
Step: 644096 | EPS: 0.47 | Rew: -0.88 | Win%: 10.5 | S0: 111.0 | FPS: 1736.0 | Var: dqn
Step: 645120 | EPS: 0.47 | Rew: -0.90 | Win%: 11.5 | S0: 107.7 | FPS: 1917.3 | Var: dqn
Step: 646144 | EPS: 0.47 | Rew: -0.87 | Win%: 13.0 | S0: 111.7 | FPS: 1716.4 | Var: dqn
Step: 647168 | EPS: 0.47 | Rew: -0.86 | Win%: 12.0 | S0: 106.1 | FPS: 1967.1 | Var: dqn
Step: 648192 | EPS: 0.47 | Rew: -0.93 | Win%: 12.5 | S0: 107.3 | FPS: 1874.0 | Var: dqn
Step: 649216 | EPS: 0.47 | Rew: -1.02 | Win%: 12.0 | S0: 100.8 | FPS: 1989.2 | Var: dqn
Step: 650240 | EPS: 0.47 | Rew: -1.02 | Win%: 12.5 | S0: 103.4 | FPS: 1642.7 | Var: dqn
Step: 651264 | EPS: 0.47 | Rew: -1.07 | Win%: 13.5 | S0: 104.8 | FPS: 1973.8 | Var: dqn
Step: 652288 | EPS: 0.47 | Rew: -1.10 | Win%: 13.5 | S0: 101.5 | FPS: 1679.0 | Var: dqn
Step: 653312 | EPS: 0.47 | Rew: -1.03 | Win%: 14.5 | S0: 108.5 | FPS: 1714.0 | Var: dqn
Step: 654336 | EPS: 0.47 | Rew: -0.97 | Win%: 14.5 | S0: 109.7 | FPS: 1540.6 | Var: dqn
Step: 655360 | EPS: 0.47 | Rew: -0.93 | Win%: 13.0 | S0: 107.8 | FPS: 2032.6 | Var: dqn
Step: 656384 | EPS: 0.47 | Rew: -0.89 | Win%: 14.0 | S0: 106.2 | FPS: 2067.4 | Var: dqn
Step: 657408 | EPS: 0.47 | Rew: -0.88 | Win%: 13.0 | S0: 99.7 | FPS: 1937.1 | Var: dqn
Step: 658432 | EPS: 0.47 | Rew: -0.90 | Win%: 12.0 | S0: 100.9 | FPS: 1904.3 | Var: dqn
Step: 659456 | EPS: 0.47 | Rew: -0.87 | Win%: 13.0 | S0: 104.8 | FPS: 1751.9 | Var: dqn
Step: 660480 | EPS: 0.47 | Rew: -0.84 | Win%: 13.0 | S0: 106.5 | FPS: 1986.3 | Var: dqn
Step: 661504 | EPS: 0.47 | Rew: -0.78 | Win%: 14.0 | S0: 110.2 | FPS: 2066.1 | Var: dqn
Step: 662528 | EPS: 0.47 | Rew: -0.85 | Win%: 13.0 | S0: 108.7 | FPS: 1724.0 | Var: dqn
Step: 663552 | EPS: 0.46 | Rew: -0.82 | Win%: 14.5 | S0: 109.7 | FPS: 1744.6 | Var: dqn
Step: 664576 | EPS: 0.46 | Rew: -0.69 | Win%: 14.5 | S0: 111.0 | FPS: 2182.5 | Var: dqn
Step: 665600 | EPS: 0.46 | Rew: -0.81 | Win%: 13.5 | S0: 103.5 | FPS: 1850.6 | Var: dqn
Step: 666624 | EPS: 0.46 | Rew: -0.71 | Win%: 14.0 | S0: 109.8 | FPS: 2031.7 | Var: dqn
Step: 667648 | EPS: 0.46 | Rew: -0.74 | Win%: 13.5 | S0: 111.3 | FPS: 1858.5 | Var: dqn
Step: 668672 | EPS: 0.46 | Rew: -0.87 | Win%: 12.5 | S0: 102.3 | FPS: 1636.6 | Var: dqn
Step: 669696 | EPS: 0.46 | Rew: -0.89 | Win%: 10.5 | S0: 95.0 | FPS: 1665.4 | Var: dqn
Step: 670720 | EPS: 0.46 | Rew: -0.90 | Win%: 11.0 | S0: 101.4 | FPS: 2013.8 | Var: dqn
Step: 671744 | EPS: 0.46 | Rew: -1.03 | Win%: 10.0 | S0: 99.0 | FPS: 1934.9 | Var: dqn
Step: 672768 | EPS: 0.46 | Rew: -0.98 | Win%: 9.5 | S0: 100.6 | FPS: 1811.3 | Var: dqn
Step: 673792 | EPS: 0.46 | Rew: -0.97 | Win%: 8.5 | S0: 96.8 | FPS: 1627.3 | Var: dqn
Step: 674816 | EPS: 0.46 | Rew: -0.94 | Win%: 8.5 | S0: 95.9 | FPS: 1789.4 | Var: dqn
Step: 675840 | EPS: 0.46 | Rew: -0.93 | Win%: 8.5 | S0: 94.5 | FPS: 1822.0 | Var: dqn
Step: 676864 | EPS: 0.46 | Rew: -0.92 | Win%: 7.0 | S0: 90.5 | FPS: 1758.1 | Var: dqn
Step: 677888 | EPS: 0.46 | Rew: -0.83 | Win%: 7.0 | S0: 93.0 | FPS: 1725.6 | Var: dqn
Step: 678912 | EPS: 0.46 | Rew: -0.91 | Win%: 8.0 | S0: 97.8 | FPS: 2149.7 | Var: dqn
Step: 679936 | EPS: 0.46 | Rew: -0.99 | Win%: 7.5 | S0: 91.9 | FPS: 1846.1 | Var: dqn
Step: 680960 | EPS: 0.46 | Rew: -0.90 | Win%: 8.5 | S0: 99.5 | FPS: 1733.8 | Var: dqn
Step: 681984 | EPS: 0.46 | Rew: -0.85 | Win%: 8.5 | S0: 99.5 | FPS: 1901.9 | Var: dqn
Step: 683008 | EPS: 0.46 | Rew: -0.84 | Win%: 10.0 | S0: 102.8 | FPS: 2268.6 | Var: dqn
Step: 684032 | EPS: 0.46 | Rew: -0.72 | Win%: 10.0 | S0: 99.1 | FPS: 1743.9 | Var: dqn
Step: 685056 | EPS: 0.46 | Rew: -0.72 | Win%: 11.0 | S0: 101.2 | FPS: 1922.5 | Var: dqn
Step: 686080 | EPS: 0.46 | Rew: -0.67 | Win%: 11.0 | S0: 103.6 | FPS: 1911.9 | Var: dqn
Step: 687104 | EPS: 0.46 | Rew: -0.73 | Win%: 10.5 | S0: 104.0 | FPS: 2038.3 | Var: dqn
Step: 688128 | EPS: 0.46 | Rew: -0.78 | Win%: 10.0 | S0: 105.3 | FPS: 1865.7 | Var: dqn
Step: 689152 | EPS: 0.46 | Rew: -0.91 | Win%: 9.0 | S0: 99.8 | FPS: 2065.9 | Var: dqn
Step: 690176 | EPS: 0.46 | Rew: -0.90 | Win%: 10.0 | S0: 101.5 | FPS: 2057.4 | Var: dqn
Step: 691200 | EPS: 0.46 | Rew: -0.86 | Win%: 10.0 | S0: 100.4 | FPS: 1962.6 | Var: dqn
Step: 692224 | EPS: 0.46 | Rew: -0.85 | Win%: 12.0 | S0: 108.6 | FPS: 1951.3 | Var: dqn
Step: 693248 | EPS: 0.46 | Rew: -0.81 | Win%: 11.0 | S0: 107.7 | FPS: 2023.3 | Var: dqn
Step: 694272 | EPS: 0.46 | Rew: -0.73 | Win%: 11.0 | S0: 107.5 | FPS: 1888.8 | Var: dqn
Step: 695296 | EPS: 0.46 | Rew: -0.66 | Win%: 11.0 | S0: 105.2 | FPS: 1864.0 | Var: dqn
Step: 696320 | EPS: 0.46 | Rew: -0.79 | Win%: 10.5 | S0: 105.4 | FPS: 2119.9 | Var: dqn
Step: 697344 | EPS: 0.46 | Rew: -0.80 | Win%: 10.5 | S0: 100.7 | FPS: 2001.7 | Var: dqn
Step: 698368 | EPS: 0.46 | Rew: -0.87 | Win%: 11.0 | S0: 95.8 | FPS: 2000.6 | Var: dqn
Step: 699392 | EPS: 0.46 | Rew: -0.92 | Win%: 11.5 | S0: 100.2 | FPS: 1910.5 | Var: dqn
Step: 700416 | EPS: 0.46 | Rew: -0.89 | Win%: 13.0 | S0: 106.2 | FPS: 1937.0 | Var: dqn
Step: 701440 | EPS: 0.46 | Rew: -0.81 | Win%: 13.5 | S0: 109.0 | FPS: 1792.1 | Var: dqn
Step: 702464 | EPS: 0.46 | Rew: -0.98 | Win%: 12.0 | S0: 100.7 | FPS: 1771.2 | Var: dqn
Step: 703488 | EPS: 0.46 | Rew: -0.97 | Win%: 12.0 | S0: 103.5 | FPS: 1880.7 | Var: dqn
Step: 704512 | EPS: 0.46 | Rew: -0.97 | Win%: 11.5 | S0: 96.1 | FPS: 2070.5 | Var: dqn
Step: 705536 | EPS: 0.46 | Rew: -0.94 | Win%: 12.0 | S0: 101.2 | FPS: 1618.9 | Var: dqn
Step: 706560 | EPS: 0.46 | Rew: -0.91 | Win%: 10.5 | S0: 97.2 | FPS: 1947.5 | Var: dqn
Step: 707584 | EPS: 0.46 | Rew: -0.93 | Win%: 11.5 | S0: 103.5 | FPS: 1873.0 | Var: dqn
Step: 708608 | EPS: 0.46 | Rew: -0.99 | Win%: 11.0 | S0: 102.8 | FPS: 1664.7 | Var: dqn
Step: 709632 | EPS: 0.46 | Rew: -0.88 | Win%: 10.0 | S0: 101.3 | FPS: 1771.1 | Var: dqn
Step: 710656 | EPS: 0.46 | Rew: -1.10 | Win%: 10.0 | S0: 98.8 | FPS: 2136.7 | Var: dqn
Step: 711680 | EPS: 0.46 | Rew: -0.97 | Win%: 10.0 | S0: 102.3 | FPS: 1995.7 | Var: dqn
Step: 712704 | EPS: 0.45 | Rew: -1.03 | Win%: 9.5 | S0: 98.7 | FPS: 2078.8 | Var: dqn
Step: 713728 | EPS: 0.45 | Rew: -1.02 | Win%: 9.5 | S0: 102.4 | FPS: 1988.7 | Var: dqn
Step: 714752 | EPS: 0.45 | Rew: -1.02 | Win%: 10.5 | S0: 104.2 | FPS: 2051.0 | Var: dqn
Step: 715776 | EPS: 0.45 | Rew: -1.02 | Win%: 9.5 | S0: 103.3 | FPS: 1920.2 | Var: dqn
Step: 716800 | EPS: 0.45 | Rew: -1.01 | Win%: 9.5 | S0: 102.4 | FPS: 1802.8 | Var: dqn
Step: 717824 | EPS: 0.45 | Rew: -1.00 | Win%: 10.0 | S0: 101.4 | FPS: 1819.9 | Var: dqn
Step: 718848 | EPS: 0.45 | Rew: -0.85 | Win%: 9.5 | S0: 101.8 | FPS: 1789.1 | Var: dqn
Step: 719872 | EPS: 0.45 | Rew: -0.84 | Win%: 10.5 | S0: 111.6 | FPS: 1977.6 | Var: dqn
Step: 720896 | EPS: 0.45 | Rew: -0.90 | Win%: 10.0 | S0: 106.4 | FPS: 1936.9 | Var: dqn
Step: 721920 | EPS: 0.45 | Rew: -0.97 | Win%: 10.0 | S0: 104.0 | FPS: 1810.5 | Var: dqn
Step: 722944 | EPS: 0.45 | Rew: -0.98 | Win%: 9.5 | S0: 98.5 | FPS: 1798.6 | Var: dqn
Step: 723968 | EPS: 0.45 | Rew: -1.14 | Win%: 10.0 | S0: 98.0 | FPS: 1816.1 | Var: dqn
Step: 724992 | EPS: 0.45 | Rew: -1.10 | Win%: 10.0 | S0: 98.4 | FPS: 1976.6 | Var: dqn
Step: 726016 | EPS: 0.45 | Rew: -1.04 | Win%: 10.5 | S0: 105.7 | FPS: 1755.2 | Var: dqn
Step: 727040 | EPS: 0.45 | Rew: -0.96 | Win%: 12.5 | S0: 116.7 | FPS: 2015.4 | Var: dqn
Step: 728064 | EPS: 0.45 | Rew: -1.22 | Win%: 12.5 | S0: 116.8 | FPS: 2183.0 | Var: dqn
Step: 729088 | EPS: 0.45 | Rew: -1.21 | Win%: 12.0 | S0: 110.5 | FPS: 2184.1 | Var: dqn
Step: 730112 | EPS: 0.45 | Rew: -1.23 | Win%: 11.5 | S0: 106.5 | FPS: 1880.0 | Var: dqn
Step: 731136 | EPS: 0.45 | Rew: -1.28 | Win%: 10.5 | S0: 103.3 | FPS: 2035.1 | Var: dqn
Step: 732160 | EPS: 0.45 | Rew: -1.23 | Win%: 9.5 | S0: 91.8 | FPS: 1828.4 | Var: dqn
Step: 733184 | EPS: 0.45 | Rew: -1.19 | Win%: 11.0 | S0: 97.2 | FPS: 1900.2 | Var: dqn
Step: 734208 | EPS: 0.45 | Rew: -1.42 | Win%: 9.5 | S0: 91.4 | FPS: 1816.0 | Var: dqn
Step: 735232 | EPS: 0.45 | Rew: -1.34 | Win%: 9.5 | S0: 84.8 | FPS: 2091.7 | Var: dqn
Step: 736256 | EPS: 0.45 | Rew: -1.38 | Win%: 9.5 | S0: 80.3 | FPS: 1798.8 | Var: dqn
Step: 737280 | EPS: 0.45 | Rew: -1.26 | Win%: 9.5 | S0: 87.4 | FPS: 1715.2 | Var: dqn
Step: 738304 | EPS: 0.45 | Rew: -1.06 | Win%: 11.5 | S0: 98.2 | FPS: 1810.7 | Var: dqn
Step: 739328 | EPS: 0.45 | Rew: -0.91 | Win%: 13.0 | S0: 108.0 | FPS: 1996.2 | Var: dqn
Step: 740352 | EPS: 0.45 | Rew: -0.73 | Win%: 14.0 | S0: 108.5 | FPS: 1779.4 | Var: dqn
Step: 741376 | EPS: 0.45 | Rew: -0.68 | Win%: 13.5 | S0: 99.0 | FPS: 1721.7 | Var: dqn
Step: 742400 | EPS: 0.45 | Rew: -0.57 | Win%: 13.5 | S0: 104.0 | FPS: 1783.1 | Var: dqn
Step: 743424 | EPS: 0.45 | Rew: -0.43 | Win%: 14.5 | S0: 111.5 | FPS: 1963.6 | Var: dqn
Step: 744448 | EPS: 0.45 | Rew: -0.69 | Win%: 14.5 | S0: 114.9 | FPS: 2001.3 | Var: dqn
Step: 745472 | EPS: 0.45 | Rew: -0.72 | Win%: 14.5 | S0: 118.0 | FPS: 1989.2 | Var: dqn
Step: 746496 | EPS: 0.45 | Rew: -0.83 | Win%: 14.0 | S0: 123.7 | FPS: 2257.1 | Var: dqn
Step: 747520 | EPS: 0.45 | Rew: -0.82 | Win%: 15.5 | S0: 132.3 | FPS: 2055.4 | Var: dqn
Step: 748544 | EPS: 0.45 | Rew: -0.95 | Win%: 15.5 | S0: 132.7 | FPS: 1947.5 | Var: dqn
Step: 749568 | EPS: 0.45 | Rew: -0.98 | Win%: 15.0 | S0: 131.4 | FPS: 1972.9 | Var: dqn
Step: 750592 | EPS: 0.45 | Rew: -0.97 | Win%: 15.5 | S0: 135.1 | FPS: 1602.2 | Var: dqn
Step: 751616 | EPS: 0.45 | Rew: -0.91 | Win%: 14.0 | S0: 118.8 | FPS: 1783.4 | Var: dqn
Step: 752640 | EPS: 0.45 | Rew: -0.96 | Win%: 13.0 | S0: 115.8 | FPS: 1832.2 | Var: dqn
Step: 753664 | EPS: 0.45 | Rew: -1.17 | Win%: 11.0 | S0: 108.5 | FPS: 1992.5 | Var: dqn
Step: 754688 | EPS: 0.45 | Rew: -1.04 | Win%: 12.5 | S0: 120.9 | FPS: 2007.3 | Var: dqn
Step: 755712 | EPS: 0.45 | Rew: -1.01 | Win%: 11.5 | S0: 117.5 | FPS: 1726.5 | Var: dqn
Step: 756736 | EPS: 0.45 | Rew: -0.98 | Win%: 12.0 | S0: 114.4 | FPS: 1636.1 | Var: dqn
Step: 757760 | EPS: 0.45 | Rew: -1.00 | Win%: 12.0 | S0: 113.6 | FPS: 2008.3 | Var: dqn
Step: 758784 | EPS: 0.45 | Rew: -1.03 | Win%: 11.0 | S0: 108.7 | FPS: 1983.3 | Var: dqn
Step: 759808 | EPS: 0.45 | Rew: -0.95 | Win%: 11.0 | S0: 105.5 | FPS: 1963.0 | Var: dqn
Step: 760832 | EPS: 0.45 | Rew: -1.02 | Win%: 9.5 | S0: 90.8 | FPS: 1823.6 | Var: dqn
Step: 761856 | EPS: 0.44 | Rew: -1.07 | Win%: 11.0 | S0: 96.5 | FPS: 1730.2 | Var: dqn
Step: 762880 | EPS: 0.44 | Rew: -1.03 | Win%: 12.0 | S0: 103.2 | FPS: 1505.8 | Var: dqn
Step: 763904 | EPS: 0.44 | Rew: -1.00 | Win%: 12.0 | S0: 108.8 | FPS: 1783.9 | Var: dqn
Step: 764928 | EPS: 0.44 | Rew: -0.82 | Win%: 14.0 | S0: 115.5 | FPS: 1842.9 | Var: dqn
Step: 765952 | EPS: 0.44 | Rew: -0.66 | Win%: 14.5 | S0: 120.7 | FPS: 1855.0 | Var: dqn
Step: 766976 | EPS: 0.44 | Rew: -0.71 | Win%: 13.5 | S0: 111.5 | FPS: 1660.4 | Var: dqn
Step: 768000 | EPS: 0.44 | Rew: -0.84 | Win%: 11.0 | S0: 101.5 | FPS: 1869.4 | Var: dqn
Step: 769024 | EPS: 0.44 | Rew: -0.79 | Win%: 11.0 | S0: 106.3 | FPS: 2053.2 | Var: dqn
Step: 770048 | EPS: 0.44 | Rew: -0.80 | Win%: 11.5 | S0: 105.2 | FPS: 1730.5 | Var: dqn
Step: 771072 | EPS: 0.44 | Rew: -0.84 | Win%: 12.5 | S0: 113.5 | FPS: 1924.9 | Var: dqn
Step: 772096 | EPS: 0.44 | Rew: -0.90 | Win%: 12.5 | S0: 116.2 | FPS: 1857.4 | Var: dqn
Step: 773120 | EPS: 0.44 | Rew: -0.83 | Win%: 13.5 | S0: 122.2 | FPS: 1974.2 | Var: dqn
Step: 774144 | EPS: 0.44 | Rew: -0.90 | Win%: 11.5 | S0: 121.2 | FPS: 1863.4 | Var: dqn
Step: 775168 | EPS: 0.44 | Rew: -0.87 | Win%: 11.5 | S0: 121.2 | FPS: 1673.6 | Var: dqn
Step: 776192 | EPS: 0.44 | Rew: -0.98 | Win%: 12.0 | S0: 117.9 | FPS: 1829.8 | Var: dqn
Step: 777216 | EPS: 0.44 | Rew: -1.00 | Win%: 11.0 | S0: 107.7 | FPS: 1984.2 | Var: dqn
Step: 778240 | EPS: 0.44 | Rew: -1.05 | Win%: 10.5 | S0: 104.8 | FPS: 2050.1 | Var: dqn
Step: 779264 | EPS: 0.44 | Rew: -1.05 | Win%: 11.0 | S0: 105.3 | FPS: 1771.7 | Var: dqn
Step: 780288 | EPS: 0.44 | Rew: -0.94 | Win%: 11.5 | S0: 106.7 | FPS: 1774.4 | Var: dqn
Step: 781312 | EPS: 0.44 | Rew: -0.85 | Win%: 13.5 | S0: 113.1 | FPS: 2007.6 | Var: dqn
Step: 782336 | EPS: 0.44 | Rew: -0.86 | Win%: 12.0 | S0: 106.4 | FPS: 1884.6 | Var: dqn
Step: 783360 | EPS: 0.44 | Rew: -0.84 | Win%: 12.5 | S0: 106.0 | FPS: 1821.0 | Var: dqn
Step: 784384 | EPS: 0.44 | Rew: -0.89 | Win%: 12.5 | S0: 106.6 | FPS: 1620.1 | Var: dqn
Step: 785408 | EPS: 0.44 | Rew: -0.90 | Win%: 11.5 | S0: 104.4 | FPS: 1557.4 | Var: dqn
Step: 786432 | EPS: 0.44 | Rew: -0.88 | Win%: 11.0 | S0: 102.2 | FPS: 1773.8 | Var: dqn
Step: 787456 | EPS: 0.44 | Rew: -0.98 | Win%: 11.0 | S0: 98.3 | FPS: 1900.3 | Var: dqn
Step: 788480 | EPS: 0.44 | Rew: -0.97 | Win%: 10.0 | S0: 96.2 | FPS: 1943.9 | Var: dqn
Step: 789504 | EPS: 0.44 | Rew: -0.94 | Win%: 10.0 | S0: 97.9 | FPS: 1793.8 | Var: dqn
Step: 790528 | EPS: 0.44 | Rew: -0.83 | Win%: 9.5 | S0: 97.2 | FPS: 1823.0 | Var: dqn
Step: 791552 | EPS: 0.44 | Rew: -0.87 | Win%: 10.0 | S0: 97.2 | FPS: 1935.6 | Var: dqn
Step: 792576 | EPS: 0.44 | Rew: -0.95 | Win%: 9.5 | S0: 95.2 | FPS: 1630.2 | Var: dqn
Step: 793600 | EPS: 0.44 | Rew: -0.90 | Win%: 9.0 | S0: 95.0 | FPS: 1913.5 | Var: dqn
Step: 794624 | EPS: 0.44 | Rew: -0.84 | Win%: 8.0 | S0: 93.4 | FPS: 2077.5 | Var: dqn
Step: 795648 | EPS: 0.44 | Rew: -0.93 | Win%: 8.0 | S0: 91.3 | FPS: 2079.7 | Var: dqn
Step: 796672 | EPS: 0.44 | Rew: -1.00 | Win%: 8.5 | S0: 90.0 | FPS: 1755.2 | Var: dqn
Step: 797696 | EPS: 0.44 | Rew: -1.04 | Win%: 8.5 | S0: 85.3 | FPS: 1764.9 | Var: dqn
Step: 798720 | EPS: 0.44 | Rew: -1.04 | Win%: 8.5 | S0: 81.7 | FPS: 1958.9 | Var: dqn
Step: 799744 | EPS: 0.44 | Rew: -0.88 | Win%: 10.0 | S0: 89.5 | FPS: 1796.1 | Var: dqn
Step: 800768 | EPS: 0.44 | Rew: -0.91 | Win%: 10.0 | S0: 91.2 | FPS: 1631.5 | Var: dqn
Step: 801792 | EPS: 0.44 | Rew: -0.86 | Win%: 11.5 | S0: 99.2 | FPS: 1661.6 | Var: dqn
Step: 802816 | EPS: 0.44 | Rew: -0.79 | Win%: 12.0 | S0: 106.2 | FPS: 1901.9 | Var: dqn
Step: 803840 | EPS: 0.44 | Rew: -0.77 | Win%: 11.5 | S0: 102.5 | FPS: 1823.9 | Var: dqn
Step: 804864 | EPS: 0.44 | Rew: -0.73 | Win%: 11.5 | S0: 100.6 | FPS: 1965.2 | Var: dqn
Step: 805888 | EPS: 0.44 | Rew: -0.86 | Win%: 11.5 | S0: 97.8 | FPS: 1874.3 | Var: dqn
Step: 806912 | EPS: 0.44 | Rew: -0.92 | Win%: 12.0 | S0: 96.2 | FPS: 1758.7 | Var: dqn
Step: 807936 | EPS: 0.44 | Rew: -1.04 | Win%: 11.0 | S0: 94.8 | FPS: 1706.4 | Var: dqn
Step: 808960 | EPS: 0.44 | Rew: -1.01 | Win%: 11.5 | S0: 97.3 | FPS: 2130.6 | Var: dqn
Step: 809984 | EPS: 0.44 | Rew: -1.15 | Win%: 11.5 | S0: 96.5 | FPS: 1832.3 | Var: dqn
Step: 811008 | EPS: 0.43 | Rew: -1.22 | Win%: 12.0 | S0: 100.2 | FPS: 2010.0 | Var: dqn
Step: 812032 | EPS: 0.43 | Rew: -1.27 | Win%: 12.0 | S0: 101.2 | FPS: 1917.0 | Var: dqn
Step: 813056 | EPS: 0.43 | Rew: -1.23 | Win%: 11.5 | S0: 101.5 | FPS: 1505.6 | Var: dqn
Step: 814080 | EPS: 0.43 | Rew: -1.19 | Win%: 12.0 | S0: 109.8 | FPS: 1731.2 | Var: dqn
Step: 815104 | EPS: 0.43 | Rew: -1.13 | Win%: 11.0 | S0: 107.3 | FPS: 1542.1 | Var: dqn
Step: 816128 | EPS: 0.43 | Rew: -1.14 | Win%: 10.0 | S0: 98.9 | FPS: 1741.7 | Var: dqn
Step: 817152 | EPS: 0.43 | Rew: -1.08 | Win%: 9.5 | S0: 100.4 | FPS: 1950.4 | Var: dqn
Step: 818176 | EPS: 0.43 | Rew: -1.02 | Win%: 9.5 | S0: 98.9 | FPS: 2014.6 | Var: dqn
Step: 819200 | EPS: 0.43 | Rew: -1.05 | Win%: 9.5 | S0: 101.2 | FPS: 2023.8 | Var: dqn
Step: 820224 | EPS: 0.43 | Rew: -0.98 | Win%: 9.5 | S0: 98.4 | FPS: 1992.6 | Var: dqn
Step: 821248 | EPS: 0.43 | Rew: -1.10 | Win%: 11.0 | S0: 102.2 | FPS: 1934.7 | Var: dqn
Step: 822272 | EPS: 0.43 | Rew: -1.15 | Win%: 10.5 | S0: 101.5 | FPS: 2032.0 | Var: dqn
Step: 823296 | EPS: 0.43 | Rew: -1.12 | Win%: 10.0 | S0: 105.3 | FPS: 1822.6 | Var: dqn
Step: 824320 | EPS: 0.43 | Rew: -1.11 | Win%: 10.5 | S0: 107.4 | FPS: 1724.0 | Var: dqn
Step: 825344 | EPS: 0.43 | Rew: -1.19 | Win%: 10.5 | S0: 104.3 | FPS: 1855.5 | Var: dqn
Step: 826368 | EPS: 0.43 | Rew: -1.29 | Win%: 11.5 | S0: 105.1 | FPS: 2066.1 | Var: dqn
Step: 827392 | EPS: 0.43 | Rew: -1.34 | Win%: 11.0 | S0: 102.4 | FPS: 1891.7 | Var: dqn
Step: 828416 | EPS: 0.43 | Rew: -1.36 | Win%: 12.5 | S0: 105.2 | FPS: 1979.7 | Var: dqn
Step: 829440 | EPS: 0.43 | Rew: -1.45 | Win%: 12.0 | S0: 103.3 | FPS: 1703.7 | Var: dqn
Step: 830464 | EPS: 0.43 | Rew: -1.35 | Win%: 11.5 | S0: 103.0 | FPS: 1849.7 | Var: dqn
Step: 831488 | EPS: 0.43 | Rew: -1.40 | Win%: 12.0 | S0: 97.2 | FPS: 1940.0 | Var: dqn
Step: 832512 | EPS: 0.43 | Rew: -1.53 | Win%: 13.0 | S0: 98.0 | FPS: 1726.3 | Var: dqn
Step: 833536 | EPS: 0.43 | Rew: -1.50 | Win%: 14.0 | S0: 104.0 | FPS: 2013.4 | Var: dqn
Step: 834560 | EPS: 0.43 | Rew: -1.43 | Win%: 14.0 | S0: 105.2 | FPS: 1610.8 | Var: dqn
Step: 835584 | EPS: 0.43 | Rew: -1.29 | Win%: 13.0 | S0: 105.2 | FPS: 1613.4 | Var: dqn
Step: 836608 | EPS: 0.43 | Rew: -1.30 | Win%: 12.0 | S0: 100.8 | FPS: 1916.2 | Var: dqn
Step: 837632 | EPS: 0.43 | Rew: -1.27 | Win%: 11.5 | S0: 102.5 | FPS: 1728.8 | Var: dqn
Step: 838656 | EPS: 0.43 | Rew: -1.42 | Win%: 11.0 | S0: 91.4 | FPS: 2106.3 | Var: dqn
Step: 839680 | EPS: 0.43 | Rew: -1.29 | Win%: 10.0 | S0: 89.0 | FPS: 2089.0 | Var: dqn
Step: 840704 | EPS: 0.43 | Rew: -1.28 | Win%: 10.5 | S0: 94.2 | FPS: 1636.2 | Var: dqn
Step: 841728 | EPS: 0.43 | Rew: -1.25 | Win%: 10.5 | S0: 93.5 | FPS: 2073.9 | Var: dqn
Step: 842752 | EPS: 0.43 | Rew: -1.35 | Win%: 10.0 | S0: 88.0 | FPS: 2009.1 | Var: dqn
Step: 843776 | EPS: 0.43 | Rew: -1.31 | Win%: 9.5 | S0: 87.2 | FPS: 1817.0 | Var: dqn
Step: 844800 | EPS: 0.43 | Rew: -1.46 | Win%: 10.0 | S0: 89.6 | FPS: 1875.1 | Var: dqn
Step: 845824 | EPS: 0.43 | Rew: -1.42 | Win%: 9.5 | S0: 90.2 | FPS: 1756.2 | Var: dqn
Step: 846848 | EPS: 0.43 | Rew: -1.46 | Win%: 9.0 | S0: 88.7 | FPS: 1908.1 | Var: dqn
Step: 847872 | EPS: 0.43 | Rew: -1.37 | Win%: 8.5 | S0: 90.2 | FPS: 2029.9 | Var: dqn
Step: 848896 | EPS: 0.43 | Rew: -1.29 | Win%: 9.0 | S0: 92.8 | FPS: 2001.9 | Var: dqn
Step: 849920 | EPS: 0.43 | Rew: -1.33 | Win%: 8.5 | S0: 95.7 | FPS: 2011.6 | Var: dqn
Step: 850944 | EPS: 0.43 | Rew: -1.38 | Win%: 8.5 | S0: 96.0 | FPS: 2097.0 | Var: dqn
Step: 851968 | EPS: 0.43 | Rew: -1.46 | Win%: 9.0 | S0: 97.5 | FPS: 1628.5 | Var: dqn
Step: 852992 | EPS: 0.43 | Rew: -1.35 | Win%: 10.0 | S0: 102.0 | FPS: 1784.1 | Var: dqn
Step: 854016 | EPS: 0.43 | Rew: -1.20 | Win%: 9.5 | S0: 99.8 | FPS: 1932.5 | Var: dqn
Step: 855040 | EPS: 0.43 | Rew: -1.14 | Win%: 9.0 | S0: 98.8 | FPS: 1829.3 | Var: dqn
Step: 856064 | EPS: 0.43 | Rew: -1.11 | Win%: 11.0 | S0: 98.5 | FPS: 1946.2 | Var: dqn
Step: 857088 | EPS: 0.43 | Rew: -1.15 | Win%: 13.0 | S0: 110.2 | FPS: 2163.5 | Var: dqn
Step: 858112 | EPS: 0.43 | Rew: -0.94 | Win%: 14.5 | S0: 117.0 | FPS: 1941.4 | Var: dqn
Step: 859136 | EPS: 0.42 | Rew: -0.71 | Win%: 15.0 | S0: 124.3 | FPS: 1848.2 | Var: dqn
Step: 860160 | EPS: 0.42 | Rew: -0.74 | Win%: 15.5 | S0: 134.6 | FPS: 1811.4 | Var: dqn
Step: 861184 | EPS: 0.42 | Rew: -0.66 | Win%: 16.0 | S0: 141.2 | FPS: 1753.7 | Var: dqn
Step: 862208 | EPS: 0.42 | Rew: -0.61 | Win%: 15.5 | S0: 142.4 | FPS: 1876.3 | Var: dqn
Step: 863232 | EPS: 0.42 | Rew: -0.66 | Win%: 15.5 | S0: 138.8 | FPS: 1818.9 | Var: dqn
Step: 864256 | EPS: 0.42 | Rew: -0.58 | Win%: 15.5 | S0: 137.8 | FPS: 1663.9 | Var: dqn
Step: 865280 | EPS: 0.42 | Rew: -0.74 | Win%: 15.0 | S0: 131.1 | FPS: 1853.1 | Var: dqn
Step: 866304 | EPS: 0.42 | Rew: -0.92 | Win%: 15.5 | S0: 134.9 | FPS: 1663.9 | Var: dqn
Step: 867328 | EPS: 0.42 | Rew: -0.95 | Win%: 16.0 | S0: 141.0 | FPS: 1789.6 | Var: dqn
Step: 868352 | EPS: 0.42 | Rew: -0.96 | Win%: 16.0 | S0: 138.8 | FPS: 2037.3 | Var: dqn
Step: 869376 | EPS: 0.42 | Rew: -0.86 | Win%: 17.0 | S0: 143.4 | FPS: 2050.5 | Var: dqn
Step: 870400 | EPS: 0.42 | Rew: -0.94 | Win%: 15.5 | S0: 137.1 | FPS: 1672.5 | Var: dqn
Step: 871424 | EPS: 0.42 | Rew: -0.99 | Win%: 14.0 | S0: 130.2 | FPS: 1722.0 | Var: dqn
Step: 872448 | EPS: 0.42 | Rew: -1.09 | Win%: 13.0 | S0: 117.4 | FPS: 1811.0 | Var: dqn
Step: 873472 | EPS: 0.42 | Rew: -1.38 | Win%: 11.5 | S0: 101.3 | FPS: 2037.2 | Var: dqn
Step: 874496 | EPS: 0.42 | Rew: -1.47 | Win%: 12.5 | S0: 99.4 | FPS: 2190.1 | Var: dqn
Step: 875520 | EPS: 0.42 | Rew: -1.53 | Win%: 14.0 | S0: 103.2 | FPS: 1864.8 | Var: dqn
Step: 876544 | EPS: 0.42 | Rew: -1.24 | Win%: 16.0 | S0: 111.5 | FPS: 1926.5 | Var: dqn
Step: 877568 | EPS: 0.42 | Rew: -1.11 | Win%: 16.0 | S0: 116.1 | FPS: 1933.5 | Var: dqn
Step: 878592 | EPS: 0.42 | Rew: -0.87 | Win%: 15.5 | S0: 116.7 | FPS: 1841.8 | Var: dqn
Step: 879616 | EPS: 0.42 | Rew: -0.78 | Win%: 15.5 | S0: 114.0 | FPS: 1906.6 | Var: dqn
Step: 880640 | EPS: 0.42 | Rew: -0.77 | Win%: 14.5 | S0: 110.5 | FPS: 1975.8 | Var: dqn
Step: 881664 | EPS: 0.42 | Rew: -0.68 | Win%: 16.0 | S0: 112.5 | FPS: 1937.7 | Var: dqn
Step: 882688 | EPS: 0.42 | Rew: -0.79 | Win%: 17.0 | S0: 112.0 | FPS: 1733.8 | Var: dqn
Step: 883712 | EPS: 0.42 | Rew: -0.84 | Win%: 17.0 | S0: 113.0 | FPS: 1971.4 | Var: dqn
Step: 884736 | EPS: 0.42 | Rew: -0.96 | Win%: 15.5 | S0: 113.7 | FPS: 1864.2 | Var: dqn
Step: 885760 | EPS: 0.42 | Rew: -1.07 | Win%: 15.0 | S0: 116.0 | FPS: 2413.7 | Var: dqn
Step: 886784 | EPS: 0.42 | Rew: -0.82 | Win%: 15.5 | S0: 123.9 | FPS: 2078.0 | Var: dqn
Step: 887808 | EPS: 0.42 | Rew: -0.88 | Win%: 14.5 | S0: 123.0 | FPS: 2210.2 | Var: dqn
Step: 888832 | EPS: 0.42 | Rew: -1.00 | Win%: 12.0 | S0: 114.4 | FPS: 2137.8 | Var: dqn
Step: 889856 | EPS: 0.42 | Rew: -1.06 | Win%: 11.0 | S0: 106.0 | FPS: 1970.5 | Var: dqn
Step: 890880 | EPS: 0.42 | Rew: -0.75 | Win%: 12.0 | S0: 111.5 | FPS: 1776.2 | Var: dqn
Step: 891904 | EPS: 0.42 | Rew: -0.76 | Win%: 12.0 | S0: 112.8 | FPS: 2002.3 | Var: dqn
Step: 892928 | EPS: 0.42 | Rew: -0.75 | Win%: 12.5 | S0: 114.3 | FPS: 1896.5 | Var: dqn
Step: 893952 | EPS: 0.42 | Rew: -0.49 | Win%: 13.0 | S0: 120.8 | FPS: 2042.8 | Var: dqn
Step: 894976 | EPS: 0.42 | Rew: -0.44 | Win%: 12.5 | S0: 122.0 | FPS: 1797.8 | Var: dqn
Step: 896000 | EPS: 0.42 | Rew: -0.61 | Win%: 12.5 | S0: 114.2 | FPS: 1519.3 | Var: dqn
Step: 897024 | EPS: 0.42 | Rew: -0.58 | Win%: 14.5 | S0: 119.8 | FPS: 1818.1 | Var: dqn
Step: 898048 | EPS: 0.42 | Rew: -0.57 | Win%: 14.5 | S0: 115.4 | FPS: 1833.3 | Var: dqn
Step: 899072 | EPS: 0.42 | Rew: -0.49 | Win%: 15.5 | S0: 118.8 | FPS: 1887.2 | Var: dqn
Step: 900096 | EPS: 0.42 | Rew: -0.74 | Win%: 15.0 | S0: 117.8 | FPS: 1763.7 | Var: dqn
Step: 901120 | EPS: 0.42 | Rew: -0.65 | Win%: 17.0 | S0: 126.3 | FPS: 2006.6 | Var: dqn
Step: 902144 | EPS: 0.42 | Rew: -0.59 | Win%: 17.0 | S0: 121.3 | FPS: 1829.3 | Var: dqn
Step: 903168 | EPS: 0.42 | Rew: -0.54 | Win%: 18.0 | S0: 127.5 | FPS: 2050.6 | Var: dqn
Step: 904192 | EPS: 0.42 | Rew: -0.56 | Win%: 18.5 | S0: 132.2 | FPS: 1887.1 | Var: dqn
Step: 905216 | EPS: 0.42 | Rew: -0.37 | Win%: 17.5 | S0: 131.1 | FPS: 2108.1 | Var: dqn
Step: 906240 | EPS: 0.42 | Rew: -0.38 | Win%: 19.5 | S0: 137.6 | FPS: 1766.6 | Var: dqn
Step: 907264 | EPS: 0.42 | Rew: -0.25 | Win%: 20.5 | S0: 147.6 | FPS: 1981.6 | Var: dqn
Step: 908288 | EPS: 0.41 | Rew: -0.35 | Win%: 19.5 | S0: 147.0 | FPS: 1973.6 | Var: dqn
Step: 909312 | EPS: 0.41 | Rew: -0.40 | Win%: 19.5 | S0: 141.2 | FPS: 1989.9 | Var: dqn
Step: 910336 | EPS: 0.41 | Rew: -0.40 | Win%: 21.0 | S0: 149.2 | FPS: 2087.7 | Var: dqn
Step: 911360 | EPS: 0.41 | Rew: -0.44 | Win%: 20.5 | S0: 146.8 | FPS: 1787.8 | Var: dqn
Step: 912384 | EPS: 0.41 | Rew: -0.48 | Win%: 19.5 | S0: 148.6 | FPS: 1761.7 | Var: dqn
Step: 913408 | EPS: 0.41 | Rew: -0.52 | Win%: 18.0 | S0: 145.3 | FPS: 1575.6 | Var: dqn
Step: 914432 | EPS: 0.41 | Rew: -0.52 | Win%: 18.0 | S0: 139.6 | FPS: 1955.0 | Var: dqn
Step: 915456 | EPS: 0.41 | Rew: -0.58 | Win%: 17.0 | S0: 131.8 | FPS: 2174.0 | Var: dqn
Step: 916480 | EPS: 0.41 | Rew: -0.46 | Win%: 18.0 | S0: 134.6 | FPS: 1909.7 | Var: dqn
Step: 917504 | EPS: 0.41 | Rew: -0.55 | Win%: 17.0 | S0: 126.0 | FPS: 1836.2 | Var: dqn
Step: 918528 | EPS: 0.41 | Rew: -0.62 | Win%: 15.5 | S0: 121.0 | FPS: 1724.7 | Var: dqn
Step: 919552 | EPS: 0.41 | Rew: -0.55 | Win%: 16.5 | S0: 126.0 | FPS: 1878.6 | Var: dqn
Step: 920576 | EPS: 0.41 | Rew: -0.55 | Win%: 16.0 | S0: 120.3 | FPS: 1761.8 | Var: dqn
Step: 921600 | EPS: 0.41 | Rew: -0.40 | Win%: 19.0 | S0: 129.3 | FPS: 1947.0 | Var: dqn
Step: 922624 | EPS: 0.41 | Rew: -0.44 | Win%: 17.5 | S0: 121.1 | FPS: 2259.1 | Var: dqn
Step: 923648 | EPS: 0.41 | Rew: -0.39 | Win%: 16.5 | S0: 117.7 | FPS: 2119.5 | Var: dqn
Step: 924672 | EPS: 0.41 | Rew: -0.40 | Win%: 18.5 | S0: 124.7 | FPS: 1749.6 | Var: dqn
Step: 925696 | EPS: 0.41 | Rew: -0.34 | Win%: 18.0 | S0: 124.7 | FPS: 1610.2 | Var: dqn
Step: 926720 | EPS: 0.41 | Rew: -0.32 | Win%: 18.0 | S0: 128.0 | FPS: 1687.4 | Var: dqn
Step: 927744 | EPS: 0.41 | Rew: -0.34 | Win%: 19.0 | S0: 128.5 | FPS: 1699.8 | Var: dqn
Step: 928768 | EPS: 0.41 | Rew: -0.25 | Win%: 21.5 | S0: 137.2 | FPS: 2028.5 | Var: dqn
Step: 929792 | EPS: 0.41 | Rew: -0.27 | Win%: 21.0 | S0: 130.0 | FPS: 2030.5 | Var: dqn
Step: 930816 | EPS: 0.41 | Rew: -0.33 | Win%: 21.5 | S0: 128.9 | FPS: 1925.6 | Var: dqn
Step: 931840 | EPS: 0.41 | Rew: -0.31 | Win%: 22.0 | S0: 126.7 | FPS: 1840.5 | Var: dqn
Step: 932864 | EPS: 0.41 | Rew: -0.35 | Win%: 21.0 | S0: 126.5 | FPS: 2235.0 | Var: dqn
Step: 933888 | EPS: 0.41 | Rew: -0.29 | Win%: 24.5 | S0: 141.3 | FPS: 1741.1 | Var: dqn
Step: 934912 | EPS: 0.41 | Rew: -0.17 | Win%: 25.0 | S0: 146.7 | FPS: 1876.6 | Var: dqn
Step: 935936 | EPS: 0.41 | Rew: -0.19 | Win%: 25.5 | S0: 144.3 | FPS: 1940.4 | Var: dqn
Step: 936960 | EPS: 0.41 | Rew: -0.12 | Win%: 26.5 | S0: 147.5 | FPS: 1734.9 | Var: dqn
Step: 937984 | EPS: 0.41 | Rew: -0.06 | Win%: 28.5 | S0: 164.4 | FPS: 1780.2 | Var: dqn
Step: 939008 | EPS: 0.41 | Rew: -0.09 | Win%: 27.5 | S0: 160.8 | FPS: 2143.2 | Var: dqn
Step: 940032 | EPS: 0.41 | Rew: -0.26 | Win%: 27.0 | S0: 159.8 | FPS: 1812.0 | Var: dqn
Step: 941056 | EPS: 0.41 | Rew: -0.29 | Win%: 25.5 | S0: 156.1 | FPS: 1827.6 | Var: dqn
Step: 942080 | EPS: 0.41 | Rew: -0.38 | Win%: 25.5 | S0: 156.8 | FPS: 1859.2 | Var: dqn
Step: 943104 | EPS: 0.41 | Rew: -0.51 | Win%: 27.0 | S0: 161.8 | FPS: 1915.8 | Var: dqn
Step: 944128 | EPS: 0.41 | Rew: -0.38 | Win%: 27.5 | S0: 159.2 | FPS: 1809.9 | Var: dqn
Step: 945152 | EPS: 0.41 | Rew: -0.41 | Win%: 25.0 | S0: 147.7 | FPS: 1851.6 | Var: dqn
Step: 946176 | EPS: 0.41 | Rew: -0.31 | Win%: 25.0 | S0: 155.3 | FPS: 1840.7 | Var: dqn
Step: 947200 | EPS: 0.41 | Rew: -0.45 | Win%: 23.5 | S0: 152.1 | FPS: 2008.1 | Var: dqn
Step: 948224 | EPS: 0.41 | Rew: -0.41 | Win%: 23.5 | S0: 148.5 | FPS: 1854.0 | Var: dqn
Step: 949248 | EPS: 0.41 | Rew: -0.41 | Win%: 23.0 | S0: 149.2 | FPS: 1829.6 | Var: dqn
Step: 950272 | EPS: 0.41 | Rew: -0.46 | Win%: 22.0 | S0: 150.4 | FPS: 1940.0 | Var: dqn
Step: 951296 | EPS: 0.41 | Rew: -0.54 | Win%: 22.5 | S0: 151.7 | FPS: 1664.2 | Var: dqn
Step: 952320 | EPS: 0.41 | Rew: -0.44 | Win%: 21.5 | S0: 150.3 | FPS: 1586.7 | Var: dqn
Step: 953344 | EPS: 0.41 | Rew: -0.56 | Win%: 20.5 | S0: 145.1 | FPS: 1906.0 | Var: dqn
Step: 954368 | EPS: 0.41 | Rew: -0.59 | Win%: 18.5 | S0: 138.3 | FPS: 2222.5 | Var: dqn
Step: 955392 | EPS: 0.41 | Rew: -0.47 | Win%: 18.5 | S0: 137.4 | FPS: 1831.3 | Var: dqn
Step: 956416 | EPS: 0.41 | Rew: -0.52 | Win%: 17.0 | S0: 128.4 | FPS: 1984.5 | Var: dqn
Step: 957440 | EPS: 0.40 | Rew: -0.54 | Win%: 18.0 | S0: 127.2 | FPS: 1689.6 | Var: dqn
Step: 958464 | EPS: 0.40 | Rew: -0.57 | Win%: 14.0 | S0: 114.7 | FPS: 1892.6 | Var: dqn
Step: 959488 | EPS: 0.40 | Rew: -0.49 | Win%: 16.5 | S0: 117.0 | FPS: 1943.6 | Var: dqn
Step: 960512 | EPS: 0.40 | Rew: -0.47 | Win%: 18.5 | S0: 122.9 | FPS: 1984.4 | Var: dqn
Step: 961536 | EPS: 0.40 | Rew: -0.33 | Win%: 20.0 | S0: 131.0 | FPS: 1876.1 | Var: dqn
Step: 962560 | EPS: 0.40 | Rew: -0.15 | Win%: 21.5 | S0: 145.3 | FPS: 1858.7 | Var: dqn
Step: 963584 | EPS: 0.40 | Rew: -0.26 | Win%: 21.0 | S0: 138.2 | FPS: 2115.4 | Var: dqn
Step: 964608 | EPS: 0.40 | Rew: -0.26 | Win%: 20.5 | S0: 136.9 | FPS: 2011.8 | Var: dqn
Step: 965632 | EPS: 0.40 | Rew: -0.29 | Win%: 22.0 | S0: 144.7 | FPS: 1864.4 | Var: dqn
Step: 966656 | EPS: 0.40 | Rew: -0.19 | Win%: 23.5 | S0: 151.8 | FPS: 1706.4 | Var: dqn
Step: 967680 | EPS: 0.40 | Rew: -0.28 | Win%: 24.0 | S0: 155.3 | FPS: 1892.6 | Var: dqn
Step: 968704 | EPS: 0.40 | Rew: -0.36 | Win%: 24.5 | S0: 160.8 | FPS: 1962.3 | Var: dqn
Step: 969728 | EPS: 0.40 | Rew: -0.28 | Win%: 26.5 | S0: 165.3 | FPS: 1804.4 | Var: dqn
Step: 970752 | EPS: 0.40 | Rew: -0.24 | Win%: 26.5 | S0: 165.7 | FPS: 1979.5 | Var: dqn
Step: 971776 | EPS: 0.40 | Rew: -0.30 | Win%: 26.5 | S0: 166.8 | FPS: 1837.5 | Var: dqn
Step: 972800 | EPS: 0.40 | Rew: -0.26 | Win%: 26.5 | S0: 160.1 | FPS: 1853.6 | Var: dqn
Step: 973824 | EPS: 0.40 | Rew: -0.35 | Win%: 23.5 | S0: 146.1 | FPS: 1727.5 | Var: dqn
Step: 974848 | EPS: 0.40 | Rew: -0.49 | Win%: 23.0 | S0: 141.2 | FPS: 1710.8 | Var: dqn
Step: 975872 | EPS: 0.40 | Rew: -0.45 | Win%: 24.5 | S0: 149.0 | FPS: 1869.4 | Var: dqn
Step: 976896 | EPS: 0.40 | Rew: -0.41 | Win%: 23.5 | S0: 149.5 | FPS: 2098.5 | Var: dqn
Step: 977920 | EPS: 0.40 | Rew: -0.54 | Win%: 21.5 | S0: 135.8 | FPS: 1920.0 | Var: dqn
Step: 978944 | EPS: 0.40 | Rew: -0.45 | Win%: 21.5 | S0: 138.0 | FPS: 1887.8 | Var: dqn
Step: 979968 | EPS: 0.40 | Rew: -0.29 | Win%: 22.0 | S0: 137.1 | FPS: 2001.7 | Var: dqn
Step: 980992 | EPS: 0.40 | Rew: -0.34 | Win%: 21.0 | S0: 134.1 | FPS: 1844.7 | Var: dqn
Step: 982016 | EPS: 0.40 | Rew: -0.29 | Win%: 23.0 | S0: 141.7 | FPS: 1610.6 | Var: dqn
Step: 983040 | EPS: 0.40 | Rew: -0.31 | Win%: 20.5 | S0: 130.9 | FPS: 2045.5 | Var: dqn
Step: 984064 | EPS: 0.40 | Rew: -0.37 | Win%: 19.5 | S0: 129.9 | FPS: 1852.6 | Var: dqn
Step: 985088 | EPS: 0.40 | Rew: -0.39 | Win%: 21.0 | S0: 133.0 | FPS: 1734.1 | Var: dqn
Step: 986112 | EPS: 0.40 | Rew: -0.40 | Win%: 22.0 | S0: 138.9 | FPS: 1868.3 | Var: dqn
Step: 987136 | EPS: 0.40 | Rew: -0.35 | Win%: 22.0 | S0: 142.9 | FPS: 1705.3 | Var: dqn
Step: 988160 | EPS: 0.40 | Rew: -0.42 | Win%: 22.5 | S0: 133.2 | FPS: 1710.2 | Var: dqn
Step: 989184 | EPS: 0.40 | Rew: -0.41 | Win%: 24.0 | S0: 138.2 | FPS: 1688.0 | Var: dqn
Step: 990208 | EPS: 0.40 | Rew: -0.40 | Win%: 22.5 | S0: 134.3 | FPS: 1926.0 | Var: dqn
Step: 991232 | EPS: 0.40 | Rew: -0.33 | Win%: 23.5 | S0: 140.2 | FPS: 1684.1 | Var: dqn
Step: 992256 | EPS: 0.40 | Rew: -0.51 | Win%: 23.0 | S0: 138.3 | FPS: 1633.1 | Var: dqn
Step: 993280 | EPS: 0.40 | Rew: -0.49 | Win%: 22.5 | S0: 139.7 | FPS: 1921.0 | Var: dqn
Step: 994304 | EPS: 0.40 | Rew: -0.47 | Win%: 23.5 | S0: 140.7 | FPS: 1888.3 | Var: dqn
Step: 995328 | EPS: 0.40 | Rew: -0.58 | Win%: 22.5 | S0: 134.9 | FPS: 1706.6 | Var: dqn
Step: 996352 | EPS: 0.40 | Rew: -0.63 | Win%: 22.0 | S0: 140.2 | FPS: 1858.4 | Var: dqn
Step: 997376 | EPS: 0.40 | Rew: -0.74 | Win%: 22.0 | S0: 142.8 | FPS: 1851.5 | Var: dqn
Step: 998400 | EPS: 0.40 | Rew: -0.54 | Win%: 22.0 | S0: 146.2 | FPS: 1904.8 | Var: dqn
Step: 999424 | EPS: 0.40 | Rew: -0.66 | Win%: 21.0 | S0: 141.5 | FPS: 1874.1 | Var: dqn
Step: 1000448 | EPS: 0.40 | Rew: -0.59 | Win%: 21.5 | S0: 141.3 | FPS: 1909.7 | Var: dqn
Step: 1001472 | EPS: 0.40 | Rew: -0.51 | Win%: 22.0 | S0: 143.8 | FPS: 1851.9 | Var: dqn
Step: 1002496 | EPS: 0.40 | Rew: -0.48 | Win%: 22.5 | S0: 140.7 | FPS: 1828.5 | Var: dqn
Step: 1003520 | EPS: 0.40 | Rew: -0.35 | Win%: 21.5 | S0: 136.9 | FPS: 2036.3 | Var: dqn
Step: 1004544 | EPS: 0.40 | Rew: -0.30 | Win%: 24.5 | S0: 146.5 | FPS: 2653.2 | Var: dqn
Step: 1005568 | EPS: 0.40 | Rew: -0.19 | Win%: 25.0 | S0: 150.7 | FPS: 1869.1 | Var: dqn
Step: 1006592 | EPS: 0.39 | Rew: -0.15 | Win%: 25.5 | S0: 156.3 | FPS: 2013.8 | Var: dqn
Step: 1007616 | EPS: 0.39 | Rew: -0.19 | Win%: 25.5 | S0: 157.8 | FPS: 2008.7 | Var: dqn
Step: 1008640 | EPS: 0.39 | Rew: -0.28 | Win%: 26.0 | S0: 159.7 | FPS: 1851.7 | Var: dqn
Step: 1009664 | EPS: 0.39 | Rew: -0.26 | Win%: 27.0 | S0: 164.8 | FPS: 1723.7 | Var: dqn
Step: 1010688 | EPS: 0.39 | Rew: -0.25 | Win%: 27.0 | S0: 166.1 | FPS: 1736.6 | Var: dqn
Step: 1011712 | EPS: 0.39 | Rew: -0.41 | Win%: 26.5 | S0: 156.8 | FPS: 2053.6 | Var: dqn
Step: 1012736 | EPS: 0.39 | Rew: -0.44 | Win%: 27.5 | S0: 161.6 | FPS: 2043.7 | Var: dqn
Step: 1013760 | EPS: 0.39 | Rew: -0.41 | Win%: 26.5 | S0: 159.2 | FPS: 1943.1 | Var: dqn
Step: 1014784 | EPS: 0.39 | Rew: -0.29 | Win%: 26.0 | S0: 162.9 | FPS: 1674.8 | Var: dqn
Step: 1015808 | EPS: 0.39 | Rew: -0.36 | Win%: 26.0 | S0: 165.7 | FPS: 1634.1 | Var: dqn
Step: 1016832 | EPS: 0.39 | Rew: -0.35 | Win%: 25.5 | S0: 164.2 | FPS: 1891.1 | Var: dqn
Step: 1017856 | EPS: 0.39 | Rew: -0.21 | Win%: 25.5 | S0: 169.7 | FPS: 1748.4 | Var: dqn
Step: 1018880 | EPS: 0.39 | Rew: -0.20 | Win%: 24.5 | S0: 162.6 | FPS: 2007.9 | Var: dqn
Step: 1019904 | EPS: 0.39 | Rew: -0.17 | Win%: 24.0 | S0: 162.9 | FPS: 1817.8 | Var: dqn
Step: 1020928 | EPS: 0.39 | Rew: -0.25 | Win%: 23.5 | S0: 159.8 | FPS: 1660.1 | Var: dqn
Step: 1021952 | EPS: 0.39 | Rew: -0.20 | Win%: 24.0 | S0: 167.4 | FPS: 1889.5 | Var: dqn
Step: 1022976 | EPS: 0.39 | Rew: -0.29 | Win%: 24.5 | S0: 167.7 | FPS: 1806.5 | Var: dqn
Step: 1024000 | EPS: 0.39 | Rew: -0.33 | Win%: 24.5 | S0: 162.4 | FPS: 1673.8 | Var: dqn
Step: 1025024 | EPS: 0.39 | Rew: -0.41 | Win%: 24.0 | S0: 156.6 | FPS: 2059.9 | Var: dqn
Step: 1026048 | EPS: 0.39 | Rew: -0.39 | Win%: 26.5 | S0: 167.1 | FPS: 2065.2 | Var: dqn
Step: 1027072 | EPS: 0.39 | Rew: -0.56 | Win%: 26.0 | S0: 166.3 | FPS: 1626.2 | Var: dqn
Step: 1028096 | EPS: 0.39 | Rew: -0.48 | Win%: 26.0 | S0: 170.4 | FPS: 2067.5 | Var: dqn
Step: 1029120 | EPS: 0.39 | Rew: -0.67 | Win%: 25.5 | S0: 159.6 | FPS: 2122.2 | Var: dqn
Step: 1030144 | EPS: 0.39 | Rew: -0.47 | Win%: 26.5 | S0: 165.6 | FPS: 1901.5 | Var: dqn
Step: 1031168 | EPS: 0.39 | Rew: -0.41 | Win%: 26.5 | S0: 165.3 | FPS: 1669.4 | Var: dqn
Step: 1032192 | EPS: 0.39 | Rew: -0.39 | Win%: 26.0 | S0: 160.9 | FPS: 1797.0 | Var: dqn
Step: 1033216 | EPS: 0.39 | Rew: -0.33 | Win%: 27.0 | S0: 159.4 | FPS: 1911.1 | Var: dqn
Step: 1034240 | EPS: 0.39 | Rew: -0.35 | Win%: 26.5 | S0: 156.2 | FPS: 1761.0 | Var: dqn
Step: 1035264 | EPS: 0.39 | Rew: -0.37 | Win%: 27.5 | S0: 160.1 | FPS: 1936.8 | Var: dqn
Step: 1036288 | EPS: 0.39 | Rew: -0.25 | Win%: 27.0 | S0: 154.7 | FPS: 2007.0 | Var: dqn
Step: 1037312 | EPS: 0.39 | Rew: -0.44 | Win%: 29.0 | S0: 160.1 | FPS: 1811.4 | Var: dqn
Step: 1038336 | EPS: 0.39 | Rew: -0.44 | Win%: 28.5 | S0: 157.3 | FPS: 1945.2 | Var: dqn
Step: 1039360 | EPS: 0.39 | Rew: -0.49 | Win%: 29.0 | S0: 158.8 | FPS: 1911.9 | Var: dqn
Step: 1040384 | EPS: 0.39 | Rew: -0.46 | Win%: 28.5 | S0: 156.0 | FPS: 1850.9 | Var: dqn
Step: 1041408 | EPS: 0.39 | Rew: -0.40 | Win%: 30.0 | S0: 169.7 | FPS: 2074.1 | Var: dqn
Step: 1042432 | EPS: 0.39 | Rew: -0.43 | Win%: 32.0 | S0: 172.1 | FPS: 1851.5 | Var: dqn
Step: 1043456 | EPS: 0.39 | Rew: -0.43 | Win%: 29.5 | S0: 159.2 | FPS: 1704.4 | Var: dqn
Step: 1044480 | EPS: 0.39 | Rew: -0.40 | Win%: 29.5 | S0: 163.6 | FPS: 1871.0 | Var: dqn
Step: 1045504 | EPS: 0.39 | Rew: -0.43 | Win%: 28.0 | S0: 161.8 | FPS: 1846.2 | Var: dqn
Step: 1046528 | EPS: 0.39 | Rew: -0.32 | Win%: 27.5 | S0: 160.8 | FPS: 1909.6 | Var: dqn
Step: 1047552 | EPS: 0.39 | Rew: -0.26 | Win%: 28.0 | S0: 165.6 | FPS: 2032.0 | Var: dqn
Step: 1048576 | EPS: 0.39 | Rew: -0.42 | Win%: 25.0 | S0: 156.1 | FPS: 1907.1 | Var: dqn
Step: 1049600 | EPS: 0.39 | Rew: -0.29 | Win%: 25.0 | S0: 161.1 | FPS: 1634.0 | Var: dqn
Step: 1050624 | EPS: 0.39 | Rew: -0.29 | Win%: 24.5 | S0: 162.7 | FPS: 1781.8 | Var: dqn
Step: 1051648 | EPS: 0.39 | Rew: -0.37 | Win%: 22.5 | S0: 152.8 | FPS: 1743.3 | Var: dqn
Step: 1052672 | EPS: 0.39 | Rew: -0.32 | Win%: 22.5 | S0: 152.7 | FPS: 1832.7 | Var: dqn
Step: 1053696 | EPS: 0.39 | Rew: -0.33 | Win%: 22.5 | S0: 153.4 | FPS: 1811.6 | Var: dqn
Step: 1054720 | EPS: 0.39 | Rew: -0.30 | Win%: 21.0 | S0: 157.5 | FPS: 1584.3 | Var: dqn
Step: 1055744 | EPS: 0.38 | Rew: -0.38 | Win%: 22.0 | S0: 160.4 | FPS: 1914.8 | Var: dqn
Step: 1056768 | EPS: 0.38 | Rew: -0.36 | Win%: 22.5 | S0: 160.9 | FPS: 2100.1 | Var: dqn
Step: 1057792 | EPS: 0.38 | Rew: -0.34 | Win%: 23.0 | S0: 156.7 | FPS: 1925.2 | Var: dqn
Step: 1058816 | EPS: 0.38 | Rew: -0.36 | Win%: 23.5 | S0: 154.9 | FPS: 2006.8 | Var: dqn
Step: 1059840 | EPS: 0.38 | Rew: -0.52 | Win%: 22.0 | S0: 148.9 | FPS: 2108.3 | Var: dqn
Step: 1060864 | EPS: 0.38 | Rew: -0.43 | Win%: 22.5 | S0: 150.1 | FPS: 1861.9 | Var: dqn
Step: 1061888 | EPS: 0.38 | Rew: -0.31 | Win%: 23.0 | S0: 151.1 | FPS: 1879.9 | Var: dqn
Step: 1062912 | EPS: 0.38 | Rew: -0.30 | Win%: 23.0 | S0: 156.5 | FPS: 1850.4 | Var: dqn
Step: 1063936 | EPS: 0.38 | Rew: -0.31 | Win%: 22.0 | S0: 150.8 | FPS: 2040.9 | Var: dqn
Step: 1064960 | EPS: 0.38 | Rew: -0.26 | Win%: 21.0 | S0: 145.1 | FPS: 1810.8 | Var: dqn
Step: 1065984 | EPS: 0.38 | Rew: -0.29 | Win%: 21.5 | S0: 139.0 | FPS: 1953.5 | Var: dqn
Step: 1067008 | EPS: 0.38 | Rew: -0.33 | Win%: 21.0 | S0: 138.9 | FPS: 1998.8 | Var: dqn
Step: 1068032 | EPS: 0.38 | Rew: -0.42 | Win%: 20.0 | S0: 135.8 | FPS: 1906.9 | Var: dqn
Step: 1069056 | EPS: 0.38 | Rew: -0.37 | Win%: 20.0 | S0: 143.8 | FPS: 1990.0 | Var: dqn
Step: 1070080 | EPS: 0.38 | Rew: -0.39 | Win%: 20.5 | S0: 142.8 | FPS: 1991.3 | Var: dqn
Step: 1071104 | EPS: 0.38 | Rew: -0.38 | Win%: 21.5 | S0: 140.1 | FPS: 1915.8 | Var: dqn
Step: 1072128 | EPS: 0.38 | Rew: -0.31 | Win%: 22.0 | S0: 144.2 | FPS: 1914.8 | Var: dqn
Step: 1073152 | EPS: 0.38 | Rew: -0.26 | Win%: 22.0 | S0: 143.2 | FPS: 1791.9 | Var: dqn
Step: 1074176 | EPS: 0.38 | Rew: -0.31 | Win%: 22.5 | S0: 145.8 | FPS: 1891.7 | Var: dqn
Step: 1075200 | EPS: 0.38 | Rew: -0.13 | Win%: 24.0 | S0: 150.8 | FPS: 1887.7 | Var: dqn
Step: 1076224 | EPS: 0.38 | Rew: -0.20 | Win%: 23.5 | S0: 151.9 | FPS: 1655.0 | Var: dqn
Step: 1077248 | EPS: 0.38 | Rew: -0.07 | Win%: 26.5 | S0: 169.2 | FPS: 1975.8 | Var: dqn
Step: 1078272 | EPS: 0.38 | Rew: -0.02 | Win%: 28.0 | S0: 175.1 | FPS: 1843.1 | Var: dqn
Step: 1079296 | EPS: 0.38 | Rew: -0.12 | Win%: 25.0 | S0: 163.4 | FPS: 1654.3 | Var: dqn
Step: 1080320 | EPS: 0.38 | Rew: -0.10 | Win%: 28.0 | S0: 173.8 | FPS: 1582.2 | Var: dqn
Step: 1081344 | EPS: 0.38 | Rew: -0.23 | Win%: 26.0 | S0: 171.4 | FPS: 2153.5 | Var: dqn
Step: 1082368 | EPS: 0.38 | Rew: -0.19 | Win%: 28.5 | S0: 182.7 | FPS: 1892.4 | Var: dqn
Step: 1083392 | EPS: 0.38 | Rew: -0.15 | Win%: 30.0 | S0: 193.3 | FPS: 1964.7 | Var: dqn
Step: 1084416 | EPS: 0.38 | Rew: -0.06 | Win%: 29.0 | S0: 191.8 | FPS: 1764.2 | Var: dqn
Step: 1085440 | EPS: 0.38 | Rew: -0.14 | Win%: 28.0 | S0: 186.8 | FPS: 1838.0 | Var: dqn
Step: 1086464 | EPS: 0.38 | Rew: -0.09 | Win%: 26.0 | S0: 183.1 | FPS: 1868.3 | Var: dqn
Step: 1087488 | EPS: 0.38 | Rew: -0.17 | Win%: 25.0 | S0: 173.2 | FPS: 1781.1 | Var: dqn
Step: 1088512 | EPS: 0.38 | Rew: -0.29 | Win%: 25.0 | S0: 168.7 | FPS: 1824.4 | Var: dqn
Step: 1089536 | EPS: 0.38 | Rew: -0.34 | Win%: 24.5 | S0: 173.7 | FPS: 1907.2 | Var: dqn
Step: 1090560 | EPS: 0.38 | Rew: -0.40 | Win%: 25.0 | S0: 172.6 | FPS: 1882.3 | Var: dqn
Step: 1091584 | EPS: 0.38 | Rew: -0.32 | Win%: 25.0 | S0: 171.7 | FPS: 1827.4 | Var: dqn
Step: 1092608 | EPS: 0.38 | Rew: -0.39 | Win%: 23.0 | S0: 161.8 | FPS: 1826.0 | Var: dqn
Step: 1093632 | EPS: 0.38 | Rew: -0.41 | Win%: 19.0 | S0: 144.4 | FPS: 1841.1 | Var: dqn
Step: 1094656 | EPS: 0.38 | Rew: -0.30 | Win%: 20.5 | S0: 150.2 | FPS: 1806.9 | Var: dqn
Step: 1095680 | EPS: 0.38 | Rew: -0.28 | Win%: 21.5 | S0: 146.5 | FPS: 1687.1 | Var: dqn
Step: 1096704 | EPS: 0.38 | Rew: -0.09 | Win%: 24.5 | S0: 155.1 | FPS: 1660.6 | Var: dqn
Step: 1097728 | EPS: 0.38 | Rew: 0.08 | Win%: 26.0 | S0: 168.6 | FPS: 1721.5 | Var: dqn
Step: 1098752 | EPS: 0.38 | Rew: 0.10 | Win%: 26.5 | S0: 164.6 | FPS: 1779.8 | Var: dqn
Step: 1099776 | EPS: 0.38 | Rew: 0.10 | Win%: 27.5 | S0: 169.2 | FPS: 1747.9 | Var: dqn
Step: 1100800 | EPS: 0.38 | Rew: -0.05 | Win%: 25.0 | S0: 164.3 | FPS: 1729.6 | Var: dqn
Step: 1101824 | EPS: 0.38 | Rew: -0.23 | Win%: 24.0 | S0: 167.7 | FPS: 1788.6 | Var: dqn
Step: 1102848 | EPS: 0.38 | Rew: -0.40 | Win%: 24.0 | S0: 159.2 | FPS: 2049.8 | Var: dqn
Step: 1103872 | EPS: 0.38 | Rew: -0.42 | Win%: 25.0 | S0: 158.7 | FPS: 1864.3 | Var: dqn
Step: 1104896 | EPS: 0.37 | Rew: -0.31 | Win%: 26.5 | S0: 171.8 | FPS: 1802.1 | Var: dqn
Step: 1105920 | EPS: 0.37 | Rew: -0.31 | Win%: 26.5 | S0: 170.8 | FPS: 1832.6 | Var: dqn
Step: 1106944 | EPS: 0.37 | Rew: -0.36 | Win%: 25.0 | S0: 165.6 | FPS: 1722.3 | Var: dqn
Step: 1107968 | EPS: 0.37 | Rew: -0.33 | Win%: 22.0 | S0: 157.7 | FPS: 1971.1 | Var: dqn
Step: 1108992 | EPS: 0.37 | Rew: -0.27 | Win%: 21.0 | S0: 146.5 | FPS: 1940.5 | Var: dqn
Step: 1110016 | EPS: 0.37 | Rew: -0.36 | Win%: 18.5 | S0: 141.2 | FPS: 1861.2 | Var: dqn
Step: 1111040 | EPS: 0.37 | Rew: -0.50 | Win%: 19.0 | S0: 144.2 | FPS: 1943.5 | Var: dqn
Step: 1112064 | EPS: 0.37 | Rew: -0.35 | Win%: 19.0 | S0: 143.4 | FPS: 2030.4 | Var: dqn
Step: 1113088 | EPS: 0.37 | Rew: -0.45 | Win%: 19.5 | S0: 141.8 | FPS: 1877.9 | Var: dqn
Step: 1114112 | EPS: 0.37 | Rew: -0.26 | Win%: 22.0 | S0: 154.2 | FPS: 2026.3 | Var: dqn
Step: 1115136 | EPS: 0.37 | Rew: -0.24 | Win%: 22.0 | S0: 158.4 | FPS: 1912.6 | Var: dqn
Step: 1116160 | EPS: 0.37 | Rew: -0.22 | Win%: 21.0 | S0: 159.6 | FPS: 1618.0 | Var: dqn
Step: 1117184 | EPS: 0.37 | Rew: -0.14 | Win%: 21.0 | S0: 159.9 | FPS: 2031.7 | Var: dqn
Step: 1118208 | EPS: 0.37 | Rew: -0.14 | Win%: 21.5 | S0: 162.3 | FPS: 2047.5 | Var: dqn
Step: 1119232 | EPS: 0.37 | Rew: -0.05 | Win%: 21.5 | S0: 159.8 | FPS: 1983.3 | Var: dqn
Step: 1120256 | EPS: 0.37 | Rew: -0.32 | Win%: 20.5 | S0: 158.2 | FPS: 1849.2 | Var: dqn
Step: 1121280 | EPS: 0.37 | Rew: -0.34 | Win%: 22.0 | S0: 168.8 | FPS: 1819.5 | Var: dqn
Step: 1122304 | EPS: 0.37 | Rew: -0.34 | Win%: 21.5 | S0: 163.2 | FPS: 1895.9 | Var: dqn
Step: 1123328 | EPS: 0.37 | Rew: -0.39 | Win%: 21.5 | S0: 160.3 | FPS: 1707.7 | Var: dqn
Step: 1124352 | EPS: 0.37 | Rew: -0.46 | Win%: 21.0 | S0: 160.4 | FPS: 1589.8 | Var: dqn
Step: 1125376 | EPS: 0.37 | Rew: -0.49 | Win%: 20.5 | S0: 156.4 | FPS: 1929.6 | Var: dqn
Step: 1126400 | EPS: 0.37 | Rew: -0.54 | Win%: 21.5 | S0: 164.8 | FPS: 1878.1 | Var: dqn
Step: 1127424 | EPS: 0.37 | Rew: -0.44 | Win%: 20.0 | S0: 156.9 | FPS: 2023.2 | Var: dqn
Step: 1128448 | EPS: 0.37 | Rew: -0.38 | Win%: 20.5 | S0: 159.9 | FPS: 1533.6 | Var: dqn
Step: 1129472 | EPS: 0.37 | Rew: -0.21 | Win%: 22.5 | S0: 166.8 | FPS: 1783.7 | Var: dqn
Step: 1130496 | EPS: 0.37 | Rew: -0.15 | Win%: 21.5 | S0: 165.0 | FPS: 1846.2 | Var: dqn
Step: 1131520 | EPS: 0.37 | Rew: -0.14 | Win%: 21.0 | S0: 159.7 | FPS: 1959.9 | Var: dqn
Step: 1132544 | EPS: 0.37 | Rew: -0.06 | Win%: 22.0 | S0: 158.4 | FPS: 1752.7 | Var: dqn
Step: 1133568 | EPS: 0.37 | Rew: -0.23 | Win%: 22.5 | S0: 159.7 | FPS: 1895.7 | Var: dqn
Step: 1134592 | EPS: 0.37 | Rew: -0.38 | Win%: 21.0 | S0: 151.9 | FPS: 1833.5 | Var: dqn
Step: 1135616 | EPS: 0.37 | Rew: -0.45 | Win%: 22.0 | S0: 156.3 | FPS: 1820.0 | Var: dqn
Step: 1136640 | EPS: 0.37 | Rew: -0.43 | Win%: 24.0 | S0: 165.7 | FPS: 1861.3 | Var: dqn
Step: 1137664 | EPS: 0.37 | Rew: -0.38 | Win%: 25.0 | S0: 168.1 | FPS: 1962.7 | Var: dqn
Step: 1138688 | EPS: 0.37 | Rew: -0.49 | Win%: 26.5 | S0: 167.7 | FPS: 1699.3 | Var: dqn
Step: 1139712 | EPS: 0.37 | Rew: -0.35 | Win%: 28.0 | S0: 176.1 | FPS: 2166.6 | Var: dqn
Step: 1140736 | EPS: 0.37 | Rew: -0.07 | Win%: 27.0 | S0: 174.3 | FPS: 1815.6 | Var: dqn
Step: 1141760 | EPS: 0.37 | Rew: -0.05 | Win%: 27.5 | S0: 175.9 | FPS: 1898.1 | Var: dqn
Step: 1142784 | EPS: 0.37 | Rew: -0.14 | Win%: 26.5 | S0: 170.6 | FPS: 1849.8 | Var: dqn
Step: 1143808 | EPS: 0.37 | Rew: -0.14 | Win%: 27.5 | S0: 170.3 | FPS: 2011.4 | Var: dqn
Step: 1144832 | EPS: 0.37 | Rew: -0.19 | Win%: 26.0 | S0: 162.2 | FPS: 1911.4 | Var: dqn
Step: 1145856 | EPS: 0.37 | Rew: -0.32 | Win%: 25.5 | S0: 160.8 | FPS: 1876.1 | Var: dqn
Step: 1146880 | EPS: 0.37 | Rew: -0.21 | Win%: 28.5 | S0: 173.3 | FPS: 1633.8 | Var: dqn
Step: 1147904 | EPS: 0.37 | Rew: -0.25 | Win%: 29.5 | S0: 174.9 | FPS: 1819.9 | Var: dqn
Step: 1148928 | EPS: 0.37 | Rew: -0.24 | Win%: 29.5 | S0: 172.6 | FPS: 1849.3 | Var: dqn
Step: 1149952 | EPS: 0.37 | Rew: -0.44 | Win%: 28.0 | S0: 164.7 | FPS: 1652.5 | Var: dqn
Step: 1150976 | EPS: 0.37 | Rew: -0.48 | Win%: 28.5 | S0: 166.3 | FPS: 1721.6 | Var: dqn
Step: 1152000 | EPS: 0.37 | Rew: -0.44 | Win%: 28.5 | S0: 166.1 | FPS: 1658.6 | Var: dqn
Step: 1153024 | EPS: 0.37 | Rew: -0.48 | Win%: 26.5 | S0: 156.9 | FPS: 1718.9 | Var: dqn
Step: 1154048 | EPS: 0.36 | Rew: -0.59 | Win%: 25.0 | S0: 151.2 | FPS: 1733.5 | Var: dqn
Step: 1155072 | EPS: 0.36 | Rew: -0.74 | Win%: 24.5 | S0: 143.5 | FPS: 1943.7 | Var: dqn
Step: 1156096 | EPS: 0.36 | Rew: -0.78 | Win%: 23.5 | S0: 140.5 | FPS: 2236.9 | Var: dqn
Step: 1157120 | EPS: 0.36 | Rew: -0.78 | Win%: 23.5 | S0: 138.3 | FPS: 1947.9 | Var: dqn
Step: 1158144 | EPS: 0.36 | Rew: -0.95 | Win%: 22.0 | S0: 135.4 | FPS: 1752.9 | Var: dqn
Step: 1159168 | EPS: 0.36 | Rew: -0.93 | Win%: 21.0 | S0: 135.9 | FPS: 1938.9 | Var: dqn
Step: 1160192 | EPS: 0.36 | Rew: -0.91 | Win%: 20.0 | S0: 128.0 | FPS: 1611.0 | Var: dqn
Step: 1161216 | EPS: 0.36 | Rew: -0.74 | Win%: 18.5 | S0: 125.5 | FPS: 1702.6 | Var: dqn
Step: 1162240 | EPS: 0.36 | Rew: -0.64 | Win%: 18.5 | S0: 130.0 | FPS: 1645.7 | Var: dqn
Step: 1163264 | EPS: 0.36 | Rew: -0.61 | Win%: 19.5 | S0: 136.0 | FPS: 1771.3 | Var: dqn
Step: 1164288 | EPS: 0.36 | Rew: -0.38 | Win%: 20.5 | S0: 138.6 | FPS: 1806.0 | Var: dqn
Step: 1165312 | EPS: 0.36 | Rew: -0.21 | Win%: 20.0 | S0: 143.2 | FPS: 1882.7 | Var: dqn
Step: 1166336 | EPS: 0.36 | Rew: -0.33 | Win%: 19.5 | S0: 141.8 | FPS: 2100.0 | Var: dqn
Step: 1167360 | EPS: 0.36 | Rew: -0.25 | Win%: 21.0 | S0: 140.3 | FPS: 1881.7 | Var: dqn
Step: 1168384 | EPS: 0.36 | Rew: -0.33 | Win%: 21.0 | S0: 142.6 | FPS: 1828.8 | Var: dqn
Step: 1169408 | EPS: 0.36 | Rew: -0.36 | Win%: 20.5 | S0: 143.1 | FPS: 1766.0 | Var: dqn
Step: 1170432 | EPS: 0.36 | Rew: -0.22 | Win%: 22.5 | S0: 155.3 | FPS: 2053.7 | Var: dqn
Step: 1171456 | EPS: 0.36 | Rew: -0.42 | Win%: 22.5 | S0: 158.7 | FPS: 1845.4 | Var: dqn
Step: 1172480 | EPS: 0.36 | Rew: -0.31 | Win%: 25.5 | S0: 177.9 | FPS: 1946.0 | Var: dqn
Step: 1173504 | EPS: 0.36 | Rew: -0.25 | Win%: 24.5 | S0: 174.8 | FPS: 2089.6 | Var: dqn
Step: 1174528 | EPS: 0.36 | Rew: -0.28 | Win%: 25.0 | S0: 172.5 | FPS: 2034.7 | Var: dqn
Step: 1175552 | EPS: 0.36 | Rew: -0.21 | Win%: 24.5 | S0: 177.3 | FPS: 1887.3 | Var: dqn
Step: 1176576 | EPS: 0.36 | Rew: -0.25 | Win%: 24.0 | S0: 177.1 | FPS: 1839.9 | Var: dqn
Step: 1177600 | EPS: 0.36 | Rew: -0.24 | Win%: 24.0 | S0: 177.8 | FPS: 1880.3 | Var: dqn
Step: 1178624 | EPS: 0.36 | Rew: -0.20 | Win%: 23.5 | S0: 179.5 | FPS: 1686.7 | Var: dqn
Step: 1179648 | EPS: 0.36 | Rew: -0.24 | Win%: 23.5 | S0: 176.3 | FPS: 2132.9 | Var: dqn
Step: 1180672 | EPS: 0.36 | Rew: -0.17 | Win%: 25.0 | S0: 182.1 | FPS: 1933.1 | Var: dqn
Step: 1181696 | EPS: 0.36 | Rew: -0.09 | Win%: 24.5 | S0: 183.6 | FPS: 1779.4 | Var: dqn
Step: 1182720 | EPS: 0.36 | Rew: -0.06 | Win%: 24.0 | S0: 188.2 | FPS: 1937.7 | Var: dqn
Step: 1183744 | EPS: 0.36 | Rew: -0.06 | Win%: 25.0 | S0: 193.3 | FPS: 1946.1 | Var: dqn
Step: 1184768 | EPS: 0.36 | Rew: -0.03 | Win%: 25.5 | S0: 197.6 | FPS: 2030.5 | Var: dqn
Step: 1185792 | EPS: 0.36 | Rew: -0.06 | Win%: 24.0 | S0: 192.0 | FPS: 2041.9 | Var: dqn
Step: 1186816 | EPS: 0.36 | Rew: -0.07 | Win%: 23.5 | S0: 176.7 | FPS: 1787.6 | Var: dqn
Step: 1187840 | EPS: 0.36 | Rew: -0.31 | Win%: 23.0 | S0: 173.7 | FPS: 2128.3 | Var: dqn
Step: 1188864 | EPS: 0.36 | Rew: -0.35 | Win%: 24.0 | S0: 178.4 | FPS: 1712.3 | Var: dqn
Step: 1189888 | EPS: 0.36 | Rew: -0.37 | Win%: 24.5 | S0: 180.8 | FPS: 1855.9 | Var: dqn
Step: 1190912 | EPS: 0.36 | Rew: -0.63 | Win%: 23.5 | S0: 175.5 | FPS: 1889.3 | Var: dqn
Step: 1191936 | EPS: 0.36 | Rew: -0.69 | Win%: 25.0 | S0: 179.3 | FPS: 1865.3 | Var: dqn
Step: 1192960 | EPS: 0.36 | Rew: -0.67 | Win%: 25.0 | S0: 182.8 | FPS: 2038.6 | Var: dqn
Step: 1193984 | EPS: 0.36 | Rew: -0.84 | Win%: 24.5 | S0: 180.6 | FPS: 1935.0 | Var: dqn
Step: 1195008 | EPS: 0.36 | Rew: -0.87 | Win%: 24.0 | S0: 175.3 | FPS: 1946.6 | Var: dqn
Step: 1196032 | EPS: 0.36 | Rew: -0.84 | Win%: 22.5 | S0: 161.5 | FPS: 1996.6 | Var: dqn
Step: 1197056 | EPS: 0.36 | Rew: -0.79 | Win%: 23.0 | S0: 167.8 | FPS: 1983.7 | Var: dqn
Step: 1198080 | EPS: 0.36 | Rew: -0.70 | Win%: 22.5 | S0: 154.5 | FPS: 1892.5 | Var: dqn
Step: 1199104 | EPS: 0.36 | Rew: -0.70 | Win%: 21.5 | S0: 152.6 | FPS: 1678.2 | Var: dqn
Step: 1200128 | EPS: 0.36 | Rew: -0.73 | Win%: 21.5 | S0: 144.9 | FPS: 1769.2 | Var: dqn
Step: 1201152 | EPS: 0.36 | Rew: -0.52 | Win%: 22.0 | S0: 148.7 | FPS: 1955.5 | Var: dqn
Step: 1202176 | EPS: 0.36 | Rew: -0.51 | Win%: 20.5 | S0: 145.4 | FPS: 1944.4 | Var: dqn
Step: 1203200 | EPS: 0.35 | Rew: -0.54 | Win%: 20.0 | S0: 145.6 | FPS: 2173.0 | Var: dqn
Step: 1204224 | EPS: 0.35 | Rew: -0.57 | Win%: 19.5 | S0: 146.2 | FPS: 2078.8 | Var: dqn
Step: 1205248 | EPS: 0.35 | Rew: -0.49 | Win%: 20.5 | S0: 151.2 | FPS: 2022.7 | Var: dqn
Step: 1206272 | EPS: 0.35 | Rew: -0.46 | Win%: 21.5 | S0: 150.1 | FPS: 1914.4 | Var: dqn
Step: 1207296 | EPS: 0.35 | Rew: -0.50 | Win%: 20.0 | S0: 141.7 | FPS: 1667.5 | Var: dqn
Step: 1208320 | EPS: 0.35 | Rew: -0.48 | Win%: 21.5 | S0: 141.8 | FPS: 1599.5 | Var: dqn
Step: 1209344 | EPS: 0.35 | Rew: -0.76 | Win%: 22.0 | S0: 143.2 | FPS: 1886.2 | Var: dqn
Step: 1210368 | EPS: 0.35 | Rew: -0.50 | Win%: 24.5 | S0: 158.2 | FPS: 1780.5 | Var: dqn
Step: 1211392 | EPS: 0.35 | Rew: -0.45 | Win%: 24.5 | S0: 162.2 | FPS: 1883.7 | Var: dqn
Step: 1212416 | EPS: 0.35 | Rew: -0.58 | Win%: 23.5 | S0: 157.7 | FPS: 1879.7 | Var: dqn
Step: 1213440 | EPS: 0.35 | Rew: -0.46 | Win%: 25.0 | S0: 158.9 | FPS: 1990.5 | Var: dqn
Step: 1214464 | EPS: 0.35 | Rew: -0.46 | Win%: 24.0 | S0: 154.4 | FPS: 2027.9 | Var: dqn
Step: 1215488 | EPS: 0.35 | Rew: -0.43 | Win%: 25.0 | S0: 157.7 | FPS: 1976.0 | Var: dqn
Step: 1216512 | EPS: 0.35 | Rew: -0.12 | Win%: 26.5 | S0: 167.6 | FPS: 2080.5 | Var: dqn
Step: 1217536 | EPS: 0.35 | Rew: -0.09 | Win%: 28.0 | S0: 176.8 | FPS: 1616.1 | Var: dqn
Step: 1218560 | EPS: 0.35 | Rew: -0.11 | Win%: 28.0 | S0: 172.2 | FPS: 1568.1 | Var: dqn
Step: 1219584 | EPS: 0.35 | Rew: -0.19 | Win%: 26.5 | S0: 167.4 | FPS: 1887.3 | Var: dqn
Step: 1220608 | EPS: 0.35 | Rew: -0.18 | Win%: 25.5 | S0: 166.3 | FPS: 2035.6 | Var: dqn
Step: 1221632 | EPS: 0.35 | Rew: -0.30 | Win%: 24.5 | S0: 168.0 | FPS: 1844.8 | Var: dqn
Step: 1222656 | EPS: 0.35 | Rew: -0.41 | Win%: 22.5 | S0: 157.5 | FPS: 1945.2 | Var: dqn
Step: 1223680 | EPS: 0.35 | Rew: -0.53 | Win%: 22.5 | S0: 155.3 | FPS: 1785.3 | Var: dqn
Step: 1224704 | EPS: 0.35 | Rew: -0.53 | Win%: 24.0 | S0: 158.8 | FPS: 1947.0 | Var: dqn
Step: 1225728 | EPS: 0.35 | Rew: -0.45 | Win%: 22.5 | S0: 161.7 | FPS: 2054.9 | Var: dqn
Step: 1226752 | EPS: 0.35 | Rew: -0.35 | Win%: 23.5 | S0: 166.2 | FPS: 1985.6 | Var: dqn
Step: 1227776 | EPS: 0.35 | Rew: -0.42 | Win%: 23.0 | S0: 155.9 | FPS: 2002.3 | Var: dqn
Step: 1228800 | EPS: 0.35 | Rew: -0.32 | Win%: 23.0 | S0: 154.6 | FPS: 1901.1 | Var: dqn
Step: 1229824 | EPS: 0.35 | Rew: -0.28 | Win%: 25.0 | S0: 164.2 | FPS: 1650.8 | Var: dqn
Step: 1230848 | EPS: 0.35 | Rew: -0.17 | Win%: 26.5 | S0: 170.4 | FPS: 1663.5 | Var: dqn
Step: 1231872 | EPS: 0.35 | Rew: -0.07 | Win%: 28.5 | S0: 182.2 | FPS: 1900.6 | Var: dqn
Step: 1232896 | EPS: 0.35 | Rew: 0.02 | Win%: 28.5 | S0: 178.8 | FPS: 1525.3 | Var: dqn
Step: 1233920 | EPS: 0.35 | Rew: -0.01 | Win%: 29.0 | S0: 179.0 | FPS: 1734.5 | Var: dqn
Step: 1234944 | EPS: 0.35 | Rew: 0.01 | Win%: 31.0 | S0: 182.5 | FPS: 1903.0 | Var: dqn
Step: 1235968 | EPS: 0.35 | Rew: -0.12 | Win%: 29.0 | S0: 182.9 | FPS: 1990.4 | Var: dqn
Step: 1236992 | EPS: 0.35 | Rew: -0.16 | Win%: 29.0 | S0: 178.6 | FPS: 1875.4 | Var: dqn
Step: 1238016 | EPS: 0.35 | Rew: -0.32 | Win%: 28.5 | S0: 176.8 | FPS: 2058.8 | Var: dqn
Step: 1239040 | EPS: 0.35 | Rew: -0.37 | Win%: 27.0 | S0: 173.7 | FPS: 2325.9 | Var: dqn
Step: 1240064 | EPS: 0.35 | Rew: -0.26 | Win%: 27.5 | S0: 178.7 | FPS: 2357.0 | Var: dqn
Step: 1241088 | EPS: 0.35 | Rew: -0.44 | Win%: 25.5 | S0: 164.5 | FPS: 1791.8 | Var: dqn
Step: 1242112 | EPS: 0.35 | Rew: -0.40 | Win%: 24.0 | S0: 160.8 | FPS: 1803.0 | Var: dqn
Step: 1243136 | EPS: 0.35 | Rew: -0.41 | Win%: 22.5 | S0: 150.8 | FPS: 1943.2 | Var: dqn
Step: 1244160 | EPS: 0.35 | Rew: -0.48 | Win%: 20.5 | S0: 138.0 | FPS: 2149.1 | Var: dqn
Step: 1245184 | EPS: 0.35 | Rew: -0.48 | Win%: 18.5 | S0: 135.7 | FPS: 1805.5 | Var: dqn
Step: 1246208 | EPS: 0.35 | Rew: -0.40 | Win%: 19.5 | S0: 136.3 | FPS: 1900.9 | Var: dqn
Step: 1247232 | EPS: 0.35 | Rew: -0.47 | Win%: 20.0 | S0: 141.2 | FPS: 1869.2 | Var: dqn
Step: 1248256 | EPS: 0.35 | Rew: -0.41 | Win%: 20.0 | S0: 140.0 | FPS: 1763.1 | Var: dqn
Step: 1249280 | EPS: 0.35 | Rew: -0.35 | Win%: 20.5 | S0: 136.3 | FPS: 1868.2 | Var: dqn
Step: 1250304 | EPS: 0.35 | Rew: -0.28 | Win%: 21.0 | S0: 145.6 | FPS: 1987.7 | Var: dqn
Step: 1251328 | EPS: 0.35 | Rew: -0.27 | Win%: 20.0 | S0: 138.8 | FPS: 1816.0 | Var: dqn
Step: 1252352 | EPS: 0.34 | Rew: -0.21 | Win%: 21.0 | S0: 142.8 | FPS: 1844.6 | Var: dqn
Step: 1253376 | EPS: 0.34 | Rew: -0.14 | Win%: 22.5 | S0: 149.2 | FPS: 1849.7 | Var: dqn
Step: 1254400 | EPS: 0.34 | Rew: -0.17 | Win%: 20.5 | S0: 143.0 | FPS: 1851.1 | Var: dqn
Step: 1255424 | EPS: 0.34 | Rew: -0.23 | Win%: 23.5 | S0: 154.2 | FPS: 1725.4 | Var: dqn
Step: 1256448 | EPS: 0.34 | Rew: -0.19 | Win%: 27.0 | S0: 164.2 | FPS: 2021.4 | Var: dqn
Step: 1257472 | EPS: 0.34 | Rew: -0.10 | Win%: 28.5 | S0: 171.6 | FPS: 2079.6 | Var: dqn
Step: 1258496 | EPS: 0.34 | Rew: -0.03 | Win%: 30.0 | S0: 183.6 | FPS: 1698.3 | Var: dqn
Step: 1259520 | EPS: 0.34 | Rew: -0.07 | Win%: 31.5 | S0: 186.5 | FPS: 2137.7 | Var: dqn
Step: 1260544 | EPS: 0.34 | Rew: -0.09 | Win%: 30.0 | S0: 187.7 | FPS: 1983.7 | Var: dqn
Step: 1261568 | EPS: 0.34 | Rew: -0.23 | Win%: 28.5 | S0: 178.3 | FPS: 2019.2 | Var: dqn
Step: 1262592 | EPS: 0.34 | Rew: -0.26 | Win%: 26.0 | S0: 176.0 | FPS: 1945.9 | Var: dqn
Step: 1263616 | EPS: 0.34 | Rew: -0.48 | Win%: 25.5 | S0: 166.8 | FPS: 1901.0 | Var: dqn
Step: 1264640 | EPS: 0.34 | Rew: -0.38 | Win%: 27.0 | S0: 178.2 | FPS: 1873.0 | Var: dqn
Step: 1265664 | EPS: 0.34 | Rew: -0.57 | Win%: 26.0 | S0: 176.3 | FPS: 1904.3 | Var: dqn
Step: 1266688 | EPS: 0.34 | Rew: -0.57 | Win%: 26.0 | S0: 176.2 | FPS: 1819.1 | Var: dqn
Step: 1267712 | EPS: 0.34 | Rew: -0.45 | Win%: 24.0 | S0: 170.2 | FPS: 1758.8 | Var: dqn
Step: 1268736 | EPS: 0.34 | Rew: -0.53 | Win%: 22.5 | S0: 166.4 | FPS: 1945.1 | Var: dqn
Step: 1269760 | EPS: 0.34 | Rew: -0.30 | Win%: 23.5 | S0: 179.1 | FPS: 1597.3 | Var: dqn
Step: 1270784 | EPS: 0.34 | Rew: -0.33 | Win%: 22.5 | S0: 174.7 | FPS: 1510.0 | Var: dqn
Step: 1271808 | EPS: 0.34 | Rew: -0.57 | Win%: 20.0 | S0: 159.4 | FPS: 1834.8 | Var: dqn
Step: 1272832 | EPS: 0.34 | Rew: -0.53 | Win%: 21.5 | S0: 162.4 | FPS: 1696.1 | Var: dqn
Step: 1273856 | EPS: 0.34 | Rew: -0.53 | Win%: 22.5 | S0: 167.8 | FPS: 2052.1 | Var: dqn
Step: 1274880 | EPS: 0.34 | Rew: -0.42 | Win%: 25.0 | S0: 170.4 | FPS: 2003.0 | Var: dqn
Step: 1275904 | EPS: 0.34 | Rew: -0.75 | Win%: 24.0 | S0: 168.7 | FPS: 1939.1 | Var: dqn
Step: 1276928 | EPS: 0.34 | Rew: -0.49 | Win%: 23.5 | S0: 162.6 | FPS: 2002.3 | Var: dqn
Step: 1277952 | EPS: 0.34 | Rew: -0.30 | Win%: 22.5 | S0: 160.1 | FPS: 1919.2 | Var: dqn
Step: 1278976 | EPS: 0.34 | Rew: -0.21 | Win%: 24.0 | S0: 165.7 | FPS: 1875.4 | Var: dqn
Step: 1280000 | EPS: 0.34 | Rew: -0.19 | Win%: 24.0 | S0: 174.3 | FPS: 1706.2 | Var: dqn
Step: 1281024 | EPS: 0.34 | Rew: -0.19 | Win%: 21.0 | S0: 158.1 | FPS: 1877.6 | Var: dqn
Step: 1282048 | EPS: 0.34 | Rew: -0.23 | Win%: 21.0 | S0: 156.6 | FPS: 1689.2 | Var: dqn
Step: 1283072 | EPS: 0.34 | Rew: -0.35 | Win%: 21.0 | S0: 155.0 | FPS: 1737.2 | Var: dqn
Step: 1284096 | EPS: 0.34 | Rew: -0.26 | Win%: 22.0 | S0: 162.4 | FPS: 1958.4 | Var: dqn
Step: 1285120 | EPS: 0.34 | Rew: -0.22 | Win%: 23.5 | S0: 170.2 | FPS: 1909.2 | Var: dqn
Step: 1286144 | EPS: 0.34 | Rew: -0.24 | Win%: 21.5 | S0: 167.7 | FPS: 1931.0 | Var: dqn
Step: 1287168 | EPS: 0.34 | Rew: -0.12 | Win%: 23.0 | S0: 177.1 | FPS: 1970.9 | Var: dqn
Step: 1288192 | EPS: 0.34 | Rew: 0.01 | Win%: 23.0 | S0: 181.5 | FPS: 2023.6 | Var: dqn
Step: 1289216 | EPS: 0.34 | Rew: 0.00 | Win%: 21.5 | S0: 177.5 | FPS: 2064.2 | Var: dqn
Step: 1290240 | EPS: 0.34 | Rew: -0.10 | Win%: 22.5 | S0: 179.6 | FPS: 1978.1 | Var: dqn
Step: 1291264 | EPS: 0.34 | Rew: -0.20 | Win%: 22.5 | S0: 166.8 | FPS: 2318.0 | Var: dqn
Step: 1292288 | EPS: 0.34 | Rew: -0.22 | Win%: 23.5 | S0: 168.4 | FPS: 1634.0 | Var: dqn
Step: 1293312 | EPS: 0.34 | Rew: -0.25 | Win%: 26.0 | S0: 176.2 | FPS: 1787.2 | Var: dqn
Step: 1294336 | EPS: 0.34 | Rew: -0.23 | Win%: 28.0 | S0: 185.1 | FPS: 1920.7 | Var: dqn
Step: 1295360 | EPS: 0.34 | Rew: -0.24 | Win%: 27.5 | S0: 180.5 | FPS: 1810.7 | Var: dqn
Step: 1296384 | EPS: 0.34 | Rew: -0.19 | Win%: 25.5 | S0: 170.4 | FPS: 1687.2 | Var: dqn
Step: 1297408 | EPS: 0.34 | Rew: -0.23 | Win%: 25.0 | S0: 168.9 | FPS: 1862.4 | Var: dqn
Step: 1298432 | EPS: 0.34 | Rew: -0.29 | Win%: 26.0 | S0: 175.3 | FPS: 2049.2 | Var: dqn
Step: 1299456 | EPS: 0.34 | Rew: -0.21 | Win%: 26.0 | S0: 167.8 | FPS: 2042.1 | Var: dqn
Step: 1300480 | EPS: 0.34 | Rew: -0.29 | Win%: 25.5 | S0: 164.4 | FPS: 1743.7 | Var: dqn
Step: 1301504 | EPS: 0.33 | Rew: -0.20 | Win%: 27.0 | S0: 174.6 | FPS: 1966.0 | Var: dqn
Step: 1302528 | EPS: 0.33 | Rew: -0.12 | Win%: 28.0 | S0: 180.8 | FPS: 2087.9 | Var: dqn
Step: 1303552 | EPS: 0.33 | Rew: -0.07 | Win%: 27.5 | S0: 173.6 | FPS: 1973.6 | Var: dqn
Step: 1304576 | EPS: 0.33 | Rew: -0.07 | Win%: 25.5 | S0: 167.6 | FPS: 1955.3 | Var: dqn
Step: 1305600 | EPS: 0.33 | Rew: -0.12 | Win%: 25.0 | S0: 168.6 | FPS: 1969.3 | Var: dqn
Step: 1306624 | EPS: 0.33 | Rew: -0.23 | Win%: 24.5 | S0: 166.2 | FPS: 1812.7 | Var: dqn
Step: 1307648 | EPS: 0.33 | Rew: -0.17 | Win%: 27.0 | S0: 183.4 | FPS: 2105.7 | Var: dqn
Step: 1308672 | EPS: 0.33 | Rew: -0.07 | Win%: 27.5 | S0: 190.3 | FPS: 1953.2 | Var: dqn
Step: 1309696 | EPS: 0.33 | Rew: -0.05 | Win%: 28.0 | S0: 183.8 | FPS: 1845.9 | Var: dqn
Step: 1310720 | EPS: 0.33 | Rew: 0.01 | Win%: 26.5 | S0: 183.9 | FPS: 1868.0 | Var: dqn
Step: 1311744 | EPS: 0.33 | Rew: 0.06 | Win%: 25.5 | S0: 177.8 | FPS: 1979.7 | Var: dqn
Step: 1312768 | EPS: 0.33 | Rew: 0.02 | Win%: 25.5 | S0: 183.0 | FPS: 1907.1 | Var: dqn
Step: 1313792 | EPS: 0.33 | Rew: -0.11 | Win%: 24.5 | S0: 182.4 | FPS: 1934.0 | Var: dqn
Step: 1314816 | EPS: 0.33 | Rew: -0.00 | Win%: 25.0 | S0: 192.2 | FPS: 1932.3 | Var: dqn
Step: 1315840 | EPS: 0.33 | Rew: -0.06 | Win%: 27.0 | S0: 193.5 | FPS: 2187.0 | Var: dqn
Step: 1316864 | EPS: 0.33 | Rew: 0.10 | Win%: 30.0 | S0: 208.2 | FPS: 2141.5 | Var: dqn
Step: 1317888 | EPS: 0.33 | Rew: -0.01 | Win%: 27.0 | S0: 196.6 | FPS: 1895.1 | Var: dqn
Step: 1318912 | EPS: 0.33 | Rew: -0.09 | Win%: 26.5 | S0: 184.7 | FPS: 1789.8 | Var: dqn
Step: 1319936 | EPS: 0.33 | Rew: -0.19 | Win%: 27.0 | S0: 183.1 | FPS: 2085.5 | Var: dqn
Step: 1320960 | EPS: 0.33 | Rew: -0.19 | Win%: 27.5 | S0: 181.4 | FPS: 2025.7 | Var: dqn
Step: 1321984 | EPS: 0.33 | Rew: -0.24 | Win%: 27.5 | S0: 182.2 | FPS: 1957.1 | Var: dqn
Step: 1323008 | EPS: 0.33 | Rew: -0.19 | Win%: 28.0 | S0: 182.1 | FPS: 1922.0 | Var: dqn
Step: 1324032 | EPS: 0.33 | Rew: -0.08 | Win%: 28.0 | S0: 180.2 | FPS: 1955.7 | Var: dqn
Step: 1325056 | EPS: 0.33 | Rew: -0.19 | Win%: 27.5 | S0: 175.4 | FPS: 1949.4 | Var: dqn
Step: 1326080 | EPS: 0.33 | Rew: -0.10 | Win%: 25.0 | S0: 163.1 | FPS: 2009.7 | Var: dqn
Step: 1327104 | EPS: 0.33 | Rew: -0.13 | Win%: 23.0 | S0: 153.2 | FPS: 1850.2 | Var: dqn
Step: 1328128 | EPS: 0.33 | Rew: -0.26 | Win%: 23.0 | S0: 152.7 | FPS: 2025.7 | Var: dqn
Step: 1329152 | EPS: 0.33 | Rew: -0.17 | Win%: 23.0 | S0: 155.3 | FPS: 1875.2 | Var: dqn
Step: 1330176 | EPS: 0.33 | Rew: -0.18 | Win%: 21.0 | S0: 153.2 | FPS: 1916.0 | Var: dqn
Step: 1331200 | EPS: 0.33 | Rew: -0.06 | Win%: 23.0 | S0: 171.7 | FPS: 2452.9 | Var: dqn
Step: 1332224 | EPS: 0.33 | Rew: -0.19 | Win%: 20.0 | S0: 157.5 | FPS: 2222.8 | Var: dqn
Step: 1333248 | EPS: 0.33 | Rew: -0.06 | Win%: 24.0 | S0: 164.1 | FPS: 1991.4 | Var: dqn
Step: 1334272 | EPS: 0.33 | Rew: -0.13 | Win%: 24.5 | S0: 165.4 | FPS: 1982.8 | Var: dqn
Step: 1335296 | EPS: 0.33 | Rew: 0.07 | Win%: 27.0 | S0: 176.2 | FPS: 1754.7 | Var: dqn
Step: 1336320 | EPS: 0.33 | Rew: -0.15 | Win%: 25.5 | S0: 169.3 | FPS: 2027.2 | Var: dqn
Step: 1337344 | EPS: 0.33 | Rew: -0.07 | Win%: 26.5 | S0: 170.5 | FPS: 2002.9 | Var: dqn
Step: 1338368 | EPS: 0.33 | Rew: -0.03 | Win%: 28.0 | S0: 178.0 | FPS: 1953.1 | Var: dqn
Step: 1339392 | EPS: 0.33 | Rew: -0.05 | Win%: 29.0 | S0: 174.1 | FPS: 1860.5 | Var: dqn
Step: 1340416 | EPS: 0.33 | Rew: -0.04 | Win%: 32.5 | S0: 183.1 | FPS: 1957.1 | Var: dqn
Step: 1341440 | EPS: 0.33 | Rew: 0.10 | Win%: 32.5 | S0: 171.4 | FPS: 2181.1 | Var: dqn
Step: 1342464 | EPS: 0.33 | Rew: 0.07 | Win%: 33.0 | S0: 178.1 | FPS: 2067.5 | Var: dqn
Step: 1343488 | EPS: 0.33 | Rew: 0.13 | Win%: 33.0 | S0: 180.2 | FPS: 2005.5 | Var: dqn
Step: 1344512 | EPS: 0.33 | Rew: -0.00 | Win%: 32.0 | S0: 178.8 | FPS: 1824.7 | Var: dqn
Step: 1345536 | EPS: 0.33 | Rew: 0.07 | Win%: 33.0 | S0: 179.5 | FPS: 1760.4 | Var: dqn
Step: 1346560 | EPS: 0.33 | Rew: 0.05 | Win%: 33.5 | S0: 184.8 | FPS: 2598.4 | Var: dqn
Step: 1347584 | EPS: 0.33 | Rew: 0.09 | Win%: 32.5 | S0: 179.1 | FPS: 1898.2 | Var: dqn
Step: 1348608 | EPS: 0.33 | Rew: -0.18 | Win%: 29.0 | S0: 166.8 | FPS: 1647.2 | Var: dqn
Step: 1349632 | EPS: 0.33 | Rew: -0.23 | Win%: 28.0 | S0: 168.1 | FPS: 1831.3 | Var: dqn
Step: 1350656 | EPS: 0.32 | Rew: -0.22 | Win%: 27.5 | S0: 171.0 | FPS: 1981.9 | Var: dqn
Step: 1351680 | EPS: 0.32 | Rew: -0.18 | Win%: 27.5 | S0: 172.7 | FPS: 1655.4 | Var: dqn
Step: 1352704 | EPS: 0.32 | Rew: -0.01 | Win%: 28.5 | S0: 182.4 | FPS: 1838.1 | Var: dqn
Step: 1353728 | EPS: 0.32 | Rew: -0.09 | Win%: 25.5 | S0: 167.1 | FPS: 1752.8 | Var: dqn
Step: 1354752 | EPS: 0.32 | Rew: 0.04 | Win%: 26.5 | S0: 172.6 | FPS: 2043.1 | Var: dqn
Step: 1355776 | EPS: 0.32 | Rew: -0.03 | Win%: 27.0 | S0: 172.7 | FPS: 1832.8 | Var: dqn
Step: 1356800 | EPS: 0.32 | Rew: 0.01 | Win%: 28.0 | S0: 176.9 | FPS: 1957.3 | Var: dqn
Step: 1357824 | EPS: 0.32 | Rew: -0.05 | Win%: 29.0 | S0: 180.2 | FPS: 1932.2 | Var: dqn
Step: 1358848 | EPS: 0.32 | Rew: 0.04 | Win%: 30.5 | S0: 187.8 | FPS: 1712.9 | Var: dqn
Step: 1359872 | EPS: 0.32 | Rew: 0.10 | Win%: 32.0 | S0: 188.8 | FPS: 1766.2 | Var: dqn
Step: 1360896 | EPS: 0.32 | Rew: 0.00 | Win%: 31.5 | S0: 186.8 | FPS: 1916.6 | Var: dqn
Step: 1361920 | EPS: 0.32 | Rew: 0.07 | Win%: 32.0 | S0: 185.6 | FPS: 1920.0 | Var: dqn
Step: 1362944 | EPS: 0.32 | Rew: 0.06 | Win%: 32.5 | S0: 193.9 | FPS: 1823.9 | Var: dqn
Step: 1363968 | EPS: 0.32 | Rew: -0.01 | Win%: 30.0 | S0: 181.2 | FPS: 1698.4 | Var: dqn
Step: 1364992 | EPS: 0.32 | Rew: -0.04 | Win%: 29.0 | S0: 182.2 | FPS: 1661.3 | Var: dqn
Step: 1366016 | EPS: 0.32 | Rew: 0.04 | Win%: 30.5 | S0: 194.3 | FPS: 1967.8 | Var: dqn
Step: 1367040 | EPS: 0.32 | Rew: 0.08 | Win%: 29.5 | S0: 190.5 | FPS: 1700.0 | Var: dqn
Step: 1368064 | EPS: 0.32 | Rew: 0.14 | Win%: 28.5 | S0: 192.4 | FPS: 1884.7 | Var: dqn
Step: 1369088 | EPS: 0.32 | Rew: -0.03 | Win%: 25.5 | S0: 185.1 | FPS: 2383.8 | Var: dqn
Step: 1370112 | EPS: 0.32 | Rew: -0.03 | Win%: 27.5 | S0: 195.0 | FPS: 2043.5 | Var: dqn
Step: 1371136 | EPS: 0.32 | Rew: -0.01 | Win%: 25.5 | S0: 193.0 | FPS: 1767.6 | Var: dqn
Step: 1372160 | EPS: 0.32 | Rew: -0.16 | Win%: 23.0 | S0: 190.1 | FPS: 1774.5 | Var: dqn
Step: 1373184 | EPS: 0.32 | Rew: -0.19 | Win%: 24.5 | S0: 198.9 | FPS: 1767.1 | Var: dqn
Step: 1374208 | EPS: 0.32 | Rew: -0.14 | Win%: 26.0 | S0: 205.7 | FPS: 1748.0 | Var: dqn
Step: 1375232 | EPS: 0.32 | Rew: -0.01 | Win%: 26.5 | S0: 207.8 | FPS: 2031.9 | Var: dqn
Step: 1376256 | EPS: 0.32 | Rew: -0.03 | Win%: 24.5 | S0: 195.9 | FPS: 2050.5 | Var: dqn
Step: 1377280 | EPS: 0.32 | Rew: -0.11 | Win%: 25.0 | S0: 196.3 | FPS: 1873.6 | Var: dqn
Step: 1378304 | EPS: 0.32 | Rew: -0.21 | Win%: 23.5 | S0: 181.8 | FPS: 1797.1 | Var: dqn
Step: 1379328 | EPS: 0.32 | Rew: -0.23 | Win%: 24.0 | S0: 179.2 | FPS: 1982.2 | Var: dqn
Step: 1380352 | EPS: 0.32 | Rew: -0.38 | Win%: 23.0 | S0: 167.9 | FPS: 1850.9 | Var: dqn
Step: 1381376 | EPS: 0.32 | Rew: -0.42 | Win%: 24.0 | S0: 171.2 | FPS: 1930.7 | Var: dqn
Step: 1382400 | EPS: 0.32 | Rew: -0.35 | Win%: 23.0 | S0: 169.1 | FPS: 1643.8 | Var: dqn
Step: 1383424 | EPS: 0.32 | Rew: -0.14 | Win%: 26.0 | S0: 169.0 | FPS: 1765.1 | Var: dqn
Step: 1384448 | EPS: 0.32 | Rew: -0.02 | Win%: 26.0 | S0: 172.3 | FPS: 1747.1 | Var: dqn
Step: 1385472 | EPS: 0.32 | Rew: -0.04 | Win%: 26.5 | S0: 172.0 | FPS: 1880.9 | Var: dqn
Step: 1386496 | EPS: 0.32 | Rew: -0.12 | Win%: 24.0 | S0: 163.8 | FPS: 1664.4 | Var: dqn
Step: 1387520 | EPS: 0.32 | Rew: -0.07 | Win%: 23.0 | S0: 164.9 | FPS: 2155.4 | Var: dqn
Step: 1388544 | EPS: 0.32 | Rew: -0.09 | Win%: 23.5 | S0: 163.2 | FPS: 2043.2 | Var: dqn
Step: 1389568 | EPS: 0.32 | Rew: -0.06 | Win%: 24.5 | S0: 166.8 | FPS: 2148.7 | Var: dqn
Step: 1390592 | EPS: 0.32 | Rew: -0.11 | Win%: 27.0 | S0: 181.6 | FPS: 1978.2 | Var: dqn
Step: 1391616 | EPS: 0.32 | Rew: -0.23 | Win%: 27.5 | S0: 186.3 | FPS: 1904.0 | Var: dqn
Step: 1392640 | EPS: 0.32 | Rew: -0.09 | Win%: 28.5 | S0: 190.8 | FPS: 2061.7 | Var: dqn
Step: 1393664 | EPS: 0.32 | Rew: 0.02 | Win%: 28.0 | S0: 195.6 | FPS: 1900.4 | Var: dqn
Step: 1394688 | EPS: 0.32 | Rew: 0.04 | Win%: 29.0 | S0: 203.2 | FPS: 1885.5 | Var: dqn
Step: 1395712 | EPS: 0.32 | Rew: 0.08 | Win%: 30.0 | S0: 206.1 | FPS: 1564.4 | Var: dqn
Step: 1396736 | EPS: 0.32 | Rew: -0.10 | Win%: 29.0 | S0: 207.6 | FPS: 1778.7 | Var: dqn
Step: 1397760 | EPS: 0.32 | Rew: -0.07 | Win%: 29.0 | S0: 210.8 | FPS: 1864.2 | Var: dqn
Step: 1398784 | EPS: 0.32 | Rew: -0.03 | Win%: 28.5 | S0: 204.2 | FPS: 1886.1 | Var: dqn
Step: 1399808 | EPS: 0.31 | Rew: -0.03 | Win%: 29.0 | S0: 205.5 | FPS: 1909.8 | Var: dqn
Step: 1400832 | EPS: 0.31 | Rew: -0.02 | Win%: 30.0 | S0: 212.8 | FPS: 2125.3 | Var: dqn
Step: 1401856 | EPS: 0.31 | Rew: -0.03 | Win%: 31.5 | S0: 218.4 | FPS: 2447.2 | Var: dqn
Step: 1402880 | EPS: 0.31 | Rew: -0.14 | Win%: 30.5 | S0: 213.6 | FPS: 1673.8 | Var: dqn
Step: 1403904 | EPS: 0.31 | Rew: -0.21 | Win%: 28.5 | S0: 205.9 | FPS: 1921.8 | Var: dqn
Step: 1404928 | EPS: 0.31 | Rew: -0.25 | Win%: 28.5 | S0: 202.9 | FPS: 1764.0 | Var: dqn
Step: 1405952 | EPS: 0.31 | Rew: -0.26 | Win%: 29.5 | S0: 205.8 | FPS: 1942.0 | Var: dqn
Step: 1406976 | EPS: 0.31 | Rew: -0.22 | Win%: 28.5 | S0: 201.9 | FPS: 1858.6 | Var: dqn
Step: 1408000 | EPS: 0.31 | Rew: -0.35 | Win%: 28.5 | S0: 200.5 | FPS: 1726.8 | Var: dqn
Step: 1409024 | EPS: 0.31 | Rew: -0.51 | Win%: 27.0 | S0: 189.7 | FPS: 1839.3 | Var: dqn
Step: 1410048 | EPS: 0.31 | Rew: -0.62 | Win%: 26.0 | S0: 179.5 | FPS: 1640.0 | Var: dqn
Step: 1411072 | EPS: 0.31 | Rew: -0.63 | Win%: 25.5 | S0: 174.9 | FPS: 2018.2 | Var: dqn
Step: 1412096 | EPS: 0.31 | Rew: -0.55 | Win%: 24.5 | S0: 169.6 | FPS: 2088.3 | Var: dqn
Step: 1413120 | EPS: 0.31 | Rew: -0.57 | Win%: 23.5 | S0: 162.0 | FPS: 1953.4 | Var: dqn
Step: 1414144 | EPS: 0.31 | Rew: -0.57 | Win%: 24.0 | S0: 161.8 | FPS: 1983.3 | Var: dqn
Step: 1415168 | EPS: 0.31 | Rew: -0.43 | Win%: 24.5 | S0: 163.6 | FPS: 1924.6 | Var: dqn
Step: 1416192 | EPS: 0.31 | Rew: -0.51 | Win%: 23.0 | S0: 160.2 | FPS: 2021.1 | Var: dqn
Step: 1417216 | EPS: 0.31 | Rew: -0.47 | Win%: 22.5 | S0: 155.9 | FPS: 2030.7 | Var: dqn
Step: 1418240 | EPS: 0.31 | Rew: -0.41 | Win%: 21.0 | S0: 145.7 | FPS: 1872.8 | Var: dqn
Step: 1419264 | EPS: 0.31 | Rew: -0.44 | Win%: 21.0 | S0: 145.9 | FPS: 2067.4 | Var: dqn
Step: 1420288 | EPS: 0.31 | Rew: -0.31 | Win%: 23.5 | S0: 155.7 | FPS: 2019.2 | Var: dqn
Step: 1421312 | EPS: 0.31 | Rew: -0.28 | Win%: 23.0 | S0: 156.8 | FPS: 1850.7 | Var: dqn
Step: 1422336 | EPS: 0.31 | Rew: -0.41 | Win%: 23.0 | S0: 152.7 | FPS: 2166.5 | Var: dqn
Step: 1423360 | EPS: 0.31 | Rew: -0.36 | Win%: 22.5 | S0: 150.2 | FPS: 2020.6 | Var: dqn
Step: 1424384 | EPS: 0.31 | Rew: -0.58 | Win%: 24.0 | S0: 156.4 | FPS: 1974.3 | Var: dqn
Step: 1425408 | EPS: 0.31 | Rew: -0.52 | Win%: 24.5 | S0: 157.7 | FPS: 1634.6 | Var: dqn
Step: 1426432 | EPS: 0.31 | Rew: -0.42 | Win%: 25.5 | S0: 162.1 | FPS: 2023.0 | Var: dqn
Step: 1427456 | EPS: 0.31 | Rew: -0.50 | Win%: 26.0 | S0: 161.0 | FPS: 1926.0 | Var: dqn
Step: 1428480 | EPS: 0.31 | Rew: -0.65 | Win%: 25.5 | S0: 163.7 | FPS: 1761.3 | Var: dqn
Step: 1429504 | EPS: 0.31 | Rew: -0.64 | Win%: 23.5 | S0: 157.8 | FPS: 1921.8 | Var: dqn
Step: 1430528 | EPS: 0.31 | Rew: -0.66 | Win%: 25.0 | S0: 159.8 | FPS: 2028.5 | Var: dqn
Step: 1431552 | EPS: 0.31 | Rew: -0.40 | Win%: 23.5 | S0: 164.1 | FPS: 1779.1 | Var: dqn
Step: 1432576 | EPS: 0.31 | Rew: -0.29 | Win%: 24.5 | S0: 168.5 | FPS: 1903.8 | Var: dqn
Step: 1433600 | EPS: 0.31 | Rew: -0.42 | Win%: 24.0 | S0: 166.7 | FPS: 1849.4 | Var: dqn
Step: 1434624 | EPS: 0.31 | Rew: -0.32 | Win%: 24.0 | S0: 165.2 | FPS: 2015.1 | Var: dqn
Step: 1435648 | EPS: 0.31 | Rew: -0.13 | Win%: 24.5 | S0: 165.8 | FPS: 1748.4 | Var: dqn
Step: 1436672 | EPS: 0.31 | Rew: -0.12 | Win%: 23.0 | S0: 166.2 | FPS: 1876.2 | Var: dqn
Step: 1437696 | EPS: 0.31 | Rew: -0.15 | Win%: 22.0 | S0: 164.9 | FPS: 1724.9 | Var: dqn
Step: 1438720 | EPS: 0.31 | Rew: -0.35 | Win%: 22.5 | S0: 163.0 | FPS: 1873.9 | Var: dqn
Step: 1439744 | EPS: 0.31 | Rew: -0.26 | Win%: 22.5 | S0: 165.8 | FPS: 1971.0 | Var: dqn
Step: 1440768 | EPS: 0.31 | Rew: -0.16 | Win%: 24.0 | S0: 172.5 | FPS: 1815.9 | Var: dqn
Step: 1441792 | EPS: 0.31 | Rew: -0.14 | Win%: 24.5 | S0: 180.6 | FPS: 2037.9 | Var: dqn
Step: 1442816 | EPS: 0.31 | Rew: -0.24 | Win%: 23.5 | S0: 175.0 | FPS: 1970.4 | Var: dqn
Step: 1443840 | EPS: 0.31 | Rew: -0.27 | Win%: 23.5 | S0: 175.7 | FPS: 1972.6 | Var: dqn
Step: 1444864 | EPS: 0.31 | Rew: -0.28 | Win%: 24.0 | S0: 166.2 | FPS: 1667.8 | Var: dqn
Step: 1445888 | EPS: 0.31 | Rew: -0.09 | Win%: 24.0 | S0: 162.6 | FPS: 1678.9 | Var: dqn
Step: 1446912 | EPS: 0.31 | Rew: -0.11 | Win%: 25.0 | S0: 164.7 | FPS: 1914.3 | Var: dqn
Step: 1447936 | EPS: 0.31 | Rew: -0.05 | Win%: 26.0 | S0: 174.3 | FPS: 2164.8 | Var: dqn
Step: 1448960 | EPS: 0.30 | Rew: -0.23 | Win%: 24.5 | S0: 167.9 | FPS: 1994.6 | Var: dqn
Step: 1449984 | EPS: 0.30 | Rew: -0.18 | Win%: 21.5 | S0: 158.8 | FPS: 1938.8 | Var: dqn
Step: 1451008 | EPS: 0.30 | Rew: -0.18 | Win%: 22.5 | S0: 162.7 | FPS: 2084.4 | Var: dqn
Step: 1452032 | EPS: 0.30 | Rew: -0.11 | Win%: 23.5 | S0: 165.2 | FPS: 1857.9 | Var: dqn
Step: 1453056 | EPS: 0.30 | Rew: -0.10 | Win%: 24.0 | S0: 168.8 | FPS: 1928.5 | Var: dqn
Step: 1454080 | EPS: 0.30 | Rew: -0.05 | Win%: 25.5 | S0: 173.9 | FPS: 1860.8 | Var: dqn
Step: 1455104 | EPS: 0.30 | Rew: -0.14 | Win%: 24.0 | S0: 168.6 | FPS: 1991.0 | Var: dqn
Step: 1456128 | EPS: 0.30 | Rew: -0.26 | Win%: 24.0 | S0: 167.8 | FPS: 1968.2 | Var: dqn
Step: 1457152 | EPS: 0.30 | Rew: -0.42 | Win%: 23.0 | S0: 165.3 | FPS: 1783.9 | Var: dqn
Step: 1458176 | EPS: 0.30 | Rew: -0.32 | Win%: 22.5 | S0: 158.8 | FPS: 1945.8 | Var: dqn
Step: 1459200 | EPS: 0.30 | Rew: -0.23 | Win%: 24.5 | S0: 164.2 | FPS: 2000.2 | Var: dqn
Step: 1460224 | EPS: 0.30 | Rew: -0.28 | Win%: 23.5 | S0: 163.8 | FPS: 2002.0 | Var: dqn
Step: 1461248 | EPS: 0.30 | Rew: -0.39 | Win%: 24.0 | S0: 168.2 | FPS: 1708.0 | Var: dqn
Step: 1462272 | EPS: 0.30 | Rew: -0.71 | Win%: 23.0 | S0: 168.6 | FPS: 1987.7 | Var: dqn
Step: 1463296 | EPS: 0.30 | Rew: -0.86 | Win%: 23.5 | S0: 169.8 | FPS: 1900.0 | Var: dqn
Step: 1464320 | EPS: 0.30 | Rew: -0.73 | Win%: 22.5 | S0: 167.9 | FPS: 1937.4 | Var: dqn
Step: 1465344 | EPS: 0.30 | Rew: -0.55 | Win%: 23.5 | S0: 168.2 | FPS: 1872.3 | Var: dqn
Step: 1466368 | EPS: 0.30 | Rew: -0.50 | Win%: 24.5 | S0: 176.2 | FPS: 2012.4 | Var: dqn
Step: 1467392 | EPS: 0.30 | Rew: -0.52 | Win%: 26.0 | S0: 181.8 | FPS: 1888.2 | Var: dqn
Step: 1468416 | EPS: 0.30 | Rew: -0.40 | Win%: 26.5 | S0: 184.6 | FPS: 2001.2 | Var: dqn
Step: 1469440 | EPS: 0.30 | Rew: -0.32 | Win%: 27.5 | S0: 186.3 | FPS: 1975.3 | Var: dqn
Step: 1470464 | EPS: 0.30 | Rew: -0.22 | Win%: 28.0 | S0: 187.2 | FPS: 1621.9 | Var: dqn
Step: 1471488 | EPS: 0.30 | Rew: -0.07 | Win%: 27.0 | S0: 188.9 | FPS: 1825.7 | Var: dqn
Step: 1472512 | EPS: 0.30 | Rew: -0.06 | Win%: 27.0 | S0: 192.2 | FPS: 2087.8 | Var: dqn
Step: 1473536 | EPS: 0.30 | Rew: -0.15 | Win%: 27.0 | S0: 187.9 | FPS: 2104.2 | Var: dqn
Step: 1474560 | EPS: 0.30 | Rew: -0.16 | Win%: 27.0 | S0: 191.1 | FPS: 1947.4 | Var: dqn
Step: 1475584 | EPS: 0.30 | Rew: -0.30 | Win%: 25.5 | S0: 188.8 | FPS: 1966.6 | Var: dqn
Step: 1476608 | EPS: 0.30 | Rew: -0.47 | Win%: 24.5 | S0: 185.6 | FPS: 1978.5 | Var: dqn
Step: 1477632 | EPS: 0.30 | Rew: -0.72 | Win%: 25.0 | S0: 178.8 | FPS: 2671.9 | Var: dqn
Step: 1478656 | EPS: 0.30 | Rew: -0.69 | Win%: 25.0 | S0: 179.2 | FPS: 1858.1 | Var: dqn
Step: 1479680 | EPS: 0.30 | Rew: -0.65 | Win%: 23.0 | S0: 175.6 | FPS: 1703.4 | Var: dqn
Step: 1480704 | EPS: 0.30 | Rew: -0.44 | Win%: 25.0 | S0: 182.0 | FPS: 1876.3 | Var: dqn
Step: 1481728 | EPS: 0.30 | Rew: -0.64 | Win%: 24.5 | S0: 181.8 | FPS: 2401.8 | Var: dqn
Step: 1482752 | EPS: 0.30 | Rew: -0.68 | Win%: 24.5 | S0: 175.8 | FPS: 1713.6 | Var: dqn
Step: 1483776 | EPS: 0.30 | Rew: -0.59 | Win%: 24.0 | S0: 176.5 | FPS: 1999.4 | Var: dqn
Step: 1484800 | EPS: 0.30 | Rew: -0.40 | Win%: 23.0 | S0: 165.6 | FPS: 2043.9 | Var: dqn
Step: 1485824 | EPS: 0.30 | Rew: -0.39 | Win%: 22.0 | S0: 166.8 | FPS: 1949.8 | Var: dqn
Step: 1486848 | EPS: 0.30 | Rew: -0.34 | Win%: 21.5 | S0: 161.2 | FPS: 1662.9 | Var: dqn
Step: 1487872 | EPS: 0.30 | Rew: -0.20 | Win%: 22.5 | S0: 164.2 | FPS: 1870.9 | Var: dqn
Step: 1488896 | EPS: 0.30 | Rew: -0.23 | Win%: 24.0 | S0: 170.1 | FPS: 2033.1 | Var: dqn
Step: 1489920 | EPS: 0.30 | Rew: -0.13 | Win%: 23.5 | S0: 171.8 | FPS: 2037.2 | Var: dqn
Step: 1490944 | EPS: 0.30 | Rew: -0.09 | Win%: 24.5 | S0: 175.4 | FPS: 1931.1 | Var: dqn
Step: 1491968 | EPS: 0.30 | Rew: -0.03 | Win%: 26.5 | S0: 181.3 | FPS: 1936.2 | Var: dqn
Step: 1492992 | EPS: 0.30 | Rew: -0.00 | Win%: 27.0 | S0: 188.4 | FPS: 1856.3 | Var: dqn
Step: 1494016 | EPS: 0.30 | Rew: -0.10 | Win%: 27.0 | S0: 189.3 | FPS: 1950.9 | Var: dqn
Step: 1495040 | EPS: 0.30 | Rew: -0.03 | Win%: 26.5 | S0: 191.3 | FPS: 1861.6 | Var: dqn
Step: 1496064 | EPS: 0.30 | Rew: -0.01 | Win%: 28.0 | S0: 196.4 | FPS: 1976.5 | Var: dqn
Step: 1497088 | EPS: 0.30 | Rew: 0.03 | Win%: 28.0 | S0: 194.8 | FPS: 1812.1 | Var: dqn
Step: 1498112 | EPS: 0.29 | Rew: -0.22 | Win%: 29.0 | S0: 197.7 | FPS: 2089.3 | Var: dqn
Step: 1499136 | EPS: 0.29 | Rew: -0.30 | Win%: 28.0 | S0: 194.9 | FPS: 1928.5 | Var: dqn
Step: 1500160 | EPS: 0.29 | Rew: -0.33 | Win%: 27.5 | S0: 195.2 | FPS: 1876.9 | Var: dqn
Step: 1501184 | EPS: 0.29 | Rew: -0.41 | Win%: 26.0 | S0: 190.6 | FPS: 1977.7 | Var: dqn
Step: 1502208 | EPS: 0.29 | Rew: -0.41 | Win%: 25.5 | S0: 187.9 | FPS: 2219.2 | Var: dqn
Step: 1503232 | EPS: 0.29 | Rew: -0.38 | Win%: 27.0 | S0: 194.9 | FPS: 1683.4 | Var: dqn
Step: 1504256 | EPS: 0.29 | Rew: -0.37 | Win%: 26.0 | S0: 190.3 | FPS: 2064.2 | Var: dqn
Step: 1505280 | EPS: 0.29 | Rew: -0.38 | Win%: 26.5 | S0: 194.8 | FPS: 2062.0 | Var: dqn
Step: 1506304 | EPS: 0.29 | Rew: -0.35 | Win%: 27.0 | S0: 197.2 | FPS: 1901.3 | Var: dqn
Step: 1507328 | EPS: 0.29 | Rew: -0.44 | Win%: 25.5 | S0: 189.3 | FPS: 1826.9 | Var: dqn
Step: 1508352 | EPS: 0.29 | Rew: -0.34 | Win%: 24.0 | S0: 181.4 | FPS: 1769.2 | Var: dqn
Step: 1509376 | EPS: 0.29 | Rew: -0.37 | Win%: 24.0 | S0: 178.2 | FPS: 1874.0 | Var: dqn
Step: 1510400 | EPS: 0.29 | Rew: -0.33 | Win%: 22.5 | S0: 172.8 | FPS: 1809.9 | Var: dqn
Step: 1511424 | EPS: 0.29 | Rew: -0.34 | Win%: 21.5 | S0: 168.9 | FPS: 1943.3 | Var: dqn
Step: 1512448 | EPS: 0.29 | Rew: -0.56 | Win%: 20.5 | S0: 168.7 | FPS: 2002.8 | Var: dqn
Step: 1513472 | EPS: 0.29 | Rew: -0.49 | Win%: 23.0 | S0: 183.2 | FPS: 1890.7 | Var: dqn
Step: 1514496 | EPS: 0.29 | Rew: -0.59 | Win%: 22.5 | S0: 180.3 | FPS: 1811.9 | Var: dqn
Step: 1515520 | EPS: 0.29 | Rew: -0.63 | Win%: 21.5 | S0: 172.7 | FPS: 1822.9 | Var: dqn
Step: 1516544 | EPS: 0.29 | Rew: -0.45 | Win%: 21.5 | S0: 172.1 | FPS: 2046.0 | Var: dqn
Step: 1517568 | EPS: 0.29 | Rew: -0.76 | Win%: 21.5 | S0: 165.8 | FPS: 1913.8 | Var: dqn
Step: 1518592 | EPS: 0.29 | Rew: -0.54 | Win%: 20.5 | S0: 162.3 | FPS: 2034.1 | Var: dqn
Step: 1519616 | EPS: 0.29 | Rew: -0.60 | Win%: 21.0 | S0: 163.9 | FPS: 1993.6 | Var: dqn
Step: 1520640 | EPS: 0.29 | Rew: -0.56 | Win%: 21.0 | S0: 164.3 | FPS: 1973.5 | Var: dqn
Step: 1521664 | EPS: 0.29 | Rew: -0.47 | Win%: 21.0 | S0: 161.3 | FPS: 1782.0 | Var: dqn
Step: 1522688 | EPS: 0.29 | Rew: -0.45 | Win%: 21.5 | S0: 162.3 | FPS: 1826.3 | Var: dqn
Step: 1523712 | EPS: 0.29 | Rew: -0.52 | Win%: 21.0 | S0: 157.2 | FPS: 2099.5 | Var: dqn
Step: 1524736 | EPS: 0.29 | Rew: -0.35 | Win%: 20.5 | S0: 159.7 | FPS: 2141.2 | Var: dqn
Step: 1525760 | EPS: 0.29 | Rew: -0.46 | Win%: 21.5 | S0: 164.1 | FPS: 2061.9 | Var: dqn
Step: 1526784 | EPS: 0.29 | Rew: -0.60 | Win%: 20.0 | S0: 146.8 | FPS: 1769.8 | Var: dqn
Step: 1527808 | EPS: 0.29 | Rew: -0.64 | Win%: 19.5 | S0: 147.7 | FPS: 1865.9 | Var: dqn
Step: 1528832 | EPS: 0.29 | Rew: -0.67 | Win%: 21.0 | S0: 158.1 | FPS: 1887.2 | Var: dqn
Step: 1529856 | EPS: 0.29 | Rew: -0.65 | Win%: 21.0 | S0: 160.9 | FPS: 2058.7 | Var: dqn
Step: 1530880 | EPS: 0.29 | Rew: -0.51 | Win%: 20.5 | S0: 165.8 | FPS: 2042.7 | Var: dqn
Step: 1531904 | EPS: 0.29 | Rew: -0.62 | Win%: 20.5 | S0: 163.1 | FPS: 2310.1 | Var: dqn
Step: 1532928 | EPS: 0.29 | Rew: -0.42 | Win%: 21.5 | S0: 173.9 | FPS: 2011.2 | Var: dqn
Step: 1533952 | EPS: 0.29 | Rew: -0.31 | Win%: 23.0 | S0: 182.0 | FPS: 1856.7 | Var: dqn
Step: 1534976 | EPS: 0.29 | Rew: -0.16 | Win%: 25.0 | S0: 188.3 | FPS: 1711.3 | Var: dqn
Step: 1536000 | EPS: 0.29 | Rew: -0.27 | Win%: 24.5 | S0: 187.1 | FPS: 1888.9 | Var: dqn
Step: 1537024 | EPS: 0.29 | Rew: -0.06 | Win%: 24.5 | S0: 175.9 | FPS: 1730.6 | Var: dqn
Step: 1538048 | EPS: 0.29 | Rew: -0.24 | Win%: 25.0 | S0: 178.3 | FPS: 1860.9 | Var: dqn
Step: 1539072 | EPS: 0.29 | Rew: -0.32 | Win%: 23.5 | S0: 172.3 | FPS: 1923.9 | Var: dqn
Step: 1540096 | EPS: 0.29 | Rew: -0.25 | Win%: 25.5 | S0: 179.3 | FPS: 1876.1 | Var: dqn
Step: 1541120 | EPS: 0.29 | Rew: -0.21 | Win%: 25.5 | S0: 173.2 | FPS: 1877.7 | Var: dqn
Step: 1542144 | EPS: 0.29 | Rew: -0.09 | Win%: 26.0 | S0: 175.5 | FPS: 1866.9 | Var: dqn
Step: 1543168 | EPS: 0.29 | Rew: -0.09 | Win%: 25.5 | S0: 171.6 | FPS: 1634.8 | Var: dqn
Step: 1544192 | EPS: 0.29 | Rew: -0.09 | Win%: 25.5 | S0: 166.3 | FPS: 1848.6 | Var: dqn
Step: 1545216 | EPS: 0.29 | Rew: -0.03 | Win%: 24.5 | S0: 169.8 | FPS: 1905.0 | Var: dqn
Step: 1546240 | EPS: 0.29 | Rew: -0.07 | Win%: 24.0 | S0: 172.2 | FPS: 2159.7 | Var: dqn
Step: 1547264 | EPS: 0.28 | Rew: -0.01 | Win%: 24.5 | S0: 170.7 | FPS: 1767.1 | Var: dqn
Step: 1548288 | EPS: 0.28 | Rew: -0.11 | Win%: 25.5 | S0: 176.0 | FPS: 1989.4 | Var: dqn
Step: 1549312 | EPS: 0.28 | Rew: -0.04 | Win%: 26.5 | S0: 182.2 | FPS: 1763.2 | Var: dqn
Step: 1550336 | EPS: 0.28 | Rew: -0.12 | Win%: 26.5 | S0: 181.2 | FPS: 1861.9 | Var: dqn
Step: 1551360 | EPS: 0.28 | Rew: -0.06 | Win%: 26.5 | S0: 183.5 | FPS: 1765.3 | Var: dqn
Step: 1552384 | EPS: 0.28 | Rew: -0.07 | Win%: 25.0 | S0: 178.9 | FPS: 1662.4 | Var: dqn
Step: 1553408 | EPS: 0.28 | Rew: -0.08 | Win%: 23.5 | S0: 179.5 | FPS: 1900.7 | Var: dqn
Step: 1554432 | EPS: 0.28 | Rew: -0.04 | Win%: 24.5 | S0: 180.7 | FPS: 1840.8 | Var: dqn
Step: 1555456 | EPS: 0.28 | Rew: -0.07 | Win%: 23.0 | S0: 175.9 | FPS: 1828.1 | Var: dqn
Step: 1556480 | EPS: 0.28 | Rew: -0.04 | Win%: 24.0 | S0: 173.2 | FPS: 1946.5 | Var: dqn
Step: 1557504 | EPS: 0.28 | Rew: -0.14 | Win%: 23.5 | S0: 172.4 | FPS: 1697.8 | Var: dqn
Step: 1558528 | EPS: 0.28 | Rew: -0.15 | Win%: 23.0 | S0: 169.8 | FPS: 1897.0 | Var: dqn
Step: 1559552 | EPS: 0.28 | Rew: -0.20 | Win%: 22.5 | S0: 166.6 | FPS: 1917.7 | Var: dqn
Step: 1560576 | EPS: 0.28 | Rew: -0.29 | Win%: 21.5 | S0: 160.7 | FPS: 1928.1 | Var: dqn
Step: 1561600 | EPS: 0.28 | Rew: -0.50 | Win%: 21.0 | S0: 156.1 | FPS: 1907.6 | Var: dqn
Step: 1562624 | EPS: 0.28 | Rew: -0.39 | Win%: 21.0 | S0: 159.2 | FPS: 1820.7 | Var: dqn
Step: 1563648 | EPS: 0.28 | Rew: -0.38 | Win%: 21.5 | S0: 162.7 | FPS: 1647.0 | Var: dqn
Step: 1564672 | EPS: 0.28 | Rew: -0.37 | Win%: 22.0 | S0: 156.0 | FPS: 1704.3 | Var: dqn
Step: 1565696 | EPS: 0.28 | Rew: -0.27 | Win%: 24.0 | S0: 159.2 | FPS: 1770.2 | Var: dqn
Step: 1566720 | EPS: 0.28 | Rew: -0.06 | Win%: 26.0 | S0: 166.4 | FPS: 1896.6 | Var: dqn
Step: 1567744 | EPS: 0.28 | Rew: 0.05 | Win%: 24.0 | S0: 157.4 | FPS: 1740.8 | Var: dqn
Step: 1568768 | EPS: 0.28 | Rew: 0.01 | Win%: 25.5 | S0: 163.7 | FPS: 1973.7 | Var: dqn
Step: 1569792 | EPS: 0.28 | Rew: -0.07 | Win%: 25.0 | S0: 165.1 | FPS: 2174.1 | Var: dqn
Step: 1570816 | EPS: 0.28 | Rew: -0.07 | Win%: 25.5 | S0: 168.2 | FPS: 1854.2 | Var: dqn
Step: 1571840 | EPS: 0.28 | Rew: -0.08 | Win%: 28.0 | S0: 179.5 | FPS: 1751.6 | Var: dqn
Step: 1572864 | EPS: 0.28 | Rew: -0.12 | Win%: 29.0 | S0: 187.0 | FPS: 1893.8 | Var: dqn
Step: 1573888 | EPS: 0.28 | Rew: -0.04 | Win%: 30.0 | S0: 192.6 | FPS: 1702.9 | Var: dqn
Step: 1574912 | EPS: 0.28 | Rew: 0.01 | Win%: 29.5 | S0: 186.7 | FPS: 2053.8 | Var: dqn
Step: 1575936 | EPS: 0.28 | Rew: 0.01 | Win%: 30.0 | S0: 186.7 | FPS: 1770.4 | Var: dqn
Step: 1576960 | EPS: 0.28 | Rew: 0.01 | Win%: 29.0 | S0: 191.4 | FPS: 1770.5 | Var: dqn
Step: 1577984 | EPS: 0.28 | Rew: 0.14 | Win%: 30.0 | S0: 201.2 | FPS: 1774.1 | Var: dqn
Step: 1579008 | EPS: 0.28 | Rew: 0.13 | Win%: 29.5 | S0: 196.1 | FPS: 2047.6 | Var: dqn
Step: 1580032 | EPS: 0.28 | Rew: 0.26 | Win%: 32.5 | S0: 215.4 | FPS: 1696.0 | Var: dqn
Step: 1581056 | EPS: 0.28 | Rew: 0.19 | Win%: 31.5 | S0: 207.4 | FPS: 1795.0 | Var: dqn
Step: 1582080 | EPS: 0.28 | Rew: 0.20 | Win%: 31.5 | S0: 209.3 | FPS: 1991.6 | Var: dqn
Step: 1583104 | EPS: 0.28 | Rew: 0.25 | Win%: 31.0 | S0: 207.2 | FPS: 2122.6 | Var: dqn
Step: 1584128 | EPS: 0.28 | Rew: 0.09 | Win%: 29.0 | S0: 203.6 | FPS: 1841.6 | Var: dqn
Step: 1585152 | EPS: 0.28 | Rew: 0.10 | Win%: 28.5 | S0: 206.2 | FPS: 1804.3 | Var: dqn
Step: 1586176 | EPS: 0.28 | Rew: 0.02 | Win%: 28.5 | S0: 208.4 | FPS: 2022.2 | Var: dqn
Step: 1587200 | EPS: 0.28 | Rew: 0.14 | Win%: 30.0 | S0: 213.6 | FPS: 1794.2 | Var: dqn
Step: 1588224 | EPS: 0.28 | Rew: 0.18 | Win%: 29.5 | S0: 221.6 | FPS: 1781.1 | Var: dqn
Step: 1589248 | EPS: 0.28 | Rew: 0.02 | Win%: 27.5 | S0: 216.2 | FPS: 1875.0 | Var: dqn
Step: 1590272 | EPS: 0.28 | Rew: -0.04 | Win%: 25.5 | S0: 205.8 | FPS: 2026.9 | Var: dqn
Step: 1591296 | EPS: 0.28 | Rew: -0.11 | Win%: 25.5 | S0: 195.3 | FPS: 1911.7 | Var: dqn
Step: 1592320 | EPS: 0.28 | Rew: -0.05 | Win%: 26.0 | S0: 198.2 | FPS: 1947.7 | Var: dqn
Step: 1593344 | EPS: 0.28 | Rew: -0.21 | Win%: 26.0 | S0: 197.8 | FPS: 2042.1 | Var: dqn
Step: 1594368 | EPS: 0.28 | Rew: -0.23 | Win%: 27.0 | S0: 195.5 | FPS: 2124.5 | Var: dqn
Step: 1595392 | EPS: 0.28 | Rew: -0.05 | Win%: 28.5 | S0: 196.7 | FPS: 2302.6 | Var: dqn
Step: 1596416 | EPS: 0.27 | Rew: -0.07 | Win%: 29.0 | S0: 192.4 | FPS: 2072.7 | Var: dqn
Step: 1597440 | EPS: 0.27 | Rew: -0.06 | Win%: 27.0 | S0: 188.2 | FPS: 1624.8 | Var: dqn
Step: 1598464 | EPS: 0.27 | Rew: -0.01 | Win%: 26.5 | S0: 181.7 | FPS: 1967.9 | Var: dqn
Step: 1599488 | EPS: 0.27 | Rew: 0.06 | Win%: 26.5 | S0: 182.1 | FPS: 1737.8 | Var: dqn
Step: 1600512 | EPS: 0.27 | Rew: 0.05 | Win%: 28.0 | S0: 184.5 | FPS: 1658.2 | Var: dqn
Step: 1601536 | EPS: 0.27 | Rew: 0.07 | Win%: 29.0 | S0: 188.8 | FPS: 1761.2 | Var: dqn
Step: 1602560 | EPS: 0.27 | Rew: 0.05 | Win%: 28.5 | S0: 191.2 | FPS: 1966.7 | Var: dqn
Step: 1603584 | EPS: 0.27 | Rew: 0.15 | Win%: 27.5 | S0: 188.1 | FPS: 2297.7 | Var: dqn
Step: 1604608 | EPS: 0.27 | Rew: 0.19 | Win%: 29.5 | S0: 200.8 | FPS: 1705.9 | Var: dqn
Step: 1605632 | EPS: 0.27 | Rew: 0.29 | Win%: 31.5 | S0: 214.2 | FPS: 1977.8 | Var: dqn
Step: 1606656 | EPS: 0.27 | Rew: 0.40 | Win%: 33.0 | S0: 224.8 | FPS: 1881.3 | Var: dqn
Step: 1607680 | EPS: 0.27 | Rew: 0.40 | Win%: 33.5 | S0: 226.2 | FPS: 1757.0 | Var: dqn
Step: 1608704 | EPS: 0.27 | Rew: 0.15 | Win%: 33.5 | S0: 221.9 | FPS: 1689.6 | Var: dqn
Step: 1609728 | EPS: 0.27 | Rew: 0.17 | Win%: 32.0 | S0: 226.1 | FPS: 1873.4 | Var: dqn
Step: 1610752 | EPS: 0.27 | Rew: 0.02 | Win%: 32.0 | S0: 220.0 | FPS: 2062.2 | Var: dqn
Step: 1611776 | EPS: 0.27 | Rew: -0.05 | Win%: 32.5 | S0: 216.1 | FPS: 1960.5 | Var: dqn
Step: 1612800 | EPS: 0.27 | Rew: -0.09 | Win%: 32.0 | S0: 219.0 | FPS: 2021.3 | Var: dqn
Step: 1613824 | EPS: 0.27 | Rew: -0.00 | Win%: 33.0 | S0: 222.5 | FPS: 2029.8 | Var: dqn
Step: 1614848 | EPS: 0.27 | Rew: 0.29 | Win%: 34.5 | S0: 231.7 | FPS: 2005.2 | Var: dqn
Step: 1615872 | EPS: 0.27 | Rew: 0.12 | Win%: 32.0 | S0: 214.7 | FPS: 1954.6 | Var: dqn
Step: 1616896 | EPS: 0.27 | Rew: 0.14 | Win%: 28.0 | S0: 201.2 | FPS: 2025.2 | Var: dqn
Step: 1617920 | EPS: 0.27 | Rew: 0.07 | Win%: 27.0 | S0: 195.2 | FPS: 1701.3 | Var: dqn
Step: 1618944 | EPS: 0.27 | Rew: -0.02 | Win%: 26.0 | S0: 196.7 | FPS: 1941.7 | Var: dqn
Step: 1619968 | EPS: 0.27 | Rew: -0.03 | Win%: 27.5 | S0: 211.7 | FPS: 1788.3 | Var: dqn
Step: 1620992 | EPS: 0.27 | Rew: 0.07 | Win%: 27.5 | S0: 206.3 | FPS: 1867.7 | Var: dqn
Step: 1622016 | EPS: 0.27 | Rew: 0.09 | Win%: 26.0 | S0: 203.3 | FPS: 1824.1 | Var: dqn
Step: 1623040 | EPS: 0.27 | Rew: -0.01 | Win%: 25.5 | S0: 201.6 | FPS: 1747.9 | Var: dqn
Step: 1624064 | EPS: 0.27 | Rew: 0.17 | Win%: 25.5 | S0: 204.6 | FPS: 1861.2 | Var: dqn
Step: 1625088 | EPS: 0.27 | Rew: 0.19 | Win%: 25.5 | S0: 197.3 | FPS: 1915.8 | Var: dqn
Step: 1626112 | EPS: 0.27 | Rew: 0.28 | Win%: 28.5 | S0: 216.8 | FPS: 2367.9 | Var: dqn
Step: 1627136 | EPS: 0.27 | Rew: 0.26 | Win%: 29.0 | S0: 217.9 | FPS: 1902.1 | Var: dqn
Step: 1628160 | EPS: 0.27 | Rew: 0.38 | Win%: 28.0 | S0: 222.8 | FPS: 1705.0 | Var: dqn
Step: 1629184 | EPS: 0.27 | Rew: 0.37 | Win%: 32.0 | S0: 232.9 | FPS: 1971.0 | Var: dqn
Step: 1630208 | EPS: 0.27 | Rew: 0.15 | Win%: 30.5 | S0: 216.0 | FPS: 2068.1 | Var: dqn
Step: 1631232 | EPS: 0.27 | Rew: 0.01 | Win%: 29.5 | S0: 207.6 | FPS: 1991.0 | Var: dqn
Step: 1632256 | EPS: 0.27 | Rew: 0.04 | Win%: 31.0 | S0: 218.2 | FPS: 1520.6 | Var: dqn
Step: 1633280 | EPS: 0.27 | Rew: 0.03 | Win%: 32.0 | S0: 225.2 | FPS: 1997.0 | Var: dqn
Step: 1634304 | EPS: 0.27 | Rew: -0.10 | Win%: 28.5 | S0: 210.9 | FPS: 1873.2 | Var: dqn
Step: 1635328 | EPS: 0.27 | Rew: 0.10 | Win%: 29.0 | S0: 221.8 | FPS: 1809.0 | Var: dqn
Step: 1636352 | EPS: 0.27 | Rew: 0.08 | Win%: 26.0 | S0: 200.8 | FPS: 1962.9 | Var: dqn
Step: 1637376 | EPS: 0.27 | Rew: 0.18 | Win%: 27.5 | S0: 210.6 | FPS: 1869.6 | Var: dqn
Step: 1638400 | EPS: 0.27 | Rew: 0.19 | Win%: 28.5 | S0: 204.3 | FPS: 1941.7 | Var: dqn
Step: 1639424 | EPS: 0.27 | Rew: 0.31 | Win%: 26.5 | S0: 204.6 | FPS: 1905.6 | Var: dqn
Step: 1640448 | EPS: 0.27 | Rew: 0.28 | Win%: 28.0 | S0: 218.2 | FPS: 1989.4 | Var: dqn
Step: 1641472 | EPS: 0.27 | Rew: 0.26 | Win%: 27.0 | S0: 221.4 | FPS: 1688.4 | Var: dqn
Step: 1642496 | EPS: 0.27 | Rew: 0.14 | Win%: 26.5 | S0: 221.3 | FPS: 1836.5 | Var: dqn
Step: 1643520 | EPS: 0.27 | Rew: 0.01 | Win%: 26.0 | S0: 213.8 | FPS: 2108.3 | Var: dqn
Step: 1644544 | EPS: 0.27 | Rew: 0.21 | Win%: 28.0 | S0: 231.7 | FPS: 1858.5 | Var: dqn
Step: 1645568 | EPS: 0.26 | Rew: 0.09 | Win%: 27.0 | S0: 218.2 | FPS: 1960.7 | Var: dqn
Step: 1646592 | EPS: 0.26 | Rew: 0.15 | Win%: 27.5 | S0: 218.8 | FPS: 1930.1 | Var: dqn
Step: 1647616 | EPS: 0.26 | Rew: 0.12 | Win%: 24.5 | S0: 208.7 | FPS: 2084.7 | Var: dqn
Step: 1648640 | EPS: 0.26 | Rew: 0.12 | Win%: 23.0 | S0: 197.7 | FPS: 1855.6 | Var: dqn
Step: 1649664 | EPS: 0.26 | Rew: -0.15 | Win%: 24.0 | S0: 197.4 | FPS: 1935.2 | Var: dqn
Step: 1650688 | EPS: 0.26 | Rew: -0.20 | Win%: 22.0 | S0: 184.7 | FPS: 2041.9 | Var: dqn
Step: 1651712 | EPS: 0.26 | Rew: -0.02 | Win%: 25.5 | S0: 197.9 | FPS: 1923.7 | Var: dqn
Step: 1652736 | EPS: 0.26 | Rew: 0.06 | Win%: 25.0 | S0: 195.6 | FPS: 1941.8 | Var: dqn
Step: 1653760 | EPS: 0.26 | Rew: 0.09 | Win%: 27.0 | S0: 206.7 | FPS: 1946.7 | Var: dqn
Step: 1654784 | EPS: 0.26 | Rew: 0.22 | Win%: 27.0 | S0: 195.2 | FPS: 1916.3 | Var: dqn
Step: 1655808 | EPS: 0.26 | Rew: 0.34 | Win%: 28.0 | S0: 201.8 | FPS: 1722.4 | Var: dqn
Step: 1656832 | EPS: 0.26 | Rew: 0.34 | Win%: 28.5 | S0: 214.5 | FPS: 1896.1 | Var: dqn
Step: 1657856 | EPS: 0.26 | Rew: 0.35 | Win%: 30.5 | S0: 221.6 | FPS: 1817.7 | Var: dqn
Step: 1658880 | EPS: 0.26 | Rew: 0.38 | Win%: 31.5 | S0: 228.6 | FPS: 1735.0 | Var: dqn
Step: 1659904 | EPS: 0.26 | Rew: 0.31 | Win%: 31.0 | S0: 227.2 | FPS: 1621.3 | Var: dqn
Step: 1660928 | EPS: 0.26 | Rew: 0.24 | Win%: 29.5 | S0: 227.2 | FPS: 1852.7 | Var: dqn
Step: 1661952 | EPS: 0.26 | Rew: 0.23 | Win%: 30.5 | S0: 232.3 | FPS: 1832.1 | Var: dqn
Step: 1662976 | EPS: 0.26 | Rew: 0.17 | Win%: 31.5 | S0: 234.2 | FPS: 1744.7 | Var: dqn
Step: 1664000 | EPS: 0.26 | Rew: 0.21 | Win%: 31.5 | S0: 241.9 | FPS: 1704.0 | Var: dqn
Step: 1665024 | EPS: 0.26 | Rew: 0.13 | Win%: 31.0 | S0: 234.0 | FPS: 1763.5 | Var: dqn
Step: 1666048 | EPS: 0.26 | Rew: 0.25 | Win%: 32.5 | S0: 237.2 | FPS: 1979.5 | Var: dqn
Step: 1667072 | EPS: 0.26 | Rew: 0.24 | Win%: 31.5 | S0: 230.9 | FPS: 1765.2 | Var: dqn
Step: 1668096 | EPS: 0.26 | Rew: 0.26 | Win%: 32.5 | S0: 241.8 | FPS: 1734.2 | Var: dqn
Step: 1669120 | EPS: 0.26 | Rew: 0.35 | Win%: 33.0 | S0: 228.4 | FPS: 1941.3 | Var: dqn
Step: 1670144 | EPS: 0.26 | Rew: 0.19 | Win%: 30.0 | S0: 216.0 | FPS: 1701.6 | Var: dqn
Step: 1671168 | EPS: 0.26 | Rew: 0.13 | Win%: 29.5 | S0: 210.5 | FPS: 1968.9 | Var: dqn
Step: 1672192 | EPS: 0.26 | Rew: 0.07 | Win%: 32.5 | S0: 213.2 | FPS: 1767.4 | Var: dqn
Step: 1673216 | EPS: 0.26 | Rew: 0.18 | Win%: 35.0 | S0: 219.2 | FPS: 1730.5 | Var: dqn
Step: 1674240 | EPS: 0.26 | Rew: 0.18 | Win%: 36.0 | S0: 223.5 | FPS: 1931.4 | Var: dqn
Step: 1675264 | EPS: 0.26 | Rew: 0.16 | Win%: 35.5 | S0: 225.8 | FPS: 1937.2 | Var: dqn
Step: 1676288 | EPS: 0.26 | Rew: 0.29 | Win%: 35.0 | S0: 216.6 | FPS: 1755.6 | Var: dqn
Step: 1677312 | EPS: 0.26 | Rew: 0.25 | Win%: 34.0 | S0: 209.4 | FPS: 1702.0 | Var: dqn
Step: 1678336 | EPS: 0.26 | Rew: 0.20 | Win%: 34.5 | S0: 210.1 | FPS: 1805.5 | Var: dqn
Step: 1679360 | EPS: 0.26 | Rew: 0.03 | Win%: 34.5 | S0: 209.6 | FPS: 1760.9 | Var: dqn
Step: 1680384 | EPS: 0.26 | Rew: -0.09 | Win%: 32.0 | S0: 197.4 | FPS: 1985.1 | Var: dqn
Step: 1681408 | EPS: 0.26 | Rew: 0.13 | Win%: 35.0 | S0: 214.1 | FPS: 1589.0 | Var: dqn
Step: 1682432 | EPS: 0.26 | Rew: 0.00 | Win%: 33.5 | S0: 207.6 | FPS: 1657.0 | Var: dqn
Step: 1683456 | EPS: 0.26 | Rew: -0.03 | Win%: 31.5 | S0: 201.2 | FPS: 1802.6 | Var: dqn
Step: 1684480 | EPS: 0.26 | Rew: 0.25 | Win%: 31.5 | S0: 207.2 | FPS: 1807.6 | Var: dqn
Step: 1685504 | EPS: 0.26 | Rew: 0.19 | Win%: 30.0 | S0: 197.4 | FPS: 1881.5 | Var: dqn
Step: 1686528 | EPS: 0.26 | Rew: 0.16 | Win%: 31.0 | S0: 198.7 | FPS: 2116.5 | Var: dqn
Step: 1687552 | EPS: 0.26 | Rew: 0.09 | Win%: 31.0 | S0: 205.3 | FPS: 1787.4 | Var: dqn
Step: 1688576 | EPS: 0.26 | Rew: 0.23 | Win%: 30.5 | S0: 206.0 | FPS: 2031.1 | Var: dqn
Step: 1689600 | EPS: 0.26 | Rew: 0.30 | Win%: 31.5 | S0: 217.2 | FPS: 1725.8 | Var: dqn
Step: 1690624 | EPS: 0.26 | Rew: 0.34 | Win%: 31.0 | S0: 216.8 | FPS: 1800.1 | Var: dqn
Step: 1691648 | EPS: 0.26 | Rew: 0.23 | Win%: 31.0 | S0: 216.0 | FPS: 1765.0 | Var: dqn
Step: 1692672 | EPS: 0.26 | Rew: 0.22 | Win%: 30.5 | S0: 214.8 | FPS: 1849.5 | Var: dqn
Step: 1693696 | EPS: 0.25 | Rew: 0.30 | Win%: 31.5 | S0: 220.9 | FPS: 1747.8 | Var: dqn
Step: 1694720 | EPS: 0.25 | Rew: 0.18 | Win%: 29.5 | S0: 210.9 | FPS: 1851.6 | Var: dqn
Step: 1695744 | EPS: 0.25 | Rew: 0.05 | Win%: 29.5 | S0: 211.0 | FPS: 2034.3 | Var: dqn
Step: 1696768 | EPS: 0.25 | Rew: -0.00 | Win%: 30.0 | S0: 214.7 | FPS: 2232.7 | Var: dqn
Step: 1697792 | EPS: 0.25 | Rew: 0.09 | Win%: 31.5 | S0: 218.2 | FPS: 1991.2 | Var: dqn
Step: 1698816 | EPS: 0.25 | Rew: 0.16 | Win%: 30.5 | S0: 214.8 | FPS: 1703.1 | Var: dqn
Step: 1699840 | EPS: 0.25 | Rew: 0.23 | Win%: 31.0 | S0: 223.7 | FPS: 1933.3 | Var: dqn
Step: 1700864 | EPS: 0.25 | Rew: 0.10 | Win%: 29.0 | S0: 217.5 | FPS: 1861.2 | Var: dqn
Step: 1701888 | EPS: 0.25 | Rew: 0.04 | Win%: 27.5 | S0: 200.6 | FPS: 1729.6 | Var: dqn
Step: 1702912 | EPS: 0.25 | Rew: 0.00 | Win%: 27.0 | S0: 192.3 | FPS: 1742.7 | Var: dqn
Step: 1703936 | EPS: 0.25 | Rew: -0.10 | Win%: 27.0 | S0: 195.3 | FPS: 1876.7 | Var: dqn
Step: 1704960 | EPS: 0.25 | Rew: 0.01 | Win%: 30.0 | S0: 202.4 | FPS: 1821.3 | Var: dqn
Step: 1705984 | EPS: 0.25 | Rew: 0.07 | Win%: 29.0 | S0: 198.0 | FPS: 1871.4 | Var: dqn
Step: 1707008 | EPS: 0.25 | Rew: 0.14 | Win%: 30.0 | S0: 201.8 | FPS: 2359.2 | Var: dqn
Step: 1708032 | EPS: 0.25 | Rew: 0.17 | Win%: 29.5 | S0: 202.4 | FPS: 2103.0 | Var: dqn
Step: 1709056 | EPS: 0.25 | Rew: 0.01 | Win%: 29.0 | S0: 196.0 | FPS: 1895.1 | Var: dqn
Step: 1710080 | EPS: 0.25 | Rew: -0.08 | Win%: 28.5 | S0: 189.7 | FPS: 1945.2 | Var: dqn
Step: 1711104 | EPS: 0.25 | Rew: -0.03 | Win%: 30.5 | S0: 197.6 | FPS: 1823.9 | Var: dqn
Step: 1712128 | EPS: 0.25 | Rew: -0.07 | Win%: 31.0 | S0: 203.8 | FPS: 1863.1 | Var: dqn
Step: 1713152 | EPS: 0.25 | Rew: 0.12 | Win%: 33.5 | S0: 215.8 | FPS: 1690.5 | Var: dqn
Step: 1714176 | EPS: 0.25 | Rew: 0.28 | Win%: 33.0 | S0: 221.2 | FPS: 1880.4 | Var: dqn
Step: 1715200 | EPS: 0.25 | Rew: 0.23 | Win%: 32.0 | S0: 217.8 | FPS: 1889.4 | Var: dqn
Step: 1716224 | EPS: 0.25 | Rew: 0.07 | Win%: 28.5 | S0: 209.4 | FPS: 1866.4 | Var: dqn
Step: 1717248 | EPS: 0.25 | Rew: 0.01 | Win%: 28.0 | S0: 212.4 | FPS: 1827.8 | Var: dqn
Step: 1718272 | EPS: 0.25 | Rew: 0.02 | Win%: 28.0 | S0: 207.0 | FPS: 1853.2 | Var: dqn
Step: 1719296 | EPS: 0.25 | Rew: -0.09 | Win%: 29.0 | S0: 208.8 | FPS: 1990.2 | Var: dqn
Step: 1720320 | EPS: 0.25 | Rew: -0.09 | Win%: 29.0 | S0: 210.9 | FPS: 2030.8 | Var: dqn
Step: 1721344 | EPS: 0.25 | Rew: -0.04 | Win%: 27.5 | S0: 199.9 | FPS: 1995.1 | Var: dqn
Step: 1722368 | EPS: 0.25 | Rew: 0.12 | Win%: 28.5 | S0: 204.9 | FPS: 1867.0 | Var: dqn
Step: 1723392 | EPS: 0.25 | Rew: 0.19 | Win%: 29.0 | S0: 201.2 | FPS: 1827.3 | Var: dqn
Step: 1724416 | EPS: 0.25 | Rew: 0.07 | Win%: 26.5 | S0: 189.9 | FPS: 1999.8 | Var: dqn
Step: 1725440 | EPS: 0.25 | Rew: 0.06 | Win%: 26.0 | S0: 181.8 | FPS: 2210.9 | Var: dqn
Step: 1726464 | EPS: 0.25 | Rew: 0.13 | Win%: 27.5 | S0: 189.0 | FPS: 1870.1 | Var: dqn
Step: 1727488 | EPS: 0.25 | Rew: 0.27 | Win%: 29.5 | S0: 196.8 | FPS: 1866.1 | Var: dqn
Step: 1728512 | EPS: 0.25 | Rew: 0.06 | Win%: 29.5 | S0: 188.1 | FPS: 1829.5 | Var: dqn
Step: 1729536 | EPS: 0.25 | Rew: 0.15 | Win%: 31.0 | S0: 198.8 | FPS: 1958.8 | Var: dqn
Step: 1730560 | EPS: 0.25 | Rew: 0.21 | Win%: 29.5 | S0: 200.6 | FPS: 1831.6 | Var: dqn
Step: 1731584 | EPS: 0.25 | Rew: 0.27 | Win%: 31.0 | S0: 207.8 | FPS: 1934.0 | Var: dqn
Step: 1732608 | EPS: 0.25 | Rew: 0.33 | Win%: 31.0 | S0: 215.8 | FPS: 1966.1 | Var: dqn
Step: 1733632 | EPS: 0.25 | Rew: 0.37 | Win%: 32.0 | S0: 230.8 | FPS: 1977.0 | Var: dqn
Step: 1734656 | EPS: 0.25 | Rew: 0.43 | Win%: 31.0 | S0: 222.7 | FPS: 1963.7 | Var: dqn
Step: 1735680 | EPS: 0.25 | Rew: 0.26 | Win%: 29.5 | S0: 222.4 | FPS: 2062.7 | Var: dqn
Step: 1736704 | EPS: 0.25 | Rew: 0.39 | Win%: 31.0 | S0: 230.4 | FPS: 1930.9 | Var: dqn
Step: 1737728 | EPS: 0.25 | Rew: 0.19 | Win%: 31.5 | S0: 232.5 | FPS: 1905.1 | Var: dqn
Step: 1738752 | EPS: 0.25 | Rew: 0.07 | Win%: 29.0 | S0: 231.2 | FPS: 2073.4 | Var: dqn
Step: 1739776 | EPS: 0.25 | Rew: 0.03 | Win%: 29.5 | S0: 233.2 | FPS: 1961.5 | Var: dqn
Step: 1740800 | EPS: 0.25 | Rew: -0.07 | Win%: 29.0 | S0: 231.6 | FPS: 1853.1 | Var: dqn
Step: 1741824 | EPS: 0.25 | Rew: -0.09 | Win%: 28.0 | S0: 224.4 | FPS: 1821.9 | Var: dqn
Step: 1742848 | EPS: 0.24 | Rew: -0.18 | Win%: 27.5 | S0: 220.9 | FPS: 2098.7 | Var: dqn
Step: 1743872 | EPS: 0.24 | Rew: -0.07 | Win%: 26.5 | S0: 210.2 | FPS: 1626.2 | Var: dqn
Step: 1744896 | EPS: 0.24 | Rew: 0.06 | Win%: 26.0 | S0: 204.7 | FPS: 1703.7 | Var: dqn
Step: 1745920 | EPS: 0.24 | Rew: 0.13 | Win%: 27.0 | S0: 210.3 | FPS: 2048.5 | Var: dqn
Step: 1746944 | EPS: 0.24 | Rew: 0.21 | Win%: 28.0 | S0: 209.6 | FPS: 2099.1 | Var: dqn
Step: 1747968 | EPS: 0.24 | Rew: 0.26 | Win%: 26.5 | S0: 205.9 | FPS: 2363.5 | Var: dqn
Step: 1748992 | EPS: 0.24 | Rew: 0.38 | Win%: 28.5 | S0: 222.8 | FPS: 2062.3 | Var: dqn
Step: 1750016 | EPS: 0.24 | Rew: 0.28 | Win%: 28.5 | S0: 220.6 | FPS: 1631.9 | Var: dqn
Step: 1751040 | EPS: 0.24 | Rew: 0.24 | Win%: 28.5 | S0: 217.7 | FPS: 1892.6 | Var: dqn
Step: 1752064 | EPS: 0.24 | Rew: 0.16 | Win%: 28.5 | S0: 210.9 | FPS: 1923.0 | Var: dqn
Step: 1753088 | EPS: 0.24 | Rew: 0.27 | Win%: 29.5 | S0: 223.7 | FPS: 1623.6 | Var: dqn
Step: 1754112 | EPS: 0.24 | Rew: 0.24 | Win%: 31.0 | S0: 236.1 | FPS: 1882.8 | Var: dqn
Step: 1755136 | EPS: 0.24 | Rew: 0.33 | Win%: 30.5 | S0: 241.1 | FPS: 1887.6 | Var: dqn
Step: 1756160 | EPS: 0.24 | Rew: 0.41 | Win%: 31.5 | S0: 248.3 | FPS: 1858.0 | Var: dqn
Step: 1757184 | EPS: 0.24 | Rew: 0.24 | Win%: 29.5 | S0: 231.1 | FPS: 2009.7 | Var: dqn
Step: 1758208 | EPS: 0.24 | Rew: 0.33 | Win%: 29.5 | S0: 230.7 | FPS: 1965.0 | Var: dqn
Step: 1759232 | EPS: 0.24 | Rew: 0.20 | Win%: 30.0 | S0: 229.8 | FPS: 1944.1 | Var: dqn
Step: 1760256 | EPS: 0.24 | Rew: 0.21 | Win%: 29.0 | S0: 216.4 | FPS: 2014.0 | Var: dqn
Step: 1761280 | EPS: 0.24 | Rew: 0.18 | Win%: 32.0 | S0: 228.8 | FPS: 1950.1 | Var: dqn
Step: 1762304 | EPS: 0.24 | Rew: 0.21 | Win%: 32.0 | S0: 228.6 | FPS: 2042.0 | Var: dqn
Step: 1763328 | EPS: 0.24 | Rew: 0.28 | Win%: 31.5 | S0: 229.1 | FPS: 2016.6 | Var: dqn
Step: 1764352 | EPS: 0.24 | Rew: 0.27 | Win%: 32.5 | S0: 240.9 | FPS: 2093.6 | Var: dqn
Step: 1765376 | EPS: 0.24 | Rew: 0.32 | Win%: 31.5 | S0: 228.6 | FPS: 1951.7 | Var: dqn
Step: 1766400 | EPS: 0.24 | Rew: 0.27 | Win%: 30.5 | S0: 224.2 | FPS: 1932.3 | Var: dqn
Step: 1767424 | EPS: 0.24 | Rew: 0.22 | Win%: 31.0 | S0: 220.6 | FPS: 1890.4 | Var: dqn
Step: 1768448 | EPS: 0.24 | Rew: 0.05 | Win%: 29.0 | S0: 207.4 | FPS: 2590.8 | Var: dqn
Step: 1769472 | EPS: 0.24 | Rew: 0.09 | Win%: 30.5 | S0: 206.4 | FPS: 1906.2 | Var: dqn
Step: 1770496 | EPS: 0.24 | Rew: 0.10 | Win%: 32.5 | S0: 215.3 | FPS: 1844.1 | Var: dqn
Step: 1771520 | EPS: 0.24 | Rew: 0.07 | Win%: 30.5 | S0: 210.8 | FPS: 1779.7 | Var: dqn
Step: 1772544 | EPS: 0.24 | Rew: 0.08 | Win%: 31.5 | S0: 215.8 | FPS: 1810.3 | Var: dqn
Step: 1773568 | EPS: 0.24 | Rew: -0.01 | Win%: 30.0 | S0: 210.8 | FPS: 1983.4 | Var: dqn
Step: 1774592 | EPS: 0.24 | Rew: 0.00 | Win%: 29.0 | S0: 206.8 | FPS: 1885.4 | Var: dqn
Step: 1775616 | EPS: 0.24 | Rew: 0.02 | Win%: 28.0 | S0: 200.1 | FPS: 1940.6 | Var: dqn
Step: 1776640 | EPS: 0.24 | Rew: -0.04 | Win%: 26.0 | S0: 189.2 | FPS: 1788.5 | Var: dqn
Step: 1777664 | EPS: 0.24 | Rew: -0.14 | Win%: 25.5 | S0: 189.9 | FPS: 1835.9 | Var: dqn
Step: 1778688 | EPS: 0.24 | Rew: -0.08 | Win%: 24.5 | S0: 180.1 | FPS: 1990.7 | Var: dqn
Step: 1779712 | EPS: 0.24 | Rew: -0.15 | Win%: 25.0 | S0: 180.1 | FPS: 2026.5 | Var: dqn
Step: 1780736 | EPS: 0.24 | Rew: -0.10 | Win%: 25.5 | S0: 181.1 | FPS: 2078.2 | Var: dqn
Step: 1781760 | EPS: 0.24 | Rew: -0.08 | Win%: 25.5 | S0: 182.6 | FPS: 1856.8 | Var: dqn
Step: 1782784 | EPS: 0.24 | Rew: 0.08 | Win%: 27.0 | S0: 186.4 | FPS: 1905.8 | Var: dqn
Step: 1783808 | EPS: 0.24 | Rew: 0.00 | Win%: 27.0 | S0: 188.5 | FPS: 2051.3 | Var: dqn
Step: 1784832 | EPS: 0.24 | Rew: 0.02 | Win%: 24.5 | S0: 180.7 | FPS: 2033.3 | Var: dqn
Step: 1785856 | EPS: 0.24 | Rew: 0.01 | Win%: 24.5 | S0: 180.9 | FPS: 1921.2 | Var: dqn
Step: 1786880 | EPS: 0.24 | Rew: 0.04 | Win%: 25.0 | S0: 181.5 | FPS: 1874.8 | Var: dqn
Step: 1787904 | EPS: 0.24 | Rew: 0.04 | Win%: 24.5 | S0: 179.7 | FPS: 1922.6 | Var: dqn
Step: 1788928 | EPS: 0.24 | Rew: -0.02 | Win%: 26.0 | S0: 185.8 | FPS: 1928.2 | Var: dqn
Step: 1789952 | EPS: 0.24 | Rew: 0.11 | Win%: 26.0 | S0: 186.4 | FPS: 2068.3 | Var: dqn
Step: 1790976 | EPS: 0.24 | Rew: 0.02 | Win%: 27.0 | S0: 194.7 | FPS: 2017.6 | Var: dqn
Step: 1792000 | EPS: 0.23 | Rew: 0.13 | Win%: 28.0 | S0: 200.4 | FPS: 1970.6 | Var: dqn
Step: 1793024 | EPS: 0.23 | Rew: 0.08 | Win%: 27.0 | S0: 200.0 | FPS: 1936.1 | Var: dqn
Step: 1794048 | EPS: 0.23 | Rew: 0.06 | Win%: 26.5 | S0: 198.9 | FPS: 1809.6 | Var: dqn
Step: 1795072 | EPS: 0.23 | Rew: 0.01 | Win%: 26.0 | S0: 199.2 | FPS: 1912.4 | Var: dqn
Step: 1796096 | EPS: 0.23 | Rew: 0.06 | Win%: 26.5 | S0: 200.8 | FPS: 2020.4 | Var: dqn
Step: 1797120 | EPS: 0.23 | Rew: -0.04 | Win%: 24.5 | S0: 198.2 | FPS: 1991.4 | Var: dqn
Step: 1798144 | EPS: 0.23 | Rew: -0.06 | Win%: 23.5 | S0: 188.2 | FPS: 2099.2 | Var: dqn
Step: 1799168 | EPS: 0.23 | Rew: -0.09 | Win%: 24.5 | S0: 189.7 | FPS: 1912.4 | Var: dqn
Step: 1800192 | EPS: 0.23 | Rew: -0.10 | Win%: 25.0 | S0: 191.4 | FPS: 1801.8 | Var: dqn
Step: 1801216 | EPS: 0.23 | Rew: -0.18 | Win%: 24.5 | S0: 185.8 | FPS: 2189.9 | Var: dqn
Step: 1802240 | EPS: 0.23 | Rew: -0.14 | Win%: 24.5 | S0: 189.6 | FPS: 1779.5 | Var: dqn
Step: 1803264 | EPS: 0.23 | Rew: -0.29 | Win%: 23.5 | S0: 186.9 | FPS: 1834.2 | Var: dqn
Step: 1804288 | EPS: 0.23 | Rew: -0.25 | Win%: 23.0 | S0: 185.5 | FPS: 2030.8 | Var: dqn
Step: 1805312 | EPS: 0.23 | Rew: -0.16 | Win%: 24.0 | S0: 183.1 | FPS: 1923.9 | Var: dqn
Step: 1806336 | EPS: 0.23 | Rew: -0.17 | Win%: 24.5 | S0: 183.7 | FPS: 1786.1 | Var: dqn
Step: 1807360 | EPS: 0.23 | Rew: -0.18 | Win%: 24.0 | S0: 180.3 | FPS: 2000.4 | Var: dqn
Step: 1808384 | EPS: 0.23 | Rew: -0.19 | Win%: 24.5 | S0: 183.5 | FPS: 2025.3 | Var: dqn
Step: 1809408 | EPS: 0.23 | Rew: 0.05 | Win%: 28.0 | S0: 199.0 | FPS: 1992.8 | Var: dqn
Step: 1810432 | EPS: 0.23 | Rew: 0.04 | Win%: 26.5 | S0: 191.4 | FPS: 1925.7 | Var: dqn
Step: 1811456 | EPS: 0.23 | Rew: 0.04 | Win%: 27.0 | S0: 200.6 | FPS: 1878.9 | Var: dqn
Step: 1812480 | EPS: 0.23 | Rew: 0.09 | Win%: 28.0 | S0: 203.8 | FPS: 1907.8 | Var: dqn
Step: 1813504 | EPS: 0.23 | Rew: 0.12 | Win%: 27.5 | S0: 197.0 | FPS: 1939.6 | Var: dqn
Step: 1814528 | EPS: 0.23 | Rew: 0.12 | Win%: 28.0 | S0: 199.6 | FPS: 1627.9 | Var: dqn
Step: 1815552 | EPS: 0.23 | Rew: 0.19 | Win%: 30.0 | S0: 210.9 | FPS: 1820.5 | Var: dqn
Step: 1816576 | EPS: 0.23 | Rew: 0.28 | Win%: 31.5 | S0: 219.3 | FPS: 1951.2 | Var: dqn
Step: 1817600 | EPS: 0.23 | Rew: 0.29 | Win%: 31.5 | S0: 219.2 | FPS: 1852.5 | Var: dqn
Step: 1818624 | EPS: 0.23 | Rew: 0.24 | Win%: 31.0 | S0: 218.2 | FPS: 1939.7 | Var: dqn
Step: 1819648 | EPS: 0.23 | Rew: 0.16 | Win%: 32.0 | S0: 222.2 | FPS: 1709.2 | Var: dqn
Step: 1820672 | EPS: 0.23 | Rew: -0.03 | Win%: 31.5 | S0: 225.9 | FPS: 2034.2 | Var: dqn
Step: 1821696 | EPS: 0.23 | Rew: -0.12 | Win%: 30.5 | S0: 215.7 | FPS: 2093.6 | Var: dqn
Step: 1822720 | EPS: 0.23 | Rew: -0.15 | Win%: 30.5 | S0: 216.2 | FPS: 2020.8 | Var: dqn
Step: 1823744 | EPS: 0.23 | Rew: -0.21 | Win%: 30.5 | S0: 216.4 | FPS: 2100.7 | Var: dqn
Step: 1824768 | EPS: 0.23 | Rew: -0.15 | Win%: 30.5 | S0: 216.2 | FPS: 1915.4 | Var: dqn
Step: 1825792 | EPS: 0.23 | Rew: -0.20 | Win%: 30.5 | S0: 213.8 | FPS: 1967.1 | Var: dqn
Step: 1826816 | EPS: 0.23 | Rew: -0.17 | Win%: 31.0 | S0: 215.2 | FPS: 2272.9 | Var: dqn
Step: 1827840 | EPS: 0.23 | Rew: -0.30 | Win%: 32.0 | S0: 219.7 | FPS: 2095.2 | Var: dqn
Step: 1828864 | EPS: 0.23 | Rew: -0.38 | Win%: 31.0 | S0: 216.4 | FPS: 2148.6 | Var: dqn
Step: 1829888 | EPS: 0.23 | Rew: -0.29 | Win%: 31.5 | S0: 217.7 | FPS: 2102.1 | Var: dqn
Step: 1830912 | EPS: 0.23 | Rew: -0.32 | Win%: 32.0 | S0: 217.9 | FPS: 1951.1 | Var: dqn
Step: 1831936 | EPS: 0.23 | Rew: -0.19 | Win%: 33.0 | S0: 230.1 | FPS: 2038.9 | Var: dqn
Step: 1832960 | EPS: 0.23 | Rew: -0.14 | Win%: 33.5 | S0: 233.5 | FPS: 2150.9 | Var: dqn
Step: 1833984 | EPS: 0.23 | Rew: -0.45 | Win%: 32.5 | S0: 222.3 | FPS: 2016.3 | Var: dqn
Step: 1835008 | EPS: 0.23 | Rew: -0.47 | Win%: 32.0 | S0: 220.6 | FPS: 2091.7 | Var: dqn
Step: 1836032 | EPS: 0.23 | Rew: -0.40 | Win%: 31.5 | S0: 215.6 | FPS: 2070.0 | Var: dqn
Step: 1837056 | EPS: 0.23 | Rew: -0.36 | Win%: 31.5 | S0: 210.4 | FPS: 1917.8 | Var: dqn
Step: 1838080 | EPS: 0.23 | Rew: -0.39 | Win%: 30.5 | S0: 205.2 | FPS: 2231.8 | Var: dqn
Step: 1839104 | EPS: 0.23 | Rew: -0.45 | Win%: 30.5 | S0: 206.6 | FPS: 2001.4 | Var: dqn
Step: 1840128 | EPS: 0.23 | Rew: -0.54 | Win%: 30.5 | S0: 208.5 | FPS: 1969.8 | Var: dqn
Step: 1841152 | EPS: 0.22 | Rew: -0.61 | Win%: 29.0 | S0: 203.9 | FPS: 2077.4 | Var: dqn
Step: 1842176 | EPS: 0.22 | Rew: -0.68 | Win%: 29.0 | S0: 203.9 | FPS: 1931.2 | Var: dqn
Step: 1843200 | EPS: 0.22 | Rew: -0.53 | Win%: 28.5 | S0: 197.6 | FPS: 1911.4 | Var: dqn
Step: 1844224 | EPS: 0.22 | Rew: -0.53 | Win%: 28.0 | S0: 194.8 | FPS: 1975.3 | Var: dqn
Step: 1845248 | EPS: 0.22 | Rew: -0.66 | Win%: 27.5 | S0: 194.6 | FPS: 1793.3 | Var: dqn
Step: 1846272 | EPS: 0.22 | Rew: -0.74 | Win%: 27.0 | S0: 192.8 | FPS: 1786.8 | Var: dqn
Step: 1847296 | EPS: 0.22 | Rew: -0.95 | Win%: 26.0 | S0: 190.1 | FPS: 1995.2 | Var: dqn
Step: 1848320 | EPS: 0.22 | Rew: -0.90 | Win%: 26.0 | S0: 193.7 | FPS: 2039.5 | Var: dqn
Step: 1849344 | EPS: 0.22 | Rew: -0.83 | Win%: 25.0 | S0: 192.2 | FPS: 1914.1 | Var: dqn
Step: 1850368 | EPS: 0.22 | Rew: -0.76 | Win%: 26.5 | S0: 192.7 | FPS: 1893.3 | Var: dqn
Step: 1851392 | EPS: 0.22 | Rew: -0.76 | Win%: 27.5 | S0: 202.6 | FPS: 1573.8 | Var: dqn
Step: 1852416 | EPS: 0.22 | Rew: -0.63 | Win%: 29.0 | S0: 205.6 | FPS: 2048.9 | Var: dqn
Step: 1853440 | EPS: 0.22 | Rew: -0.43 | Win%: 29.5 | S0: 208.7 | FPS: 1871.2 | Var: dqn
Step: 1854464 | EPS: 0.22 | Rew: -0.55 | Win%: 26.5 | S0: 200.8 | FPS: 1787.1 | Var: dqn
Step: 1855488 | EPS: 0.22 | Rew: -0.54 | Win%: 26.0 | S0: 197.1 | FPS: 1833.1 | Var: dqn
Step: 1856512 | EPS: 0.22 | Rew: -0.59 | Win%: 25.5 | S0: 185.4 | FPS: 1966.8 | Var: dqn
Step: 1857536 | EPS: 0.22 | Rew: -0.27 | Win%: 24.5 | S0: 184.6 | FPS: 1996.2 | Var: dqn
Step: 1858560 | EPS: 0.22 | Rew: -0.15 | Win%: 26.5 | S0: 199.4 | FPS: 2051.7 | Var: dqn
Step: 1859584 | EPS: 0.22 | Rew: -0.24 | Win%: 26.5 | S0: 200.7 | FPS: 1924.0 | Var: dqn
Step: 1860608 | EPS: 0.22 | Rew: -0.09 | Win%: 28.0 | S0: 207.1 | FPS: 1947.2 | Var: dqn
Step: 1861632 | EPS: 0.22 | Rew: -0.13 | Win%: 29.0 | S0: 207.3 | FPS: 1805.5 | Var: dqn
Step: 1862656 | EPS: 0.22 | Rew: -0.04 | Win%: 29.0 | S0: 210.3 | FPS: 2015.6 | Var: dqn
Step: 1863680 | EPS: 0.22 | Rew: -0.12 | Win%: 27.5 | S0: 206.2 | FPS: 2199.4 | Var: dqn
Step: 1864704 | EPS: 0.22 | Rew: -0.05 | Win%: 29.5 | S0: 208.8 | FPS: 2025.4 | Var: dqn
Step: 1865728 | EPS: 0.22 | Rew: 0.02 | Win%: 31.0 | S0: 211.7 | FPS: 1915.9 | Var: dqn
Step: 1866752 | EPS: 0.22 | Rew: -0.14 | Win%: 30.0 | S0: 207.7 | FPS: 1862.9 | Var: dqn
Step: 1867776 | EPS: 0.22 | Rew: 0.05 | Win%: 28.0 | S0: 202.3 | FPS: 2216.4 | Var: dqn
Step: 1868800 | EPS: 0.22 | Rew: 0.16 | Win%: 30.5 | S0: 219.9 | FPS: 2112.6 | Var: dqn
Step: 1869824 | EPS: 0.22 | Rew: 0.15 | Win%: 32.5 | S0: 230.4 | FPS: 2141.8 | Var: dqn
Step: 1870848 | EPS: 0.22 | Rew: 0.21 | Win%: 31.5 | S0: 227.1 | FPS: 1892.6 | Var: dqn
Step: 1871872 | EPS: 0.22 | Rew: 0.26 | Win%: 32.0 | S0: 230.6 | FPS: 1873.6 | Var: dqn
Step: 1872896 | EPS: 0.22 | Rew: 0.36 | Win%: 32.5 | S0: 239.3 | FPS: 1802.8 | Var: dqn
Step: 1873920 | EPS: 0.22 | Rew: 0.43 | Win%: 31.5 | S0: 235.8 | FPS: 1918.1 | Var: dqn
Step: 1874944 | EPS: 0.22 | Rew: 0.47 | Win%: 32.0 | S0: 241.7 | FPS: 2020.7 | Var: dqn
Step: 1875968 | EPS: 0.22 | Rew: 0.39 | Win%: 31.5 | S0: 239.4 | FPS: 1970.3 | Var: dqn
Step: 1876992 | EPS: 0.22 | Rew: 0.47 | Win%: 32.0 | S0: 246.3 | FPS: 1817.8 | Var: dqn
Step: 1878016 | EPS: 0.22 | Rew: 0.41 | Win%: 31.5 | S0: 243.4 | FPS: 2184.5 | Var: dqn
Step: 1879040 | EPS: 0.22 | Rew: 0.40 | Win%: 32.5 | S0: 253.5 | FPS: 1871.1 | Var: dqn
Step: 1880064 | EPS: 0.22 | Rew: 0.24 | Win%: 30.0 | S0: 247.0 | FPS: 1762.5 | Var: dqn
Step: 1881088 | EPS: 0.22 | Rew: 0.20 | Win%: 30.0 | S0: 253.6 | FPS: 2163.7 | Var: dqn
Step: 1882112 | EPS: 0.22 | Rew: 0.21 | Win%: 31.0 | S0: 257.8 | FPS: 1931.7 | Var: dqn
Step: 1883136 | EPS: 0.22 | Rew: 0.15 | Win%: 31.0 | S0: 253.4 | FPS: 2060.6 | Var: dqn
Step: 1884160 | EPS: 0.22 | Rew: 0.06 | Win%: 29.5 | S0: 246.9 | FPS: 1822.3 | Var: dqn
Step: 1885184 | EPS: 0.22 | Rew: 0.19 | Win%: 29.5 | S0: 242.2 | FPS: 1758.6 | Var: dqn
Step: 1886208 | EPS: 0.22 | Rew: 0.05 | Win%: 29.5 | S0: 245.3 | FPS: 1863.5 | Var: dqn
Step: 1887232 | EPS: 0.22 | Rew: 0.07 | Win%: 28.0 | S0: 233.8 | FPS: 1749.2 | Var: dqn
Step: 1888256 | EPS: 0.22 | Rew: 0.17 | Win%: 28.0 | S0: 237.8 | FPS: 2052.6 | Var: dqn
Step: 1889280 | EPS: 0.22 | Rew: 0.20 | Win%: 28.0 | S0: 233.1 | FPS: 2020.4 | Var: dqn
Step: 1890304 | EPS: 0.21 | Rew: 0.15 | Win%: 27.0 | S0: 224.4 | FPS: 2073.5 | Var: dqn
Step: 1891328 | EPS: 0.21 | Rew: 0.04 | Win%: 26.0 | S0: 219.4 | FPS: 1889.4 | Var: dqn
Step: 1892352 | EPS: 0.21 | Rew: 0.02 | Win%: 27.0 | S0: 225.3 | FPS: 1856.3 | Var: dqn
Step: 1893376 | EPS: 0.21 | Rew: 0.18 | Win%: 27.0 | S0: 221.1 | FPS: 1887.7 | Var: dqn
Step: 1894400 | EPS: 0.21 | Rew: 0.20 | Win%: 28.0 | S0: 225.2 | FPS: 1921.9 | Var: dqn
Step: 1895424 | EPS: 0.21 | Rew: 0.26 | Win%: 29.5 | S0: 225.9 | FPS: 1726.3 | Var: dqn
Step: 1896448 | EPS: 0.21 | Rew: 0.17 | Win%: 29.5 | S0: 227.7 | FPS: 2024.1 | Var: dqn
Step: 1897472 | EPS: 0.21 | Rew: 0.16 | Win%: 28.5 | S0: 224.1 | FPS: 1737.4 | Var: dqn
Step: 1898496 | EPS: 0.21 | Rew: 0.34 | Win%: 29.0 | S0: 232.2 | FPS: 1638.8 | Var: dqn
Step: 1899520 | EPS: 0.21 | Rew: 0.48 | Win%: 29.0 | S0: 236.8 | FPS: 1710.1 | Var: dqn
Step: 1900544 | EPS: 0.21 | Rew: 0.45 | Win%: 28.5 | S0: 236.7 | FPS: 1965.4 | Var: dqn
Step: 1901568 | EPS: 0.21 | Rew: 0.24 | Win%: 28.0 | S0: 230.8 | FPS: 1890.5 | Var: dqn
Step: 1902592 | EPS: 0.21 | Rew: 0.22 | Win%: 28.5 | S0: 232.6 | FPS: 1735.5 | Var: dqn
Step: 1903616 | EPS: 0.21 | Rew: 0.10 | Win%: 27.5 | S0: 223.7 | FPS: 2021.9 | Var: dqn
Step: 1904640 | EPS: 0.21 | Rew: 0.12 | Win%: 26.5 | S0: 229.1 | FPS: 2150.1 | Var: dqn
Step: 1905664 | EPS: 0.21 | Rew: 0.12 | Win%: 26.5 | S0: 223.8 | FPS: 2549.6 | Var: dqn
Step: 1906688 | EPS: 0.21 | Rew: 0.05 | Win%: 27.0 | S0: 220.0 | FPS: 2211.2 | Var: dqn
Step: 1907712 | EPS: 0.21 | Rew: 0.09 | Win%: 28.5 | S0: 225.7 | FPS: 1584.7 | Var: dqn
Step: 1908736 | EPS: 0.21 | Rew: -0.01 | Win%: 28.5 | S0: 220.1 | FPS: 1808.1 | Var: dqn
Step: 1909760 | EPS: 0.21 | Rew: 0.11 | Win%: 29.0 | S0: 218.1 | FPS: 2050.6 | Var: dqn
Step: 1910784 | EPS: 0.21 | Rew: 0.21 | Win%: 29.0 | S0: 229.7 | FPS: 1824.3 | Var: dqn
Step: 1911808 | EPS: 0.21 | Rew: 0.25 | Win%: 29.0 | S0: 237.4 | FPS: 1630.6 | Var: dqn
Step: 1912832 | EPS: 0.21 | Rew: 0.30 | Win%: 30.0 | S0: 241.7 | FPS: 2056.0 | Var: dqn
Step: 1913856 | EPS: 0.21 | Rew: 0.34 | Win%: 30.0 | S0: 241.7 | FPS: 1748.0 | Var: dqn
Step: 1914880 | EPS: 0.21 | Rew: 0.34 | Win%: 28.5 | S0: 229.8 | FPS: 1711.2 | Var: dqn
Step: 1915904 | EPS: 0.21 | Rew: 0.30 | Win%: 28.5 | S0: 231.8 | FPS: 1919.6 | Var: dqn
Step: 1916928 | EPS: 0.21 | Rew: 0.10 | Win%: 26.5 | S0: 219.3 | FPS: 1819.5 | Var: dqn
Step: 1917952 | EPS: 0.21 | Rew: -0.11 | Win%: 25.5 | S0: 217.5 | FPS: 1881.3 | Var: dqn
Step: 1918976 | EPS: 0.21 | Rew: 0.01 | Win%: 26.0 | S0: 226.8 | FPS: 2060.0 | Var: dqn
Step: 1920000 | EPS: 0.21 | Rew: -0.03 | Win%: 26.0 | S0: 228.2 | FPS: 1738.3 | Var: dqn
Step: 1921024 | EPS: 0.21 | Rew: 0.08 | Win%: 27.0 | S0: 224.8 | FPS: 2142.1 | Var: dqn
Step: 1922048 | EPS: 0.21 | Rew: 0.08 | Win%: 27.0 | S0: 231.9 | FPS: 2052.4 | Var: dqn
Step: 1923072 | EPS: 0.21 | Rew: 0.06 | Win%: 27.0 | S0: 237.6 | FPS: 1978.5 | Var: dqn
Step: 1924096 | EPS: 0.21 | Rew: -0.03 | Win%: 27.0 | S0: 236.4 | FPS: 1914.0 | Var: dqn
Step: 1925120 | EPS: 0.21 | Rew: 0.16 | Win%: 27.5 | S0: 241.7 | FPS: 1815.1 | Var: dqn
Step: 1926144 | EPS: 0.21 | Rew: 0.40 | Win%: 26.0 | S0: 221.3 | FPS: 2036.8 | Var: dqn
Step: 1927168 | EPS: 0.21 | Rew: 0.34 | Win%: 27.0 | S0: 225.9 | FPS: 1833.0 | Var: dqn
Step: 1928192 | EPS: 0.21 | Rew: 0.40 | Win%: 28.0 | S0: 230.2 | FPS: 1893.4 | Var: dqn
Step: 1929216 | EPS: 0.21 | Rew: 0.43 | Win%: 30.0 | S0: 241.9 | FPS: 1737.4 | Var: dqn
Step: 1930240 | EPS: 0.21 | Rew: 0.29 | Win%: 30.0 | S0: 235.6 | FPS: 1837.8 | Var: dqn
Step: 1931264 | EPS: 0.21 | Rew: 0.38 | Win%: 31.5 | S0: 238.8 | FPS: 1880.4 | Var: dqn
Step: 1932288 | EPS: 0.21 | Rew: 0.40 | Win%: 33.5 | S0: 247.6 | FPS: 1884.4 | Var: dqn
Step: 1933312 | EPS: 0.21 | Rew: 0.24 | Win%: 34.0 | S0: 245.9 | FPS: 2051.4 | Var: dqn
Step: 1934336 | EPS: 0.21 | Rew: 0.25 | Win%: 33.5 | S0: 241.1 | FPS: 2129.6 | Var: dqn
Step: 1935360 | EPS: 0.21 | Rew: 0.22 | Win%: 34.0 | S0: 244.3 | FPS: 1727.5 | Var: dqn
Step: 1936384 | EPS: 0.21 | Rew: 0.19 | Win%: 34.5 | S0: 244.2 | FPS: 1741.1 | Var: dqn
Step: 1937408 | EPS: 0.21 | Rew: 0.24 | Win%: 34.5 | S0: 243.4 | FPS: 2005.5 | Var: dqn
Step: 1938432 | EPS: 0.21 | Rew: 0.35 | Win%: 34.5 | S0: 241.4 | FPS: 1813.4 | Var: dqn
Step: 1939456 | EPS: 0.20 | Rew: 0.48 | Win%: 37.0 | S0: 254.6 | FPS: 1926.4 | Var: dqn
Step: 1940480 | EPS: 0.20 | Rew: 0.44 | Win%: 36.5 | S0: 250.2 | FPS: 1844.8 | Var: dqn
Step: 1941504 | EPS: 0.20 | Rew: 0.57 | Win%: 36.5 | S0: 253.7 | FPS: 1999.5 | Var: dqn
Step: 1942528 | EPS: 0.20 | Rew: 0.62 | Win%: 35.5 | S0: 246.7 | FPS: 1561.1 | Var: dqn
Step: 1943552 | EPS: 0.20 | Rew: 0.77 | Win%: 37.5 | S0: 259.9 | FPS: 1720.7 | Var: dqn
Step: 1944576 | EPS: 0.20 | Rew: 0.74 | Win%: 36.0 | S0: 249.2 | FPS: 2290.1 | Var: dqn
Step: 1945600 | EPS: 0.20 | Rew: 0.75 | Win%: 35.0 | S0: 250.4 | FPS: 2376.1 | Var: dqn
Step: 1946624 | EPS: 0.20 | Rew: 0.72 | Win%: 36.0 | S0: 259.9 | FPS: 1680.9 | Var: dqn
Step: 1947648 | EPS: 0.20 | Rew: 0.61 | Win%: 36.0 | S0: 262.9 | FPS: 1938.4 | Var: dqn
Step: 1948672 | EPS: 0.20 | Rew: 0.43 | Win%: 35.5 | S0: 261.6 | FPS: 1841.4 | Var: dqn
Step: 1949696 | EPS: 0.20 | Rew: 0.52 | Win%: 37.0 | S0: 274.2 | FPS: 1905.0 | Var: dqn
Step: 1950720 | EPS: 0.20 | Rew: 0.56 | Win%: 37.5 | S0: 278.1 | FPS: 1891.4 | Var: dqn
>>> [Best] Saved -> agent/checkpoints/dqn_battle.pth | Win% 37.5 | S0 278.1
Step: 1951744 | EPS: 0.20 | Rew: 0.46 | Win%: 40.0 | S0: 284.4 | FPS: 1743.4 | Var: dqn
>>> [Best] Saved -> agent/checkpoints/dqn_battle.pth | Win% 40.0 | S0 284.4
Step: 1952768 | EPS: 0.20 | Rew: 0.46 | Win%: 39.5 | S0: 284.4 | FPS: 1844.6 | Var: dqn
Step: 1953792 | EPS: 0.20 | Rew: 0.43 | Win%: 39.5 | S0: 280.1 | FPS: 2062.6 | Var: dqn
Step: 1954816 | EPS: 0.20 | Rew: 0.35 | Win%: 38.5 | S0: 274.0 | FPS: 2085.4 | Var: dqn
Step: 1955840 | EPS: 0.20 | Rew: 0.49 | Win%: 38.0 | S0: 275.8 | FPS: 1673.0 | Var: dqn
Step: 1956864 | EPS: 0.20 | Rew: 0.57 | Win%: 37.0 | S0: 269.4 | FPS: 1908.2 | Var: dqn
Step: 1957888 | EPS: 0.20 | Rew: 0.58 | Win%: 34.5 | S0: 262.7 | FPS: 1907.1 | Var: dqn
Step: 1958912 | EPS: 0.20 | Rew: 0.43 | Win%: 35.0 | S0: 266.3 | FPS: 1958.6 | Var: dqn
Step: 1959936 | EPS: 0.20 | Rew: 0.30 | Win%: 34.0 | S0: 260.6 | FPS: 1875.6 | Var: dqn
Step: 1960960 | EPS: 0.20 | Rew: 0.28 | Win%: 34.0 | S0: 258.4 | FPS: 2060.9 | Var: dqn
Step: 1961984 | EPS: 0.20 | Rew: 0.22 | Win%: 33.0 | S0: 252.7 | FPS: 1882.2 | Var: dqn
Step: 1963008 | EPS: 0.20 | Rew: 0.17 | Win%: 33.5 | S0: 251.9 | FPS: 2030.4 | Var: dqn
Step: 1964032 | EPS: 0.20 | Rew: -0.02 | Win%: 32.5 | S0: 244.6 | FPS: 1952.5 | Var: dqn
Step: 1965056 | EPS: 0.20 | Rew: 0.16 | Win%: 33.5 | S0: 244.2 | FPS: 2055.0 | Var: dqn
Step: 1966080 | EPS: 0.20 | Rew: 0.05 | Win%: 34.0 | S0: 247.2 | FPS: 1768.4 | Var: dqn
Step: 1967104 | EPS: 0.20 | Rew: 0.14 | Win%: 35.5 | S0: 251.3 | FPS: 1985.1 | Var: dqn
Step: 1968128 | EPS: 0.20 | Rew: 0.00 | Win%: 34.5 | S0: 250.2 | FPS: 1851.0 | Var: dqn
Step: 1969152 | EPS: 0.20 | Rew: 0.03 | Win%: 34.5 | S0: 239.8 | FPS: 2006.8 | Var: dqn
Step: 1970176 | EPS: 0.20 | Rew: -0.10 | Win%: 32.5 | S0: 235.4 | FPS: 1487.4 | Var: dqn
Step: 1971200 | EPS: 0.20 | Rew: -0.04 | Win%: 31.5 | S0: 234.8 | FPS: 2131.5 | Var: dqn
Step: 1972224 | EPS: 0.20 | Rew: -0.12 | Win%: 29.5 | S0: 227.2 | FPS: 1790.8 | Var: dqn
Step: 1973248 | EPS: 0.20 | Rew: 0.10 | Win%: 30.0 | S0: 225.8 | FPS: 1710.7 | Var: dqn
Step: 1974272 | EPS: 0.20 | Rew: 0.06 | Win%: 30.0 | S0: 229.9 | FPS: 1654.8 | Var: dqn
Step: 1975296 | EPS: 0.20 | Rew: -0.01 | Win%: 29.5 | S0: 227.2 | FPS: 1898.4 | Var: dqn
Step: 1976320 | EPS: 0.20 | Rew: -0.05 | Win%: 29.5 | S0: 225.2 | FPS: 2083.3 | Var: dqn
Step: 1977344 | EPS: 0.20 | Rew: -0.13 | Win%: 29.0 | S0: 223.1 | FPS: 2164.8 | Var: dqn
Step: 1978368 | EPS: 0.20 | Rew: -0.08 | Win%: 28.5 | S0: 219.0 | FPS: 1709.0 | Var: dqn
Step: 1979392 | EPS: 0.20 | Rew: -0.22 | Win%: 28.0 | S0: 215.3 | FPS: 2134.0 | Var: dqn
Step: 1980416 | EPS: 0.20 | Rew: -0.12 | Win%: 28.0 | S0: 222.1 | FPS: 1789.2 | Var: dqn
Step: 1981440 | EPS: 0.20 | Rew: -0.07 | Win%: 28.5 | S0: 224.2 | FPS: 2058.4 | Var: dqn
Step: 1982464 | EPS: 0.20 | Rew: -0.29 | Win%: 27.5 | S0: 218.8 | FPS: 1682.3 | Var: dqn
Step: 1983488 | EPS: 0.20 | Rew: -0.31 | Win%: 28.0 | S0: 220.2 | FPS: 1976.1 | Var: dqn
Step: 1984512 | EPS: 0.20 | Rew: -0.32 | Win%: 27.0 | S0: 223.7 | FPS: 1968.4 | Var: dqn
Step: 1985536 | EPS: 0.20 | Rew: -0.41 | Win%: 25.5 | S0: 218.8 | FPS: 2345.1 | Var: dqn
Step: 1986560 | EPS: 0.20 | Rew: -0.35 | Win%: 26.0 | S0: 222.3 | FPS: 1971.4 | Var: dqn
Step: 1987584 | EPS: 0.20 | Rew: -0.42 | Win%: 24.0 | S0: 211.9 | FPS: 1961.0 | Var: dqn
Step: 1988608 | EPS: 0.19 | Rew: -0.27 | Win%: 24.5 | S0: 217.2 | FPS: 2089.5 | Var: dqn
Step: 1989632 | EPS: 0.19 | Rew: -0.30 | Win%: 23.0 | S0: 206.7 | FPS: 1966.1 | Var: dqn
Step: 1990656 | EPS: 0.19 | Rew: -0.13 | Win%: 25.0 | S0: 215.3 | FPS: 1939.6 | Var: dqn
Step: 1991680 | EPS: 0.19 | Rew: -0.10 | Win%: 25.0 | S0: 213.7 | FPS: 1836.7 | Var: dqn
Step: 1992704 | EPS: 0.19 | Rew: -0.09 | Win%: 26.0 | S0: 215.4 | FPS: 2015.0 | Var: dqn
Step: 1993728 | EPS: 0.19 | Rew: 0.08 | Win%: 26.5 | S0: 216.2 | FPS: 2156.6 | Var: dqn
Step: 1994752 | EPS: 0.19 | Rew: 0.15 | Win%: 26.5 | S0: 216.2 | FPS: 2047.6 | Var: dqn
Step: 1995776 | EPS: 0.19 | Rew: 0.21 | Win%: 27.5 | S0: 218.1 | FPS: 1970.4 | Var: dqn
Step: 1996800 | EPS: 0.19 | Rew: 0.36 | Win%: 27.5 | S0: 224.3 | FPS: 1807.0 | Var: dqn
Step: 1997824 | EPS: 0.19 | Rew: 0.32 | Win%: 28.0 | S0: 228.2 | FPS: 1760.6 | Var: dqn
Step: 1998848 | EPS: 0.19 | Rew: 0.46 | Win%: 28.5 | S0: 230.7 | FPS: 1714.7 | Var: dqn
Step: 1999872 | EPS: 0.19 | Rew: 0.43 | Win%: 29.0 | S0: 235.5 | FPS: 1791.7 | Var: dqn
Step: 2000896 | EPS: 0.19 | Rew: 0.38 | Win%: 28.0 | S0: 230.2 | FPS: 1730.3 | Var: dqn
Step: 2001920 | EPS: 0.19 | Rew: 0.34 | Win%: 29.5 | S0: 234.9 | FPS: 1583.1 | Var: dqn
Step: 2002944 | EPS: 0.19 | Rew: 0.33 | Win%: 30.0 | S0: 239.4 | FPS: 1834.9 | Var: dqn
Step: 2003968 | EPS: 0.19 | Rew: 0.44 | Win%: 31.5 | S0: 251.9 | FPS: 2004.9 | Var: dqn
Step: 2004992 | EPS: 0.19 | Rew: 0.26 | Win%: 31.5 | S0: 251.8 | FPS: 1897.5 | Var: dqn
Step: 2006016 | EPS: 0.19 | Rew: 0.26 | Win%: 33.0 | S0: 240.2 | FPS: 1626.3 | Var: dqn
Step: 2007040 | EPS: 0.19 | Rew: 0.12 | Win%: 33.5 | S0: 240.9 | FPS: 1989.7 | Var: dqn
Step: 2008064 | EPS: 0.19 | Rew: 0.26 | Win%: 36.0 | S0: 246.3 | FPS: 1827.7 | Var: dqn
Step: 2009088 | EPS: 0.19 | Rew: 0.23 | Win%: 36.0 | S0: 251.8 | FPS: 1887.6 | Var: dqn
Step: 2010112 | EPS: 0.19 | Rew: 0.30 | Win%: 36.0 | S0: 248.9 | FPS: 2024.5 | Var: dqn
Step: 2011136 | EPS: 0.19 | Rew: 0.15 | Win%: 38.0 | S0: 257.1 | FPS: 2321.4 | Var: dqn
Step: 2012160 | EPS: 0.19 | Rew: 0.23 | Win%: 38.0 | S0: 257.4 | FPS: 1873.6 | Var: dqn
Step: 2013184 | EPS: 0.19 | Rew: 0.41 | Win%: 38.0 | S0: 253.8 | FPS: 1799.2 | Var: dqn
Step: 2014208 | EPS: 0.19 | Rew: 0.40 | Win%: 38.0 | S0: 254.6 | FPS: 1968.3 | Var: dqn
Step: 2015232 | EPS: 0.19 | Rew: 0.47 | Win%: 37.5 | S0: 254.1 | FPS: 1915.6 | Var: dqn
Step: 2016256 | EPS: 0.19 | Rew: 0.33 | Win%: 39.5 | S0: 257.0 | FPS: 2152.1 | Var: dqn
Step: 2017280 | EPS: 0.19 | Rew: 0.16 | Win%: 38.0 | S0: 245.7 | FPS: 1916.9 | Var: dqn
Step: 2018304 | EPS: 0.19 | Rew: 0.30 | Win%: 38.0 | S0: 246.0 | FPS: 1945.6 | Var: dqn
Step: 2019328 | EPS: 0.19 | Rew: 0.33 | Win%: 39.5 | S0: 259.8 | FPS: 2185.0 | Var: dqn
Step: 2020352 | EPS: 0.19 | Rew: 0.37 | Win%: 39.5 | S0: 263.0 | FPS: 1861.5 | Var: dqn
Step: 2021376 | EPS: 0.19 | Rew: 0.26 | Win%: 37.0 | S0: 259.6 | FPS: 1753.6 | Var: dqn
Step: 2022400 | EPS: 0.19 | Rew: 0.28 | Win%: 37.0 | S0: 255.8 | FPS: 1757.2 | Var: dqn
Step: 2023424 | EPS: 0.19 | Rew: 0.42 | Win%: 36.0 | S0: 251.6 | FPS: 2132.9 | Var: dqn
Step: 2024448 | EPS: 0.19 | Rew: 0.37 | Win%: 35.0 | S0: 247.7 | FPS: 1858.2 | Var: dqn
Step: 2025472 | EPS: 0.19 | Rew: 0.33 | Win%: 35.5 | S0: 252.4 | FPS: 1726.2 | Var: dqn
Step: 2026496 | EPS: 0.19 | Rew: 0.37 | Win%: 35.5 | S0: 250.6 | FPS: 1872.7 | Var: dqn
Step: 2027520 | EPS: 0.19 | Rew: 0.50 | Win%: 36.0 | S0: 249.0 | FPS: 1847.2 | Var: dqn
Step: 2028544 | EPS: 0.19 | Rew: 0.46 | Win%: 36.0 | S0: 247.9 | FPS: 1921.9 | Var: dqn
Step: 2029568 | EPS: 0.19 | Rew: 0.49 | Win%: 36.5 | S0: 250.5 | FPS: 1887.2 | Var: dqn
Step: 2030592 | EPS: 0.19 | Rew: 0.49 | Win%: 36.0 | S0: 246.7 | FPS: 2038.5 | Var: dqn
Step: 2031616 | EPS: 0.19 | Rew: 0.36 | Win%: 34.0 | S0: 234.4 | FPS: 1876.6 | Var: dqn
Step: 2032640 | EPS: 0.19 | Rew: 0.35 | Win%: 36.5 | S0: 240.6 | FPS: 1921.7 | Var: dqn
Step: 2033664 | EPS: 0.19 | Rew: 0.45 | Win%: 37.0 | S0: 245.6 | FPS: 1989.8 | Var: dqn
Step: 2034688 | EPS: 0.19 | Rew: 0.43 | Win%: 37.5 | S0: 248.4 | FPS: 2044.4 | Var: dqn
Step: 2035712 | EPS: 0.19 | Rew: 0.40 | Win%: 35.5 | S0: 243.9 | FPS: 2144.0 | Var: dqn
Step: 2036736 | EPS: 0.19 | Rew: 0.34 | Win%: 36.0 | S0: 241.2 | FPS: 1954.9 | Var: dqn
Step: 2037760 | EPS: 0.18 | Rew: 0.37 | Win%: 35.5 | S0: 238.1 | FPS: 1813.9 | Var: dqn
Step: 2038784 | EPS: 0.18 | Rew: 0.63 | Win%: 37.0 | S0: 247.2 | FPS: 1903.1 | Var: dqn
Step: 2039808 | EPS: 0.18 | Rew: 0.52 | Win%: 35.5 | S0: 243.7 | FPS: 1765.7 | Var: dqn
Step: 2040832 | EPS: 0.18 | Rew: 0.63 | Win%: 37.0 | S0: 249.9 | FPS: 1780.4 | Var: dqn
Step: 2041856 | EPS: 0.18 | Rew: 0.70 | Win%: 36.0 | S0: 250.7 | FPS: 1930.5 | Var: dqn
Step: 2042880 | EPS: 0.18 | Rew: 0.73 | Win%: 37.5 | S0: 254.8 | FPS: 1821.6 | Var: dqn
Step: 2043904 | EPS: 0.18 | Rew: 0.72 | Win%: 38.5 | S0: 266.6 | FPS: 2066.4 | Var: dqn
Step: 2044928 | EPS: 0.18 | Rew: 0.61 | Win%: 37.0 | S0: 260.0 | FPS: 1960.7 | Var: dqn
Step: 2045952 | EPS: 0.18 | Rew: 0.70 | Win%: 36.0 | S0: 260.8 | FPS: 2060.4 | Var: dqn
Step: 2046976 | EPS: 0.18 | Rew: 0.67 | Win%: 37.5 | S0: 268.9 | FPS: 2025.4 | Var: dqn
Step: 2048000 | EPS: 0.18 | Rew: 0.51 | Win%: 34.5 | S0: 261.4 | FPS: 1885.8 | Var: dqn
Step: 2049024 | EPS: 0.18 | Rew: 0.40 | Win%: 33.0 | S0: 255.5 | FPS: 1891.9 | Var: dqn
Step: 2050048 | EPS: 0.18 | Rew: 0.32 | Win%: 32.5 | S0: 249.8 | FPS: 1663.3 | Var: dqn
Step: 2051072 | EPS: 0.18 | Rew: 0.48 | Win%: 33.5 | S0: 256.8 | FPS: 1934.1 | Var: dqn
Step: 2052096 | EPS: 0.18 | Rew: 0.39 | Win%: 33.5 | S0: 250.2 | FPS: 1659.5 | Var: dqn
Step: 2053120 | EPS: 0.18 | Rew: 0.28 | Win%: 33.0 | S0: 241.8 | FPS: 1761.5 | Var: dqn
Step: 2054144 | EPS: 0.18 | Rew: 0.26 | Win%: 30.5 | S0: 222.7 | FPS: 1971.4 | Var: dqn
Step: 2055168 | EPS: 0.18 | Rew: 0.21 | Win%: 28.0 | S0: 208.2 | FPS: 1972.3 | Var: dqn
Step: 2056192 | EPS: 0.18 | Rew: 0.08 | Win%: 28.0 | S0: 210.1 | FPS: 2087.1 | Var: dqn
Step: 2057216 | EPS: 0.18 | Rew: 0.06 | Win%: 26.5 | S0: 204.3 | FPS: 2047.4 | Var: dqn
Step: 2058240 | EPS: 0.18 | Rew: 0.15 | Win%: 27.5 | S0: 210.9 | FPS: 1832.4 | Var: dqn
Step: 2059264 | EPS: 0.18 | Rew: 0.26 | Win%: 28.5 | S0: 216.2 | FPS: 2272.3 | Var: dqn
Step: 2060288 | EPS: 0.18 | Rew: 0.42 | Win%: 29.5 | S0: 223.2 | FPS: 2055.3 | Var: dqn
Step: 2061312 | EPS: 0.18 | Rew: 0.57 | Win%: 31.0 | S0: 234.6 | FPS: 1949.7 | Var: dqn
Step: 2062336 | EPS: 0.18 | Rew: 0.57 | Win%: 29.5 | S0: 216.8 | FPS: 2153.1 | Var: dqn
Step: 2063360 | EPS: 0.18 | Rew: 0.56 | Win%: 29.5 | S0: 226.2 | FPS: 2183.7 | Var: dqn
Step: 2064384 | EPS: 0.18 | Rew: 0.57 | Win%: 29.5 | S0: 232.2 | FPS: 1762.1 | Var: dqn
Step: 2065408 | EPS: 0.18 | Rew: 0.50 | Win%: 30.5 | S0: 239.1 | FPS: 1969.0 | Var: dqn
Step: 2066432 | EPS: 0.18 | Rew: 0.47 | Win%: 31.5 | S0: 248.9 | FPS: 2032.3 | Var: dqn
Step: 2067456 | EPS: 0.18 | Rew: 0.43 | Win%: 33.5 | S0: 250.7 | FPS: 1963.6 | Var: dqn
Step: 2068480 | EPS: 0.18 | Rew: 0.48 | Win%: 35.5 | S0: 251.9 | FPS: 1904.6 | Var: dqn
Step: 2069504 | EPS: 0.18 | Rew: 0.52 | Win%: 35.5 | S0: 253.1 | FPS: 1666.8 | Var: dqn
Step: 2070528 | EPS: 0.18 | Rew: 0.39 | Win%: 32.5 | S0: 238.7 | FPS: 1748.8 | Var: dqn
Step: 2071552 | EPS: 0.18 | Rew: 0.46 | Win%: 34.0 | S0: 245.6 | FPS: 1593.2 | Var: dqn
Step: 2072576 | EPS: 0.18 | Rew: 0.49 | Win%: 34.0 | S0: 252.3 | FPS: 1774.2 | Var: dqn
Step: 2073600 | EPS: 0.18 | Rew: 0.50 | Win%: 34.0 | S0: 253.4 | FPS: 2065.6 | Var: dqn
Step: 2074624 | EPS: 0.18 | Rew: 0.51 | Win%: 35.0 | S0: 257.2 | FPS: 1980.9 | Var: dqn
Step: 2075648 | EPS: 0.18 | Rew: 0.62 | Win%: 35.5 | S0: 261.1 | FPS: 1872.3 | Var: dqn
Step: 2076672 | EPS: 0.18 | Rew: 0.71 | Win%: 34.0 | S0: 255.8 | FPS: 1931.6 | Var: dqn
Step: 2077696 | EPS: 0.18 | Rew: 0.76 | Win%: 34.0 | S0: 258.2 | FPS: 2109.8 | Var: dqn
Step: 2078720 | EPS: 0.18 | Rew: 0.66 | Win%: 34.5 | S0: 260.1 | FPS: 1941.5 | Var: dqn
Step: 2079744 | EPS: 0.18 | Rew: 0.63 | Win%: 33.0 | S0: 260.9 | FPS: 2270.5 | Var: dqn
Step: 2080768 | EPS: 0.18 | Rew: 0.63 | Win%: 33.0 | S0: 266.6 | FPS: 1983.7 | Var: dqn
Step: 2081792 | EPS: 0.18 | Rew: 0.56 | Win%: 32.5 | S0: 258.6 | FPS: 1734.4 | Var: dqn
Step: 2082816 | EPS: 0.18 | Rew: 0.72 | Win%: 34.5 | S0: 275.4 | FPS: 1802.7 | Var: dqn
Step: 2083840 | EPS: 0.18 | Rew: 0.66 | Win%: 35.0 | S0: 283.9 | FPS: 1791.5 | Var: dqn
Step: 2084864 | EPS: 0.18 | Rew: 0.59 | Win%: 32.5 | S0: 267.1 | FPS: 1825.1 | Var: dqn
Step: 2085888 | EPS: 0.18 | Rew: 0.60 | Win%: 32.0 | S0: 265.7 | FPS: 2050.0 | Var: dqn
Step: 2086912 | EPS: 0.17 | Rew: 0.64 | Win%: 31.5 | S0: 265.9 | FPS: 1933.7 | Var: dqn
Step: 2087936 | EPS: 0.17 | Rew: 0.71 | Win%: 32.5 | S0: 275.0 | FPS: 1803.6 | Var: dqn
Step: 2088960 | EPS: 0.17 | Rew: 0.63 | Win%: 31.5 | S0: 271.1 | FPS: 2059.8 | Var: dqn
Step: 2089984 | EPS: 0.17 | Rew: 0.76 | Win%: 34.5 | S0: 294.6 | FPS: 2037.2 | Var: dqn
>>> [Best] Saved -> agent/checkpoints/dqn_battle.pth | Win% 34.5 | S0 294.6
Step: 2091008 | EPS: 0.17 | Rew: 0.77 | Win%: 33.0 | S0: 290.6 | FPS: 2079.2 | Var: dqn
Step: 2092032 | EPS: 0.17 | Rew: 0.67 | Win%: 33.0 | S0: 289.1 | FPS: 1822.0 | Var: dqn
Step: 2093056 | EPS: 0.17 | Rew: 0.99 | Win%: 38.5 | S0: 323.1 | FPS: 1918.5 | Var: dqn
>>> [Best] Saved -> agent/checkpoints/dqn_battle.pth | Win% 38.5 | S0 323.1
Step: 2094080 | EPS: 0.17 | Rew: 0.92 | Win%: 39.0 | S0: 328.2 | FPS: 1860.3 | Var: dqn
>>> [Best] Saved -> agent/checkpoints/dqn_battle.pth | Win% 39.0 | S0 328.2
Step: 2095104 | EPS: 0.17 | Rew: 0.99 | Win%: 39.5 | S0: 330.5 | FPS: 1804.2 | Var: dqn
Step: 2096128 | EPS: 0.17 | Rew: 0.82 | Win%: 38.0 | S0: 316.4 | FPS: 1864.6 | Var: dqn
Step: 2097152 | EPS: 0.17 | Rew: 0.86 | Win%: 39.0 | S0: 322.6 | FPS: 1981.5 | Var: dqn
Step: 2098176 | EPS: 0.17 | Rew: 0.97 | Win%: 41.0 | S0: 326.8 | FPS: 1631.4 | Var: dqn
>>> [Best] Saved -> agent/checkpoints/dqn_battle.pth | Win% 41.0 | S0 326.8
Step: 2099200 | EPS: 0.17 | Rew: 0.76 | Win%: 42.5 | S0: 331.4 | FPS: 2056.3 | Var: dqn
>>> [Best] Saved -> agent/checkpoints/dqn_battle.pth | Win% 42.5 | S0 331.4
Step: 2100224 | EPS: 0.17 | Rew: 0.64 | Win%: 41.0 | S0: 313.3 | FPS: 2044.1 | Var: dqn
Step: 2101248 | EPS: 0.17 | Rew: 0.63 | Win%: 41.0 | S0: 307.7 | FPS: 1838.8 | Var: dqn
Step: 2102272 | EPS: 0.17 | Rew: 0.66 | Win%: 40.0 | S0: 294.9 | FPS: 1950.6 | Var: dqn
Step: 2103296 | EPS: 0.17 | Rew: 0.57 | Win%: 39.5 | S0: 295.3 | FPS: 1833.1 | Var: dqn
Step: 2104320 | EPS: 0.17 | Rew: 0.59 | Win%: 40.5 | S0: 300.9 | FPS: 1933.6 | Var: dqn
Step: 2105344 | EPS: 0.17 | Rew: 0.46 | Win%: 36.0 | S0: 270.4 | FPS: 1631.4 | Var: dqn
Step: 2106368 | EPS: 0.17 | Rew: 0.55 | Win%: 36.0 | S0: 268.0 | FPS: 1890.1 | Var: dqn
Step: 2107392 | EPS: 0.17 | Rew: 0.57 | Win%: 36.5 | S0: 271.0 | FPS: 2364.8 | Var: dqn
Step: 2108416 | EPS: 0.17 | Rew: 0.62 | Win%: 36.5 | S0: 271.6 | FPS: 2165.7 | Var: dqn
Step: 2109440 | EPS: 0.17 | Rew: 0.60 | Win%: 36.0 | S0: 264.2 | FPS: 2244.4 | Var: dqn
Step: 2110464 | EPS: 0.17 | Rew: 0.58 | Win%: 35.0 | S0: 261.9 | FPS: 1881.1 | Var: dqn
Step: 2111488 | EPS: 0.17 | Rew: 0.54 | Win%: 35.0 | S0: 264.1 | FPS: 1971.4 | Var: dqn
Step: 2112512 | EPS: 0.17 | Rew: 0.66 | Win%: 36.0 | S0: 283.2 | FPS: 1909.9 | Var: dqn
Step: 2113536 | EPS: 0.17 | Rew: 0.72 | Win%: 35.5 | S0: 282.9 | FPS: 1793.6 | Var: dqn
Step: 2114560 | EPS: 0.17 | Rew: 0.71 | Win%: 35.5 | S0: 281.6 | FPS: 1734.3 | Var: dqn
Step: 2115584 | EPS: 0.17 | Rew: 0.64 | Win%: 35.0 | S0: 270.5 | FPS: 1830.5 | Var: dqn
Step: 2116608 | EPS: 0.17 | Rew: 0.73 | Win%: 35.0 | S0: 282.6 | FPS: 1945.2 | Var: dqn
Step: 2117632 | EPS: 0.17 | Rew: 0.62 | Win%: 32.0 | S0: 269.4 | FPS: 1960.4 | Var: dqn
Step: 2118656 | EPS: 0.17 | Rew: 0.48 | Win%: 30.0 | S0: 263.9 | FPS: 1763.1 | Var: dqn
Step: 2119680 | EPS: 0.17 | Rew: 0.41 | Win%: 31.0 | S0: 266.2 | FPS: 1982.6 | Var: dqn
Step: 2120704 | EPS: 0.17 | Rew: 0.60 | Win%: 31.0 | S0: 277.3 | FPS: 1884.7 | Var: dqn
Step: 2121728 | EPS: 0.17 | Rew: 0.61 | Win%: 30.5 | S0: 275.9 | FPS: 1878.3 | Var: dqn
Step: 2122752 | EPS: 0.17 | Rew: 0.53 | Win%: 29.5 | S0: 277.6 | FPS: 1999.3 | Var: dqn
Step: 2123776 | EPS: 0.17 | Rew: 0.55 | Win%: 28.5 | S0: 267.7 | FPS: 1906.4 | Var: dqn
Step: 2124800 | EPS: 0.17 | Rew: 0.68 | Win%: 28.0 | S0: 267.6 | FPS: 1775.7 | Var: dqn
Step: 2125824 | EPS: 0.17 | Rew: 0.72 | Win%: 29.5 | S0: 270.7 | FPS: 1911.1 | Var: dqn
Step: 2126848 | EPS: 0.17 | Rew: 0.77 | Win%: 32.5 | S0: 295.1 | FPS: 2049.2 | Var: dqn
Step: 2127872 | EPS: 0.17 | Rew: 0.80 | Win%: 34.0 | S0: 289.1 | FPS: 1905.5 | Var: dqn
Step: 2128896 | EPS: 0.17 | Rew: 0.85 | Win%: 35.0 | S0: 295.5 | FPS: 1885.8 | Var: dqn
Step: 2129920 | EPS: 0.17 | Rew: 0.87 | Win%: 35.5 | S0: 298.0 | FPS: 1829.9 | Var: dqn
Step: 2130944 | EPS: 0.17 | Rew: 0.89 | Win%: 37.5 | S0: 317.6 | FPS: 1984.9 | Var: dqn
Step: 2131968 | EPS: 0.17 | Rew: 0.84 | Win%: 38.5 | S0: 308.7 | FPS: 1864.5 | Var: dqn
Step: 2132992 | EPS: 0.17 | Rew: 0.96 | Win%: 42.0 | S0: 329.4 | FPS: 1673.6 | Var: dqn
Step: 2134016 | EPS: 0.17 | Rew: 0.98 | Win%: 42.0 | S0: 333.1 | FPS: 1962.6 | Var: dqn
Step: 2135040 | EPS: 0.17 | Rew: 1.09 | Win%: 44.0 | S0: 350.1 | FPS: 1734.1 | Var: dqn
>>> [Best] Saved -> agent/checkpoints/dqn_battle.pth | Win% 44.0 | S0 350.1
Step: 2136064 | EPS: 0.16 | Rew: 1.00 | Win%: 43.0 | S0: 335.8 | FPS: 1959.7 | Var: dqn
Step: 2137088 | EPS: 0.16 | Rew: 1.04 | Win%: 45.0 | S0: 341.2 | FPS: 1746.9 | Var: dqn
Step: 2138112 | EPS: 0.16 | Rew: 0.69 | Win%: 40.5 | S0: 321.3 | FPS: 2078.1 | Var: dqn
Step: 2139136 | EPS: 0.16 | Rew: 0.62 | Win%: 40.5 | S0: 314.2 | FPS: 2027.5 | Var: dqn
Step: 2140160 | EPS: 0.16 | Rew: 0.72 | Win%: 43.5 | S0: 327.1 | FPS: 2083.3 | Var: dqn
Step: 2141184 | EPS: 0.16 | Rew: 0.80 | Win%: 43.0 | S0: 323.5 | FPS: 1965.8 | Var: dqn
Step: 2142208 | EPS: 0.16 | Rew: 0.57 | Win%: 41.0 | S0: 303.1 | FPS: 2093.0 | Var: dqn
Step: 2143232 | EPS: 0.16 | Rew: 0.64 | Win%: 39.5 | S0: 292.4 | FPS: 1602.4 | Var: dqn
Step: 2144256 | EPS: 0.16 | Rew: 0.68 | Win%: 38.0 | S0: 278.0 | FPS: 2034.8 | Var: dqn
Step: 2145280 | EPS: 0.16 | Rew: 0.69 | Win%: 36.5 | S0: 269.9 | FPS: 1996.4 | Var: dqn
Step: 2146304 | EPS: 0.16 | Rew: 0.59 | Win%: 36.5 | S0: 266.2 | FPS: 1995.5 | Var: dqn
Step: 2147328 | EPS: 0.16 | Rew: 0.69 | Win%: 37.5 | S0: 271.6 | FPS: 1856.5 | Var: dqn
Step: 2148352 | EPS: 0.16 | Rew: 0.66 | Win%: 35.0 | S0: 258.4 | FPS: 1945.0 | Var: dqn
Step: 2149376 | EPS: 0.16 | Rew: 0.66 | Win%: 36.0 | S0: 262.2 | FPS: 1726.7 | Var: dqn
Step: 2150400 | EPS: 0.16 | Rew: 0.63 | Win%: 35.0 | S0: 269.1 | FPS: 1915.3 | Var: dqn
Step: 2151424 | EPS: 0.16 | Rew: 0.58 | Win%: 33.0 | S0: 257.4 | FPS: 1673.5 | Var: dqn
Step: 2152448 | EPS: 0.16 | Rew: 0.49 | Win%: 31.0 | S0: 255.2 | FPS: 2083.8 | Var: dqn
Step: 2153472 | EPS: 0.16 | Rew: 0.50 | Win%: 32.0 | S0: 263.1 | FPS: 1898.4 | Var: dqn
Step: 2154496 | EPS: 0.16 | Rew: 0.47 | Win%: 31.5 | S0: 257.0 | FPS: 1924.7 | Var: dqn
Step: 2155520 | EPS: 0.16 | Rew: 0.57 | Win%: 32.0 | S0: 263.4 | FPS: 1967.9 | Var: dqn
Step: 2156544 | EPS: 0.16 | Rew: 0.55 | Win%: 32.0 | S0: 264.4 | FPS: 1702.9 | Var: dqn
Step: 2157568 | EPS: 0.16 | Rew: 0.58 | Win%: 34.0 | S0: 267.3 | FPS: 1828.2 | Var: dqn
Step: 2158592 | EPS: 0.16 | Rew: 0.56 | Win%: 31.0 | S0: 263.8 | FPS: 1958.5 | Var: dqn
Step: 2159616 | EPS: 0.16 | Rew: 0.64 | Win%: 30.0 | S0: 256.9 | FPS: 1987.3 | Var: dqn
Step: 2160640 | EPS: 0.16 | Rew: 0.78 | Win%: 32.5 | S0: 269.5 | FPS: 1761.7 | Var: dqn
Step: 2161664 | EPS: 0.16 | Rew: 0.81 | Win%: 34.0 | S0: 275.5 | FPS: 1715.2 | Var: dqn
Step: 2162688 | EPS: 0.16 | Rew: 0.82 | Win%: 34.5 | S0: 271.7 | FPS: 1737.0 | Var: dqn
Step: 2163712 | EPS: 0.16 | Rew: 0.75 | Win%: 34.5 | S0: 267.4 | FPS: 2246.5 | Var: dqn
Step: 2164736 | EPS: 0.16 | Rew: 0.58 | Win%: 32.5 | S0: 257.5 | FPS: 2106.1 | Var: dqn
Step: 2165760 | EPS: 0.16 | Rew: 0.66 | Win%: 33.5 | S0: 260.1 | FPS: 1987.2 | Var: dqn
Step: 2166784 | EPS: 0.16 | Rew: 0.80 | Win%: 34.0 | S0: 276.1 | FPS: 2133.1 | Var: dqn
Step: 2167808 | EPS: 0.16 | Rew: 0.73 | Win%: 35.0 | S0: 284.8 | FPS: 2042.3 | Var: dqn
Step: 2168832 | EPS: 0.16 | Rew: 0.65 | Win%: 34.0 | S0: 283.0 | FPS: 1737.2 | Var: dqn
Step: 2169856 | EPS: 0.16 | Rew: 0.59 | Win%: 33.5 | S0: 283.7 | FPS: 1802.3 | Var: dqn
Step: 2170880 | EPS: 0.16 | Rew: 0.63 | Win%: 32.5 | S0: 280.9 | FPS: 2150.6 | Var: dqn
Step: 2171904 | EPS: 0.16 | Rew: 0.79 | Win%: 34.0 | S0: 281.8 | FPS: 1877.8 | Var: dqn
Step: 2172928 | EPS: 0.16 | Rew: 0.75 | Win%: 35.5 | S0: 291.6 | FPS: 1748.1 | Var: dqn
Step: 2173952 | EPS: 0.16 | Rew: 0.80 | Win%: 33.5 | S0: 288.1 | FPS: 1968.0 | Var: dqn
Step: 2174976 | EPS: 0.16 | Rew: 0.71 | Win%: 32.0 | S0: 286.4 | FPS: 1919.4 | Var: dqn
Step: 2176000 | EPS: 0.16 | Rew: 0.74 | Win%: 33.0 | S0: 285.1 | FPS: 1753.7 | Var: dqn
Step: 2177024 | EPS: 0.16 | Rew: 0.73 | Win%: 34.5 | S0: 298.9 | FPS: 1912.3 | Var: dqn
Step: 2178048 | EPS: 0.16 | Rew: 0.67 | Win%: 33.5 | S0: 294.4 | FPS: 1920.5 | Var: dqn
Step: 2179072 | EPS: 0.16 | Rew: 0.68 | Win%: 33.5 | S0: 289.7 | FPS: 1952.0 | Var: dqn
Step: 2180096 | EPS: 0.16 | Rew: 0.70 | Win%: 34.0 | S0: 295.2 | FPS: 1895.5 | Var: dqn
Step: 2181120 | EPS: 0.16 | Rew: 0.70 | Win%: 33.0 | S0: 284.1 | FPS: 2086.8 | Var: dqn
Step: 2182144 | EPS: 0.16 | Rew: 0.65 | Win%: 34.5 | S0: 295.4 | FPS: 2094.5 | Var: dqn
Step: 2183168 | EPS: 0.16 | Rew: 0.66 | Win%: 33.5 | S0: 293.8 | FPS: 1938.6 | Var: dqn
Step: 2184192 | EPS: 0.16 | Rew: 0.75 | Win%: 34.0 | S0: 293.8 | FPS: 1947.9 | Var: dqn
Step: 2185216 | EPS: 0.15 | Rew: 0.74 | Win%: 33.0 | S0: 292.4 | FPS: 1954.3 | Var: dqn
Step: 2186240 | EPS: 0.15 | Rew: 0.68 | Win%: 32.0 | S0: 287.3 | FPS: 1743.4 | Var: dqn
Step: 2187264 | EPS: 0.15 | Rew: 0.57 | Win%: 31.5 | S0: 277.0 | FPS: 1956.5 | Var: dqn
Step: 2188288 | EPS: 0.15 | Rew: 0.61 | Win%: 31.0 | S0: 268.5 | FPS: 1908.2 | Var: dqn
Step: 2189312 | EPS: 0.15 | Rew: 0.60 | Win%: 31.5 | S0: 272.2 | FPS: 1728.2 | Var: dqn
Step: 2190336 | EPS: 0.15 | Rew: 0.48 | Win%: 32.5 | S0: 269.4 | FPS: 1939.6 | Var: dqn
Step: 2191360 | EPS: 0.15 | Rew: 0.62 | Win%: 33.5 | S0: 283.1 | FPS: 1886.8 | Var: dqn
Step: 2192384 | EPS: 0.15 | Rew: 0.73 | Win%: 33.5 | S0: 285.9 | FPS: 1597.4 | Var: dqn
Step: 2193408 | EPS: 0.15 | Rew: 0.72 | Win%: 34.0 | S0: 277.6 | FPS: 1627.0 | Var: dqn
Step: 2194432 | EPS: 0.15 | Rew: 0.74 | Win%: 34.5 | S0: 268.4 | FPS: 1736.3 | Var: dqn
Step: 2195456 | EPS: 0.15 | Rew: 0.79 | Win%: 34.5 | S0: 267.7 | FPS: 1770.1 | Var: dqn
Step: 2196480 | EPS: 0.15 | Rew: 0.77 | Win%: 37.0 | S0: 274.8 | FPS: 1705.7 | Var: dqn
Step: 2197504 | EPS: 0.15 | Rew: 0.70 | Win%: 38.0 | S0: 276.4 | FPS: 2151.6 | Var: dqn
Step: 2198528 | EPS: 0.15 | Rew: 0.82 | Win%: 41.0 | S0: 291.1 | FPS: 1987.4 | Var: dqn
Step: 2199552 | EPS: 0.15 | Rew: 0.83 | Win%: 40.5 | S0: 295.1 | FPS: 2013.0 | Var: dqn
Step: 2200576 | EPS: 0.15 | Rew: 0.92 | Win%: 40.5 | S0: 306.0 | FPS: 1689.9 | Var: dqn
Step: 2201600 | EPS: 0.15 | Rew: 0.99 | Win%: 43.0 | S0: 322.8 | FPS: 1926.6 | Var: dqn
Step: 2202624 | EPS: 0.15 | Rew: 0.94 | Win%: 43.0 | S0: 309.4 | FPS: 1796.1 | Var: dqn
Step: 2203648 | EPS: 0.15 | Rew: 0.94 | Win%: 42.0 | S0: 305.4 | FPS: 1840.1 | Var: dqn
Step: 2204672 | EPS: 0.15 | Rew: 0.95 | Win%: 43.0 | S0: 314.6 | FPS: 1906.6 | Var: dqn
Step: 2205696 | EPS: 0.15 | Rew: 0.84 | Win%: 40.5 | S0: 302.8 | FPS: 1777.4 | Var: dqn
Step: 2206720 | EPS: 0.15 | Rew: 0.53 | Win%: 37.5 | S0: 291.6 | FPS: 1957.5 | Var: dqn
Step: 2207744 | EPS: 0.15 | Rew: 0.46 | Win%: 37.5 | S0: 289.2 | FPS: 1831.0 | Var: dqn
Step: 2208768 | EPS: 0.15 | Rew: 0.51 | Win%: 38.0 | S0: 290.3 | FPS: 1927.5 | Var: dqn
Step: 2209792 | EPS: 0.15 | Rew: 0.51 | Win%: 37.0 | S0: 288.9 | FPS: 1965.8 | Var: dqn
Step: 2210816 | EPS: 0.15 | Rew: 0.58 | Win%: 37.5 | S0: 288.7 | FPS: 2043.3 | Var: dqn
Step: 2211840 | EPS: 0.15 | Rew: 0.67 | Win%: 36.0 | S0: 273.7 | FPS: 1853.7 | Var: dqn
Step: 2212864 | EPS: 0.15 | Rew: 0.80 | Win%: 35.0 | S0: 268.6 | FPS: 1934.6 | Var: dqn
Step: 2213888 | EPS: 0.15 | Rew: 0.72 | Win%: 33.5 | S0: 257.2 | FPS: 1676.5 | Var: dqn
Step: 2214912 | EPS: 0.15 | Rew: 0.90 | Win%: 36.0 | S0: 269.2 | FPS: 1855.5 | Var: dqn
Step: 2215936 | EPS: 0.15 | Rew: 0.81 | Win%: 34.5 | S0: 263.5 | FPS: 1505.9 | Var: dqn
Step: 2216960 | EPS: 0.15 | Rew: 0.79 | Win%: 35.0 | S0: 272.9 | FPS: 2038.7 | Var: dqn
Step: 2217984 | EPS: 0.15 | Rew: 0.82 | Win%: 36.0 | S0: 286.4 | FPS: 1908.9 | Var: dqn
Step: 2219008 | EPS: 0.15 | Rew: 0.72 | Win%: 36.5 | S0: 286.9 | FPS: 1654.5 | Var: dqn
Step: 2220032 | EPS: 0.15 | Rew: 0.78 | Win%: 36.0 | S0: 289.2 | FPS: 1808.7 | Var: dqn
Step: 2221056 | EPS: 0.15 | Rew: 0.77 | Win%: 38.0 | S0: 301.3 | FPS: 1852.0 | Var: dqn
Step: 2222080 | EPS: 0.15 | Rew: 0.84 | Win%: 38.0 | S0: 300.3 | FPS: 1935.1 | Var: dqn
Step: 2223104 | EPS: 0.15 | Rew: 0.69 | Win%: 36.5 | S0: 290.9 | FPS: 1984.3 | Var: dqn
Step: 2224128 | EPS: 0.15 | Rew: 0.77 | Win%: 36.0 | S0: 290.6 | FPS: 2079.0 | Var: dqn
Step: 2225152 | EPS: 0.15 | Rew: 0.80 | Win%: 37.0 | S0: 299.2 | FPS: 2121.5 | Var: dqn
Step: 2226176 | EPS: 0.15 | Rew: 0.78 | Win%: 37.0 | S0: 300.2 | FPS: 1779.8 | Var: dqn
Step: 2227200 | EPS: 0.15 | Rew: 0.79 | Win%: 38.5 | S0: 311.6 | FPS: 1730.7 | Var: dqn
Step: 2228224 | EPS: 0.15 | Rew: 0.71 | Win%: 37.0 | S0: 304.6 | FPS: 2011.4 | Var: dqn
Step: 2229248 | EPS: 0.15 | Rew: 0.82 | Win%: 36.5 | S0: 302.6 | FPS: 2214.5 | Var: dqn
Step: 2230272 | EPS: 0.15 | Rew: 0.85 | Win%: 36.5 | S0: 299.4 | FPS: 1733.2 | Var: dqn
Step: 2231296 | EPS: 0.15 | Rew: 0.84 | Win%: 37.0 | S0: 307.6 | FPS: 1912.4 | Var: dqn
Step: 2232320 | EPS: 0.15 | Rew: 0.80 | Win%: 35.5 | S0: 293.5 | FPS: 1857.4 | Var: dqn
Step: 2233344 | EPS: 0.15 | Rew: 0.94 | Win%: 37.0 | S0: 304.7 | FPS: 1735.4 | Var: dqn
Step: 2234368 | EPS: 0.14 | Rew: 0.83 | Win%: 35.5 | S0: 291.9 | FPS: 1919.2 | Var: dqn
Step: 2235392 | EPS: 0.14 | Rew: 0.89 | Win%: 37.5 | S0: 310.4 | FPS: 1606.8 | Var: dqn
Step: 2236416 | EPS: 0.14 | Rew: 0.78 | Win%: 36.5 | S0: 297.1 | FPS: 1826.9 | Var: dqn
Step: 2237440 | EPS: 0.14 | Rew: 0.68 | Win%: 34.5 | S0: 285.4 | FPS: 1944.3 | Var: dqn
Step: 2238464 | EPS: 0.14 | Rew: 0.59 | Win%: 33.0 | S0: 273.9 | FPS: 1663.6 | Var: dqn
Step: 2239488 | EPS: 0.14 | Rew: 0.54 | Win%: 31.5 | S0: 272.0 | FPS: 2012.5 | Var: dqn
Step: 2240512 | EPS: 0.14 | Rew: 0.59 | Win%: 32.5 | S0: 277.5 | FPS: 1727.3 | Var: dqn
Step: 2241536 | EPS: 0.14 | Rew: 0.61 | Win%: 32.0 | S0: 277.6 | FPS: 1767.9 | Var: dqn
Step: 2242560 | EPS: 0.14 | Rew: 0.75 | Win%: 33.5 | S0: 278.7 | FPS: 1928.9 | Var: dqn
Step: 2243584 | EPS: 0.14 | Rew: 0.90 | Win%: 32.5 | S0: 281.1 | FPS: 1880.6 | Var: dqn
Step: 2244608 | EPS: 0.14 | Rew: 1.02 | Win%: 34.5 | S0: 289.4 | FPS: 2047.5 | Var: dqn
Step: 2245632 | EPS: 0.14 | Rew: 1.12 | Win%: 34.5 | S0: 290.9 | FPS: 1991.1 | Var: dqn
Step: 2246656 | EPS: 0.14 | Rew: 1.23 | Win%: 35.0 | S0: 299.9 | FPS: 1674.7 | Var: dqn
Step: 2247680 | EPS: 0.14 | Rew: 1.33 | Win%: 36.5 | S0: 296.8 | FPS: 1977.5 | Var: dqn
Step: 2248704 | EPS: 0.14 | Rew: 1.36 | Win%: 37.0 | S0: 306.6 | FPS: 2151.4 | Var: dqn
Step: 2249728 | EPS: 0.14 | Rew: 1.33 | Win%: 38.0 | S0: 323.5 | FPS: 1862.1 | Var: dqn
Step: 2250752 | EPS: 0.14 | Rew: 1.37 | Win%: 40.0 | S0: 339.9 | FPS: 1928.2 | Var: dqn
Step: 2251776 | EPS: 0.14 | Rew: 1.33 | Win%: 41.5 | S0: 342.1 | FPS: 1932.7 | Var: dqn
Step: 2252800 | EPS: 0.14 | Rew: 1.31 | Win%: 42.5 | S0: 352.2 | FPS: 2025.3 | Var: dqn
Step: 2253824 | EPS: 0.14 | Rew: 1.27 | Win%: 42.0 | S0: 343.6 | FPS: 2079.5 | Var: dqn
Step: 2254848 | EPS: 0.14 | Rew: 1.22 | Win%: 43.5 | S0: 354.1 | FPS: 2106.1 | Var: dqn
Step: 2255872 | EPS: 0.14 | Rew: 1.08 | Win%: 41.5 | S0: 344.6 | FPS: 1938.2 | Var: dqn
Step: 2256896 | EPS: 0.14 | Rew: 1.03 | Win%: 42.0 | S0: 350.1 | FPS: 1763.7 | Var: dqn
Step: 2257920 | EPS: 0.14 | Rew: 1.03 | Win%: 40.0 | S0: 351.1 | FPS: 1729.1 | Var: dqn
Step: 2258944 | EPS: 0.14 | Rew: 1.02 | Win%: 40.0 | S0: 349.4 | FPS: 2101.2 | Var: dqn
Step: 2259968 | EPS: 0.14 | Rew: 1.09 | Win%: 39.0 | S0: 351.8 | FPS: 1953.0 | Var: dqn
Step: 2260992 | EPS: 0.14 | Rew: 1.03 | Win%: 38.0 | S0: 357.0 | FPS: 1848.6 | Var: dqn
>>> [Best] Saved -> agent/checkpoints/dqn_battle.pth | Win% 38.0 | S0 357.0
Step: 2262016 | EPS: 0.14 | Rew: 1.14 | Win%: 38.5 | S0: 359.6 | FPS: 2148.8 | Var: dqn
Step: 2263040 | EPS: 0.14 | Rew: 1.18 | Win%: 38.5 | S0: 354.5 | FPS: 1616.9 | Var: dqn
Step: 2264064 | EPS: 0.14 | Rew: 1.22 | Win%: 39.5 | S0: 354.1 | FPS: 1896.8 | Var: dqn
>>> [Best] Saved -> agent/checkpoints/dqn_battle.pth | Win% 39.5 | S0 354.1
Step: 2265088 | EPS: 0.14 | Rew: 1.19 | Win%: 38.5 | S0: 354.7 | FPS: 1857.7 | Var: dqn
Step: 2266112 | EPS: 0.14 | Rew: 1.24 | Win%: 39.0 | S0: 356.4 | FPS: 2063.3 | Var: dqn
Step: 2267136 | EPS: 0.14 | Rew: 1.14 | Win%: 39.0 | S0: 355.4 | FPS: 1982.5 | Var: dqn
Step: 2268160 | EPS: 0.14 | Rew: 1.05 | Win%: 38.0 | S0: 341.9 | FPS: 2094.3 | Var: dqn
Step: 2269184 | EPS: 0.14 | Rew: 0.83 | Win%: 36.5 | S0: 335.9 | FPS: 1931.3 | Var: dqn
Step: 2270208 | EPS: 0.14 | Rew: 0.91 | Win%: 37.5 | S0: 343.3 | FPS: 1960.0 | Var: dqn
Step: 2271232 | EPS: 0.14 | Rew: 0.78 | Win%: 36.0 | S0: 334.6 | FPS: 2021.2 | Var: dqn
Step: 2272256 | EPS: 0.14 | Rew: 0.77 | Win%: 35.5 | S0: 327.9 | FPS: 2101.0 | Var: dqn
Step: 2273280 | EPS: 0.14 | Rew: 0.69 | Win%: 34.0 | S0: 322.8 | FPS: 1792.0 | Var: dqn
Step: 2274304 | EPS: 0.14 | Rew: 0.66 | Win%: 35.5 | S0: 327.9 | FPS: 1689.9 | Var: dqn
Step: 2275328 | EPS: 0.14 | Rew: 0.63 | Win%: 35.0 | S0: 327.8 | FPS: 1926.6 | Var: dqn
Step: 2276352 | EPS: 0.14 | Rew: 0.71 | Win%: 32.0 | S0: 308.3 | FPS: 1892.3 | Var: dqn
Step: 2277376 | EPS: 0.14 | Rew: 0.64 | Win%: 30.5 | S0: 300.9 | FPS: 1952.5 | Var: dqn
Step: 2278400 | EPS: 0.14 | Rew: 0.69 | Win%: 31.5 | S0: 311.9 | FPS: 1663.6 | Var: dqn
Step: 2279424 | EPS: 0.14 | Rew: 0.69 | Win%: 30.5 | S0: 310.2 | FPS: 2010.0 | Var: dqn
Step: 2280448 | EPS: 0.14 | Rew: 0.76 | Win%: 29.0 | S0: 303.8 | FPS: 1806.6 | Var: dqn
Step: 2281472 | EPS: 0.14 | Rew: 0.78 | Win%: 28.5 | S0: 293.1 | FPS: 1973.2 | Var: dqn
Step: 2282496 | EPS: 0.14 | Rew: 0.97 | Win%: 29.5 | S0: 297.9 | FPS: 1786.8 | Var: dqn
Step: 2283520 | EPS: 0.13 | Rew: 0.93 | Win%: 29.0 | S0: 298.6 | FPS: 1982.7 | Var: dqn
Step: 2284544 | EPS: 0.13 | Rew: 0.98 | Win%: 30.0 | S0: 303.5 | FPS: 2010.5 | Var: dqn
Step: 2285568 | EPS: 0.13 | Rew: 1.04 | Win%: 31.0 | S0: 306.5 | FPS: 1871.6 | Var: dqn
Step: 2286592 | EPS: 0.13 | Rew: 1.21 | Win%: 33.0 | S0: 316.4 | FPS: 1902.2 | Var: dqn
Step: 2287616 | EPS: 0.13 | Rew: 0.98 | Win%: 32.0 | S0: 303.6 | FPS: 2190.7 | Var: dqn
Step: 2288640 | EPS: 0.13 | Rew: 0.74 | Win%: 31.5 | S0: 301.3 | FPS: 1921.7 | Var: dqn
Step: 2289664 | EPS: 0.13 | Rew: 0.62 | Win%: 29.5 | S0: 284.3 | FPS: 1870.1 | Var: dqn
Step: 2290688 | EPS: 0.13 | Rew: 0.59 | Win%: 30.5 | S0: 277.9 | FPS: 1772.1 | Var: dqn
Step: 2291712 | EPS: 0.13 | Rew: 0.87 | Win%: 35.0 | S0: 304.6 | FPS: 1953.8 | Var: dqn
Step: 2292736 | EPS: 0.13 | Rew: 0.82 | Win%: 37.0 | S0: 309.7 | FPS: 2000.0 | Var: dqn
Step: 2293760 | EPS: 0.13 | Rew: 0.76 | Win%: 36.0 | S0: 300.9 | FPS: 1830.2 | Var: dqn
Step: 2294784 | EPS: 0.13 | Rew: 0.88 | Win%: 33.5 | S0: 285.4 | FPS: 1717.9 | Var: dqn
Step: 2295808 | EPS: 0.13 | Rew: 0.94 | Win%: 33.5 | S0: 280.2 | FPS: 1692.1 | Var: dqn
Step: 2296832 | EPS: 0.13 | Rew: 0.87 | Win%: 33.5 | S0: 279.1 | FPS: 1909.1 | Var: dqn
Step: 2297856 | EPS: 0.13 | Rew: 0.78 | Win%: 33.0 | S0: 280.1 | FPS: 1946.2 | Var: dqn
Step: 2298880 | EPS: 0.13 | Rew: 0.74 | Win%: 34.5 | S0: 284.0 | FPS: 2084.0 | Var: dqn
Step: 2299904 | EPS: 0.13 | Rew: 0.74 | Win%: 34.0 | S0: 281.2 | FPS: 1958.8 | Var: dqn
Step: 2300928 | EPS: 0.13 | Rew: 0.72 | Win%: 35.0 | S0: 282.6 | FPS: 1912.6 | Var: dqn
Step: 2301952 | EPS: 0.13 | Rew: 0.80 | Win%: 37.5 | S0: 293.4 | FPS: 1782.8 | Var: dqn
Step: 2302976 | EPS: 0.13 | Rew: 0.89 | Win%: 39.0 | S0: 303.1 | FPS: 1848.3 | Var: dqn
Step: 2304000 | EPS: 0.13 | Rew: 0.93 | Win%: 38.0 | S0: 288.4 | FPS: 1978.3 | Var: dqn
Step: 2305024 | EPS: 0.13 | Rew: 0.90 | Win%: 37.0 | S0: 282.1 | FPS: 1999.0 | Var: dqn
Step: 2306048 | EPS: 0.13 | Rew: 0.80 | Win%: 37.0 | S0: 282.8 | FPS: 1623.2 | Var: dqn
Step: 2307072 | EPS: 0.13 | Rew: 0.80 | Win%: 37.0 | S0: 286.4 | FPS: 1946.9 | Var: dqn
Step: 2308096 | EPS: 0.13 | Rew: 0.72 | Win%: 36.0 | S0: 283.7 | FPS: 2013.6 | Var: dqn
Step: 2309120 | EPS: 0.13 | Rew: 0.77 | Win%: 36.0 | S0: 290.3 | FPS: 1798.4 | Var: dqn
Step: 2310144 | EPS: 0.13 | Rew: 0.72 | Win%: 37.0 | S0: 300.6 | FPS: 1648.9 | Var: dqn
Step: 2311168 | EPS: 0.13 | Rew: 0.68 | Win%: 36.0 | S0: 295.8 | FPS: 1892.7 | Var: dqn
Step: 2312192 | EPS: 0.13 | Rew: 0.65 | Win%: 34.5 | S0: 283.9 | FPS: 1771.2 | Var: dqn
Step: 2313216 | EPS: 0.13 | Rew: 0.66 | Win%: 33.5 | S0: 283.9 | FPS: 1814.9 | Var: dqn
Step: 2314240 | EPS: 0.13 | Rew: 0.96 | Win%: 36.0 | S0: 307.0 | FPS: 1905.3 | Var: dqn
Step: 2315264 | EPS: 0.13 | Rew: 1.00 | Win%: 35.0 | S0: 306.5 | FPS: 1932.0 | Var: dqn
Step: 2316288 | EPS: 0.13 | Rew: 0.85 | Win%: 33.0 | S0: 300.0 | FPS: 1805.5 | Var: dqn
Step: 2317312 | EPS: 0.13 | Rew: 1.05 | Win%: 37.0 | S0: 308.4 | FPS: 2085.5 | Var: dqn
Step: 2318336 | EPS: 0.13 | Rew: 1.06 | Win%: 35.5 | S0: 304.5 | FPS: 1790.7 | Var: dqn
Step: 2319360 | EPS: 0.13 | Rew: 1.10 | Win%: 36.0 | S0: 306.6 | FPS: 1694.5 | Var: dqn
Step: 2320384 | EPS: 0.13 | Rew: 0.94 | Win%: 37.5 | S0: 310.9 | FPS: 1850.2 | Var: dqn
Step: 2321408 | EPS: 0.13 | Rew: 0.77 | Win%: 37.0 | S0: 311.3 | FPS: 1733.8 | Var: dqn
Step: 2322432 | EPS: 0.13 | Rew: 0.95 | Win%: 37.5 | S0: 299.2 | FPS: 1954.4 | Var: dqn
Step: 2323456 | EPS: 0.13 | Rew: 0.94 | Win%: 37.0 | S0: 291.4 | FPS: 1884.7 | Var: dqn
Step: 2324480 | EPS: 0.13 | Rew: 0.72 | Win%: 35.5 | S0: 286.2 | FPS: 1860.7 | Var: dqn
Step: 2325504 | EPS: 0.13 | Rew: 0.73 | Win%: 36.0 | S0: 292.3 | FPS: 1927.4 | Var: dqn
Step: 2326528 | EPS: 0.13 | Rew: 0.62 | Win%: 34.0 | S0: 279.8 | FPS: 1923.7 | Var: dqn
Step: 2327552 | EPS: 0.13 | Rew: 0.61 | Win%: 31.0 | S0: 263.0 | FPS: 1858.8 | Var: dqn
Step: 2328576 | EPS: 0.13 | Rew: 0.49 | Win%: 32.5 | S0: 253.5 | FPS: 1834.7 | Var: dqn
Step: 2329600 | EPS: 0.13 | Rew: 0.48 | Win%: 33.0 | S0: 257.0 | FPS: 1943.9 | Var: dqn
Step: 2330624 | EPS: 0.13 | Rew: 0.34 | Win%: 27.0 | S0: 226.8 | FPS: 1929.3 | Var: dqn
Step: 2331648 | EPS: 0.13 | Rew: 0.38 | Win%: 28.5 | S0: 232.5 | FPS: 2042.9 | Var: dqn
Step: 2332672 | EPS: 0.12 | Rew: 0.34 | Win%: 26.5 | S0: 222.3 | FPS: 1830.0 | Var: dqn
Step: 2333696 | EPS: 0.12 | Rew: 0.36 | Win%: 26.0 | S0: 220.8 | FPS: 1673.9 | Var: dqn
Step: 2334720 | EPS: 0.12 | Rew: 0.49 | Win%: 27.5 | S0: 229.1 | FPS: 1758.0 | Var: dqn
Step: 2335744 | EPS: 0.12 | Rew: 0.51 | Win%: 27.5 | S0: 228.2 | FPS: 1850.6 | Var: dqn
Step: 2336768 | EPS: 0.12 | Rew: 0.45 | Win%: 26.0 | S0: 224.8 | FPS: 2142.0 | Var: dqn
Step: 2337792 | EPS: 0.12 | Rew: 0.60 | Win%: 27.5 | S0: 229.8 | FPS: 1742.8 | Var: dqn
Step: 2338816 | EPS: 0.12 | Rew: 0.78 | Win%: 28.0 | S0: 233.8 | FPS: 1907.2 | Var: dqn
Step: 2339840 | EPS: 0.12 | Rew: 0.86 | Win%: 30.5 | S0: 238.4 | FPS: 2098.0 | Var: dqn
Step: 2340864 | EPS: 0.12 | Rew: 0.68 | Win%: 30.5 | S0: 235.9 | FPS: 1905.2 | Var: dqn
Step: 2341888 | EPS: 0.12 | Rew: 0.67 | Win%: 30.0 | S0: 244.3 | FPS: 1792.5 | Var: dqn
Step: 2342912 | EPS: 0.12 | Rew: 0.83 | Win%: 32.5 | S0: 249.2 | FPS: 1977.9 | Var: dqn
Step: 2343936 | EPS: 0.12 | Rew: 0.73 | Win%: 34.0 | S0: 250.8 | FPS: 1956.5 | Var: dqn
Step: 2344960 | EPS: 0.12 | Rew: 0.78 | Win%: 36.0 | S0: 261.4 | FPS: 1711.1 | Var: dqn
Step: 2345984 | EPS: 0.12 | Rew: 0.96 | Win%: 37.5 | S0: 270.1 | FPS: 1540.3 | Var: dqn
Step: 2347008 | EPS: 0.12 | Rew: 0.97 | Win%: 37.0 | S0: 275.9 | FPS: 1731.3 | Var: dqn
Step: 2348032 | EPS: 0.12 | Rew: 1.11 | Win%: 37.5 | S0: 287.5 | FPS: 1778.8 | Var: dqn
Step: 2349056 | EPS: 0.12 | Rew: 1.16 | Win%: 39.5 | S0: 300.3 | FPS: 2428.2 | Var: dqn
Step: 2350080 | EPS: 0.12 | Rew: 1.00 | Win%: 39.5 | S0: 297.1 | FPS: 1802.3 | Var: dqn
Step: 2351104 | EPS: 0.12 | Rew: 1.10 | Win%: 39.5 | S0: 296.1 | FPS: 1889.3 | Var: dqn
Step: 2352128 | EPS: 0.12 | Rew: 0.97 | Win%: 40.0 | S0: 297.6 | FPS: 1935.8 | Var: dqn
Step: 2353152 | EPS: 0.12 | Rew: 0.99 | Win%: 41.5 | S0: 314.4 | FPS: 1787.6 | Var: dqn
Step: 2354176 | EPS: 0.12 | Rew: 0.91 | Win%: 41.0 | S0: 311.9 | FPS: 1859.6 | Var: dqn
Step: 2355200 | EPS: 0.12 | Rew: 0.98 | Win%: 41.5 | S0: 320.1 | FPS: 2135.7 | Var: dqn
Step: 2356224 | EPS: 0.12 | Rew: 0.84 | Win%: 41.5 | S0: 320.0 | FPS: 1948.0 | Var: dqn
Step: 2357248 | EPS: 0.12 | Rew: 0.72 | Win%: 41.5 | S0: 314.1 | FPS: 2507.4 | Var: dqn
Step: 2358272 | EPS: 0.12 | Rew: 0.85 | Win%: 40.5 | S0: 310.6 | FPS: 1711.4 | Var: dqn
Step: 2359296 | EPS: 0.12 | Rew: 0.88 | Win%: 42.5 | S0: 322.9 | FPS: 1946.8 | Var: dqn
Step: 2360320 | EPS: 0.12 | Rew: 0.84 | Win%: 41.5 | S0: 322.7 | FPS: 2154.3 | Var: dqn
Step: 2361344 | EPS: 0.12 | Rew: 0.93 | Win%: 41.5 | S0: 324.9 | FPS: 2013.5 | Var: dqn
Step: 2362368 | EPS: 0.12 | Rew: 1.00 | Win%: 41.5 | S0: 319.2 | FPS: 1523.4 | Var: dqn
Step: 2363392 | EPS: 0.12 | Rew: 1.02 | Win%: 42.5 | S0: 318.4 | FPS: 1982.4 | Var: dqn
Step: 2364416 | EPS: 0.12 | Rew: 1.04 | Win%: 42.0 | S0: 317.9 | FPS: 1991.6 | Var: dqn
Step: 2365440 | EPS: 0.12 | Rew: 1.12 | Win%: 42.5 | S0: 314.2 | FPS: 1465.8 | Var: dqn
Step: 2366464 | EPS: 0.12 | Rew: 1.21 | Win%: 41.5 | S0: 305.1 | FPS: 1859.7 | Var: dqn
Step: 2367488 | EPS: 0.12 | Rew: 1.32 | Win%: 41.0 | S0: 307.0 | FPS: 2056.1 | Var: dqn
Step: 2368512 | EPS: 0.12 | Rew: 1.22 | Win%: 41.0 | S0: 311.0 | FPS: 1743.0 | Var: dqn
Step: 2369536 | EPS: 0.12 | Rew: 1.22 | Win%: 40.5 | S0: 315.1 | FPS: 1876.1 | Var: dqn
Step: 2370560 | EPS: 0.12 | Rew: 1.12 | Win%: 38.5 | S0: 308.0 | FPS: 2042.7 | Var: dqn
Step: 2371584 | EPS: 0.12 | Rew: 0.97 | Win%: 39.0 | S0: 313.4 | FPS: 1911.2 | Var: dqn
Step: 2372608 | EPS: 0.12 | Rew: 1.11 | Win%: 37.5 | S0: 298.1 | FPS: 1946.8 | Var: dqn
Step: 2373632 | EPS: 0.12 | Rew: 1.07 | Win%: 39.0 | S0: 308.4 | FPS: 1960.7 | Var: dqn
Step: 2374656 | EPS: 0.12 | Rew: 0.94 | Win%: 38.0 | S0: 300.3 | FPS: 2009.2 | Var: dqn
Step: 2375680 | EPS: 0.12 | Rew: 0.95 | Win%: 38.0 | S0: 303.4 | FPS: 1949.1 | Var: dqn
Step: 2376704 | EPS: 0.12 | Rew: 0.83 | Win%: 36.5 | S0: 300.3 | FPS: 2181.6 | Var: dqn
Step: 2377728 | EPS: 0.12 | Rew: 0.66 | Win%: 35.0 | S0: 297.1 | FPS: 1799.0 | Var: dqn
Step: 2378752 | EPS: 0.12 | Rew: 0.97 | Win%: 35.0 | S0: 309.8 | FPS: 1851.9 | Var: dqn
Step: 2379776 | EPS: 0.12 | Rew: 0.91 | Win%: 34.0 | S0: 304.8 | FPS: 2048.7 | Var: dqn
Step: 2380800 | EPS: 0.12 | Rew: 1.13 | Win%: 35.0 | S0: 318.9 | FPS: 2058.2 | Var: dqn
Step: 2381824 | EPS: 0.11 | Rew: 1.18 | Win%: 35.0 | S0: 313.8 | FPS: 1827.7 | Var: dqn
Step: 2382848 | EPS: 0.11 | Rew: 1.02 | Win%: 36.0 | S0: 317.5 | FPS: 2238.1 | Var: dqn
Step: 2383872 | EPS: 0.11 | Rew: 1.10 | Win%: 33.5 | S0: 307.1 | FPS: 1945.8 | Var: dqn
Step: 2384896 | EPS: 0.11 | Rew: 1.09 | Win%: 32.5 | S0: 305.6 | FPS: 2112.3 | Var: dqn
Step: 2385920 | EPS: 0.11 | Rew: 1.08 | Win%: 32.0 | S0: 300.0 | FPS: 2012.8 | Var: dqn
Step: 2386944 | EPS: 0.11 | Rew: 1.07 | Win%: 31.0 | S0: 293.1 | FPS: 2103.1 | Var: dqn
Step: 2387968 | EPS: 0.11 | Rew: 0.97 | Win%: 32.5 | S0: 300.4 | FPS: 2039.5 | Var: dqn
Step: 2388992 | EPS: 0.11 | Rew: 0.97 | Win%: 33.5 | S0: 299.0 | FPS: 2061.4 | Var: dqn
Step: 2390016 | EPS: 0.11 | Rew: 0.88 | Win%: 34.0 | S0: 300.4 | FPS: 1904.6 | Var: dqn
Step: 2391040 | EPS: 0.11 | Rew: 0.90 | Win%: 35.0 | S0: 302.2 | FPS: 2023.8 | Var: dqn
Step: 2392064 | EPS: 0.11 | Rew: 0.87 | Win%: 34.0 | S0: 297.1 | FPS: 2014.3 | Var: dqn
Step: 2393088 | EPS: 0.11 | Rew: 0.88 | Win%: 34.0 | S0: 292.8 | FPS: 2192.2 | Var: dqn
Step: 2394112 | EPS: 0.11 | Rew: 0.85 | Win%: 33.0 | S0: 287.4 | FPS: 1893.5 | Var: dqn
Step: 2395136 | EPS: 0.11 | Rew: 0.84 | Win%: 34.0 | S0: 296.4 | FPS: 2109.6 | Var: dqn
Step: 2396160 | EPS: 0.11 | Rew: 1.11 | Win%: 35.0 | S0: 307.9 | FPS: 2037.5 | Var: dqn
Step: 2397184 | EPS: 0.11 | Rew: 1.18 | Win%: 36.0 | S0: 307.8 | FPS: 2233.5 | Var: dqn
Step: 2398208 | EPS: 0.11 | Rew: 1.16 | Win%: 37.5 | S0: 312.4 | FPS: 2087.5 | Var: dqn
Step: 2399232 | EPS: 0.11 | Rew: 1.21 | Win%: 38.0 | S0: 318.2 | FPS: 2087.7 | Var: dqn
Step: 2400256 | EPS: 0.11 | Rew: 1.13 | Win%: 37.5 | S0: 309.9 | FPS: 1839.2 | Var: dqn
Step: 2401280 | EPS: 0.11 | Rew: 1.15 | Win%: 38.0 | S0: 306.2 | FPS: 1709.6 | Var: dqn
Step: 2402304 | EPS: 0.11 | Rew: 1.06 | Win%: 37.5 | S0: 310.4 | FPS: 1846.9 | Var: dqn
Step: 2403328 | EPS: 0.11 | Rew: 1.11 | Win%: 37.0 | S0: 312.2 | FPS: 1761.2 | Var: dqn
Step: 2404352 | EPS: 0.11 | Rew: 1.20 | Win%: 37.0 | S0: 314.4 | FPS: 1901.3 | Var: dqn
Step: 2405376 | EPS: 0.11 | Rew: 1.37 | Win%: 38.0 | S0: 324.1 | FPS: 1792.2 | Var: dqn
Step: 2406400 | EPS: 0.11 | Rew: 1.28 | Win%: 40.0 | S0: 342.7 | FPS: 1910.4 | Var: dqn
Step: 2407424 | EPS: 0.11 | Rew: 1.21 | Win%: 40.0 | S0: 347.7 | FPS: 2107.9 | Var: dqn
Step: 2408448 | EPS: 0.11 | Rew: 1.15 | Win%: 40.0 | S0: 339.9 | FPS: 1876.7 | Var: dqn
Step: 2409472 | EPS: 0.11 | Rew: 1.17 | Win%: 40.5 | S0: 338.1 | FPS: 1804.1 | Var: dqn
Step: 2410496 | EPS: 0.11 | Rew: 1.19 | Win%: 42.0 | S0: 344.0 | FPS: 1849.3 | Var: dqn
Step: 2411520 | EPS: 0.11 | Rew: 1.16 | Win%: 43.0 | S0: 347.8 | FPS: 1944.1 | Var: dqn
Step: 2412544 | EPS: 0.11 | Rew: 1.28 | Win%: 45.0 | S0: 369.9 | FPS: 2103.4 | Var: dqn
>>> [Best] Saved -> agent/checkpoints/dqn_battle.pth | Win% 45.0 | S0 369.9
Step: 2413568 | EPS: 0.11 | Rew: 1.25 | Win%: 47.0 | S0: 367.1 | FPS: 2612.9 | Var: dqn
>>> [Best] Saved -> agent/checkpoints/dqn_battle.pth | Win% 47.0 | S0 367.1
Step: 2414592 | EPS: 0.11 | Rew: 1.11 | Win%: 46.0 | S0: 363.4 | FPS: 2039.9 | Var: dqn
Step: 2415616 | EPS: 0.11 | Rew: 1.14 | Win%: 44.0 | S0: 356.4 | FPS: 1546.4 | Var: dqn
Step: 2416640 | EPS: 0.11 | Rew: 1.26 | Win%: 45.0 | S0: 359.1 | FPS: 1875.5 | Var: dqn
Step: 2417664 | EPS: 0.11 | Rew: 1.14 | Win%: 43.0 | S0: 351.4 | FPS: 1776.6 | Var: dqn
Step: 2418688 | EPS: 0.11 | Rew: 1.09 | Win%: 43.0 | S0: 343.9 | FPS: 1929.3 | Var: dqn
Step: 2419712 | EPS: 0.11 | Rew: 0.98 | Win%: 43.5 | S0: 341.7 | FPS: 1709.5 | Var: dqn
Step: 2420736 | EPS: 0.11 | Rew: 0.95 | Win%: 43.5 | S0: 333.2 | FPS: 1880.8 | Var: dqn
Step: 2421760 | EPS: 0.11 | Rew: 0.93 | Win%: 43.5 | S0: 336.8 | FPS: 1774.6 | Var: dqn
Step: 2422784 | EPS: 0.11 | Rew: 0.88 | Win%: 41.5 | S0: 334.5 | FPS: 1844.2 | Var: dqn
Step: 2423808 | EPS: 0.11 | Rew: 0.83 | Win%: 41.5 | S0: 338.1 | FPS: 1726.0 | Var: dqn
Step: 2424832 | EPS: 0.11 | Rew: 0.96 | Win%: 42.0 | S0: 340.0 | FPS: 1844.4 | Var: dqn
Step: 2425856 | EPS: 0.11 | Rew: 0.95 | Win%: 40.5 | S0: 329.2 | FPS: 2143.8 | Var: dqn
Step: 2426880 | EPS: 0.11 | Rew: 1.02 | Win%: 40.0 | S0: 329.9 | FPS: 2093.4 | Var: dqn
Step: 2427904 | EPS: 0.11 | Rew: 0.90 | Win%: 39.0 | S0: 329.5 | FPS: 1628.2 | Var: dqn
Step: 2428928 | EPS: 0.11 | Rew: 0.96 | Win%: 40.0 | S0: 326.1 | FPS: 1854.0 | Var: dqn
Step: 2429952 | EPS: 0.11 | Rew: 0.88 | Win%: 38.5 | S0: 318.7 | FPS: 1993.9 | Var: dqn
Step: 2430976 | EPS: 0.10 | Rew: 0.86 | Win%: 39.0 | S0: 326.6 | FPS: 2281.9 | Var: dqn
Step: 2432000 | EPS: 0.10 | Rew: 0.78 | Win%: 38.0 | S0: 317.1 | FPS: 2329.1 | Var: dqn
Step: 2433024 | EPS: 0.10 | Rew: 0.62 | Win%: 38.5 | S0: 313.9 | FPS: 1928.8 | Var: dqn
Step: 2434048 | EPS: 0.10 | Rew: 0.78 | Win%: 39.0 | S0: 311.1 | FPS: 1844.5 | Var: dqn
Step: 2435072 | EPS: 0.10 | Rew: 0.90 | Win%: 38.5 | S0: 313.3 | FPS: 2153.3 | Var: dqn
Step: 2436096 | EPS: 0.10 | Rew: 1.00 | Win%: 37.5 | S0: 321.3 | FPS: 1665.2 | Var: dqn
Step: 2437120 | EPS: 0.10 | Rew: 0.98 | Win%: 36.0 | S0: 316.9 | FPS: 2147.7 | Var: dqn
Step: 2438144 | EPS: 0.10 | Rew: 1.19 | Win%: 37.0 | S0: 322.8 | FPS: 1839.9 | Var: dqn
Step: 2439168 | EPS: 0.10 | Rew: 1.27 | Win%: 38.0 | S0: 325.1 | FPS: 1766.1 | Var: dqn
Step: 2440192 | EPS: 0.10 | Rew: 1.35 | Win%: 38.5 | S0: 336.1 | FPS: 1963.1 | Var: dqn
Step: 2441216 | EPS: 0.10 | Rew: 1.29 | Win%: 38.5 | S0: 343.1 | FPS: 1847.4 | Var: dqn
Step: 2442240 | EPS: 0.10 | Rew: 1.27 | Win%: 39.0 | S0: 344.0 | FPS: 1892.4 | Var: dqn
Step: 2443264 | EPS: 0.10 | Rew: 1.16 | Win%: 37.5 | S0: 339.9 | FPS: 1895.8 | Var: dqn
Step: 2444288 | EPS: 0.10 | Rew: 0.94 | Win%: 37.5 | S0: 337.1 | FPS: 2175.0 | Var: dqn
Step: 2445312 | EPS: 0.10 | Rew: 0.87 | Win%: 38.0 | S0: 338.2 | FPS: 1866.9 | Var: dqn
Step: 2446336 | EPS: 0.10 | Rew: 0.94 | Win%: 39.5 | S0: 345.1 | FPS: 1899.5 | Var: dqn
Step: 2447360 | EPS: 0.10 | Rew: 0.77 | Win%: 39.5 | S0: 332.9 | FPS: 1977.3 | Var: dqn
Step: 2448384 | EPS: 0.10 | Rew: 0.92 | Win%: 40.5 | S0: 330.4 | FPS: 1956.2 | Var: dqn
Step: 2449408 | EPS: 0.10 | Rew: 0.80 | Win%: 37.0 | S0: 301.9 | FPS: 1956.4 | Var: dqn
Step: 2450432 | EPS: 0.10 | Rew: 0.86 | Win%: 37.5 | S0: 304.6 | FPS: 1951.5 | Var: dqn
Step: 2451456 | EPS: 0.10 | Rew: 0.85 | Win%: 38.0 | S0: 310.3 | FPS: 1829.5 | Var: dqn
Step: 2452480 | EPS: 0.10 | Rew: 0.94 | Win%: 38.0 | S0: 309.2 | FPS: 1969.8 | Var: dqn
Step: 2453504 | EPS: 0.10 | Rew: 0.96 | Win%: 37.5 | S0: 314.4 | FPS: 1880.9 | Var: dqn
Step: 2454528 | EPS: 0.10 | Rew: 1.17 | Win%: 39.0 | S0: 327.0 | FPS: 1977.3 | Var: dqn
Step: 2455552 | EPS: 0.10 | Rew: 1.22 | Win%: 38.5 | S0: 332.3 | FPS: 1958.5 | Var: dqn
Step: 2456576 | EPS: 0.10 | Rew: 1.20 | Win%: 37.0 | S0: 324.4 | FPS: 1873.7 | Var: dqn
Step: 2457600 | EPS: 0.10 | Rew: 1.08 | Win%: 36.0 | S0: 325.9 | FPS: 2061.1 | Var: dqn
Step: 2458624 | EPS: 0.10 | Rew: 1.16 | Win%: 37.0 | S0: 324.8 | FPS: 2246.0 | Var: dqn
Step: 2459648 | EPS: 0.10 | Rew: 1.03 | Win%: 38.5 | S0: 330.6 | FPS: 1879.6 | Var: dqn
Step: 2460672 | EPS: 0.10 | Rew: 0.95 | Win%: 40.0 | S0: 344.7 | FPS: 1766.4 | Var: dqn
Step: 2461696 | EPS: 0.10 | Rew: 1.15 | Win%: 40.5 | S0: 341.4 | FPS: 1903.1 | Var: dqn
Step: 2462720 | EPS: 0.10 | Rew: 1.17 | Win%: 39.5 | S0: 337.2 | FPS: 1839.6 | Var: dqn
Step: 2463744 | EPS: 0.10 | Rew: 1.42 | Win%: 43.0 | S0: 348.6 | FPS: 1988.1 | Var: dqn
Step: 2464768 | EPS: 0.10 | Rew: 1.55 | Win%: 44.5 | S0: 357.1 | FPS: 1971.5 | Var: dqn
Step: 2465792 | EPS: 0.10 | Rew: 1.59 | Win%: 43.5 | S0: 353.5 | FPS: 1687.3 | Var: dqn
Step: 2466816 | EPS: 0.10 | Rew: 1.38 | Win%: 42.5 | S0: 338.4 | FPS: 1725.6 | Var: dqn
Step: 2467840 | EPS: 0.10 | Rew: 1.25 | Win%: 42.0 | S0: 333.9 | FPS: 2054.9 | Var: dqn
Step: 2468864 | EPS: 0.10 | Rew: 1.20 | Win%: 39.5 | S0: 337.6 | FPS: 2061.3 | Var: dqn
Step: 2469888 | EPS: 0.10 | Rew: 1.13 | Win%: 41.5 | S0: 350.1 | FPS: 1918.6 | Var: dqn
Step: 2470912 | EPS: 0.10 | Rew: 1.12 | Win%: 41.0 | S0: 354.2 | FPS: 1833.7 | Var: dqn
Step: 2471936 | EPS: 0.10 | Rew: 1.00 | Win%: 41.5 | S0: 362.6 | FPS: 2091.3 | Var: dqn
Step: 2472960 | EPS: 0.10 | Rew: 1.06 | Win%: 40.5 | S0: 351.8 | FPS: 2506.7 | Var: dqn
Step: 2473984 | EPS: 0.10 | Rew: 1.09 | Win%: 40.0 | S0: 347.6 | FPS: 1994.5 | Var: dqn
Step: 2475008 | EPS: 0.10 | Rew: 1.14 | Win%: 37.5 | S0: 351.8 | FPS: 2127.4 | Var: dqn
Step: 2476032 | EPS: 0.10 | Rew: 1.05 | Win%: 37.5 | S0: 341.2 | FPS: 1776.4 | Var: dqn
Step: 2477056 | EPS: 0.10 | Rew: 1.05 | Win%: 37.0 | S0: 331.6 | FPS: 1761.6 | Var: dqn
Step: 2478080 | EPS: 0.10 | Rew: 1.01 | Win%: 37.5 | S0: 331.9 | FPS: 1917.3 | Var: dqn
Step: 2479104 | EPS: 0.09 | Rew: 0.86 | Win%: 38.5 | S0: 331.8 | FPS: 1969.1 | Var: dqn
Step: 2480128 | EPS: 0.09 | Rew: 0.76 | Win%: 39.0 | S0: 326.8 | FPS: 1852.4 | Var: dqn
Step: 2481152 | EPS: 0.09 | Rew: 0.78 | Win%: 38.0 | S0: 327.4 | FPS: 1726.9 | Var: dqn
Step: 2482176 | EPS: 0.09 | Rew: 0.82 | Win%: 36.5 | S0: 328.6 | FPS: 2028.9 | Var: dqn
Step: 2483200 | EPS: 0.09 | Rew: 1.08 | Win%: 37.5 | S0: 340.3 | FPS: 1930.0 | Var: dqn
Step: 2484224 | EPS: 0.09 | Rew: 1.16 | Win%: 37.5 | S0: 336.9 | FPS: 1924.7 | Var: dqn
Step: 2485248 | EPS: 0.09 | Rew: 1.08 | Win%: 36.0 | S0: 313.8 | FPS: 1888.1 | Var: dqn
Step: 2486272 | EPS: 0.09 | Rew: 1.07 | Win%: 35.0 | S0: 311.7 | FPS: 1831.3 | Var: dqn
Step: 2487296 | EPS: 0.09 | Rew: 1.28 | Win%: 37.0 | S0: 341.9 | FPS: 1950.7 | Var: dqn
Step: 2488320 | EPS: 0.09 | Rew: 1.12 | Win%: 36.0 | S0: 337.6 | FPS: 1887.9 | Var: dqn
Step: 2489344 | EPS: 0.09 | Rew: 1.23 | Win%: 38.5 | S0: 357.4 | FPS: 1861.4 | Var: dqn
Step: 2490368 | EPS: 0.09 | Rew: 1.26 | Win%: 37.5 | S0: 356.7 | FPS: 1986.4 | Var: dqn
Step: 2491392 | EPS: 0.09 | Rew: 1.26 | Win%: 38.0 | S0: 352.2 | FPS: 1985.2 | Var: dqn
Step: 2492416 | EPS: 0.09 | Rew: 1.42 | Win%: 41.0 | S0: 360.1 | FPS: 1811.4 | Var: dqn
Step: 2493440 | EPS: 0.09 | Rew: 1.13 | Win%: 41.5 | S0: 356.8 | FPS: 1987.6 | Var: dqn
Step: 2494464 | EPS: 0.09 | Rew: 1.28 | Win%: 42.0 | S0: 357.9 | FPS: 1943.2 | Var: dqn
Step: 2495488 | EPS: 0.09 | Rew: 1.36 | Win%: 42.5 | S0: 370.6 | FPS: 1940.1 | Var: dqn
Step: 2496512 | EPS: 0.09 | Rew: 1.30 | Win%: 43.5 | S0: 372.4 | FPS: 1880.4 | Var: dqn
>>> [Best] Saved -> agent/checkpoints/dqn_battle.pth | Win% 43.5 | S0 372.4
Step: 2497536 | EPS: 0.09 | Rew: 1.46 | Win%: 43.5 | S0: 385.6 | FPS: 1920.2 | Var: dqn
>>> [Best] Saved -> agent/checkpoints/dqn_battle.pth | Win% 43.5 | S0 385.6
Step: 2498560 | EPS: 0.09 | Rew: 1.34 | Win%: 44.5 | S0: 394.8 | FPS: 2016.3 | Var: dqn
>>> [Best] Saved -> agent/checkpoints/dqn_battle.pth | Win% 44.5 | S0 394.8
Step: 2499584 | EPS: 0.09 | Rew: 1.30 | Win%: 42.5 | S0: 371.7 | FPS: 2005.9 | Var: dqn
Step: 2500608 | EPS: 0.09 | Rew: 1.38 | Win%: 43.5 | S0: 383.2 | FPS: 1945.3 | Var: dqn
Step: 2501632 | EPS: 0.09 | Rew: 1.20 | Win%: 42.5 | S0: 371.1 | FPS: 1591.4 | Var: dqn
Step: 2502656 | EPS: 0.09 | Rew: 1.22 | Win%: 42.5 | S0: 367.5 | FPS: 2102.1 | Var: dqn
Step: 2503680 | EPS: 0.09 | Rew: 1.34 | Win%: 44.5 | S0: 392.7 | FPS: 1868.7 | Var: dqn
Step: 2504704 | EPS: 0.09 | Rew: 1.36 | Win%: 41.0 | S0: 377.2 | FPS: 1971.7 | Var: dqn
Step: 2505728 | EPS: 0.09 | Rew: 1.47 | Win%: 44.0 | S0: 395.5 | FPS: 1591.2 | Var: dqn
Step: 2506752 | EPS: 0.09 | Rew: 1.49 | Win%: 43.5 | S0: 397.1 | FPS: 1879.4 | Var: dqn
Step: 2507776 | EPS: 0.09 | Rew: 1.56 | Win%: 42.5 | S0: 385.1 | FPS: 1688.2 | Var: dqn
Step: 2508800 | EPS: 0.09 | Rew: 1.66 | Win%: 44.5 | S0: 395.4 | FPS: 1860.6 | Var: dqn
Step: 2509824 | EPS: 0.09 | Rew: 1.54 | Win%: 45.0 | S0: 393.9 | FPS: 1915.1 | Var: dqn
Step: 2510848 | EPS: 0.09 | Rew: 1.52 | Win%: 46.5 | S0: 389.9 | FPS: 1985.3 | Var: dqn
>>> [Best] Saved -> agent/checkpoints/dqn_battle.pth | Win% 46.5 | S0 389.9
Step: 2511872 | EPS: 0.09 | Rew: 1.73 | Win%: 48.0 | S0: 407.4 | FPS: 1986.9 | Var: dqn
>>> [Best] Saved -> agent/checkpoints/dqn_battle.pth | Win% 48.0 | S0 407.4
Step: 2512896 | EPS: 0.09 | Rew: 1.79 | Win%: 49.0 | S0: 408.9 | FPS: 1751.0 | Var: dqn
Step: 2513920 | EPS: 0.09 | Rew: 1.84 | Win%: 49.5 | S0: 415.6 | FPS: 1978.4 | Var: dqn
>>> [Best] Saved -> agent/checkpoints/dqn_battle.pth | Win% 49.5 | S0 415.6
Step: 2514944 | EPS: 0.09 | Rew: 1.75 | Win%: 50.5 | S0: 424.4 | FPS: 2423.6 | Var: dqn
>>> [Best] Saved -> agent/checkpoints/dqn_battle.pth | Win% 50.5 | S0 424.4
Step: 2515968 | EPS: 0.09 | Rew: 1.79 | Win%: 51.0 | S0: 430.9 | FPS: 1950.4 | Var: dqn
>>> [Best] Saved -> agent/checkpoints/dqn_battle.pth | Win% 51.0 | S0 430.9
Step: 2516992 | EPS: 0.09 | Rew: 1.88 | Win%: 50.0 | S0: 411.6 | FPS: 2273.0 | Var: dqn
Step: 2518016 | EPS: 0.09 | Rew: 1.63 | Win%: 49.0 | S0: 407.1 | FPS: 1963.9 | Var: dqn
Step: 2519040 | EPS: 0.09 | Rew: 1.68 | Win%: 49.0 | S0: 409.9 | FPS: 2052.2 | Var: dqn
Step: 2520064 | EPS: 0.09 | Rew: 1.51 | Win%: 49.0 | S0: 402.9 | FPS: 2070.6 | Var: dqn
Step: 2521088 | EPS: 0.09 | Rew: 1.46 | Win%: 49.0 | S0: 403.1 | FPS: 2060.9 | Var: dqn
Step: 2522112 | EPS: 0.09 | Rew: 1.56 | Win%: 48.5 | S0: 409.9 | FPS: 1756.6 | Var: dqn
Step: 2523136 | EPS: 0.09 | Rew: 1.43 | Win%: 47.5 | S0: 403.4 | FPS: 2029.2 | Var: dqn
Step: 2524160 | EPS: 0.09 | Rew: 1.36 | Win%: 46.5 | S0: 389.6 | FPS: 2063.1 | Var: dqn
Step: 2525184 | EPS: 0.09 | Rew: 1.19 | Win%: 44.0 | S0: 369.6 | FPS: 2292.7 | Var: dqn
Step: 2526208 | EPS: 0.09 | Rew: 1.35 | Win%: 43.5 | S0: 377.2 | FPS: 1889.5 | Var: dqn
Step: 2527232 | EPS: 0.09 | Rew: 1.34 | Win%: 43.5 | S0: 373.6 | FPS: 1846.6 | Var: dqn
Step: 2528256 | EPS: 0.08 | Rew: 1.28 | Win%: 43.0 | S0: 361.5 | FPS: 1994.3 | Var: dqn
Step: 2529280 | EPS: 0.08 | Rew: 1.17 | Win%: 39.5 | S0: 341.9 | FPS: 1919.6 | Var: dqn
Step: 2530304 | EPS: 0.08 | Rew: 1.31 | Win%: 39.5 | S0: 351.8 | FPS: 2219.7 | Var: dqn
Step: 2531328 | EPS: 0.08 | Rew: 1.44 | Win%: 41.5 | S0: 364.2 | FPS: 1784.1 | Var: dqn
Step: 2532352 | EPS: 0.08 | Rew: 1.46 | Win%: 40.0 | S0: 353.1 | FPS: 2115.9 | Var: dqn
Step: 2533376 | EPS: 0.08 | Rew: 1.39 | Win%: 39.5 | S0: 354.1 | FPS: 1882.5 | Var: dqn
Step: 2534400 | EPS: 0.08 | Rew: 1.38 | Win%: 39.0 | S0: 356.2 | FPS: 1853.9 | Var: dqn
Step: 2535424 | EPS: 0.08 | Rew: 1.49 | Win%: 39.0 | S0: 355.9 | FPS: 1982.1 | Var: dqn
Step: 2536448 | EPS: 0.08 | Rew: 1.54 | Win%: 42.0 | S0: 376.3 | FPS: 1946.0 | Var: dqn
Step: 2537472 | EPS: 0.08 | Rew: 1.63 | Win%: 42.5 | S0: 384.9 | FPS: 2034.0 | Var: dqn
Step: 2538496 | EPS: 0.08 | Rew: 1.70 | Win%: 43.0 | S0: 386.4 | FPS: 2000.8 | Var: dqn
Step: 2539520 | EPS: 0.08 | Rew: 1.60 | Win%: 43.5 | S0: 381.3 | FPS: 2056.3 | Var: dqn
Step: 2540544 | EPS: 0.08 | Rew: 1.72 | Win%: 43.5 | S0: 387.1 | FPS: 1938.2 | Var: dqn
Step: 2541568 | EPS: 0.08 | Rew: 1.75 | Win%: 43.5 | S0: 393.8 | FPS: 1894.9 | Var: dqn
Step: 2542592 | EPS: 0.08 | Rew: 1.76 | Win%: 43.5 | S0: 400.2 | FPS: 1946.6 | Var: dqn
Step: 2543616 | EPS: 0.08 | Rew: 1.81 | Win%: 45.0 | S0: 407.3 | FPS: 1999.9 | Var: dqn
Step: 2544640 | EPS: 0.08 | Rew: 1.78 | Win%: 44.5 | S0: 402.8 | FPS: 1789.8 | Var: dqn
Step: 2545664 | EPS: 0.08 | Rew: 1.78 | Win%: 46.0 | S0: 408.6 | FPS: 2033.8 | Var: dqn
Step: 2546688 | EPS: 0.08 | Rew: 1.69 | Win%: 45.0 | S0: 394.2 | FPS: 1928.2 | Var: dqn
Step: 2547712 | EPS: 0.08 | Rew: 1.69 | Win%: 46.0 | S0: 399.1 | FPS: 1770.9 | Var: dqn
Step: 2548736 | EPS: 0.08 | Rew: 1.71 | Win%: 46.0 | S0: 405.6 | FPS: 1979.2 | Var: dqn
Step: 2549760 | EPS: 0.08 | Rew: 1.65 | Win%: 47.0 | S0: 407.8 | FPS: 1874.4 | Var: dqn
Step: 2550784 | EPS: 0.08 | Rew: 1.70 | Win%: 45.5 | S0: 399.4 | FPS: 1922.9 | Var: dqn
Step: 2551808 | EPS: 0.08 | Rew: 1.62 | Win%: 44.0 | S0: 384.9 | FPS: 1852.7 | Var: dqn
Step: 2552832 | EPS: 0.08 | Rew: 1.63 | Win%: 45.0 | S0: 392.6 | FPS: 2001.9 | Var: dqn
Step: 2553856 | EPS: 0.08 | Rew: 1.83 | Win%: 45.5 | S0: 395.7 | FPS: 2072.2 | Var: dqn
Step: 2554880 | EPS: 0.08 | Rew: 1.69 | Win%: 45.0 | S0: 394.8 | FPS: 1791.1 | Var: dqn
Step: 2555904 | EPS: 0.08 | Rew: 1.65 | Win%: 48.0 | S0: 408.9 | FPS: 1806.5 | Var: dqn
Step: 2556928 | EPS: 0.08 | Rew: 1.56 | Win%: 49.0 | S0: 402.3 | FPS: 1937.5 | Var: dqn
Step: 2557952 | EPS: 0.08 | Rew: 1.53 | Win%: 47.5 | S0: 393.3 | FPS: 1763.8 | Var: dqn
Step: 2558976 | EPS: 0.08 | Rew: 1.52 | Win%: 48.0 | S0: 393.6 | FPS: 1956.1 | Var: dqn
Step: 2560000 | EPS: 0.08 | Rew: 1.45 | Win%: 48.5 | S0: 400.8 | FPS: 1704.2 | Var: dqn
Step: 2561024 | EPS: 0.08 | Rew: 1.40 | Win%: 47.0 | S0: 394.9 | FPS: 1824.4 | Var: dqn
Step: 2562048 | EPS: 0.08 | Rew: 1.47 | Win%: 48.0 | S0: 398.4 | FPS: 1761.7 | Var: dqn
Step: 2563072 | EPS: 0.08 | Rew: 1.45 | Win%: 48.0 | S0: 394.8 | FPS: 2011.8 | Var: dqn
Step: 2564096 | EPS: 0.08 | Rew: 1.57 | Win%: 48.0 | S0: 400.4 | FPS: 1528.7 | Var: dqn
Step: 2565120 | EPS: 0.08 | Rew: 1.73 | Win%: 48.0 | S0: 407.4 | FPS: 1926.1 | Var: dqn
Step: 2566144 | EPS: 0.08 | Rew: 1.66 | Win%: 46.5 | S0: 404.2 | FPS: 1918.2 | Var: dqn
Step: 2567168 | EPS: 0.08 | Rew: 1.47 | Win%: 43.0 | S0: 380.8 | FPS: 1921.4 | Var: dqn
Step: 2568192 | EPS: 0.08 | Rew: 1.42 | Win%: 42.0 | S0: 378.4 | FPS: 2014.2 | Var: dqn
Step: 2569216 | EPS: 0.08 | Rew: 1.42 | Win%: 40.0 | S0: 371.6 | FPS: 1924.8 | Var: dqn
Step: 2570240 | EPS: 0.08 | Rew: 1.20 | Win%: 39.0 | S0: 371.2 | FPS: 2167.3 | Var: dqn
Step: 2571264 | EPS: 0.08 | Rew: 1.12 | Win%: 40.0 | S0: 378.5 | FPS: 1908.7 | Var: dqn
Step: 2572288 | EPS: 0.08 | Rew: 1.19 | Win%: 39.0 | S0: 372.3 | FPS: 1887.0 | Var: dqn
Step: 2573312 | EPS: 0.08 | Rew: 1.31 | Win%: 39.5 | S0: 374.5 | FPS: 1993.5 | Var: dqn
Step: 2574336 | EPS: 0.08 | Rew: 1.51 | Win%: 42.0 | S0: 371.8 | FPS: 2088.0 | Var: dqn
Step: 2575360 | EPS: 0.08 | Rew: 1.42 | Win%: 40.5 | S0: 366.4 | FPS: 2005.6 | Var: dqn
Step: 2576384 | EPS: 0.08 | Rew: 1.36 | Win%: 40.0 | S0: 339.5 | FPS: 1907.3 | Var: dqn
Step: 2577408 | EPS: 0.07 | Rew: 1.33 | Win%: 41.5 | S0: 339.6 | FPS: 2078.1 | Var: dqn
Step: 2578432 | EPS: 0.07 | Rew: 1.37 | Win%: 43.5 | S0: 351.9 | FPS: 2020.9 | Var: dqn
Step: 2579456 | EPS: 0.07 | Rew: 1.37 | Win%: 45.5 | S0: 361.0 | FPS: 1723.0 | Var: dqn
Step: 2580480 | EPS: 0.07 | Rew: 1.23 | Win%: 45.0 | S0: 359.4 | FPS: 1821.9 | Var: dqn
Step: 2581504 | EPS: 0.07 | Rew: 1.29 | Win%: 45.5 | S0: 362.1 | FPS: 1815.9 | Var: dqn
Step: 2582528 | EPS: 0.07 | Rew: 1.52 | Win%: 47.5 | S0: 368.1 | FPS: 1855.1 | Var: dqn
Step: 2583552 | EPS: 0.07 | Rew: 1.52 | Win%: 46.5 | S0: 358.1 | FPS: 1594.8 | Var: dqn
Step: 2584576 | EPS: 0.07 | Rew: 1.61 | Win%: 47.5 | S0: 375.7 | FPS: 2014.1 | Var: dqn
Step: 2585600 | EPS: 0.07 | Rew: 1.56 | Win%: 46.0 | S0: 375.4 | FPS: 1897.2 | Var: dqn
Step: 2586624 | EPS: 0.07 | Rew: 1.81 | Win%: 49.0 | S0: 398.9 | FPS: 1701.9 | Var: dqn
Step: 2587648 | EPS: 0.07 | Rew: 1.63 | Win%: 47.0 | S0: 393.2 | FPS: 1808.0 | Var: dqn
Step: 2588672 | EPS: 0.07 | Rew: 1.71 | Win%: 48.0 | S0: 398.9 | FPS: 1716.4 | Var: dqn
Step: 2589696 | EPS: 0.07 | Rew: 1.69 | Win%: 47.0 | S0: 403.2 | FPS: 2086.4 | Var: dqn
Step: 2590720 | EPS: 0.07 | Rew: 1.73 | Win%: 47.0 | S0: 416.9 | FPS: 1902.6 | Var: dqn
Step: 2591744 | EPS: 0.07 | Rew: 1.86 | Win%: 46.5 | S0: 424.9 | FPS: 1895.5 | Var: dqn
Step: 2592768 | EPS: 0.07 | Rew: 1.82 | Win%: 47.0 | S0: 431.1 | FPS: 1752.7 | Var: dqn
Step: 2593792 | EPS: 0.07 | Rew: 1.76 | Win%: 49.5 | S0: 433.1 | FPS: 1863.3 | Var: dqn
Step: 2594816 | EPS: 0.07 | Rew: 1.87 | Win%: 49.0 | S0: 434.6 | FPS: 1849.9 | Var: dqn
Step: 2595840 | EPS: 0.07 | Rew: 1.78 | Win%: 47.0 | S0: 427.3 | FPS: 1737.7 | Var: dqn
Step: 2596864 | EPS: 0.07 | Rew: 1.90 | Win%: 48.5 | S0: 447.1 | FPS: 1945.4 | Var: dqn
>>> [Best] Saved -> agent/checkpoints/dqn_battle.pth | Win% 48.5 | S0 447.1
Step: 2597888 | EPS: 0.07 | Rew: 1.75 | Win%: 48.0 | S0: 438.3 | FPS: 1959.4 | Var: dqn
Step: 2598912 | EPS: 0.07 | Rew: 1.66 | Win%: 48.5 | S0: 436.2 | FPS: 1954.6 | Var: dqn
Step: 2599936 | EPS: 0.07 | Rew: 1.63 | Win%: 47.0 | S0: 418.8 | FPS: 2023.5 | Var: dqn
Step: 2600960 | EPS: 0.07 | Rew: 1.51 | Win%: 47.5 | S0: 426.4 | FPS: 1979.4 | Var: dqn
Step: 2601984 | EPS: 0.07 | Rew: 1.43 | Win%: 45.0 | S0: 411.9 | FPS: 1796.9 | Var: dqn
Step: 2603008 | EPS: 0.07 | Rew: 1.55 | Win%: 46.0 | S0: 423.6 | FPS: 2024.2 | Var: dqn
Step: 2604032 | EPS: 0.07 | Rew: 1.58 | Win%: 46.5 | S0: 425.9 | FPS: 1956.0 | Var: dqn
Step: 2605056 | EPS: 0.07 | Rew: 1.64 | Win%: 45.5 | S0: 420.6 | FPS: 2078.3 | Var: dqn
Step: 2606080 | EPS: 0.07 | Rew: 1.42 | Win%: 45.5 | S0: 401.2 | FPS: 2088.5 | Var: dqn
Step: 2607104 | EPS: 0.07 | Rew: 1.40 | Win%: 42.0 | S0: 385.6 | FPS: 1914.9 | Var: dqn
Step: 2608128 | EPS: 0.07 | Rew: 1.56 | Win%: 42.5 | S0: 389.1 | FPS: 1673.3 | Var: dqn
Step: 2609152 | EPS: 0.07 | Rew: 1.39 | Win%: 42.5 | S0: 393.3 | FPS: 1877.6 | Var: dqn
Step: 2610176 | EPS: 0.07 | Rew: 1.37 | Win%: 43.5 | S0: 384.2 | FPS: 1692.8 | Var: dqn
Step: 2611200 | EPS: 0.07 | Rew: 1.30 | Win%: 44.0 | S0: 385.2 | FPS: 2018.7 | Var: dqn
Step: 2612224 | EPS: 0.07 | Rew: 1.34 | Win%: 41.5 | S0: 374.9 | FPS: 2154.7 | Var: dqn
Step: 2613248 | EPS: 0.07 | Rew: 1.42 | Win%: 41.0 | S0: 376.4 | FPS: 2005.0 | Var: dqn
Step: 2614272 | EPS: 0.07 | Rew: 1.46 | Win%: 41.0 | S0: 377.5 | FPS: 2005.3 | Var: dqn
Step: 2615296 | EPS: 0.07 | Rew: 1.40 | Win%: 42.0 | S0: 382.6 | FPS: 2038.2 | Var: dqn
Step: 2616320 | EPS: 0.07 | Rew: 1.55 | Win%: 43.0 | S0: 371.9 | FPS: 1942.7 | Var: dqn
Step: 2617344 | EPS: 0.07 | Rew: 1.46 | Win%: 43.0 | S0: 371.4 | FPS: 1826.7 | Var: dqn
Step: 2618368 | EPS: 0.07 | Rew: 1.71 | Win%: 43.5 | S0: 395.6 | FPS: 2073.5 | Var: dqn
Step: 2619392 | EPS: 0.07 | Rew: 1.64 | Win%: 46.0 | S0: 405.6 | FPS: 1779.1 | Var: dqn
Step: 2620416 | EPS: 0.07 | Rew: 1.72 | Win%: 45.5 | S0: 391.9 | FPS: 1986.8 | Var: dqn
Step: 2621440 | EPS: 0.07 | Rew: 1.59 | Win%: 45.0 | S0: 385.0 | FPS: 1973.4 | Var: dqn
Step: 2622464 | EPS: 0.07 | Rew: 1.63 | Win%: 46.5 | S0: 397.6 | FPS: 2038.9 | Var: dqn
Step: 2623488 | EPS: 0.07 | Rew: 1.71 | Win%: 46.5 | S0: 394.4 | FPS: 1968.5 | Var: dqn
Step: 2624512 | EPS: 0.07 | Rew: 1.81 | Win%: 51.0 | S0: 419.7 | FPS: 1964.1 | Var: dqn
Step: 2625536 | EPS: 0.07 | Rew: 1.74 | Win%: 52.0 | S0: 413.1 | FPS: 1969.9 | Var: dqn
Step: 2626560 | EPS: 0.06 | Rew: 1.81 | Win%: 51.5 | S0: 410.4 | FPS: 1891.5 | Var: dqn
Step: 2627584 | EPS: 0.06 | Rew: 1.76 | Win%: 51.5 | S0: 410.9 | FPS: 1652.9 | Var: dqn
Step: 2628608 | EPS: 0.06 | Rew: 1.91 | Win%: 49.5 | S0: 413.9 | FPS: 2004.4 | Var: dqn
Step: 2629632 | EPS: 0.06 | Rew: 1.88 | Win%: 50.5 | S0: 417.1 | FPS: 2054.7 | Var: dqn
Step: 2630656 | EPS: 0.06 | Rew: 1.72 | Win%: 49.5 | S0: 407.4 | FPS: 1598.8 | Var: dqn
Step: 2631680 | EPS: 0.06 | Rew: 1.69 | Win%: 49.0 | S0: 401.9 | FPS: 1872.8 | Var: dqn
Step: 2632704 | EPS: 0.06 | Rew: 1.64 | Win%: 49.0 | S0: 406.7 | FPS: 1956.9 | Var: dqn
Step: 2633728 | EPS: 0.06 | Rew: 1.64 | Win%: 48.5 | S0: 403.2 | FPS: 1793.1 | Var: dqn
Step: 2634752 | EPS: 0.06 | Rew: 1.59 | Win%: 50.0 | S0: 406.2 | FPS: 1807.9 | Var: dqn
Step: 2635776 | EPS: 0.06 | Rew: 1.65 | Win%: 50.0 | S0: 403.7 | FPS: 1955.1 | Var: dqn
Step: 2636800 | EPS: 0.06 | Rew: 1.69 | Win%: 50.0 | S0: 407.9 | FPS: 1745.8 | Var: dqn
Step: 2637824 | EPS: 0.06 | Rew: 1.73 | Win%: 48.0 | S0: 396.6 | FPS: 2124.6 | Var: dqn
Step: 2638848 | EPS: 0.06 | Rew: 1.80 | Win%: 47.5 | S0: 397.4 | FPS: 1939.6 | Var: dqn
Step: 2639872 | EPS: 0.06 | Rew: 1.76 | Win%: 47.5 | S0: 403.0 | FPS: 1860.0 | Var: dqn
Step: 2640896 | EPS: 0.06 | Rew: 1.99 | Win%: 50.0 | S0: 407.6 | FPS: 1938.2 | Var: dqn
Step: 2641920 | EPS: 0.06 | Rew: 2.08 | Win%: 49.5 | S0: 412.0 | FPS: 1983.6 | Var: dqn
Step: 2642944 | EPS: 0.06 | Rew: 1.93 | Win%: 49.0 | S0: 411.1 | FPS: 2317.2 | Var: dqn
Step: 2643968 | EPS: 0.06 | Rew: 1.95 | Win%: 50.0 | S0: 407.1 | FPS: 1714.6 | Var: dqn
Step: 2644992 | EPS: 0.06 | Rew: 1.96 | Win%: 51.0 | S0: 408.3 | FPS: 1884.7 | Var: dqn
Step: 2646016 | EPS: 0.06 | Rew: 1.91 | Win%: 52.0 | S0: 410.9 | FPS: 1948.6 | Var: dqn
Step: 2647040 | EPS: 0.06 | Rew: 1.96 | Win%: 52.0 | S0: 415.6 | FPS: 1944.8 | Var: dqn
Step: 2648064 | EPS: 0.06 | Rew: 1.78 | Win%: 51.0 | S0: 416.1 | FPS: 1744.8 | Var: dqn
Step: 2649088 | EPS: 0.06 | Rew: 1.62 | Win%: 50.0 | S0: 408.1 | FPS: 1739.8 | Var: dqn
Step: 2650112 | EPS: 0.06 | Rew: 1.68 | Win%: 49.5 | S0: 416.9 | FPS: 2010.7 | Var: dqn
Step: 2651136 | EPS: 0.06 | Rew: 1.77 | Win%: 49.5 | S0: 414.8 | FPS: 1857.1 | Var: dqn
Step: 2652160 | EPS: 0.06 | Rew: 1.72 | Win%: 49.5 | S0: 415.2 | FPS: 1970.5 | Var: dqn
Step: 2653184 | EPS: 0.06 | Rew: 1.66 | Win%: 49.5 | S0: 412.9 | FPS: 1952.2 | Var: dqn
Step: 2654208 | EPS: 0.06 | Rew: 1.61 | Win%: 49.0 | S0: 412.1 | FPS: 2020.9 | Var: dqn
Step: 2655232 | EPS: 0.06 | Rew: 1.54 | Win%: 46.0 | S0: 392.9 | FPS: 1962.8 | Var: dqn
Step: 2656256 | EPS: 0.06 | Rew: 1.56 | Win%: 45.0 | S0: 386.2 | FPS: 1846.3 | Var: dqn
Step: 2657280 | EPS: 0.06 | Rew: 1.89 | Win%: 48.5 | S0: 413.4 | FPS: 1997.2 | Var: dqn
Step: 2658304 | EPS: 0.06 | Rew: 1.84 | Win%: 49.0 | S0: 419.1 | FPS: 1634.2 | Var: dqn
Step: 2659328 | EPS: 0.06 | Rew: 2.01 | Win%: 48.0 | S0: 421.4 | FPS: 1910.3 | Var: dqn
Step: 2660352 | EPS: 0.06 | Rew: 2.13 | Win%: 48.0 | S0: 434.2 | FPS: 1693.2 | Var: dqn
Step: 2661376 | EPS: 0.06 | Rew: 2.24 | Win%: 48.0 | S0: 425.4 | FPS: 1935.2 | Var: dqn
Step: 2662400 | EPS: 0.06 | Rew: 2.29 | Win%: 48.5 | S0: 422.9 | FPS: 2046.0 | Var: dqn
Step: 2663424 | EPS: 0.06 | Rew: 2.28 | Win%: 49.0 | S0: 428.1 | FPS: 1861.6 | Var: dqn
Step: 2664448 | EPS: 0.06 | Rew: 2.02 | Win%: 49.0 | S0: 427.3 | FPS: 1609.7 | Var: dqn
Step: 2665472 | EPS: 0.06 | Rew: 1.93 | Win%: 48.5 | S0: 435.6 | FPS: 1773.8 | Var: dqn
Step: 2666496 | EPS: 0.06 | Rew: 1.73 | Win%: 47.0 | S0: 428.9 | FPS: 2026.8 | Var: dqn
Step: 2667520 | EPS: 0.06 | Rew: 1.81 | Win%: 50.0 | S0: 431.9 | FPS: 1992.2 | Var: dqn
Step: 2668544 | EPS: 0.06 | Rew: 1.82 | Win%: 51.0 | S0: 440.8 | FPS: 1968.0 | Var: dqn
Step: 2669568 | EPS: 0.06 | Rew: 1.88 | Win%: 52.0 | S0: 445.5 | FPS: 2168.8 | Var: dqn
>>> [Best] Saved -> agent/checkpoints/dqn_battle.pth | Win% 52.0 | S0 445.5
Step: 2670592 | EPS: 0.06 | Rew: 1.76 | Win%: 51.5 | S0: 421.6 | FPS: 1972.4 | Var: dqn
Step: 2671616 | EPS: 0.06 | Rew: 1.60 | Win%: 48.0 | S0: 400.2 | FPS: 1880.0 | Var: dqn
Step: 2672640 | EPS: 0.06 | Rew: 1.58 | Win%: 47.0 | S0: 390.4 | FPS: 2030.9 | Var: dqn
Step: 2673664 | EPS: 0.06 | Rew: 1.52 | Win%: 47.5 | S0: 398.2 | FPS: 1905.3 | Var: dqn
Step: 2674688 | EPS: 0.06 | Rew: 1.70 | Win%: 48.5 | S0: 405.9 | FPS: 1996.1 | Var: dqn
Step: 2675712 | EPS: 0.05 | Rew: 1.66 | Win%: 49.5 | S0: 412.7 | FPS: 1973.7 | Var: dqn
Step: 2676736 | EPS: 0.05 | Rew: 1.74 | Win%: 49.5 | S0: 417.6 | FPS: 2033.9 | Var: dqn
Step: 2677760 | EPS: 0.05 | Rew: 1.80 | Win%: 49.0 | S0: 416.4 | FPS: 2028.9 | Var: dqn
Step: 2678784 | EPS: 0.05 | Rew: 1.91 | Win%: 50.0 | S0: 415.6 | FPS: 1884.7 | Var: dqn
Step: 2679808 | EPS: 0.05 | Rew: 1.87 | Win%: 49.0 | S0: 413.4 | FPS: 1941.0 | Var: dqn
Step: 2680832 | EPS: 0.05 | Rew: 1.82 | Win%: 47.0 | S0: 419.8 | FPS: 1897.1 | Var: dqn
Step: 2681856 | EPS: 0.05 | Rew: 1.69 | Win%: 45.5 | S0: 417.3 | FPS: 2387.2 | Var: dqn
Step: 2682880 | EPS: 0.05 | Rew: 1.54 | Win%: 44.0 | S0: 417.9 | FPS: 2168.7 | Var: dqn
Step: 2683904 | EPS: 0.05 | Rew: 1.46 | Win%: 43.0 | S0: 426.9 | FPS: 1827.0 | Var: dqn
Step: 2684928 | EPS: 0.05 | Rew: 1.51 | Win%: 43.0 | S0: 428.9 | FPS: 2003.4 | Var: dqn
Step: 2685952 | EPS: 0.05 | Rew: 1.56 | Win%: 44.0 | S0: 431.8 | FPS: 2159.9 | Var: dqn
Step: 2686976 | EPS: 0.05 | Rew: 1.54 | Win%: 45.0 | S0: 434.6 | FPS: 2045.7 | Var: dqn
Step: 2688000 | EPS: 0.05 | Rew: 1.48 | Win%: 42.5 | S0: 416.1 | FPS: 2237.5 | Var: dqn
Step: 2689024 | EPS: 0.05 | Rew: 1.44 | Win%: 41.0 | S0: 413.1 | FPS: 1825.1 | Var: dqn
Step: 2690048 | EPS: 0.05 | Rew: 1.63 | Win%: 42.0 | S0: 411.9 | FPS: 2170.3 | Var: dqn
Step: 2691072 | EPS: 0.05 | Rew: 1.73 | Win%: 43.0 | S0: 410.2 | FPS: 1717.3 | Var: dqn
Step: 2692096 | EPS: 0.05 | Rew: 1.57 | Win%: 42.0 | S0: 398.4 | FPS: 1918.4 | Var: dqn
Step: 2693120 | EPS: 0.05 | Rew: 1.55 | Win%: 43.0 | S0: 390.9 | FPS: 1906.2 | Var: dqn
Step: 2694144 | EPS: 0.05 | Rew: 1.68 | Win%: 44.0 | S0: 400.9 | FPS: 2047.7 | Var: dqn
Step: 2695168 | EPS: 0.05 | Rew: 1.64 | Win%: 44.5 | S0: 386.4 | FPS: 1949.9 | Var: dqn
Step: 2696192 | EPS: 0.05 | Rew: 1.52 | Win%: 44.5 | S0: 383.2 | FPS: 2161.3 | Var: dqn
Step: 2697216 | EPS: 0.05 | Rew: 1.43 | Win%: 45.0 | S0: 378.7 | FPS: 1702.8 | Var: dqn
Step: 2698240 | EPS: 0.05 | Rew: 1.44 | Win%: 45.0 | S0: 370.4 | FPS: 2076.1 | Var: dqn
Step: 2699264 | EPS: 0.05 | Rew: 1.32 | Win%: 44.0 | S0: 359.1 | FPS: 1897.3 | Var: dqn
Step: 2700288 | EPS: 0.05 | Rew: 1.31 | Win%: 45.5 | S0: 378.2 | FPS: 2317.2 | Var: dqn
Step: 2701312 | EPS: 0.05 | Rew: 1.24 | Win%: 45.5 | S0: 375.1 | FPS: 2289.9 | Var: dqn
Step: 2702336 | EPS: 0.05 | Rew: 1.28 | Win%: 44.5 | S0: 355.9 | FPS: 1985.2 | Var: dqn
Step: 2703360 | EPS: 0.05 | Rew: 1.46 | Win%: 46.0 | S0: 367.1 | FPS: 1947.7 | Var: dqn
Step: 2704384 | EPS: 0.05 | Rew: 1.61 | Win%: 48.5 | S0: 388.9 | FPS: 1929.1 | Var: dqn
Step: 2705408 | EPS: 0.05 | Rew: 1.66 | Win%: 46.5 | S0: 386.3 | FPS: 1757.6 | Var: dqn
Step: 2706432 | EPS: 0.05 | Rew: 1.61 | Win%: 46.0 | S0: 377.4 | FPS: 1867.3 | Var: dqn
Step: 2707456 | EPS: 0.05 | Rew: 1.53 | Win%: 43.5 | S0: 368.5 | FPS: 1928.7 | Var: dqn
Step: 2708480 | EPS: 0.05 | Rew: 1.50 | Win%: 46.0 | S0: 374.4 | FPS: 1888.1 | Var: dqn
Step: 2709504 | EPS: 0.05 | Rew: 1.49 | Win%: 45.5 | S0: 375.1 | FPS: 2166.1 | Var: dqn
Step: 2710528 | EPS: 0.05 | Rew: 1.42 | Win%: 47.0 | S0: 386.8 | FPS: 1970.2 | Var: dqn
Step: 2711552 | EPS: 0.05 | Rew: 1.56 | Win%: 47.5 | S0: 397.5 | FPS: 1891.6 | Var: dqn
Step: 2712576 | EPS: 0.05 | Rew: 1.46 | Win%: 46.5 | S0: 396.9 | FPS: 1883.0 | Var: dqn
Step: 2713600 | EPS: 0.05 | Rew: 1.45 | Win%: 46.5 | S0: 381.4 | FPS: 1954.0 | Var: dqn
Step: 2714624 | EPS: 0.05 | Rew: 1.61 | Win%: 47.0 | S0: 385.6 | FPS: 2243.1 | Var: dqn
Step: 2715648 | EPS: 0.05 | Rew: 1.54 | Win%: 46.0 | S0: 384.1 | FPS: 2041.9 | Var: dqn
Step: 2716672 | EPS: 0.05 | Rew: 1.48 | Win%: 42.0 | S0: 363.6 | FPS: 1928.3 | Var: dqn
Step: 2717696 | EPS: 0.05 | Rew: 1.28 | Win%: 42.0 | S0: 363.7 | FPS: 1909.1 | Var: dqn
Step: 2718720 | EPS: 0.05 | Rew: 1.49 | Win%: 44.0 | S0: 380.5 | FPS: 1724.2 | Var: dqn
Step: 2719744 | EPS: 0.05 | Rew: 1.50 | Win%: 46.0 | S0: 396.4 | FPS: 1882.8 | Var: dqn
Step: 2720768 | EPS: 0.05 | Rew: 1.53 | Win%: 45.0 | S0: 404.1 | FPS: 1969.1 | Var: dqn
Step: 2721792 | EPS: 0.05 | Rew: 1.74 | Win%: 47.5 | S0: 426.1 | FPS: 2183.2 | Var: dqn
Step: 2722816 | EPS: 0.05 | Rew: 1.88 | Win%: 47.5 | S0: 431.9 | FPS: 1747.7 | Var: dqn
Step: 2723840 | EPS: 0.05 | Rew: 1.85 | Win%: 46.0 | S0: 436.2 | FPS: 2001.6 | Var: dqn
Step: 2724864 | EPS: 0.05 | Rew: 1.75 | Win%: 46.5 | S0: 444.2 | FPS: 1955.4 | Var: dqn
Step: 2725888 | EPS: 0.05 | Rew: 1.85 | Win%: 46.5 | S0: 451.4 | FPS: 2191.6 | Var: dqn
>>> [Best] Saved -> agent/checkpoints/dqn_battle.pth | Win% 46.5 | S0 451.4
Step: 2726912 | EPS: 0.05 | Rew: 1.82 | Win%: 47.5 | S0: 447.7 | FPS: 1824.9 | Var: dqn
Step: 2727936 | EPS: 0.05 | Rew: 1.59 | Win%: 46.5 | S0: 448.9 | FPS: 2031.1 | Var: dqn
Step: 2728960 | EPS: 0.05 | Rew: 1.62 | Win%: 49.0 | S0: 463.4 | FPS: 1817.1 | Var: dqn
>>> [Best] Saved -> agent/checkpoints/dqn_battle.pth | Win% 49.0 | S0 463.4
Step: 2729984 | EPS: 0.05 | Rew: 1.52 | Win%: 48.5 | S0: 453.4 | FPS: 1899.5 | Var: dqn
Step: 2731008 | EPS: 0.05 | Rew: 1.45 | Win%: 47.0 | S0: 454.7 | FPS: 1698.5 | Var: dqn
Step: 2732032 | EPS: 0.05 | Rew: 1.50 | Win%: 47.5 | S0: 450.4 | FPS: 1830.3 | Var: dqn
Step: 2733056 | EPS: 0.05 | Rew: 1.42 | Win%: 47.0 | S0: 445.4 | FPS: 2000.9 | Var: dqn
Step: 2734080 | EPS: 0.05 | Rew: 1.56 | Win%: 47.5 | S0: 435.2 | FPS: 2110.2 | Var: dqn
Step: 2735104 | EPS: 0.05 | Rew: 1.56 | Win%: 46.0 | S0: 426.9 | FPS: 1949.5 | Var: dqn
Step: 2736128 | EPS: 0.05 | Rew: 1.69 | Win%: 45.5 | S0: 423.6 | FPS: 2141.4 | Var: dqn
Step: 2737152 | EPS: 0.05 | Rew: 1.72 | Win%: 46.0 | S0: 414.9 | FPS: 2106.6 | Var: dqn
Step: 2738176 | EPS: 0.05 | Rew: 1.75 | Win%: 45.0 | S0: 411.9 | FPS: 2067.7 | Var: dqn
Step: 2739200 | EPS: 0.05 | Rew: 1.66 | Win%: 44.0 | S0: 410.0 | FPS: 2051.3 | Var: dqn
Step: 2740224 | EPS: 0.05 | Rew: 1.65 | Win%: 43.0 | S0: 395.6 | FPS: 1815.0 | Var: dqn
Step: 2741248 | EPS: 0.05 | Rew: 1.68 | Win%: 45.0 | S0: 415.4 | FPS: 2231.3 | Var: dqn
Step: 2742272 | EPS: 0.05 | Rew: 1.70 | Win%: 45.5 | S0: 423.2 | FPS: 2011.4 | Var: dqn
Step: 2743296 | EPS: 0.05 | Rew: 1.79 | Win%: 45.0 | S0: 429.3 | FPS: 2049.6 | Var: dqn
Step: 2744320 | EPS: 0.05 | Rew: 1.74 | Win%: 46.5 | S0: 426.5 | FPS: 2139.4 | Var: dqn
Step: 2745344 | EPS: 0.05 | Rew: 1.71 | Win%: 47.0 | S0: 426.6 | FPS: 2056.4 | Var: dqn
Step: 2746368 | EPS: 0.05 | Rew: 1.70 | Win%: 44.0 | S0: 427.1 | FPS: 2149.8 | Var: dqn
Step: 2747392 | EPS: 0.05 | Rew: 1.63 | Win%: 42.5 | S0: 417.5 | FPS: 2074.8 | Var: dqn
Step: 2748416 | EPS: 0.05 | Rew: 1.61 | Win%: 42.5 | S0: 417.9 | FPS: 2089.8 | Var: dqn
Step: 2749440 | EPS: 0.05 | Rew: 1.61 | Win%: 42.0 | S0: 417.1 | FPS: 1964.1 | Var: dqn
Step: 2750464 | EPS: 0.05 | Rew: 1.42 | Win%: 41.5 | S0: 412.9 | FPS: 1903.6 | Var: dqn
Step: 2751488 | EPS: 0.05 | Rew: 1.48 | Win%: 42.5 | S0: 424.9 | FPS: 1838.1 | Var: dqn
Step: 2752512 | EPS: 0.05 | Rew: 1.62 | Win%: 42.5 | S0: 416.5 | FPS: 1901.1 | Var: dqn
Step: 2753536 | EPS: 0.05 | Rew: 1.58 | Win%: 41.5 | S0: 416.4 | FPS: 1820.7 | Var: dqn
Step: 2754560 | EPS: 0.05 | Rew: 1.93 | Win%: 42.5 | S0: 435.4 | FPS: 1967.9 | Var: dqn
Step: 2755584 | EPS: 0.05 | Rew: 1.95 | Win%: 43.0 | S0: 436.8 | FPS: 1913.1 | Var: dqn
Step: 2756608 | EPS: 0.05 | Rew: 2.09 | Win%: 46.0 | S0: 449.9 | FPS: 1825.5 | Var: dqn
Step: 2757632 | EPS: 0.05 | Rew: 2.07 | Win%: 44.5 | S0: 435.4 | FPS: 1870.8 | Var: dqn
Step: 2758656 | EPS: 0.05 | Rew: 2.01 | Win%: 43.5 | S0: 436.6 | FPS: 1984.1 | Var: dqn
Step: 2759680 | EPS: 0.05 | Rew: 2.03 | Win%: 47.0 | S0: 439.8 | FPS: 1847.0 | Var: dqn
Step: 2760704 | EPS: 0.05 | Rew: 1.79 | Win%: 47.5 | S0: 431.6 | FPS: 1679.5 | Var: dqn
Step: 2761728 | EPS: 0.05 | Rew: 1.76 | Win%: 47.0 | S0: 436.6 | FPS: 1964.3 | Var: dqn
Step: 2762752 | EPS: 0.05 | Rew: 1.77 | Win%: 48.5 | S0: 443.6 | FPS: 2084.7 | Var: dqn
Step: 2763776 | EPS: 0.05 | Rew: 1.70 | Win%: 49.5 | S0: 449.4 | FPS: 1759.5 | Var: dqn
Step: 2764800 | EPS: 0.05 | Rew: 1.59 | Win%: 47.0 | S0: 442.2 | FPS: 1887.9 | Var: dqn
Step: 2765824 | EPS: 0.05 | Rew: 1.72 | Win%: 48.5 | S0: 437.9 | FPS: 1919.7 | Var: dqn
Step: 2766848 | EPS: 0.05 | Rew: 1.79 | Win%: 48.0 | S0: 433.4 | FPS: 2080.7 | Var: dqn
Step: 2767872 | EPS: 0.05 | Rew: 1.97 | Win%: 48.5 | S0: 434.7 | FPS: 1883.2 | Var: dqn
Step: 2768896 | EPS: 0.05 | Rew: 1.99 | Win%: 49.5 | S0: 429.6 | FPS: 1786.2 | Var: dqn
Step: 2769920 | EPS: 0.05 | Rew: 1.90 | Win%: 49.0 | S0: 421.1 | FPS: 2046.9 | Var: dqn
Step: 2770944 | EPS: 0.05 | Rew: 2.08 | Win%: 50.5 | S0: 425.6 | FPS: 2058.5 | Var: dqn
Step: 2771968 | EPS: 0.05 | Rew: 1.97 | Win%: 51.5 | S0: 424.4 | FPS: 2046.4 | Var: dqn
Step: 2772992 | EPS: 0.05 | Rew: 1.85 | Win%: 50.0 | S0: 413.6 | FPS: 1663.4 | Var: dqn
Step: 2774016 | EPS: 0.05 | Rew: 2.04 | Win%: 51.0 | S0: 425.9 | FPS: 1873.9 | Var: dqn
Step: 2775040 | EPS: 0.05 | Rew: 1.90 | Win%: 53.0 | S0: 441.4 | FPS: 2132.5 | Var: dqn
Step: 2776064 | EPS: 0.05 | Rew: 2.07 | Win%: 53.5 | S0: 454.7 | FPS: 1834.5 | Var: dqn
Step: 2777088 | EPS: 0.05 | Rew: 2.06 | Win%: 54.5 | S0: 450.4 | FPS: 1892.0 | Var: dqn
Step: 2778112 | EPS: 0.05 | Rew: 2.03 | Win%: 57.0 | S0: 458.1 | FPS: 1848.9 | Var: dqn
Step: 2779136 | EPS: 0.05 | Rew: 2.07 | Win%: 57.0 | S0: 454.3 | FPS: 1956.4 | Var: dqn
Step: 2780160 | EPS: 0.05 | Rew: 2.06 | Win%: 57.5 | S0: 462.8 | FPS: 1920.2 | Var: dqn
>>> [Best] Saved -> agent/checkpoints/dqn_battle.pth | Win% 57.5 | S0 462.8
Step: 2781184 | EPS: 0.05 | Rew: 1.77 | Win%: 55.5 | S0: 444.2 | FPS: 2007.3 | Var: dqn
Step: 2782208 | EPS: 0.05 | Rew: 1.60 | Win%: 54.0 | S0: 435.4 | FPS: 1956.3 | Var: dqn
Step: 2783232 | EPS: 0.05 | Rew: 1.68 | Win%: 53.0 | S0: 426.7 | FPS: 1700.9 | Var: dqn
Step: 2784256 | EPS: 0.05 | Rew: 1.45 | Win%: 52.0 | S0: 429.1 | FPS: 1964.7 | Var: dqn
Step: 2785280 | EPS: 0.05 | Rew: 1.54 | Win%: 51.5 | S0: 428.8 | FPS: 2215.6 | Var: dqn
Step: 2786304 | EPS: 0.05 | Rew: 1.59 | Win%: 50.5 | S0: 416.2 | FPS: 1719.5 | Var: dqn
Step: 2787328 | EPS: 0.05 | Rew: 1.61 | Win%: 49.5 | S0: 411.4 | FPS: 2022.1 | Var: dqn
Step: 2788352 | EPS: 0.05 | Rew: 1.51 | Win%: 45.5 | S0: 384.3 | FPS: 1823.2 | Var: dqn
Step: 2789376 | EPS: 0.05 | Rew: 1.53 | Win%: 46.5 | S0: 396.0 | FPS: 1965.0 | Var: dqn
Step: 2790400 | EPS: 0.05 | Rew: 1.54 | Win%: 44.5 | S0: 383.2 | FPS: 1898.1 | Var: dqn
Step: 2791424 | EPS: 0.05 | Rew: 1.49 | Win%: 43.5 | S0: 385.4 | FPS: 1891.4 | Var: dqn
Step: 2792448 | EPS: 0.05 | Rew: 1.43 | Win%: 44.5 | S0: 384.7 | FPS: 1968.8 | Var: dqn
Step: 2793472 | EPS: 0.05 | Rew: 1.37 | Win%: 43.5 | S0: 380.6 | FPS: 1868.9 | Var: dqn
Step: 2794496 | EPS: 0.05 | Rew: 1.52 | Win%: 43.5 | S0: 380.7 | FPS: 1976.5 | Var: dqn
Step: 2795520 | EPS: 0.05 | Rew: 1.66 | Win%: 45.5 | S0: 402.8 | FPS: 1970.0 | Var: dqn
Step: 2796544 | EPS: 0.05 | Rew: 1.61 | Win%: 42.5 | S0: 391.2 | FPS: 1903.2 | Var: dqn
Step: 2797568 | EPS: 0.05 | Rew: 1.73 | Win%: 43.5 | S0: 398.9 | FPS: 1747.9 | Var: dqn
Step: 2798592 | EPS: 0.05 | Rew: 1.91 | Win%: 43.0 | S0: 405.6 | FPS: 1709.1 | Var: dqn
Step: 2799616 | EPS: 0.05 | Rew: 1.91 | Win%: 43.5 | S0: 396.8 | FPS: 2032.5 | Var: dqn
Step: 2800640 | EPS: 0.05 | Rew: 1.95 | Win%: 45.5 | S0: 407.8 | FPS: 2188.9 | Var: dqn
Step: 2801664 | EPS: 0.05 | Rew: 1.74 | Win%: 44.5 | S0: 398.0 | FPS: 1870.3 | Var: dqn
Step: 2802688 | EPS: 0.05 | Rew: 1.79 | Win%: 45.0 | S0: 402.4 | FPS: 1726.3 | Var: dqn
Step: 2803712 | EPS: 0.05 | Rew: 1.76 | Win%: 46.0 | S0: 407.3 | FPS: 1792.7 | Var: dqn
Step: 2804736 | EPS: 0.05 | Rew: 1.69 | Win%: 46.0 | S0: 410.3 | FPS: 1936.7 | Var: dqn
Step: 2805760 | EPS: 0.05 | Rew: 1.85 | Win%: 48.5 | S0: 432.2 | FPS: 1930.6 | Var: dqn
Step: 2806784 | EPS: 0.05 | Rew: 1.86 | Win%: 48.0 | S0: 428.8 | FPS: 1674.0 | Var: dqn
Step: 2807808 | EPS: 0.05 | Rew: 1.86 | Win%: 48.5 | S0: 431.4 | FPS: 1793.2 | Var: dqn
Step: 2808832 | EPS: 0.05 | Rew: 1.83 | Win%: 46.5 | S0: 413.4 | FPS: 2200.6 | Var: dqn
Step: 2809856 | EPS: 0.05 | Rew: 1.84 | Win%: 47.5 | S0: 425.4 | FPS: 2191.0 | Var: dqn
Step: 2810880 | EPS: 0.05 | Rew: 2.04 | Win%: 49.0 | S0: 436.9 | FPS: 1882.8 | Var: dqn
Step: 2811904 | EPS: 0.05 | Rew: 1.99 | Win%: 47.5 | S0: 427.5 | FPS: 1837.7 | Var: dqn
Step: 2812928 | EPS: 0.05 | Rew: 1.88 | Win%: 47.0 | S0: 415.4 | FPS: 1713.6 | Var: dqn
Step: 2813952 | EPS: 0.05 | Rew: 1.84 | Win%: 46.0 | S0: 420.0 | FPS: 1892.1 | Var: dqn
Step: 2814976 | EPS: 0.05 | Rew: 2.05 | Win%: 48.5 | S0: 429.6 | FPS: 2008.3 | Var: dqn
Step: 2816000 | EPS: 0.05 | Rew: 2.08 | Win%: 48.5 | S0: 431.8 | FPS: 1964.3 | Var: dqn
Step: 2817024 | EPS: 0.05 | Rew: 2.15 | Win%: 48.5 | S0: 437.9 | FPS: 2010.1 | Var: dqn
Step: 2818048 | EPS: 0.05 | Rew: 2.30 | Win%: 48.5 | S0: 443.1 | FPS: 2074.2 | Var: dqn
Step: 2819072 | EPS: 0.05 | Rew: 2.21 | Win%: 48.0 | S0: 445.8 | FPS: 1875.9 | Var: dqn
Step: 2820096 | EPS: 0.05 | Rew: 2.14 | Win%: 48.5 | S0: 451.1 | FPS: 1989.5 | Var: dqn
Step: 2821120 | EPS: 0.05 | Rew: 2.10 | Win%: 47.5 | S0: 457.3 | FPS: 1848.9 | Var: dqn
Step: 2822144 | EPS: 0.05 | Rew: 2.35 | Win%: 48.5 | S0: 470.6 | FPS: 1818.9 | Var: dqn
>>> [Best] Saved -> agent/checkpoints/dqn_battle.pth | Win% 48.5 | S0 470.6
Step: 2823168 | EPS: 0.05 | Rew: 2.43 | Win%: 46.0 | S0: 458.8 | FPS: 1974.6 | Var: dqn
Step: 2824192 | EPS: 0.05 | Rew: 2.40 | Win%: 45.5 | S0: 465.6 | FPS: 2084.3 | Var: dqn
Step: 2825216 | EPS: 0.05 | Rew: 2.22 | Win%: 45.0 | S0: 466.1 | FPS: 1998.7 | Var: dqn
Step: 2826240 | EPS: 0.05 | Rew: 2.17 | Win%: 46.0 | S0: 466.1 | FPS: 1786.0 | Var: dqn
Step: 2827264 | EPS: 0.05 | Rew: 2.23 | Win%: 47.0 | S0: 471.6 | FPS: 1926.1 | Var: dqn
Step: 2828288 | EPS: 0.05 | Rew: 2.40 | Win%: 47.5 | S0: 467.8 | FPS: 1940.6 | Var: dqn
Step: 2829312 | EPS: 0.05 | Rew: 2.27 | Win%: 48.5 | S0: 460.1 | FPS: 1901.8 | Var: dqn
Step: 2830336 | EPS: 0.05 | Rew: 2.14 | Win%: 49.5 | S0: 472.9 | FPS: 2014.8 | Var: dqn
Step: 2831360 | EPS: 0.05 | Rew: 2.23 | Win%: 51.5 | S0: 483.1 | FPS: 1961.1 | Var: dqn
>>> [Best] Saved -> agent/checkpoints/dqn_battle.pth | Win% 51.5 | S0 483.1
Step: 2832384 | EPS: 0.05 | Rew: 2.14 | Win%: 50.0 | S0: 474.3 | FPS: 1753.2 | Var: dqn
Step: 2833408 | EPS: 0.05 | Rew: 1.98 | Win%: 47.5 | S0: 452.8 | FPS: 1897.6 | Var: dqn
Step: 2834432 | EPS: 0.05 | Rew: 2.07 | Win%: 49.0 | S0: 458.7 | FPS: 1787.6 | Var: dqn
Step: 2835456 | EPS: 0.05 | Rew: 2.07 | Win%: 48.5 | S0: 463.7 | FPS: 1845.1 | Var: dqn
Step: 2836480 | EPS: 0.05 | Rew: 2.23 | Win%: 47.0 | S0: 466.9 | FPS: 1668.4 | Var: dqn
Step: 2837504 | EPS: 0.05 | Rew: 2.24 | Win%: 48.5 | S0: 465.1 | FPS: 1972.9 | Var: dqn
Step: 2838528 | EPS: 0.05 | Rew: 2.28 | Win%: 50.5 | S0: 470.9 | FPS: 1686.4 | Var: dqn
Step: 2839552 | EPS: 0.05 | Rew: 2.46 | Win%: 52.5 | S0: 468.5 | FPS: 1793.1 | Var: dqn
Step: 2840576 | EPS: 0.05 | Rew: 2.36 | Win%: 52.5 | S0: 464.4 | FPS: 1914.7 | Var: dqn
Step: 2841600 | EPS: 0.05 | Rew: 2.47 | Win%: 54.0 | S0: 464.4 | FPS: 1933.4 | Var: dqn
Step: 2842624 | EPS: 0.05 | Rew: 2.34 | Win%: 51.5 | S0: 450.2 | FPS: 1823.7 | Var: dqn
Step: 2843648 | EPS: 0.05 | Rew: 1.99 | Win%: 50.0 | S0: 433.6 | FPS: 1757.0 | Var: dqn
Step: 2844672 | EPS: 0.05 | Rew: 2.01 | Win%: 50.0 | S0: 442.8 | FPS: 1938.6 | Var: dqn
Step: 2845696 | EPS: 0.05 | Rew: 1.92 | Win%: 50.5 | S0: 447.8 | FPS: 1800.6 | Var: dqn
Step: 2846720 | EPS: 0.05 | Rew: 1.87 | Win%: 50.0 | S0: 452.2 | FPS: 1733.2 | Var: dqn
Step: 2847744 | EPS: 0.05 | Rew: 1.92 | Win%: 50.5 | S0: 449.9 | FPS: 1836.0 | Var: dqn
Step: 2848768 | EPS: 0.05 | Rew: 1.98 | Win%: 53.0 | S0: 464.9 | FPS: 2022.2 | Var: dqn
Step: 2849792 | EPS: 0.05 | Rew: 1.96 | Win%: 51.5 | S0: 459.9 | FPS: 2178.3 | Var: dqn
Step: 2850816 | EPS: 0.05 | Rew: 1.97 | Win%: 51.5 | S0: 457.1 | FPS: 2136.7 | Var: dqn
Step: 2851840 | EPS: 0.05 | Rew: 2.21 | Win%: 53.0 | S0: 458.9 | FPS: 2110.0 | Var: dqn
Step: 2852864 | EPS: 0.05 | Rew: 2.09 | Win%: 52.5 | S0: 457.3 | FPS: 1991.9 | Var: dqn
Step: 2853888 | EPS: 0.05 | Rew: 2.09 | Win%: 50.5 | S0: 446.5 | FPS: 1897.5 | Var: dqn
Step: 2854912 | EPS: 0.05 | Rew: 2.09 | Win%: 49.5 | S0: 440.3 | FPS: 2211.8 | Var: dqn
Step: 2855936 | EPS: 0.05 | Rew: 2.28 | Win%: 49.5 | S0: 447.8 | FPS: 2245.1 | Var: dqn
Step: 2856960 | EPS: 0.05 | Rew: 2.48 | Win%: 52.5 | S0: 465.5 | FPS: 2649.8 | Var: dqn
Step: 2857984 | EPS: 0.05 | Rew: 2.45 | Win%: 53.5 | S0: 472.6 | FPS: 1958.6 | Var: dqn
Step: 2859008 | EPS: 0.05 | Rew: 2.57 | Win%: 53.0 | S0: 479.9 | FPS: 2220.0 | Var: dqn
>>> [Best] Saved -> agent/checkpoints/dqn_battle.pth | Win% 53.0 | S0 479.9
Step: 2860032 | EPS: 0.05 | Rew: 3.19 | Win%: 53.0 | S0: 510.8 | FPS: 2123.1 | Var: dqn
>>> [Best] Saved -> agent/checkpoints/dqn_battle.pth | Win% 53.0 | S0 510.8
Step: 2861056 | EPS: 0.05 | Rew: 3.17 | Win%: 53.0 | S0: 508.4 | FPS: 2252.1 | Var: dqn
Step: 2862080 | EPS: 0.05 | Rew: 3.17 | Win%: 53.5 | S0: 517.5 | FPS: 2123.5 | Var: dqn
>>> [Best] Saved -> agent/checkpoints/dqn_battle.pth | Win% 53.5 | S0 517.5
Step: 2863104 | EPS: 0.05 | Rew: 3.25 | Win%: 54.5 | S0: 527.8 | FPS: 2020.5 | Var: dqn
>>> [Best] Saved -> agent/checkpoints/dqn_battle.pth | Win% 54.5 | S0 527.8
Step: 2864128 | EPS: 0.05 | Rew: 3.29 | Win%: 55.0 | S0: 538.5 | FPS: 2228.8 | Var: dqn
>>> [Best] Saved -> agent/checkpoints/dqn_battle.pth | Win% 55.0 | S0 538.5
Step: 2865152 | EPS: 0.05 | Rew: 3.36 | Win%: 54.5 | S0: 533.2 | FPS: 2300.3 | Var: dqn
Step: 2866176 | EPS: 0.05 | Rew: 3.44 | Win%: 54.5 | S0: 536.5 | FPS: 1935.7 | Var: dqn
Step: 2867200 | EPS: 0.05 | Rew: 3.63 | Win%: 55.0 | S0: 545.6 | FPS: 2137.6 | Var: dqn
>>> [Best] Saved -> agent/checkpoints/dqn_battle.pth | Win% 55.0 | S0 545.6
Step: 2868224 | EPS: 0.05 | Rew: 3.53 | Win%: 55.0 | S0: 538.6 | FPS: 2127.0 | Var: dqn
Step: 2869248 | EPS: 0.05 | Rew: 3.45 | Win%: 55.0 | S0: 544.4 | FPS: 2336.8 | Var: dqn
Step: 2870272 | EPS: 0.05 | Rew: 3.47 | Win%: 55.0 | S0: 559.0 | FPS: 2404.0 | Var: dqn
>>> [Best] Saved -> agent/checkpoints/dqn_battle.pth | Win% 55.0 | S0 559.0
Step: 2871296 | EPS: 0.05 | Rew: 3.44 | Win%: 56.0 | S0: 563.8 | FPS: 2099.7 | Var: dqn
Step: 2872320 | EPS: 0.05 | Rew: 3.14 | Win%: 54.5 | S0: 555.0 | FPS: 1723.2 | Var: dqn
Step: 2873344 | EPS: 0.05 | Rew: 2.88 | Win%: 55.5 | S0: 565.5 | FPS: 2210.3 | Var: dqn
>>> [Best] Saved -> agent/checkpoints/dqn_battle.pth | Win% 55.5 | S0 565.5
Step: 2874368 | EPS: 0.05 | Rew: 2.97 | Win%: 56.0 | S0: 566.3 | FPS: 1927.3 | Var: dqn
Step: 2875392 | EPS: 0.05 | Rew: 2.91 | Win%: 56.5 | S0: 565.9 | FPS: 2159.8 | Var: dqn
Step: 2876416 | EPS: 0.05 | Rew: 2.89 | Win%: 56.0 | S0: 574.8 | FPS: 2261.6 | Var: dqn
>>> [Best] Saved -> agent/checkpoints/dqn_battle.pth | Win% 56.0 | S0 574.8
Step: 2877440 | EPS: 0.05 | Rew: 2.85 | Win%: 57.5 | S0: 583.0 | FPS: 3181.8 | Var: dqn
>>> [Best] Saved -> agent/checkpoints/dqn_battle.pth | Win% 57.5 | S0 583.0
Step: 2878464 | EPS: 0.05 | Rew: 2.82 | Win%: 57.5 | S0: 589.5 | FPS: 2651.7 | Var: dqn
>>> [Best] Saved -> agent/checkpoints/dqn_battle.pth | Win% 57.5 | S0 589.5
Step: 2879488 | EPS: 0.05 | Rew: 2.84 | Win%: 56.5 | S0: 569.7 | FPS: 2095.4 | Var: dqn
Step: 2880512 | EPS: 0.05 | Rew: 2.91 | Win%: 56.0 | S0: 575.5 | FPS: 2137.1 | Var: dqn
Step: 2881536 | EPS: 0.05 | Rew: 2.69 | Win%: 53.5 | S0: 559.1 | FPS: 2116.5 | Var: dqn
Step: 2882560 | EPS: 0.05 | Rew: 2.77 | Win%: 53.0 | S0: 555.6 | FPS: 2295.7 | Var: dqn
Step: 2883584 | EPS: 0.05 | Rew: 2.75 | Win%: 53.0 | S0: 545.0 | FPS: 2317.9 | Var: dqn
Step: 2884608 | EPS: 0.05 | Rew: 2.73 | Win%: 53.0 | S0: 532.2 | FPS: 2244.1 | Var: dqn
Step: 2885632 | EPS: 0.05 | Rew: 2.72 | Win%: 53.0 | S0: 532.8 | FPS: 1927.3 | Var: dqn
Step: 2886656 | EPS: 0.05 | Rew: 2.79 | Win%: 53.0 | S0: 528.1 | FPS: 2271.2 | Var: dqn
Step: 2887680 | EPS: 0.05 | Rew: 2.60 | Win%: 53.5 | S0: 521.1 | FPS: 2416.3 | Var: dqn
Step: 2888704 | EPS: 0.05 | Rew: 2.59 | Win%: 54.5 | S0: 528.8 | FPS: 2089.6 | Var: dqn
Step: 2889728 | EPS: 0.05 | Rew: 2.59 | Win%: 53.5 | S0: 517.9 | FPS: 2094.9 | Var: dqn
Step: 2890752 | EPS: 0.05 | Rew: 2.73 | Win%: 53.5 | S0: 524.0 | FPS: 1989.4 | Var: dqn
Step: 2891776 | EPS: 0.05 | Rew: 2.85 | Win%: 55.0 | S0: 531.3 | FPS: 2234.9 | Var: dqn
Step: 2892800 | EPS: 0.05 | Rew: 2.72 | Win%: 55.5 | S0: 519.1 | FPS: 2141.4 | Var: dqn
Step: 2893824 | EPS: 0.05 | Rew: 2.84 | Win%: 54.0 | S0: 515.2 | FPS: 2274.5 | Var: dqn
Step: 2894848 | EPS: 0.05 | Rew: 2.96 | Win%: 55.0 | S0: 531.5 | FPS: 2027.5 | Var: dqn
Step: 2895872 | EPS: 0.05 | Rew: 3.00 | Win%: 55.0 | S0: 527.9 | FPS: 2281.8 | Var: dqn
Step: 2896896 | EPS: 0.05 | Rew: 3.19 | Win%: 56.0 | S0: 541.6 | FPS: 2489.8 | Var: dqn
Step: 2897920 | EPS: 0.05 | Rew: 3.54 | Win%: 56.0 | S0: 556.2 | FPS: 2050.2 | Var: dqn
Step: 2898944 | EPS: 0.05 | Rew: 3.59 | Win%: 55.5 | S0: 559.8 | FPS: 2139.6 | Var: dqn
Step: 2899968 | EPS: 0.05 | Rew: 3.54 | Win%: 55.5 | S0: 546.1 | FPS: 2295.8 | Var: dqn
Step: 2900992 | EPS: 0.05 | Rew: 3.61 | Win%: 56.0 | S0: 552.2 | FPS: 2335.1 | Var: dqn
Step: 2902016 | EPS: 0.05 | Rew: 3.57 | Win%: 54.5 | S0: 547.5 | FPS: 2089.4 | Var: dqn
Step: 2903040 | EPS: 0.05 | Rew: 3.55 | Win%: 54.5 | S0: 548.6 | FPS: 2131.0 | Var: dqn
Step: 2904064 | EPS: 0.05 | Rew: 3.41 | Win%: 54.5 | S0: 548.5 | FPS: 1860.5 | Var: dqn
Step: 2905088 | EPS: 0.05 | Rew: 3.50 | Win%: 55.5 | S0: 562.4 | FPS: 2179.8 | Var: dqn
Step: 2906112 | EPS: 0.05 | Rew: 3.44 | Win%: 57.5 | S0: 569.3 | FPS: 1818.3 | Var: dqn
Step: 2907136 | EPS: 0.05 | Rew: 3.44 | Win%: 57.5 | S0: 571.5 | FPS: 2069.3 | Var: dqn
Step: 2908160 | EPS: 0.05 | Rew: 3.41 | Win%: 58.5 | S0: 578.0 | FPS: 2013.4 | Var: dqn
Step: 2909184 | EPS: 0.05 | Rew: 3.22 | Win%: 60.0 | S0: 580.9 | FPS: 2087.1 | Var: dqn
Step: 2910208 | EPS: 0.05 | Rew: 3.10 | Win%: 61.5 | S0: 594.0 | FPS: 1885.2 | Var: dqn
>>> [Best] Saved -> agent/checkpoints/dqn_battle.pth | Win% 61.5 | S0 594.0
Step: 2911232 | EPS: 0.05 | Rew: 3.09 | Win%: 61.5 | S0: 587.2 | FPS: 1935.1 | Var: dqn
Step: 2912256 | EPS: 0.05 | Rew: 3.27 | Win%: 61.5 | S0: 599.5 | FPS: 1856.0 | Var: dqn
>>> [Best] Saved -> agent/checkpoints/dqn_battle.pth | Win% 61.5 | S0 599.5
Step: 2913280 | EPS: 0.05 | Rew: 3.26 | Win%: 60.5 | S0: 597.6 | FPS: 1884.9 | Var: dqn
Step: 2914304 | EPS: 0.05 | Rew: 3.22 | Win%: 60.5 | S0: 593.3 | FPS: 1999.7 | Var: dqn
Step: 2915328 | EPS: 0.05 | Rew: 3.12 | Win%: 59.0 | S0: 590.5 | FPS: 2100.8 | Var: dqn
Step: 2916352 | EPS: 0.05 | Rew: 3.00 | Win%: 58.0 | S0: 584.0 | FPS: 2099.8 | Var: dqn
Step: 2917376 | EPS: 0.05 | Rew: 2.94 | Win%: 57.5 | S0: 577.9 | FPS: 2095.9 | Var: dqn
Step: 2918400 | EPS: 0.05 | Rew: 3.02 | Win%: 56.5 | S0: 567.9 | FPS: 2170.4 | Var: dqn
Step: 2919424 | EPS: 0.05 | Rew: 3.00 | Win%: 56.0 | S0: 560.8 | FPS: 1950.0 | Var: dqn
Step: 2920448 | EPS: 0.05 | Rew: 2.71 | Win%: 56.0 | S0: 548.9 | FPS: 2210.8 | Var: dqn
Step: 2921472 | EPS: 0.05 | Rew: 2.47 | Win%: 55.0 | S0: 544.9 | FPS: 2269.5 | Var: dqn
Step: 2922496 | EPS: 0.05 | Rew: 2.49 | Win%: 56.0 | S0: 556.2 | FPS: 2078.4 | Var: dqn
Step: 2923520 | EPS: 0.05 | Rew: 2.49 | Win%: 56.5 | S0: 554.5 | FPS: 2260.0 | Var: dqn
Step: 2924544 | EPS: 0.05 | Rew: 2.47 | Win%: 56.0 | S0: 550.9 | FPS: 2157.1 | Var: dqn
Step: 2925568 | EPS: 0.05 | Rew: 2.39 | Win%: 55.0 | S0: 535.0 | FPS: 2119.7 | Var: dqn
Step: 2926592 | EPS: 0.05 | Rew: 2.31 | Win%: 54.5 | S0: 526.9 | FPS: 1931.4 | Var: dqn
Step: 2927616 | EPS: 0.05 | Rew: 2.32 | Win%: 52.0 | S0: 529.3 | FPS: 2180.1 | Var: dqn
Step: 2928640 | EPS: 0.05 | Rew: 2.27 | Win%: 50.0 | S0: 521.5 | FPS: 2120.1 | Var: dqn
Step: 2929664 | EPS: 0.05 | Rew: 2.36 | Win%: 48.5 | S0: 519.0 | FPS: 2022.9 | Var: dqn
Step: 2930688 | EPS: 0.05 | Rew: 2.12 | Win%: 47.5 | S0: 500.9 | FPS: 2040.8 | Var: dqn
Step: 2931712 | EPS: 0.05 | Rew: 2.09 | Win%: 48.5 | S0: 494.9 | FPS: 2047.9 | Var: dqn
Step: 2932736 | EPS: 0.05 | Rew: 2.01 | Win%: 49.0 | S0: 497.1 | FPS: 2174.6 | Var: dqn
Step: 2933760 | EPS: 0.05 | Rew: 2.20 | Win%: 49.5 | S0: 515.2 | FPS: 2093.0 | Var: dqn
Step: 2934784 | EPS: 0.05 | Rew: 2.25 | Win%: 51.0 | S0: 521.4 | FPS: 2111.3 | Var: dqn
Step: 2935808 | EPS: 0.05 | Rew: 2.20 | Win%: 51.5 | S0: 518.4 | FPS: 2035.7 | Var: dqn
Step: 2936832 | EPS: 0.05 | Rew: 2.29 | Win%: 51.0 | S0: 516.0 | FPS: 2085.6 | Var: dqn
Step: 2937856 | EPS: 0.05 | Rew: 2.32 | Win%: 51.5 | S0: 515.5 | FPS: 2167.7 | Var: dqn
Step: 2938880 | EPS: 0.05 | Rew: 2.54 | Win%: 51.0 | S0: 517.4 | FPS: 3010.7 | Var: dqn
Step: 2939904 | EPS: 0.05 | Rew: 2.46 | Win%: 47.5 | S0: 503.8 | FPS: 2398.1 | Var: dqn
Step: 2940928 | EPS: 0.05 | Rew: 2.68 | Win%: 48.0 | S0: 519.2 | FPS: 1968.0 | Var: dqn
Step: 2941952 | EPS: 0.05 | Rew: 2.58 | Win%: 48.0 | S0: 526.8 | FPS: 1871.7 | Var: dqn
Step: 2942976 | EPS: 0.05 | Rew: 2.38 | Win%: 50.0 | S0: 526.5 | FPS: 1946.8 | Var: dqn
Step: 2944000 | EPS: 0.05 | Rew: 2.49 | Win%: 51.5 | S0: 530.0 | FPS: 1837.0 | Var: dqn
Step: 2945024 | EPS: 0.05 | Rew: 2.38 | Win%: 53.0 | S0: 521.6 | FPS: 2012.0 | Var: dqn
Step: 2946048 | EPS: 0.05 | Rew: 2.27 | Win%: 53.5 | S0: 533.5 | FPS: 1960.9 | Var: dqn
Step: 2947072 | EPS: 0.05 | Rew: 2.55 | Win%: 56.0 | S0: 559.9 | FPS: 2138.9 | Var: dqn
Step: 2948096 | EPS: 0.05 | Rew: 2.54 | Win%: 54.5 | S0: 562.4 | FPS: 1870.8 | Var: dqn
Step: 2949120 | EPS: 0.05 | Rew: 2.55 | Win%: 54.5 | S0: 561.0 | FPS: 2182.7 | Var: dqn
Step: 2950144 | EPS: 0.05 | Rew: 2.56 | Win%: 53.5 | S0: 544.1 | FPS: 2169.0 | Var: dqn
Step: 2951168 | EPS: 0.05 | Rew: 2.79 | Win%: 52.5 | S0: 544.8 | FPS: 1982.2 | Var: dqn
Step: 2952192 | EPS: 0.05 | Rew: 2.79 | Win%: 51.5 | S0: 543.1 | FPS: 1673.2 | Var: dqn
Step: 2953216 | EPS: 0.05 | Rew: 2.55 | Win%: 50.0 | S0: 543.5 | FPS: 2153.4 | Var: dqn
Step: 2954240 | EPS: 0.05 | Rew: 2.54 | Win%: 49.5 | S0: 528.6 | FPS: 2036.5 | Var: dqn
Step: 2955264 | EPS: 0.05 | Rew: 2.32 | Win%: 51.5 | S0: 535.0 | FPS: 1942.9 | Var: dqn
Step: 2956288 | EPS: 0.05 | Rew: 2.42 | Win%: 53.0 | S0: 530.1 | FPS: 1867.2 | Var: dqn
Step: 2957312 | EPS: 0.05 | Rew: 2.42 | Win%: 52.5 | S0: 523.5 | FPS: 2301.2 | Var: dqn
Step: 2958336 | EPS: 0.05 | Rew: 2.42 | Win%: 54.0 | S0: 533.2 | FPS: 2128.6 | Var: dqn
Step: 2959360 | EPS: 0.05 | Rew: 2.29 | Win%: 53.0 | S0: 505.8 | FPS: 2191.3 | Var: dqn
Step: 2960384 | EPS: 0.05 | Rew: 2.39 | Win%: 52.0 | S0: 514.2 | FPS: 2112.4 | Var: dqn
Step: 2961408 | EPS: 0.05 | Rew: 2.27 | Win%: 51.0 | S0: 504.6 | FPS: 1936.0 | Var: dqn
Step: 2962432 | EPS: 0.05 | Rew: 2.46 | Win%: 51.5 | S0: 518.0 | FPS: 2118.6 | Var: dqn
Step: 2963456 | EPS: 0.05 | Rew: 2.30 | Win%: 51.5 | S0: 515.8 | FPS: 2174.0 | Var: dqn
Step: 2964480 | EPS: 0.05 | Rew: 2.30 | Win%: 53.0 | S0: 518.5 | FPS: 2314.8 | Var: dqn
Step: 2965504 | EPS: 0.05 | Rew: 2.17 | Win%: 52.0 | S0: 505.3 | FPS: 2393.5 | Var: dqn
Step: 2966528 | EPS: 0.05 | Rew: 2.29 | Win%: 53.0 | S0: 500.9 | FPS: 2152.8 | Var: dqn
Step: 2967552 | EPS: 0.05 | Rew: 2.21 | Win%: 53.5 | S0: 499.2 | FPS: 1929.6 | Var: dqn
Step: 2968576 | EPS: 0.05 | Rew: 2.09 | Win%: 52.0 | S0: 487.9 | FPS: 2223.2 | Var: dqn
Step: 2969600 | EPS: 0.05 | Rew: 2.20 | Win%: 54.0 | S0: 492.4 | FPS: 1848.1 | Var: dqn
Step: 2970624 | EPS: 0.05 | Rew: 2.52 | Win%: 53.0 | S0: 494.6 | FPS: 2048.8 | Var: dqn
Step: 2971648 | EPS: 0.05 | Rew: 2.30 | Win%: 53.5 | S0: 492.9 | FPS: 2216.3 | Var: dqn
Step: 2972672 | EPS: 0.05 | Rew: 2.42 | Win%: 54.5 | S0: 515.4 | FPS: 2191.7 | Var: dqn
Step: 2973696 | EPS: 0.05 | Rew: 2.50 | Win%: 54.0 | S0: 513.2 | FPS: 2196.1 | Var: dqn
Step: 2974720 | EPS: 0.05 | Rew: 2.88 | Win%: 55.0 | S0: 524.1 | FPS: 2072.6 | Var: dqn
Step: 2975744 | EPS: 0.05 | Rew: 2.94 | Win%: 55.0 | S0: 533.4 | FPS: 2057.5 | Var: dqn
Step: 2976768 | EPS: 0.05 | Rew: 3.10 | Win%: 54.0 | S0: 546.4 | FPS: 1821.6 | Var: dqn
Step: 2977792 | EPS: 0.05 | Rew: 3.07 | Win%: 53.0 | S0: 539.7 | FPS: 2190.8 | Var: dqn
Step: 2978816 | EPS: 0.05 | Rew: 2.95 | Win%: 51.5 | S0: 533.4 | FPS: 1859.3 | Var: dqn
Step: 2979840 | EPS: 0.05 | Rew: 2.93 | Win%: 51.5 | S0: 536.9 | FPS: 2286.9 | Var: dqn
Step: 2980864 | EPS: 0.05 | Rew: 2.99 | Win%: 52.5 | S0: 546.8 | FPS: 2014.1 | Var: dqn
Step: 2981888 | EPS: 0.05 | Rew: 3.00 | Win%: 51.5 | S0: 535.5 | FPS: 2260.3 | Var: dqn
Step: 2982912 | EPS: 0.05 | Rew: 3.21 | Win%: 53.0 | S0: 540.6 | FPS: 2053.4 | Var: dqn
Step: 2983936 | EPS: 0.05 | Rew: 3.03 | Win%: 52.0 | S0: 542.0 | FPS: 1837.2 | Var: dqn
Step: 2984960 | EPS: 0.05 | Rew: 3.06 | Win%: 52.0 | S0: 563.8 | FPS: 2167.2 | Var: dqn
Step: 2985984 | EPS: 0.05 | Rew: 3.14 | Win%: 52.0 | S0: 571.5 | FPS: 2080.4 | Var: dqn
Step: 2987008 | EPS: 0.05 | Rew: 2.98 | Win%: 52.5 | S0: 577.4 | FPS: 2073.4 | Var: dqn
Step: 2988032 | EPS: 0.05 | Rew: 3.10 | Win%: 52.5 | S0: 584.3 | FPS: 2122.3 | Var: dqn
Step: 2989056 | EPS: 0.05 | Rew: 3.35 | Win%: 52.5 | S0: 597.0 | FPS: 2096.3 | Var: dqn
Step: 2990080 | EPS: 0.05 | Rew: 3.35 | Win%: 52.0 | S0: 597.9 | FPS: 2198.9 | Var: dqn
Step: 2991104 | EPS: 0.05 | Rew: 3.31 | Win%: 52.0 | S0: 595.7 | FPS: 2223.3 | Var: dqn
Step: 2992128 | EPS: 0.05 | Rew: 3.32 | Win%: 50.5 | S0: 588.0 | FPS: 2176.0 | Var: dqn
Step: 2993152 | EPS: 0.05 | Rew: 2.97 | Win%: 49.0 | S0: 569.0 | FPS: 2215.6 | Var: dqn
Step: 2994176 | EPS: 0.05 | Rew: 2.82 | Win%: 46.5 | S0: 561.3 | FPS: 2188.4 | Var: dqn
Step: 2995200 | EPS: 0.05 | Rew: 2.47 | Win%: 45.5 | S0: 552.9 | FPS: 1866.6 | Var: dqn
Step: 2996224 | EPS: 0.05 | Rew: 2.35 | Win%: 45.5 | S0: 547.7 | FPS: 2134.4 | Var: dqn
Step: 2997248 | EPS: 0.05 | Rew: 2.25 | Win%: 44.0 | S0: 536.0 | FPS: 2133.9 | Var: dqn
Step: 2998272 | EPS: 0.05 | Rew: 2.66 | Win%: 46.0 | S0: 552.0 | FPS: 2092.5 | Var: dqn
Step: 2999296 | EPS: 0.05 | Rew: 2.46 | Win%: 47.5 | S0: 564.1 | FPS: 2113.8 | Var: dqn
>>> [Final] Saved -> agent/checkpoints/dqn_battle.final.pth
>>> [Curriculum] Phase completed successfully.

=== Curriculum Completed ===
Best Model: agent/checkpoints/dqn_battle.pth
Final Snapshot: agent/checkpoints/dqn_battle.final.pth
Test it: python gui_game.py --mode battle --algo dqn --model agent/checkpoints/dqn_battle.pth
