=== Snake AI Curriculum Training [DDQN] ===

>>> [Curriculum] Starting Phase: 1. Pre-training (Single Snake) -> agent/checkpoints/ddqn_pretrain.pth
>>> Command: train_dqn_variants.py --variant ddqn --single --steps 5000000 --save agent/checkpoints/ddqn_pretrain.pth --num-envs 128
>>> [V8.0 Asymmetric-Tuning] Variant: DDQN | LR: 0.0002 | Tau: 0.005 | GradClip: 0.5 | Buf: 200000
>>> [Explore] eps_start=1.00 eps_min=0.02 | [SelfPlay] prob=0.70->0.40 @ 0.30
>>> [V18.3 Turbo] PHASE 1 (Single) | FoodDensity: 5 | FoodRew: 1.0
>>> [V18.3 Turbo] Initializing 128 Parallel Environments...
>>> [V18.3 Turbo] Environments Ready.
>>> [DQN-Turbo] torch.compile() enabled.
>>> [V13.3 Heartbeat] Setup Finished. Buffer: 200000 | Device: cuda
>>> Starting DDQN Training (V21.0 Flash-Batch)...
skipping cudagraphs due to graph with symbolic shapes inputs and config.triton.cudagraph_skip_dynamic_graphs=True. Found from   File "/root/user/cs_tcci_hufuguang/machine/machineLearingCourseDevise/agent/ddqn.py", line 51, in forward
    cnn_feat = self.conv(grid)


skipping cudagraphs due to graph with symbolic shapes inputs and config.triton.cudagraph_skip_dynamic_graphs=True. Found from   File "/root/user/cs_tcci_hufuguang/machine/machineLearingCourseDevise/agent/ddqn.py", line 51, in forward
    cnn_feat = self.conv(grid)


Step: 1024 | EPS: 1.00 | Rew: -0.72 | FPS: 67.2 | Var: ddqn
>>> [Best] Saved -> agent/checkpoints/ddqn_pretrain.pth | Rew -0.72
Step: 2048 | EPS: 1.00 | Rew: -0.71 | FPS: 6679.7 | Var: ddqn
Step: 3072 | EPS: 1.00 | Rew: -0.70 | FPS: 7045.2 | Var: ddqn
Step: 4096 | EPS: 1.00 | Rew: -0.69 | FPS: 6767.6 | Var: ddqn
Step: 5120 | EPS: 1.00 | Rew: -0.68 | FPS: 7632.0 | Var: ddqn
Step: 6144 | EPS: 1.00 | Rew: -0.69 | FPS: 7526.0 | Var: ddqn
Step: 7168 | EPS: 1.00 | Rew: -0.70 | FPS: 7454.7 | Var: ddqn
Step: 8192 | EPS: 1.00 | Rew: -0.72 | FPS: 7417.6 | Var: ddqn
Step: 9216 | EPS: 1.00 | Rew: -0.71 | FPS: 7538.4 | Var: ddqn
Step: 10240 | EPS: 1.00 | Rew: -0.69 | FPS: 6735.6 | Var: ddqn
Step: 11264 | EPS: 1.00 | Rew: -0.70 | FPS: 6468.8 | Var: ddqn
Step: 12288 | EPS: 1.00 | Rew: -0.69 | FPS: 7154.4 | Var: ddqn
Step: 13312 | EPS: 1.00 | Rew: -0.71 | FPS: 7442.7 | Var: ddqn
Step: 14336 | EPS: 1.00 | Rew: -0.69 | FPS: 9220.0 | Var: ddqn
Step: 15360 | EPS: 1.00 | Rew: -0.70 | FPS: 7290.3 | Var: ddqn
Step: 16384 | EPS: 1.00 | Rew: -0.70 | FPS: 8665.9 | Var: ddqn
Step: 17408 | EPS: 1.00 | Rew: -0.70 | FPS: 8611.1 | Var: ddqn
Step: 18432 | EPS: 1.00 | Rew: -0.70 | FPS: 7733.0 | Var: ddqn
Step: 19456 | EPS: 1.00 | Rew: -0.69 | FPS: 6781.1 | Var: ddqn
Step: 20480 | EPS: 0.99 | Rew: -0.69 | FPS: 8529.6 | Var: ddqn
Step: 21504 | EPS: 0.99 | Rew: -0.67 | FPS: 7030.6 | Var: ddqn
Step: 22528 | EPS: 0.99 | Rew: -0.68 | FPS: 8329.7 | Var: ddqn
Step: 23552 | EPS: 0.99 | Rew: -0.68 | FPS: 7136.9 | Var: ddqn
Step: 24576 | EPS: 0.99 | Rew: -0.67 | FPS: 8279.7 | Var: ddqn
Step: 25600 | EPS: 0.99 | Rew: -0.70 | FPS: 5491.2 | Var: ddqn
Step: 26624 | EPS: 0.99 | Rew: -0.69 | FPS: 7339.4 | Var: ddqn
Step: 27648 | EPS: 0.99 | Rew: -0.70 | FPS: 6646.5 | Var: ddqn
Step: 28672 | EPS: 0.99 | Rew: -0.70 | FPS: 5576.3 | Var: ddqn
Step: 29696 | EPS: 0.99 | Rew: -0.69 | FPS: 6728.9 | Var: ddqn
Step: 30720 | EPS: 0.99 | Rew: -0.69 | FPS: 6687.7 | Var: ddqn
Step: 31744 | EPS: 0.99 | Rew: -0.69 | FPS: 7470.4 | Var: ddqn
Step: 32768 | EPS: 0.99 | Rew: -0.70 | FPS: 9083.6 | Var: ddqn
Step: 33792 | EPS: 0.99 | Rew: -0.69 | FPS: 8510.1 | Var: ddqn
Step: 34816 | EPS: 0.99 | Rew: -0.69 | FPS: 7535.3 | Var: ddqn
Step: 35840 | EPS: 0.99 | Rew: -0.70 | FPS: 6114.5 | Var: ddqn
Step: 36864 | EPS: 0.99 | Rew: -0.71 | FPS: 6349.0 | Var: ddqn
Step: 37888 | EPS: 0.99 | Rew: -0.71 | FPS: 5932.3 | Var: ddqn
Step: 38912 | EPS: 0.99 | Rew: -0.68 | FPS: 6979.9 | Var: ddqn
Step: 39936 | EPS: 0.99 | Rew: -0.69 | FPS: 9535.0 | Var: ddqn
Step: 40960 | EPS: 0.99 | Rew: -0.68 | FPS: 10268.7 | Var: ddqn
Step: 41984 | EPS: 0.99 | Rew: -0.69 | FPS: 9774.4 | Var: ddqn
Step: 43008 | EPS: 0.99 | Rew: -0.69 | FPS: 6171.4 | Var: ddqn
Step: 44032 | EPS: 0.99 | Rew: -0.68 | FPS: 8315.4 | Var: ddqn
Step: 45056 | EPS: 0.99 | Rew: -0.66 | FPS: 8494.7 | Var: ddqn
Step: 46080 | EPS: 0.99 | Rew: -0.66 | FPS: 8450.7 | Var: ddqn
Step: 47104 | EPS: 0.99 | Rew: -0.67 | FPS: 8566.4 | Var: ddqn
Step: 48128 | EPS: 0.99 | Rew: -0.68 | FPS: 8643.5 | Var: ddqn
Step: 49152 | EPS: 0.99 | Rew: -0.69 | FPS: 7883.0 | Var: ddqn
Step: 50176 | EPS: 0.99 | Rew: -0.71 | FPS: 7368.5 | Var: ddqn
Step: 51200 | EPS: 0.99 | Rew: -0.71 | FPS: 8526.2 | Var: ddqn
Step: 52224 | EPS: 0.99 | Rew: -0.71 | FPS: 7939.3 | Var: ddqn
Step: 53248 | EPS: 0.99 | Rew: -0.72 | FPS: 7723.3 | Var: ddqn
Step: 54272 | EPS: 0.99 | Rew: -0.71 | FPS: 6127.7 | Var: ddqn
Step: 55296 | EPS: 0.99 | Rew: -0.70 | FPS: 7520.0 | Var: ddqn
Step: 56320 | EPS: 0.99 | Rew: -0.70 | FPS: 8676.8 | Var: ddqn
Step: 57344 | EPS: 0.99 | Rew: -0.69 | FPS: 7703.4 | Var: ddqn
Step: 58368 | EPS: 0.99 | Rew: -0.71 | FPS: 8287.1 | Var: ddqn
Step: 59392 | EPS: 0.99 | Rew: -0.72 | FPS: 8524.3 | Var: ddqn
Step: 60416 | EPS: 0.99 | Rew: -0.71 | FPS: 7963.2 | Var: ddqn
Step: 61440 | EPS: 0.98 | Rew: -0.69 | FPS: 7574.3 | Var: ddqn
Step: 62464 | EPS: 0.98 | Rew: -0.70 | FPS: 8077.7 | Var: ddqn
Step: 63488 | EPS: 0.98 | Rew: -0.70 | FPS: 8157.0 | Var: ddqn
Step: 64512 | EPS: 0.98 | Rew: -0.70 | FPS: 7785.6 | Var: ddqn
Step: 65536 | EPS: 0.98 | Rew: -0.71 | FPS: 8196.0 | Var: ddqn
Step: 66560 | EPS: 0.98 | Rew: -0.70 | FPS: 8250.2 | Var: ddqn
Step: 67584 | EPS: 0.98 | Rew: -0.70 | FPS: 7092.8 | Var: ddqn
Step: 68608 | EPS: 0.98 | Rew: -0.71 | FPS: 8729.0 | Var: ddqn
Step: 69632 | EPS: 0.98 | Rew: -0.70 | FPS: 9409.3 | Var: ddqn
Step: 70656 | EPS: 0.98 | Rew: -0.68 | FPS: 9456.9 | Var: ddqn
Step: 71680 | EPS: 0.98 | Rew: -0.70 | FPS: 9577.5 | Var: ddqn
Step: 72704 | EPS: 0.98 | Rew: -0.68 | FPS: 7808.6 | Var: ddqn
Step: 73728 | EPS: 0.98 | Rew: -0.67 | FPS: 10058.5 | Var: ddqn
Step: 74752 | EPS: 0.98 | Rew: -0.69 | FPS: 9833.7 | Var: ddqn
Step: 75776 | EPS: 0.98 | Rew: -0.70 | FPS: 9611.8 | Var: ddqn
Step: 76800 | EPS: 0.98 | Rew: -0.68 | FPS: 9831.3 | Var: ddqn
Step: 77824 | EPS: 0.98 | Rew: -0.67 | FPS: 8998.0 | Var: ddqn
Step: 78848 | EPS: 0.98 | Rew: -0.66 | FPS: 9283.1 | Var: ddqn
Step: 79872 | EPS: 0.98 | Rew: -0.65 | FPS: 9290.8 | Var: ddqn
Step: 80896 | EPS: 0.98 | Rew: -0.70 | FPS: 9101.9 | Var: ddqn
Step: 81920 | EPS: 0.98 | Rew: -0.71 | FPS: 7966.2 | Var: ddqn
Step: 82944 | EPS: 0.98 | Rew: -0.71 | FPS: 8428.4 | Var: ddqn
Step: 83968 | EPS: 0.98 | Rew: -0.72 | FPS: 8366.3 | Var: ddqn
Step: 84992 | EPS: 0.98 | Rew: -0.68 | FPS: 7193.6 | Var: ddqn
Step: 86016 | EPS: 0.98 | Rew: -0.67 | FPS: 6848.0 | Var: ddqn
Step: 87040 | EPS: 0.98 | Rew: -0.64 | FPS: 7318.4 | Var: ddqn
Step: 88064 | EPS: 0.98 | Rew: -0.64 | FPS: 6470.5 | Var: ddqn
Step: 89088 | EPS: 0.98 | Rew: -0.66 | FPS: 8603.5 | Var: ddqn
Step: 90112 | EPS: 0.98 | Rew: -0.66 | FPS: 8036.6 | Var: ddqn
Step: 91136 | EPS: 0.98 | Rew: -0.70 | FPS: 7968.8 | Var: ddqn
Step: 92160 | EPS: 0.98 | Rew: -0.69 | FPS: 8128.6 | Var: ddqn
Step: 93184 | EPS: 0.98 | Rew: -0.67 | FPS: 7279.3 | Var: ddqn
Step: 94208 | EPS: 0.98 | Rew: -0.68 | FPS: 8458.0 | Var: ddqn
Step: 95232 | EPS: 0.98 | Rew: -0.67 | FPS: 8110.3 | Var: ddqn
Step: 96256 | EPS: 0.98 | Rew: -0.66 | FPS: 7438.9 | Var: ddqn
Step: 97280 | EPS: 0.98 | Rew: -0.66 | FPS: 6701.9 | Var: ddqn
Step: 98304 | EPS: 0.98 | Rew: -0.65 | FPS: 8769.5 | Var: ddqn
Step: 99328 | EPS: 0.98 | Rew: -0.66 | FPS: 8839.2 | Var: ddqn
Step: 100352 | EPS: 0.98 | Rew: -0.67 | FPS: 7408.8 | Var: ddqn
Step: 101376 | EPS: 0.98 | Rew: -0.70 | FPS: 7536.4 | Var: ddqn
Step: 102400 | EPS: 0.97 | Rew: -0.70 | FPS: 8834.5 | Var: ddqn
Step: 103424 | EPS: 0.97 | Rew: -0.70 | FPS: 8855.1 | Var: ddqn
Step: 104448 | EPS: 0.97 | Rew: -0.70 | FPS: 7699.1 | Var: ddqn
Step: 105472 | EPS: 0.97 | Rew: -0.69 | FPS: 8688.9 | Var: ddqn
Step: 106496 | EPS: 0.97 | Rew: -0.70 | FPS: 7565.7 | Var: ddqn
Step: 107520 | EPS: 0.97 | Rew: -0.69 | FPS: 8426.3 | Var: ddqn
Step: 108544 | EPS: 0.97 | Rew: -0.69 | FPS: 8600.6 | Var: ddqn
Step: 109568 | EPS: 0.97 | Rew: -0.70 | FPS: 8376.6 | Var: ddqn
Step: 110592 | EPS: 0.97 | Rew: -0.70 | FPS: 8632.9 | Var: ddqn
Step: 111616 | EPS: 0.97 | Rew: -0.72 | FPS: 8623.7 | Var: ddqn
Step: 112640 | EPS: 0.97 | Rew: -0.73 | FPS: 8433.2 | Var: ddqn
Step: 113664 | EPS: 0.97 | Rew: -0.71 | FPS: 8609.9 | Var: ddqn
Step: 114688 | EPS: 0.97 | Rew: -0.68 | FPS: 8787.8 | Var: ddqn
Step: 115712 | EPS: 0.97 | Rew: -0.68 | FPS: 8446.6 | Var: ddqn
Step: 116736 | EPS: 0.97 | Rew: -0.68 | FPS: 8664.7 | Var: ddqn
Step: 117760 | EPS: 0.97 | Rew: -0.67 | FPS: 8731.5 | Var: ddqn
Step: 118784 | EPS: 0.97 | Rew: -0.69 | FPS: 5807.2 | Var: ddqn
Step: 119808 | EPS: 0.97 | Rew: -0.65 | FPS: 8591.1 | Var: ddqn
Step: 120832 | EPS: 0.97 | Rew: -0.65 | FPS: 7311.6 | Var: ddqn
Step: 121856 | EPS: 0.97 | Rew: -0.65 | FPS: 7976.5 | Var: ddqn
Step: 122880 | EPS: 0.97 | Rew: -0.65 | FPS: 8312.6 | Var: ddqn
Step: 123904 | EPS: 0.97 | Rew: -0.67 | FPS: 8647.3 | Var: ddqn
Step: 124928 | EPS: 0.97 | Rew: -0.67 | FPS: 7162.1 | Var: ddqn
Step: 125952 | EPS: 0.97 | Rew: -0.68 | FPS: 8473.0 | Var: ddqn
Step: 126976 | EPS: 0.97 | Rew: -0.68 | FPS: 8564.1 | Var: ddqn
Step: 128000 | EPS: 0.97 | Rew: -0.69 | FPS: 9068.1 | Var: ddqn
Step: 129024 | EPS: 0.97 | Rew: -0.69 | FPS: 9067.0 | Var: ddqn
Step: 130048 | EPS: 0.97 | Rew: -0.69 | FPS: 8710.1 | Var: ddqn
Step: 131072 | EPS: 0.97 | Rew: -0.68 | FPS: 8662.8 | Var: ddqn
Step: 132096 | EPS: 0.97 | Rew: -0.68 | FPS: 7247.1 | Var: ddqn
Step: 133120 | EPS: 0.97 | Rew: -0.69 | FPS: 7712.9 | Var: ddqn
Step: 134144 | EPS: 0.97 | Rew: -0.69 | FPS: 7366.6 | Var: ddqn
Step: 135168 | EPS: 0.97 | Rew: -0.70 | FPS: 8409.8 | Var: ddqn
Step: 136192 | EPS: 0.97 | Rew: -0.70 | FPS: 8466.1 | Var: ddqn
Step: 137216 | EPS: 0.97 | Rew: -0.67 | FPS: 7767.7 | Var: ddqn
Step: 138240 | EPS: 0.97 | Rew: -0.66 | FPS: 6947.1 | Var: ddqn
Step: 139264 | EPS: 0.97 | Rew: -0.65 | FPS: 6303.8 | Var: ddqn
Step: 140288 | EPS: 0.97 | Rew: -0.66 | FPS: 7342.6 | Var: ddqn
Step: 141312 | EPS: 0.97 | Rew: -0.68 | FPS: 6762.7 | Var: ddqn
Step: 142336 | EPS: 0.97 | Rew: -0.70 | FPS: 8772.3 | Var: ddqn
Step: 143360 | EPS: 0.96 | Rew: -0.68 | FPS: 9392.5 | Var: ddqn
Step: 144384 | EPS: 0.96 | Rew: -0.69 | FPS: 9370.8 | Var: ddqn
Step: 145408 | EPS: 0.96 | Rew: -0.67 | FPS: 9377.9 | Var: ddqn
Step: 146432 | EPS: 0.96 | Rew: -0.65 | FPS: 9598.2 | Var: ddqn
Step: 147456 | EPS: 0.96 | Rew: -0.65 | FPS: 9556.0 | Var: ddqn
Step: 148480 | EPS: 0.96 | Rew: -0.64 | FPS: 9511.1 | Var: ddqn
Step: 149504 | EPS: 0.96 | Rew: -0.66 | FPS: 8816.2 | Var: ddqn
Step: 150528 | EPS: 0.96 | Rew: -0.68 | FPS: 9607.5 | Var: ddqn
Step: 151552 | EPS: 0.96 | Rew: -0.69 | FPS: 8847.1 | Var: ddqn
Step: 152576 | EPS: 0.96 | Rew: -0.70 | FPS: 8042.7 | Var: ddqn
Step: 153600 | EPS: 0.96 | Rew: -0.69 | FPS: 9555.7 | Var: ddqn
Step: 154624 | EPS: 0.96 | Rew: -0.69 | FPS: 9484.2 | Var: ddqn
Step: 155648 | EPS: 0.96 | Rew: -0.73 | FPS: 9584.1 | Var: ddqn
Step: 156672 | EPS: 0.96 | Rew: -0.70 | FPS: 9776.8 | Var: ddqn
Step: 157696 | EPS: 0.96 | Rew: -0.68 | FPS: 8093.9 | Var: ddqn
Step: 158720 | EPS: 0.96 | Rew: -0.69 | FPS: 9085.3 | Var: ddqn
Step: 159744 | EPS: 0.96 | Rew: -0.68 | FPS: 9498.9 | Var: ddqn
Step: 160768 | EPS: 0.96 | Rew: -0.70 | FPS: 9494.6 | Var: ddqn
Step: 161792 | EPS: 0.96 | Rew: -0.70 | FPS: 9643.1 | Var: ddqn
Step: 162816 | EPS: 0.96 | Rew: -0.70 | FPS: 9580.5 | Var: ddqn
Step: 163840 | EPS: 0.96 | Rew: -0.70 | FPS: 9520.0 | Var: ddqn
Step: 164864 | EPS: 0.96 | Rew: -0.69 | FPS: 9482.0 | Var: ddqn
Step: 165888 | EPS: 0.96 | Rew: -0.69 | FPS: 9883.9 | Var: ddqn
Step: 166912 | EPS: 0.96 | Rew: -0.69 | FPS: 9346.5 | Var: ddqn
Step: 167936 | EPS: 0.96 | Rew: -0.67 | FPS: 6507.9 | Var: ddqn
Step: 168960 | EPS: 0.96 | Rew: -0.67 | FPS: 6298.7 | Var: ddqn
Step: 169984 | EPS: 0.96 | Rew: -0.67 | FPS: 7890.4 | Var: ddqn
Step: 171008 | EPS: 0.96 | Rew: -0.66 | FPS: 9374.0 | Var: ddqn
Step: 172032 | EPS: 0.96 | Rew: -0.69 | FPS: 7900.4 | Var: ddqn
Step: 173056 | EPS: 0.96 | Rew: -0.70 | FPS: 7338.1 | Var: ddqn
Step: 174080 | EPS: 0.96 | Rew: -0.69 | FPS: 7260.7 | Var: ddqn
Step: 175104 | EPS: 0.96 | Rew: -0.70 | FPS: 9339.5 | Var: ddqn
Step: 176128 | EPS: 0.96 | Rew: -0.68 | FPS: 9043.7 | Var: ddqn
Step: 177152 | EPS: 0.96 | Rew: -0.67 | FPS: 9170.5 | Var: ddqn
Step: 178176 | EPS: 0.96 | Rew: -0.66 | FPS: 9274.6 | Var: ddqn
Step: 179200 | EPS: 0.96 | Rew: -0.67 | FPS: 6430.0 | Var: ddqn
Step: 180224 | EPS: 0.96 | Rew: -0.69 | FPS: 8958.9 | Var: ddqn
Step: 181248 | EPS: 0.96 | Rew: -0.72 | FPS: 9123.3 | Var: ddqn
Step: 182272 | EPS: 0.96 | Rew: -0.71 | FPS: 8964.4 | Var: ddqn
Step: 183296 | EPS: 0.96 | Rew: -0.68 | FPS: 9160.5 | Var: ddqn
Step: 184320 | EPS: 0.95 | Rew: -0.66 | FPS: 9142.6 | Var: ddqn
Step: 185344 | EPS: 0.95 | Rew: -0.65 | FPS: 8902.7 | Var: ddqn
Step: 186368 | EPS: 0.95 | Rew: -0.68 | FPS: 8084.3 | Var: ddqn
Step: 187392 | EPS: 0.95 | Rew: -0.69 | FPS: 9565.9 | Var: ddqn
Step: 188416 | EPS: 0.95 | Rew: -0.68 | FPS: 6768.0 | Var: ddqn
Step: 189440 | EPS: 0.95 | Rew: -0.68 | FPS: 8893.3 | Var: ddqn
Step: 190464 | EPS: 0.95 | Rew: -0.66 | FPS: 9138.8 | Var: ddqn
Step: 191488 | EPS: 0.95 | Rew: -0.63 | FPS: 8684.1 | Var: ddqn
Step: 192512 | EPS: 0.95 | Rew: -0.62 | FPS: 9719.2 | Var: ddqn
Step: 193536 | EPS: 0.95 | Rew: -0.62 | FPS: 8713.9 | Var: ddqn
Step: 194560 | EPS: 0.95 | Rew: -0.63 | FPS: 8900.6 | Var: ddqn
Step: 195584 | EPS: 0.95 | Rew: -0.68 | FPS: 7607.6 | Var: ddqn
Step: 196608 | EPS: 0.95 | Rew: -0.68 | FPS: 9260.7 | Var: ddqn
Step: 197632 | EPS: 0.95 | Rew: -0.70 | FPS: 8891.1 | Var: ddqn
Step: 198656 | EPS: 0.95 | Rew: -0.70 | FPS: 9506.2 | Var: ddqn
Step: 199680 | EPS: 0.95 | Rew: -0.69 | FPS: 9737.4 | Var: ddqn
Step: 200704 | EPS: 0.95 | Rew: -0.68 | FPS: 9365.7 | Var: ddqn
Step: 201728 | EPS: 0.95 | Rew: -0.68 | FPS: 9597.5 | Var: ddqn
Step: 202752 | EPS: 0.95 | Rew: -0.66 | FPS: 9769.2 | Var: ddqn
Step: 203776 | EPS: 0.95 | Rew: -0.65 | FPS: 9696.7 | Var: ddqn
Step: 204800 | EPS: 0.95 | Rew: -0.64 | FPS: 9730.0 | Var: ddqn
Step: 205824 | EPS: 0.95 | Rew: -0.65 | FPS: 9902.4 | Var: ddqn
Step: 206848 | EPS: 0.95 | Rew: -0.64 | FPS: 9668.1 | Var: ddqn
Step: 207872 | EPS: 0.95 | Rew: -0.70 | FPS: 9335.9 | Var: ddqn
Step: 208896 | EPS: 0.95 | Rew: -0.68 | FPS: 7605.3 | Var: ddqn
Step: 209920 | EPS: 0.95 | Rew: -0.69 | FPS: 8002.0 | Var: ddqn
Step: 210944 | EPS: 0.95 | Rew: -0.69 | FPS: 6978.6 | Var: ddqn
Step: 211968 | EPS: 0.95 | Rew: -0.68 | FPS: 9325.0 | Var: ddqn
Step: 212992 | EPS: 0.95 | Rew: -0.69 | FPS: 7404.6 | Var: ddqn
Step: 214016 | EPS: 0.95 | Rew: -0.69 | FPS: 9153.1 | Var: ddqn
Step: 215040 | EPS: 0.95 | Rew: -0.69 | FPS: 7560.8 | Var: ddqn
Step: 216064 | EPS: 0.95 | Rew: -0.68 | FPS: 6436.3 | Var: ddqn
Step: 217088 | EPS: 0.95 | Rew: -0.67 | FPS: 7925.0 | Var: ddqn
Step: 218112 | EPS: 0.95 | Rew: -0.65 | FPS: 8570.7 | Var: ddqn
Step: 219136 | EPS: 0.95 | Rew: -0.66 | FPS: 8847.7 | Var: ddqn
Step: 220160 | EPS: 0.95 | Rew: -0.66 | FPS: 9764.1 | Var: ddqn
Step: 221184 | EPS: 0.95 | Rew: -0.68 | FPS: 9287.9 | Var: ddqn
Step: 222208 | EPS: 0.95 | Rew: -0.69 | FPS: 7819.6 | Var: ddqn
Step: 223232 | EPS: 0.95 | Rew: -0.70 | FPS: 8004.4 | Var: ddqn
Step: 224256 | EPS: 0.95 | Rew: -0.70 | FPS: 9638.8 | Var: ddqn
Step: 225280 | EPS: 0.94 | Rew: -0.71 | FPS: 9981.1 | Var: ddqn
Step: 226304 | EPS: 0.94 | Rew: -0.70 | FPS: 9778.3 | Var: ddqn
Step: 227328 | EPS: 0.94 | Rew: -0.68 | FPS: 9574.3 | Var: ddqn
Step: 228352 | EPS: 0.94 | Rew: -0.67 | FPS: 8069.6 | Var: ddqn
Step: 229376 | EPS: 0.94 | Rew: -0.68 | FPS: 8942.2 | Var: ddqn
Step: 230400 | EPS: 0.94 | Rew: -0.68 | FPS: 10248.3 | Var: ddqn
Step: 231424 | EPS: 0.94 | Rew: -0.67 | FPS: 11409.9 | Var: ddqn
Step: 232448 | EPS: 0.94 | Rew: -0.66 | FPS: 11021.4 | Var: ddqn
Step: 233472 | EPS: 0.94 | Rew: -0.65 | FPS: 11629.8 | Var: ddqn
Step: 234496 | EPS: 0.94 | Rew: -0.66 | FPS: 11383.9 | Var: ddqn
Step: 235520 | EPS: 0.94 | Rew: -0.67 | FPS: 9575.1 | Var: ddqn
Step: 236544 | EPS: 0.94 | Rew: -0.67 | FPS: 10845.6 | Var: ddqn
Step: 237568 | EPS: 0.94 | Rew: -0.68 | FPS: 11576.5 | Var: ddqn
Step: 238592 | EPS: 0.94 | Rew: -0.67 | FPS: 9383.6 | Var: ddqn
Step: 239616 | EPS: 0.94 | Rew: -0.66 | FPS: 11421.7 | Var: ddqn
Step: 240640 | EPS: 0.94 | Rew: -0.66 | FPS: 11708.3 | Var: ddqn
Step: 241664 | EPS: 0.94 | Rew: -0.67 | FPS: 10905.2 | Var: ddqn
Step: 242688 | EPS: 0.94 | Rew: -0.68 | FPS: 9887.8 | Var: ddqn
Step: 243712 | EPS: 0.94 | Rew: -0.68 | FPS: 10187.6 | Var: ddqn
Step: 244736 | EPS: 0.94 | Rew: -0.66 | FPS: 10101.9 | Var: ddqn
Step: 245760 | EPS: 0.94 | Rew: -0.64 | FPS: 10824.7 | Var: ddqn
Step: 246784 | EPS: 0.94 | Rew: -0.63 | FPS: 9677.0 | Var: ddqn
Step: 247808 | EPS: 0.94 | Rew: -0.63 | FPS: 9444.4 | Var: ddqn
Step: 248832 | EPS: 0.94 | Rew: -0.63 | FPS: 9347.7 | Var: ddqn
Step: 249856 | EPS: 0.94 | Rew: -0.63 | FPS: 9340.4 | Var: ddqn
Step: 250880 | EPS: 0.94 | Rew: -0.64 | FPS: 9150.8 | Var: ddqn
Step: 251904 | EPS: 0.94 | Rew: -0.67 | FPS: 9207.5 | Var: ddqn
Step: 252928 | EPS: 0.94 | Rew: -0.68 | FPS: 7119.3 | Var: ddqn
Step: 253952 | EPS: 0.94 | Rew: -0.68 | FPS: 8217.6 | Var: ddqn
Step: 254976 | EPS: 0.94 | Rew: -0.68 | FPS: 8871.0 | Var: ddqn
Step: 256000 | EPS: 0.94 | Rew: -0.66 | FPS: 9073.2 | Var: ddqn
Step: 257024 | EPS: 0.94 | Rew: -0.66 | FPS: 8436.9 | Var: ddqn
Step: 258048 | EPS: 0.94 | Rew: -0.67 | FPS: 8874.7 | Var: ddqn
Step: 259072 | EPS: 0.94 | Rew: -0.66 | FPS: 8980.2 | Var: ddqn
Step: 260096 | EPS: 0.94 | Rew: -0.65 | FPS: 9002.5 | Var: ddqn
Step: 261120 | EPS: 0.94 | Rew: -0.65 | FPS: 8250.8 | Var: ddqn
Step: 262144 | EPS: 0.94 | Rew: -0.65 | FPS: 7236.3 | Var: ddqn
Step: 263168 | EPS: 0.94 | Rew: -0.66 | FPS: 9376.0 | Var: ddqn
Step: 264192 | EPS: 0.94 | Rew: -0.68 | FPS: 9085.6 | Var: ddqn
Step: 265216 | EPS: 0.94 | Rew: -0.68 | FPS: 9244.4 | Var: ddqn
Step: 266240 | EPS: 0.93 | Rew: -0.69 | FPS: 9099.9 | Var: ddqn
Step: 267264 | EPS: 0.93 | Rew: -0.70 | FPS: 8776.2 | Var: ddqn
Step: 268288 | EPS: 0.93 | Rew: -0.68 | FPS: 8758.3 | Var: ddqn
Step: 269312 | EPS: 0.93 | Rew: -0.67 | FPS: 8471.7 | Var: ddqn
Step: 270336 | EPS: 0.93 | Rew: -0.66 | FPS: 7444.1 | Var: ddqn
Step: 271360 | EPS: 0.93 | Rew: -0.66 | FPS: 8753.6 | Var: ddqn
Step: 272384 | EPS: 0.93 | Rew: -0.65 | FPS: 9811.2 | Var: ddqn
Step: 273408 | EPS: 0.93 | Rew: -0.64 | FPS: 9592.1 | Var: ddqn
Step: 274432 | EPS: 0.93 | Rew: -0.62 | FPS: 9053.5 | Var: ddqn
Step: 275456 | EPS: 0.93 | Rew: -0.62 | FPS: 9676.9 | Var: ddqn
Step: 276480 | EPS: 0.93 | Rew: -0.62 | FPS: 9844.9 | Var: ddqn
Step: 277504 | EPS: 0.93 | Rew: -0.66 | FPS: 9724.0 | Var: ddqn
Step: 278528 | EPS: 0.93 | Rew: -0.67 | FPS: 9850.5 | Var: ddqn
Step: 279552 | EPS: 0.93 | Rew: -0.68 | FPS: 9675.3 | Var: ddqn
Step: 280576 | EPS: 0.93 | Rew: -0.66 | FPS: 8293.4 | Var: ddqn
Step: 281600 | EPS: 0.93 | Rew: -0.64 | FPS: 8726.7 | Var: ddqn
Step: 282624 | EPS: 0.93 | Rew: -0.60 | FPS: 9934.5 | Var: ddqn
Step: 283648 | EPS: 0.93 | Rew: -0.60 | FPS: 9740.1 | Var: ddqn
Step: 284672 | EPS: 0.93 | Rew: -0.59 | FPS: 9013.6 | Var: ddqn
Step: 285696 | EPS: 0.93 | Rew: -0.62 | FPS: 9392.3 | Var: ddqn
Step: 286720 | EPS: 0.93 | Rew: -0.65 | FPS: 9021.8 | Var: ddqn
Step: 287744 | EPS: 0.93 | Rew: -0.67 | FPS: 9226.9 | Var: ddqn
Step: 288768 | EPS: 0.93 | Rew: -0.67 | FPS: 9779.0 | Var: ddqn
Step: 289792 | EPS: 0.93 | Rew: -0.65 | FPS: 9657.0 | Var: ddqn
Step: 290816 | EPS: 0.93 | Rew: -0.67 | FPS: 9126.9 | Var: ddqn
Step: 291840 | EPS: 0.93 | Rew: -0.67 | FPS: 9625.2 | Var: ddqn
Step: 292864 | EPS: 0.93 | Rew: -0.68 | FPS: 9271.5 | Var: ddqn
Step: 293888 | EPS: 0.93 | Rew: -0.68 | FPS: 9272.6 | Var: ddqn
Step: 294912 | EPS: 0.93 | Rew: -0.66 | FPS: 9507.0 | Var: ddqn
Step: 295936 | EPS: 0.93 | Rew: -0.64 | FPS: 9440.6 | Var: ddqn
Step: 296960 | EPS: 0.93 | Rew: -0.63 | FPS: 9114.5 | Var: ddqn
Step: 297984 | EPS: 0.93 | Rew: -0.61 | FPS: 9779.8 | Var: ddqn
Step: 299008 | EPS: 0.93 | Rew: -0.62 | FPS: 9444.1 | Var: ddqn
Step: 300032 | EPS: 0.93 | Rew: -0.62 | FPS: 9287.5 | Var: ddqn
Step: 301056 | EPS: 0.93 | Rew: -0.65 | FPS: 8223.8 | Var: ddqn
Step: 302080 | EPS: 0.93 | Rew: -0.64 | FPS: 9234.8 | Var: ddqn
Step: 303104 | EPS: 0.93 | Rew: -0.65 | FPS: 9379.7 | Var: ddqn
Step: 304128 | EPS: 0.93 | Rew: -0.67 | FPS: 9271.8 | Var: ddqn
Step: 305152 | EPS: 0.93 | Rew: -0.67 | FPS: 9257.9 | Var: ddqn
Step: 306176 | EPS: 0.92 | Rew: -0.66 | FPS: 6996.7 | Var: ddqn
Step: 307200 | EPS: 0.92 | Rew: -0.65 | FPS: 9133.6 | Var: ddqn
Step: 308224 | EPS: 0.92 | Rew: -0.63 | FPS: 7592.6 | Var: ddqn
Step: 309248 | EPS: 0.92 | Rew: -0.60 | FPS: 9063.6 | Var: ddqn
Step: 310272 | EPS: 0.92 | Rew: -0.62 | FPS: 9063.0 | Var: ddqn
Step: 311296 | EPS: 0.92 | Rew: -0.63 | FPS: 9135.7 | Var: ddqn
Step: 312320 | EPS: 0.92 | Rew: -0.63 | FPS: 8621.0 | Var: ddqn
Step: 313344 | EPS: 0.92 | Rew: -0.66 | FPS: 8493.1 | Var: ddqn
Step: 314368 | EPS: 0.92 | Rew: -0.64 | FPS: 9804.0 | Var: ddqn
Step: 315392 | EPS: 0.92 | Rew: -0.64 | FPS: 10110.3 | Var: ddqn
Step: 316416 | EPS: 0.92 | Rew: -0.61 | FPS: 9842.1 | Var: ddqn
Step: 317440 | EPS: 0.92 | Rew: -0.62 | FPS: 9602.7 | Var: ddqn
Step: 318464 | EPS: 0.92 | Rew: -0.61 | FPS: 9500.5 | Var: ddqn
Step: 319488 | EPS: 0.92 | Rew: -0.61 | FPS: 9604.8 | Var: ddqn
Step: 320512 | EPS: 0.92 | Rew: -0.65 | FPS: 9441.4 | Var: ddqn
Step: 321536 | EPS: 0.92 | Rew: -0.63 | FPS: 9540.1 | Var: ddqn
Step: 322560 | EPS: 0.92 | Rew: -0.63 | FPS: 8193.5 | Var: ddqn
Step: 323584 | EPS: 0.92 | Rew: -0.63 | FPS: 9462.4 | Var: ddqn
Step: 324608 | EPS: 0.92 | Rew: -0.62 | FPS: 9778.2 | Var: ddqn
Step: 325632 | EPS: 0.92 | Rew: -0.64 | FPS: 9639.7 | Var: ddqn
Step: 326656 | EPS: 0.92 | Rew: -0.64 | FPS: 9181.6 | Var: ddqn
Step: 327680 | EPS: 0.92 | Rew: -0.65 | FPS: 9635.5 | Var: ddqn
Step: 328704 | EPS: 0.92 | Rew: -0.66 | FPS: 9573.5 | Var: ddqn
Step: 329728 | EPS: 0.92 | Rew: -0.64 | FPS: 9183.9 | Var: ddqn
Step: 330752 | EPS: 0.92 | Rew: -0.64 | FPS: 9359.8 | Var: ddqn
Step: 331776 | EPS: 0.92 | Rew: -0.63 | FPS: 9547.2 | Var: ddqn
Step: 332800 | EPS: 0.92 | Rew: -0.63 | FPS: 9329.4 | Var: ddqn
Step: 333824 | EPS: 0.92 | Rew: -0.66 | FPS: 9389.6 | Var: ddqn
Step: 334848 | EPS: 0.92 | Rew: -0.65 | FPS: 9572.2 | Var: ddqn
Step: 335872 | EPS: 0.92 | Rew: -0.65 | FPS: 11047.5 | Var: ddqn
Step: 336896 | EPS: 0.92 | Rew: -0.64 | FPS: 9236.5 | Var: ddqn
Step: 337920 | EPS: 0.92 | Rew: -0.63 | FPS: 9189.4 | Var: ddqn
Step: 338944 | EPS: 0.92 | Rew: -0.65 | FPS: 9908.2 | Var: ddqn
Step: 339968 | EPS: 0.92 | Rew: -0.65 | FPS: 9383.2 | Var: ddqn
Step: 340992 | EPS: 0.92 | Rew: -0.63 | FPS: 9273.6 | Var: ddqn
Step: 342016 | EPS: 0.92 | Rew: -0.64 | FPS: 9808.9 | Var: ddqn
Step: 343040 | EPS: 0.92 | Rew: -0.63 | FPS: 9358.8 | Var: ddqn
Step: 344064 | EPS: 0.92 | Rew: -0.61 | FPS: 9359.2 | Var: ddqn
Step: 345088 | EPS: 0.92 | Rew: -0.63 | FPS: 9107.6 | Var: ddqn
Step: 346112 | EPS: 0.92 | Rew: -0.60 | FPS: 9419.3 | Var: ddqn
Step: 347136 | EPS: 0.91 | Rew: -0.60 | FPS: 9316.0 | Var: ddqn
Step: 348160 | EPS: 0.91 | Rew: -0.58 | FPS: 8992.8 | Var: ddqn
Step: 349184 | EPS: 0.91 | Rew: -0.57 | FPS: 7365.9 | Var: ddqn
Step: 350208 | EPS: 0.91 | Rew: -0.59 | FPS: 9314.0 | Var: ddqn
Step: 351232 | EPS: 0.91 | Rew: -0.58 | FPS: 8733.9 | Var: ddqn
Step: 352256 | EPS: 0.91 | Rew: -0.62 | FPS: 7536.0 | Var: ddqn
Step: 353280 | EPS: 0.91 | Rew: -0.64 | FPS: 7381.4 | Var: ddqn
Step: 354304 | EPS: 0.91 | Rew: -0.63 | FPS: 9195.7 | Var: ddqn
Step: 355328 | EPS: 0.91 | Rew: -0.63 | FPS: 9126.7 | Var: ddqn
Step: 356352 | EPS: 0.91 | Rew: -0.61 | FPS: 8969.0 | Var: ddqn
Step: 357376 | EPS: 0.91 | Rew: -0.60 | FPS: 9243.1 | Var: ddqn
Step: 358400 | EPS: 0.91 | Rew: -0.62 | FPS: 9198.1 | Var: ddqn
Step: 359424 | EPS: 0.91 | Rew: -0.59 | FPS: 8350.7 | Var: ddqn
Step: 360448 | EPS: 0.91 | Rew: -0.58 | FPS: 9294.4 | Var: ddqn
Step: 361472 | EPS: 0.91 | Rew: -0.57 | FPS: 9370.6 | Var: ddqn
Step: 362496 | EPS: 0.91 | Rew: -0.57 | FPS: 9923.7 | Var: ddqn
Step: 363520 | EPS: 0.91 | Rew: -0.61 | FPS: 9368.6 | Var: ddqn
Step: 364544 | EPS: 0.91 | Rew: -0.63 | FPS: 9149.9 | Var: ddqn
Step: 365568 | EPS: 0.91 | Rew: -0.65 | FPS: 9518.9 | Var: ddqn
Step: 366592 | EPS: 0.91 | Rew: -0.64 | FPS: 9235.5 | Var: ddqn
Step: 367616 | EPS: 0.91 | Rew: -0.62 | FPS: 9234.2 | Var: ddqn
Step: 368640 | EPS: 0.91 | Rew: -0.64 | FPS: 9485.3 | Var: ddqn
Step: 369664 | EPS: 0.91 | Rew: -0.64 | FPS: 8799.2 | Var: ddqn
Step: 370688 | EPS: 0.91 | Rew: -0.65 | FPS: 8980.5 | Var: ddqn
Step: 371712 | EPS: 0.91 | Rew: -0.66 | FPS: 9117.0 | Var: ddqn
Step: 372736 | EPS: 0.91 | Rew: -0.63 | FPS: 9675.5 | Var: ddqn
Step: 373760 | EPS: 0.91 | Rew: -0.62 | FPS: 7426.8 | Var: ddqn
Step: 374784 | EPS: 0.91 | Rew: -0.62 | FPS: 9181.3 | Var: ddqn
Step: 375808 | EPS: 0.91 | Rew: -0.62 | FPS: 9733.2 | Var: ddqn
Step: 376832 | EPS: 0.91 | Rew: -0.63 | FPS: 9382.5 | Var: ddqn
Step: 377856 | EPS: 0.91 | Rew: -0.62 | FPS: 9001.6 | Var: ddqn
Step: 378880 | EPS: 0.91 | Rew: -0.63 | FPS: 9239.1 | Var: ddqn
Step: 379904 | EPS: 0.91 | Rew: -0.61 | FPS: 6623.7 | Var: ddqn
Step: 380928 | EPS: 0.91 | Rew: -0.62 | FPS: 9848.1 | Var: ddqn
Step: 381952 | EPS: 0.91 | Rew: -0.64 | FPS: 9655.0 | Var: ddqn
Step: 382976 | EPS: 0.91 | Rew: -0.66 | FPS: 9238.3 | Var: ddqn
Step: 384000 | EPS: 0.91 | Rew: -0.65 | FPS: 9221.7 | Var: ddqn
Step: 385024 | EPS: 0.91 | Rew: -0.66 | FPS: 9171.1 | Var: ddqn
Step: 386048 | EPS: 0.91 | Rew: -0.64 | FPS: 7695.9 | Var: ddqn
Step: 387072 | EPS: 0.91 | Rew: -0.59 | FPS: 9484.3 | Var: ddqn
Step: 388096 | EPS: 0.90 | Rew: -0.59 | FPS: 9448.4 | Var: ddqn
Step: 389120 | EPS: 0.90 | Rew: -0.58 | FPS: 9560.6 | Var: ddqn
Step: 390144 | EPS: 0.90 | Rew: -0.58 | FPS: 9243.7 | Var: ddqn
Step: 391168 | EPS: 0.90 | Rew: -0.63 | FPS: 9232.5 | Var: ddqn
Step: 392192 | EPS: 0.90 | Rew: -0.65 | FPS: 9734.4 | Var: ddqn
Step: 393216 | EPS: 0.90 | Rew: -0.64 | FPS: 9097.2 | Var: ddqn
Step: 394240 | EPS: 0.90 | Rew: -0.64 | FPS: 9176.5 | Var: ddqn
Step: 395264 | EPS: 0.90 | Rew: -0.64 | FPS: 9017.4 | Var: ddqn
Step: 396288 | EPS: 0.90 | Rew: -0.61 | FPS: 9336.9 | Var: ddqn
Step: 397312 | EPS: 0.90 | Rew: -0.62 | FPS: 9585.5 | Var: ddqn
Step: 398336 | EPS: 0.90 | Rew: -0.62 | FPS: 9342.3 | Var: ddqn
Step: 399360 | EPS: 0.90 | Rew: -0.63 | FPS: 6777.6 | Var: ddqn
Step: 400384 | EPS: 0.90 | Rew: -0.63 | FPS: 9271.9 | Var: ddqn
Step: 401408 | EPS: 0.90 | Rew: -0.65 | FPS: 9538.1 | Var: ddqn
Step: 402432 | EPS: 0.90 | Rew: -0.64 | FPS: 11842.0 | Var: ddqn
Step: 403456 | EPS: 0.90 | Rew: -0.64 | FPS: 11385.4 | Var: ddqn
Step: 404480 | EPS: 0.90 | Rew: -0.60 | FPS: 11362.8 | Var: ddqn
Step: 405504 | EPS: 0.90 | Rew: -0.62 | FPS: 11394.0 | Var: ddqn
Step: 406528 | EPS: 0.90 | Rew: -0.61 | FPS: 11903.4 | Var: ddqn
Step: 407552 | EPS: 0.90 | Rew: -0.62 | FPS: 11639.7 | Var: ddqn
Step: 408576 | EPS: 0.90 | Rew: -0.62 | FPS: 11603.4 | Var: ddqn
Step: 409600 | EPS: 0.90 | Rew: -0.61 | FPS: 11726.8 | Var: ddqn
Step: 410624 | EPS: 0.90 | Rew: -0.62 | FPS: 11484.4 | Var: ddqn
Step: 411648 | EPS: 0.90 | Rew: -0.60 | FPS: 7156.7 | Var: ddqn
Step: 412672 | EPS: 0.90 | Rew: -0.59 | FPS: 9315.2 | Var: ddqn
Step: 413696 | EPS: 0.90 | Rew: -0.58 | FPS: 9096.7 | Var: ddqn
Step: 414720 | EPS: 0.90 | Rew: -0.62 | FPS: 9944.8 | Var: ddqn
Step: 415744 | EPS: 0.90 | Rew: -0.64 | FPS: 11761.6 | Var: ddqn
Step: 416768 | EPS: 0.90 | Rew: -0.65 | FPS: 11363.9 | Var: ddqn
Step: 417792 | EPS: 0.90 | Rew: -0.67 | FPS: 12185.5 | Var: ddqn
Step: 418816 | EPS: 0.90 | Rew: -0.67 | FPS: 11498.4 | Var: ddqn
Step: 419840 | EPS: 0.90 | Rew: -0.65 | FPS: 8544.7 | Var: ddqn
Step: 420864 | EPS: 0.90 | Rew: -0.63 | FPS: 9089.6 | Var: ddqn
Step: 421888 | EPS: 0.90 | Rew: -0.61 | FPS: 9133.2 | Var: ddqn
Step: 422912 | EPS: 0.90 | Rew: -0.60 | FPS: 9149.0 | Var: ddqn
Step: 423936 | EPS: 0.90 | Rew: -0.61 | FPS: 9511.8 | Var: ddqn
Step: 424960 | EPS: 0.90 | Rew: -0.63 | FPS: 9142.3 | Var: ddqn
Step: 425984 | EPS: 0.90 | Rew: -0.65 | FPS: 6592.7 | Var: ddqn
Step: 427008 | EPS: 0.90 | Rew: -0.64 | FPS: 8809.1 | Var: ddqn
Step: 428032 | EPS: 0.90 | Rew: -0.63 | FPS: 8817.7 | Var: ddqn
Step: 429056 | EPS: 0.89 | Rew: -0.60 | FPS: 9277.1 | Var: ddqn
Step: 430080 | EPS: 0.89 | Rew: -0.59 | FPS: 9798.2 | Var: ddqn
Step: 431104 | EPS: 0.89 | Rew: -0.59 | FPS: 9767.9 | Var: ddqn
Step: 432128 | EPS: 0.89 | Rew: -0.60 | FPS: 9723.7 | Var: ddqn
Step: 433152 | EPS: 0.89 | Rew: -0.61 | FPS: 8089.4 | Var: ddqn
Step: 434176 | EPS: 0.89 | Rew: -0.62 | FPS: 8507.0 | Var: ddqn
Step: 435200 | EPS: 0.89 | Rew: -0.64 | FPS: 9680.9 | Var: ddqn
Step: 436224 | EPS: 0.89 | Rew: -0.64 | FPS: 9336.0 | Var: ddqn
Step: 437248 | EPS: 0.89 | Rew: -0.62 | FPS: 9133.3 | Var: ddqn
Step: 438272 | EPS: 0.89 | Rew: -0.59 | FPS: 8294.0 | Var: ddqn
Step: 439296 | EPS: 0.89 | Rew: -0.58 | FPS: 9273.1 | Var: ddqn
Step: 440320 | EPS: 0.89 | Rew: -0.57 | FPS: 8993.7 | Var: ddqn
Step: 441344 | EPS: 0.89 | Rew: -0.58 | FPS: 8579.4 | Var: ddqn
Step: 442368 | EPS: 0.89 | Rew: -0.60 | FPS: 9310.0 | Var: ddqn
Step: 443392 | EPS: 0.89 | Rew: -0.64 | FPS: 9219.8 | Var: ddqn
Step: 444416 | EPS: 0.89 | Rew: -0.66 | FPS: 9484.7 | Var: ddqn
Step: 445440 | EPS: 0.89 | Rew: -0.66 | FPS: 9294.3 | Var: ddqn
Step: 446464 | EPS: 0.89 | Rew: -0.65 | FPS: 8477.7 | Var: ddqn
Step: 447488 | EPS: 0.89 | Rew: -0.61 | FPS: 9023.1 | Var: ddqn
Step: 448512 | EPS: 0.89 | Rew: -0.58 | FPS: 7760.9 | Var: ddqn
Step: 449536 | EPS: 0.89 | Rew: -0.57 | FPS: 8963.0 | Var: ddqn
Step: 450560 | EPS: 0.89 | Rew: -0.53 | FPS: 9053.4 | Var: ddqn
Step: 451584 | EPS: 0.89 | Rew: -0.56 | FPS: 9218.1 | Var: ddqn
Step: 452608 | EPS: 0.89 | Rew: -0.57 | FPS: 8760.4 | Var: ddqn
Step: 453632 | EPS: 0.89 | Rew: -0.58 | FPS: 9065.6 | Var: ddqn
Step: 454656 | EPS: 0.89 | Rew: -0.63 | FPS: 9510.2 | Var: ddqn
Step: 455680 | EPS: 0.89 | Rew: -0.63 | FPS: 9624.4 | Var: ddqn
Step: 456704 | EPS: 0.89 | Rew: -0.64 | FPS: 9675.4 | Var: ddqn
Step: 457728 | EPS: 0.89 | Rew: -0.65 | FPS: 9286.0 | Var: ddqn
Step: 458752 | EPS: 0.89 | Rew: -0.65 | FPS: 8802.7 | Var: ddqn
Step: 459776 | EPS: 0.89 | Rew: -0.64 | FPS: 8820.5 | Var: ddqn
Step: 460800 | EPS: 0.89 | Rew: -0.65 | FPS: 9158.1 | Var: ddqn
Step: 461824 | EPS: 0.89 | Rew: -0.62 | FPS: 9016.2 | Var: ddqn
Step: 462848 | EPS: 0.89 | Rew: -0.62 | FPS: 9231.1 | Var: ddqn
Step: 463872 | EPS: 0.89 | Rew: -0.62 | FPS: 8938.4 | Var: ddqn
Step: 464896 | EPS: 0.89 | Rew: -0.62 | FPS: 9462.7 | Var: ddqn
Step: 465920 | EPS: 0.89 | Rew: -0.61 | FPS: 9615.6 | Var: ddqn
Step: 466944 | EPS: 0.89 | Rew: -0.57 | FPS: 7730.2 | Var: ddqn
Step: 467968 | EPS: 0.89 | Rew: -0.56 | FPS: 8695.7 | Var: ddqn
Step: 468992 | EPS: 0.89 | Rew: -0.56 | FPS: 9285.4 | Var: ddqn
Step: 470016 | EPS: 0.88 | Rew: -0.58 | FPS: 6884.1 | Var: ddqn
Step: 471040 | EPS: 0.88 | Rew: -0.60 | FPS: 9016.4 | Var: ddqn
Step: 472064 | EPS: 0.88 | Rew: -0.61 | FPS: 9155.7 | Var: ddqn
Step: 473088 | EPS: 0.88 | Rew: -0.62 | FPS: 8875.7 | Var: ddqn
Step: 474112 | EPS: 0.88 | Rew: -0.59 | FPS: 9167.6 | Var: ddqn
Step: 475136 | EPS: 0.88 | Rew: -0.60 | FPS: 8681.6 | Var: ddqn
Step: 476160 | EPS: 0.88 | Rew: -0.58 | FPS: 7867.6 | Var: ddqn
Step: 477184 | EPS: 0.88 | Rew: -0.60 | FPS: 6764.9 | Var: ddqn
Step: 478208 | EPS: 0.88 | Rew: -0.61 | FPS: 7542.6 | Var: ddqn
Step: 479232 | EPS: 0.88 | Rew: -0.59 | FPS: 9336.4 | Var: ddqn
Step: 480256 | EPS: 0.88 | Rew: -0.58 | FPS: 9898.8 | Var: ddqn
Step: 481280 | EPS: 0.88 | Rew: -0.59 | FPS: 9603.6 | Var: ddqn
Step: 482304 | EPS: 0.88 | Rew: -0.59 | FPS: 7315.6 | Var: ddqn
Step: 483328 | EPS: 0.88 | Rew: -0.58 | FPS: 9103.2 | Var: ddqn
Step: 484352 | EPS: 0.88 | Rew: -0.61 | FPS: 9399.9 | Var: ddqn
Step: 485376 | EPS: 0.88 | Rew: -0.60 | FPS: 8895.5 | Var: ddqn
Step: 486400 | EPS: 0.88 | Rew: -0.61 | FPS: 9564.2 | Var: ddqn
Step: 487424 | EPS: 0.88 | Rew: -0.61 | FPS: 9617.7 | Var: ddqn
Step: 488448 | EPS: 0.88 | Rew: -0.63 | FPS: 9312.2 | Var: ddqn
Step: 489472 | EPS: 0.88 | Rew: -0.63 | FPS: 9182.7 | Var: ddqn
Step: 490496 | EPS: 0.88 | Rew: -0.61 | FPS: 7736.2 | Var: ddqn
Step: 491520 | EPS: 0.88 | Rew: -0.61 | FPS: 9577.0 | Var: ddqn
Step: 492544 | EPS: 0.88 | Rew: -0.58 | FPS: 7633.9 | Var: ddqn
Step: 493568 | EPS: 0.88 | Rew: -0.59 | FPS: 8034.0 | Var: ddqn
Step: 494592 | EPS: 0.88 | Rew: -0.57 | FPS: 8838.9 | Var: ddqn
Step: 495616 | EPS: 0.88 | Rew: -0.58 | FPS: 9549.2 | Var: ddqn
Step: 496640 | EPS: 0.88 | Rew: -0.58 | FPS: 8514.7 | Var: ddqn
Step: 497664 | EPS: 0.88 | Rew: -0.57 | FPS: 8961.8 | Var: ddqn
Step: 498688 | EPS: 0.88 | Rew: -0.60 | FPS: 9301.2 | Var: ddqn
Step: 499712 | EPS: 0.88 | Rew: -0.58 | FPS: 8425.6 | Var: ddqn
Step: 500736 | EPS: 0.88 | Rew: -0.59 | FPS: 7489.6 | Var: ddqn
Step: 501760 | EPS: 0.88 | Rew: -0.57 | FPS: 9462.0 | Var: ddqn
Step: 502784 | EPS: 0.88 | Rew: -0.57 | FPS: 9765.9 | Var: ddqn
Step: 503808 | EPS: 0.88 | Rew: -0.58 | FPS: 9248.5 | Var: ddqn
Step: 504832 | EPS: 0.88 | Rew: -0.58 | FPS: 9569.8 | Var: ddqn
Step: 505856 | EPS: 0.88 | Rew: -0.60 | FPS: 9470.6 | Var: ddqn
Step: 506880 | EPS: 0.88 | Rew: -0.60 | FPS: 9702.3 | Var: ddqn
Step: 507904 | EPS: 0.88 | Rew: -0.59 | FPS: 9224.0 | Var: ddqn
Step: 508928 | EPS: 0.88 | Rew: -0.59 | FPS: 9156.8 | Var: ddqn
Step: 509952 | EPS: 0.88 | Rew: -0.62 | FPS: 9244.5 | Var: ddqn
Step: 510976 | EPS: 0.87 | Rew: -0.62 | FPS: 8847.8 | Var: ddqn
Step: 512000 | EPS: 0.87 | Rew: -0.61 | FPS: 9687.9 | Var: ddqn
Step: 513024 | EPS: 0.87 | Rew: -0.60 | FPS: 9731.9 | Var: ddqn
Step: 514048 | EPS: 0.87 | Rew: -0.61 | FPS: 7076.4 | Var: ddqn
Step: 515072 | EPS: 0.87 | Rew: -0.59 | FPS: 7241.5 | Var: ddqn
Step: 516096 | EPS: 0.87 | Rew: -0.58 | FPS: 9848.1 | Var: ddqn
Step: 517120 | EPS: 0.87 | Rew: -0.58 | FPS: 7882.2 | Var: ddqn
Step: 518144 | EPS: 0.87 | Rew: -0.53 | FPS: 9215.6 | Var: ddqn
Step: 519168 | EPS: 0.87 | Rew: -0.50 | FPS: 8640.5 | Var: ddqn
Step: 520192 | EPS: 0.87 | Rew: -0.53 | FPS: 8323.1 | Var: ddqn
Step: 521216 | EPS: 0.87 | Rew: -0.54 | FPS: 9341.7 | Var: ddqn
Step: 522240 | EPS: 0.87 | Rew: -0.58 | FPS: 9500.0 | Var: ddqn
Step: 523264 | EPS: 0.87 | Rew: -0.61 | FPS: 9707.4 | Var: ddqn
Step: 524288 | EPS: 0.87 | Rew: -0.59 | FPS: 7763.4 | Var: ddqn
Step: 525312 | EPS: 0.87 | Rew: -0.58 | FPS: 9238.3 | Var: ddqn
Step: 526336 | EPS: 0.87 | Rew: -0.59 | FPS: 5985.2 | Var: ddqn
Step: 527360 | EPS: 0.87 | Rew: -0.60 | FPS: 9306.5 | Var: ddqn
Step: 528384 | EPS: 0.87 | Rew: -0.60 | FPS: 9473.8 | Var: ddqn
Step: 529408 | EPS: 0.87 | Rew: -0.62 | FPS: 9483.9 | Var: ddqn
Step: 530432 | EPS: 0.87 | Rew: -0.58 | FPS: 9209.5 | Var: ddqn
Step: 531456 | EPS: 0.87 | Rew: -0.55 | FPS: 7962.8 | Var: ddqn
Step: 532480 | EPS: 0.87 | Rew: -0.57 | FPS: 9493.6 | Var: ddqn
Step: 533504 | EPS: 0.87 | Rew: -0.54 | FPS: 9604.2 | Var: ddqn
Step: 534528 | EPS: 0.87 | Rew: -0.58 | FPS: 7998.5 | Var: ddqn
Step: 535552 | EPS: 0.87 | Rew: -0.58 | FPS: 9044.9 | Var: ddqn
Step: 536576 | EPS: 0.87 | Rew: -0.57 | FPS: 8913.0 | Var: ddqn
Step: 537600 | EPS: 0.87 | Rew: -0.58 | FPS: 8053.5 | Var: ddqn
Step: 538624 | EPS: 0.87 | Rew: -0.57 | FPS: 9248.9 | Var: ddqn
Step: 539648 | EPS: 0.87 | Rew: -0.55 | FPS: 9116.2 | Var: ddqn
Step: 540672 | EPS: 0.87 | Rew: -0.55 | FPS: 8103.3 | Var: ddqn
Step: 541696 | EPS: 0.87 | Rew: -0.53 | FPS: 9123.5 | Var: ddqn
Step: 542720 | EPS: 0.87 | Rew: -0.54 | FPS: 9749.3 | Var: ddqn
Step: 543744 | EPS: 0.87 | Rew: -0.55 | FPS: 9406.3 | Var: ddqn
Step: 544768 | EPS: 0.87 | Rew: -0.56 | FPS: 9515.9 | Var: ddqn
Step: 545792 | EPS: 0.87 | Rew: -0.60 | FPS: 9543.2 | Var: ddqn
Step: 546816 | EPS: 0.87 | Rew: -0.60 | FPS: 9237.8 | Var: ddqn
Step: 547840 | EPS: 0.87 | Rew: -0.58 | FPS: 9160.9 | Var: ddqn
Step: 548864 | EPS: 0.87 | Rew: -0.59 | FPS: 9327.0 | Var: ddqn
Step: 549888 | EPS: 0.87 | Rew: -0.55 | FPS: 9155.8 | Var: ddqn
Step: 550912 | EPS: 0.87 | Rew: -0.54 | FPS: 9429.8 | Var: ddqn
Step: 551936 | EPS: 0.86 | Rew: -0.58 | FPS: 9566.6 | Var: ddqn
Step: 552960 | EPS: 0.86 | Rew: -0.56 | FPS: 9650.4 | Var: ddqn
Step: 553984 | EPS: 0.86 | Rew: -0.60 | FPS: 9202.7 | Var: ddqn
Step: 555008 | EPS: 0.86 | Rew: -0.60 | FPS: 9226.4 | Var: ddqn
Step: 556032 | EPS: 0.86 | Rew: -0.57 | FPS: 8159.6 | Var: ddqn
Step: 557056 | EPS: 0.86 | Rew: -0.55 | FPS: 9470.5 | Var: ddqn
Step: 558080 | EPS: 0.86 | Rew: -0.50 | FPS: 9354.7 | Var: ddqn
Step: 559104 | EPS: 0.86 | Rew: -0.49 | FPS: 8731.1 | Var: ddqn
Step: 560128 | EPS: 0.86 | Rew: -0.50 | FPS: 9286.3 | Var: ddqn
Step: 561152 | EPS: 0.86 | Rew: -0.54 | FPS: 8260.8 | Var: ddqn
Step: 562176 | EPS: 0.86 | Rew: -0.61 | FPS: 9053.4 | Var: ddqn
Step: 563200 | EPS: 0.86 | Rew: -0.60 | FPS: 9606.8 | Var: ddqn
Step: 564224 | EPS: 0.86 | Rew: -0.57 | FPS: 9187.2 | Var: ddqn
Step: 565248 | EPS: 0.86 | Rew: -0.60 | FPS: 8996.4 | Var: ddqn
Step: 566272 | EPS: 0.86 | Rew: -0.60 | FPS: 9059.8 | Var: ddqn
Step: 567296 | EPS: 0.86 | Rew: -0.59 | FPS: 9370.0 | Var: ddqn
Step: 568320 | EPS: 0.86 | Rew: -0.60 | FPS: 9381.6 | Var: ddqn
Step: 569344 | EPS: 0.86 | Rew: -0.61 | FPS: 8423.0 | Var: ddqn
Step: 570368 | EPS: 0.86 | Rew: -0.59 | FPS: 8972.6 | Var: ddqn
Step: 571392 | EPS: 0.86 | Rew: -0.61 | FPS: 9769.6 | Var: ddqn
Step: 572416 | EPS: 0.86 | Rew: -0.60 | FPS: 9604.6 | Var: ddqn
Step: 573440 | EPS: 0.86 | Rew: -0.58 | FPS: 8947.7 | Var: ddqn
Step: 574464 | EPS: 0.86 | Rew: -0.57 | FPS: 8816.0 | Var: ddqn
Step: 575488 | EPS: 0.86 | Rew: -0.57 | FPS: 9546.7 | Var: ddqn
Step: 576512 | EPS: 0.86 | Rew: -0.56 | FPS: 9637.9 | Var: ddqn
Step: 577536 | EPS: 0.86 | Rew: -0.59 | FPS: 9876.6 | Var: ddqn
Step: 578560 | EPS: 0.86 | Rew: -0.59 | FPS: 7510.2 | Var: ddqn
Step: 579584 | EPS: 0.86 | Rew: -0.61 | FPS: 9222.7 | Var: ddqn
Step: 580608 | EPS: 0.86 | Rew: -0.60 | FPS: 9100.8 | Var: ddqn
Step: 581632 | EPS: 0.86 | Rew: -0.61 | FPS: 8783.1 | Var: ddqn
Step: 582656 | EPS: 0.86 | Rew: -0.62 | FPS: 9427.8 | Var: ddqn
Step: 583680 | EPS: 0.86 | Rew: -0.60 | FPS: 8924.1 | Var: ddqn
Step: 584704 | EPS: 0.86 | Rew: -0.61 | FPS: 9392.7 | Var: ddqn
Step: 585728 | EPS: 0.86 | Rew: -0.59 | FPS: 9616.7 | Var: ddqn
Step: 586752 | EPS: 0.86 | Rew: -0.57 | FPS: 9482.6 | Var: ddqn
Step: 587776 | EPS: 0.86 | Rew: -0.56 | FPS: 9587.2 | Var: ddqn
Step: 588800 | EPS: 0.86 | Rew: -0.53 | FPS: 9795.0 | Var: ddqn
Step: 589824 | EPS: 0.86 | Rew: -0.52 | FPS: 9767.7 | Var: ddqn
Step: 590848 | EPS: 0.86 | Rew: -0.54 | FPS: 9493.9 | Var: ddqn
Step: 591872 | EPS: 0.85 | Rew: -0.56 | FPS: 9480.9 | Var: ddqn
Step: 592896 | EPS: 0.85 | Rew: -0.53 | FPS: 9166.7 | Var: ddqn
Step: 593920 | EPS: 0.85 | Rew: -0.53 | FPS: 9233.3 | Var: ddqn
Step: 594944 | EPS: 0.85 | Rew: -0.55 | FPS: 9278.5 | Var: ddqn
Step: 595968 | EPS: 0.85 | Rew: -0.57 | FPS: 9245.0 | Var: ddqn
Step: 596992 | EPS: 0.85 | Rew: -0.60 | FPS: 9543.7 | Var: ddqn
Step: 598016 | EPS: 0.85 | Rew: -0.61 | FPS: 9084.9 | Var: ddqn
Step: 599040 | EPS: 0.85 | Rew: -0.62 | FPS: 8915.1 | Var: ddqn
Step: 600064 | EPS: 0.85 | Rew: -0.58 | FPS: 9429.7 | Var: ddqn
Step: 601088 | EPS: 0.85 | Rew: -0.57 | FPS: 7832.5 | Var: ddqn
Step: 602112 | EPS: 0.85 | Rew: -0.56 | FPS: 9199.5 | Var: ddqn
Step: 603136 | EPS: 0.85 | Rew: -0.56 | FPS: 8920.4 | Var: ddqn
Step: 604160 | EPS: 0.85 | Rew: -0.56 | FPS: 9123.0 | Var: ddqn
Step: 605184 | EPS: 0.85 | Rew: -0.53 | FPS: 8421.3 | Var: ddqn
Step: 606208 | EPS: 0.85 | Rew: -0.52 | FPS: 9234.6 | Var: ddqn
Step: 607232 | EPS: 0.85 | Rew: -0.52 | FPS: 9338.2 | Var: ddqn
Step: 608256 | EPS: 0.85 | Rew: -0.55 | FPS: 9584.6 | Var: ddqn
Step: 609280 | EPS: 0.85 | Rew: -0.55 | FPS: 9519.1 | Var: ddqn
Step: 610304 | EPS: 0.85 | Rew: -0.56 | FPS: 9645.1 | Var: ddqn
Step: 611328 | EPS: 0.85 | Rew: -0.57 | FPS: 9241.3 | Var: ddqn
Step: 612352 | EPS: 0.85 | Rew: -0.54 | FPS: 9572.6 | Var: ddqn
Step: 613376 | EPS: 0.85 | Rew: -0.54 | FPS: 9668.4 | Var: ddqn
Step: 614400 | EPS: 0.85 | Rew: -0.57 | FPS: 8856.5 | Var: ddqn
Step: 615424 | EPS: 0.85 | Rew: -0.54 | FPS: 9314.8 | Var: ddqn
Step: 616448 | EPS: 0.85 | Rew: -0.55 | FPS: 9754.6 | Var: ddqn
Step: 617472 | EPS: 0.85 | Rew: -0.58 | FPS: 7256.8 | Var: ddqn
Step: 618496 | EPS: 0.85 | Rew: -0.57 | FPS: 9379.4 | Var: ddqn
Step: 619520 | EPS: 0.85 | Rew: -0.57 | FPS: 7278.3 | Var: ddqn
Step: 620544 | EPS: 0.85 | Rew: -0.57 | FPS: 8939.2 | Var: ddqn
Step: 621568 | EPS: 0.85 | Rew: -0.56 | FPS: 9275.5 | Var: ddqn
Step: 622592 | EPS: 0.85 | Rew: -0.56 | FPS: 9201.7 | Var: ddqn
Step: 623616 | EPS: 0.85 | Rew: -0.58 | FPS: 7304.7 | Var: ddqn
Step: 624640 | EPS: 0.85 | Rew: -0.61 | FPS: 8989.4 | Var: ddqn
Step: 625664 | EPS: 0.85 | Rew: -0.60 | FPS: 8782.3 | Var: ddqn
Step: 626688 | EPS: 0.85 | Rew: -0.59 | FPS: 8049.1 | Var: ddqn
Step: 627712 | EPS: 0.85 | Rew: -0.59 | FPS: 8460.2 | Var: ddqn
Step: 628736 | EPS: 0.85 | Rew: -0.57 | FPS: 9615.0 | Var: ddqn
Step: 629760 | EPS: 0.85 | Rew: -0.50 | FPS: 9343.8 | Var: ddqn
Step: 630784 | EPS: 0.85 | Rew: -0.52 | FPS: 9543.9 | Var: ddqn
Step: 631808 | EPS: 0.85 | Rew: -0.49 | FPS: 8509.9 | Var: ddqn
Step: 632832 | EPS: 0.84 | Rew: -0.47 | FPS: 9493.8 | Var: ddqn
Step: 633856 | EPS: 0.84 | Rew: -0.48 | FPS: 9504.3 | Var: ddqn
Step: 634880 | EPS: 0.84 | Rew: -0.48 | FPS: 9452.8 | Var: ddqn
Step: 635904 | EPS: 0.84 | Rew: -0.47 | FPS: 9867.3 | Var: ddqn
Step: 636928 | EPS: 0.84 | Rew: -0.52 | FPS: 9322.4 | Var: ddqn
Step: 637952 | EPS: 0.84 | Rew: -0.55 | FPS: 9066.5 | Var: ddqn
Step: 638976 | EPS: 0.84 | Rew: -0.56 | FPS: 9605.1 | Var: ddqn
Step: 640000 | EPS: 0.84 | Rew: -0.56 | FPS: 9224.8 | Var: ddqn
Step: 641024 | EPS: 0.84 | Rew: -0.56 | FPS: 9474.7 | Var: ddqn
Step: 642048 | EPS: 0.84 | Rew: -0.56 | FPS: 9377.9 | Var: ddqn
Step: 643072 | EPS: 0.84 | Rew: -0.54 | FPS: 7455.2 | Var: ddqn
Step: 644096 | EPS: 0.84 | Rew: -0.58 | FPS: 8947.0 | Var: ddqn
Step: 645120 | EPS: 0.84 | Rew: -0.56 | FPS: 9375.0 | Var: ddqn
Step: 646144 | EPS: 0.84 | Rew: -0.55 | FPS: 9204.7 | Var: ddqn
Step: 647168 | EPS: 0.84 | Rew: -0.52 | FPS: 9186.5 | Var: ddqn
Step: 648192 | EPS: 0.84 | Rew: -0.53 | FPS: 9272.2 | Var: ddqn
Step: 649216 | EPS: 0.84 | Rew: -0.54 | FPS: 8887.0 | Var: ddqn
Step: 650240 | EPS: 0.84 | Rew: -0.55 | FPS: 9221.4 | Var: ddqn
Step: 651264 | EPS: 0.84 | Rew: -0.56 | FPS: 7580.4 | Var: ddqn
Step: 652288 | EPS: 0.84 | Rew: -0.58 | FPS: 6690.6 | Var: ddqn
Step: 653312 | EPS: 0.84 | Rew: -0.55 | FPS: 9217.1 | Var: ddqn
Step: 654336 | EPS: 0.84 | Rew: -0.54 | FPS: 9115.9 | Var: ddqn
Step: 655360 | EPS: 0.84 | Rew: -0.55 | FPS: 8887.1 | Var: ddqn
Step: 656384 | EPS: 0.84 | Rew: -0.51 | FPS: 9590.7 | Var: ddqn
Step: 657408 | EPS: 0.84 | Rew: -0.54 | FPS: 7789.8 | Var: ddqn
Step: 658432 | EPS: 0.84 | Rew: -0.56 | FPS: 8246.0 | Var: ddqn
Step: 659456 | EPS: 0.84 | Rew: -0.54 | FPS: 8896.8 | Var: ddqn
Step: 660480 | EPS: 0.84 | Rew: -0.56 | FPS: 9500.1 | Var: ddqn
Step: 661504 | EPS: 0.84 | Rew: -0.57 | FPS: 9237.9 | Var: ddqn
Step: 662528 | EPS: 0.84 | Rew: -0.54 | FPS: 9110.2 | Var: ddqn
Step: 663552 | EPS: 0.84 | Rew: -0.54 | FPS: 6771.1 | Var: ddqn
Step: 664576 | EPS: 0.84 | Rew: -0.54 | FPS: 9200.8 | Var: ddqn
Step: 665600 | EPS: 0.84 | Rew: -0.52 | FPS: 9712.6 | Var: ddqn
Step: 666624 | EPS: 0.84 | Rew: -0.49 | FPS: 9118.8 | Var: ddqn
Step: 667648 | EPS: 0.84 | Rew: -0.50 | FPS: 9501.3 | Var: ddqn
Step: 668672 | EPS: 0.84 | Rew: -0.48 | FPS: 9180.5 | Var: ddqn
Step: 669696 | EPS: 0.84 | Rew: -0.50 | FPS: 8934.8 | Var: ddqn
Step: 670720 | EPS: 0.84 | Rew: -0.56 | FPS: 9307.8 | Var: ddqn
Step: 671744 | EPS: 0.84 | Rew: -0.53 | FPS: 7189.4 | Var: ddqn
Step: 672768 | EPS: 0.84 | Rew: -0.54 | FPS: 7409.0 | Var: ddqn
Step: 673792 | EPS: 0.83 | Rew: -0.55 | FPS: 9082.4 | Var: ddqn
Step: 674816 | EPS: 0.83 | Rew: -0.55 | FPS: 9318.6 | Var: ddqn
Step: 675840 | EPS: 0.83 | Rew: -0.53 | FPS: 8221.6 | Var: ddqn
Step: 676864 | EPS: 0.83 | Rew: -0.54 | FPS: 11550.0 | Var: ddqn
Step: 677888 | EPS: 0.83 | Rew: -0.54 | FPS: 11497.3 | Var: ddqn
Step: 678912 | EPS: 0.83 | Rew: -0.51 | FPS: 11830.2 | Var: ddqn
Step: 679936 | EPS: 0.83 | Rew: -0.51 | FPS: 9059.2 | Var: ddqn
Step: 680960 | EPS: 0.83 | Rew: -0.51 | FPS: 10748.6 | Var: ddqn
Step: 681984 | EPS: 0.83 | Rew: -0.54 | FPS: 11423.4 | Var: ddqn
Step: 683008 | EPS: 0.83 | Rew: -0.53 | FPS: 10821.9 | Var: ddqn
Step: 684032 | EPS: 0.83 | Rew: -0.51 | FPS: 11159.5 | Var: ddqn
Step: 685056 | EPS: 0.83 | Rew: -0.53 | FPS: 11570.3 | Var: ddqn
Step: 686080 | EPS: 0.83 | Rew: -0.53 | FPS: 11196.7 | Var: ddqn
Step: 687104 | EPS: 0.83 | Rew: -0.54 | FPS: 9038.8 | Var: ddqn
Step: 688128 | EPS: 0.83 | Rew: -0.55 | FPS: 9270.1 | Var: ddqn
Step: 689152 | EPS: 0.83 | Rew: -0.55 | FPS: 9214.2 | Var: ddqn
Step: 690176 | EPS: 0.83 | Rew: -0.55 | FPS: 9505.3 | Var: ddqn
Step: 691200 | EPS: 0.83 | Rew: -0.54 | FPS: 9259.1 | Var: ddqn
Step: 692224 | EPS: 0.83 | Rew: -0.56 | FPS: 9672.3 | Var: ddqn
Step: 693248 | EPS: 0.83 | Rew: -0.52 | FPS: 9498.1 | Var: ddqn
Step: 694272 | EPS: 0.83 | Rew: -0.50 | FPS: 9539.1 | Var: ddqn
Step: 695296 | EPS: 0.83 | Rew: -0.52 | FPS: 9031.4 | Var: ddqn
Step: 696320 | EPS: 0.83 | Rew: -0.50 | FPS: 9440.8 | Var: ddqn
Step: 697344 | EPS: 0.83 | Rew: -0.52 | FPS: 9457.4 | Var: ddqn
Step: 698368 | EPS: 0.83 | Rew: -0.55 | FPS: 9657.5 | Var: ddqn
Step: 699392 | EPS: 0.83 | Rew: -0.56 | FPS: 9576.6 | Var: ddqn
Step: 700416 | EPS: 0.83 | Rew: -0.58 | FPS: 9580.5 | Var: ddqn
Step: 701440 | EPS: 0.83 | Rew: -0.61 | FPS: 9335.1 | Var: ddqn
Step: 702464 | EPS: 0.83 | Rew: -0.58 | FPS: 9461.6 | Var: ddqn
Step: 703488 | EPS: 0.83 | Rew: -0.55 | FPS: 9289.9 | Var: ddqn
Step: 704512 | EPS: 0.83 | Rew: -0.56 | FPS: 8776.6 | Var: ddqn
Step: 705536 | EPS: 0.83 | Rew: -0.53 | FPS: 9451.9 | Var: ddqn
Step: 706560 | EPS: 0.83 | Rew: -0.49 | FPS: 9758.2 | Var: ddqn
Step: 707584 | EPS: 0.83 | Rew: -0.48 | FPS: 9409.7 | Var: ddqn
Step: 708608 | EPS: 0.83 | Rew: -0.45 | FPS: 8992.4 | Var: ddqn
Step: 709632 | EPS: 0.83 | Rew: -0.48 | FPS: 9099.2 | Var: ddqn
Step: 710656 | EPS: 0.83 | Rew: -0.52 | FPS: 9097.0 | Var: ddqn
Step: 711680 | EPS: 0.83 | Rew: -0.53 | FPS: 9261.6 | Var: ddqn
Step: 712704 | EPS: 0.83 | Rew: -0.55 | FPS: 9787.8 | Var: ddqn
Step: 713728 | EPS: 0.83 | Rew: -0.53 | FPS: 9295.8 | Var: ddqn
Step: 714752 | EPS: 0.82 | Rew: -0.52 | FPS: 9581.1 | Var: ddqn
Step: 715776 | EPS: 0.82 | Rew: -0.52 | FPS: 9260.3 | Var: ddqn
Step: 716800 | EPS: 0.82 | Rew: -0.51 | FPS: 9387.7 | Var: ddqn
Step: 717824 | EPS: 0.82 | Rew: -0.51 | FPS: 9511.1 | Var: ddqn
Step: 718848 | EPS: 0.82 | Rew: -0.50 | FPS: 9430.5 | Var: ddqn
Step: 719872 | EPS: 0.82 | Rew: -0.53 | FPS: 9451.5 | Var: ddqn
Step: 720896 | EPS: 0.82 | Rew: -0.51 | FPS: 9572.2 | Var: ddqn
Step: 721920 | EPS: 0.82 | Rew: -0.52 | FPS: 9432.1 | Var: ddqn
Step: 722944 | EPS: 0.82 | Rew: -0.50 | FPS: 9718.1 | Var: ddqn
Step: 723968 | EPS: 0.82 | Rew: -0.49 | FPS: 7570.4 | Var: ddqn
Step: 724992 | EPS: 0.82 | Rew: -0.53 | FPS: 9330.5 | Var: ddqn
Step: 726016 | EPS: 0.82 | Rew: -0.51 | FPS: 9337.0 | Var: ddqn
Step: 727040 | EPS: 0.82 | Rew: -0.49 | FPS: 9011.7 | Var: ddqn
Step: 728064 | EPS: 0.82 | Rew: -0.49 | FPS: 9227.0 | Var: ddqn
Step: 729088 | EPS: 0.82 | Rew: -0.50 | FPS: 8105.3 | Var: ddqn
Step: 730112 | EPS: 0.82 | Rew: -0.49 | FPS: 8287.2 | Var: ddqn
Step: 731136 | EPS: 0.82 | Rew: -0.49 | FPS: 9069.0 | Var: ddqn
Step: 732160 | EPS: 0.82 | Rew: -0.51 | FPS: 9513.8 | Var: ddqn
Step: 733184 | EPS: 0.82 | Rew: -0.50 | FPS: 9226.8 | Var: ddqn
Step: 734208 | EPS: 0.82 | Rew: -0.49 | FPS: 8857.7 | Var: ddqn
Step: 735232 | EPS: 0.82 | Rew: -0.50 | FPS: 9495.7 | Var: ddqn
Step: 736256 | EPS: 0.82 | Rew: -0.48 | FPS: 9252.6 | Var: ddqn
Step: 737280 | EPS: 0.82 | Rew: -0.45 | FPS: 9537.8 | Var: ddqn
Step: 738304 | EPS: 0.82 | Rew: -0.46 | FPS: 9271.3 | Var: ddqn
Step: 739328 | EPS: 0.82 | Rew: -0.46 | FPS: 9542.9 | Var: ddqn
Step: 740352 | EPS: 0.82 | Rew: -0.46 | FPS: 9448.7 | Var: ddqn
Step: 741376 | EPS: 0.82 | Rew: -0.46 | FPS: 9032.5 | Var: ddqn
Step: 742400 | EPS: 0.82 | Rew: -0.50 | FPS: 9089.3 | Var: ddqn
Step: 743424 | EPS: 0.82 | Rew: -0.51 | FPS: 9563.0 | Var: ddqn
Step: 744448 | EPS: 0.82 | Rew: -0.48 | FPS: 9757.0 | Var: ddqn
Step: 745472 | EPS: 0.82 | Rew: -0.48 | FPS: 9171.8 | Var: ddqn
Step: 746496 | EPS: 0.82 | Rew: -0.49 | FPS: 9189.9 | Var: ddqn
Step: 747520 | EPS: 0.82 | Rew: -0.47 | FPS: 9373.0 | Var: ddqn
Step: 748544 | EPS: 0.82 | Rew: -0.51 | FPS: 9138.9 | Var: ddqn
Step: 749568 | EPS: 0.82 | Rew: -0.51 | FPS: 9371.1 | Var: ddqn
Step: 750592 | EPS: 0.82 | Rew: -0.51 | FPS: 9431.2 | Var: ddqn
Step: 751616 | EPS: 0.82 | Rew: -0.51 | FPS: 9447.2 | Var: ddqn
Step: 752640 | EPS: 0.82 | Rew: -0.50 | FPS: 7602.0 | Var: ddqn
Step: 753664 | EPS: 0.82 | Rew: -0.48 | FPS: 9522.7 | Var: ddqn
Step: 754688 | EPS: 0.82 | Rew: -0.49 | FPS: 9543.0 | Var: ddqn
Step: 755712 | EPS: 0.81 | Rew: -0.51 | FPS: 9348.3 | Var: ddqn
Step: 756736 | EPS: 0.81 | Rew: -0.52 | FPS: 9581.5 | Var: ddqn
Step: 757760 | EPS: 0.81 | Rew: -0.55 | FPS: 8090.4 | Var: ddqn
Step: 758784 | EPS: 0.81 | Rew: -0.55 | FPS: 6550.6 | Var: ddqn
Step: 759808 | EPS: 0.81 | Rew: -0.55 | FPS: 9094.3 | Var: ddqn
Step: 760832 | EPS: 0.81 | Rew: -0.53 | FPS: 7746.8 | Var: ddqn
Step: 761856 | EPS: 0.81 | Rew: -0.51 | FPS: 7625.7 | Var: ddqn
Step: 762880 | EPS: 0.81 | Rew: -0.53 | FPS: 9302.9 | Var: ddqn
Step: 763904 | EPS: 0.81 | Rew: -0.52 | FPS: 8063.3 | Var: ddqn
Step: 764928 | EPS: 0.81 | Rew: -0.52 | FPS: 8951.2 | Var: ddqn
Step: 765952 | EPS: 0.81 | Rew: -0.55 | FPS: 8745.8 | Var: ddqn
Step: 766976 | EPS: 0.81 | Rew: -0.55 | FPS: 9112.8 | Var: ddqn
Step: 768000 | EPS: 0.81 | Rew: -0.54 | FPS: 9654.9 | Var: ddqn
Step: 769024 | EPS: 0.81 | Rew: -0.54 | FPS: 9186.1 | Var: ddqn
Step: 770048 | EPS: 0.81 | Rew: -0.52 | FPS: 8989.8 | Var: ddqn
Step: 771072 | EPS: 0.81 | Rew: -0.50 | FPS: 9198.8 | Var: ddqn
Step: 772096 | EPS: 0.81 | Rew: -0.50 | FPS: 9603.5 | Var: ddqn
Step: 773120 | EPS: 0.81 | Rew: -0.48 | FPS: 9270.6 | Var: ddqn
Step: 774144 | EPS: 0.81 | Rew: -0.46 | FPS: 8206.5 | Var: ddqn
Step: 775168 | EPS: 0.81 | Rew: -0.47 | FPS: 8307.8 | Var: ddqn
Step: 776192 | EPS: 0.81 | Rew: -0.48 | FPS: 10254.7 | Var: ddqn
Step: 777216 | EPS: 0.81 | Rew: -0.50 | FPS: 9916.9 | Var: ddqn
Step: 778240 | EPS: 0.81 | Rew: -0.50 | FPS: 9260.6 | Var: ddqn
Step: 779264 | EPS: 0.81 | Rew: -0.47 | FPS: 9541.1 | Var: ddqn
Step: 780288 | EPS: 0.81 | Rew: -0.44 | FPS: 8965.0 | Var: ddqn
Step: 781312 | EPS: 0.81 | Rew: -0.42 | FPS: 8942.7 | Var: ddqn
Step: 782336 | EPS: 0.81 | Rew: -0.43 | FPS: 5948.4 | Var: ddqn
Step: 783360 | EPS: 0.81 | Rew: -0.48 | FPS: 9300.6 | Var: ddqn
Step: 784384 | EPS: 0.81 | Rew: -0.48 | FPS: 8990.6 | Var: ddqn
Step: 785408 | EPS: 0.81 | Rew: -0.47 | FPS: 9007.7 | Var: ddqn
Step: 786432 | EPS: 0.81 | Rew: -0.45 | FPS: 6398.0 | Var: ddqn
Step: 787456 | EPS: 0.81 | Rew: -0.46 | FPS: 9119.7 | Var: ddqn
Step: 788480 | EPS: 0.81 | Rew: -0.43 | FPS: 9186.4 | Var: ddqn
Step: 789504 | EPS: 0.81 | Rew: -0.47 | FPS: 9542.4 | Var: ddqn
Step: 790528 | EPS: 0.81 | Rew: -0.46 | FPS: 9205.6 | Var: ddqn
Step: 791552 | EPS: 0.81 | Rew: -0.49 | FPS: 9463.7 | Var: ddqn
Step: 792576 | EPS: 0.81 | Rew: -0.53 | FPS: 9096.5 | Var: ddqn
Step: 793600 | EPS: 0.81 | Rew: -0.50 | FPS: 9469.5 | Var: ddqn
Step: 794624 | EPS: 0.81 | Rew: -0.51 | FPS: 9227.2 | Var: ddqn
Step: 795648 | EPS: 0.81 | Rew: -0.54 | FPS: 8409.0 | Var: ddqn
Step: 796672 | EPS: 0.80 | Rew: -0.51 | FPS: 8906.4 | Var: ddqn
Step: 797696 | EPS: 0.80 | Rew: -0.50 | FPS: 6457.7 | Var: ddqn
Step: 798720 | EPS: 0.80 | Rew: -0.51 | FPS: 9525.9 | Var: ddqn
Step: 799744 | EPS: 0.80 | Rew: -0.49 | FPS: 9235.4 | Var: ddqn
Step: 800768 | EPS: 0.80 | Rew: -0.47 | FPS: 7492.0 | Var: ddqn
Step: 801792 | EPS: 0.80 | Rew: -0.44 | FPS: 9315.4 | Var: ddqn
Step: 802816 | EPS: 0.80 | Rew: -0.43 | FPS: 9371.4 | Var: ddqn
Step: 803840 | EPS: 0.80 | Rew: -0.46 | FPS: 9069.7 | Var: ddqn
Step: 804864 | EPS: 0.80 | Rew: -0.43 | FPS: 9282.5 | Var: ddqn
Step: 805888 | EPS: 0.80 | Rew: -0.46 | FPS: 7871.6 | Var: ddqn
Step: 806912 | EPS: 0.80 | Rew: -0.47 | FPS: 9047.9 | Var: ddqn
Step: 807936 | EPS: 0.80 | Rew: -0.45 | FPS: 7968.6 | Var: ddqn
Step: 808960 | EPS: 0.80 | Rew: -0.41 | FPS: 7023.8 | Var: ddqn
Step: 809984 | EPS: 0.80 | Rew: -0.43 | FPS: 9479.7 | Var: ddqn
Step: 811008 | EPS: 0.80 | Rew: -0.43 | FPS: 9712.4 | Var: ddqn
Step: 812032 | EPS: 0.80 | Rew: -0.42 | FPS: 9445.1 | Var: ddqn
Step: 813056 | EPS: 0.80 | Rew: -0.45 | FPS: 9295.8 | Var: ddqn
Step: 814080 | EPS: 0.80 | Rew: -0.45 | FPS: 9652.7 | Var: ddqn
Step: 815104 | EPS: 0.80 | Rew: -0.47 | FPS: 9244.4 | Var: ddqn
Step: 816128 | EPS: 0.80 | Rew: -0.45 | FPS: 9230.2 | Var: ddqn
Step: 817152 | EPS: 0.80 | Rew: -0.46 | FPS: 9344.4 | Var: ddqn
Step: 818176 | EPS: 0.80 | Rew: -0.45 | FPS: 9479.2 | Var: ddqn
Step: 819200 | EPS: 0.80 | Rew: -0.44 | FPS: 9636.0 | Var: ddqn
Step: 820224 | EPS: 0.80 | Rew: -0.43 | FPS: 9456.3 | Var: ddqn
Step: 821248 | EPS: 0.80 | Rew: -0.43 | FPS: 9266.6 | Var: ddqn
Step: 822272 | EPS: 0.80 | Rew: -0.42 | FPS: 9179.3 | Var: ddqn
Step: 823296 | EPS: 0.80 | Rew: -0.47 | FPS: 9158.8 | Var: ddqn
Step: 824320 | EPS: 0.80 | Rew: -0.49 | FPS: 8997.0 | Var: ddqn
Step: 825344 | EPS: 0.80 | Rew: -0.51 | FPS: 8627.5 | Var: ddqn
Step: 826368 | EPS: 0.80 | Rew: -0.51 | FPS: 9225.9 | Var: ddqn
Step: 827392 | EPS: 0.80 | Rew: -0.49 | FPS: 9262.8 | Var: ddqn
Step: 828416 | EPS: 0.80 | Rew: -0.46 | FPS: 9606.3 | Var: ddqn
Step: 829440 | EPS: 0.80 | Rew: -0.41 | FPS: 8721.8 | Var: ddqn
Step: 830464 | EPS: 0.80 | Rew: -0.44 | FPS: 7238.4 | Var: ddqn
Step: 831488 | EPS: 0.80 | Rew: -0.45 | FPS: 9083.7 | Var: ddqn
Step: 832512 | EPS: 0.80 | Rew: -0.46 | FPS: 9550.7 | Var: ddqn
Step: 833536 | EPS: 0.80 | Rew: -0.47 | FPS: 9171.5 | Var: ddqn
Step: 834560 | EPS: 0.80 | Rew: -0.50 | FPS: 9430.7 | Var: ddqn
Step: 835584 | EPS: 0.80 | Rew: -0.48 | FPS: 7715.3 | Var: ddqn
Step: 836608 | EPS: 0.80 | Rew: -0.50 | FPS: 9309.8 | Var: ddqn
Step: 837632 | EPS: 0.79 | Rew: -0.48 | FPS: 9251.0 | Var: ddqn
Step: 838656 | EPS: 0.79 | Rew: -0.53 | FPS: 9111.4 | Var: ddqn
Step: 839680 | EPS: 0.79 | Rew: -0.51 | FPS: 7395.5 | Var: ddqn
Step: 840704 | EPS: 0.79 | Rew: -0.53 | FPS: 7924.4 | Var: ddqn
Step: 841728 | EPS: 0.79 | Rew: -0.55 | FPS: 7801.1 | Var: ddqn
Step: 842752 | EPS: 0.79 | Rew: -0.52 | FPS: 7334.0 | Var: ddqn
Step: 843776 | EPS: 0.79 | Rew: -0.49 | FPS: 11524.7 | Var: ddqn
Step: 844800 | EPS: 0.79 | Rew: -0.44 | FPS: 7792.0 | Var: ddqn
Step: 845824 | EPS: 0.79 | Rew: -0.44 | FPS: 9320.6 | Var: ddqn
Step: 846848 | EPS: 0.79 | Rew: -0.40 | FPS: 9527.7 | Var: ddqn
Step: 847872 | EPS: 0.79 | Rew: -0.42 | FPS: 9559.5 | Var: ddqn
Step: 848896 | EPS: 0.79 | Rew: -0.44 | FPS: 9212.7 | Var: ddqn
Step: 849920 | EPS: 0.79 | Rew: -0.45 | FPS: 9055.8 | Var: ddqn
Step: 850944 | EPS: 0.79 | Rew: -0.44 | FPS: 7436.1 | Var: ddqn
Step: 851968 | EPS: 0.79 | Rew: -0.48 | FPS: 9087.1 | Var: ddqn
Step: 852992 | EPS: 0.79 | Rew: -0.44 | FPS: 9018.5 | Var: ddqn
Step: 854016 | EPS: 0.79 | Rew: -0.45 | FPS: 6802.2 | Var: ddqn
Step: 855040 | EPS: 0.79 | Rew: -0.48 | FPS: 8126.5 | Var: ddqn
Step: 856064 | EPS: 0.79 | Rew: -0.46 | FPS: 7151.2 | Var: ddqn
Step: 857088 | EPS: 0.79 | Rew: -0.45 | FPS: 8638.8 | Var: ddqn
Step: 858112 | EPS: 0.79 | Rew: -0.42 | FPS: 9436.7 | Var: ddqn
Step: 859136 | EPS: 0.79 | Rew: -0.42 | FPS: 9593.7 | Var: ddqn
Step: 860160 | EPS: 0.79 | Rew: -0.44 | FPS: 8818.7 | Var: ddqn
Step: 861184 | EPS: 0.79 | Rew: -0.43 | FPS: 9679.9 | Var: ddqn
Step: 862208 | EPS: 0.79 | Rew: -0.43 | FPS: 9543.5 | Var: ddqn
Step: 863232 | EPS: 0.79 | Rew: -0.46 | FPS: 9077.8 | Var: ddqn
Step: 864256 | EPS: 0.79 | Rew: -0.45 | FPS: 9061.5 | Var: ddqn
Step: 865280 | EPS: 0.79 | Rew: -0.47 | FPS: 9401.6 | Var: ddqn
Step: 866304 | EPS: 0.79 | Rew: -0.44 | FPS: 9582.2 | Var: ddqn
Step: 867328 | EPS: 0.79 | Rew: -0.47 | FPS: 9188.7 | Var: ddqn
Step: 868352 | EPS: 0.79 | Rew: -0.48 | FPS: 9686.1 | Var: ddqn
Step: 869376 | EPS: 0.79 | Rew: -0.48 | FPS: 8944.6 | Var: ddqn
Step: 870400 | EPS: 0.79 | Rew: -0.47 | FPS: 9150.2 | Var: ddqn
Step: 871424 | EPS: 0.79 | Rew: -0.48 | FPS: 9269.9 | Var: ddqn
Step: 872448 | EPS: 0.79 | Rew: -0.47 | FPS: 8787.7 | Var: ddqn
Step: 873472 | EPS: 0.79 | Rew: -0.48 | FPS: 8946.1 | Var: ddqn
Step: 874496 | EPS: 0.79 | Rew: -0.47 | FPS: 9482.2 | Var: ddqn
Step: 875520 | EPS: 0.79 | Rew: -0.47 | FPS: 9331.2 | Var: ddqn
Step: 876544 | EPS: 0.79 | Rew: -0.46 | FPS: 9392.4 | Var: ddqn
Step: 877568 | EPS: 0.78 | Rew: -0.41 | FPS: 8141.7 | Var: ddqn
Step: 878592 | EPS: 0.78 | Rew: -0.42 | FPS: 8077.9 | Var: ddqn
Step: 879616 | EPS: 0.78 | Rew: -0.37 | FPS: 9721.5 | Var: ddqn
Step: 880640 | EPS: 0.78 | Rew: -0.40 | FPS: 9747.8 | Var: ddqn
Step: 881664 | EPS: 0.78 | Rew: -0.41 | FPS: 9296.8 | Var: ddqn
Step: 882688 | EPS: 0.78 | Rew: -0.44 | FPS: 7178.1 | Var: ddqn
Step: 883712 | EPS: 0.78 | Rew: -0.41 | FPS: 7477.9 | Var: ddqn
Step: 884736 | EPS: 0.78 | Rew: -0.46 | FPS: 8818.6 | Var: ddqn
Step: 885760 | EPS: 0.78 | Rew: -0.43 | FPS: 7352.3 | Var: ddqn
Step: 886784 | EPS: 0.78 | Rew: -0.42 | FPS: 9306.1 | Var: ddqn
Step: 887808 | EPS: 0.78 | Rew: -0.42 | FPS: 9498.5 | Var: ddqn
Step: 888832 | EPS: 0.78 | Rew: -0.41 | FPS: 9095.5 | Var: ddqn
Step: 889856 | EPS: 0.78 | Rew: -0.41 | FPS: 9528.3 | Var: ddqn
Step: 890880 | EPS: 0.78 | Rew: -0.41 | FPS: 8564.7 | Var: ddqn
Step: 891904 | EPS: 0.78 | Rew: -0.39 | FPS: 9242.3 | Var: ddqn
Step: 892928 | EPS: 0.78 | Rew: -0.44 | FPS: 9383.8 | Var: ddqn
Step: 893952 | EPS: 0.78 | Rew: -0.46 | FPS: 9119.0 | Var: ddqn
Step: 894976 | EPS: 0.78 | Rew: -0.49 | FPS: 9592.1 | Var: ddqn
Step: 896000 | EPS: 0.78 | Rew: -0.47 | FPS: 9532.3 | Var: ddqn
Step: 897024 | EPS: 0.78 | Rew: -0.44 | FPS: 9111.8 | Var: ddqn
Step: 898048 | EPS: 0.78 | Rew: -0.40 | FPS: 9222.6 | Var: ddqn
Step: 899072 | EPS: 0.78 | Rew: -0.40 | FPS: 9033.2 | Var: ddqn
Step: 900096 | EPS: 0.78 | Rew: -0.40 | FPS: 9282.8 | Var: ddqn
Step: 901120 | EPS: 0.78 | Rew: -0.44 | FPS: 7776.0 | Var: ddqn
Step: 902144 | EPS: 0.78 | Rew: -0.42 | FPS: 7561.3 | Var: ddqn
Step: 903168 | EPS: 0.78 | Rew: -0.40 | FPS: 9343.3 | Var: ddqn
Step: 904192 | EPS: 0.78 | Rew: -0.39 | FPS: 8963.8 | Var: ddqn
Step: 905216 | EPS: 0.78 | Rew: -0.41 | FPS: 9420.8 | Var: ddqn
Step: 906240 | EPS: 0.78 | Rew: -0.41 | FPS: 9396.4 | Var: ddqn
Step: 907264 | EPS: 0.78 | Rew: -0.43 | FPS: 8992.2 | Var: ddqn
Step: 908288 | EPS: 0.78 | Rew: -0.43 | FPS: 9409.1 | Var: ddqn
Step: 909312 | EPS: 0.78 | Rew: -0.44 | FPS: 9225.9 | Var: ddqn
Step: 910336 | EPS: 0.78 | Rew: -0.44 | FPS: 9095.3 | Var: ddqn
Step: 911360 | EPS: 0.78 | Rew: -0.44 | FPS: 9061.9 | Var: ddqn
Step: 912384 | EPS: 0.78 | Rew: -0.45 | FPS: 9553.4 | Var: ddqn
Step: 913408 | EPS: 0.78 | Rew: -0.42 | FPS: 11405.2 | Var: ddqn
Step: 914432 | EPS: 0.78 | Rew: -0.38 | FPS: 10311.4 | Var: ddqn
Step: 915456 | EPS: 0.78 | Rew: -0.37 | FPS: 10820.8 | Var: ddqn
Step: 916480 | EPS: 0.78 | Rew: -0.41 | FPS: 10992.2 | Var: ddqn
Step: 917504 | EPS: 0.78 | Rew: -0.41 | FPS: 11315.8 | Var: ddqn
Step: 918528 | EPS: 0.77 | Rew: -0.46 | FPS: 11379.5 | Var: ddqn
Step: 919552 | EPS: 0.77 | Rew: -0.49 | FPS: 9478.3 | Var: ddqn
Step: 920576 | EPS: 0.77 | Rew: -0.52 | FPS: 8592.0 | Var: ddqn
Step: 921600 | EPS: 0.77 | Rew: -0.52 | FPS: 8998.5 | Var: ddqn
Step: 922624 | EPS: 0.77 | Rew: -0.49 | FPS: 9415.4 | Var: ddqn
Step: 923648 | EPS: 0.77 | Rew: -0.48 | FPS: 9280.6 | Var: ddqn
Step: 924672 | EPS: 0.77 | Rew: -0.47 | FPS: 8971.9 | Var: ddqn
Step: 925696 | EPS: 0.77 | Rew: -0.40 | FPS: 9250.9 | Var: ddqn
Step: 926720 | EPS: 0.77 | Rew: -0.39 | FPS: 9258.8 | Var: ddqn
Step: 927744 | EPS: 0.77 | Rew: -0.42 | FPS: 9530.1 | Var: ddqn
Step: 928768 | EPS: 0.77 | Rew: -0.41 | FPS: 7336.9 | Var: ddqn
Step: 929792 | EPS: 0.77 | Rew: -0.46 | FPS: 9649.0 | Var: ddqn
Step: 930816 | EPS: 0.77 | Rew: -0.46 | FPS: 9527.3 | Var: ddqn
Step: 931840 | EPS: 0.77 | Rew: -0.49 | FPS: 9500.0 | Var: ddqn
Step: 932864 | EPS: 0.77 | Rew: -0.48 | FPS: 8695.6 | Var: ddqn
Step: 933888 | EPS: 0.77 | Rew: -0.49 | FPS: 9688.8 | Var: ddqn
Step: 934912 | EPS: 0.77 | Rew: -0.47 | FPS: 7290.8 | Var: ddqn
Step: 935936 | EPS: 0.77 | Rew: -0.46 | FPS: 9411.0 | Var: ddqn
Step: 936960 | EPS: 0.77 | Rew: -0.43 | FPS: 8825.6 | Var: ddqn
Step: 937984 | EPS: 0.77 | Rew: -0.42 | FPS: 9285.3 | Var: ddqn
Step: 939008 | EPS: 0.77 | Rew: -0.38 | FPS: 9590.3 | Var: ddqn
Step: 940032 | EPS: 0.77 | Rew: -0.39 | FPS: 8706.0 | Var: ddqn
Step: 941056 | EPS: 0.77 | Rew: -0.38 | FPS: 8959.9 | Var: ddqn
Step: 942080 | EPS: 0.77 | Rew: -0.37 | FPS: 9343.0 | Var: ddqn
Step: 943104 | EPS: 0.77 | Rew: -0.38 | FPS: 9332.7 | Var: ddqn
Step: 944128 | EPS: 0.77 | Rew: -0.42 | FPS: 8542.1 | Var: ddqn
Step: 945152 | EPS: 0.77 | Rew: -0.44 | FPS: 9187.3 | Var: ddqn
Step: 946176 | EPS: 0.77 | Rew: -0.40 | FPS: 6797.6 | Var: ddqn
Step: 947200 | EPS: 0.77 | Rew: -0.42 | FPS: 9377.7 | Var: ddqn
Step: 948224 | EPS: 0.77 | Rew: -0.43 | FPS: 9434.3 | Var: ddqn
Step: 949248 | EPS: 0.77 | Rew: -0.41 | FPS: 7016.1 | Var: ddqn
Step: 950272 | EPS: 0.77 | Rew: -0.40 | FPS: 9605.2 | Var: ddqn
Step: 951296 | EPS: 0.77 | Rew: -0.37 | FPS: 8164.0 | Var: ddqn
Step: 952320 | EPS: 0.77 | Rew: -0.41 | FPS: 7866.5 | Var: ddqn
Step: 953344 | EPS: 0.77 | Rew: -0.45 | FPS: 8756.8 | Var: ddqn
Step: 954368 | EPS: 0.77 | Rew: -0.48 | FPS: 8365.7 | Var: ddqn
Step: 955392 | EPS: 0.77 | Rew: -0.50 | FPS: 8854.9 | Var: ddqn
Step: 956416 | EPS: 0.77 | Rew: -0.48 | FPS: 9423.4 | Var: ddqn
Step: 957440 | EPS: 0.77 | Rew: -0.46 | FPS: 7798.6 | Var: ddqn
Step: 958464 | EPS: 0.77 | Rew: -0.43 | FPS: 9124.3 | Var: ddqn
Step: 959488 | EPS: 0.76 | Rew: -0.42 | FPS: 9263.3 | Var: ddqn
Step: 960512 | EPS: 0.76 | Rew: -0.44 | FPS: 8755.1 | Var: ddqn
Step: 961536 | EPS: 0.76 | Rew: -0.42 | FPS: 9006.0 | Var: ddqn
Step: 962560 | EPS: 0.76 | Rew: -0.43 | FPS: 8962.4 | Var: ddqn
Step: 963584 | EPS: 0.76 | Rew: -0.41 | FPS: 8672.1 | Var: ddqn
Step: 964608 | EPS: 0.76 | Rew: -0.39 | FPS: 7938.8 | Var: ddqn
Step: 965632 | EPS: 0.76 | Rew: -0.37 | FPS: 8187.1 | Var: ddqn
Step: 966656 | EPS: 0.76 | Rew: -0.36 | FPS: 9382.8 | Var: ddqn
Step: 967680 | EPS: 0.76 | Rew: -0.38 | FPS: 9005.6 | Var: ddqn
Step: 968704 | EPS: 0.76 | Rew: -0.41 | FPS: 9290.6 | Var: ddqn
Step: 969728 | EPS: 0.76 | Rew: -0.45 | FPS: 9487.2 | Var: ddqn
Step: 970752 | EPS: 0.76 | Rew: -0.41 | FPS: 9617.4 | Var: ddqn
Step: 971776 | EPS: 0.76 | Rew: -0.41 | FPS: 9100.9 | Var: ddqn
Step: 972800 | EPS: 0.76 | Rew: -0.37 | FPS: 9500.7 | Var: ddqn
Step: 973824 | EPS: 0.76 | Rew: -0.33 | FPS: 8942.1 | Var: ddqn
Step: 974848 | EPS: 0.76 | Rew: -0.34 | FPS: 9433.0 | Var: ddqn
Step: 975872 | EPS: 0.76 | Rew: -0.35 | FPS: 9403.5 | Var: ddqn
Step: 976896 | EPS: 0.76 | Rew: -0.39 | FPS: 9109.9 | Var: ddqn
Step: 977920 | EPS: 0.76 | Rew: -0.40 | FPS: 9321.1 | Var: ddqn
Step: 978944 | EPS: 0.76 | Rew: -0.42 | FPS: 9226.9 | Var: ddqn
Step: 979968 | EPS: 0.76 | Rew: -0.41 | FPS: 8960.1 | Var: ddqn
Step: 980992 | EPS: 0.76 | Rew: -0.38 | FPS: 9423.2 | Var: ddqn
Step: 982016 | EPS: 0.76 | Rew: -0.39 | FPS: 8977.9 | Var: ddqn
Step: 983040 | EPS: 0.76 | Rew: -0.38 | FPS: 9579.2 | Var: ddqn
Step: 984064 | EPS: 0.76 | Rew: -0.37 | FPS: 9116.1 | Var: ddqn
Step: 985088 | EPS: 0.76 | Rew: -0.37 | FPS: 8522.6 | Var: ddqn
Step: 986112 | EPS: 0.76 | Rew: -0.40 | FPS: 7274.6 | Var: ddqn
Step: 987136 | EPS: 0.76 | Rew: -0.40 | FPS: 7324.4 | Var: ddqn
Step: 988160 | EPS: 0.76 | Rew: -0.36 | FPS: 9449.1 | Var: ddqn
Step: 989184 | EPS: 0.76 | Rew: -0.39 | FPS: 9092.5 | Var: ddqn
Step: 990208 | EPS: 0.76 | Rew: -0.38 | FPS: 9207.7 | Var: ddqn
Step: 991232 | EPS: 0.76 | Rew: -0.32 | FPS: 9167.7 | Var: ddqn
Step: 992256 | EPS: 0.76 | Rew: -0.36 | FPS: 9279.2 | Var: ddqn
Step: 993280 | EPS: 0.76 | Rew: -0.35 | FPS: 9346.2 | Var: ddqn
Step: 994304 | EPS: 0.76 | Rew: -0.35 | FPS: 9431.1 | Var: ddqn
Step: 995328 | EPS: 0.76 | Rew: -0.37 | FPS: 9566.0 | Var: ddqn
Step: 996352 | EPS: 0.76 | Rew: -0.38 | FPS: 9478.4 | Var: ddqn
Step: 997376 | EPS: 0.76 | Rew: -0.35 | FPS: 9216.7 | Var: ddqn
Step: 998400 | EPS: 0.76 | Rew: -0.40 | FPS: 9205.8 | Var: ddqn
Step: 999424 | EPS: 0.76 | Rew: -0.40 | FPS: 9557.2 | Var: ddqn
Step: 1000448 | EPS: 0.75 | Rew: -0.36 | FPS: 6095.1 | Var: ddqn
Step: 1001472 | EPS: 0.75 | Rew: -0.39 | FPS: 6365.8 | Var: ddqn
Step: 1002496 | EPS: 0.75 | Rew: -0.41 | FPS: 9175.3 | Var: ddqn
Step: 1003520 | EPS: 0.75 | Rew: -0.36 | FPS: 9494.3 | Var: ddqn
Step: 1004544 | EPS: 0.75 | Rew: -0.40 | FPS: 8779.2 | Var: ddqn
Step: 1005568 | EPS: 0.75 | Rew: -0.38 | FPS: 9157.8 | Var: ddqn
Step: 1006592 | EPS: 0.75 | Rew: -0.35 | FPS: 9248.0 | Var: ddqn
Step: 1007616 | EPS: 0.75 | Rew: -0.35 | FPS: 8261.0 | Var: ddqn
Step: 1008640 | EPS: 0.75 | Rew: -0.32 | FPS: 7943.9 | Var: ddqn
Step: 1009664 | EPS: 0.75 | Rew: -0.37 | FPS: 9269.5 | Var: ddqn
Step: 1010688 | EPS: 0.75 | Rew: -0.38 | FPS: 9315.3 | Var: ddqn
Step: 1011712 | EPS: 0.75 | Rew: -0.40 | FPS: 7611.7 | Var: ddqn
Step: 1012736 | EPS: 0.75 | Rew: -0.46 | FPS: 9333.6 | Var: ddqn
Step: 1013760 | EPS: 0.75 | Rew: -0.46 | FPS: 9072.1 | Var: ddqn
Step: 1014784 | EPS: 0.75 | Rew: -0.45 | FPS: 9643.5 | Var: ddqn
Step: 1015808 | EPS: 0.75 | Rew: -0.45 | FPS: 9819.9 | Var: ddqn
Step: 1016832 | EPS: 0.75 | Rew: -0.45 | FPS: 9119.6 | Var: ddqn
Step: 1017856 | EPS: 0.75 | Rew: -0.45 | FPS: 7776.1 | Var: ddqn
Step: 1018880 | EPS: 0.75 | Rew: -0.42 | FPS: 9183.3 | Var: ddqn
Step: 1019904 | EPS: 0.75 | Rew: -0.43 | FPS: 9423.1 | Var: ddqn
Step: 1020928 | EPS: 0.75 | Rew: -0.43 | FPS: 9056.2 | Var: ddqn
Step: 1021952 | EPS: 0.75 | Rew: -0.40 | FPS: 8957.3 | Var: ddqn
Step: 1022976 | EPS: 0.75 | Rew: -0.39 | FPS: 8934.9 | Var: ddqn
Step: 1024000 | EPS: 0.75 | Rew: -0.40 | FPS: 9392.8 | Var: ddqn
Step: 1025024 | EPS: 0.75 | Rew: -0.37 | FPS: 9653.2 | Var: ddqn
Step: 1026048 | EPS: 0.75 | Rew: -0.35 | FPS: 9264.5 | Var: ddqn
Step: 1027072 | EPS: 0.75 | Rew: -0.40 | FPS: 9466.0 | Var: ddqn
Step: 1028096 | EPS: 0.75 | Rew: -0.39 | FPS: 8745.7 | Var: ddqn
Step: 1029120 | EPS: 0.75 | Rew: -0.34 | FPS: 9057.8 | Var: ddqn
Step: 1030144 | EPS: 0.75 | Rew: -0.34 | FPS: 9207.2 | Var: ddqn
Step: 1031168 | EPS: 0.75 | Rew: -0.32 | FPS: 9552.3 | Var: ddqn
Step: 1032192 | EPS: 0.75 | Rew: -0.30 | FPS: 7740.6 | Var: ddqn
Step: 1033216 | EPS: 0.75 | Rew: -0.33 | FPS: 9010.2 | Var: ddqn
Step: 1034240 | EPS: 0.75 | Rew: -0.36 | FPS: 9377.8 | Var: ddqn
Step: 1035264 | EPS: 0.75 | Rew: -0.35 | FPS: 8735.4 | Var: ddqn
Step: 1036288 | EPS: 0.75 | Rew: -0.35 | FPS: 9098.5 | Var: ddqn
Step: 1037312 | EPS: 0.75 | Rew: -0.33 | FPS: 9547.3 | Var: ddqn
Step: 1038336 | EPS: 0.75 | Rew: -0.33 | FPS: 9180.9 | Var: ddqn
Step: 1039360 | EPS: 0.75 | Rew: -0.32 | FPS: 9201.4 | Var: ddqn
Step: 1040384 | EPS: 0.75 | Rew: -0.33 | FPS: 9565.3 | Var: ddqn
Step: 1041408 | EPS: 0.74 | Rew: -0.34 | FPS: 9277.9 | Var: ddqn
Step: 1042432 | EPS: 0.74 | Rew: -0.34 | FPS: 9188.6 | Var: ddqn
Step: 1043456 | EPS: 0.74 | Rew: -0.36 | FPS: 8970.6 | Var: ddqn
Step: 1044480 | EPS: 0.74 | Rew: -0.35 | FPS: 9170.5 | Var: ddqn
Step: 1045504 | EPS: 0.74 | Rew: -0.36 | FPS: 9009.1 | Var: ddqn
Step: 1046528 | EPS: 0.74 | Rew: -0.37 | FPS: 9415.4 | Var: ddqn
Step: 1047552 | EPS: 0.74 | Rew: -0.40 | FPS: 8625.9 | Var: ddqn
Step: 1048576 | EPS: 0.74 | Rew: -0.40 | FPS: 9154.3 | Var: ddqn
Step: 1049600 | EPS: 0.74 | Rew: -0.38 | FPS: 6894.1 | Var: ddqn
Step: 1050624 | EPS: 0.74 | Rew: -0.35 | FPS: 8897.9 | Var: ddqn
Step: 1051648 | EPS: 0.74 | Rew: -0.34 | FPS: 6506.7 | Var: ddqn
Step: 1052672 | EPS: 0.74 | Rew: -0.34 | FPS: 7684.4 | Var: ddqn
Step: 1053696 | EPS: 0.74 | Rew: -0.33 | FPS: 8558.4 | Var: ddqn
Step: 1054720 | EPS: 0.74 | Rew: -0.31 | FPS: 8939.8 | Var: ddqn
Step: 1055744 | EPS: 0.74 | Rew: -0.31 | FPS: 9288.6 | Var: ddqn
Step: 1056768 | EPS: 0.74 | Rew: -0.35 | FPS: 8702.4 | Var: ddqn
Step: 1057792 | EPS: 0.74 | Rew: -0.37 | FPS: 9582.5 | Var: ddqn
Step: 1058816 | EPS: 0.74 | Rew: -0.41 | FPS: 9369.3 | Var: ddqn
Step: 1059840 | EPS: 0.74 | Rew: -0.39 | FPS: 9378.8 | Var: ddqn
Step: 1060864 | EPS: 0.74 | Rew: -0.41 | FPS: 9219.8 | Var: ddqn
Step: 1061888 | EPS: 0.74 | Rew: -0.35 | FPS: 9196.7 | Var: ddqn
Step: 1062912 | EPS: 0.74 | Rew: -0.36 | FPS: 9134.6 | Var: ddqn
Step: 1063936 | EPS: 0.74 | Rew: -0.39 | FPS: 9230.0 | Var: ddqn
Step: 1064960 | EPS: 0.74 | Rew: -0.38 | FPS: 8813.2 | Var: ddqn
Step: 1065984 | EPS: 0.74 | Rew: -0.40 | FPS: 8998.1 | Var: ddqn
Step: 1067008 | EPS: 0.74 | Rew: -0.25 | FPS: 8620.2 | Var: ddqn
Step: 1068032 | EPS: 0.74 | Rew: -0.23 | FPS: 7208.0 | Var: ddqn
Step: 1069056 | EPS: 0.74 | Rew: -0.26 | FPS: 9274.7 | Var: ddqn
Step: 1070080 | EPS: 0.74 | Rew: -0.23 | FPS: 9085.0 | Var: ddqn
Step: 1071104 | EPS: 0.74 | Rew: -0.26 | FPS: 8917.3 | Var: ddqn
Step: 1072128 | EPS: 0.74 | Rew: -0.37 | FPS: 8914.5 | Var: ddqn
Step: 1073152 | EPS: 0.74 | Rew: -0.36 | FPS: 7329.5 | Var: ddqn
Step: 1074176 | EPS: 0.74 | Rew: -0.34 | FPS: 9136.2 | Var: ddqn
Step: 1075200 | EPS: 0.74 | Rew: -0.37 | FPS: 9709.3 | Var: ddqn
Step: 1076224 | EPS: 0.74 | Rew: -0.38 | FPS: 8850.9 | Var: ddqn
Step: 1077248 | EPS: 0.74 | Rew: -0.39 | FPS: 9481.7 | Var: ddqn
Step: 1078272 | EPS: 0.74 | Rew: -0.43 | FPS: 6009.8 | Var: ddqn
Step: 1079296 | EPS: 0.74 | Rew: -0.39 | FPS: 9424.4 | Var: ddqn
Step: 1080320 | EPS: 0.74 | Rew: -0.39 | FPS: 9913.3 | Var: ddqn
Step: 1081344 | EPS: 0.74 | Rew: -0.39 | FPS: 9443.3 | Var: ddqn
Step: 1082368 | EPS: 0.73 | Rew: -0.37 | FPS: 9741.6 | Var: ddqn
Step: 1083392 | EPS: 0.73 | Rew: -0.39 | FPS: 9365.8 | Var: ddqn
Step: 1084416 | EPS: 0.73 | Rew: -0.38 | FPS: 9314.9 | Var: ddqn
Step: 1085440 | EPS: 0.73 | Rew: -0.35 | FPS: 9615.7 | Var: ddqn
Step: 1086464 | EPS: 0.73 | Rew: -0.34 | FPS: 9368.1 | Var: ddqn
Step: 1087488 | EPS: 0.73 | Rew: -0.27 | FPS: 9391.5 | Var: ddqn
Step: 1088512 | EPS: 0.73 | Rew: -0.28 | FPS: 9874.6 | Var: ddqn
Step: 1089536 | EPS: 0.73 | Rew: -0.36 | FPS: 7385.2 | Var: ddqn
Step: 1090560 | EPS: 0.73 | Rew: -0.38 | FPS: 9629.4 | Var: ddqn
Step: 1091584 | EPS: 0.73 | Rew: -0.41 | FPS: 9397.3 | Var: ddqn
Step: 1092608 | EPS: 0.73 | Rew: -0.44 | FPS: 9144.1 | Var: ddqn
Step: 1093632 | EPS: 0.73 | Rew: -0.39 | FPS: 9311.0 | Var: ddqn
Step: 1094656 | EPS: 0.73 | Rew: -0.37 | FPS: 9195.6 | Var: ddqn
Step: 1095680 | EPS: 0.73 | Rew: -0.35 | FPS: 9850.5 | Var: ddqn
Step: 1096704 | EPS: 0.73 | Rew: -0.38 | FPS: 9403.9 | Var: ddqn
Step: 1097728 | EPS: 0.73 | Rew: -0.37 | FPS: 9224.5 | Var: ddqn
Step: 1098752 | EPS: 0.73 | Rew: -0.41 | FPS: 9402.2 | Var: ddqn
Step: 1099776 | EPS: 0.73 | Rew: -0.41 | FPS: 9709.4 | Var: ddqn
Step: 1100800 | EPS: 0.73 | Rew: -0.43 | FPS: 9283.8 | Var: ddqn
Step: 1101824 | EPS: 0.73 | Rew: -0.42 | FPS: 9512.9 | Var: ddqn
Step: 1102848 | EPS: 0.73 | Rew: -0.40 | FPS: 9249.5 | Var: ddqn
Step: 1103872 | EPS: 0.73 | Rew: -0.39 | FPS: 9755.1 | Var: ddqn
Step: 1104896 | EPS: 0.73 | Rew: -0.37 | FPS: 9597.8 | Var: ddqn
Step: 1105920 | EPS: 0.73 | Rew: -0.32 | FPS: 9292.6 | Var: ddqn
Step: 1106944 | EPS: 0.73 | Rew: -0.33 | FPS: 9544.0 | Var: ddqn
Step: 1107968 | EPS: 0.73 | Rew: -0.34 | FPS: 9430.1 | Var: ddqn
Step: 1108992 | EPS: 0.73 | Rew: -0.32 | FPS: 9242.6 | Var: ddqn
Step: 1110016 | EPS: 0.73 | Rew: -0.33 | FPS: 9400.8 | Var: ddqn
Step: 1111040 | EPS: 0.73 | Rew: -0.30 | FPS: 8852.3 | Var: ddqn
Step: 1112064 | EPS: 0.73 | Rew: -0.31 | FPS: 10052.6 | Var: ddqn
Step: 1113088 | EPS: 0.73 | Rew: -0.30 | FPS: 10908.0 | Var: ddqn
Step: 1114112 | EPS: 0.73 | Rew: -0.34 | FPS: 11409.0 | Var: ddqn
Step: 1115136 | EPS: 0.73 | Rew: -0.33 | FPS: 8649.2 | Var: ddqn
Step: 1116160 | EPS: 0.73 | Rew: -0.27 | FPS: 9703.0 | Var: ddqn
Step: 1117184 | EPS: 0.73 | Rew: -0.27 | FPS: 9172.9 | Var: ddqn
Step: 1118208 | EPS: 0.73 | Rew: -0.28 | FPS: 8916.9 | Var: ddqn
Step: 1119232 | EPS: 0.73 | Rew: -0.22 | FPS: 9190.7 | Var: ddqn
Step: 1120256 | EPS: 0.73 | Rew: -0.18 | FPS: 7649.4 | Var: ddqn
>>> [Best] Saved -> agent/checkpoints/ddqn_pretrain.pth | Rew -0.18
Step: 1121280 | EPS: 0.73 | Rew: -0.22 | FPS: 8628.1 | Var: ddqn
Step: 1122304 | EPS: 0.73 | Rew: -0.24 | FPS: 7594.7 | Var: ddqn
Step: 1123328 | EPS: 0.72 | Rew: -0.23 | FPS: 9722.5 | Var: ddqn
Step: 1124352 | EPS: 0.72 | Rew: -0.26 | FPS: 8766.5 | Var: ddqn
Step: 1125376 | EPS: 0.72 | Rew: -0.35 | FPS: 9667.7 | Var: ddqn
Step: 1126400 | EPS: 0.72 | Rew: -0.34 | FPS: 8787.9 | Var: ddqn
Step: 1127424 | EPS: 0.72 | Rew: -0.31 | FPS: 9310.0 | Var: ddqn
Step: 1128448 | EPS: 0.72 | Rew: -0.34 | FPS: 9209.3 | Var: ddqn
Step: 1129472 | EPS: 0.72 | Rew: -0.36 | FPS: 9143.9 | Var: ddqn
Step: 1130496 | EPS: 0.72 | Rew: -0.38 | FPS: 9538.4 | Var: ddqn
Step: 1131520 | EPS: 0.72 | Rew: -0.41 | FPS: 9515.7 | Var: ddqn
Step: 1132544 | EPS: 0.72 | Rew: -0.37 | FPS: 9492.2 | Var: ddqn
Step: 1133568 | EPS: 0.72 | Rew: -0.36 | FPS: 8800.5 | Var: ddqn
Step: 1134592 | EPS: 0.72 | Rew: -0.31 | FPS: 9730.6 | Var: ddqn
Step: 1135616 | EPS: 0.72 | Rew: -0.32 | FPS: 9135.3 | Var: ddqn
Step: 1136640 | EPS: 0.72 | Rew: -0.33 | FPS: 8916.3 | Var: ddqn
Step: 1137664 | EPS: 0.72 | Rew: -0.32 | FPS: 9407.0 | Var: ddqn
Step: 1138688 | EPS: 0.72 | Rew: -0.28 | FPS: 9208.0 | Var: ddqn
Step: 1139712 | EPS: 0.72 | Rew: -0.33 | FPS: 8747.9 | Var: ddqn
Step: 1140736 | EPS: 0.72 | Rew: -0.25 | FPS: 9551.2 | Var: ddqn
Step: 1141760 | EPS: 0.72 | Rew: -0.26 | FPS: 9466.2 | Var: ddqn
Step: 1142784 | EPS: 0.72 | Rew: -0.22 | FPS: 9050.1 | Var: ddqn
Step: 1143808 | EPS: 0.72 | Rew: -0.22 | FPS: 7517.6 | Var: ddqn
Step: 1144832 | EPS: 0.72 | Rew: -0.18 | FPS: 9776.5 | Var: ddqn
Step: 1145856 | EPS: 0.72 | Rew: -0.23 | FPS: 9069.1 | Var: ddqn
Step: 1146880 | EPS: 0.72 | Rew: -0.23 | FPS: 7103.2 | Var: ddqn
Step: 1147904 | EPS: 0.72 | Rew: -0.31 | FPS: 9255.9 | Var: ddqn
Step: 1148928 | EPS: 0.72 | Rew: -0.29 | FPS: 7788.2 | Var: ddqn
Step: 1149952 | EPS: 0.72 | Rew: -0.31 | FPS: 9397.9 | Var: ddqn
Step: 1150976 | EPS: 0.72 | Rew: -0.33 | FPS: 9371.4 | Var: ddqn
Step: 1152000 | EPS: 0.72 | Rew: -0.30 | FPS: 9149.0 | Var: ddqn
Step: 1153024 | EPS: 0.72 | Rew: -0.30 | FPS: 6811.2 | Var: ddqn
Step: 1154048 | EPS: 0.72 | Rew: -0.33 | FPS: 7235.2 | Var: ddqn
Step: 1155072 | EPS: 0.72 | Rew: -0.31 | FPS: 7131.0 | Var: ddqn
Step: 1156096 | EPS: 0.72 | Rew: -0.33 | FPS: 9107.5 | Var: ddqn
Step: 1157120 | EPS: 0.72 | Rew: -0.34 | FPS: 8564.1 | Var: ddqn
Step: 1158144 | EPS: 0.72 | Rew: -0.35 | FPS: 8272.2 | Var: ddqn
Step: 1159168 | EPS: 0.72 | Rew: -0.35 | FPS: 9182.2 | Var: ddqn
Step: 1160192 | EPS: 0.72 | Rew: -0.34 | FPS: 9348.1 | Var: ddqn
Step: 1161216 | EPS: 0.72 | Rew: -0.33 | FPS: 9148.5 | Var: ddqn
Step: 1162240 | EPS: 0.72 | Rew: -0.34 | FPS: 9011.2 | Var: ddqn
Step: 1163264 | EPS: 0.72 | Rew: -0.33 | FPS: 9345.8 | Var: ddqn
Step: 1164288 | EPS: 0.71 | Rew: -0.28 | FPS: 9020.8 | Var: ddqn
Step: 1165312 | EPS: 0.71 | Rew: -0.29 | FPS: 6906.2 | Var: ddqn
Step: 1166336 | EPS: 0.71 | Rew: -0.21 | FPS: 9257.6 | Var: ddqn
Step: 1167360 | EPS: 0.71 | Rew: -0.19 | FPS: 9539.9 | Var: ddqn
Step: 1168384 | EPS: 0.71 | Rew: -0.25 | FPS: 9482.7 | Var: ddqn
Step: 1169408 | EPS: 0.71 | Rew: -0.26 | FPS: 9170.1 | Var: ddqn
Step: 1170432 | EPS: 0.71 | Rew: -0.28 | FPS: 9146.0 | Var: ddqn
Step: 1171456 | EPS: 0.71 | Rew: -0.32 | FPS: 9250.1 | Var: ddqn
Step: 1172480 | EPS: 0.71 | Rew: -0.33 | FPS: 9512.0 | Var: ddqn
Step: 1173504 | EPS: 0.71 | Rew: -0.37 | FPS: 9342.4 | Var: ddqn
Step: 1174528 | EPS: 0.71 | Rew: -0.38 | FPS: 8923.1 | Var: ddqn
Step: 1175552 | EPS: 0.71 | Rew: -0.38 | FPS: 9260.0 | Var: ddqn
Step: 1176576 | EPS: 0.71 | Rew: -0.37 | FPS: 9234.2 | Var: ddqn
Step: 1177600 | EPS: 0.71 | Rew: -0.39 | FPS: 9028.2 | Var: ddqn
Step: 1178624 | EPS: 0.71 | Rew: -0.34 | FPS: 9446.0 | Var: ddqn
Step: 1179648 | EPS: 0.71 | Rew: -0.33 | FPS: 9305.4 | Var: ddqn
Step: 1180672 | EPS: 0.71 | Rew: -0.38 | FPS: 9215.7 | Var: ddqn
Step: 1181696 | EPS: 0.71 | Rew: -0.33 | FPS: 7055.2 | Var: ddqn
Step: 1182720 | EPS: 0.71 | Rew: -0.35 | FPS: 8699.3 | Var: ddqn
Step: 1183744 | EPS: 0.71 | Rew: -0.39 | FPS: 7286.8 | Var: ddqn
Step: 1184768 | EPS: 0.71 | Rew: -0.29 | FPS: 9175.1 | Var: ddqn
Step: 1185792 | EPS: 0.71 | Rew: -0.28 | FPS: 6749.5 | Var: ddqn
Step: 1186816 | EPS: 0.71 | Rew: -0.27 | FPS: 9619.5 | Var: ddqn
Step: 1187840 | EPS: 0.71 | Rew: -0.25 | FPS: 9528.9 | Var: ddqn
Step: 1188864 | EPS: 0.71 | Rew: -0.39 | FPS: 9563.9 | Var: ddqn
Step: 1189888 | EPS: 0.71 | Rew: -0.38 | FPS: 9245.9 | Var: ddqn
Step: 1190912 | EPS: 0.71 | Rew: -0.39 | FPS: 9573.4 | Var: ddqn
Step: 1191936 | EPS: 0.71 | Rew: -0.38 | FPS: 9028.2 | Var: ddqn
Step: 1192960 | EPS: 0.71 | Rew: -0.35 | FPS: 9659.9 | Var: ddqn
Step: 1193984 | EPS: 0.71 | Rew: -0.34 | FPS: 9524.6 | Var: ddqn
Step: 1195008 | EPS: 0.71 | Rew: -0.33 | FPS: 9410.7 | Var: ddqn
Step: 1196032 | EPS: 0.71 | Rew: -0.32 | FPS: 9214.4 | Var: ddqn
Step: 1197056 | EPS: 0.71 | Rew: -0.28 | FPS: 9191.4 | Var: ddqn
Step: 1198080 | EPS: 0.71 | Rew: -0.30 | FPS: 9386.8 | Var: ddqn
Step: 1199104 | EPS: 0.71 | Rew: -0.24 | FPS: 9489.1 | Var: ddqn
Step: 1200128 | EPS: 0.71 | Rew: -0.24 | FPS: 9577.4 | Var: ddqn
Step: 1201152 | EPS: 0.71 | Rew: -0.18 | FPS: 9084.3 | Var: ddqn
Step: 1202176 | EPS: 0.71 | Rew: -0.21 | FPS: 9013.7 | Var: ddqn
Step: 1203200 | EPS: 0.71 | Rew: -0.19 | FPS: 9378.1 | Var: ddqn
Step: 1204224 | EPS: 0.70 | Rew: -0.20 | FPS: 9696.5 | Var: ddqn
Step: 1205248 | EPS: 0.70 | Rew: -0.20 | FPS: 9191.8 | Var: ddqn
Step: 1206272 | EPS: 0.70 | Rew: -0.19 | FPS: 9264.7 | Var: ddqn
Step: 1207296 | EPS: 0.70 | Rew: -0.20 | FPS: 7028.3 | Var: ddqn
Step: 1208320 | EPS: 0.70 | Rew: -0.15 | FPS: 9170.7 | Var: ddqn
Step: 1209344 | EPS: 0.70 | Rew: -0.11 | FPS: 7742.7 | Var: ddqn
Step: 1210368 | EPS: 0.70 | Rew: -0.12 | FPS: 8650.4 | Var: ddqn
Step: 1211392 | EPS: 0.70 | Rew: -0.16 | FPS: 9042.5 | Var: ddqn
Step: 1212416 | EPS: 0.70 | Rew: -0.18 | FPS: 9405.4 | Var: ddqn
Step: 1213440 | EPS: 0.70 | Rew: -0.18 | FPS: 9493.5 | Var: ddqn
Step: 1214464 | EPS: 0.70 | Rew: -0.27 | FPS: 9399.9 | Var: ddqn
Step: 1215488 | EPS: 0.70 | Rew: -0.30 | FPS: 9448.7 | Var: ddqn
Step: 1216512 | EPS: 0.70 | Rew: -0.30 | FPS: 8420.8 | Var: ddqn
Step: 1217536 | EPS: 0.70 | Rew: -0.33 | FPS: 9410.3 | Var: ddqn
Step: 1218560 | EPS: 0.70 | Rew: -0.34 | FPS: 9516.3 | Var: ddqn
Step: 1219584 | EPS: 0.70 | Rew: -0.34 | FPS: 8756.3 | Var: ddqn
Step: 1220608 | EPS: 0.70 | Rew: -0.35 | FPS: 9307.2 | Var: ddqn
Step: 1221632 | EPS: 0.70 | Rew: -0.32 | FPS: 9203.5 | Var: ddqn
Step: 1222656 | EPS: 0.70 | Rew: -0.33 | FPS: 9557.2 | Var: ddqn
Step: 1223680 | EPS: 0.70 | Rew: -0.36 | FPS: 9685.9 | Var: ddqn
Step: 1224704 | EPS: 0.70 | Rew: -0.31 | FPS: 9089.3 | Var: ddqn
Step: 1225728 | EPS: 0.70 | Rew: -0.26 | FPS: 6343.6 | Var: ddqn
Step: 1226752 | EPS: 0.70 | Rew: -0.27 | FPS: 8073.9 | Var: ddqn
Step: 1227776 | EPS: 0.70 | Rew: -0.31 | FPS: 8853.0 | Var: ddqn
Step: 1228800 | EPS: 0.70 | Rew: -0.32 | FPS: 7487.3 | Var: ddqn
Step: 1229824 | EPS: 0.70 | Rew: -0.30 | FPS: 9389.2 | Var: ddqn
Step: 1230848 | EPS: 0.70 | Rew: -0.31 | FPS: 8309.3 | Var: ddqn
Step: 1231872 | EPS: 0.70 | Rew: -0.32 | FPS: 10532.9 | Var: ddqn
Step: 1232896 | EPS: 0.70 | Rew: -0.30 | FPS: 10534.3 | Var: ddqn
Step: 1233920 | EPS: 0.70 | Rew: -0.31 | FPS: 11680.3 | Var: ddqn
Step: 1234944 | EPS: 0.70 | Rew: -0.34 | FPS: 11411.9 | Var: ddqn
Step: 1235968 | EPS: 0.70 | Rew: -0.35 | FPS: 11601.1 | Var: ddqn
Step: 1236992 | EPS: 0.70 | Rew: -0.36 | FPS: 10585.1 | Var: ddqn
Step: 1238016 | EPS: 0.70 | Rew: -0.32 | FPS: 11827.0 | Var: ddqn
Step: 1239040 | EPS: 0.70 | Rew: -0.37 | FPS: 12195.7 | Var: ddqn
Step: 1240064 | EPS: 0.70 | Rew: -0.35 | FPS: 11967.1 | Var: ddqn
Step: 1241088 | EPS: 0.70 | Rew: -0.35 | FPS: 8896.4 | Var: ddqn
Step: 1242112 | EPS: 0.70 | Rew: -0.33 | FPS: 7459.4 | Var: ddqn
Step: 1243136 | EPS: 0.70 | Rew: -0.34 | FPS: 9354.8 | Var: ddqn
Step: 1244160 | EPS: 0.70 | Rew: -0.33 | FPS: 9157.1 | Var: ddqn
Step: 1245184 | EPS: 0.69 | Rew: -0.30 | FPS: 7410.2 | Var: ddqn
Step: 1246208 | EPS: 0.69 | Rew: -0.26 | FPS: 7271.5 | Var: ddqn
Step: 1247232 | EPS: 0.69 | Rew: -0.23 | FPS: 8749.8 | Var: ddqn
Step: 1248256 | EPS: 0.69 | Rew: -0.21 | FPS: 9478.1 | Var: ddqn
Step: 1249280 | EPS: 0.69 | Rew: -0.20 | FPS: 9030.9 | Var: ddqn
Step: 1250304 | EPS: 0.69 | Rew: -0.23 | FPS: 7728.0 | Var: ddqn
Step: 1251328 | EPS: 0.69 | Rew: -0.23 | FPS: 6984.8 | Var: ddqn
Step: 1252352 | EPS: 0.69 | Rew: -0.25 | FPS: 6962.1 | Var: ddqn
Step: 1253376 | EPS: 0.69 | Rew: -0.27 | FPS: 9221.5 | Var: ddqn
Step: 1254400 | EPS: 0.69 | Rew: -0.29 | FPS: 8499.0 | Var: ddqn
Step: 1255424 | EPS: 0.69 | Rew: -0.33 | FPS: 9758.1 | Var: ddqn
Step: 1256448 | EPS: 0.69 | Rew: -0.30 | FPS: 12088.9 | Var: ddqn
Step: 1257472 | EPS: 0.69 | Rew: -0.27 | FPS: 9702.3 | Var: ddqn
Step: 1258496 | EPS: 0.69 | Rew: -0.24 | FPS: 8925.3 | Var: ddqn
Step: 1259520 | EPS: 0.69 | Rew: -0.23 | FPS: 9030.3 | Var: ddqn
Step: 1260544 | EPS: 0.69 | Rew: -0.25 | FPS: 9634.1 | Var: ddqn
Step: 1261568 | EPS: 0.69 | Rew: -0.28 | FPS: 9347.7 | Var: ddqn
Step: 1262592 | EPS: 0.69 | Rew: -0.29 | FPS: 9088.0 | Var: ddqn
Step: 1263616 | EPS: 0.69 | Rew: -0.30 | FPS: 9303.7 | Var: ddqn
Step: 1264640 | EPS: 0.69 | Rew: -0.24 | FPS: 8448.4 | Var: ddqn
Step: 1265664 | EPS: 0.69 | Rew: -0.18 | FPS: 9511.8 | Var: ddqn
Step: 1266688 | EPS: 0.69 | Rew: -0.15 | FPS: 9531.4 | Var: ddqn
Step: 1267712 | EPS: 0.69 | Rew: -0.08 | FPS: 9345.0 | Var: ddqn
Step: 1268736 | EPS: 0.69 | Rew: -0.09 | FPS: 9308.3 | Var: ddqn
Step: 1269760 | EPS: 0.69 | Rew: -0.10 | FPS: 9496.6 | Var: ddqn
Step: 1270784 | EPS: 0.69 | Rew: -0.10 | FPS: 9472.8 | Var: ddqn
Step: 1271808 | EPS: 0.69 | Rew: -0.10 | FPS: 9507.4 | Var: ddqn
Step: 1272832 | EPS: 0.69 | Rew: -0.18 | FPS: 9282.6 | Var: ddqn
Step: 1273856 | EPS: 0.69 | Rew: -0.18 | FPS: 9186.9 | Var: ddqn
Step: 1274880 | EPS: 0.69 | Rew: -0.16 | FPS: 8650.9 | Var: ddqn
Step: 1275904 | EPS: 0.69 | Rew: -0.22 | FPS: 9721.5 | Var: ddqn
Step: 1276928 | EPS: 0.69 | Rew: -0.22 | FPS: 9281.2 | Var: ddqn
Step: 1277952 | EPS: 0.69 | Rew: -0.22 | FPS: 8632.0 | Var: ddqn
Step: 1278976 | EPS: 0.69 | Rew: -0.24 | FPS: 9473.1 | Var: ddqn
Step: 1280000 | EPS: 0.69 | Rew: -0.23 | FPS: 9511.4 | Var: ddqn
Step: 1281024 | EPS: 0.69 | Rew: -0.21 | FPS: 9499.6 | Var: ddqn
Step: 1282048 | EPS: 0.69 | Rew: -0.16 | FPS: 9194.8 | Var: ddqn
Step: 1283072 | EPS: 0.69 | Rew: -0.16 | FPS: 9007.3 | Var: ddqn
Step: 1284096 | EPS: 0.69 | Rew: -0.13 | FPS: 9655.2 | Var: ddqn
Step: 1285120 | EPS: 0.69 | Rew: -0.12 | FPS: 9742.2 | Var: ddqn
Step: 1286144 | EPS: 0.68 | Rew: -0.13 | FPS: 9312.0 | Var: ddqn
Step: 1287168 | EPS: 0.68 | Rew: -0.20 | FPS: 9356.2 | Var: ddqn
Step: 1288192 | EPS: 0.68 | Rew: -0.30 | FPS: 9468.5 | Var: ddqn
Step: 1289216 | EPS: 0.68 | Rew: -0.27 | FPS: 9540.8 | Var: ddqn
Step: 1290240 | EPS: 0.68 | Rew: -0.25 | FPS: 9189.0 | Var: ddqn
Step: 1291264 | EPS: 0.68 | Rew: -0.22 | FPS: 9323.5 | Var: ddqn
Step: 1292288 | EPS: 0.68 | Rew: -0.21 | FPS: 9058.2 | Var: ddqn
Step: 1293312 | EPS: 0.68 | Rew: -0.19 | FPS: 8474.9 | Var: ddqn
Step: 1294336 | EPS: 0.68 | Rew: -0.26 | FPS: 9203.2 | Var: ddqn
Step: 1295360 | EPS: 0.68 | Rew: -0.27 | FPS: 9128.2 | Var: ddqn
Step: 1296384 | EPS: 0.68 | Rew: -0.31 | FPS: 9050.6 | Var: ddqn
Step: 1297408 | EPS: 0.68 | Rew: -0.31 | FPS: 7770.3 | Var: ddqn
Step: 1298432 | EPS: 0.68 | Rew: -0.26 | FPS: 8787.2 | Var: ddqn
Step: 1299456 | EPS: 0.68 | Rew: -0.26 | FPS: 7374.5 | Var: ddqn
Step: 1300480 | EPS: 0.68 | Rew: -0.25 | FPS: 6333.0 | Var: ddqn
Step: 1301504 | EPS: 0.68 | Rew: -0.23 | FPS: 9515.2 | Var: ddqn
Step: 1302528 | EPS: 0.68 | Rew: -0.22 | FPS: 9485.1 | Var: ddqn
Step: 1303552 | EPS: 0.68 | Rew: -0.22 | FPS: 9721.3 | Var: ddqn
Step: 1304576 | EPS: 0.68 | Rew: -0.23 | FPS: 9742.5 | Var: ddqn
Step: 1305600 | EPS: 0.68 | Rew: -0.20 | FPS: 9511.8 | Var: ddqn
Step: 1306624 | EPS: 0.68 | Rew: -0.22 | FPS: 9483.4 | Var: ddqn
Step: 1307648 | EPS: 0.68 | Rew: -0.24 | FPS: 9506.4 | Var: ddqn
Step: 1308672 | EPS: 0.68 | Rew: -0.22 | FPS: 9600.0 | Var: ddqn
Step: 1309696 | EPS: 0.68 | Rew: -0.23 | FPS: 9512.2 | Var: ddqn
Step: 1310720 | EPS: 0.68 | Rew: -0.27 | FPS: 9323.9 | Var: ddqn
Step: 1311744 | EPS: 0.68 | Rew: -0.28 | FPS: 9185.4 | Var: ddqn
Step: 1312768 | EPS: 0.68 | Rew: -0.24 | FPS: 9095.8 | Var: ddqn
Step: 1313792 | EPS: 0.68 | Rew: -0.27 | FPS: 9760.9 | Var: ddqn
Step: 1314816 | EPS: 0.68 | Rew: -0.20 | FPS: 9484.5 | Var: ddqn
Step: 1315840 | EPS: 0.68 | Rew: -0.18 | FPS: 9474.4 | Var: ddqn
Step: 1316864 | EPS: 0.68 | Rew: -0.18 | FPS: 9330.4 | Var: ddqn
Step: 1317888 | EPS: 0.68 | Rew: -0.19 | FPS: 9674.9 | Var: ddqn
Step: 1318912 | EPS: 0.68 | Rew: -0.23 | FPS: 9524.6 | Var: ddqn
Step: 1319936 | EPS: 0.68 | Rew: -0.26 | FPS: 8961.9 | Var: ddqn
Step: 1320960 | EPS: 0.68 | Rew: -0.29 | FPS: 8972.2 | Var: ddqn
Step: 1321984 | EPS: 0.68 | Rew: -0.32 | FPS: 9594.4 | Var: ddqn
Step: 1323008 | EPS: 0.68 | Rew: -0.32 | FPS: 7231.6 | Var: ddqn
Step: 1324032 | EPS: 0.68 | Rew: -0.31 | FPS: 9612.2 | Var: ddqn
Step: 1325056 | EPS: 0.68 | Rew: -0.26 | FPS: 9230.2 | Var: ddqn
Step: 1326080 | EPS: 0.68 | Rew: -0.28 | FPS: 8936.4 | Var: ddqn
Step: 1327104 | EPS: 0.67 | Rew: -0.25 | FPS: 9225.4 | Var: ddqn
Step: 1328128 | EPS: 0.67 | Rew: -0.22 | FPS: 8766.7 | Var: ddqn
Step: 1329152 | EPS: 0.67 | Rew: -0.22 | FPS: 8823.9 | Var: ddqn
Step: 1330176 | EPS: 0.67 | Rew: -0.20 | FPS: 9380.3 | Var: ddqn
Step: 1331200 | EPS: 0.67 | Rew: -0.17 | FPS: 9163.6 | Var: ddqn
Step: 1332224 | EPS: 0.67 | Rew: -0.14 | FPS: 9190.1 | Var: ddqn
Step: 1333248 | EPS: 0.67 | Rew: -0.16 | FPS: 8825.2 | Var: ddqn
Step: 1334272 | EPS: 0.67 | Rew: -0.15 | FPS: 9284.9 | Var: ddqn
Step: 1335296 | EPS: 0.67 | Rew: -0.16 | FPS: 8553.9 | Var: ddqn
Step: 1336320 | EPS: 0.67 | Rew: -0.14 | FPS: 9090.6 | Var: ddqn
Step: 1337344 | EPS: 0.67 | Rew: -0.19 | FPS: 9394.2 | Var: ddqn
Step: 1338368 | EPS: 0.67 | Rew: -0.18 | FPS: 7078.4 | Var: ddqn
Step: 1339392 | EPS: 0.67 | Rew: -0.15 | FPS: 9026.6 | Var: ddqn
Step: 1340416 | EPS: 0.67 | Rew: -0.19 | FPS: 9357.0 | Var: ddqn
Step: 1341440 | EPS: 0.67 | Rew: -0.20 | FPS: 9523.3 | Var: ddqn
Step: 1342464 | EPS: 0.67 | Rew: -0.22 | FPS: 9262.4 | Var: ddqn
Step: 1343488 | EPS: 0.67 | Rew: -0.26 | FPS: 7762.8 | Var: ddqn
Step: 1344512 | EPS: 0.67 | Rew: -0.18 | FPS: 8019.7 | Var: ddqn
Step: 1345536 | EPS: 0.67 | Rew: -0.19 | FPS: 9025.1 | Var: ddqn
Step: 1346560 | EPS: 0.67 | Rew: -0.16 | FPS: 7536.5 | Var: ddqn
Step: 1347584 | EPS: 0.67 | Rew: -0.16 | FPS: 7576.4 | Var: ddqn
Step: 1348608 | EPS: 0.67 | Rew: -0.19 | FPS: 9028.3 | Var: ddqn
Step: 1349632 | EPS: 0.67 | Rew: -0.23 | FPS: 9191.2 | Var: ddqn
Step: 1350656 | EPS: 0.67 | Rew: -0.22 | FPS: 6332.2 | Var: ddqn
Step: 1351680 | EPS: 0.67 | Rew: -0.19 | FPS: 9930.9 | Var: ddqn
Step: 1352704 | EPS: 0.67 | Rew: -0.18 | FPS: 9319.6 | Var: ddqn
Step: 1353728 | EPS: 0.67 | Rew: -0.20 | FPS: 9519.7 | Var: ddqn
Step: 1354752 | EPS: 0.67 | Rew: -0.17 | FPS: 8034.5 | Var: ddqn
Step: 1355776 | EPS: 0.67 | Rew: -0.07 | FPS: 8602.6 | Var: ddqn
Step: 1356800 | EPS: 0.67 | Rew: -0.08 | FPS: 9239.3 | Var: ddqn
Step: 1357824 | EPS: 0.67 | Rew: -0.08 | FPS: 8826.4 | Var: ddqn
Step: 1358848 | EPS: 0.67 | Rew: -0.05 | FPS: 8962.7 | Var: ddqn
Step: 1359872 | EPS: 0.67 | Rew: -0.13 | FPS: 9280.8 | Var: ddqn
Step: 1360896 | EPS: 0.67 | Rew: -0.17 | FPS: 9540.6 | Var: ddqn
Step: 1361920 | EPS: 0.67 | Rew: -0.16 | FPS: 9395.8 | Var: ddqn
Step: 1362944 | EPS: 0.67 | Rew: -0.09 | FPS: 8754.2 | Var: ddqn
Step: 1363968 | EPS: 0.67 | Rew: -0.13 | FPS: 8918.2 | Var: ddqn
Step: 1364992 | EPS: 0.67 | Rew: -0.16 | FPS: 8961.2 | Var: ddqn
Step: 1366016 | EPS: 0.67 | Rew: -0.17 | FPS: 9642.5 | Var: ddqn
Step: 1367040 | EPS: 0.67 | Rew: -0.20 | FPS: 10979.9 | Var: ddqn
Step: 1368064 | EPS: 0.66 | Rew: -0.22 | FPS: 11719.0 | Var: ddqn
Step: 1369088 | EPS: 0.66 | Rew: -0.18 | FPS: 11337.8 | Var: ddqn
Step: 1370112 | EPS: 0.66 | Rew: -0.19 | FPS: 10919.2 | Var: ddqn
Step: 1371136 | EPS: 0.66 | Rew: -0.17 | FPS: 8019.3 | Var: ddqn
Step: 1372160 | EPS: 0.66 | Rew: -0.19 | FPS: 9424.8 | Var: ddqn
Step: 1373184 | EPS: 0.66 | Rew: -0.16 | FPS: 9504.3 | Var: ddqn
Step: 1374208 | EPS: 0.66 | Rew: -0.16 | FPS: 9221.5 | Var: ddqn
Step: 1375232 | EPS: 0.66 | Rew: -0.14 | FPS: 9484.6 | Var: ddqn
Step: 1376256 | EPS: 0.66 | Rew: -0.12 | FPS: 8984.5 | Var: ddqn
Step: 1377280 | EPS: 0.66 | Rew: -0.16 | FPS: 9177.9 | Var: ddqn
Step: 1378304 | EPS: 0.66 | Rew: -0.18 | FPS: 9667.8 | Var: ddqn
Step: 1379328 | EPS: 0.66 | Rew: -0.16 | FPS: 9041.3 | Var: ddqn
Step: 1380352 | EPS: 0.66 | Rew: -0.20 | FPS: 8945.6 | Var: ddqn
Step: 1381376 | EPS: 0.66 | Rew: -0.27 | FPS: 9442.4 | Var: ddqn
Step: 1382400 | EPS: 0.66 | Rew: -0.25 | FPS: 9355.6 | Var: ddqn
Step: 1383424 | EPS: 0.66 | Rew: -0.27 | FPS: 8752.8 | Var: ddqn
Step: 1384448 | EPS: 0.66 | Rew: -0.27 | FPS: 8832.3 | Var: ddqn
Step: 1385472 | EPS: 0.66 | Rew: -0.26 | FPS: 9113.2 | Var: ddqn
Step: 1386496 | EPS: 0.66 | Rew: -0.28 | FPS: 9307.8 | Var: ddqn
Step: 1387520 | EPS: 0.66 | Rew: -0.32 | FPS: 9098.5 | Var: ddqn
Step: 1388544 | EPS: 0.66 | Rew: -0.31 | FPS: 9180.0 | Var: ddqn
Step: 1389568 | EPS: 0.66 | Rew: -0.27 | FPS: 8942.2 | Var: ddqn
Step: 1390592 | EPS: 0.66 | Rew: -0.22 | FPS: 9143.0 | Var: ddqn
Step: 1391616 | EPS: 0.66 | Rew: -0.20 | FPS: 7845.1 | Var: ddqn
Step: 1392640 | EPS: 0.66 | Rew: -0.14 | FPS: 8740.3 | Var: ddqn
Step: 1393664 | EPS: 0.66 | Rew: -0.15 | FPS: 9191.6 | Var: ddqn
Step: 1394688 | EPS: 0.66 | Rew: -0.17 | FPS: 8828.6 | Var: ddqn
Step: 1395712 | EPS: 0.66 | Rew: -0.13 | FPS: 8950.2 | Var: ddqn
Step: 1396736 | EPS: 0.66 | Rew: -0.10 | FPS: 8857.9 | Var: ddqn
Step: 1397760 | EPS: 0.66 | Rew: -0.08 | FPS: 9245.3 | Var: ddqn
Step: 1398784 | EPS: 0.66 | Rew: -0.07 | FPS: 8956.2 | Var: ddqn
Step: 1399808 | EPS: 0.66 | Rew: -0.06 | FPS: 9050.9 | Var: ddqn
Step: 1400832 | EPS: 0.66 | Rew: -0.12 | FPS: 8894.3 | Var: ddqn
Step: 1401856 | EPS: 0.66 | Rew: -0.12 | FPS: 8970.1 | Var: ddqn
Step: 1402880 | EPS: 0.66 | Rew: -0.13 | FPS: 8746.8 | Var: ddqn
Step: 1403904 | EPS: 0.66 | Rew: -0.14 | FPS: 9223.2 | Var: ddqn
Step: 1404928 | EPS: 0.66 | Rew: -0.16 | FPS: 9022.1 | Var: ddqn
Step: 1405952 | EPS: 0.66 | Rew: -0.15 | FPS: 9145.3 | Var: ddqn
Step: 1406976 | EPS: 0.66 | Rew: -0.15 | FPS: 8359.5 | Var: ddqn
Step: 1408000 | EPS: 0.66 | Rew: -0.18 | FPS: 8466.9 | Var: ddqn
Step: 1409024 | EPS: 0.65 | Rew: -0.17 | FPS: 9042.7 | Var: ddqn
Step: 1410048 | EPS: 0.65 | Rew: -0.16 | FPS: 9297.3 | Var: ddqn
Step: 1411072 | EPS: 0.65 | Rew: -0.21 | FPS: 9060.8 | Var: ddqn
Step: 1412096 | EPS: 0.65 | Rew: -0.19 | FPS: 8927.8 | Var: ddqn
Step: 1413120 | EPS: 0.65 | Rew: -0.20 | FPS: 6362.1 | Var: ddqn
Step: 1414144 | EPS: 0.65 | Rew: -0.20 | FPS: 9321.2 | Var: ddqn
Step: 1415168 | EPS: 0.65 | Rew: -0.16 | FPS: 7236.6 | Var: ddqn
Step: 1416192 | EPS: 0.65 | Rew: -0.19 | FPS: 7937.4 | Var: ddqn
Step: 1417216 | EPS: 0.65 | Rew: -0.15 | FPS: 7551.5 | Var: ddqn
Step: 1418240 | EPS: 0.65 | Rew: -0.16 | FPS: 9389.1 | Var: ddqn
Step: 1419264 | EPS: 0.65 | Rew: -0.18 | FPS: 9127.8 | Var: ddqn
Step: 1420288 | EPS: 0.65 | Rew: -0.17 | FPS: 9590.3 | Var: ddqn
Step: 1421312 | EPS: 0.65 | Rew: -0.22 | FPS: 8737.6 | Var: ddqn
Step: 1422336 | EPS: 0.65 | Rew: -0.26 | FPS: 8928.1 | Var: ddqn
Step: 1423360 | EPS: 0.65 | Rew: -0.28 | FPS: 9267.3 | Var: ddqn
Step: 1424384 | EPS: 0.65 | Rew: -0.31 | FPS: 8121.6 | Var: ddqn
Step: 1425408 | EPS: 0.65 | Rew: -0.29 | FPS: 9202.3 | Var: ddqn
Step: 1426432 | EPS: 0.65 | Rew: -0.25 | FPS: 10345.4 | Var: ddqn
Step: 1427456 | EPS: 0.65 | Rew: -0.19 | FPS: 8900.6 | Var: ddqn
Step: 1428480 | EPS: 0.65 | Rew: -0.21 | FPS: 9710.9 | Var: ddqn
Step: 1429504 | EPS: 0.65 | Rew: -0.22 | FPS: 9024.9 | Var: ddqn
Step: 1430528 | EPS: 0.65 | Rew: -0.22 | FPS: 7915.3 | Var: ddqn
Step: 1431552 | EPS: 0.65 | Rew: -0.27 | FPS: 9005.7 | Var: ddqn
Step: 1432576 | EPS: 0.65 | Rew: -0.20 | FPS: 7776.0 | Var: ddqn
Step: 1433600 | EPS: 0.65 | Rew: -0.18 | FPS: 9275.2 | Var: ddqn
Step: 1434624 | EPS: 0.65 | Rew: -0.14 | FPS: 8079.1 | Var: ddqn
Step: 1435648 | EPS: 0.65 | Rew: -0.15 | FPS: 6762.9 | Var: ddqn
Step: 1436672 | EPS: 0.65 | Rew: -0.14 | FPS: 9060.7 | Var: ddqn
Step: 1437696 | EPS: 0.65 | Rew: -0.13 | FPS: 8573.0 | Var: ddqn
Step: 1438720 | EPS: 0.65 | Rew: -0.11 | FPS: 8951.8 | Var: ddqn
Step: 1439744 | EPS: 0.65 | Rew: -0.07 | FPS: 8703.3 | Var: ddqn
Step: 1440768 | EPS: 0.65 | Rew: -0.08 | FPS: 9124.7 | Var: ddqn
Step: 1441792 | EPS: 0.65 | Rew: -0.12 | FPS: 9330.7 | Var: ddqn
Step: 1442816 | EPS: 0.65 | Rew: -0.17 | FPS: 9622.6 | Var: ddqn
Step: 1443840 | EPS: 0.65 | Rew: -0.19 | FPS: 9719.4 | Var: ddqn
Step: 1444864 | EPS: 0.65 | Rew: -0.14 | FPS: 9437.9 | Var: ddqn
Step: 1445888 | EPS: 0.65 | Rew: -0.15 | FPS: 9386.6 | Var: ddqn
Step: 1446912 | EPS: 0.65 | Rew: -0.11 | FPS: 9112.6 | Var: ddqn
Step: 1447936 | EPS: 0.65 | Rew: -0.13 | FPS: 9576.8 | Var: ddqn
Step: 1448960 | EPS: 0.65 | Rew: -0.18 | FPS: 6872.1 | Var: ddqn
Step: 1449984 | EPS: 0.64 | Rew: -0.14 | FPS: 9475.5 | Var: ddqn
Step: 1451008 | EPS: 0.64 | Rew: -0.08 | FPS: 9384.4 | Var: ddqn
Step: 1452032 | EPS: 0.64 | Rew: -0.11 | FPS: 9617.1 | Var: ddqn
Step: 1453056 | EPS: 0.64 | Rew: -0.13 | FPS: 9284.5 | Var: ddqn
Step: 1454080 | EPS: 0.64 | Rew: -0.13 | FPS: 9612.0 | Var: ddqn
Step: 1455104 | EPS: 0.64 | Rew: -0.16 | FPS: 9401.0 | Var: ddqn
Step: 1456128 | EPS: 0.64 | Rew: -0.15 | FPS: 9092.5 | Var: ddqn
Step: 1457152 | EPS: 0.64 | Rew: -0.17 | FPS: 7283.5 | Var: ddqn
Step: 1458176 | EPS: 0.64 | Rew: -0.22 | FPS: 7952.1 | Var: ddqn
Step: 1459200 | EPS: 0.64 | Rew: -0.23 | FPS: 9385.6 | Var: ddqn
Step: 1460224 | EPS: 0.64 | Rew: -0.29 | FPS: 9868.6 | Var: ddqn
Step: 1461248 | EPS: 0.64 | Rew: -0.26 | FPS: 9661.1 | Var: ddqn
Step: 1462272 | EPS: 0.64 | Rew: -0.26 | FPS: 9263.1 | Var: ddqn
Step: 1463296 | EPS: 0.64 | Rew: -0.29 | FPS: 9316.2 | Var: ddqn
Step: 1464320 | EPS: 0.64 | Rew: -0.27 | FPS: 9205.6 | Var: ddqn
Step: 1465344 | EPS: 0.64 | Rew: -0.22 | FPS: 9249.3 | Var: ddqn
Step: 1466368 | EPS: 0.64 | Rew: -0.17 | FPS: 9461.9 | Var: ddqn
Step: 1467392 | EPS: 0.64 | Rew: -0.13 | FPS: 7722.8 | Var: ddqn
Step: 1468416 | EPS: 0.64 | Rew: -0.13 | FPS: 9522.3 | Var: ddqn
Step: 1469440 | EPS: 0.64 | Rew: -0.13 | FPS: 9136.2 | Var: ddqn
Step: 1470464 | EPS: 0.64 | Rew: -0.15 | FPS: 7634.2 | Var: ddqn
Step: 1471488 | EPS: 0.64 | Rew: -0.18 | FPS: 7510.2 | Var: ddqn
Step: 1472512 | EPS: 0.64 | Rew: -0.18 | FPS: 7823.6 | Var: ddqn
Step: 1473536 | EPS: 0.64 | Rew: -0.15 | FPS: 7786.1 | Var: ddqn
Step: 1474560 | EPS: 0.64 | Rew: -0.12 | FPS: 6390.7 | Var: ddqn
Step: 1475584 | EPS: 0.64 | Rew: -0.14 | FPS: 7918.8 | Var: ddqn
Step: 1476608 | EPS: 0.64 | Rew: -0.10 | FPS: 8875.1 | Var: ddqn
Step: 1477632 | EPS: 0.64 | Rew: -0.09 | FPS: 8593.3 | Var: ddqn
Step: 1478656 | EPS: 0.64 | Rew: -0.08 | FPS: 8935.6 | Var: ddqn
Step: 1479680 | EPS: 0.64 | Rew: -0.07 | FPS: 9132.1 | Var: ddqn
Step: 1480704 | EPS: 0.64 | Rew: -0.07 | FPS: 9096.4 | Var: ddqn
Step: 1481728 | EPS: 0.64 | Rew: -0.12 | FPS: 8877.7 | Var: ddqn
Step: 1482752 | EPS: 0.64 | Rew: -0.09 | FPS: 9348.6 | Var: ddqn
Step: 1483776 | EPS: 0.64 | Rew: -0.06 | FPS: 9371.7 | Var: ddqn
Step: 1484800 | EPS: 0.64 | Rew: -0.05 | FPS: 9215.7 | Var: ddqn
Step: 1485824 | EPS: 0.64 | Rew: 0.04 | FPS: 9334.5 | Var: ddqn
Step: 1486848 | EPS: 0.64 | Rew: 0.04 | FPS: 9202.6 | Var: ddqn
Step: 1487872 | EPS: 0.64 | Rew: 0.05 | FPS: 9363.3 | Var: ddqn
Step: 1488896 | EPS: 0.64 | Rew: -0.03 | FPS: 9558.9 | Var: ddqn
Step: 1489920 | EPS: 0.63 | Rew: -0.10 | FPS: 9316.5 | Var: ddqn
Step: 1490944 | EPS: 0.63 | Rew: -0.12 | FPS: 9055.9 | Var: ddqn
Step: 1491968 | EPS: 0.63 | Rew: -0.17 | FPS: 9386.0 | Var: ddqn
Step: 1492992 | EPS: 0.63 | Rew: -0.12 | FPS: 9137.6 | Var: ddqn
Step: 1494016 | EPS: 0.63 | Rew: -0.12 | FPS: 9118.6 | Var: ddqn
Step: 1495040 | EPS: 0.63 | Rew: -0.12 | FPS: 9186.9 | Var: ddqn
Step: 1496064 | EPS: 0.63 | Rew: -0.09 | FPS: 6381.6 | Var: ddqn
Step: 1497088 | EPS: 0.63 | Rew: -0.12 | FPS: 6730.6 | Var: ddqn
Step: 1498112 | EPS: 0.63 | Rew: -0.16 | FPS: 8992.1 | Var: ddqn
Step: 1499136 | EPS: 0.63 | Rew: -0.17 | FPS: 7380.0 | Var: ddqn
Step: 1500160 | EPS: 0.63 | Rew: -0.19 | FPS: 8481.4 | Var: ddqn
Step: 1501184 | EPS: 0.63 | Rew: -0.20 | FPS: 8207.0 | Var: ddqn
Step: 1502208 | EPS: 0.63 | Rew: -0.22 | FPS: 7583.5 | Var: ddqn
Step: 1503232 | EPS: 0.63 | Rew: -0.22 | FPS: 8544.9 | Var: ddqn
Step: 1504256 | EPS: 0.63 | Rew: -0.22 | FPS: 9406.4 | Var: ddqn
Step: 1505280 | EPS: 0.63 | Rew: -0.23 | FPS: 9041.7 | Var: ddqn
Step: 1506304 | EPS: 0.63 | Rew: -0.21 | FPS: 8525.1 | Var: ddqn
Step: 1507328 | EPS: 0.63 | Rew: -0.18 | FPS: 8953.2 | Var: ddqn
Step: 1508352 | EPS: 0.63 | Rew: -0.17 | FPS: 9293.5 | Var: ddqn
Step: 1509376 | EPS: 0.63 | Rew: -0.12 | FPS: 8503.6 | Var: ddqn
Step: 1510400 | EPS: 0.63 | Rew: -0.13 | FPS: 9181.1 | Var: ddqn
Step: 1511424 | EPS: 0.63 | Rew: -0.13 | FPS: 8505.5 | Var: ddqn
Step: 1512448 | EPS: 0.63 | Rew: -0.05 | FPS: 9287.9 | Var: ddqn
Step: 1513472 | EPS: 0.63 | Rew: -0.10 | FPS: 8972.8 | Var: ddqn
Step: 1514496 | EPS: 0.63 | Rew: -0.03 | FPS: 7208.6 | Var: ddqn
Step: 1515520 | EPS: 0.63 | Rew: -0.05 | FPS: 9547.3 | Var: ddqn
Step: 1516544 | EPS: 0.63 | Rew: -0.05 | FPS: 7907.5 | Var: ddqn
Step: 1517568 | EPS: 0.63 | Rew: -0.10 | FPS: 9146.7 | Var: ddqn
Step: 1518592 | EPS: 0.63 | Rew: -0.15 | FPS: 8814.2 | Var: ddqn
Step: 1519616 | EPS: 0.63 | Rew: -0.18 | FPS: 9015.8 | Var: ddqn
Step: 1520640 | EPS: 0.63 | Rew: -0.14 | FPS: 9150.1 | Var: ddqn
Step: 1521664 | EPS: 0.63 | Rew: -0.11 | FPS: 7618.6 | Var: ddqn
Step: 1522688 | EPS: 0.63 | Rew: -0.17 | FPS: 7730.0 | Var: ddqn
Step: 1523712 | EPS: 0.63 | Rew: -0.13 | FPS: 7592.3 | Var: ddqn
Step: 1524736 | EPS: 0.63 | Rew: -0.13 | FPS: 7897.9 | Var: ddqn
Step: 1525760 | EPS: 0.63 | Rew: -0.17 | FPS: 7406.5 | Var: ddqn
Step: 1526784 | EPS: 0.63 | Rew: -0.13 | FPS: 7733.0 | Var: ddqn
Step: 1527808 | EPS: 0.63 | Rew: -0.10 | FPS: 8552.0 | Var: ddqn
Step: 1528832 | EPS: 0.63 | Rew: -0.11 | FPS: 9065.4 | Var: ddqn
Step: 1529856 | EPS: 0.63 | Rew: -0.10 | FPS: 9118.0 | Var: ddqn
Step: 1530880 | EPS: 0.62 | Rew: -0.13 | FPS: 9117.3 | Var: ddqn
Step: 1531904 | EPS: 0.62 | Rew: -0.16 | FPS: 9539.3 | Var: ddqn
Step: 1532928 | EPS: 0.62 | Rew: -0.18 | FPS: 9364.1 | Var: ddqn
Step: 1533952 | EPS: 0.62 | Rew: -0.16 | FPS: 9341.6 | Var: ddqn
Step: 1534976 | EPS: 0.62 | Rew: -0.12 | FPS: 9156.4 | Var: ddqn
Step: 1536000 | EPS: 0.62 | Rew: -0.11 | FPS: 9187.9 | Var: ddqn
Step: 1537024 | EPS: 0.62 | Rew: -0.07 | FPS: 8959.1 | Var: ddqn
Step: 1538048 | EPS: 0.62 | Rew: -0.05 | FPS: 6764.2 | Var: ddqn
Step: 1539072 | EPS: 0.62 | Rew: -0.09 | FPS: 8468.9 | Var: ddqn
Step: 1540096 | EPS: 0.62 | Rew: -0.12 | FPS: 9203.7 | Var: ddqn
Step: 1541120 | EPS: 0.62 | Rew: -0.09 | FPS: 9103.3 | Var: ddqn
Step: 1542144 | EPS: 0.62 | Rew: -0.08 | FPS: 9121.4 | Var: ddqn
Step: 1543168 | EPS: 0.62 | Rew: -0.10 | FPS: 9573.0 | Var: ddqn
Step: 1544192 | EPS: 0.62 | Rew: -0.11 | FPS: 8533.4 | Var: ddqn
Step: 1545216 | EPS: 0.62 | Rew: -0.11 | FPS: 9811.4 | Var: ddqn
Step: 1546240 | EPS: 0.62 | Rew: -0.13 | FPS: 9682.6 | Var: ddqn
Step: 1547264 | EPS: 0.62 | Rew: -0.15 | FPS: 7646.1 | Var: ddqn
Step: 1548288 | EPS: 0.62 | Rew: -0.15 | FPS: 9121.4 | Var: ddqn
Step: 1549312 | EPS: 0.62 | Rew: -0.09 | FPS: 9530.4 | Var: ddqn
Step: 1550336 | EPS: 0.62 | Rew: -0.11 | FPS: 9182.3 | Var: ddqn
Step: 1551360 | EPS: 0.62 | Rew: -0.11 | FPS: 9029.4 | Var: ddqn
Step: 1552384 | EPS: 0.62 | Rew: -0.10 | FPS: 6854.2 | Var: ddqn
Step: 1553408 | EPS: 0.62 | Rew: -0.14 | FPS: 9570.9 | Var: ddqn
Step: 1554432 | EPS: 0.62 | Rew: -0.16 | FPS: 9230.2 | Var: ddqn
Step: 1555456 | EPS: 0.62 | Rew: -0.14 | FPS: 9357.1 | Var: ddqn
Step: 1556480 | EPS: 0.62 | Rew: -0.15 | FPS: 9600.6 | Var: ddqn
Step: 1557504 | EPS: 0.62 | Rew: -0.21 | FPS: 9047.8 | Var: ddqn
Step: 1558528 | EPS: 0.62 | Rew: -0.19 | FPS: 8597.7 | Var: ddqn
Step: 1559552 | EPS: 0.62 | Rew: -0.18 | FPS: 8644.5 | Var: ddqn
Step: 1560576 | EPS: 0.62 | Rew: -0.22 | FPS: 9192.5 | Var: ddqn
Step: 1561600 | EPS: 0.62 | Rew: -0.16 | FPS: 9527.3 | Var: ddqn
Step: 1562624 | EPS: 0.62 | Rew: -0.15 | FPS: 9207.4 | Var: ddqn
Step: 1563648 | EPS: 0.62 | Rew: -0.11 | FPS: 8946.2 | Var: ddqn
Step: 1564672 | EPS: 0.62 | Rew: -0.12 | FPS: 10246.9 | Var: ddqn
Step: 1565696 | EPS: 0.62 | Rew: -0.10 | FPS: 9407.8 | Var: ddqn
Step: 1566720 | EPS: 0.62 | Rew: -0.07 | FPS: 8862.4 | Var: ddqn
Step: 1567744 | EPS: 0.62 | Rew: -0.05 | FPS: 9391.1 | Var: ddqn
Step: 1568768 | EPS: 0.62 | Rew: -0.05 | FPS: 9325.0 | Var: ddqn
Step: 1569792 | EPS: 0.62 | Rew: -0.02 | FPS: 7023.5 | Var: ddqn
Step: 1570816 | EPS: 0.62 | Rew: -0.03 | FPS: 9530.7 | Var: ddqn
Step: 1571840 | EPS: 0.61 | Rew: -0.07 | FPS: 9576.4 | Var: ddqn
Step: 1572864 | EPS: 0.61 | Rew: -0.08 | FPS: 9715.0 | Var: ddqn
Step: 1573888 | EPS: 0.61 | Rew: -0.07 | FPS: 9315.4 | Var: ddqn
Step: 1574912 | EPS: 0.61 | Rew: -0.06 | FPS: 9228.1 | Var: ddqn
Step: 1575936 | EPS: 0.61 | Rew: -0.08 | FPS: 9063.3 | Var: ddqn
Step: 1576960 | EPS: 0.61 | Rew: -0.08 | FPS: 9648.3 | Var: ddqn
Step: 1577984 | EPS: 0.61 | Rew: -0.04 | FPS: 8551.7 | Var: ddqn
Step: 1579008 | EPS: 0.61 | Rew: 0.00 | FPS: 9303.7 | Var: ddqn
Step: 1580032 | EPS: 0.61 | Rew: 0.11 | FPS: 9270.8 | Var: ddqn
Step: 1581056 | EPS: 0.61 | Rew: 0.15 | FPS: 9664.3 | Var: ddqn
Step: 1582080 | EPS: 0.61 | Rew: 0.10 | FPS: 9396.6 | Var: ddqn
Step: 1583104 | EPS: 0.61 | Rew: 0.03 | FPS: 9637.6 | Var: ddqn
Step: 1584128 | EPS: 0.61 | Rew: -0.07 | FPS: 9057.9 | Var: ddqn
Step: 1585152 | EPS: 0.61 | Rew: -0.13 | FPS: 9373.8 | Var: ddqn
Step: 1586176 | EPS: 0.61 | Rew: -0.12 | FPS: 9355.7 | Var: ddqn
Step: 1587200 | EPS: 0.61 | Rew: -0.14 | FPS: 9428.3 | Var: ddqn
Step: 1588224 | EPS: 0.61 | Rew: -0.17 | FPS: 8752.4 | Var: ddqn
Step: 1589248 | EPS: 0.61 | Rew: -0.15 | FPS: 9231.4 | Var: ddqn
Step: 1590272 | EPS: 0.61 | Rew: -0.10 | FPS: 9384.4 | Var: ddqn
Step: 1591296 | EPS: 0.61 | Rew: -0.15 | FPS: 9091.0 | Var: ddqn
Step: 1592320 | EPS: 0.61 | Rew: -0.10 | FPS: 7788.2 | Var: ddqn
Step: 1593344 | EPS: 0.61 | Rew: -0.08 | FPS: 9403.3 | Var: ddqn
Step: 1594368 | EPS: 0.61 | Rew: -0.09 | FPS: 9028.3 | Var: ddqn
Step: 1595392 | EPS: 0.61 | Rew: -0.08 | FPS: 9670.4 | Var: ddqn
Step: 1596416 | EPS: 0.61 | Rew: -0.09 | FPS: 9189.6 | Var: ddqn
Step: 1597440 | EPS: 0.61 | Rew: -0.12 | FPS: 9639.4 | Var: ddqn
Step: 1598464 | EPS: 0.61 | Rew: -0.08 | FPS: 9479.8 | Var: ddqn
Step: 1599488 | EPS: 0.61 | Rew: -0.08 | FPS: 9100.8 | Var: ddqn
Step: 1600512 | EPS: 0.61 | Rew: -0.10 | FPS: 9145.1 | Var: ddqn
Step: 1601536 | EPS: 0.61 | Rew: -0.08 | FPS: 9236.4 | Var: ddqn
Step: 1602560 | EPS: 0.61 | Rew: -0.07 | FPS: 7068.3 | Var: ddqn
Step: 1603584 | EPS: 0.61 | Rew: -0.07 | FPS: 8430.9 | Var: ddqn
Step: 1604608 | EPS: 0.61 | Rew: -0.06 | FPS: 7888.2 | Var: ddqn
Step: 1605632 | EPS: 0.61 | Rew: -0.09 | FPS: 9314.9 | Var: ddqn
Step: 1606656 | EPS: 0.61 | Rew: -0.01 | FPS: 8849.1 | Var: ddqn
Step: 1607680 | EPS: 0.61 | Rew: 0.01 | FPS: 8708.3 | Var: ddqn
Step: 1608704 | EPS: 0.61 | Rew: 0.03 | FPS: 8822.8 | Var: ddqn
Step: 1609728 | EPS: 0.61 | Rew: -0.01 | FPS: 7748.6 | Var: ddqn
Step: 1610752 | EPS: 0.61 | Rew: 0.02 | FPS: 9075.6 | Var: ddqn
Step: 1611776 | EPS: 0.61 | Rew: -0.09 | FPS: 9550.4 | Var: ddqn
Step: 1612800 | EPS: 0.60 | Rew: -0.03 | FPS: 9165.8 | Var: ddqn
Step: 1613824 | EPS: 0.60 | Rew: -0.05 | FPS: 8616.5 | Var: ddqn
Step: 1614848 | EPS: 0.60 | Rew: 0.11 | FPS: 9233.2 | Var: ddqn
Step: 1615872 | EPS: 0.60 | Rew: 0.07 | FPS: 8994.2 | Var: ddqn
Step: 1616896 | EPS: 0.60 | Rew: 0.04 | FPS: 9392.0 | Var: ddqn
Step: 1617920 | EPS: 0.60 | Rew: 0.07 | FPS: 9720.1 | Var: ddqn
Step: 1618944 | EPS: 0.60 | Rew: -0.03 | FPS: 9438.6 | Var: ddqn
Step: 1619968 | EPS: 0.60 | Rew: 0.01 | FPS: 9101.5 | Var: ddqn
Step: 1620992 | EPS: 0.60 | Rew: -0.02 | FPS: 9393.7 | Var: ddqn
Step: 1622016 | EPS: 0.60 | Rew: -0.06 | FPS: 9514.7 | Var: ddqn
Step: 1623040 | EPS: 0.60 | Rew: -0.09 | FPS: 8745.1 | Var: ddqn
Step: 1624064 | EPS: 0.60 | Rew: -0.05 | FPS: 9056.4 | Var: ddqn
Step: 1625088 | EPS: 0.60 | Rew: -0.04 | FPS: 9291.1 | Var: ddqn
Step: 1626112 | EPS: 0.60 | Rew: 0.03 | FPS: 7449.5 | Var: ddqn
Step: 1627136 | EPS: 0.60 | Rew: 0.01 | FPS: 9162.1 | Var: ddqn
Step: 1628160 | EPS: 0.60 | Rew: 0.03 | FPS: 9786.9 | Var: ddqn
Step: 1629184 | EPS: 0.60 | Rew: 0.02 | FPS: 8888.3 | Var: ddqn
Step: 1630208 | EPS: 0.60 | Rew: 0.07 | FPS: 9333.4 | Var: ddqn
Step: 1631232 | EPS: 0.60 | Rew: 0.10 | FPS: 9479.3 | Var: ddqn
Step: 1632256 | EPS: 0.60 | Rew: 0.08 | FPS: 9687.5 | Var: ddqn
Step: 1633280 | EPS: 0.60 | Rew: 0.03 | FPS: 9452.5 | Var: ddqn
Step: 1634304 | EPS: 0.60 | Rew: -0.06 | FPS: 9091.2 | Var: ddqn
Step: 1635328 | EPS: 0.60 | Rew: -0.14 | FPS: 6291.8 | Var: ddqn
Step: 1636352 | EPS: 0.60 | Rew: -0.15 | FPS: 9514.2 | Var: ddqn
Step: 1637376 | EPS: 0.60 | Rew: -0.07 | FPS: 9073.6 | Var: ddqn
Step: 1638400 | EPS: 0.60 | Rew: -0.06 | FPS: 9442.6 | Var: ddqn
Step: 1639424 | EPS: 0.60 | Rew: -0.06 | FPS: 9407.8 | Var: ddqn
Step: 1640448 | EPS: 0.60 | Rew: -0.01 | FPS: 7934.6 | Var: ddqn
Step: 1641472 | EPS: 0.60 | Rew: 0.00 | FPS: 9322.2 | Var: ddqn
Step: 1642496 | EPS: 0.60 | Rew: -0.01 | FPS: 9311.2 | Var: ddqn
Step: 1643520 | EPS: 0.60 | Rew: -0.04 | FPS: 9293.6 | Var: ddqn
Step: 1644544 | EPS: 0.60 | Rew: -0.04 | FPS: 9132.6 | Var: ddqn
Step: 1645568 | EPS: 0.60 | Rew: 0.03 | FPS: 9937.8 | Var: ddqn
Step: 1646592 | EPS: 0.60 | Rew: 0.03 | FPS: 9082.4 | Var: ddqn
Step: 1647616 | EPS: 0.60 | Rew: 0.07 | FPS: 8855.6 | Var: ddqn
Step: 1648640 | EPS: 0.60 | Rew: 0.05 | FPS: 9360.6 | Var: ddqn
Step: 1649664 | EPS: 0.60 | Rew: 0.08 | FPS: 9386.9 | Var: ddqn
Step: 1650688 | EPS: 0.60 | Rew: 0.06 | FPS: 9272.2 | Var: ddqn
Step: 1651712 | EPS: 0.60 | Rew: 0.07 | FPS: 7569.3 | Var: ddqn
Step: 1652736 | EPS: 0.60 | Rew: 0.07 | FPS: 9351.7 | Var: ddqn
Step: 1653760 | EPS: 0.59 | Rew: 0.06 | FPS: 7316.2 | Var: ddqn
Step: 1654784 | EPS: 0.59 | Rew: 0.02 | FPS: 8986.3 | Var: ddqn
Step: 1655808 | EPS: 0.59 | Rew: -0.04 | FPS: 9227.0 | Var: ddqn
Step: 1656832 | EPS: 0.59 | Rew: -0.07 | FPS: 8959.5 | Var: ddqn
Step: 1657856 | EPS: 0.59 | Rew: -0.13 | FPS: 9203.7 | Var: ddqn
Step: 1658880 | EPS: 0.59 | Rew: -0.10 | FPS: 9123.0 | Var: ddqn
Step: 1659904 | EPS: 0.59 | Rew: -0.14 | FPS: 9271.5 | Var: ddqn
Step: 1660928 | EPS: 0.59 | Rew: -0.19 | FPS: 9010.6 | Var: ddqn
Step: 1661952 | EPS: 0.59 | Rew: -0.16 | FPS: 9048.9 | Var: ddqn
Step: 1662976 | EPS: 0.59 | Rew: -0.19 | FPS: 9156.6 | Var: ddqn
Step: 1664000 | EPS: 0.59 | Rew: -0.20 | FPS: 9458.3 | Var: ddqn
Step: 1665024 | EPS: 0.59 | Rew: -0.13 | FPS: 9297.8 | Var: ddqn
Step: 1666048 | EPS: 0.59 | Rew: -0.07 | FPS: 9222.5 | Var: ddqn
Step: 1667072 | EPS: 0.59 | Rew: -0.03 | FPS: 9334.0 | Var: ddqn
Step: 1668096 | EPS: 0.59 | Rew: 0.02 | FPS: 8644.6 | Var: ddqn
Step: 1669120 | EPS: 0.59 | Rew: 0.04 | FPS: 9381.4 | Var: ddqn
Step: 1670144 | EPS: 0.59 | Rew: 0.03 | FPS: 9650.3 | Var: ddqn
Step: 1671168 | EPS: 0.59 | Rew: -0.00 | FPS: 10985.7 | Var: ddqn
Step: 1672192 | EPS: 0.59 | Rew: 0.02 | FPS: 11339.6 | Var: ddqn
Step: 1673216 | EPS: 0.59 | Rew: -0.01 | FPS: 10735.8 | Var: ddqn
Step: 1674240 | EPS: 0.59 | Rew: -0.02 | FPS: 8366.6 | Var: ddqn
Step: 1675264 | EPS: 0.59 | Rew: 0.07 | FPS: 9132.4 | Var: ddqn
Step: 1676288 | EPS: 0.59 | Rew: 0.02 | FPS: 9059.6 | Var: ddqn
Step: 1677312 | EPS: 0.59 | Rew: -0.06 | FPS: 9548.2 | Var: ddqn
Step: 1678336 | EPS: 0.59 | Rew: -0.01 | FPS: 8446.7 | Var: ddqn
Step: 1679360 | EPS: 0.59 | Rew: 0.02 | FPS: 9775.5 | Var: ddqn
Step: 1680384 | EPS: 0.59 | Rew: 0.06 | FPS: 9267.4 | Var: ddqn
Step: 1681408 | EPS: 0.59 | Rew: 0.05 | FPS: 9100.8 | Var: ddqn
Step: 1682432 | EPS: 0.59 | Rew: 0.02 | FPS: 9459.4 | Var: ddqn
Step: 1683456 | EPS: 0.59 | Rew: -0.00 | FPS: 9121.2 | Var: ddqn
Step: 1684480 | EPS: 0.59 | Rew: -0.01 | FPS: 9582.7 | Var: ddqn
Step: 1685504 | EPS: 0.59 | Rew: 0.02 | FPS: 9652.1 | Var: ddqn
Step: 1686528 | EPS: 0.59 | Rew: 0.08 | FPS: 9109.9 | Var: ddqn
Step: 1687552 | EPS: 0.59 | Rew: 0.05 | FPS: 9315.6 | Var: ddqn
Step: 1688576 | EPS: 0.59 | Rew: 0.10 | FPS: 8259.9 | Var: ddqn
Step: 1689600 | EPS: 0.59 | Rew: 0.08 | FPS: 9216.4 | Var: ddqn
Step: 1690624 | EPS: 0.59 | Rew: -0.03 | FPS: 7397.4 | Var: ddqn
Step: 1691648 | EPS: 0.59 | Rew: -0.01 | FPS: 8798.0 | Var: ddqn
Step: 1692672 | EPS: 0.59 | Rew: -0.01 | FPS: 9205.8 | Var: ddqn
Step: 1693696 | EPS: 0.59 | Rew: -0.04 | FPS: 9145.8 | Var: ddqn
Step: 1694720 | EPS: 0.58 | Rew: -0.06 | FPS: 7647.7 | Var: ddqn
Step: 1695744 | EPS: 0.58 | Rew: -0.07 | FPS: 9123.7 | Var: ddqn
Step: 1696768 | EPS: 0.58 | Rew: 0.00 | FPS: 9165.0 | Var: ddqn
Step: 1697792 | EPS: 0.58 | Rew: 0.01 | FPS: 9551.1 | Var: ddqn
Step: 1698816 | EPS: 0.58 | Rew: 0.03 | FPS: 9117.8 | Var: ddqn
Step: 1699840 | EPS: 0.58 | Rew: 0.13 | FPS: 9294.8 | Var: ddqn
Step: 1700864 | EPS: 0.58 | Rew: 0.16 | FPS: 9197.4 | Var: ddqn
Step: 1701888 | EPS: 0.58 | Rew: 0.14 | FPS: 6894.5 | Var: ddqn
Step: 1702912 | EPS: 0.58 | Rew: 0.05 | FPS: 9244.5 | Var: ddqn
Step: 1703936 | EPS: 0.58 | Rew: -0.01 | FPS: 9394.7 | Var: ddqn
Step: 1704960 | EPS: 0.58 | Rew: -0.04 | FPS: 9280.0 | Var: ddqn
Step: 1705984 | EPS: 0.58 | Rew: -0.09 | FPS: 7558.6 | Var: ddqn
Step: 1707008 | EPS: 0.58 | Rew: -0.02 | FPS: 9377.8 | Var: ddqn
Step: 1708032 | EPS: 0.58 | Rew: -0.04 | FPS: 8674.8 | Var: ddqn
Step: 1709056 | EPS: 0.58 | Rew: 0.05 | FPS: 9582.5 | Var: ddqn
Step: 1710080 | EPS: 0.58 | Rew: 0.11 | FPS: 9696.8 | Var: ddqn
Step: 1711104 | EPS: 0.58 | Rew: 0.14 | FPS: 9492.9 | Var: ddqn
Step: 1712128 | EPS: 0.58 | Rew: 0.14 | FPS: 9254.9 | Var: ddqn
Step: 1713152 | EPS: 0.58 | Rew: 0.17 | FPS: 9765.9 | Var: ddqn
Step: 1714176 | EPS: 0.58 | Rew: 0.11 | FPS: 9723.0 | Var: ddqn
Step: 1715200 | EPS: 0.58 | Rew: 0.05 | FPS: 7574.5 | Var: ddqn
Step: 1716224 | EPS: 0.58 | Rew: 0.00 | FPS: 9192.5 | Var: ddqn
Step: 1717248 | EPS: 0.58 | Rew: -0.04 | FPS: 9604.2 | Var: ddqn
Step: 1718272 | EPS: 0.58 | Rew: -0.01 | FPS: 7976.1 | Var: ddqn
Step: 1719296 | EPS: 0.58 | Rew: 0.06 | FPS: 9450.0 | Var: ddqn
Step: 1720320 | EPS: 0.58 | Rew: 0.00 | FPS: 8989.6 | Var: ddqn
Step: 1721344 | EPS: 0.58 | Rew: 0.04 | FPS: 7447.2 | Var: ddqn
Step: 1722368 | EPS: 0.58 | Rew: 0.13 | FPS: 9400.7 | Var: ddqn
Step: 1723392 | EPS: 0.58 | Rew: 0.06 | FPS: 9081.6 | Var: ddqn
Step: 1724416 | EPS: 0.58 | Rew: -0.05 | FPS: 9643.4 | Var: ddqn
Step: 1725440 | EPS: 0.58 | Rew: 0.02 | FPS: 9502.9 | Var: ddqn
Step: 1726464 | EPS: 0.58 | Rew: -0.00 | FPS: 8979.6 | Var: ddqn
Step: 1727488 | EPS: 0.58 | Rew: -0.02 | FPS: 9345.7 | Var: ddqn
Step: 1728512 | EPS: 0.58 | Rew: -0.03 | FPS: 9832.0 | Var: ddqn
Step: 1729536 | EPS: 0.58 | Rew: 0.02 | FPS: 9220.7 | Var: ddqn
Step: 1730560 | EPS: 0.58 | Rew: 0.01 | FPS: 7461.2 | Var: ddqn
Step: 1731584 | EPS: 0.58 | Rew: 0.01 | FPS: 9783.0 | Var: ddqn
Step: 1732608 | EPS: 0.58 | Rew: -0.00 | FPS: 9076.2 | Var: ddqn
Step: 1733632 | EPS: 0.58 | Rew: 0.03 | FPS: 9717.8 | Var: ddqn
Step: 1734656 | EPS: 0.58 | Rew: 0.02 | FPS: 7136.9 | Var: ddqn
Step: 1735680 | EPS: 0.57 | Rew: -0.00 | FPS: 7869.2 | Var: ddqn
Step: 1736704 | EPS: 0.57 | Rew: -0.01 | FPS: 8676.2 | Var: ddqn
Step: 1737728 | EPS: 0.57 | Rew: 0.01 | FPS: 8054.4 | Var: ddqn
Step: 1738752 | EPS: 0.57 | Rew: 0.02 | FPS: 9460.3 | Var: ddqn
Step: 1739776 | EPS: 0.57 | Rew: 0.00 | FPS: 9563.7 | Var: ddqn
Step: 1740800 | EPS: 0.57 | Rew: -0.00 | FPS: 9631.1 | Var: ddqn
Step: 1741824 | EPS: 0.57 | Rew: -0.08 | FPS: 9280.3 | Var: ddqn
Step: 1742848 | EPS: 0.57 | Rew: -0.01 | FPS: 9069.8 | Var: ddqn
Step: 1743872 | EPS: 0.57 | Rew: -0.03 | FPS: 7200.1 | Var: ddqn
Step: 1744896 | EPS: 0.57 | Rew: 0.02 | FPS: 8618.5 | Var: ddqn
Step: 1745920 | EPS: 0.57 | Rew: 0.09 | FPS: 9206.6 | Var: ddqn
Step: 1746944 | EPS: 0.57 | Rew: 0.09 | FPS: 9200.7 | Var: ddqn
Step: 1747968 | EPS: 0.57 | Rew: 0.11 | FPS: 9398.9 | Var: ddqn
Step: 1748992 | EPS: 0.57 | Rew: 0.04 | FPS: 9790.0 | Var: ddqn
Step: 1750016 | EPS: 0.57 | Rew: 0.07 | FPS: 9932.0 | Var: ddqn
Step: 1751040 | EPS: 0.57 | Rew: 0.07 | FPS: 9354.8 | Var: ddqn
Step: 1752064 | EPS: 0.57 | Rew: 0.10 | FPS: 7044.2 | Var: ddqn
Step: 1753088 | EPS: 0.57 | Rew: 0.00 | FPS: 9459.5 | Var: ddqn
Step: 1754112 | EPS: 0.57 | Rew: 0.03 | FPS: 9446.4 | Var: ddqn
Step: 1755136 | EPS: 0.57 | Rew: -0.03 | FPS: 9171.3 | Var: ddqn
Step: 1756160 | EPS: 0.57 | Rew: -0.01 | FPS: 9309.8 | Var: ddqn
Step: 1757184 | EPS: 0.57 | Rew: 0.03 | FPS: 8773.3 | Var: ddqn
Step: 1758208 | EPS: 0.57 | Rew: 0.12 | FPS: 9705.9 | Var: ddqn
Step: 1759232 | EPS: 0.57 | Rew: 0.09 | FPS: 9309.5 | Var: ddqn
Step: 1760256 | EPS: 0.57 | Rew: 0.02 | FPS: 9046.6 | Var: ddqn
Step: 1761280 | EPS: 0.57 | Rew: 0.02 | FPS: 9213.2 | Var: ddqn
Step: 1762304 | EPS: 0.57 | Rew: 0.01 | FPS: 9060.4 | Var: ddqn
Step: 1763328 | EPS: 0.57 | Rew: -0.08 | FPS: 9424.6 | Var: ddqn
Step: 1764352 | EPS: 0.57 | Rew: 0.04 | FPS: 9573.3 | Var: ddqn
Step: 1765376 | EPS: 0.57 | Rew: 0.13 | FPS: 9215.9 | Var: ddqn
Step: 1766400 | EPS: 0.57 | Rew: 0.20 | FPS: 9366.4 | Var: ddqn
Step: 1767424 | EPS: 0.57 | Rew: 0.20 | FPS: 7452.9 | Var: ddqn
Step: 1768448 | EPS: 0.57 | Rew: 0.20 | FPS: 9390.0 | Var: ddqn
Step: 1769472 | EPS: 0.57 | Rew: 0.19 | FPS: 9698.4 | Var: ddqn
Step: 1770496 | EPS: 0.57 | Rew: 0.22 | FPS: 9283.8 | Var: ddqn
Step: 1771520 | EPS: 0.57 | Rew: 0.22 | FPS: 9483.1 | Var: ddqn
Step: 1772544 | EPS: 0.57 | Rew: 0.17 | FPS: 9320.5 | Var: ddqn
Step: 1773568 | EPS: 0.57 | Rew: 0.04 | FPS: 9133.1 | Var: ddqn
Step: 1774592 | EPS: 0.57 | Rew: -0.06 | FPS: 9826.5 | Var: ddqn
Step: 1775616 | EPS: 0.56 | Rew: -0.06 | FPS: 9195.8 | Var: ddqn
Step: 1776640 | EPS: 0.56 | Rew: -0.01 | FPS: 8289.1 | Var: ddqn
Step: 1777664 | EPS: 0.56 | Rew: 0.00 | FPS: 9249.6 | Var: ddqn
Step: 1778688 | EPS: 0.56 | Rew: -0.03 | FPS: 8943.7 | Var: ddqn
Step: 1779712 | EPS: 0.56 | Rew: -0.04 | FPS: 9197.1 | Var: ddqn
Step: 1780736 | EPS: 0.56 | Rew: 0.01 | FPS: 9276.5 | Var: ddqn
Step: 1781760 | EPS: 0.56 | Rew: 0.05 | FPS: 8591.5 | Var: ddqn
Step: 1782784 | EPS: 0.56 | Rew: 0.13 | FPS: 9235.5 | Var: ddqn
Step: 1783808 | EPS: 0.56 | Rew: 0.13 | FPS: 8944.4 | Var: ddqn
Step: 1784832 | EPS: 0.56 | Rew: 0.14 | FPS: 9629.2 | Var: ddqn
Step: 1785856 | EPS: 0.56 | Rew: 0.10 | FPS: 9284.0 | Var: ddqn
Step: 1786880 | EPS: 0.56 | Rew: 0.03 | FPS: 7601.6 | Var: ddqn
Step: 1787904 | EPS: 0.56 | Rew: 0.02 | FPS: 8578.0 | Var: ddqn
Step: 1788928 | EPS: 0.56 | Rew: 0.02 | FPS: 8905.7 | Var: ddqn
Step: 1789952 | EPS: 0.56 | Rew: 0.06 | FPS: 6934.2 | Var: ddqn
Step: 1790976 | EPS: 0.56 | Rew: 0.14 | FPS: 9415.7 | Var: ddqn
Step: 1792000 | EPS: 0.56 | Rew: 0.13 | FPS: 7620.2 | Var: ddqn
Step: 1793024 | EPS: 0.56 | Rew: 0.11 | FPS: 9695.1 | Var: ddqn
Step: 1794048 | EPS: 0.56 | Rew: 0.07 | FPS: 9212.4 | Var: ddqn
Step: 1795072 | EPS: 0.56 | Rew: 0.01 | FPS: 6591.5 | Var: ddqn
Step: 1796096 | EPS: 0.56 | Rew: 0.05 | FPS: 9257.7 | Var: ddqn
Step: 1797120 | EPS: 0.56 | Rew: 0.13 | FPS: 8907.9 | Var: ddqn
Step: 1798144 | EPS: 0.56 | Rew: 0.16 | FPS: 9190.5 | Var: ddqn
Step: 1799168 | EPS: 0.56 | Rew: 0.22 | FPS: 8364.2 | Var: ddqn
Step: 1800192 | EPS: 0.56 | Rew: 0.21 | FPS: 9195.7 | Var: ddqn
Step: 1801216 | EPS: 0.56 | Rew: 0.17 | FPS: 9003.2 | Var: ddqn
Step: 1802240 | EPS: 0.56 | Rew: 0.12 | FPS: 9112.6 | Var: ddqn
Step: 1803264 | EPS: 0.56 | Rew: 0.06 | FPS: 9233.7 | Var: ddqn
Step: 1804288 | EPS: 0.56 | Rew: 0.06 | FPS: 9529.3 | Var: ddqn
Step: 1805312 | EPS: 0.56 | Rew: 0.09 | FPS: 9299.7 | Var: ddqn
Step: 1806336 | EPS: 0.56 | Rew: 0.05 | FPS: 9393.4 | Var: ddqn
Step: 1807360 | EPS: 0.56 | Rew: 0.17 | FPS: 9236.8 | Var: ddqn
Step: 1808384 | EPS: 0.56 | Rew: 0.19 | FPS: 9265.8 | Var: ddqn
Step: 1809408 | EPS: 0.56 | Rew: 0.31 | FPS: 9098.2 | Var: ddqn
Step: 1810432 | EPS: 0.56 | Rew: 0.32 | FPS: 9074.6 | Var: ddqn
Step: 1811456 | EPS: 0.56 | Rew: 0.27 | FPS: 9392.9 | Var: ddqn
Step: 1812480 | EPS: 0.56 | Rew: 0.22 | FPS: 9107.2 | Var: ddqn
Step: 1813504 | EPS: 0.56 | Rew: 0.11 | FPS: 9267.5 | Var: ddqn
Step: 1814528 | EPS: 0.56 | Rew: 0.01 | FPS: 9540.7 | Var: ddqn
Step: 1815552 | EPS: 0.56 | Rew: -0.05 | FPS: 9114.7 | Var: ddqn
Step: 1816576 | EPS: 0.55 | Rew: -0.07 | FPS: 7276.9 | Var: ddqn
Step: 1817600 | EPS: 0.55 | Rew: -0.04 | FPS: 9509.4 | Var: ddqn
Step: 1818624 | EPS: 0.55 | Rew: -0.01 | FPS: 9660.9 | Var: ddqn
Step: 1819648 | EPS: 0.55 | Rew: 0.01 | FPS: 9612.6 | Var: ddqn
Step: 1820672 | EPS: 0.55 | Rew: 0.14 | FPS: 9621.4 | Var: ddqn
Step: 1821696 | EPS: 0.55 | Rew: 0.08 | FPS: 9790.7 | Var: ddqn
Step: 1822720 | EPS: 0.55 | Rew: 0.09 | FPS: 9425.2 | Var: ddqn
Step: 1823744 | EPS: 0.55 | Rew: 0.07 | FPS: 9932.3 | Var: ddqn
Step: 1824768 | EPS: 0.55 | Rew: 0.00 | FPS: 9548.9 | Var: ddqn
Step: 1825792 | EPS: 0.55 | Rew: 0.02 | FPS: 9494.1 | Var: ddqn
Step: 1826816 | EPS: 0.55 | Rew: 0.06 | FPS: 9432.1 | Var: ddqn
Step: 1827840 | EPS: 0.55 | Rew: 0.16 | FPS: 7072.8 | Var: ddqn
Step: 1828864 | EPS: 0.55 | Rew: 0.16 | FPS: 5932.6 | Var: ddqn
Step: 1829888 | EPS: 0.55 | Rew: 0.16 | FPS: 6541.6 | Var: ddqn
Step: 1830912 | EPS: 0.55 | Rew: 0.13 | FPS: 9091.1 | Var: ddqn
Step: 1831936 | EPS: 0.55 | Rew: 0.17 | FPS: 9315.1 | Var: ddqn
Step: 1832960 | EPS: 0.55 | Rew: 0.03 | FPS: 8840.7 | Var: ddqn
Step: 1833984 | EPS: 0.55 | Rew: 0.08 | FPS: 6778.3 | Var: ddqn
Step: 1835008 | EPS: 0.55 | Rew: 0.16 | FPS: 9372.6 | Var: ddqn
Step: 1836032 | EPS: 0.55 | Rew: 0.12 | FPS: 8800.6 | Var: ddqn
Step: 1837056 | EPS: 0.55 | Rew: 0.14 | FPS: 9381.1 | Var: ddqn
Step: 1838080 | EPS: 0.55 | Rew: 0.20 | FPS: 8914.7 | Var: ddqn
Step: 1839104 | EPS: 0.55 | Rew: 0.19 | FPS: 8664.2 | Var: ddqn
Step: 1840128 | EPS: 0.55 | Rew: 0.16 | FPS: 9443.2 | Var: ddqn
Step: 1841152 | EPS: 0.55 | Rew: 0.27 | FPS: 9369.1 | Var: ddqn
Step: 1842176 | EPS: 0.55 | Rew: 0.22 | FPS: 8028.0 | Var: ddqn
Step: 1843200 | EPS: 0.55 | Rew: 0.20 | FPS: 8804.3 | Var: ddqn
Step: 1844224 | EPS: 0.55 | Rew: 0.15 | FPS: 7628.2 | Var: ddqn
Step: 1845248 | EPS: 0.55 | Rew: 0.04 | FPS: 9198.3 | Var: ddqn
Step: 1846272 | EPS: 0.55 | Rew: 0.04 | FPS: 9279.4 | Var: ddqn
Step: 1847296 | EPS: 0.55 | Rew: 0.07 | FPS: 8989.3 | Var: ddqn
Step: 1848320 | EPS: 0.55 | Rew: 0.10 | FPS: 9291.3 | Var: ddqn
Step: 1849344 | EPS: 0.55 | Rew: 0.04 | FPS: 9491.9 | Var: ddqn
Step: 1850368 | EPS: 0.55 | Rew: 0.07 | FPS: 9524.3 | Var: ddqn
Step: 1851392 | EPS: 0.55 | Rew: 0.11 | FPS: 8751.4 | Var: ddqn
Step: 1852416 | EPS: 0.55 | Rew: 0.04 | FPS: 9362.6 | Var: ddqn
Step: 1853440 | EPS: 0.55 | Rew: 0.07 | FPS: 9697.9 | Var: ddqn
Step: 1854464 | EPS: 0.55 | Rew: 0.06 | FPS: 9496.5 | Var: ddqn
Step: 1855488 | EPS: 0.55 | Rew: 0.04 | FPS: 9228.3 | Var: ddqn
Step: 1856512 | EPS: 0.55 | Rew: 0.01 | FPS: 7538.1 | Var: ddqn
Step: 1857536 | EPS: 0.54 | Rew: 0.15 | FPS: 8909.9 | Var: ddqn
Step: 1858560 | EPS: 0.54 | Rew: 0.10 | FPS: 9448.2 | Var: ddqn
Step: 1859584 | EPS: 0.54 | Rew: 0.16 | FPS: 9039.6 | Var: ddqn
Step: 1860608 | EPS: 0.54 | Rew: 0.14 | FPS: 9080.2 | Var: ddqn
Step: 1861632 | EPS: 0.54 | Rew: 0.19 | FPS: 9181.6 | Var: ddqn
Step: 1862656 | EPS: 0.54 | Rew: 0.20 | FPS: 9225.7 | Var: ddqn
Step: 1863680 | EPS: 0.54 | Rew: 0.22 | FPS: 9064.1 | Var: ddqn
Step: 1864704 | EPS: 0.54 | Rew: 0.15 | FPS: 9484.5 | Var: ddqn
Step: 1865728 | EPS: 0.54 | Rew: 0.21 | FPS: 8266.8 | Var: ddqn
Step: 1866752 | EPS: 0.54 | Rew: 0.23 | FPS: 9265.2 | Var: ddqn
Step: 1867776 | EPS: 0.54 | Rew: 0.20 | FPS: 8999.3 | Var: ddqn
Step: 1868800 | EPS: 0.54 | Rew: 0.14 | FPS: 9224.3 | Var: ddqn
Step: 1869824 | EPS: 0.54 | Rew: 0.05 | FPS: 8460.6 | Var: ddqn
Step: 1870848 | EPS: 0.54 | Rew: -0.01 | FPS: 8393.0 | Var: ddqn
Step: 1871872 | EPS: 0.54 | Rew: 0.12 | FPS: 9064.6 | Var: ddqn
Step: 1872896 | EPS: 0.54 | Rew: 0.18 | FPS: 8924.2 | Var: ddqn
Step: 1873920 | EPS: 0.54 | Rew: 0.26 | FPS: 9437.8 | Var: ddqn
Step: 1874944 | EPS: 0.54 | Rew: 0.30 | FPS: 9213.1 | Var: ddqn
Step: 1875968 | EPS: 0.54 | Rew: 0.27 | FPS: 9282.1 | Var: ddqn
Step: 1876992 | EPS: 0.54 | Rew: 0.18 | FPS: 7442.2 | Var: ddqn
Step: 1878016 | EPS: 0.54 | Rew: 0.08 | FPS: 8427.4 | Var: ddqn
Step: 1879040 | EPS: 0.54 | Rew: 0.04 | FPS: 9285.7 | Var: ddqn
Step: 1880064 | EPS: 0.54 | Rew: 0.00 | FPS: 8496.3 | Var: ddqn
Step: 1881088 | EPS: 0.54 | Rew: -0.03 | FPS: 7958.6 | Var: ddqn
Step: 1882112 | EPS: 0.54 | Rew: -0.03 | FPS: 8504.9 | Var: ddqn
Step: 1883136 | EPS: 0.54 | Rew: -0.05 | FPS: 9295.9 | Var: ddqn
Step: 1884160 | EPS: 0.54 | Rew: 0.09 | FPS: 9127.9 | Var: ddqn
Step: 1885184 | EPS: 0.54 | Rew: 0.13 | FPS: 7524.0 | Var: ddqn
Step: 1886208 | EPS: 0.54 | Rew: 0.13 | FPS: 9149.4 | Var: ddqn
Step: 1887232 | EPS: 0.54 | Rew: 0.19 | FPS: 8843.7 | Var: ddqn
Step: 1888256 | EPS: 0.54 | Rew: 0.19 | FPS: 9320.7 | Var: ddqn
Step: 1889280 | EPS: 0.54 | Rew: 0.19 | FPS: 8790.4 | Var: ddqn
Step: 1890304 | EPS: 0.54 | Rew: 0.17 | FPS: 8904.8 | Var: ddqn
Step: 1891328 | EPS: 0.54 | Rew: 0.20 | FPS: 8034.4 | Var: ddqn
Step: 1892352 | EPS: 0.54 | Rew: 0.24 | FPS: 9264.1 | Var: ddqn
Step: 1893376 | EPS: 0.54 | Rew: 0.27 | FPS: 9833.1 | Var: ddqn
Step: 1894400 | EPS: 0.54 | Rew: 0.20 | FPS: 9252.9 | Var: ddqn
Step: 1895424 | EPS: 0.54 | Rew: 0.18 | FPS: 8786.5 | Var: ddqn
Step: 1896448 | EPS: 0.54 | Rew: 0.26 | FPS: 9355.2 | Var: ddqn
Step: 1897472 | EPS: 0.54 | Rew: 0.28 | FPS: 9782.7 | Var: ddqn
Step: 1898496 | EPS: 0.53 | Rew: 0.35 | FPS: 8844.9 | Var: ddqn
>>> [Best] Saved -> agent/checkpoints/ddqn_pretrain.pth | Rew 0.35
Step: 1899520 | EPS: 0.53 | Rew: 0.30 | FPS: 9263.0 | Var: ddqn
Step: 1900544 | EPS: 0.53 | Rew: 0.19 | FPS: 8989.7 | Var: ddqn
Step: 1901568 | EPS: 0.53 | Rew: 0.13 | FPS: 9435.4 | Var: ddqn
Step: 1902592 | EPS: 0.53 | Rew: 0.11 | FPS: 9427.8 | Var: ddqn
Step: 1903616 | EPS: 0.53 | Rew: 0.13 | FPS: 9359.8 | Var: ddqn
Step: 1904640 | EPS: 0.53 | Rew: 0.16 | FPS: 9156.9 | Var: ddqn
Step: 1905664 | EPS: 0.53 | Rew: 0.14 | FPS: 9460.0 | Var: ddqn
Step: 1906688 | EPS: 0.53 | Rew: 0.18 | FPS: 8964.0 | Var: ddqn
Step: 1907712 | EPS: 0.53 | Rew: 0.23 | FPS: 9563.1 | Var: ddqn
Step: 1908736 | EPS: 0.53 | Rew: 0.19 | FPS: 8994.7 | Var: ddqn
Step: 1909760 | EPS: 0.53 | Rew: 0.25 | FPS: 8756.3 | Var: ddqn
Step: 1910784 | EPS: 0.53 | Rew: 0.22 | FPS: 9093.5 | Var: ddqn
Step: 1911808 | EPS: 0.53 | Rew: 0.15 | FPS: 9538.3 | Var: ddqn
Step: 1912832 | EPS: 0.53 | Rew: 0.17 | FPS: 9324.4 | Var: ddqn
Step: 1913856 | EPS: 0.53 | Rew: 0.17 | FPS: 9378.2 | Var: ddqn
Step: 1914880 | EPS: 0.53 | Rew: 0.15 | FPS: 6746.0 | Var: ddqn
Step: 1915904 | EPS: 0.53 | Rew: 0.17 | FPS: 9051.0 | Var: ddqn
Step: 1916928 | EPS: 0.53 | Rew: 0.20 | FPS: 9019.6 | Var: ddqn
Step: 1917952 | EPS: 0.53 | Rew: 0.19 | FPS: 9629.6 | Var: ddqn
Step: 1918976 | EPS: 0.53 | Rew: 0.18 | FPS: 8096.9 | Var: ddqn
Step: 1920000 | EPS: 0.53 | Rew: 0.23 | FPS: 4900.4 | Var: ddqn
Step: 1921024 | EPS: 0.53 | Rew: 0.26 | FPS: 5003.5 | Var: ddqn
Step: 1922048 | EPS: 0.53 | Rew: 0.27 | FPS: 5807.2 | Var: ddqn
Step: 1923072 | EPS: 0.53 | Rew: 0.32 | FPS: 7455.4 | Var: ddqn
Step: 1924096 | EPS: 0.53 | Rew: 0.36 | FPS: 8822.5 | Var: ddqn
Step: 1925120 | EPS: 0.53 | Rew: 0.25 | FPS: 7448.3 | Var: ddqn
Step: 1926144 | EPS: 0.53 | Rew: 0.21 | FPS: 9828.8 | Var: ddqn
Step: 1927168 | EPS: 0.53 | Rew: 0.20 | FPS: 9480.5 | Var: ddqn
Step: 1928192 | EPS: 0.53 | Rew: 0.14 | FPS: 9490.4 | Var: ddqn
Step: 1929216 | EPS: 0.53 | Rew: 0.12 | FPS: 8965.2 | Var: ddqn
Step: 1930240 | EPS: 0.53 | Rew: 0.20 | FPS: 8853.0 | Var: ddqn
Step: 1931264 | EPS: 0.53 | Rew: 0.18 | FPS: 9483.1 | Var: ddqn
Step: 1932288 | EPS: 0.53 | Rew: 0.16 | FPS: 9629.5 | Var: ddqn
Step: 1933312 | EPS: 0.53 | Rew: 0.23 | FPS: 8886.7 | Var: ddqn
Step: 1934336 | EPS: 0.53 | Rew: 0.33 | FPS: 6995.2 | Var: ddqn
Step: 1935360 | EPS: 0.53 | Rew: 0.26 | FPS: 9455.2 | Var: ddqn
Step: 1936384 | EPS: 0.53 | Rew: 0.24 | FPS: 9310.9 | Var: ddqn
Step: 1937408 | EPS: 0.53 | Rew: 0.27 | FPS: 9557.9 | Var: ddqn
Step: 1938432 | EPS: 0.53 | Rew: 0.18 | FPS: 9605.2 | Var: ddqn
Step: 1939456 | EPS: 0.52 | Rew: 0.11 | FPS: 9314.7 | Var: ddqn
Step: 1940480 | EPS: 0.52 | Rew: 0.21 | FPS: 8959.3 | Var: ddqn
Step: 1941504 | EPS: 0.52 | Rew: 0.23 | FPS: 9272.7 | Var: ddqn
Step: 1942528 | EPS: 0.52 | Rew: 0.16 | FPS: 9394.9 | Var: ddqn
Step: 1943552 | EPS: 0.52 | Rew: 0.17 | FPS: 9434.6 | Var: ddqn
Step: 1944576 | EPS: 0.52 | Rew: 0.23 | FPS: 9362.3 | Var: ddqn
Step: 1945600 | EPS: 0.52 | Rew: 0.26 | FPS: 7902.1 | Var: ddqn
Step: 1946624 | EPS: 0.52 | Rew: 0.24 | FPS: 6762.7 | Var: ddqn
Step: 1947648 | EPS: 0.52 | Rew: 0.35 | FPS: 7931.5 | Var: ddqn
Step: 1948672 | EPS: 0.52 | Rew: 0.36 | FPS: 7375.6 | Var: ddqn
Step: 1949696 | EPS: 0.52 | Rew: 0.29 | FPS: 8995.2 | Var: ddqn
Step: 1950720 | EPS: 0.52 | Rew: 0.21 | FPS: 7389.3 | Var: ddqn
Step: 1951744 | EPS: 0.52 | Rew: 0.14 | FPS: 8870.3 | Var: ddqn
Step: 1952768 | EPS: 0.52 | Rew: 0.06 | FPS: 7470.4 | Var: ddqn
Step: 1953792 | EPS: 0.52 | Rew: 0.06 | FPS: 7185.1 | Var: ddqn
Step: 1954816 | EPS: 0.52 | Rew: 0.09 | FPS: 7526.0 | Var: ddqn
Step: 1955840 | EPS: 0.52 | Rew: 0.21 | FPS: 8854.2 | Var: ddqn
Step: 1956864 | EPS: 0.52 | Rew: 0.29 | FPS: 8693.1 | Var: ddqn
Step: 1957888 | EPS: 0.52 | Rew: 0.28 | FPS: 9711.6 | Var: ddqn
Step: 1958912 | EPS: 0.52 | Rew: 0.21 | FPS: 9255.4 | Var: ddqn
Step: 1959936 | EPS: 0.52 | Rew: 0.20 | FPS: 9108.4 | Var: ddqn
Step: 1960960 | EPS: 0.52 | Rew: 0.21 | FPS: 7581.6 | Var: ddqn
Step: 1961984 | EPS: 0.52 | Rew: 0.25 | FPS: 9233.9 | Var: ddqn
Step: 1963008 | EPS: 0.52 | Rew: 0.22 | FPS: 9681.1 | Var: ddqn
Step: 1964032 | EPS: 0.52 | Rew: 0.26 | FPS: 9127.0 | Var: ddqn
Step: 1965056 | EPS: 0.52 | Rew: 0.21 | FPS: 9396.3 | Var: ddqn
Step: 1966080 | EPS: 0.52 | Rew: 0.14 | FPS: 9050.3 | Var: ddqn
Step: 1967104 | EPS: 0.52 | Rew: 0.16 | FPS: 9654.5 | Var: ddqn
Step: 1968128 | EPS: 0.52 | Rew: 0.19 | FPS: 9523.7 | Var: ddqn
Step: 1969152 | EPS: 0.52 | Rew: 0.31 | FPS: 9698.7 | Var: ddqn
Step: 1970176 | EPS: 0.52 | Rew: 0.30 | FPS: 9555.3 | Var: ddqn
Step: 1971200 | EPS: 0.52 | Rew: 0.32 | FPS: 9379.5 | Var: ddqn
Step: 1972224 | EPS: 0.52 | Rew: 0.36 | FPS: 9573.4 | Var: ddqn
Step: 1973248 | EPS: 0.52 | Rew: 0.37 | FPS: 8643.1 | Var: ddqn
Step: 1974272 | EPS: 0.52 | Rew: 0.25 | FPS: 8111.0 | Var: ddqn
Step: 1975296 | EPS: 0.52 | Rew: 0.25 | FPS: 9140.1 | Var: ddqn
Step: 1976320 | EPS: 0.52 | Rew: 0.30 | FPS: 9257.7 | Var: ddqn
Step: 1977344 | EPS: 0.52 | Rew: 0.29 | FPS: 9590.8 | Var: ddqn
Step: 1978368 | EPS: 0.52 | Rew: 0.25 | FPS: 9353.7 | Var: ddqn
Step: 1979392 | EPS: 0.52 | Rew: 0.28 | FPS: 9268.2 | Var: ddqn
Step: 1980416 | EPS: 0.51 | Rew: 0.37 | FPS: 9688.1 | Var: ddqn
Step: 1981440 | EPS: 0.51 | Rew: 0.26 | FPS: 9519.1 | Var: ddqn
Step: 1982464 | EPS: 0.51 | Rew: 0.27 | FPS: 9330.6 | Var: ddqn
Step: 1983488 | EPS: 0.51 | Rew: 0.26 | FPS: 9355.2 | Var: ddqn
Step: 1984512 | EPS: 0.51 | Rew: 0.25 | FPS: 9029.3 | Var: ddqn
Step: 1985536 | EPS: 0.51 | Rew: 0.16 | FPS: 9056.3 | Var: ddqn
Step: 1986560 | EPS: 0.51 | Rew: 0.13 | FPS: 9286.0 | Var: ddqn
Step: 1987584 | EPS: 0.51 | Rew: 0.10 | FPS: 9737.7 | Var: ddqn
Step: 1988608 | EPS: 0.51 | Rew: 0.09 | FPS: 9245.9 | Var: ddqn
Step: 1989632 | EPS: 0.51 | Rew: 0.19 | FPS: 9143.6 | Var: ddqn
Step: 1990656 | EPS: 0.51 | Rew: 0.23 | FPS: 9610.8 | Var: ddqn
Step: 1991680 | EPS: 0.51 | Rew: 0.24 | FPS: 9822.3 | Var: ddqn
Step: 1992704 | EPS: 0.51 | Rew: 0.26 | FPS: 9452.5 | Var: ddqn
Step: 1993728 | EPS: 0.51 | Rew: 0.27 | FPS: 7787.0 | Var: ddqn
Step: 1994752 | EPS: 0.51 | Rew: 0.28 | FPS: 9237.6 | Var: ddqn
Step: 1995776 | EPS: 0.51 | Rew: 0.28 | FPS: 6712.4 | Var: ddqn
Step: 1996800 | EPS: 0.51 | Rew: 0.30 | FPS: 8165.8 | Var: ddqn
Step: 1997824 | EPS: 0.51 | Rew: 0.17 | FPS: 8680.8 | Var: ddqn
Step: 1998848 | EPS: 0.51 | Rew: 0.22 | FPS: 7928.5 | Var: ddqn
Step: 1999872 | EPS: 0.51 | Rew: 0.22 | FPS: 7520.8 | Var: ddqn
Step: 2000896 | EPS: 0.51 | Rew: 0.34 | FPS: 9258.1 | Var: ddqn
Step: 2001920 | EPS: 0.51 | Rew: 0.36 | FPS: 9072.3 | Var: ddqn
Step: 2002944 | EPS: 0.51 | Rew: 0.38 | FPS: 9437.9 | Var: ddqn
Step: 2003968 | EPS: 0.51 | Rew: 0.39 | FPS: 6629.8 | Var: ddqn
Step: 2004992 | EPS: 0.51 | Rew: 0.44 | FPS: 7892.0 | Var: ddqn
Step: 2006016 | EPS: 0.51 | Rew: 0.35 | FPS: 7912.5 | Var: ddqn
Step: 2007040 | EPS: 0.51 | Rew: 0.46 | FPS: 9326.5 | Var: ddqn
Step: 2008064 | EPS: 0.51 | Rew: 0.49 | FPS: 8683.8 | Var: ddqn
Step: 2009088 | EPS: 0.51 | Rew: 0.38 | FPS: 9005.4 | Var: ddqn
Step: 2010112 | EPS: 0.51 | Rew: 0.32 | FPS: 9227.1 | Var: ddqn
Step: 2011136 | EPS: 0.51 | Rew: 0.36 | FPS: 9215.1 | Var: ddqn
Step: 2012160 | EPS: 0.51 | Rew: 0.32 | FPS: 9015.8 | Var: ddqn
Step: 2013184 | EPS: 0.51 | Rew: 0.34 | FPS: 9413.6 | Var: ddqn
Step: 2014208 | EPS: 0.51 | Rew: 0.31 | FPS: 9313.8 | Var: ddqn
Step: 2015232 | EPS: 0.51 | Rew: 0.17 | FPS: 9435.4 | Var: ddqn
Step: 2016256 | EPS: 0.51 | Rew: 0.11 | FPS: 8770.8 | Var: ddqn
Step: 2017280 | EPS: 0.51 | Rew: 0.06 | FPS: 8734.9 | Var: ddqn
Step: 2018304 | EPS: 0.51 | Rew: 0.08 | FPS: 9037.3 | Var: ddqn
Step: 2019328 | EPS: 0.51 | Rew: 0.16 | FPS: 9088.9 | Var: ddqn
Step: 2020352 | EPS: 0.51 | Rew: 0.18 | FPS: 8988.9 | Var: ddqn
Step: 2021376 | EPS: 0.50 | Rew: 0.16 | FPS: 9151.8 | Var: ddqn
Step: 2022400 | EPS: 0.50 | Rew: 0.20 | FPS: 9176.2 | Var: ddqn
Step: 2023424 | EPS: 0.50 | Rew: 0.21 | FPS: 8740.3 | Var: ddqn
Step: 2024448 | EPS: 0.50 | Rew: 0.16 | FPS: 9047.1 | Var: ddqn
Step: 2025472 | EPS: 0.50 | Rew: 0.18 | FPS: 9031.0 | Var: ddqn
Step: 2026496 | EPS: 0.50 | Rew: 0.21 | FPS: 7075.9 | Var: ddqn
Step: 2027520 | EPS: 0.50 | Rew: 0.16 | FPS: 9300.6 | Var: ddqn
Step: 2028544 | EPS: 0.50 | Rew: 0.16 | FPS: 9024.6 | Var: ddqn
Step: 2029568 | EPS: 0.50 | Rew: 0.15 | FPS: 8504.9 | Var: ddqn
Step: 2030592 | EPS: 0.50 | Rew: 0.13 | FPS: 7373.8 | Var: ddqn
Step: 2031616 | EPS: 0.50 | Rew: 0.17 | FPS: 6381.8 | Var: ddqn
Step: 2032640 | EPS: 0.50 | Rew: 0.25 | FPS: 9032.8 | Var: ddqn
Step: 2033664 | EPS: 0.50 | Rew: 0.35 | FPS: 9195.6 | Var: ddqn
Step: 2034688 | EPS: 0.50 | Rew: 0.39 | FPS: 9270.4 | Var: ddqn
Step: 2035712 | EPS: 0.50 | Rew: 0.37 | FPS: 8856.7 | Var: ddqn
Step: 2036736 | EPS: 0.50 | Rew: 0.34 | FPS: 9419.2 | Var: ddqn
Step: 2037760 | EPS: 0.50 | Rew: 0.29 | FPS: 9588.6 | Var: ddqn
Step: 2038784 | EPS: 0.50 | Rew: 0.24 | FPS: 9391.3 | Var: ddqn
Step: 2039808 | EPS: 0.50 | Rew: 0.25 | FPS: 9339.0 | Var: ddqn
Step: 2040832 | EPS: 0.50 | Rew: 0.34 | FPS: 9149.0 | Var: ddqn
Step: 2041856 | EPS: 0.50 | Rew: 0.37 | FPS: 8949.3 | Var: ddqn
Step: 2042880 | EPS: 0.50 | Rew: 0.38 | FPS: 9297.0 | Var: ddqn
Step: 2043904 | EPS: 0.50 | Rew: 0.43 | FPS: 9298.4 | Var: ddqn
Step: 2044928 | EPS: 0.50 | Rew: 0.45 | FPS: 8323.3 | Var: ddqn
Step: 2045952 | EPS: 0.50 | Rew: 0.35 | FPS: 9278.6 | Var: ddqn
Step: 2046976 | EPS: 0.50 | Rew: 0.35 | FPS: 8989.2 | Var: ddqn
Step: 2048000 | EPS: 0.50 | Rew: 0.35 | FPS: 9350.9 | Var: ddqn
Step: 2049024 | EPS: 0.50 | Rew: 0.36 | FPS: 8613.2 | Var: ddqn
Step: 2050048 | EPS: 0.50 | Rew: 0.30 | FPS: 7537.1 | Var: ddqn
Step: 2051072 | EPS: 0.50 | Rew: 0.21 | FPS: 7980.8 | Var: ddqn
Step: 2052096 | EPS: 0.50 | Rew: 0.26 | FPS: 9201.6 | Var: ddqn
Step: 2053120 | EPS: 0.50 | Rew: 0.22 | FPS: 8669.2 | Var: ddqn
Step: 2054144 | EPS: 0.50 | Rew: 0.21 | FPS: 9479.2 | Var: ddqn
Step: 2055168 | EPS: 0.50 | Rew: 0.23 | FPS: 9726.2 | Var: ddqn
Step: 2056192 | EPS: 0.50 | Rew: 0.23 | FPS: 9316.6 | Var: ddqn
Step: 2057216 | EPS: 0.50 | Rew: 0.12 | FPS: 7967.1 | Var: ddqn
Step: 2058240 | EPS: 0.50 | Rew: 0.14 | FPS: 7603.8 | Var: ddqn
Step: 2059264 | EPS: 0.50 | Rew: 0.23 | FPS: 8857.6 | Var: ddqn
Step: 2060288 | EPS: 0.50 | Rew: 0.22 | FPS: 9260.8 | Var: ddqn
Step: 2061312 | EPS: 0.49 | Rew: 0.26 | FPS: 9309.0 | Var: ddqn
Step: 2062336 | EPS: 0.49 | Rew: 0.25 | FPS: 9273.9 | Var: ddqn
Step: 2063360 | EPS: 0.49 | Rew: 0.33 | FPS: 9509.0 | Var: ddqn
Step: 2064384 | EPS: 0.49 | Rew: 0.21 | FPS: 9378.8 | Var: ddqn
Step: 2065408 | EPS: 0.49 | Rew: 0.22 | FPS: 8948.4 | Var: ddqn
Step: 2066432 | EPS: 0.49 | Rew: 0.33 | FPS: 9676.0 | Var: ddqn
Step: 2067456 | EPS: 0.49 | Rew: 0.33 | FPS: 9632.0 | Var: ddqn
Step: 2068480 | EPS: 0.49 | Rew: 0.41 | FPS: 7498.7 | Var: ddqn
Step: 2069504 | EPS: 0.49 | Rew: 0.41 | FPS: 9434.3 | Var: ddqn
Step: 2070528 | EPS: 0.49 | Rew: 0.46 | FPS: 8073.4 | Var: ddqn
Step: 2071552 | EPS: 0.49 | Rew: 0.31 | FPS: 9615.0 | Var: ddqn
Step: 2072576 | EPS: 0.49 | Rew: 0.43 | FPS: 9344.7 | Var: ddqn
Step: 2073600 | EPS: 0.49 | Rew: 0.38 | FPS: 9163.5 | Var: ddqn
Step: 2074624 | EPS: 0.49 | Rew: 0.41 | FPS: 9191.1 | Var: ddqn
Step: 2075648 | EPS: 0.49 | Rew: 0.43 | FPS: 8939.1 | Var: ddqn
Step: 2076672 | EPS: 0.49 | Rew: 0.55 | FPS: 9381.0 | Var: ddqn
Step: 2077696 | EPS: 0.49 | Rew: 0.49 | FPS: 9542.9 | Var: ddqn
Step: 2078720 | EPS: 0.49 | Rew: 0.51 | FPS: 9274.3 | Var: ddqn
Step: 2079744 | EPS: 0.49 | Rew: 0.59 | FPS: 8991.0 | Var: ddqn
Step: 2080768 | EPS: 0.49 | Rew: 0.59 | FPS: 9613.9 | Var: ddqn
Step: 2081792 | EPS: 0.49 | Rew: 0.41 | FPS: 9117.9 | Var: ddqn
Step: 2082816 | EPS: 0.49 | Rew: 0.45 | FPS: 9106.3 | Var: ddqn
Step: 2083840 | EPS: 0.49 | Rew: 0.34 | FPS: 9353.6 | Var: ddqn
Step: 2084864 | EPS: 0.49 | Rew: 0.26 | FPS: 8839.3 | Var: ddqn
Step: 2085888 | EPS: 0.49 | Rew: 0.25 | FPS: 9374.2 | Var: ddqn
Step: 2086912 | EPS: 0.49 | Rew: 0.25 | FPS: 9241.7 | Var: ddqn
Step: 2087936 | EPS: 0.49 | Rew: 0.22 | FPS: 9434.3 | Var: ddqn
Step: 2088960 | EPS: 0.49 | Rew: 0.24 | FPS: 9024.9 | Var: ddqn
Step: 2089984 | EPS: 0.49 | Rew: 0.37 | FPS: 9165.3 | Var: ddqn
Step: 2091008 | EPS: 0.49 | Rew: 0.44 | FPS: 9443.0 | Var: ddqn
Step: 2092032 | EPS: 0.49 | Rew: 0.49 | FPS: 9269.2 | Var: ddqn
Step: 2093056 | EPS: 0.49 | Rew: 0.42 | FPS: 9453.2 | Var: ddqn
Step: 2094080 | EPS: 0.49 | Rew: 0.44 | FPS: 8254.3 | Var: ddqn
Step: 2095104 | EPS: 0.49 | Rew: 0.44 | FPS: 8223.1 | Var: ddqn
Step: 2096128 | EPS: 0.49 | Rew: 0.52 | FPS: 7680.4 | Var: ddqn
Step: 2097152 | EPS: 0.49 | Rew: 0.38 | FPS: 9472.3 | Var: ddqn
Step: 2098176 | EPS: 0.49 | Rew: 0.36 | FPS: 7947.8 | Var: ddqn
Step: 2099200 | EPS: 0.49 | Rew: 0.41 | FPS: 6746.7 | Var: ddqn
Step: 2100224 | EPS: 0.49 | Rew: 0.35 | FPS: 7696.9 | Var: ddqn
Step: 2101248 | EPS: 0.49 | Rew: 0.27 | FPS: 9424.7 | Var: ddqn
Step: 2102272 | EPS: 0.48 | Rew: 0.33 | FPS: 9550.1 | Var: ddqn
Step: 2103296 | EPS: 0.48 | Rew: 0.37 | FPS: 7163.4 | Var: ddqn
Step: 2104320 | EPS: 0.48 | Rew: 0.29 | FPS: 9263.5 | Var: ddqn
Step: 2105344 | EPS: 0.48 | Rew: 0.29 | FPS: 8974.9 | Var: ddqn
Step: 2106368 | EPS: 0.48 | Rew: 0.30 | FPS: 9683.4 | Var: ddqn
Step: 2107392 | EPS: 0.48 | Rew: 0.38 | FPS: 9313.1 | Var: ddqn
Step: 2108416 | EPS: 0.48 | Rew: 0.52 | FPS: 8018.8 | Var: ddqn
Step: 2109440 | EPS: 0.48 | Rew: 0.54 | FPS: 7750.6 | Var: ddqn
Step: 2110464 | EPS: 0.48 | Rew: 0.52 | FPS: 9249.2 | Var: ddqn
Step: 2111488 | EPS: 0.48 | Rew: 0.42 | FPS: 7321.9 | Var: ddqn
Step: 2112512 | EPS: 0.48 | Rew: 0.27 | FPS: 8828.7 | Var: ddqn
Step: 2113536 | EPS: 0.48 | Rew: 0.23 | FPS: 8894.5 | Var: ddqn
Step: 2114560 | EPS: 0.48 | Rew: 0.18 | FPS: 8099.4 | Var: ddqn
Step: 2115584 | EPS: 0.48 | Rew: 0.17 | FPS: 8194.2 | Var: ddqn
Step: 2116608 | EPS: 0.48 | Rew: 0.10 | FPS: 8959.1 | Var: ddqn
Step: 2117632 | EPS: 0.48 | Rew: 0.18 | FPS: 7594.6 | Var: ddqn
Step: 2118656 | EPS: 0.48 | Rew: 0.21 | FPS: 8701.9 | Var: ddqn
Step: 2119680 | EPS: 0.48 | Rew: 0.22 | FPS: 9052.0 | Var: ddqn
Step: 2120704 | EPS: 0.48 | Rew: 0.30 | FPS: 7243.5 | Var: ddqn
Step: 2121728 | EPS: 0.48 | Rew: 0.30 | FPS: 9066.6 | Var: ddqn
Step: 2122752 | EPS: 0.48 | Rew: 0.36 | FPS: 9407.6 | Var: ddqn
Step: 2123776 | EPS: 0.48 | Rew: 0.39 | FPS: 9156.9 | Var: ddqn
Step: 2124800 | EPS: 0.48 | Rew: 0.38 | FPS: 9643.8 | Var: ddqn
Step: 2125824 | EPS: 0.48 | Rew: 0.43 | FPS: 9127.6 | Var: ddqn
Step: 2126848 | EPS: 0.48 | Rew: 0.42 | FPS: 7865.7 | Var: ddqn
Step: 2127872 | EPS: 0.48 | Rew: 0.40 | FPS: 12173.9 | Var: ddqn
Step: 2128896 | EPS: 0.48 | Rew: 0.40 | FPS: 10435.2 | Var: ddqn
Step: 2129920 | EPS: 0.48 | Rew: 0.29 | FPS: 9912.8 | Var: ddqn
Step: 2130944 | EPS: 0.48 | Rew: 0.20 | FPS: 7173.5 | Var: ddqn
Step: 2131968 | EPS: 0.48 | Rew: 0.27 | FPS: 9104.2 | Var: ddqn
Step: 2132992 | EPS: 0.48 | Rew: 0.30 | FPS: 9353.3 | Var: ddqn
Step: 2134016 | EPS: 0.48 | Rew: 0.29 | FPS: 9354.1 | Var: ddqn
Step: 2135040 | EPS: 0.48 | Rew: 0.32 | FPS: 9046.5 | Var: ddqn
Step: 2136064 | EPS: 0.48 | Rew: 0.36 | FPS: 9781.2 | Var: ddqn
Step: 2137088 | EPS: 0.48 | Rew: 0.30 | FPS: 9558.0 | Var: ddqn
Step: 2138112 | EPS: 0.48 | Rew: 0.34 | FPS: 8966.9 | Var: ddqn
Step: 2139136 | EPS: 0.48 | Rew: 0.44 | FPS: 7391.5 | Var: ddqn
Step: 2140160 | EPS: 0.48 | Rew: 0.43 | FPS: 9301.0 | Var: ddqn
Step: 2141184 | EPS: 0.48 | Rew: 0.55 | FPS: 9214.4 | Var: ddqn
Step: 2142208 | EPS: 0.48 | Rew: 0.64 | FPS: 9005.1 | Var: ddqn
Step: 2143232 | EPS: 0.47 | Rew: 0.63 | FPS: 9133.2 | Var: ddqn
Step: 2144256 | EPS: 0.47 | Rew: 0.62 | FPS: 9518.4 | Var: ddqn
Step: 2145280 | EPS: 0.47 | Rew: 0.70 | FPS: 9317.7 | Var: ddqn
Step: 2146304 | EPS: 0.47 | Rew: 0.57 | FPS: 9248.3 | Var: ddqn
Step: 2147328 | EPS: 0.47 | Rew: 0.52 | FPS: 9790.4 | Var: ddqn
Step: 2148352 | EPS: 0.47 | Rew: 0.39 | FPS: 9003.0 | Var: ddqn
Step: 2149376 | EPS: 0.47 | Rew: 0.34 | FPS: 8987.1 | Var: ddqn
Step: 2150400 | EPS: 0.47 | Rew: 0.35 | FPS: 7996.0 | Var: ddqn
Step: 2151424 | EPS: 0.47 | Rew: 0.35 | FPS: 9110.1 | Var: ddqn
Step: 2152448 | EPS: 0.47 | Rew: 0.38 | FPS: 7241.5 | Var: ddqn
Step: 2153472 | EPS: 0.47 | Rew: 0.37 | FPS: 6988.4 | Var: ddqn
Step: 2154496 | EPS: 0.47 | Rew: 0.35 | FPS: 8726.1 | Var: ddqn
Step: 2155520 | EPS: 0.47 | Rew: 0.31 | FPS: 8846.2 | Var: ddqn
Step: 2156544 | EPS: 0.47 | Rew: 0.34 | FPS: 7604.5 | Var: ddqn
Step: 2157568 | EPS: 0.47 | Rew: 0.33 | FPS: 9355.1 | Var: ddqn
Step: 2158592 | EPS: 0.47 | Rew: 0.35 | FPS: 9415.0 | Var: ddqn
Step: 2159616 | EPS: 0.47 | Rew: 0.41 | FPS: 9104.3 | Var: ddqn
Step: 2160640 | EPS: 0.47 | Rew: 0.38 | FPS: 9215.6 | Var: ddqn
Step: 2161664 | EPS: 0.47 | Rew: 0.34 | FPS: 9033.2 | Var: ddqn
Step: 2162688 | EPS: 0.47 | Rew: 0.41 | FPS: 9181.5 | Var: ddqn
Step: 2163712 | EPS: 0.47 | Rew: 0.32 | FPS: 9648.3 | Var: ddqn
Step: 2164736 | EPS: 0.47 | Rew: 0.34 | FPS: 9185.7 | Var: ddqn
Step: 2165760 | EPS: 0.47 | Rew: 0.39 | FPS: 8042.5 | Var: ddqn
Step: 2166784 | EPS: 0.47 | Rew: 0.37 | FPS: 9249.1 | Var: ddqn
Step: 2167808 | EPS: 0.47 | Rew: 0.38 | FPS: 9440.8 | Var: ddqn
Step: 2168832 | EPS: 0.47 | Rew: 0.31 | FPS: 8940.1 | Var: ddqn
Step: 2169856 | EPS: 0.47 | Rew: 0.29 | FPS: 9141.0 | Var: ddqn
Step: 2170880 | EPS: 0.47 | Rew: 0.26 | FPS: 7280.1 | Var: ddqn
Step: 2171904 | EPS: 0.47 | Rew: 0.22 | FPS: 9537.0 | Var: ddqn
Step: 2172928 | EPS: 0.47 | Rew: 0.17 | FPS: 9042.0 | Var: ddqn
Step: 2173952 | EPS: 0.47 | Rew: 0.20 | FPS: 8931.8 | Var: ddqn
Step: 2174976 | EPS: 0.47 | Rew: 0.22 | FPS: 9149.3 | Var: ddqn
Step: 2176000 | EPS: 0.47 | Rew: 0.28 | FPS: 9126.3 | Var: ddqn
Step: 2177024 | EPS: 0.47 | Rew: 0.38 | FPS: 7302.1 | Var: ddqn
Step: 2178048 | EPS: 0.47 | Rew: 0.48 | FPS: 9020.6 | Var: ddqn
Step: 2179072 | EPS: 0.47 | Rew: 0.44 | FPS: 9342.2 | Var: ddqn
Step: 2180096 | EPS: 0.47 | Rew: 0.35 | FPS: 9409.7 | Var: ddqn
Step: 2181120 | EPS: 0.47 | Rew: 0.34 | FPS: 9034.9 | Var: ddqn
Step: 2182144 | EPS: 0.47 | Rew: 0.24 | FPS: 8485.7 | Var: ddqn
Step: 2183168 | EPS: 0.47 | Rew: 0.34 | FPS: 9187.5 | Var: ddqn
Step: 2184192 | EPS: 0.46 | Rew: 0.35 | FPS: 7335.0 | Var: ddqn
Step: 2185216 | EPS: 0.46 | Rew: 0.36 | FPS: 9509.6 | Var: ddqn
Step: 2186240 | EPS: 0.46 | Rew: 0.38 | FPS: 6752.9 | Var: ddqn
Step: 2187264 | EPS: 0.46 | Rew: 0.46 | FPS: 9096.9 | Var: ddqn
Step: 2188288 | EPS: 0.46 | Rew: 0.48 | FPS: 7046.6 | Var: ddqn
Step: 2189312 | EPS: 0.46 | Rew: 0.46 | FPS: 5744.8 | Var: ddqn
Step: 2190336 | EPS: 0.46 | Rew: 0.57 | FPS: 9110.2 | Var: ddqn
Step: 2191360 | EPS: 0.46 | Rew: 0.58 | FPS: 8771.2 | Var: ddqn
Step: 2192384 | EPS: 0.46 | Rew: 0.48 | FPS: 9338.1 | Var: ddqn
Step: 2193408 | EPS: 0.46 | Rew: 0.51 | FPS: 8915.0 | Var: ddqn
Step: 2194432 | EPS: 0.46 | Rew: 0.63 | FPS: 6816.0 | Var: ddqn
Step: 2195456 | EPS: 0.46 | Rew: 0.61 | FPS: 7879.1 | Var: ddqn
Step: 2196480 | EPS: 0.46 | Rew: 0.50 | FPS: 9542.5 | Var: ddqn
Step: 2197504 | EPS: 0.46 | Rew: 0.56 | FPS: 9107.9 | Var: ddqn
Step: 2198528 | EPS: 0.46 | Rew: 0.59 | FPS: 9020.7 | Var: ddqn
Step: 2199552 | EPS: 0.46 | Rew: 0.62 | FPS: 7561.0 | Var: ddqn
Step: 2200576 | EPS: 0.46 | Rew: 0.58 | FPS: 9134.3 | Var: ddqn
Step: 2201600 | EPS: 0.46 | Rew: 0.58 | FPS: 9063.3 | Var: ddqn
Step: 2202624 | EPS: 0.46 | Rew: 0.62 | FPS: 7232.2 | Var: ddqn
Step: 2203648 | EPS: 0.46 | Rew: 0.63 | FPS: 6807.9 | Var: ddqn
Step: 2204672 | EPS: 0.46 | Rew: 0.55 | FPS: 8352.1 | Var: ddqn
Step: 2205696 | EPS: 0.46 | Rew: 0.50 | FPS: 7809.6 | Var: ddqn
Step: 2206720 | EPS: 0.46 | Rew: 0.53 | FPS: 8787.1 | Var: ddqn
Step: 2207744 | EPS: 0.46 | Rew: 0.57 | FPS: 9388.6 | Var: ddqn
Step: 2208768 | EPS: 0.46 | Rew: 0.61 | FPS: 9342.5 | Var: ddqn
Step: 2209792 | EPS: 0.46 | Rew: 0.59 | FPS: 9375.4 | Var: ddqn
Step: 2210816 | EPS: 0.46 | Rew: 0.50 | FPS: 9378.1 | Var: ddqn
Step: 2211840 | EPS: 0.46 | Rew: 0.54 | FPS: 8930.3 | Var: ddqn
Step: 2212864 | EPS: 0.46 | Rew: 0.45 | FPS: 9429.8 | Var: ddqn
Step: 2213888 | EPS: 0.46 | Rew: 0.50 | FPS: 8848.9 | Var: ddqn
Step: 2214912 | EPS: 0.46 | Rew: 0.56 | FPS: 8693.5 | Var: ddqn
Step: 2215936 | EPS: 0.46 | Rew: 0.56 | FPS: 9241.9 | Var: ddqn
Step: 2216960 | EPS: 0.46 | Rew: 0.46 | FPS: 7291.4 | Var: ddqn
Step: 2217984 | EPS: 0.46 | Rew: 0.51 | FPS: 8534.1 | Var: ddqn
Step: 2219008 | EPS: 0.46 | Rew: 0.40 | FPS: 9560.8 | Var: ddqn
Step: 2220032 | EPS: 0.46 | Rew: 0.51 | FPS: 9290.2 | Var: ddqn
Step: 2221056 | EPS: 0.46 | Rew: 0.45 | FPS: 9317.2 | Var: ddqn
Step: 2222080 | EPS: 0.46 | Rew: 0.55 | FPS: 9262.9 | Var: ddqn
Step: 2223104 | EPS: 0.46 | Rew: 0.59 | FPS: 9650.6 | Var: ddqn
Step: 2224128 | EPS: 0.46 | Rew: 0.76 | FPS: 9145.0 | Var: ddqn
Step: 2225152 | EPS: 0.45 | Rew: 0.66 | FPS: 7980.1 | Var: ddqn
Step: 2226176 | EPS: 0.45 | Rew: 0.69 | FPS: 5164.9 | Var: ddqn
Step: 2227200 | EPS: 0.45 | Rew: 0.67 | FPS: 7800.0 | Var: ddqn
Step: 2228224 | EPS: 0.45 | Rew: 0.62 | FPS: 9383.1 | Var: ddqn
Step: 2229248 | EPS: 0.45 | Rew: 0.44 | FPS: 9536.7 | Var: ddqn
Step: 2230272 | EPS: 0.45 | Rew: 0.46 | FPS: 8786.0 | Var: ddqn
Step: 2231296 | EPS: 0.45 | Rew: 0.33 | FPS: 8021.0 | Var: ddqn
Step: 2232320 | EPS: 0.45 | Rew: 0.34 | FPS: 7678.9 | Var: ddqn
Step: 2233344 | EPS: 0.45 | Rew: 0.35 | FPS: 8994.4 | Var: ddqn
Step: 2234368 | EPS: 0.45 | Rew: 0.40 | FPS: 9749.9 | Var: ddqn
Step: 2235392 | EPS: 0.45 | Rew: 0.37 | FPS: 9755.6 | Var: ddqn
Step: 2236416 | EPS: 0.45 | Rew: 0.45 | FPS: 9404.0 | Var: ddqn
Step: 2237440 | EPS: 0.45 | Rew: 0.38 | FPS: 9521.7 | Var: ddqn
Step: 2238464 | EPS: 0.45 | Rew: 0.32 | FPS: 9351.9 | Var: ddqn
Step: 2239488 | EPS: 0.45 | Rew: 0.42 | FPS: 9347.8 | Var: ddqn
Step: 2240512 | EPS: 0.45 | Rew: 0.41 | FPS: 6736.1 | Var: ddqn
Step: 2241536 | EPS: 0.45 | Rew: 0.42 | FPS: 9621.6 | Var: ddqn
Step: 2242560 | EPS: 0.45 | Rew: 0.50 | FPS: 9250.5 | Var: ddqn
Step: 2243584 | EPS: 0.45 | Rew: 0.49 | FPS: 9355.1 | Var: ddqn
Step: 2244608 | EPS: 0.45 | Rew: 0.49 | FPS: 9051.8 | Var: ddqn
Step: 2245632 | EPS: 0.45 | Rew: 0.59 | FPS: 9256.7 | Var: ddqn
Step: 2246656 | EPS: 0.45 | Rew: 0.65 | FPS: 9163.1 | Var: ddqn
Step: 2247680 | EPS: 0.45 | Rew: 0.66 | FPS: 9004.8 | Var: ddqn
Step: 2248704 | EPS: 0.45 | Rew: 0.64 | FPS: 7453.0 | Var: ddqn
Step: 2249728 | EPS: 0.45 | Rew: 0.63 | FPS: 9353.7 | Var: ddqn
Step: 2250752 | EPS: 0.45 | Rew: 0.59 | FPS: 6990.4 | Var: ddqn
Step: 2251776 | EPS: 0.45 | Rew: 0.60 | FPS: 8727.9 | Var: ddqn
Step: 2252800 | EPS: 0.45 | Rew: 0.53 | FPS: 9002.6 | Var: ddqn
Step: 2253824 | EPS: 0.45 | Rew: 0.50 | FPS: 9384.2 | Var: ddqn
Step: 2254848 | EPS: 0.45 | Rew: 0.49 | FPS: 9247.5 | Var: ddqn
Step: 2255872 | EPS: 0.45 | Rew: 0.49 | FPS: 7526.5 | Var: ddqn
Step: 2256896 | EPS: 0.45 | Rew: 0.56 | FPS: 8805.3 | Var: ddqn
Step: 2257920 | EPS: 0.45 | Rew: 0.60 | FPS: 9234.6 | Var: ddqn
Step: 2258944 | EPS: 0.45 | Rew: 0.52 | FPS: 9499.5 | Var: ddqn
Step: 2259968 | EPS: 0.45 | Rew: 0.56 | FPS: 9115.7 | Var: ddqn
Step: 2260992 | EPS: 0.45 | Rew: 0.54 | FPS: 9335.3 | Var: ddqn
Step: 2262016 | EPS: 0.45 | Rew: 0.54 | FPS: 8739.4 | Var: ddqn
Step: 2263040 | EPS: 0.45 | Rew: 0.59 | FPS: 8875.9 | Var: ddqn
Step: 2264064 | EPS: 0.45 | Rew: 0.67 | FPS: 8960.8 | Var: ddqn
Step: 2265088 | EPS: 0.45 | Rew: 0.58 | FPS: 8844.9 | Var: ddqn
Step: 2266112 | EPS: 0.44 | Rew: 0.63 | FPS: 9456.8 | Var: ddqn
Step: 2267136 | EPS: 0.44 | Rew: 0.57 | FPS: 7946.6 | Var: ddqn
Step: 2268160 | EPS: 0.44 | Rew: 0.47 | FPS: 7276.8 | Var: ddqn
Step: 2269184 | EPS: 0.44 | Rew: 0.49 | FPS: 5834.8 | Var: ddqn
Step: 2270208 | EPS: 0.44 | Rew: 0.43 | FPS: 7358.3 | Var: ddqn
Step: 2271232 | EPS: 0.44 | Rew: 0.43 | FPS: 8404.9 | Var: ddqn
Step: 2272256 | EPS: 0.44 | Rew: 0.36 | FPS: 5848.0 | Var: ddqn
Step: 2273280 | EPS: 0.44 | Rew: 0.51 | FPS: 5832.6 | Var: ddqn
Step: 2274304 | EPS: 0.44 | Rew: 0.54 | FPS: 9029.2 | Var: ddqn
Step: 2275328 | EPS: 0.44 | Rew: 0.54 | FPS: 7962.8 | Var: ddqn
Step: 2276352 | EPS: 0.44 | Rew: 0.56 | FPS: 7837.3 | Var: ddqn
Step: 2277376 | EPS: 0.44 | Rew: 0.66 | FPS: 9484.8 | Var: ddqn
Step: 2278400 | EPS: 0.44 | Rew: 0.66 | FPS: 8988.6 | Var: ddqn
Step: 2279424 | EPS: 0.44 | Rew: 0.65 | FPS: 9234.9 | Var: ddqn
Step: 2280448 | EPS: 0.44 | Rew: 0.71 | FPS: 9230.1 | Var: ddqn
Step: 2281472 | EPS: 0.44 | Rew: 0.68 | FPS: 9440.1 | Var: ddqn
Step: 2282496 | EPS: 0.44 | Rew: 0.59 | FPS: 8942.4 | Var: ddqn
Step: 2283520 | EPS: 0.44 | Rew: 0.56 | FPS: 9228.5 | Var: ddqn
Step: 2284544 | EPS: 0.44 | Rew: 0.50 | FPS: 8794.9 | Var: ddqn
Step: 2285568 | EPS: 0.44 | Rew: 0.57 | FPS: 9370.3 | Var: ddqn
Step: 2286592 | EPS: 0.44 | Rew: 0.67 | FPS: 9043.5 | Var: ddqn
Step: 2287616 | EPS: 0.44 | Rew: 0.67 | FPS: 9556.9 | Var: ddqn
Step: 2288640 | EPS: 0.44 | Rew: 0.64 | FPS: 7916.4 | Var: ddqn
Step: 2289664 | EPS: 0.44 | Rew: 0.51 | FPS: 7130.1 | Var: ddqn
Step: 2290688 | EPS: 0.44 | Rew: 0.44 | FPS: 9203.7 | Var: ddqn
Step: 2291712 | EPS: 0.44 | Rew: 0.35 | FPS: 9152.7 | Var: ddqn
Step: 2292736 | EPS: 0.44 | Rew: 0.39 | FPS: 9725.5 | Var: ddqn
Step: 2293760 | EPS: 0.44 | Rew: 0.44 | FPS: 9239.0 | Var: ddqn
Step: 2294784 | EPS: 0.44 | Rew: 0.49 | FPS: 9303.7 | Var: ddqn
Step: 2295808 | EPS: 0.44 | Rew: 0.50 | FPS: 8973.9 | Var: ddqn
Step: 2296832 | EPS: 0.44 | Rew: 0.45 | FPS: 9351.7 | Var: ddqn
Step: 2297856 | EPS: 0.44 | Rew: 0.44 | FPS: 8977.1 | Var: ddqn
Step: 2298880 | EPS: 0.44 | Rew: 0.48 | FPS: 8856.8 | Var: ddqn
Step: 2299904 | EPS: 0.44 | Rew: 0.57 | FPS: 9134.0 | Var: ddqn
Step: 2300928 | EPS: 0.44 | Rew: 0.56 | FPS: 8310.5 | Var: ddqn
Step: 2301952 | EPS: 0.44 | Rew: 0.67 | FPS: 8556.7 | Var: ddqn
Step: 2302976 | EPS: 0.44 | Rew: 0.69 | FPS: 8989.3 | Var: ddqn
Step: 2304000 | EPS: 0.44 | Rew: 0.68 | FPS: 8866.1 | Var: ddqn
Step: 2305024 | EPS: 0.44 | Rew: 0.58 | FPS: 9071.8 | Var: ddqn
Step: 2306048 | EPS: 0.44 | Rew: 0.57 | FPS: 9227.3 | Var: ddqn
Step: 2307072 | EPS: 0.43 | Rew: 0.45 | FPS: 9809.9 | Var: ddqn
Step: 2308096 | EPS: 0.43 | Rew: 0.47 | FPS: 9179.3 | Var: ddqn
Step: 2309120 | EPS: 0.43 | Rew: 0.48 | FPS: 9866.5 | Var: ddqn
Step: 2310144 | EPS: 0.43 | Rew: 0.50 | FPS: 8942.0 | Var: ddqn
Step: 2311168 | EPS: 0.43 | Rew: 0.49 | FPS: 7611.5 | Var: ddqn
Step: 2312192 | EPS: 0.43 | Rew: 0.50 | FPS: 9271.2 | Var: ddqn
Step: 2313216 | EPS: 0.43 | Rew: 0.47 | FPS: 9392.6 | Var: ddqn
Step: 2314240 | EPS: 0.43 | Rew: 0.55 | FPS: 9241.7 | Var: ddqn
Step: 2315264 | EPS: 0.43 | Rew: 0.56 | FPS: 9786.9 | Var: ddqn
Step: 2316288 | EPS: 0.43 | Rew: 0.59 | FPS: 8943.9 | Var: ddqn
Step: 2317312 | EPS: 0.43 | Rew: 0.63 | FPS: 8995.4 | Var: ddqn
Step: 2318336 | EPS: 0.43 | Rew: 0.69 | FPS: 9599.3 | Var: ddqn
Step: 2319360 | EPS: 0.43 | Rew: 0.67 | FPS: 9328.2 | Var: ddqn
Step: 2320384 | EPS: 0.43 | Rew: 0.69 | FPS: 8377.0 | Var: ddqn
Step: 2321408 | EPS: 0.43 | Rew: 0.75 | FPS: 8828.4 | Var: ddqn
Step: 2322432 | EPS: 0.43 | Rew: 0.85 | FPS: 9565.3 | Var: ddqn
Step: 2323456 | EPS: 0.43 | Rew: 0.65 | FPS: 9590.7 | Var: ddqn
Step: 2324480 | EPS: 0.43 | Rew: 0.73 | FPS: 9459.9 | Var: ddqn
Step: 2325504 | EPS: 0.43 | Rew: 0.75 | FPS: 9438.4 | Var: ddqn
Step: 2326528 | EPS: 0.43 | Rew: 0.69 | FPS: 9230.6 | Var: ddqn
Step: 2327552 | EPS: 0.43 | Rew: 0.59 | FPS: 8165.2 | Var: ddqn
Step: 2328576 | EPS: 0.43 | Rew: 0.68 | FPS: 6892.2 | Var: ddqn
Step: 2329600 | EPS: 0.43 | Rew: 0.58 | FPS: 9674.2 | Var: ddqn
Step: 2330624 | EPS: 0.43 | Rew: 0.62 | FPS: 9785.5 | Var: ddqn
Step: 2331648 | EPS: 0.43 | Rew: 0.73 | FPS: 8927.6 | Var: ddqn
Step: 2332672 | EPS: 0.43 | Rew: 0.82 | FPS: 9069.1 | Var: ddqn
Step: 2333696 | EPS: 0.43 | Rew: 0.77 | FPS: 8765.3 | Var: ddqn
Step: 2334720 | EPS: 0.43 | Rew: 0.80 | FPS: 7088.3 | Var: ddqn
Step: 2335744 | EPS: 0.43 | Rew: 0.86 | FPS: 8941.2 | Var: ddqn
>>> [Best] Saved -> agent/checkpoints/ddqn_pretrain.pth | Rew 0.86
Step: 2336768 | EPS: 0.43 | Rew: 0.81 | FPS: 9080.6 | Var: ddqn
Step: 2337792 | EPS: 0.43 | Rew: 0.77 | FPS: 9295.6 | Var: ddqn
Step: 2338816 | EPS: 0.43 | Rew: 0.79 | FPS: 8791.0 | Var: ddqn
Step: 2339840 | EPS: 0.43 | Rew: 0.71 | FPS: 9202.4 | Var: ddqn
Step: 2340864 | EPS: 0.43 | Rew: 0.68 | FPS: 8867.2 | Var: ddqn
Step: 2341888 | EPS: 0.43 | Rew: 0.62 | FPS: 9183.5 | Var: ddqn
Step: 2342912 | EPS: 0.43 | Rew: 0.70 | FPS: 8700.8 | Var: ddqn
Step: 2343936 | EPS: 0.43 | Rew: 0.72 | FPS: 9422.0 | Var: ddqn
Step: 2344960 | EPS: 0.43 | Rew: 0.78 | FPS: 9089.3 | Var: ddqn
Step: 2345984 | EPS: 0.43 | Rew: 0.75 | FPS: 7646.8 | Var: ddqn
Step: 2347008 | EPS: 0.42 | Rew: 0.69 | FPS: 9613.7 | Var: ddqn
Step: 2348032 | EPS: 0.42 | Rew: 0.61 | FPS: 9779.6 | Var: ddqn
Step: 2349056 | EPS: 0.42 | Rew: 0.61 | FPS: 8853.5 | Var: ddqn
Step: 2350080 | EPS: 0.42 | Rew: 0.62 | FPS: 9052.5 | Var: ddqn
Step: 2351104 | EPS: 0.42 | Rew: 0.64 | FPS: 9257.4 | Var: ddqn
Step: 2352128 | EPS: 0.42 | Rew: 0.58 | FPS: 8445.1 | Var: ddqn
Step: 2353152 | EPS: 0.42 | Rew: 0.65 | FPS: 9244.9 | Var: ddqn
Step: 2354176 | EPS: 0.42 | Rew: 0.69 | FPS: 8775.9 | Var: ddqn
Step: 2355200 | EPS: 0.42 | Rew: 0.63 | FPS: 7888.4 | Var: ddqn
Step: 2356224 | EPS: 0.42 | Rew: 0.62 | FPS: 6459.4 | Var: ddqn
Step: 2357248 | EPS: 0.42 | Rew: 0.60 | FPS: 9838.9 | Var: ddqn
Step: 2358272 | EPS: 0.42 | Rew: 0.63 | FPS: 9155.1 | Var: ddqn
Step: 2359296 | EPS: 0.42 | Rew: 0.65 | FPS: 9634.3 | Var: ddqn
Step: 2360320 | EPS: 0.42 | Rew: 0.64 | FPS: 9647.0 | Var: ddqn
Step: 2361344 | EPS: 0.42 | Rew: 0.73 | FPS: 8392.8 | Var: ddqn
Step: 2362368 | EPS: 0.42 | Rew: 0.71 | FPS: 8335.3 | Var: ddqn
Step: 2363392 | EPS: 0.42 | Rew: 0.70 | FPS: 8452.2 | Var: ddqn
Step: 2364416 | EPS: 0.42 | Rew: 0.65 | FPS: 7570.5 | Var: ddqn
Step: 2365440 | EPS: 0.42 | Rew: 0.67 | FPS: 9046.0 | Var: ddqn
Step: 2366464 | EPS: 0.42 | Rew: 0.53 | FPS: 9671.3 | Var: ddqn
Step: 2367488 | EPS: 0.42 | Rew: 0.67 | FPS: 9161.4 | Var: ddqn
Step: 2368512 | EPS: 0.42 | Rew: 0.61 | FPS: 9588.9 | Var: ddqn
Step: 2369536 | EPS: 0.42 | Rew: 0.75 | FPS: 9135.1 | Var: ddqn
Step: 2370560 | EPS: 0.42 | Rew: 0.62 | FPS: 9666.8 | Var: ddqn
Step: 2371584 | EPS: 0.42 | Rew: 0.50 | FPS: 9080.3 | Var: ddqn
Step: 2372608 | EPS: 0.42 | Rew: 0.54 | FPS: 9420.0 | Var: ddqn
Step: 2373632 | EPS: 0.42 | Rew: 0.60 | FPS: 7640.7 | Var: ddqn
Step: 2374656 | EPS: 0.42 | Rew: 0.54 | FPS: 8930.3 | Var: ddqn
Step: 2375680 | EPS: 0.42 | Rew: 0.67 | FPS: 9450.2 | Var: ddqn
Step: 2376704 | EPS: 0.42 | Rew: 0.73 | FPS: 8691.5 | Var: ddqn
Step: 2377728 | EPS: 0.42 | Rew: 0.67 | FPS: 9209.1 | Var: ddqn
Step: 2378752 | EPS: 0.42 | Rew: 0.74 | FPS: 7659.2 | Var: ddqn
Step: 2379776 | EPS: 0.42 | Rew: 0.67 | FPS: 7508.5 | Var: ddqn
Step: 2380800 | EPS: 0.42 | Rew: 0.63 | FPS: 9316.7 | Var: ddqn
Step: 2381824 | EPS: 0.42 | Rew: 0.60 | FPS: 9693.2 | Var: ddqn
Step: 2382848 | EPS: 0.42 | Rew: 0.65 | FPS: 9546.8 | Var: ddqn
Step: 2383872 | EPS: 0.42 | Rew: 0.82 | FPS: 9209.5 | Var: ddqn
Step: 2384896 | EPS: 0.42 | Rew: 0.98 | FPS: 7699.6 | Var: ddqn
Step: 2385920 | EPS: 0.42 | Rew: 0.84 | FPS: 7910.2 | Var: ddqn
Step: 2386944 | EPS: 0.42 | Rew: 0.84 | FPS: 9294.9 | Var: ddqn
Step: 2387968 | EPS: 0.41 | Rew: 0.69 | FPS: 8989.5 | Var: ddqn
Step: 2388992 | EPS: 0.41 | Rew: 0.62 | FPS: 8817.4 | Var: ddqn
Step: 2390016 | EPS: 0.41 | Rew: 0.49 | FPS: 9862.0 | Var: ddqn
Step: 2391040 | EPS: 0.41 | Rew: 0.63 | FPS: 9603.1 | Var: ddqn
Step: 2392064 | EPS: 0.41 | Rew: 0.57 | FPS: 8839.0 | Var: ddqn
Step: 2393088 | EPS: 0.41 | Rew: 0.61 | FPS: 7032.6 | Var: ddqn
Step: 2394112 | EPS: 0.41 | Rew: 0.63 | FPS: 9086.2 | Var: ddqn
Step: 2395136 | EPS: 0.41 | Rew: 0.62 | FPS: 10269.0 | Var: ddqn
Step: 2396160 | EPS: 0.41 | Rew: 0.54 | FPS: 9034.1 | Var: ddqn
Step: 2397184 | EPS: 0.41 | Rew: 0.52 | FPS: 10940.0 | Var: ddqn
Step: 2398208 | EPS: 0.41 | Rew: 0.47 | FPS: 6044.5 | Var: ddqn
Step: 2399232 | EPS: 0.41 | Rew: 0.42 | FPS: 11083.8 | Var: ddqn
Step: 2400256 | EPS: 0.41 | Rew: 0.49 | FPS: 10215.6 | Var: ddqn
Step: 2401280 | EPS: 0.41 | Rew: 0.61 | FPS: 11731.4 | Var: ddqn
Step: 2402304 | EPS: 0.41 | Rew: 0.53 | FPS: 7998.5 | Var: ddqn
Step: 2403328 | EPS: 0.41 | Rew: 0.66 | FPS: 9266.4 | Var: ddqn
Step: 2404352 | EPS: 0.41 | Rew: 0.62 | FPS: 9807.3 | Var: ddqn
Step: 2405376 | EPS: 0.41 | Rew: 0.71 | FPS: 9426.0 | Var: ddqn
Step: 2406400 | EPS: 0.41 | Rew: 0.62 | FPS: 9242.5 | Var: ddqn
Step: 2407424 | EPS: 0.41 | Rew: 0.72 | FPS: 9507.8 | Var: ddqn
Step: 2408448 | EPS: 0.41 | Rew: 0.79 | FPS: 9336.3 | Var: ddqn
Step: 2409472 | EPS: 0.41 | Rew: 0.82 | FPS: 9215.7 | Var: ddqn
Step: 2410496 | EPS: 0.41 | Rew: 0.76 | FPS: 9349.9 | Var: ddqn
Step: 2411520 | EPS: 0.41 | Rew: 0.83 | FPS: 9237.8 | Var: ddqn
Step: 2412544 | EPS: 0.41 | Rew: 0.74 | FPS: 9473.7 | Var: ddqn
Step: 2413568 | EPS: 0.41 | Rew: 0.68 | FPS: 9396.5 | Var: ddqn
Step: 2414592 | EPS: 0.41 | Rew: 0.66 | FPS: 9271.1 | Var: ddqn
Step: 2415616 | EPS: 0.41 | Rew: 0.73 | FPS: 9317.7 | Var: ddqn
Step: 2416640 | EPS: 0.41 | Rew: 0.80 | FPS: 7324.1 | Var: ddqn
Step: 2417664 | EPS: 0.41 | Rew: 0.83 | FPS: 8661.9 | Var: ddqn
Step: 2418688 | EPS: 0.41 | Rew: 0.82 | FPS: 8940.8 | Var: ddqn
Step: 2419712 | EPS: 0.41 | Rew: 0.84 | FPS: 7728.9 | Var: ddqn
Step: 2420736 | EPS: 0.41 | Rew: 0.77 | FPS: 9082.3 | Var: ddqn
Step: 2421760 | EPS: 0.41 | Rew: 0.75 | FPS: 7538.6 | Var: ddqn
Step: 2422784 | EPS: 0.41 | Rew: 0.73 | FPS: 8867.7 | Var: ddqn
Step: 2423808 | EPS: 0.41 | Rew: 0.76 | FPS: 9366.9 | Var: ddqn
Step: 2424832 | EPS: 0.41 | Rew: 0.69 | FPS: 8715.2 | Var: ddqn
Step: 2425856 | EPS: 0.41 | Rew: 0.79 | FPS: 8789.8 | Var: ddqn
Step: 2426880 | EPS: 0.41 | Rew: 0.70 | FPS: 9125.1 | Var: ddqn
Step: 2427904 | EPS: 0.41 | Rew: 0.71 | FPS: 9639.0 | Var: ddqn
Step: 2428928 | EPS: 0.40 | Rew: 0.68 | FPS: 9373.6 | Var: ddqn
Step: 2429952 | EPS: 0.40 | Rew: 0.72 | FPS: 8921.4 | Var: ddqn
Step: 2430976 | EPS: 0.40 | Rew: 0.63 | FPS: 8728.9 | Var: ddqn
Step: 2432000 | EPS: 0.40 | Rew: 0.73 | FPS: 8854.9 | Var: ddqn
Step: 2433024 | EPS: 0.40 | Rew: 0.74 | FPS: 7478.3 | Var: ddqn
Step: 2434048 | EPS: 0.40 | Rew: 0.76 | FPS: 9000.1 | Var: ddqn
Step: 2435072 | EPS: 0.40 | Rew: 0.78 | FPS: 8857.7 | Var: ddqn
Step: 2436096 | EPS: 0.40 | Rew: 0.77 | FPS: 8785.6 | Var: ddqn
Step: 2437120 | EPS: 0.40 | Rew: 0.76 | FPS: 9337.8 | Var: ddqn
Step: 2438144 | EPS: 0.40 | Rew: 0.68 | FPS: 7940.5 | Var: ddqn
Step: 2439168 | EPS: 0.40 | Rew: 0.66 | FPS: 8160.4 | Var: ddqn
Step: 2440192 | EPS: 0.40 | Rew: 0.73 | FPS: 9385.1 | Var: ddqn
Step: 2441216 | EPS: 0.40 | Rew: 0.72 | FPS: 9647.6 | Var: ddqn
Step: 2442240 | EPS: 0.40 | Rew: 0.72 | FPS: 8755.1 | Var: ddqn
Step: 2443264 | EPS: 0.40 | Rew: 0.69 | FPS: 8898.6 | Var: ddqn
Step: 2444288 | EPS: 0.40 | Rew: 0.79 | FPS: 9004.7 | Var: ddqn
Step: 2445312 | EPS: 0.40 | Rew: 0.68 | FPS: 7648.9 | Var: ddqn
Step: 2446336 | EPS: 0.40 | Rew: 0.65 | FPS: 9213.1 | Var: ddqn
Step: 2447360 | EPS: 0.40 | Rew: 0.77 | FPS: 9139.1 | Var: ddqn
Step: 2448384 | EPS: 0.40 | Rew: 0.75 | FPS: 9118.9 | Var: ddqn
Step: 2449408 | EPS: 0.40 | Rew: 0.73 | FPS: 9768.3 | Var: ddqn
Step: 2450432 | EPS: 0.40 | Rew: 0.79 | FPS: 9000.2 | Var: ddqn
Step: 2451456 | EPS: 0.40 | Rew: 0.90 | FPS: 6954.9 | Var: ddqn
Step: 2452480 | EPS: 0.40 | Rew: 0.75 | FPS: 9301.0 | Var: ddqn
Step: 2453504 | EPS: 0.40 | Rew: 0.78 | FPS: 8072.6 | Var: ddqn
Step: 2454528 | EPS: 0.40 | Rew: 0.75 | FPS: 9495.4 | Var: ddqn
Step: 2455552 | EPS: 0.40 | Rew: 0.69 | FPS: 9117.0 | Var: ddqn
Step: 2456576 | EPS: 0.40 | Rew: 0.62 | FPS: 9169.6 | Var: ddqn
Step: 2457600 | EPS: 0.40 | Rew: 0.64 | FPS: 8973.1 | Var: ddqn
Step: 2458624 | EPS: 0.40 | Rew: 0.69 | FPS: 8098.9 | Var: ddqn
Step: 2459648 | EPS: 0.40 | Rew: 0.65 | FPS: 7506.7 | Var: ddqn
Step: 2460672 | EPS: 0.40 | Rew: 0.70 | FPS: 9260.4 | Var: ddqn
Step: 2461696 | EPS: 0.40 | Rew: 0.65 | FPS: 8520.2 | Var: ddqn
Step: 2462720 | EPS: 0.40 | Rew: 0.75 | FPS: 8861.3 | Var: ddqn
Step: 2463744 | EPS: 0.40 | Rew: 0.61 | FPS: 9216.6 | Var: ddqn
Step: 2464768 | EPS: 0.40 | Rew: 0.59 | FPS: 9244.4 | Var: ddqn
Step: 2465792 | EPS: 0.40 | Rew: 0.77 | FPS: 9267.3 | Var: ddqn
Step: 2466816 | EPS: 0.40 | Rew: 0.84 | FPS: 9116.5 | Var: ddqn
Step: 2467840 | EPS: 0.40 | Rew: 0.82 | FPS: 9068.7 | Var: ddqn
Step: 2468864 | EPS: 0.40 | Rew: 0.86 | FPS: 9090.6 | Var: ddqn
Step: 2469888 | EPS: 0.39 | Rew: 0.78 | FPS: 9054.7 | Var: ddqn
Step: 2470912 | EPS: 0.39 | Rew: 0.65 | FPS: 9204.7 | Var: ddqn
Step: 2471936 | EPS: 0.39 | Rew: 0.72 | FPS: 9297.1 | Var: ddqn
Step: 2472960 | EPS: 0.39 | Rew: 0.62 | FPS: 9019.7 | Var: ddqn
Step: 2473984 | EPS: 0.39 | Rew: 0.68 | FPS: 8961.7 | Var: ddqn
Step: 2475008 | EPS: 0.39 | Rew: 0.70 | FPS: 9558.4 | Var: ddqn
Step: 2476032 | EPS: 0.39 | Rew: 0.76 | FPS: 7680.7 | Var: ddqn
Step: 2477056 | EPS: 0.39 | Rew: 0.67 | FPS: 9418.3 | Var: ddqn
Step: 2478080 | EPS: 0.39 | Rew: 0.71 | FPS: 9200.8 | Var: ddqn
Step: 2479104 | EPS: 0.39 | Rew: 0.58 | FPS: 9573.8 | Var: ddqn
Step: 2480128 | EPS: 0.39 | Rew: 0.57 | FPS: 7459.7 | Var: ddqn
Step: 2481152 | EPS: 0.39 | Rew: 0.50 | FPS: 9197.9 | Var: ddqn
Step: 2482176 | EPS: 0.39 | Rew: 0.61 | FPS: 7697.2 | Var: ddqn
Step: 2483200 | EPS: 0.39 | Rew: 0.60 | FPS: 8931.6 | Var: ddqn
Step: 2484224 | EPS: 0.39 | Rew: 0.66 | FPS: 9391.5 | Var: ddqn
Step: 2485248 | EPS: 0.39 | Rew: 0.68 | FPS: 9212.6 | Var: ddqn
Step: 2486272 | EPS: 0.39 | Rew: 0.64 | FPS: 9025.2 | Var: ddqn
Step: 2487296 | EPS: 0.39 | Rew: 0.66 | FPS: 9364.9 | Var: ddqn
Step: 2488320 | EPS: 0.39 | Rew: 0.65 | FPS: 7683.4 | Var: ddqn
Step: 2489344 | EPS: 0.39 | Rew: 0.83 | FPS: 8977.6 | Var: ddqn
Step: 2490368 | EPS: 0.39 | Rew: 0.94 | FPS: 9384.9 | Var: ddqn
Step: 2491392 | EPS: 0.39 | Rew: 0.96 | FPS: 6437.8 | Var: ddqn
Step: 2492416 | EPS: 0.39 | Rew: 1.01 | FPS: 8382.4 | Var: ddqn
Step: 2493440 | EPS: 0.39 | Rew: 1.01 | FPS: 9372.5 | Var: ddqn
Step: 2494464 | EPS: 0.39 | Rew: 0.91 | FPS: 6670.9 | Var: ddqn
Step: 2495488 | EPS: 0.39 | Rew: 0.80 | FPS: 8960.6 | Var: ddqn
Step: 2496512 | EPS: 0.39 | Rew: 0.77 | FPS: 7589.3 | Var: ddqn
Step: 2497536 | EPS: 0.39 | Rew: 0.68 | FPS: 8744.9 | Var: ddqn
Step: 2498560 | EPS: 0.39 | Rew: 0.60 | FPS: 9213.8 | Var: ddqn
Step: 2499584 | EPS: 0.39 | Rew: 0.52 | FPS: 9270.4 | Var: ddqn
Step: 2500608 | EPS: 0.39 | Rew: 0.55 | FPS: 7671.7 | Var: ddqn
Step: 2501632 | EPS: 0.39 | Rew: 0.62 | FPS: 8797.8 | Var: ddqn
Step: 2502656 | EPS: 0.39 | Rew: 0.64 | FPS: 9380.4 | Var: ddqn
Step: 2503680 | EPS: 0.39 | Rew: 0.68 | FPS: 8815.9 | Var: ddqn
Step: 2504704 | EPS: 0.39 | Rew: 0.74 | FPS: 9315.1 | Var: ddqn
Step: 2505728 | EPS: 0.39 | Rew: 1.00 | FPS: 9087.2 | Var: ddqn
Step: 2506752 | EPS: 0.39 | Rew: 1.02 | FPS: 8927.1 | Var: ddqn
Step: 2507776 | EPS: 0.39 | Rew: 0.99 | FPS: 8965.4 | Var: ddqn
Step: 2508800 | EPS: 0.39 | Rew: 0.99 | FPS: 9022.6 | Var: ddqn
Step: 2509824 | EPS: 0.39 | Rew: 0.99 | FPS: 8762.7 | Var: ddqn
Step: 2510848 | EPS: 0.38 | Rew: 0.92 | FPS: 6809.5 | Var: ddqn
Step: 2511872 | EPS: 0.38 | Rew: 0.82 | FPS: 6626.7 | Var: ddqn
Step: 2512896 | EPS: 0.38 | Rew: 0.80 | FPS: 8502.5 | Var: ddqn
Step: 2513920 | EPS: 0.38 | Rew: 0.76 | FPS: 9173.3 | Var: ddqn
Step: 2514944 | EPS: 0.38 | Rew: 0.61 | FPS: 9433.8 | Var: ddqn
Step: 2515968 | EPS: 0.38 | Rew: 0.59 | FPS: 9244.0 | Var: ddqn
Step: 2516992 | EPS: 0.38 | Rew: 0.77 | FPS: 9226.8 | Var: ddqn
Step: 2518016 | EPS: 0.38 | Rew: 0.97 | FPS: 9120.4 | Var: ddqn
Step: 2519040 | EPS: 0.38 | Rew: 0.94 | FPS: 9547.6 | Var: ddqn
Step: 2520064 | EPS: 0.38 | Rew: 0.96 | FPS: 9275.6 | Var: ddqn
Step: 2521088 | EPS: 0.38 | Rew: 0.89 | FPS: 9780.2 | Var: ddqn
Step: 2522112 | EPS: 0.38 | Rew: 0.80 | FPS: 9723.7 | Var: ddqn
Step: 2523136 | EPS: 0.38 | Rew: 0.69 | FPS: 9148.3 | Var: ddqn
Step: 2524160 | EPS: 0.38 | Rew: 0.68 | FPS: 7105.3 | Var: ddqn
Step: 2525184 | EPS: 0.38 | Rew: 0.67 | FPS: 8631.6 | Var: ddqn
Step: 2526208 | EPS: 0.38 | Rew: 0.73 | FPS: 9076.7 | Var: ddqn
Step: 2527232 | EPS: 0.38 | Rew: 0.73 | FPS: 9313.9 | Var: ddqn
Step: 2528256 | EPS: 0.38 | Rew: 0.73 | FPS: 9266.3 | Var: ddqn
Step: 2529280 | EPS: 0.38 | Rew: 0.78 | FPS: 9541.8 | Var: ddqn
Step: 2530304 | EPS: 0.38 | Rew: 0.76 | FPS: 9425.1 | Var: ddqn
Step: 2531328 | EPS: 0.38 | Rew: 0.66 | FPS: 9002.9 | Var: ddqn
Step: 2532352 | EPS: 0.38 | Rew: 0.67 | FPS: 6978.0 | Var: ddqn
Step: 2533376 | EPS: 0.38 | Rew: 0.65 | FPS: 7375.5 | Var: ddqn
Step: 2534400 | EPS: 0.38 | Rew: 0.77 | FPS: 7496.7 | Var: ddqn
Step: 2535424 | EPS: 0.38 | Rew: 0.88 | FPS: 9289.8 | Var: ddqn
Step: 2536448 | EPS: 0.38 | Rew: 0.94 | FPS: 9524.6 | Var: ddqn
Step: 2537472 | EPS: 0.38 | Rew: 0.93 | FPS: 6033.8 | Var: ddqn
Step: 2538496 | EPS: 0.38 | Rew: 0.94 | FPS: 7533.2 | Var: ddqn
Step: 2539520 | EPS: 0.38 | Rew: 0.86 | FPS: 8845.7 | Var: ddqn
Step: 2540544 | EPS: 0.38 | Rew: 0.76 | FPS: 7438.2 | Var: ddqn
Step: 2541568 | EPS: 0.38 | Rew: 0.83 | FPS: 9092.0 | Var: ddqn
Step: 2542592 | EPS: 0.38 | Rew: 0.85 | FPS: 9025.5 | Var: ddqn
Step: 2543616 | EPS: 0.38 | Rew: 0.78 | FPS: 9162.7 | Var: ddqn
Step: 2544640 | EPS: 0.38 | Rew: 0.73 | FPS: 8017.9 | Var: ddqn
Step: 2545664 | EPS: 0.38 | Rew: 0.61 | FPS: 9228.6 | Var: ddqn
Step: 2546688 | EPS: 0.38 | Rew: 0.69 | FPS: 9043.1 | Var: ddqn
Step: 2547712 | EPS: 0.38 | Rew: 0.72 | FPS: 8538.3 | Var: ddqn
Step: 2548736 | EPS: 0.38 | Rew: 0.81 | FPS: 7813.8 | Var: ddqn
Step: 2549760 | EPS: 0.38 | Rew: 1.02 | FPS: 9495.5 | Var: ddqn
Step: 2550784 | EPS: 0.38 | Rew: 0.94 | FPS: 9298.9 | Var: ddqn
Step: 2551808 | EPS: 0.37 | Rew: 0.93 | FPS: 9422.4 | Var: ddqn
Step: 2552832 | EPS: 0.37 | Rew: 0.89 | FPS: 9116.0 | Var: ddqn
Step: 2553856 | EPS: 0.37 | Rew: 0.89 | FPS: 9234.0 | Var: ddqn
Step: 2554880 | EPS: 0.37 | Rew: 0.81 | FPS: 8149.4 | Var: ddqn
Step: 2555904 | EPS: 0.37 | Rew: 1.10 | FPS: 9099.2 | Var: ddqn
Step: 2556928 | EPS: 0.37 | Rew: 1.01 | FPS: 9312.6 | Var: ddqn
Step: 2557952 | EPS: 0.37 | Rew: 1.02 | FPS: 8867.3 | Var: ddqn
Step: 2558976 | EPS: 0.37 | Rew: 0.95 | FPS: 9789.9 | Var: ddqn
Step: 2560000 | EPS: 0.37 | Rew: 0.97 | FPS: 9262.8 | Var: ddqn
Step: 2561024 | EPS: 0.37 | Rew: 0.75 | FPS: 9256.9 | Var: ddqn
Step: 2562048 | EPS: 0.37 | Rew: 0.80 | FPS: 7916.2 | Var: ddqn
Step: 2563072 | EPS: 0.37 | Rew: 0.74 | FPS: 8296.3 | Var: ddqn
Step: 2564096 | EPS: 0.37 | Rew: 0.80 | FPS: 7551.4 | Var: ddqn
Step: 2565120 | EPS: 0.37 | Rew: 0.76 | FPS: 7835.2 | Var: ddqn
Step: 2566144 | EPS: 0.37 | Rew: 1.00 | FPS: 9543.7 | Var: ddqn
Step: 2567168 | EPS: 0.37 | Rew: 1.00 | FPS: 8072.3 | Var: ddqn
Step: 2568192 | EPS: 0.37 | Rew: 1.00 | FPS: 8827.8 | Var: ddqn
Step: 2569216 | EPS: 0.37 | Rew: 1.06 | FPS: 7870.3 | Var: ddqn
Step: 2570240 | EPS: 0.37 | Rew: 0.90 | FPS: 8052.9 | Var: ddqn
Step: 2571264 | EPS: 0.37 | Rew: 0.82 | FPS: 9466.4 | Var: ddqn
Step: 2572288 | EPS: 0.37 | Rew: 0.89 | FPS: 7332.9 | Var: ddqn
Step: 2573312 | EPS: 0.37 | Rew: 0.91 | FPS: 8005.3 | Var: ddqn
Step: 2574336 | EPS: 0.37 | Rew: 0.86 | FPS: 7813.3 | Var: ddqn
Step: 2575360 | EPS: 0.37 | Rew: 0.91 | FPS: 9131.0 | Var: ddqn
Step: 2576384 | EPS: 0.37 | Rew: 0.99 | FPS: 7621.7 | Var: ddqn
Step: 2577408 | EPS: 0.37 | Rew: 0.97 | FPS: 8776.7 | Var: ddqn
Step: 2578432 | EPS: 0.37 | Rew: 1.02 | FPS: 7010.7 | Var: ddqn
Step: 2579456 | EPS: 0.37 | Rew: 1.09 | FPS: 8341.7 | Var: ddqn
Step: 2580480 | EPS: 0.37 | Rew: 1.20 | FPS: 7383.8 | Var: ddqn
Step: 2581504 | EPS: 0.37 | Rew: 1.16 | FPS: 8406.1 | Var: ddqn
Step: 2582528 | EPS: 0.37 | Rew: 1.14 | FPS: 9527.2 | Var: ddqn
Step: 2583552 | EPS: 0.37 | Rew: 1.07 | FPS: 9520.0 | Var: ddqn
Step: 2584576 | EPS: 0.37 | Rew: 1.16 | FPS: 9747.3 | Var: ddqn
Step: 2585600 | EPS: 0.37 | Rew: 0.97 | FPS: 7157.8 | Var: ddqn
Step: 2586624 | EPS: 0.37 | Rew: 1.04 | FPS: 9244.2 | Var: ddqn
Step: 2587648 | EPS: 0.37 | Rew: 1.13 | FPS: 8960.5 | Var: ddqn
Step: 2588672 | EPS: 0.37 | Rew: 0.94 | FPS: 9676.4 | Var: ddqn
Step: 2589696 | EPS: 0.37 | Rew: 0.87 | FPS: 9112.1 | Var: ddqn
Step: 2590720 | EPS: 0.37 | Rew: 0.85 | FPS: 9044.1 | Var: ddqn
Step: 2591744 | EPS: 0.37 | Rew: 0.79 | FPS: 9252.4 | Var: ddqn
Step: 2592768 | EPS: 0.36 | Rew: 0.73 | FPS: 9519.1 | Var: ddqn
Step: 2593792 | EPS: 0.36 | Rew: 0.87 | FPS: 9184.3 | Var: ddqn
Step: 2594816 | EPS: 0.36 | Rew: 0.91 | FPS: 9640.9 | Var: ddqn
Step: 2595840 | EPS: 0.36 | Rew: 0.86 | FPS: 9277.3 | Var: ddqn
Step: 2596864 | EPS: 0.36 | Rew: 0.96 | FPS: 9499.1 | Var: ddqn
Step: 2597888 | EPS: 0.36 | Rew: 0.97 | FPS: 9513.8 | Var: ddqn
Step: 2598912 | EPS: 0.36 | Rew: 1.03 | FPS: 9027.5 | Var: ddqn
Step: 2599936 | EPS: 0.36 | Rew: 0.98 | FPS: 9065.4 | Var: ddqn
Step: 2600960 | EPS: 0.36 | Rew: 1.12 | FPS: 9391.5 | Var: ddqn
Step: 2601984 | EPS: 0.36 | Rew: 1.15 | FPS: 9261.6 | Var: ddqn
Step: 2603008 | EPS: 0.36 | Rew: 1.26 | FPS: 9287.4 | Var: ddqn
Step: 2604032 | EPS: 0.36 | Rew: 1.15 | FPS: 9062.4 | Var: ddqn
Step: 2605056 | EPS: 0.36 | Rew: 0.94 | FPS: 8636.7 | Var: ddqn
Step: 2606080 | EPS: 0.36 | Rew: 0.83 | FPS: 9081.8 | Var: ddqn
Step: 2607104 | EPS: 0.36 | Rew: 0.73 | FPS: 9255.1 | Var: ddqn
Step: 2608128 | EPS: 0.36 | Rew: 0.78 | FPS: 8832.1 | Var: ddqn
Step: 2609152 | EPS: 0.36 | Rew: 0.68 | FPS: 8948.5 | Var: ddqn
Step: 2610176 | EPS: 0.36 | Rew: 0.71 | FPS: 8626.4 | Var: ddqn
Step: 2611200 | EPS: 0.36 | Rew: 0.78 | FPS: 9175.2 | Var: ddqn
Step: 2612224 | EPS: 0.36 | Rew: 0.72 | FPS: 8921.1 | Var: ddqn
Step: 2613248 | EPS: 0.36 | Rew: 0.71 | FPS: 5188.4 | Var: ddqn
Step: 2614272 | EPS: 0.36 | Rew: 0.83 | FPS: 8670.4 | Var: ddqn
Step: 2615296 | EPS: 0.36 | Rew: 0.82 | FPS: 8431.4 | Var: ddqn
Step: 2616320 | EPS: 0.36 | Rew: 0.85 | FPS: 9370.7 | Var: ddqn
Step: 2617344 | EPS: 0.36 | Rew: 0.96 | FPS: 9258.8 | Var: ddqn
Step: 2618368 | EPS: 0.36 | Rew: 1.07 | FPS: 8730.4 | Var: ddqn
Step: 2619392 | EPS: 0.36 | Rew: 1.00 | FPS: 8820.1 | Var: ddqn
Step: 2620416 | EPS: 0.36 | Rew: 1.01 | FPS: 9159.5 | Var: ddqn
Step: 2621440 | EPS: 0.36 | Rew: 1.24 | FPS: 9417.2 | Var: ddqn
Step: 2622464 | EPS: 0.36 | Rew: 1.26 | FPS: 9053.0 | Var: ddqn
Step: 2623488 | EPS: 0.36 | Rew: 1.20 | FPS: 9374.2 | Var: ddqn
Step: 2624512 | EPS: 0.36 | Rew: 1.25 | FPS: 9334.6 | Var: ddqn
Step: 2625536 | EPS: 0.36 | Rew: 1.26 | FPS: 9310.4 | Var: ddqn
Step: 2626560 | EPS: 0.36 | Rew: 1.22 | FPS: 9494.6 | Var: ddqn
Step: 2627584 | EPS: 0.36 | Rew: 1.25 | FPS: 7194.8 | Var: ddqn
Step: 2628608 | EPS: 0.36 | Rew: 1.27 | FPS: 9405.8 | Var: ddqn
Step: 2629632 | EPS: 0.36 | Rew: 1.26 | FPS: 9776.3 | Var: ddqn
Step: 2630656 | EPS: 0.36 | Rew: 1.28 | FPS: 9092.8 | Var: ddqn
Step: 2631680 | EPS: 0.36 | Rew: 1.26 | FPS: 7888.3 | Var: ddqn
Step: 2632704 | EPS: 0.35 | Rew: 1.15 | FPS: 7587.0 | Var: ddqn
Step: 2633728 | EPS: 0.35 | Rew: 1.27 | FPS: 9290.0 | Var: ddqn
Step: 2634752 | EPS: 0.35 | Rew: 1.31 | FPS: 7255.0 | Var: ddqn
Step: 2635776 | EPS: 0.35 | Rew: 1.29 | FPS: 9344.8 | Var: ddqn
Step: 2636800 | EPS: 0.35 | Rew: 1.26 | FPS: 7304.7 | Var: ddqn
Step: 2637824 | EPS: 0.35 | Rew: 1.29 | FPS: 8967.6 | Var: ddqn
Step: 2638848 | EPS: 0.35 | Rew: 1.13 | FPS: 6585.3 | Var: ddqn
Step: 2639872 | EPS: 0.35 | Rew: 1.04 | FPS: 7474.5 | Var: ddqn
Step: 2640896 | EPS: 0.35 | Rew: 0.98 | FPS: 9205.6 | Var: ddqn
Step: 2641920 | EPS: 0.35 | Rew: 1.05 | FPS: 9313.1 | Var: ddqn
Step: 2642944 | EPS: 0.35 | Rew: 0.87 | FPS: 9029.4 | Var: ddqn
Step: 2643968 | EPS: 0.35 | Rew: 1.09 | FPS: 9073.3 | Var: ddqn
Step: 2644992 | EPS: 0.35 | Rew: 1.10 | FPS: 9361.4 | Var: ddqn
Step: 2646016 | EPS: 0.35 | Rew: 1.28 | FPS: 8752.7 | Var: ddqn
Step: 2647040 | EPS: 0.35 | Rew: 1.29 | FPS: 9648.5 | Var: ddqn
Step: 2648064 | EPS: 0.35 | Rew: 1.22 | FPS: 9386.6 | Var: ddqn
Step: 2649088 | EPS: 0.35 | Rew: 1.05 | FPS: 9205.0 | Var: ddqn
Step: 2650112 | EPS: 0.35 | Rew: 1.07 | FPS: 9189.3 | Var: ddqn
Step: 2651136 | EPS: 0.35 | Rew: 0.90 | FPS: 9441.3 | Var: ddqn
Step: 2652160 | EPS: 0.35 | Rew: 0.89 | FPS: 9016.5 | Var: ddqn
Step: 2653184 | EPS: 0.35 | Rew: 0.84 | FPS: 9035.5 | Var: ddqn
Step: 2654208 | EPS: 0.35 | Rew: 0.83 | FPS: 9028.4 | Var: ddqn
Step: 2655232 | EPS: 0.35 | Rew: 0.82 | FPS: 7162.4 | Var: ddqn
Step: 2656256 | EPS: 0.35 | Rew: 0.83 | FPS: 9239.4 | Var: ddqn
Step: 2657280 | EPS: 0.35 | Rew: 0.77 | FPS: 9197.7 | Var: ddqn
Step: 2658304 | EPS: 0.35 | Rew: 0.91 | FPS: 9277.2 | Var: ddqn
Step: 2659328 | EPS: 0.35 | Rew: 0.93 | FPS: 8690.9 | Var: ddqn
Step: 2660352 | EPS: 0.35 | Rew: 1.06 | FPS: 6341.3 | Var: ddqn
Step: 2661376 | EPS: 0.35 | Rew: 1.12 | FPS: 8959.9 | Var: ddqn
Step: 2662400 | EPS: 0.35 | Rew: 1.20 | FPS: 7672.5 | Var: ddqn
Step: 2663424 | EPS: 0.35 | Rew: 1.10 | FPS: 8156.6 | Var: ddqn
Step: 2664448 | EPS: 0.35 | Rew: 1.02 | FPS: 7580.2 | Var: ddqn
Step: 2665472 | EPS: 0.35 | Rew: 0.99 | FPS: 8178.5 | Var: ddqn
Step: 2666496 | EPS: 0.35 | Rew: 0.92 | FPS: 8526.3 | Var: ddqn
Step: 2667520 | EPS: 0.35 | Rew: 0.90 | FPS: 8961.8 | Var: ddqn
Step: 2668544 | EPS: 0.35 | Rew: 1.05 | FPS: 8862.0 | Var: ddqn
Step: 2669568 | EPS: 0.35 | Rew: 1.11 | FPS: 9082.9 | Var: ddqn
Step: 2670592 | EPS: 0.35 | Rew: 1.10 | FPS: 9313.9 | Var: ddqn
Step: 2671616 | EPS: 0.35 | Rew: 1.14 | FPS: 9217.1 | Var: ddqn
Step: 2672640 | EPS: 0.35 | Rew: 1.14 | FPS: 7440.9 | Var: ddqn
Step: 2673664 | EPS: 0.34 | Rew: 1.20 | FPS: 9021.8 | Var: ddqn
Step: 2674688 | EPS: 0.34 | Rew: 1.13 | FPS: 9548.1 | Var: ddqn
Step: 2675712 | EPS: 0.34 | Rew: 1.15 | FPS: 6732.2 | Var: ddqn
Step: 2676736 | EPS: 0.34 | Rew: 1.13 | FPS: 6958.4 | Var: ddqn
Step: 2677760 | EPS: 0.34 | Rew: 1.12 | FPS: 7640.9 | Var: ddqn
Step: 2678784 | EPS: 0.34 | Rew: 1.21 | FPS: 7981.1 | Var: ddqn
Step: 2679808 | EPS: 0.34 | Rew: 1.28 | FPS: 7348.4 | Var: ddqn
Step: 2680832 | EPS: 0.34 | Rew: 1.31 | FPS: 9227.3 | Var: ddqn
Step: 2681856 | EPS: 0.34 | Rew: 1.23 | FPS: 8050.9 | Var: ddqn
Step: 2682880 | EPS: 0.34 | Rew: 1.06 | FPS: 9032.6 | Var: ddqn
Step: 2683904 | EPS: 0.34 | Rew: 0.93 | FPS: 9305.1 | Var: ddqn
Step: 2684928 | EPS: 0.34 | Rew: 0.80 | FPS: 8267.6 | Var: ddqn
Step: 2685952 | EPS: 0.34 | Rew: 0.85 | FPS: 7817.7 | Var: ddqn
Step: 2686976 | EPS: 0.34 | Rew: 0.90 | FPS: 7352.4 | Var: ddqn
Step: 2688000 | EPS: 0.34 | Rew: 0.95 | FPS: 8725.5 | Var: ddqn
Step: 2689024 | EPS: 0.34 | Rew: 0.89 | FPS: 8659.3 | Var: ddqn
Step: 2690048 | EPS: 0.34 | Rew: 0.94 | FPS: 9217.4 | Var: ddqn
Step: 2691072 | EPS: 0.34 | Rew: 1.00 | FPS: 8669.5 | Var: ddqn
Step: 2692096 | EPS: 0.34 | Rew: 0.92 | FPS: 8874.6 | Var: ddqn
Step: 2693120 | EPS: 0.34 | Rew: 0.97 | FPS: 9078.6 | Var: ddqn
Step: 2694144 | EPS: 0.34 | Rew: 1.11 | FPS: 9325.1 | Var: ddqn
Step: 2695168 | EPS: 0.34 | Rew: 1.18 | FPS: 7229.8 | Var: ddqn
Step: 2696192 | EPS: 0.34 | Rew: 1.36 | FPS: 8144.2 | Var: ddqn
>>> [Best] Saved -> agent/checkpoints/ddqn_pretrain.pth | Rew 1.36
Step: 2697216 | EPS: 0.34 | Rew: 1.43 | FPS: 6398.8 | Var: ddqn
Step: 2698240 | EPS: 0.34 | Rew: 1.47 | FPS: 9213.9 | Var: ddqn
Step: 2699264 | EPS: 0.34 | Rew: 1.43 | FPS: 7631.2 | Var: ddqn
Step: 2700288 | EPS: 0.34 | Rew: 1.36 | FPS: 9260.1 | Var: ddqn
Step: 2701312 | EPS: 0.34 | Rew: 1.25 | FPS: 8053.4 | Var: ddqn
Step: 2702336 | EPS: 0.34 | Rew: 1.28 | FPS: 7407.5 | Var: ddqn
Step: 2703360 | EPS: 0.34 | Rew: 1.28 | FPS: 8754.5 | Var: ddqn
Step: 2704384 | EPS: 0.34 | Rew: 1.43 | FPS: 9359.0 | Var: ddqn
Step: 2705408 | EPS: 0.34 | Rew: 1.46 | FPS: 8827.2 | Var: ddqn
Step: 2706432 | EPS: 0.34 | Rew: 1.43 | FPS: 9014.7 | Var: ddqn
Step: 2707456 | EPS: 0.34 | Rew: 1.43 | FPS: 9073.2 | Var: ddqn
Step: 2708480 | EPS: 0.34 | Rew: 1.19 | FPS: 8978.1 | Var: ddqn
Step: 2709504 | EPS: 0.34 | Rew: 1.20 | FPS: 8715.5 | Var: ddqn
Step: 2710528 | EPS: 0.34 | Rew: 1.12 | FPS: 9216.4 | Var: ddqn
Step: 2711552 | EPS: 0.34 | Rew: 1.14 | FPS: 7142.0 | Var: ddqn
Step: 2712576 | EPS: 0.34 | Rew: 0.95 | FPS: 9170.1 | Var: ddqn
Step: 2713600 | EPS: 0.34 | Rew: 1.02 | FPS: 7730.5 | Var: ddqn
Step: 2714624 | EPS: 0.33 | Rew: 1.13 | FPS: 9319.2 | Var: ddqn
Step: 2715648 | EPS: 0.33 | Rew: 1.12 | FPS: 9052.3 | Var: ddqn
Step: 2716672 | EPS: 0.33 | Rew: 1.19 | FPS: 9138.8 | Var: ddqn
Step: 2717696 | EPS: 0.33 | Rew: 1.27 | FPS: 9026.5 | Var: ddqn
Step: 2718720 | EPS: 0.33 | Rew: 1.28 | FPS: 9060.3 | Var: ddqn
Step: 2719744 | EPS: 0.33 | Rew: 1.18 | FPS: 7032.5 | Var: ddqn
Step: 2720768 | EPS: 0.33 | Rew: 0.98 | FPS: 9184.1 | Var: ddqn
Step: 2721792 | EPS: 0.33 | Rew: 0.91 | FPS: 9560.1 | Var: ddqn
Step: 2722816 | EPS: 0.33 | Rew: 1.05 | FPS: 9302.9 | Var: ddqn
Step: 2723840 | EPS: 0.33 | Rew: 1.03 | FPS: 6780.9 | Var: ddqn
Step: 2724864 | EPS: 0.33 | Rew: 0.98 | FPS: 7548.6 | Var: ddqn
Step: 2725888 | EPS: 0.33 | Rew: 1.07 | FPS: 6898.2 | Var: ddqn
Step: 2726912 | EPS: 0.33 | Rew: 1.10 | FPS: 9209.5 | Var: ddqn
Step: 2727936 | EPS: 0.33 | Rew: 1.13 | FPS: 8373.3 | Var: ddqn
Step: 2728960 | EPS: 0.33 | Rew: 1.17 | FPS: 6990.5 | Var: ddqn
Step: 2729984 | EPS: 0.33 | Rew: 1.16 | FPS: 8822.7 | Var: ddqn
Step: 2731008 | EPS: 0.33 | Rew: 1.14 | FPS: 8137.7 | Var: ddqn
Step: 2732032 | EPS: 0.33 | Rew: 1.17 | FPS: 8658.3 | Var: ddqn
Step: 2733056 | EPS: 0.33 | Rew: 1.10 | FPS: 7039.3 | Var: ddqn
Step: 2734080 | EPS: 0.33 | Rew: 0.96 | FPS: 9134.8 | Var: ddqn
Step: 2735104 | EPS: 0.33 | Rew: 0.96 | FPS: 9352.5 | Var: ddqn
Step: 2736128 | EPS: 0.33 | Rew: 0.97 | FPS: 9333.7 | Var: ddqn
Step: 2737152 | EPS: 0.33 | Rew: 1.04 | FPS: 8834.1 | Var: ddqn
Step: 2738176 | EPS: 0.33 | Rew: 1.19 | FPS: 8043.7 | Var: ddqn
Step: 2739200 | EPS: 0.33 | Rew: 1.27 | FPS: 8647.8 | Var: ddqn
Step: 2740224 | EPS: 0.33 | Rew: 1.34 | FPS: 9126.7 | Var: ddqn
Step: 2741248 | EPS: 0.33 | Rew: 1.31 | FPS: 9141.1 | Var: ddqn
Step: 2742272 | EPS: 0.33 | Rew: 1.38 | FPS: 8935.7 | Var: ddqn
Step: 2743296 | EPS: 0.33 | Rew: 1.35 | FPS: 9009.7 | Var: ddqn
Step: 2744320 | EPS: 0.33 | Rew: 1.38 | FPS: 9231.4 | Var: ddqn
Step: 2745344 | EPS: 0.33 | Rew: 1.38 | FPS: 9660.6 | Var: ddqn
Step: 2746368 | EPS: 0.33 | Rew: 1.52 | FPS: 8660.2 | Var: ddqn
Step: 2747392 | EPS: 0.33 | Rew: 1.47 | FPS: 9483.1 | Var: ddqn
Step: 2748416 | EPS: 0.33 | Rew: 1.40 | FPS: 9352.5 | Var: ddqn
Step: 2749440 | EPS: 0.33 | Rew: 1.38 | FPS: 9791.8 | Var: ddqn
Step: 2750464 | EPS: 0.33 | Rew: 1.40 | FPS: 8941.5 | Var: ddqn
Step: 2751488 | EPS: 0.33 | Rew: 1.37 | FPS: 9231.5 | Var: ddqn
Step: 2752512 | EPS: 0.33 | Rew: 1.19 | FPS: 9713.5 | Var: ddqn
Step: 2753536 | EPS: 0.33 | Rew: 1.19 | FPS: 9721.8 | Var: ddqn
Step: 2754560 | EPS: 0.33 | Rew: 1.12 | FPS: 9107.4 | Var: ddqn
Step: 2755584 | EPS: 0.32 | Rew: 0.99 | FPS: 9490.1 | Var: ddqn
Step: 2756608 | EPS: 0.32 | Rew: 1.00 | FPS: 9534.0 | Var: ddqn
Step: 2757632 | EPS: 0.32 | Rew: 0.97 | FPS: 9340.4 | Var: ddqn
Step: 2758656 | EPS: 0.32 | Rew: 0.96 | FPS: 9279.9 | Var: ddqn
Step: 2759680 | EPS: 0.32 | Rew: 1.18 | FPS: 7532.8 | Var: ddqn
Step: 2760704 | EPS: 0.32 | Rew: 1.41 | FPS: 9569.9 | Var: ddqn
Step: 2761728 | EPS: 0.32 | Rew: 1.36 | FPS: 9581.9 | Var: ddqn
Step: 2762752 | EPS: 0.32 | Rew: 1.34 | FPS: 9094.6 | Var: ddqn
Step: 2763776 | EPS: 0.32 | Rew: 1.36 | FPS: 9547.6 | Var: ddqn
Step: 2764800 | EPS: 0.32 | Rew: 1.27 | FPS: 9082.3 | Var: ddqn
Step: 2765824 | EPS: 0.32 | Rew: 1.16 | FPS: 9228.1 | Var: ddqn
Step: 2766848 | EPS: 0.32 | Rew: 1.10 | FPS: 9721.8 | Var: ddqn
Step: 2767872 | EPS: 0.32 | Rew: 1.19 | FPS: 9230.8 | Var: ddqn
Step: 2768896 | EPS: 0.32 | Rew: 1.30 | FPS: 6963.4 | Var: ddqn
Step: 2769920 | EPS: 0.32 | Rew: 1.37 | FPS: 9012.5 | Var: ddqn
Step: 2770944 | EPS: 0.32 | Rew: 1.26 | FPS: 9059.8 | Var: ddqn
Step: 2771968 | EPS: 0.32 | Rew: 1.24 | FPS: 7065.9 | Var: ddqn
Step: 2772992 | EPS: 0.32 | Rew: 1.29 | FPS: 9483.6 | Var: ddqn
Step: 2774016 | EPS: 0.32 | Rew: 1.39 | FPS: 8271.9 | Var: ddqn
Step: 2775040 | EPS: 0.32 | Rew: 1.17 | FPS: 9122.8 | Var: ddqn
Step: 2776064 | EPS: 0.32 | Rew: 1.09 | FPS: 9343.8 | Var: ddqn
Step: 2777088 | EPS: 0.32 | Rew: 1.13 | FPS: 9235.0 | Var: ddqn
Step: 2778112 | EPS: 0.32 | Rew: 1.05 | FPS: 9003.0 | Var: ddqn
Step: 2779136 | EPS: 0.32 | Rew: 1.11 | FPS: 9133.5 | Var: ddqn
Step: 2780160 | EPS: 0.32 | Rew: 1.13 | FPS: 9490.3 | Var: ddqn
Step: 2781184 | EPS: 0.32 | Rew: 1.06 | FPS: 9617.4 | Var: ddqn
Step: 2782208 | EPS: 0.32 | Rew: 0.98 | FPS: 9373.0 | Var: ddqn
Step: 2783232 | EPS: 0.32 | Rew: 0.91 | FPS: 9137.6 | Var: ddqn
Step: 2784256 | EPS: 0.32 | Rew: 0.88 | FPS: 8515.0 | Var: ddqn
Step: 2785280 | EPS: 0.32 | Rew: 0.98 | FPS: 9396.0 | Var: ddqn
Step: 2786304 | EPS: 0.32 | Rew: 0.95 | FPS: 9420.7 | Var: ddqn
Step: 2787328 | EPS: 0.32 | Rew: 1.00 | FPS: 9564.7 | Var: ddqn
Step: 2788352 | EPS: 0.32 | Rew: 1.06 | FPS: 9372.6 | Var: ddqn
Step: 2789376 | EPS: 0.32 | Rew: 1.24 | FPS: 9299.1 | Var: ddqn
Step: 2790400 | EPS: 0.32 | Rew: 1.48 | FPS: 9027.6 | Var: ddqn
Step: 2791424 | EPS: 0.32 | Rew: 1.69 | FPS: 9073.2 | Var: ddqn
Step: 2792448 | EPS: 0.32 | Rew: 1.80 | FPS: 9136.5 | Var: ddqn
Step: 2793472 | EPS: 0.32 | Rew: 1.71 | FPS: 9242.7 | Var: ddqn
Step: 2794496 | EPS: 0.32 | Rew: 1.73 | FPS: 8878.2 | Var: ddqn
Step: 2795520 | EPS: 0.32 | Rew: 1.68 | FPS: 9505.0 | Var: ddqn
Step: 2796544 | EPS: 0.31 | Rew: 1.61 | FPS: 6980.0 | Var: ddqn
Step: 2797568 | EPS: 0.31 | Rew: 1.34 | FPS: 9243.7 | Var: ddqn
Step: 2798592 | EPS: 0.31 | Rew: 1.34 | FPS: 9792.3 | Var: ddqn
Step: 2799616 | EPS: 0.31 | Rew: 1.26 | FPS: 7945.9 | Var: ddqn
Step: 2800640 | EPS: 0.31 | Rew: 1.09 | FPS: 9238.6 | Var: ddqn
Step: 2801664 | EPS: 0.31 | Rew: 1.20 | FPS: 6592.0 | Var: ddqn
Step: 2802688 | EPS: 0.31 | Rew: 1.12 | FPS: 9128.8 | Var: ddqn
Step: 2803712 | EPS: 0.31 | Rew: 1.27 | FPS: 9130.1 | Var: ddqn
Step: 2804736 | EPS: 0.31 | Rew: 1.34 | FPS: 9214.2 | Var: ddqn
Step: 2805760 | EPS: 0.31 | Rew: 1.32 | FPS: 9053.8 | Var: ddqn
Step: 2806784 | EPS: 0.31 | Rew: 1.27 | FPS: 9453.5 | Var: ddqn
Step: 2807808 | EPS: 0.31 | Rew: 1.40 | FPS: 9565.6 | Var: ddqn
Step: 2808832 | EPS: 0.31 | Rew: 1.46 | FPS: 9299.9 | Var: ddqn
Step: 2809856 | EPS: 0.31 | Rew: 1.44 | FPS: 8649.0 | Var: ddqn
Step: 2810880 | EPS: 0.31 | Rew: 1.44 | FPS: 7966.3 | Var: ddqn
Step: 2811904 | EPS: 0.31 | Rew: 1.42 | FPS: 7790.4 | Var: ddqn
Step: 2812928 | EPS: 0.31 | Rew: 1.42 | FPS: 9385.3 | Var: ddqn
Step: 2813952 | EPS: 0.31 | Rew: 1.26 | FPS: 9292.3 | Var: ddqn
Step: 2814976 | EPS: 0.31 | Rew: 1.29 | FPS: 9468.8 | Var: ddqn
Step: 2816000 | EPS: 0.31 | Rew: 1.47 | FPS: 9028.5 | Var: ddqn
Step: 2817024 | EPS: 0.31 | Rew: 1.46 | FPS: 9072.7 | Var: ddqn
Step: 2818048 | EPS: 0.31 | Rew: 1.44 | FPS: 9512.6 | Var: ddqn
Step: 2819072 | EPS: 0.31 | Rew: 1.48 | FPS: 9444.3 | Var: ddqn
Step: 2820096 | EPS: 0.31 | Rew: 1.35 | FPS: 7281.6 | Var: ddqn
Step: 2821120 | EPS: 0.31 | Rew: 1.15 | FPS: 8935.7 | Var: ddqn
Step: 2822144 | EPS: 0.31 | Rew: 1.21 | FPS: 9221.5 | Var: ddqn
Step: 2823168 | EPS: 0.31 | Rew: 1.04 | FPS: 9569.4 | Var: ddqn
Step: 2824192 | EPS: 0.31 | Rew: 1.08 | FPS: 9166.5 | Var: ddqn
Step: 2825216 | EPS: 0.31 | Rew: 1.08 | FPS: 9025.9 | Var: ddqn
Step: 2826240 | EPS: 0.31 | Rew: 1.13 | FPS: 9166.9 | Var: ddqn
Step: 2827264 | EPS: 0.31 | Rew: 1.30 | FPS: 8790.9 | Var: ddqn
Step: 2828288 | EPS: 0.31 | Rew: 1.37 | FPS: 8528.6 | Var: ddqn
Step: 2829312 | EPS: 0.31 | Rew: 1.39 | FPS: 8232.8 | Var: ddqn
Step: 2830336 | EPS: 0.31 | Rew: 1.49 | FPS: 9445.0 | Var: ddqn
Step: 2831360 | EPS: 0.31 | Rew: 1.36 | FPS: 9198.5 | Var: ddqn
Step: 2832384 | EPS: 0.31 | Rew: 1.39 | FPS: 7486.4 | Var: ddqn
Step: 2833408 | EPS: 0.31 | Rew: 1.41 | FPS: 8782.3 | Var: ddqn
Step: 2834432 | EPS: 0.31 | Rew: 1.40 | FPS: 9054.0 | Var: ddqn
Step: 2835456 | EPS: 0.31 | Rew: 1.21 | FPS: 9091.6 | Var: ddqn
Step: 2836480 | EPS: 0.31 | Rew: 1.29 | FPS: 8939.9 | Var: ddqn
Step: 2837504 | EPS: 0.30 | Rew: 1.12 | FPS: 9483.3 | Var: ddqn
Step: 2838528 | EPS: 0.30 | Rew: 0.96 | FPS: 9540.2 | Var: ddqn
Step: 2839552 | EPS: 0.30 | Rew: 1.07 | FPS: 9597.4 | Var: ddqn
Step: 2840576 | EPS: 0.30 | Rew: 1.23 | FPS: 9333.8 | Var: ddqn
Step: 2841600 | EPS: 0.30 | Rew: 1.19 | FPS: 7612.1 | Var: ddqn
Step: 2842624 | EPS: 0.30 | Rew: 1.25 | FPS: 9901.3 | Var: ddqn
Step: 2843648 | EPS: 0.30 | Rew: 1.32 | FPS: 9797.3 | Var: ddqn
Step: 2844672 | EPS: 0.30 | Rew: 1.27 | FPS: 9287.0 | Var: ddqn
Step: 2845696 | EPS: 0.30 | Rew: 1.22 | FPS: 9472.9 | Var: ddqn
Step: 2846720 | EPS: 0.30 | Rew: 1.18 | FPS: 8860.2 | Var: ddqn
Step: 2847744 | EPS: 0.30 | Rew: 1.12 | FPS: 8771.2 | Var: ddqn
Step: 2848768 | EPS: 0.30 | Rew: 1.25 | FPS: 9533.4 | Var: ddqn
Step: 2849792 | EPS: 0.30 | Rew: 1.40 | FPS: 9261.2 | Var: ddqn
Step: 2850816 | EPS: 0.30 | Rew: 1.36 | FPS: 9512.7 | Var: ddqn
Step: 2851840 | EPS: 0.30 | Rew: 1.30 | FPS: 9186.6 | Var: ddqn
Step: 2852864 | EPS: 0.30 | Rew: 1.40 | FPS: 9301.0 | Var: ddqn
Step: 2853888 | EPS: 0.30 | Rew: 1.44 | FPS: 8875.0 | Var: ddqn
Step: 2854912 | EPS: 0.30 | Rew: 1.34 | FPS: 8200.6 | Var: ddqn
Step: 2855936 | EPS: 0.30 | Rew: 1.33 | FPS: 9263.7 | Var: ddqn
Step: 2856960 | EPS: 0.30 | Rew: 1.32 | FPS: 6785.6 | Var: ddqn
Step: 2857984 | EPS: 0.30 | Rew: 1.51 | FPS: 8224.5 | Var: ddqn
Step: 2859008 | EPS: 0.30 | Rew: 1.37 | FPS: 8797.6 | Var: ddqn
Step: 2860032 | EPS: 0.30 | Rew: 1.30 | FPS: 9415.1 | Var: ddqn
Step: 2861056 | EPS: 0.30 | Rew: 1.24 | FPS: 9389.1 | Var: ddqn
Step: 2862080 | EPS: 0.30 | Rew: 1.36 | FPS: 9349.6 | Var: ddqn
Step: 2863104 | EPS: 0.30 | Rew: 1.25 | FPS: 9490.9 | Var: ddqn
Step: 2864128 | EPS: 0.30 | Rew: 1.25 | FPS: 7566.1 | Var: ddqn
Step: 2865152 | EPS: 0.30 | Rew: 1.34 | FPS: 9038.9 | Var: ddqn
Step: 2866176 | EPS: 0.30 | Rew: 1.31 | FPS: 7476.8 | Var: ddqn
Step: 2867200 | EPS: 0.30 | Rew: 1.30 | FPS: 9227.9 | Var: ddqn
Step: 2868224 | EPS: 0.30 | Rew: 1.26 | FPS: 9069.7 | Var: ddqn
Step: 2869248 | EPS: 0.30 | Rew: 1.28 | FPS: 9292.3 | Var: ddqn
Step: 2870272 | EPS: 0.30 | Rew: 1.35 | FPS: 9243.4 | Var: ddqn
Step: 2871296 | EPS: 0.30 | Rew: 1.41 | FPS: 7676.1 | Var: ddqn
Step: 2872320 | EPS: 0.30 | Rew: 1.62 | FPS: 8029.4 | Var: ddqn
Step: 2873344 | EPS: 0.30 | Rew: 1.63 | FPS: 7220.5 | Var: ddqn
Step: 2874368 | EPS: 0.30 | Rew: 1.68 | FPS: 8962.8 | Var: ddqn
Step: 2875392 | EPS: 0.30 | Rew: 1.52 | FPS: 9177.6 | Var: ddqn
Step: 2876416 | EPS: 0.30 | Rew: 1.58 | FPS: 9271.2 | Var: ddqn
Step: 2877440 | EPS: 0.30 | Rew: 1.29 | FPS: 7489.8 | Var: ddqn
Step: 2878464 | EPS: 0.29 | Rew: 1.24 | FPS: 9195.0 | Var: ddqn
Step: 2879488 | EPS: 0.29 | Rew: 1.21 | FPS: 7329.8 | Var: ddqn
Step: 2880512 | EPS: 0.29 | Rew: 1.05 | FPS: 8981.7 | Var: ddqn
Step: 2881536 | EPS: 0.29 | Rew: 0.93 | FPS: 8093.8 | Var: ddqn
Step: 2882560 | EPS: 0.29 | Rew: 1.01 | FPS: 8994.7 | Var: ddqn
Step: 2883584 | EPS: 0.29 | Rew: 1.25 | FPS: 8911.4 | Var: ddqn
Step: 2884608 | EPS: 0.29 | Rew: 1.34 | FPS: 9576.0 | Var: ddqn
Step: 2885632 | EPS: 0.29 | Rew: 1.38 | FPS: 6709.6 | Var: ddqn
Step: 2886656 | EPS: 0.29 | Rew: 1.52 | FPS: 9677.0 | Var: ddqn
Step: 2887680 | EPS: 0.29 | Rew: 1.63 | FPS: 6331.9 | Var: ddqn
Step: 2888704 | EPS: 0.29 | Rew: 1.57 | FPS: 9755.9 | Var: ddqn
Step: 2889728 | EPS: 0.29 | Rew: 1.46 | FPS: 6606.7 | Var: ddqn
Step: 2890752 | EPS: 0.29 | Rew: 1.33 | FPS: 9161.9 | Var: ddqn
Step: 2891776 | EPS: 0.29 | Rew: 1.24 | FPS: 7914.9 | Var: ddqn
Step: 2892800 | EPS: 0.29 | Rew: 1.29 | FPS: 8437.5 | Var: ddqn
Step: 2893824 | EPS: 0.29 | Rew: 1.34 | FPS: 9323.9 | Var: ddqn
Step: 2894848 | EPS: 0.29 | Rew: 1.33 | FPS: 7805.3 | Var: ddqn
Step: 2895872 | EPS: 0.29 | Rew: 1.73 | FPS: 9317.8 | Var: ddqn
Step: 2896896 | EPS: 0.29 | Rew: 1.72 | FPS: 9302.3 | Var: ddqn
Step: 2897920 | EPS: 0.29 | Rew: 1.62 | FPS: 9573.1 | Var: ddqn
Step: 2898944 | EPS: 0.29 | Rew: 1.54 | FPS: 9332.7 | Var: ddqn
Step: 2899968 | EPS: 0.29 | Rew: 1.49 | FPS: 7259.1 | Var: ddqn
Step: 2900992 | EPS: 0.29 | Rew: 1.29 | FPS: 7657.9 | Var: ddqn
Step: 2902016 | EPS: 0.29 | Rew: 1.34 | FPS: 9135.1 | Var: ddqn
Step: 2903040 | EPS: 0.29 | Rew: 1.28 | FPS: 9422.7 | Var: ddqn
Step: 2904064 | EPS: 0.29 | Rew: 1.34 | FPS: 9569.6 | Var: ddqn
Step: 2905088 | EPS: 0.29 | Rew: 1.24 | FPS: 7656.0 | Var: ddqn
Step: 2906112 | EPS: 0.29 | Rew: 1.25 | FPS: 8964.6 | Var: ddqn
Step: 2907136 | EPS: 0.29 | Rew: 1.11 | FPS: 9217.5 | Var: ddqn
Step: 2908160 | EPS: 0.29 | Rew: 1.02 | FPS: 9318.8 | Var: ddqn
Step: 2909184 | EPS: 0.29 | Rew: 0.92 | FPS: 9135.4 | Var: ddqn
Step: 2910208 | EPS: 0.29 | Rew: 0.96 | FPS: 9497.5 | Var: ddqn
Step: 2911232 | EPS: 0.29 | Rew: 0.96 | FPS: 7505.3 | Var: ddqn
Step: 2912256 | EPS: 0.29 | Rew: 1.00 | FPS: 8420.8 | Var: ddqn
Step: 2913280 | EPS: 0.29 | Rew: 1.16 | FPS: 8172.7 | Var: ddqn
Step: 2914304 | EPS: 0.29 | Rew: 1.44 | FPS: 7453.5 | Var: ddqn
Step: 2915328 | EPS: 0.29 | Rew: 1.49 | FPS: 8787.4 | Var: ddqn
Step: 2916352 | EPS: 0.29 | Rew: 1.52 | FPS: 9124.9 | Var: ddqn
Step: 2917376 | EPS: 0.29 | Rew: 1.55 | FPS: 8763.6 | Var: ddqn
Step: 2918400 | EPS: 0.28 | Rew: 1.51 | FPS: 9499.3 | Var: ddqn
Step: 2919424 | EPS: 0.28 | Rew: 1.39 | FPS: 7737.4 | Var: ddqn
Step: 2920448 | EPS: 0.28 | Rew: 1.35 | FPS: 8896.5 | Var: ddqn
Step: 2921472 | EPS: 0.28 | Rew: 1.47 | FPS: 9121.4 | Var: ddqn
Step: 2922496 | EPS: 0.28 | Rew: 1.29 | FPS: 9222.7 | Var: ddqn
Step: 2923520 | EPS: 0.28 | Rew: 1.50 | FPS: 6179.9 | Var: ddqn
Step: 2924544 | EPS: 0.28 | Rew: 1.46 | FPS: 6920.4 | Var: ddqn
Step: 2925568 | EPS: 0.28 | Rew: 1.25 | FPS: 7439.6 | Var: ddqn
Step: 2926592 | EPS: 0.28 | Rew: 1.09 | FPS: 8723.0 | Var: ddqn
Step: 2927616 | EPS: 0.28 | Rew: 1.35 | FPS: 9425.3 | Var: ddqn
Step: 2928640 | EPS: 0.28 | Rew: 1.38 | FPS: 9430.5 | Var: ddqn
Step: 2929664 | EPS: 0.28 | Rew: 1.40 | FPS: 8465.4 | Var: ddqn
Step: 2930688 | EPS: 0.28 | Rew: 1.51 | FPS: 9299.4 | Var: ddqn
Step: 2931712 | EPS: 0.28 | Rew: 1.62 | FPS: 9115.0 | Var: ddqn
Step: 2932736 | EPS: 0.28 | Rew: 1.66 | FPS: 9502.1 | Var: ddqn
Step: 2933760 | EPS: 0.28 | Rew: 1.42 | FPS: 9351.2 | Var: ddqn
Step: 2934784 | EPS: 0.28 | Rew: 1.35 | FPS: 7897.4 | Var: ddqn
Step: 2935808 | EPS: 0.28 | Rew: 1.42 | FPS: 9146.4 | Var: ddqn
Step: 2936832 | EPS: 0.28 | Rew: 1.54 | FPS: 9314.4 | Var: ddqn
Step: 2937856 | EPS: 0.28 | Rew: 1.65 | FPS: 9232.0 | Var: ddqn
Step: 2938880 | EPS: 0.28 | Rew: 1.87 | FPS: 9395.8 | Var: ddqn
>>> [Best] Saved -> agent/checkpoints/ddqn_pretrain.pth | Rew 1.87
Step: 2939904 | EPS: 0.28 | Rew: 1.87 | FPS: 9168.4 | Var: ddqn
Step: 2940928 | EPS: 0.28 | Rew: 2.03 | FPS: 7085.4 | Var: ddqn
Step: 2941952 | EPS: 0.28 | Rew: 1.88 | FPS: 9098.0 | Var: ddqn
Step: 2942976 | EPS: 0.28 | Rew: 1.70 | FPS: 8928.7 | Var: ddqn
Step: 2944000 | EPS: 0.28 | Rew: 1.74 | FPS: 9447.1 | Var: ddqn
Step: 2945024 | EPS: 0.28 | Rew: 1.81 | FPS: 9381.5 | Var: ddqn
Step: 2946048 | EPS: 0.28 | Rew: 1.85 | FPS: 9093.4 | Var: ddqn
Step: 2947072 | EPS: 0.28 | Rew: 1.81 | FPS: 9264.3 | Var: ddqn
Step: 2948096 | EPS: 0.28 | Rew: 1.71 | FPS: 9546.4 | Var: ddqn
Step: 2949120 | EPS: 0.28 | Rew: 1.65 | FPS: 9115.4 | Var: ddqn
Step: 2950144 | EPS: 0.28 | Rew: 1.64 | FPS: 7885.6 | Var: ddqn
Step: 2951168 | EPS: 0.28 | Rew: 1.35 | FPS: 9070.9 | Var: ddqn
Step: 2952192 | EPS: 0.28 | Rew: 1.31 | FPS: 9136.9 | Var: ddqn
Step: 2953216 | EPS: 0.28 | Rew: 1.30 | FPS: 9173.4 | Var: ddqn
Step: 2954240 | EPS: 0.28 | Rew: 1.49 | FPS: 9081.9 | Var: ddqn
Step: 2955264 | EPS: 0.28 | Rew: 1.47 | FPS: 9430.3 | Var: ddqn
Step: 2956288 | EPS: 0.28 | Rew: 1.65 | FPS: 9399.3 | Var: ddqn
Step: 2957312 | EPS: 0.28 | Rew: 1.84 | FPS: 9303.3 | Var: ddqn
Step: 2958336 | EPS: 0.28 | Rew: 1.89 | FPS: 8517.8 | Var: ddqn
Step: 2959360 | EPS: 0.27 | Rew: 1.87 | FPS: 8509.6 | Var: ddqn
Step: 2960384 | EPS: 0.27 | Rew: 1.98 | FPS: 8595.7 | Var: ddqn
Step: 2961408 | EPS: 0.27 | Rew: 1.91 | FPS: 8594.1 | Var: ddqn
Step: 2962432 | EPS: 0.27 | Rew: 1.72 | FPS: 9317.6 | Var: ddqn
Step: 2963456 | EPS: 0.27 | Rew: 1.64 | FPS: 8860.4 | Var: ddqn
Step: 2964480 | EPS: 0.27 | Rew: 1.67 | FPS: 8878.0 | Var: ddqn
Step: 2965504 | EPS: 0.27 | Rew: 1.66 | FPS: 8038.0 | Var: ddqn
Step: 2966528 | EPS: 0.27 | Rew: 1.64 | FPS: 8967.8 | Var: ddqn
Step: 2967552 | EPS: 0.27 | Rew: 1.61 | FPS: 9092.0 | Var: ddqn
Step: 2968576 | EPS: 0.27 | Rew: 1.69 | FPS: 9561.3 | Var: ddqn
Step: 2969600 | EPS: 0.27 | Rew: 1.72 | FPS: 6538.8 | Var: ddqn
Step: 2970624 | EPS: 0.27 | Rew: 1.75 | FPS: 9328.5 | Var: ddqn
Step: 2971648 | EPS: 0.27 | Rew: 1.62 | FPS: 8310.7 | Var: ddqn
Step: 2972672 | EPS: 0.27 | Rew: 1.65 | FPS: 8995.5 | Var: ddqn
Step: 2973696 | EPS: 0.27 | Rew: 1.67 | FPS: 9190.2 | Var: ddqn
Step: 2974720 | EPS: 0.27 | Rew: 1.55 | FPS: 8842.1 | Var: ddqn
Step: 2975744 | EPS: 0.27 | Rew: 1.51 | FPS: 8986.1 | Var: ddqn
Step: 2976768 | EPS: 0.27 | Rew: 1.46 | FPS: 8568.9 | Var: ddqn
Step: 2977792 | EPS: 0.27 | Rew: 1.48 | FPS: 7238.4 | Var: ddqn
Step: 2978816 | EPS: 0.27 | Rew: 1.52 | FPS: 8164.9 | Var: ddqn
Step: 2979840 | EPS: 0.27 | Rew: 1.44 | FPS: 6662.3 | Var: ddqn
Step: 2980864 | EPS: 0.27 | Rew: 1.58 | FPS: 9058.3 | Var: ddqn
Step: 2981888 | EPS: 0.27 | Rew: 1.65 | FPS: 8619.5 | Var: ddqn
Step: 2982912 | EPS: 0.27 | Rew: 1.79 | FPS: 8776.5 | Var: ddqn
Step: 2983936 | EPS: 0.27 | Rew: 1.88 | FPS: 7697.7 | Var: ddqn
Step: 2984960 | EPS: 0.27 | Rew: 1.87 | FPS: 9291.1 | Var: ddqn
Step: 2985984 | EPS: 0.27 | Rew: 1.89 | FPS: 7892.1 | Var: ddqn
Step: 2987008 | EPS: 0.27 | Rew: 1.93 | FPS: 8428.2 | Var: ddqn
Step: 2988032 | EPS: 0.27 | Rew: 1.76 | FPS: 8799.6 | Var: ddqn
Step: 2989056 | EPS: 0.27 | Rew: 1.66 | FPS: 9241.4 | Var: ddqn
Step: 2990080 | EPS: 0.27 | Rew: 1.68 | FPS: 9151.0 | Var: ddqn
Step: 2991104 | EPS: 0.27 | Rew: 1.80 | FPS: 9437.5 | Var: ddqn
Step: 2992128 | EPS: 0.27 | Rew: 1.68 | FPS: 9305.1 | Var: ddqn
Step: 2993152 | EPS: 0.27 | Rew: 1.63 | FPS: 8608.8 | Var: ddqn
Step: 2994176 | EPS: 0.27 | Rew: 1.80 | FPS: 8937.1 | Var: ddqn
Step: 2995200 | EPS: 0.27 | Rew: 1.95 | FPS: 7415.8 | Var: ddqn
Step: 2996224 | EPS: 0.27 | Rew: 1.93 | FPS: 9396.4 | Var: ddqn
Step: 2997248 | EPS: 0.27 | Rew: 1.80 | FPS: 9194.3 | Var: ddqn
Step: 2998272 | EPS: 0.27 | Rew: 1.96 | FPS: 9171.4 | Var: ddqn
Step: 2999296 | EPS: 0.27 | Rew: 1.70 | FPS: 7962.3 | Var: ddqn
Step: 3000320 | EPS: 0.26 | Rew: 1.64 | FPS: 7603.9 | Var: ddqn
Step: 3001344 | EPS: 0.26 | Rew: 1.66 | FPS: 8709.5 | Var: ddqn
Step: 3002368 | EPS: 0.26 | Rew: 1.52 | FPS: 8868.2 | Var: ddqn
Step: 3003392 | EPS: 0.26 | Rew: 1.48 | FPS: 8911.2 | Var: ddqn
Step: 3004416 | EPS: 0.26 | Rew: 1.55 | FPS: 9392.4 | Var: ddqn
Step: 3005440 | EPS: 0.26 | Rew: 1.55 | FPS: 8658.6 | Var: ddqn
Step: 3006464 | EPS: 0.26 | Rew: 1.45 | FPS: 8529.0 | Var: ddqn
Step: 3007488 | EPS: 0.26 | Rew: 1.45 | FPS: 6359.4 | Var: ddqn
Step: 3008512 | EPS: 0.26 | Rew: 1.58 | FPS: 8531.2 | Var: ddqn
Step: 3009536 | EPS: 0.26 | Rew: 1.62 | FPS: 8932.5 | Var: ddqn
Step: 3010560 | EPS: 0.26 | Rew: 1.77 | FPS: 8824.0 | Var: ddqn
Step: 3011584 | EPS: 0.26 | Rew: 1.79 | FPS: 8991.2 | Var: ddqn
Step: 3012608 | EPS: 0.26 | Rew: 1.85 | FPS: 9088.0 | Var: ddqn
Step: 3013632 | EPS: 0.26 | Rew: 1.94 | FPS: 8961.5 | Var: ddqn
Step: 3014656 | EPS: 0.26 | Rew: 1.91 | FPS: 9086.0 | Var: ddqn
Step: 3015680 | EPS: 0.26 | Rew: 1.73 | FPS: 9181.1 | Var: ddqn
Step: 3016704 | EPS: 0.26 | Rew: 1.66 | FPS: 8836.6 | Var: ddqn
Step: 3017728 | EPS: 0.26 | Rew: 1.82 | FPS: 8172.5 | Var: ddqn
Step: 3018752 | EPS: 0.26 | Rew: 1.82 | FPS: 9137.1 | Var: ddqn
Step: 3019776 | EPS: 0.26 | Rew: 1.85 | FPS: 7896.2 | Var: ddqn
Step: 3020800 | EPS: 0.26 | Rew: 1.77 | FPS: 8347.7 | Var: ddqn
Step: 3021824 | EPS: 0.26 | Rew: 1.90 | FPS: 7844.1 | Var: ddqn
Step: 3022848 | EPS: 0.26 | Rew: 1.97 | FPS: 8630.1 | Var: ddqn
Step: 3023872 | EPS: 0.26 | Rew: 1.83 | FPS: 8823.8 | Var: ddqn
Step: 3024896 | EPS: 0.26 | Rew: 1.91 | FPS: 9129.3 | Var: ddqn
Step: 3025920 | EPS: 0.26 | Rew: 1.87 | FPS: 7643.2 | Var: ddqn
Step: 3026944 | EPS: 0.26 | Rew: 2.10 | FPS: 8902.5 | Var: ddqn
Step: 3027968 | EPS: 0.26 | Rew: 2.07 | FPS: 9153.5 | Var: ddqn
Step: 3028992 | EPS: 0.26 | Rew: 1.98 | FPS: 8467.8 | Var: ddqn
Step: 3030016 | EPS: 0.26 | Rew: 2.03 | FPS: 8879.5 | Var: ddqn
Step: 3031040 | EPS: 0.26 | Rew: 1.90 | FPS: 7777.3 | Var: ddqn
Step: 3032064 | EPS: 0.26 | Rew: 2.00 | FPS: 8795.0 | Var: ddqn
Step: 3033088 | EPS: 0.26 | Rew: 1.64 | FPS: 8899.7 | Var: ddqn
Step: 3034112 | EPS: 0.26 | Rew: 1.73 | FPS: 9456.7 | Var: ddqn
Step: 3035136 | EPS: 0.26 | Rew: 1.59 | FPS: 9043.0 | Var: ddqn
Step: 3036160 | EPS: 0.26 | Rew: 1.51 | FPS: 8767.3 | Var: ddqn
Step: 3037184 | EPS: 0.26 | Rew: 1.56 | FPS: 9371.8 | Var: ddqn
Step: 3038208 | EPS: 0.26 | Rew: 1.73 | FPS: 9253.5 | Var: ddqn
Step: 3039232 | EPS: 0.26 | Rew: 1.68 | FPS: 9255.2 | Var: ddqn
Step: 3040256 | EPS: 0.26 | Rew: 1.99 | FPS: 9139.8 | Var: ddqn
Step: 3041280 | EPS: 0.25 | Rew: 1.85 | FPS: 9543.9 | Var: ddqn
Step: 3042304 | EPS: 0.25 | Rew: 1.91 | FPS: 9649.0 | Var: ddqn
Step: 3043328 | EPS: 0.25 | Rew: 2.03 | FPS: 9112.3 | Var: ddqn
Step: 3044352 | EPS: 0.25 | Rew: 1.82 | FPS: 9052.2 | Var: ddqn
Step: 3045376 | EPS: 0.25 | Rew: 1.75 | FPS: 9072.1 | Var: ddqn
Step: 3046400 | EPS: 0.25 | Rew: 1.70 | FPS: 9258.1 | Var: ddqn
Step: 3047424 | EPS: 0.25 | Rew: 1.86 | FPS: 7418.9 | Var: ddqn
Step: 3048448 | EPS: 0.25 | Rew: 1.90 | FPS: 8383.6 | Var: ddqn
Step: 3049472 | EPS: 0.25 | Rew: 1.81 | FPS: 9350.6 | Var: ddqn
Step: 3050496 | EPS: 0.25 | Rew: 1.89 | FPS: 9174.4 | Var: ddqn
Step: 3051520 | EPS: 0.25 | Rew: 1.68 | FPS: 9329.8 | Var: ddqn
Step: 3052544 | EPS: 0.25 | Rew: 1.87 | FPS: 9306.9 | Var: ddqn
Step: 3053568 | EPS: 0.25 | Rew: 1.63 | FPS: 9688.7 | Var: ddqn
Step: 3054592 | EPS: 0.25 | Rew: 1.62 | FPS: 9320.4 | Var: ddqn
Step: 3055616 | EPS: 0.25 | Rew: 1.78 | FPS: 9586.2 | Var: ddqn
Step: 3056640 | EPS: 0.25 | Rew: 1.77 | FPS: 8561.0 | Var: ddqn
Step: 3057664 | EPS: 0.25 | Rew: 1.60 | FPS: 7248.3 | Var: ddqn
Step: 3058688 | EPS: 0.25 | Rew: 1.75 | FPS: 10787.3 | Var: ddqn
Step: 3059712 | EPS: 0.25 | Rew: 1.87 | FPS: 10586.2 | Var: ddqn
Step: 3060736 | EPS: 0.25 | Rew: 1.85 | FPS: 10348.3 | Var: ddqn
Step: 3061760 | EPS: 0.25 | Rew: 1.83 | FPS: 10378.0 | Var: ddqn
Step: 3062784 | EPS: 0.25 | Rew: 2.06 | FPS: 10092.0 | Var: ddqn
Step: 3063808 | EPS: 0.25 | Rew: 2.25 | FPS: 11743.2 | Var: ddqn
Step: 3064832 | EPS: 0.25 | Rew: 2.08 | FPS: 10014.1 | Var: ddqn
Step: 3065856 | EPS: 0.25 | Rew: 1.93 | FPS: 10649.7 | Var: ddqn
Step: 3066880 | EPS: 0.25 | Rew: 1.89 | FPS: 11411.6 | Var: ddqn
Step: 3067904 | EPS: 0.25 | Rew: 1.74 | FPS: 8011.2 | Var: ddqn
Step: 3068928 | EPS: 0.25 | Rew: 1.71 | FPS: 9481.6 | Var: ddqn
Step: 3069952 | EPS: 0.25 | Rew: 1.75 | FPS: 8476.9 | Var: ddqn
Step: 3070976 | EPS: 0.25 | Rew: 1.92 | FPS: 8918.2 | Var: ddqn
Step: 3072000 | EPS: 0.25 | Rew: 2.04 | FPS: 7976.0 | Var: ddqn
Step: 3073024 | EPS: 0.25 | Rew: 2.30 | FPS: 9140.3 | Var: ddqn
Step: 3074048 | EPS: 0.25 | Rew: 2.29 | FPS: 9228.7 | Var: ddqn
Step: 3075072 | EPS: 0.25 | Rew: 2.44 | FPS: 9139.9 | Var: ddqn
>>> [Best] Saved -> agent/checkpoints/ddqn_pretrain.pth | Rew 2.44
Step: 3076096 | EPS: 0.25 | Rew: 2.40 | FPS: 6475.6 | Var: ddqn
Step: 3077120 | EPS: 0.25 | Rew: 2.47 | FPS: 7639.4 | Var: ddqn
Step: 3078144 | EPS: 0.25 | Rew: 2.47 | FPS: 8685.9 | Var: ddqn
Step: 3079168 | EPS: 0.25 | Rew: 2.43 | FPS: 9001.0 | Var: ddqn
Step: 3080192 | EPS: 0.25 | Rew: 2.58 | FPS: 7789.7 | Var: ddqn
Step: 3081216 | EPS: 0.25 | Rew: 2.64 | FPS: 6406.7 | Var: ddqn
Step: 3082240 | EPS: 0.24 | Rew: 2.54 | FPS: 8748.4 | Var: ddqn
Step: 3083264 | EPS: 0.24 | Rew: 2.38 | FPS: 9206.0 | Var: ddqn
Step: 3084288 | EPS: 0.24 | Rew: 2.29 | FPS: 9390.6 | Var: ddqn
Step: 3085312 | EPS: 0.24 | Rew: 2.25 | FPS: 9452.7 | Var: ddqn
Step: 3086336 | EPS: 0.24 | Rew: 2.32 | FPS: 8768.8 | Var: ddqn
Step: 3087360 | EPS: 0.24 | Rew: 2.11 | FPS: 9456.9 | Var: ddqn
Step: 3088384 | EPS: 0.24 | Rew: 2.10 | FPS: 9049.8 | Var: ddqn
Step: 3089408 | EPS: 0.24 | Rew: 2.14 | FPS: 8550.6 | Var: ddqn
Step: 3090432 | EPS: 0.24 | Rew: 2.21 | FPS: 7722.7 | Var: ddqn
Step: 3091456 | EPS: 0.24 | Rew: 2.29 | FPS: 9069.2 | Var: ddqn
Step: 3092480 | EPS: 0.24 | Rew: 2.24 | FPS: 8004.1 | Var: ddqn
Step: 3093504 | EPS: 0.24 | Rew: 2.19 | FPS: 8752.1 | Var: ddqn
Step: 3094528 | EPS: 0.24 | Rew: 2.19 | FPS: 6851.9 | Var: ddqn
Step: 3095552 | EPS: 0.24 | Rew: 2.07 | FPS: 7906.6 | Var: ddqn
Step: 3096576 | EPS: 0.24 | Rew: 2.29 | FPS: 6652.5 | Var: ddqn
Step: 3097600 | EPS: 0.24 | Rew: 2.22 | FPS: 8097.6 | Var: ddqn
Step: 3098624 | EPS: 0.24 | Rew: 2.12 | FPS: 8445.2 | Var: ddqn
Step: 3099648 | EPS: 0.24 | Rew: 2.37 | FPS: 9233.4 | Var: ddqn
Step: 3100672 | EPS: 0.24 | Rew: 2.55 | FPS: 8645.3 | Var: ddqn
Step: 3101696 | EPS: 0.24 | Rew: 2.77 | FPS: 9110.2 | Var: ddqn
Step: 3102720 | EPS: 0.24 | Rew: 2.80 | FPS: 7014.2 | Var: ddqn
Step: 3103744 | EPS: 0.24 | Rew: 2.51 | FPS: 7262.5 | Var: ddqn
Step: 3104768 | EPS: 0.24 | Rew: 2.51 | FPS: 8621.0 | Var: ddqn
Step: 3105792 | EPS: 0.24 | Rew: 2.62 | FPS: 8929.4 | Var: ddqn
Step: 3106816 | EPS: 0.24 | Rew: 2.55 | FPS: 7492.9 | Var: ddqn
Step: 3107840 | EPS: 0.24 | Rew: 2.53 | FPS: 8347.7 | Var: ddqn
Step: 3108864 | EPS: 0.24 | Rew: 2.20 | FPS: 9101.5 | Var: ddqn
Step: 3109888 | EPS: 0.24 | Rew: 2.43 | FPS: 7132.2 | Var: ddqn
Step: 3110912 | EPS: 0.24 | Rew: 2.60 | FPS: 9384.9 | Var: ddqn
Step: 3111936 | EPS: 0.24 | Rew: 2.51 | FPS: 9186.9 | Var: ddqn
Step: 3112960 | EPS: 0.24 | Rew: 2.51 | FPS: 7721.2 | Var: ddqn
Step: 3113984 | EPS: 0.24 | Rew: 2.25 | FPS: 10926.7 | Var: ddqn
Step: 3115008 | EPS: 0.24 | Rew: 2.72 | FPS: 9161.3 | Var: ddqn
Step: 3116032 | EPS: 0.24 | Rew: 2.77 | FPS: 8539.2 | Var: ddqn
Step: 3117056 | EPS: 0.24 | Rew: 2.76 | FPS: 9313.7 | Var: ddqn
Step: 3118080 | EPS: 0.24 | Rew: 2.65 | FPS: 9204.9 | Var: ddqn
Step: 3119104 | EPS: 0.24 | Rew: 2.67 | FPS: 9136.8 | Var: ddqn
Step: 3120128 | EPS: 0.24 | Rew: 2.64 | FPS: 9330.5 | Var: ddqn
Step: 3121152 | EPS: 0.24 | Rew: 2.53 | FPS: 8937.0 | Var: ddqn
Step: 3122176 | EPS: 0.24 | Rew: 2.23 | FPS: 9061.8 | Var: ddqn
Step: 3123200 | EPS: 0.23 | Rew: 1.90 | FPS: 9308.0 | Var: ddqn
Step: 3124224 | EPS: 0.23 | Rew: 2.03 | FPS: 9253.3 | Var: ddqn
Step: 3125248 | EPS: 0.23 | Rew: 1.99 | FPS: 9294.8 | Var: ddqn
Step: 3126272 | EPS: 0.23 | Rew: 1.77 | FPS: 9448.1 | Var: ddqn
Step: 3127296 | EPS: 0.23 | Rew: 1.68 | FPS: 8884.7 | Var: ddqn
Step: 3128320 | EPS: 0.23 | Rew: 1.81 | FPS: 9206.8 | Var: ddqn
Step: 3129344 | EPS: 0.23 | Rew: 1.70 | FPS: 9551.2 | Var: ddqn
Step: 3130368 | EPS: 0.23 | Rew: 1.66 | FPS: 9069.2 | Var: ddqn
Step: 3131392 | EPS: 0.23 | Rew: 1.61 | FPS: 8809.8 | Var: ddqn
Step: 3132416 | EPS: 0.23 | Rew: 1.77 | FPS: 8088.1 | Var: ddqn
Step: 3133440 | EPS: 0.23 | Rew: 1.67 | FPS: 9076.2 | Var: ddqn
Step: 3134464 | EPS: 0.23 | Rew: 1.52 | FPS: 9636.6 | Var: ddqn
Step: 3135488 | EPS: 0.23 | Rew: 1.54 | FPS: 9350.0 | Var: ddqn
Step: 3136512 | EPS: 0.23 | Rew: 1.76 | FPS: 6805.2 | Var: ddqn
Step: 3137536 | EPS: 0.23 | Rew: 1.74 | FPS: 6734.8 | Var: ddqn
Step: 3138560 | EPS: 0.23 | Rew: 1.84 | FPS: 8398.2 | Var: ddqn
Step: 3139584 | EPS: 0.23 | Rew: 1.93 | FPS: 7527.7 | Var: ddqn
Step: 3140608 | EPS: 0.23 | Rew: 2.11 | FPS: 9349.3 | Var: ddqn
Step: 3141632 | EPS: 0.23 | Rew: 2.11 | FPS: 8909.5 | Var: ddqn
Step: 3142656 | EPS: 0.23 | Rew: 2.03 | FPS: 7932.3 | Var: ddqn
Step: 3143680 | EPS: 0.23 | Rew: 2.23 | FPS: 7863.2 | Var: ddqn
Step: 3144704 | EPS: 0.23 | Rew: 2.13 | FPS: 8449.3 | Var: ddqn
Step: 3145728 | EPS: 0.23 | Rew: 2.22 | FPS: 9026.8 | Var: ddqn
Step: 3146752 | EPS: 0.23 | Rew: 2.19 | FPS: 8498.1 | Var: ddqn
Step: 3147776 | EPS: 0.23 | Rew: 2.25 | FPS: 9390.1 | Var: ddqn
Step: 3148800 | EPS: 0.23 | Rew: 2.34 | FPS: 6955.2 | Var: ddqn
Step: 3149824 | EPS: 0.23 | Rew: 2.29 | FPS: 8952.8 | Var: ddqn
Step: 3150848 | EPS: 0.23 | Rew: 2.14 | FPS: 8620.8 | Var: ddqn
Step: 3151872 | EPS: 0.23 | Rew: 2.26 | FPS: 9232.0 | Var: ddqn
Step: 3152896 | EPS: 0.23 | Rew: 2.34 | FPS: 9058.7 | Var: ddqn
Step: 3153920 | EPS: 0.23 | Rew: 2.33 | FPS: 7869.0 | Var: ddqn
Step: 3154944 | EPS: 0.23 | Rew: 2.52 | FPS: 9585.0 | Var: ddqn
Step: 3155968 | EPS: 0.23 | Rew: 2.38 | FPS: 9259.0 | Var: ddqn
Step: 3156992 | EPS: 0.23 | Rew: 2.58 | FPS: 7266.6 | Var: ddqn
Step: 3158016 | EPS: 0.23 | Rew: 2.64 | FPS: 7383.6 | Var: ddqn
Step: 3159040 | EPS: 0.23 | Rew: 2.64 | FPS: 7772.5 | Var: ddqn
Step: 3160064 | EPS: 0.23 | Rew: 2.63 | FPS: 9112.4 | Var: ddqn
Step: 3161088 | EPS: 0.23 | Rew: 2.42 | FPS: 9281.5 | Var: ddqn
Step: 3162112 | EPS: 0.23 | Rew: 2.32 | FPS: 8849.2 | Var: ddqn
Step: 3163136 | EPS: 0.23 | Rew: 2.14 | FPS: 9259.3 | Var: ddqn
Step: 3164160 | EPS: 0.22 | Rew: 2.11 | FPS: 9440.0 | Var: ddqn
Step: 3165184 | EPS: 0.22 | Rew: 2.06 | FPS: 9272.6 | Var: ddqn
Step: 3166208 | EPS: 0.22 | Rew: 1.96 | FPS: 9036.0 | Var: ddqn
Step: 3167232 | EPS: 0.22 | Rew: 2.04 | FPS: 8906.5 | Var: ddqn
Step: 3168256 | EPS: 0.22 | Rew: 2.22 | FPS: 9139.4 | Var: ddqn
Step: 3169280 | EPS: 0.22 | Rew: 2.32 | FPS: 8913.9 | Var: ddqn
Step: 3170304 | EPS: 0.22 | Rew: 2.37 | FPS: 9603.5 | Var: ddqn
Step: 3171328 | EPS: 0.22 | Rew: 2.26 | FPS: 9275.6 | Var: ddqn
Step: 3172352 | EPS: 0.22 | Rew: 2.24 | FPS: 9272.1 | Var: ddqn
Step: 3173376 | EPS: 0.22 | Rew: 2.04 | FPS: 8843.7 | Var: ddqn
Step: 3174400 | EPS: 0.22 | Rew: 2.12 | FPS: 7857.8 | Var: ddqn
Step: 3175424 | EPS: 0.22 | Rew: 2.26 | FPS: 7478.1 | Var: ddqn
Step: 3176448 | EPS: 0.22 | Rew: 2.14 | FPS: 9341.6 | Var: ddqn
Step: 3177472 | EPS: 0.22 | Rew: 2.18 | FPS: 7342.1 | Var: ddqn
Step: 3178496 | EPS: 0.22 | Rew: 2.20 | FPS: 8877.7 | Var: ddqn
Step: 3179520 | EPS: 0.22 | Rew: 2.11 | FPS: 9280.2 | Var: ddqn
Step: 3180544 | EPS: 0.22 | Rew: 2.13 | FPS: 9232.0 | Var: ddqn
Step: 3181568 | EPS: 0.22 | Rew: 1.96 | FPS: 9250.7 | Var: ddqn
Step: 3182592 | EPS: 0.22 | Rew: 2.05 | FPS: 8799.2 | Var: ddqn
Step: 3183616 | EPS: 0.22 | Rew: 2.02 | FPS: 8414.1 | Var: ddqn
Step: 3184640 | EPS: 0.22 | Rew: 2.22 | FPS: 9560.7 | Var: ddqn
Step: 3185664 | EPS: 0.22 | Rew: 2.19 | FPS: 7499.7 | Var: ddqn
Step: 3186688 | EPS: 0.22 | Rew: 2.45 | FPS: 7362.6 | Var: ddqn
Step: 3187712 | EPS: 0.22 | Rew: 2.68 | FPS: 8977.7 | Var: ddqn
Step: 3188736 | EPS: 0.22 | Rew: 2.71 | FPS: 9321.8 | Var: ddqn
Step: 3189760 | EPS: 0.22 | Rew: 2.56 | FPS: 8887.3 | Var: ddqn
Step: 3190784 | EPS: 0.22 | Rew: 2.41 | FPS: 9077.0 | Var: ddqn
Step: 3191808 | EPS: 0.22 | Rew: 2.45 | FPS: 9323.2 | Var: ddqn
Step: 3192832 | EPS: 0.22 | Rew: 2.40 | FPS: 9391.4 | Var: ddqn
Step: 3193856 | EPS: 0.22 | Rew: 2.41 | FPS: 8835.8 | Var: ddqn
Step: 3194880 | EPS: 0.22 | Rew: 2.55 | FPS: 9004.3 | Var: ddqn
Step: 3195904 | EPS: 0.22 | Rew: 2.62 | FPS: 7719.0 | Var: ddqn
Step: 3196928 | EPS: 0.22 | Rew: 2.83 | FPS: 9127.4 | Var: ddqn
Step: 3197952 | EPS: 0.22 | Rew: 2.99 | FPS: 9208.9 | Var: ddqn
>>> [Best] Saved -> agent/checkpoints/ddqn_pretrain.pth | Rew 2.99
Step: 3198976 | EPS: 0.22 | Rew: 2.75 | FPS: 9279.5 | Var: ddqn
Step: 3200000 | EPS: 0.22 | Rew: 2.61 | FPS: 9080.0 | Var: ddqn
Step: 3201024 | EPS: 0.22 | Rew: 2.28 | FPS: 9393.1 | Var: ddqn
Step: 3202048 | EPS: 0.22 | Rew: 2.10 | FPS: 8952.8 | Var: ddqn
Step: 3203072 | EPS: 0.22 | Rew: 2.28 | FPS: 9288.0 | Var: ddqn
Step: 3204096 | EPS: 0.21 | Rew: 2.16 | FPS: 8576.9 | Var: ddqn
Step: 3205120 | EPS: 0.21 | Rew: 2.17 | FPS: 7715.8 | Var: ddqn
Step: 3206144 | EPS: 0.21 | Rew: 2.23 | FPS: 8917.9 | Var: ddqn
Step: 3207168 | EPS: 0.21 | Rew: 2.16 | FPS: 8701.6 | Var: ddqn
Step: 3208192 | EPS: 0.21 | Rew: 2.33 | FPS: 6977.4 | Var: ddqn
Step: 3209216 | EPS: 0.21 | Rew: 2.36 | FPS: 8868.4 | Var: ddqn
Step: 3210240 | EPS: 0.21 | Rew: 2.34 | FPS: 8161.3 | Var: ddqn
Step: 3211264 | EPS: 0.21 | Rew: 2.24 | FPS: 7206.0 | Var: ddqn
Step: 3212288 | EPS: 0.21 | Rew: 2.29 | FPS: 7304.8 | Var: ddqn
Step: 3213312 | EPS: 0.21 | Rew: 2.20 | FPS: 9143.7 | Var: ddqn
Step: 3214336 | EPS: 0.21 | Rew: 2.49 | FPS: 7748.8 | Var: ddqn
Step: 3215360 | EPS: 0.21 | Rew: 2.49 | FPS: 6797.5 | Var: ddqn
Step: 3216384 | EPS: 0.21 | Rew: 2.70 | FPS: 7258.9 | Var: ddqn
Step: 3217408 | EPS: 0.21 | Rew: 2.67 | FPS: 6930.3 | Var: ddqn
Step: 3218432 | EPS: 0.21 | Rew: 2.95 | FPS: 6879.2 | Var: ddqn
Step: 3219456 | EPS: 0.21 | Rew: 3.09 | FPS: 6832.4 | Var: ddqn
Step: 3220480 | EPS: 0.21 | Rew: 3.06 | FPS: 4769.7 | Var: ddqn
Step: 3221504 | EPS: 0.21 | Rew: 3.22 | FPS: 8682.1 | Var: ddqn
Step: 3222528 | EPS: 0.21 | Rew: 2.94 | FPS: 7896.0 | Var: ddqn
Step: 3223552 | EPS: 0.21 | Rew: 2.79 | FPS: 9141.2 | Var: ddqn
Step: 3224576 | EPS: 0.21 | Rew: 2.68 | FPS: 8944.1 | Var: ddqn
Step: 3225600 | EPS: 0.21 | Rew: 2.77 | FPS: 8648.3 | Var: ddqn
Step: 3226624 | EPS: 0.21 | Rew: 2.60 | FPS: 6669.0 | Var: ddqn
Step: 3227648 | EPS: 0.21 | Rew: 2.31 | FPS: 9190.5 | Var: ddqn
Step: 3228672 | EPS: 0.21 | Rew: 2.57 | FPS: 8663.7 | Var: ddqn
Step: 3229696 | EPS: 0.21 | Rew: 2.58 | FPS: 9412.8 | Var: ddqn
Step: 3230720 | EPS: 0.21 | Rew: 2.71 | FPS: 8869.8 | Var: ddqn
Step: 3231744 | EPS: 0.21 | Rew: 2.67 | FPS: 9428.3 | Var: ddqn
Step: 3232768 | EPS: 0.21 | Rew: 2.55 | FPS: 9233.4 | Var: ddqn
Step: 3233792 | EPS: 0.21 | Rew: 2.89 | FPS: 9284.3 | Var: ddqn
Step: 3234816 | EPS: 0.21 | Rew: 2.94 | FPS: 9254.4 | Var: ddqn
Step: 3235840 | EPS: 0.21 | Rew: 2.87 | FPS: 9385.5 | Var: ddqn
Step: 3236864 | EPS: 0.21 | Rew: 2.83 | FPS: 7493.3 | Var: ddqn
Step: 3237888 | EPS: 0.21 | Rew: 2.70 | FPS: 9460.0 | Var: ddqn
Step: 3238912 | EPS: 0.21 | Rew: 2.60 | FPS: 8990.3 | Var: ddqn
Step: 3239936 | EPS: 0.21 | Rew: 2.57 | FPS: 9290.4 | Var: ddqn
Step: 3240960 | EPS: 0.21 | Rew: 2.47 | FPS: 9302.6 | Var: ddqn
Step: 3241984 | EPS: 0.21 | Rew: 2.33 | FPS: 9708.5 | Var: ddqn
Step: 3243008 | EPS: 0.21 | Rew: 2.32 | FPS: 9529.7 | Var: ddqn
Step: 3244032 | EPS: 0.21 | Rew: 2.52 | FPS: 9049.1 | Var: ddqn
Step: 3245056 | EPS: 0.20 | Rew: 2.59 | FPS: 9268.8 | Var: ddqn
Step: 3246080 | EPS: 0.20 | Rew: 2.71 | FPS: 9037.9 | Var: ddqn
Step: 3247104 | EPS: 0.20 | Rew: 2.84 | FPS: 7130.1 | Var: ddqn
Step: 3248128 | EPS: 0.20 | Rew: 2.89 | FPS: 8710.9 | Var: ddqn
Step: 3249152 | EPS: 0.20 | Rew: 2.66 | FPS: 9143.6 | Var: ddqn
Step: 3250176 | EPS: 0.20 | Rew: 2.50 | FPS: 9476.7 | Var: ddqn
Step: 3251200 | EPS: 0.20 | Rew: 2.38 | FPS: 9029.9 | Var: ddqn
Step: 3252224 | EPS: 0.20 | Rew: 2.28 | FPS: 6993.9 | Var: ddqn
Step: 3253248 | EPS: 0.20 | Rew: 2.26 | FPS: 9180.5 | Var: ddqn
Step: 3254272 | EPS: 0.20 | Rew: 2.04 | FPS: 7381.0 | Var: ddqn
Step: 3255296 | EPS: 0.20 | Rew: 2.13 | FPS: 9097.4 | Var: ddqn
Step: 3256320 | EPS: 0.20 | Rew: 2.09 | FPS: 9211.8 | Var: ddqn
Step: 3257344 | EPS: 0.20 | Rew: 2.34 | FPS: 8636.2 | Var: ddqn
Step: 3258368 | EPS: 0.20 | Rew: 2.60 | FPS: 8005.6 | Var: ddqn
Step: 3259392 | EPS: 0.20 | Rew: 2.80 | FPS: 7666.5 | Var: ddqn
Step: 3260416 | EPS: 0.20 | Rew: 2.92 | FPS: 9409.2 | Var: ddqn
Step: 3261440 | EPS: 0.20 | Rew: 2.89 | FPS: 9518.7 | Var: ddqn
Step: 3262464 | EPS: 0.20 | Rew: 2.90 | FPS: 9538.3 | Var: ddqn
Step: 3263488 | EPS: 0.20 | Rew: 2.67 | FPS: 6669.4 | Var: ddqn
Step: 3264512 | EPS: 0.20 | Rew: 2.70 | FPS: 7803.0 | Var: ddqn
Step: 3265536 | EPS: 0.20 | Rew: 2.66 | FPS: 7273.5 | Var: ddqn
Step: 3266560 | EPS: 0.20 | Rew: 2.73 | FPS: 7174.4 | Var: ddqn
Step: 3267584 | EPS: 0.20 | Rew: 2.69 | FPS: 8971.6 | Var: ddqn
Step: 3268608 | EPS: 0.20 | Rew: 2.75 | FPS: 9511.5 | Var: ddqn
Step: 3269632 | EPS: 0.20 | Rew: 2.83 | FPS: 9773.0 | Var: ddqn
Step: 3270656 | EPS: 0.20 | Rew: 3.05 | FPS: 7101.1 | Var: ddqn
Step: 3271680 | EPS: 0.20 | Rew: 3.03 | FPS: 8854.7 | Var: ddqn
Step: 3272704 | EPS: 0.20 | Rew: 2.82 | FPS: 7760.5 | Var: ddqn
Step: 3273728 | EPS: 0.20 | Rew: 2.85 | FPS: 8629.4 | Var: ddqn
Step: 3274752 | EPS: 0.20 | Rew: 2.67 | FPS: 9829.3 | Var: ddqn
Step: 3275776 | EPS: 0.20 | Rew: 2.64 | FPS: 10919.9 | Var: ddqn
Step: 3276800 | EPS: 0.20 | Rew: 2.62 | FPS: 11512.2 | Var: ddqn
Step: 3277824 | EPS: 0.20 | Rew: 2.64 | FPS: 7801.5 | Var: ddqn
Step: 3278848 | EPS: 0.20 | Rew: 2.83 | FPS: 9076.3 | Var: ddqn
Step: 3279872 | EPS: 0.20 | Rew: 2.79 | FPS: 9437.3 | Var: ddqn
Step: 3280896 | EPS: 0.20 | Rew: 2.72 | FPS: 8920.3 | Var: ddqn
Step: 3281920 | EPS: 0.20 | Rew: 2.77 | FPS: 9091.2 | Var: ddqn
Step: 3282944 | EPS: 0.20 | Rew: 3.10 | FPS: 9139.7 | Var: ddqn
Step: 3283968 | EPS: 0.20 | Rew: 2.92 | FPS: 7987.5 | Var: ddqn
Step: 3284992 | EPS: 0.20 | Rew: 2.73 | FPS: 9123.3 | Var: ddqn
Step: 3286016 | EPS: 0.19 | Rew: 2.81 | FPS: 9400.6 | Var: ddqn
Step: 3287040 | EPS: 0.19 | Rew: 2.79 | FPS: 7384.3 | Var: ddqn
Step: 3288064 | EPS: 0.19 | Rew: 2.80 | FPS: 9293.5 | Var: ddqn
Step: 3289088 | EPS: 0.19 | Rew: 2.94 | FPS: 8382.5 | Var: ddqn
Step: 3290112 | EPS: 0.19 | Rew: 2.72 | FPS: 9256.5 | Var: ddqn
Step: 3291136 | EPS: 0.19 | Rew: 2.91 | FPS: 9209.5 | Var: ddqn
Step: 3292160 | EPS: 0.19 | Rew: 2.74 | FPS: 9214.9 | Var: ddqn
Step: 3293184 | EPS: 0.19 | Rew: 2.56 | FPS: 8262.7 | Var: ddqn
Step: 3294208 | EPS: 0.19 | Rew: 2.82 | FPS: 9021.4 | Var: ddqn
Step: 3295232 | EPS: 0.19 | Rew: 2.79 | FPS: 9181.3 | Var: ddqn
Step: 3296256 | EPS: 0.19 | Rew: 2.69 | FPS: 9059.3 | Var: ddqn
Step: 3297280 | EPS: 0.19 | Rew: 2.56 | FPS: 9585.3 | Var: ddqn
Step: 3298304 | EPS: 0.19 | Rew: 2.68 | FPS: 9194.0 | Var: ddqn
Step: 3299328 | EPS: 0.19 | Rew: 2.83 | FPS: 9183.2 | Var: ddqn
Step: 3300352 | EPS: 0.19 | Rew: 2.98 | FPS: 9358.8 | Var: ddqn
Step: 3301376 | EPS: 0.19 | Rew: 2.63 | FPS: 8188.9 | Var: ddqn
Step: 3302400 | EPS: 0.19 | Rew: 2.73 | FPS: 8862.3 | Var: ddqn
Step: 3303424 | EPS: 0.19 | Rew: 2.62 | FPS: 9288.1 | Var: ddqn
Step: 3304448 | EPS: 0.19 | Rew: 2.67 | FPS: 9123.6 | Var: ddqn
Step: 3305472 | EPS: 0.19 | Rew: 2.55 | FPS: 9173.0 | Var: ddqn
Step: 3306496 | EPS: 0.19 | Rew: 2.66 | FPS: 7828.3 | Var: ddqn
Step: 3307520 | EPS: 0.19 | Rew: 2.62 | FPS: 9676.3 | Var: ddqn
Step: 3308544 | EPS: 0.19 | Rew: 2.74 | FPS: 8326.8 | Var: ddqn
Step: 3309568 | EPS: 0.19 | Rew: 2.78 | FPS: 9013.8 | Var: ddqn
Step: 3310592 | EPS: 0.19 | Rew: 2.84 | FPS: 8875.0 | Var: ddqn
Step: 3311616 | EPS: 0.19 | Rew: 2.89 | FPS: 9050.3 | Var: ddqn
Step: 3312640 | EPS: 0.19 | Rew: 2.70 | FPS: 9122.5 | Var: ddqn
Step: 3313664 | EPS: 0.19 | Rew: 2.71 | FPS: 9242.0 | Var: ddqn
Step: 3314688 | EPS: 0.19 | Rew: 2.71 | FPS: 9152.2 | Var: ddqn
Step: 3315712 | EPS: 0.19 | Rew: 2.59 | FPS: 9411.7 | Var: ddqn
Step: 3316736 | EPS: 0.19 | Rew: 2.63 | FPS: 9534.5 | Var: ddqn
Step: 3317760 | EPS: 0.19 | Rew: 3.07 | FPS: 9288.2 | Var: ddqn
Step: 3318784 | EPS: 0.19 | Rew: 3.33 | FPS: 6766.9 | Var: ddqn
Step: 3319808 | EPS: 0.19 | Rew: 3.29 | FPS: 7489.2 | Var: ddqn
Step: 3320832 | EPS: 0.19 | Rew: 3.19 | FPS: 6286.7 | Var: ddqn
Step: 3321856 | EPS: 0.19 | Rew: 3.29 | FPS: 7533.2 | Var: ddqn
Step: 3322880 | EPS: 0.19 | Rew: 3.55 | FPS: 9135.3 | Var: ddqn
>>> [Best] Saved -> agent/checkpoints/ddqn_pretrain.pth | Rew 3.55
Step: 3323904 | EPS: 0.19 | Rew: 3.46 | FPS: 9271.8 | Var: ddqn
Step: 3324928 | EPS: 0.19 | Rew: 3.14 | FPS: 9565.1 | Var: ddqn
Step: 3325952 | EPS: 0.19 | Rew: 2.91 | FPS: 9049.8 | Var: ddqn
Step: 3326976 | EPS: 0.18 | Rew: 2.60 | FPS: 9451.4 | Var: ddqn
Step: 3328000 | EPS: 0.18 | Rew: 2.77 | FPS: 9018.1 | Var: ddqn
Step: 3329024 | EPS: 0.18 | Rew: 2.90 | FPS: 8658.2 | Var: ddqn
Step: 3330048 | EPS: 0.18 | Rew: 2.61 | FPS: 9054.5 | Var: ddqn
Step: 3331072 | EPS: 0.18 | Rew: 2.43 | FPS: 9233.9 | Var: ddqn
Step: 3332096 | EPS: 0.18 | Rew: 2.59 | FPS: 7260.7 | Var: ddqn
Step: 3333120 | EPS: 0.18 | Rew: 2.55 | FPS: 9027.1 | Var: ddqn
Step: 3334144 | EPS: 0.18 | Rew: 3.25 | FPS: 7331.3 | Var: ddqn
Step: 3335168 | EPS: 0.18 | Rew: 3.53 | FPS: 8630.8 | Var: ddqn
Step: 3336192 | EPS: 0.18 | Rew: 3.55 | FPS: 8971.3 | Var: ddqn
Step: 3337216 | EPS: 0.18 | Rew: 3.79 | FPS: 8920.0 | Var: ddqn
Step: 3338240 | EPS: 0.18 | Rew: 4.03 | FPS: 8915.1 | Var: ddqn
Step: 3339264 | EPS: 0.18 | Rew: 3.99 | FPS: 9062.4 | Var: ddqn
Step: 3340288 | EPS: 0.18 | Rew: 3.89 | FPS: 7759.9 | Var: ddqn
Step: 3341312 | EPS: 0.18 | Rew: 3.59 | FPS: 7575.8 | Var: ddqn
Step: 3342336 | EPS: 0.18 | Rew: 3.43 | FPS: 7733.4 | Var: ddqn
Step: 3343360 | EPS: 0.18 | Rew: 3.18 | FPS: 9551.1 | Var: ddqn
Step: 3344384 | EPS: 0.18 | Rew: 2.99 | FPS: 9312.7 | Var: ddqn
Step: 3345408 | EPS: 0.18 | Rew: 2.85 | FPS: 8866.0 | Var: ddqn
Step: 3346432 | EPS: 0.18 | Rew: 2.94 | FPS: 8640.4 | Var: ddqn
Step: 3347456 | EPS: 0.18 | Rew: 2.94 | FPS: 9306.4 | Var: ddqn
Step: 3348480 | EPS: 0.18 | Rew: 2.94 | FPS: 6949.5 | Var: ddqn
Step: 3349504 | EPS: 0.18 | Rew: 3.15 | FPS: 7335.4 | Var: ddqn
Step: 3350528 | EPS: 0.18 | Rew: 3.13 | FPS: 9214.7 | Var: ddqn
Step: 3351552 | EPS: 0.18 | Rew: 3.08 | FPS: 9498.3 | Var: ddqn
Step: 3352576 | EPS: 0.18 | Rew: 2.90 | FPS: 8477.8 | Var: ddqn
Step: 3353600 | EPS: 0.18 | Rew: 2.92 | FPS: 9183.9 | Var: ddqn
Step: 3354624 | EPS: 0.18 | Rew: 2.88 | FPS: 7011.7 | Var: ddqn
Step: 3355648 | EPS: 0.18 | Rew: 2.82 | FPS: 6602.3 | Var: ddqn
Step: 3356672 | EPS: 0.18 | Rew: 2.96 | FPS: 7415.9 | Var: ddqn
Step: 3357696 | EPS: 0.18 | Rew: 2.76 | FPS: 6910.1 | Var: ddqn
Step: 3358720 | EPS: 0.18 | Rew: 2.92 | FPS: 8850.2 | Var: ddqn
Step: 3359744 | EPS: 0.18 | Rew: 2.96 | FPS: 9314.9 | Var: ddqn
Step: 3360768 | EPS: 0.18 | Rew: 3.04 | FPS: 9142.5 | Var: ddqn
Step: 3361792 | EPS: 0.18 | Rew: 3.17 | FPS: 7279.7 | Var: ddqn
Step: 3362816 | EPS: 0.18 | Rew: 3.06 | FPS: 8621.9 | Var: ddqn
Step: 3363840 | EPS: 0.18 | Rew: 3.30 | FPS: 9524.1 | Var: ddqn
Step: 3364864 | EPS: 0.18 | Rew: 3.16 | FPS: 9215.3 | Var: ddqn
Step: 3365888 | EPS: 0.18 | Rew: 2.88 | FPS: 8980.9 | Var: ddqn
Step: 3366912 | EPS: 0.18 | Rew: 2.94 | FPS: 9188.1 | Var: ddqn
Step: 3367936 | EPS: 0.17 | Rew: 3.11 | FPS: 9220.1 | Var: ddqn
Step: 3368960 | EPS: 0.17 | Rew: 3.08 | FPS: 9203.8 | Var: ddqn
Step: 3369984 | EPS: 0.17 | Rew: 2.87 | FPS: 9051.8 | Var: ddqn
Step: 3371008 | EPS: 0.17 | Rew: 2.91 | FPS: 9178.5 | Var: ddqn
Step: 3372032 | EPS: 0.17 | Rew: 2.96 | FPS: 8912.4 | Var: ddqn
Step: 3373056 | EPS: 0.17 | Rew: 3.14 | FPS: 9029.5 | Var: ddqn
Step: 3374080 | EPS: 0.17 | Rew: 3.43 | FPS: 9506.8 | Var: ddqn
Step: 3375104 | EPS: 0.17 | Rew: 3.50 | FPS: 8626.3 | Var: ddqn
Step: 3376128 | EPS: 0.17 | Rew: 3.81 | FPS: 9538.8 | Var: ddqn
Step: 3377152 | EPS: 0.17 | Rew: 3.64 | FPS: 9153.3 | Var: ddqn
Step: 3378176 | EPS: 0.17 | Rew: 3.75 | FPS: 9057.1 | Var: ddqn
Step: 3379200 | EPS: 0.17 | Rew: 3.38 | FPS: 7413.4 | Var: ddqn
Step: 3380224 | EPS: 0.17 | Rew: 3.45 | FPS: 9332.2 | Var: ddqn
Step: 3381248 | EPS: 0.17 | Rew: 3.39 | FPS: 8778.9 | Var: ddqn
Step: 3382272 | EPS: 0.17 | Rew: 3.36 | FPS: 7706.7 | Var: ddqn
Step: 3383296 | EPS: 0.17 | Rew: 2.81 | FPS: 8149.9 | Var: ddqn
Step: 3384320 | EPS: 0.17 | Rew: 2.85 | FPS: 8277.2 | Var: ddqn
Step: 3385344 | EPS: 0.17 | Rew: 3.16 | FPS: 9514.0 | Var: ddqn
Step: 3386368 | EPS: 0.17 | Rew: 3.53 | FPS: 7241.6 | Var: ddqn
Step: 3387392 | EPS: 0.17 | Rew: 3.73 | FPS: 8500.1 | Var: ddqn
Step: 3388416 | EPS: 0.17 | Rew: 3.48 | FPS: 9026.1 | Var: ddqn
Step: 3389440 | EPS: 0.17 | Rew: 3.35 | FPS: 9197.9 | Var: ddqn
Step: 3390464 | EPS: 0.17 | Rew: 3.61 | FPS: 9445.6 | Var: ddqn
Step: 3391488 | EPS: 0.17 | Rew: 3.74 | FPS: 8625.7 | Var: ddqn
Step: 3392512 | EPS: 0.17 | Rew: 3.91 | FPS: 8357.5 | Var: ddqn
Step: 3393536 | EPS: 0.17 | Rew: 3.82 | FPS: 7957.5 | Var: ddqn
Step: 3394560 | EPS: 0.17 | Rew: 3.32 | FPS: 9696.4 | Var: ddqn
Step: 3395584 | EPS: 0.17 | Rew: 3.06 | FPS: 9141.9 | Var: ddqn
Step: 3396608 | EPS: 0.17 | Rew: 3.34 | FPS: 8930.0 | Var: ddqn
Step: 3397632 | EPS: 0.17 | Rew: 3.38 | FPS: 8625.1 | Var: ddqn
Step: 3398656 | EPS: 0.17 | Rew: 3.20 | FPS: 9596.5 | Var: ddqn
Step: 3399680 | EPS: 0.17 | Rew: 3.16 | FPS: 9150.1 | Var: ddqn
Step: 3400704 | EPS: 0.17 | Rew: 3.10 | FPS: 8235.7 | Var: ddqn
Step: 3401728 | EPS: 0.17 | Rew: 2.79 | FPS: 8618.4 | Var: ddqn
Step: 3402752 | EPS: 0.17 | Rew: 2.73 | FPS: 9111.9 | Var: ddqn
Step: 3403776 | EPS: 0.17 | Rew: 2.86 | FPS: 7511.9 | Var: ddqn
Step: 3404800 | EPS: 0.17 | Rew: 3.24 | FPS: 9023.6 | Var: ddqn
Step: 3405824 | EPS: 0.17 | Rew: 3.08 | FPS: 7719.3 | Var: ddqn
Step: 3406848 | EPS: 0.17 | Rew: 3.34 | FPS: 9189.1 | Var: ddqn
Step: 3407872 | EPS: 0.17 | Rew: 3.42 | FPS: 7058.4 | Var: ddqn
Step: 3408896 | EPS: 0.16 | Rew: 3.57 | FPS: 8861.0 | Var: ddqn
Step: 3409920 | EPS: 0.16 | Rew: 3.79 | FPS: 9452.5 | Var: ddqn
Step: 3410944 | EPS: 0.16 | Rew: 4.26 | FPS: 9278.5 | Var: ddqn
>>> [Best] Saved -> agent/checkpoints/ddqn_pretrain.pth | Rew 4.26
Step: 3411968 | EPS: 0.16 | Rew: 4.00 | FPS: 8871.0 | Var: ddqn
Step: 3412992 | EPS: 0.16 | Rew: 3.93 | FPS: 8956.6 | Var: ddqn
Step: 3414016 | EPS: 0.16 | Rew: 4.04 | FPS: 9504.6 | Var: ddqn
Step: 3415040 | EPS: 0.16 | Rew: 3.68 | FPS: 9284.2 | Var: ddqn
Step: 3416064 | EPS: 0.16 | Rew: 3.50 | FPS: 8990.9 | Var: ddqn
Step: 3417088 | EPS: 0.16 | Rew: 3.72 | FPS: 9100.2 | Var: ddqn
Step: 3418112 | EPS: 0.16 | Rew: 3.61 | FPS: 8862.9 | Var: ddqn
Step: 3419136 | EPS: 0.16 | Rew: 3.51 | FPS: 9066.5 | Var: ddqn
Step: 3420160 | EPS: 0.16 | Rew: 3.61 | FPS: 8909.3 | Var: ddqn
Step: 3421184 | EPS: 0.16 | Rew: 3.85 | FPS: 9516.4 | Var: ddqn
Step: 3422208 | EPS: 0.16 | Rew: 3.74 | FPS: 9012.0 | Var: ddqn
Step: 3423232 | EPS: 0.16 | Rew: 4.12 | FPS: 8691.9 | Var: ddqn
Step: 3424256 | EPS: 0.16 | Rew: 3.93 | FPS: 9142.7 | Var: ddqn
Step: 3425280 | EPS: 0.16 | Rew: 3.90 | FPS: 9204.4 | Var: ddqn
Step: 3426304 | EPS: 0.16 | Rew: 3.80 | FPS: 9444.2 | Var: ddqn
Step: 3427328 | EPS: 0.16 | Rew: 3.66 | FPS: 8991.4 | Var: ddqn
Step: 3428352 | EPS: 0.16 | Rew: 3.38 | FPS: 9031.3 | Var: ddqn
Step: 3429376 | EPS: 0.16 | Rew: 3.48 | FPS: 8242.5 | Var: ddqn
Step: 3430400 | EPS: 0.16 | Rew: 3.18 | FPS: 8684.7 | Var: ddqn
Step: 3431424 | EPS: 0.16 | Rew: 3.31 | FPS: 9109.8 | Var: ddqn
Step: 3432448 | EPS: 0.16 | Rew: 3.07 | FPS: 7826.9 | Var: ddqn
Step: 3433472 | EPS: 0.16 | Rew: 3.03 | FPS: 6883.0 | Var: ddqn
Step: 3434496 | EPS: 0.16 | Rew: 2.97 | FPS: 8460.3 | Var: ddqn
Step: 3435520 | EPS: 0.16 | Rew: 3.05 | FPS: 8109.6 | Var: ddqn
Step: 3436544 | EPS: 0.16 | Rew: 3.24 | FPS: 8855.9 | Var: ddqn
Step: 3437568 | EPS: 0.16 | Rew: 3.29 | FPS: 8789.0 | Var: ddqn
Step: 3438592 | EPS: 0.16 | Rew: 3.24 | FPS: 8905.4 | Var: ddqn
Step: 3439616 | EPS: 0.16 | Rew: 3.43 | FPS: 9981.0 | Var: ddqn
Step: 3440640 | EPS: 0.16 | Rew: 3.59 | FPS: 6111.2 | Var: ddqn
Step: 3441664 | EPS: 0.16 | Rew: 4.05 | FPS: 7510.8 | Var: ddqn
Step: 3442688 | EPS: 0.16 | Rew: 3.96 | FPS: 8038.5 | Var: ddqn
Step: 3443712 | EPS: 0.16 | Rew: 4.01 | FPS: 7098.6 | Var: ddqn
Step: 3444736 | EPS: 0.16 | Rew: 3.81 | FPS: 7445.7 | Var: ddqn
Step: 3445760 | EPS: 0.16 | Rew: 3.89 | FPS: 9577.2 | Var: ddqn
Step: 3446784 | EPS: 0.16 | Rew: 3.49 | FPS: 9193.5 | Var: ddqn
Step: 3447808 | EPS: 0.16 | Rew: 3.50 | FPS: 9155.4 | Var: ddqn
Step: 3448832 | EPS: 0.16 | Rew: 3.34 | FPS: 9084.3 | Var: ddqn
Step: 3449856 | EPS: 0.15 | Rew: 2.95 | FPS: 8700.2 | Var: ddqn
Step: 3450880 | EPS: 0.15 | Rew: 3.07 | FPS: 9044.3 | Var: ddqn
Step: 3451904 | EPS: 0.15 | Rew: 3.01 | FPS: 9258.4 | Var: ddqn
Step: 3452928 | EPS: 0.15 | Rew: 3.08 | FPS: 9122.6 | Var: ddqn
Step: 3453952 | EPS: 0.15 | Rew: 3.27 | FPS: 7377.5 | Var: ddqn
Step: 3454976 | EPS: 0.15 | Rew: 3.34 | FPS: 9040.7 | Var: ddqn
Step: 3456000 | EPS: 0.15 | Rew: 3.21 | FPS: 9136.6 | Var: ddqn
Step: 3457024 | EPS: 0.15 | Rew: 3.15 | FPS: 8997.1 | Var: ddqn
Step: 3458048 | EPS: 0.15 | Rew: 3.21 | FPS: 7458.0 | Var: ddqn
Step: 3459072 | EPS: 0.15 | Rew: 2.99 | FPS: 8710.1 | Var: ddqn
Step: 3460096 | EPS: 0.15 | Rew: 2.88 | FPS: 9131.4 | Var: ddqn
Step: 3461120 | EPS: 0.15 | Rew: 3.08 | FPS: 9269.1 | Var: ddqn
Step: 3462144 | EPS: 0.15 | Rew: 3.20 | FPS: 9020.1 | Var: ddqn
Step: 3463168 | EPS: 0.15 | Rew: 3.32 | FPS: 8166.8 | Var: ddqn
Step: 3464192 | EPS: 0.15 | Rew: 3.34 | FPS: 6730.3 | Var: ddqn
Step: 3465216 | EPS: 0.15 | Rew: 3.62 | FPS: 9262.3 | Var: ddqn
Step: 3466240 | EPS: 0.15 | Rew: 3.61 | FPS: 9205.7 | Var: ddqn
Step: 3467264 | EPS: 0.15 | Rew: 3.57 | FPS: 8674.6 | Var: ddqn
Step: 3468288 | EPS: 0.15 | Rew: 3.47 | FPS: 7620.8 | Var: ddqn
Step: 3469312 | EPS: 0.15 | Rew: 3.44 | FPS: 8100.8 | Var: ddqn
Step: 3470336 | EPS: 0.15 | Rew: 3.46 | FPS: 6738.1 | Var: ddqn
Step: 3471360 | EPS: 0.15 | Rew: 3.55 | FPS: 8285.8 | Var: ddqn
Step: 3472384 | EPS: 0.15 | Rew: 3.41 | FPS: 9101.4 | Var: ddqn
Step: 3473408 | EPS: 0.15 | Rew: 3.41 | FPS: 6770.2 | Var: ddqn
Step: 3474432 | EPS: 0.15 | Rew: 3.78 | FPS: 9568.4 | Var: ddqn
Step: 3475456 | EPS: 0.15 | Rew: 3.78 | FPS: 9080.8 | Var: ddqn
Step: 3476480 | EPS: 0.15 | Rew: 3.83 | FPS: 9171.0 | Var: ddqn
Step: 3477504 | EPS: 0.15 | Rew: 3.85 | FPS: 9251.1 | Var: ddqn
Step: 3478528 | EPS: 0.15 | Rew: 3.83 | FPS: 8937.2 | Var: ddqn
Step: 3479552 | EPS: 0.15 | Rew: 4.07 | FPS: 9470.0 | Var: ddqn
Step: 3480576 | EPS: 0.15 | Rew: 3.91 | FPS: 8222.7 | Var: ddqn
Step: 3481600 | EPS: 0.15 | Rew: 3.90 | FPS: 7577.3 | Var: ddqn
Step: 3482624 | EPS: 0.15 | Rew: 3.55 | FPS: 7990.5 | Var: ddqn
Step: 3483648 | EPS: 0.15 | Rew: 3.48 | FPS: 9072.7 | Var: ddqn
Step: 3484672 | EPS: 0.15 | Rew: 3.71 | FPS: 9304.9 | Var: ddqn
Step: 3485696 | EPS: 0.15 | Rew: 3.96 | FPS: 9557.7 | Var: ddqn
Step: 3486720 | EPS: 0.15 | Rew: 3.85 | FPS: 9163.4 | Var: ddqn
Step: 3487744 | EPS: 0.15 | Rew: 3.88 | FPS: 9409.1 | Var: ddqn
Step: 3488768 | EPS: 0.15 | Rew: 3.93 | FPS: 5928.0 | Var: ddqn
Step: 3489792 | EPS: 0.15 | Rew: 4.28 | FPS: 8215.8 | Var: ddqn
Step: 3490816 | EPS: 0.14 | Rew: 4.12 | FPS: 9042.4 | Var: ddqn
Step: 3491840 | EPS: 0.14 | Rew: 3.97 | FPS: 9144.9 | Var: ddqn
Step: 3492864 | EPS: 0.14 | Rew: 3.98 | FPS: 9292.4 | Var: ddqn
Step: 3493888 | EPS: 0.14 | Rew: 3.96 | FPS: 9331.9 | Var: ddqn
Step: 3494912 | EPS: 0.14 | Rew: 4.12 | FPS: 9225.4 | Var: ddqn
Step: 3495936 | EPS: 0.14 | Rew: 4.23 | FPS: 9184.1 | Var: ddqn
Step: 3496960 | EPS: 0.14 | Rew: 4.28 | FPS: 9175.5 | Var: ddqn
Step: 3497984 | EPS: 0.14 | Rew: 3.84 | FPS: 7960.0 | Var: ddqn
Step: 3499008 | EPS: 0.14 | Rew: 4.06 | FPS: 9180.3 | Var: ddqn
Step: 3500032 | EPS: 0.14 | Rew: 4.56 | FPS: 6839.4 | Var: ddqn
Step: 3501056 | EPS: 0.14 | Rew: 4.73 | FPS: 9318.5 | Var: ddqn
Step: 3502080 | EPS: 0.14 | Rew: 4.39 | FPS: 7695.7 | Var: ddqn
Step: 3503104 | EPS: 0.14 | Rew: 4.13 | FPS: 9212.2 | Var: ddqn
Step: 3504128 | EPS: 0.14 | Rew: 3.93 | FPS: 9516.1 | Var: ddqn
Step: 3505152 | EPS: 0.14 | Rew: 4.01 | FPS: 8430.8 | Var: ddqn
Step: 3506176 | EPS: 0.14 | Rew: 3.81 | FPS: 9545.4 | Var: ddqn
Step: 3507200 | EPS: 0.14 | Rew: 3.98 | FPS: 9326.3 | Var: ddqn
Step: 3508224 | EPS: 0.14 | Rew: 3.52 | FPS: 8888.0 | Var: ddqn
Step: 3509248 | EPS: 0.14 | Rew: 3.16 | FPS: 9604.6 | Var: ddqn
Step: 3510272 | EPS: 0.14 | Rew: 3.30 | FPS: 9106.2 | Var: ddqn
Step: 3511296 | EPS: 0.14 | Rew: 3.49 | FPS: 8912.8 | Var: ddqn
Step: 3512320 | EPS: 0.14 | Rew: 3.56 | FPS: 9335.1 | Var: ddqn
Step: 3513344 | EPS: 0.14 | Rew: 3.70 | FPS: 9421.7 | Var: ddqn
Step: 3514368 | EPS: 0.14 | Rew: 4.17 | FPS: 9016.5 | Var: ddqn
Step: 3515392 | EPS: 0.14 | Rew: 4.16 | FPS: 8159.9 | Var: ddqn
Step: 3516416 | EPS: 0.14 | Rew: 4.22 | FPS: 7239.8 | Var: ddqn
Step: 3517440 | EPS: 0.14 | Rew: 4.47 | FPS: 7262.5 | Var: ddqn
Step: 3518464 | EPS: 0.14 | Rew: 4.31 | FPS: 8202.6 | Var: ddqn
Step: 3519488 | EPS: 0.14 | Rew: 3.90 | FPS: 7886.6 | Var: ddqn
Step: 3520512 | EPS: 0.14 | Rew: 3.85 | FPS: 7465.4 | Var: ddqn
Step: 3521536 | EPS: 0.14 | Rew: 3.91 | FPS: 7169.5 | Var: ddqn
Step: 3522560 | EPS: 0.14 | Rew: 3.76 | FPS: 7845.1 | Var: ddqn
Step: 3523584 | EPS: 0.14 | Rew: 3.83 | FPS: 9165.6 | Var: ddqn
Step: 3524608 | EPS: 0.14 | Rew: 3.42 | FPS: 7260.7 | Var: ddqn
Step: 3525632 | EPS: 0.14 | Rew: 3.36 | FPS: 9156.0 | Var: ddqn
Step: 3526656 | EPS: 0.14 | Rew: 3.47 | FPS: 7551.9 | Var: ddqn
Step: 3527680 | EPS: 0.14 | Rew: 3.33 | FPS: 8720.8 | Var: ddqn
Step: 3528704 | EPS: 0.14 | Rew: 3.25 | FPS: 9103.7 | Var: ddqn
Step: 3529728 | EPS: 0.14 | Rew: 3.46 | FPS: 7904.2 | Var: ddqn
Step: 3530752 | EPS: 0.13 | Rew: 3.50 | FPS: 8660.8 | Var: ddqn
Step: 3531776 | EPS: 0.13 | Rew: 3.41 | FPS: 8971.4 | Var: ddqn
Step: 3532800 | EPS: 0.13 | Rew: 3.53 | FPS: 7661.5 | Var: ddqn
Step: 3533824 | EPS: 0.13 | Rew: 3.94 | FPS: 9486.1 | Var: ddqn
Step: 3534848 | EPS: 0.13 | Rew: 4.43 | FPS: 7948.1 | Var: ddqn
Step: 3535872 | EPS: 0.13 | Rew: 4.68 | FPS: 8467.1 | Var: ddqn
Step: 3536896 | EPS: 0.13 | Rew: 4.98 | FPS: 8866.1 | Var: ddqn
>>> [Best] Saved -> agent/checkpoints/ddqn_pretrain.pth | Rew 4.98
Step: 3537920 | EPS: 0.13 | Rew: 5.01 | FPS: 8753.5 | Var: ddqn
Step: 3538944 | EPS: 0.13 | Rew: 5.10 | FPS: 9413.4 | Var: ddqn
Step: 3539968 | EPS: 0.13 | Rew: 5.24 | FPS: 8697.5 | Var: ddqn
Step: 3540992 | EPS: 0.13 | Rew: 5.16 | FPS: 8554.8 | Var: ddqn
Step: 3542016 | EPS: 0.13 | Rew: 5.36 | FPS: 8885.3 | Var: ddqn
Step: 3543040 | EPS: 0.13 | Rew: 4.95 | FPS: 9436.8 | Var: ddqn
Step: 3544064 | EPS: 0.13 | Rew: 4.73 | FPS: 9167.2 | Var: ddqn
Step: 3545088 | EPS: 0.13 | Rew: 4.88 | FPS: 9158.2 | Var: ddqn
Step: 3546112 | EPS: 0.13 | Rew: 4.85 | FPS: 9000.0 | Var: ddqn
Step: 3547136 | EPS: 0.13 | Rew: 4.82 | FPS: 8781.3 | Var: ddqn
Step: 3548160 | EPS: 0.13 | Rew: 4.78 | FPS: 9132.6 | Var: ddqn
Step: 3549184 | EPS: 0.13 | Rew: 4.38 | FPS: 9114.8 | Var: ddqn
Step: 3550208 | EPS: 0.13 | Rew: 4.56 | FPS: 9156.7 | Var: ddqn
Step: 3551232 | EPS: 0.13 | Rew: 4.58 | FPS: 9023.6 | Var: ddqn
Step: 3552256 | EPS: 0.13 | Rew: 4.47 | FPS: 9668.2 | Var: ddqn
Step: 3553280 | EPS: 0.13 | Rew: 3.82 | FPS: 9371.6 | Var: ddqn
Step: 3554304 | EPS: 0.13 | Rew: 3.97 | FPS: 8876.4 | Var: ddqn
Step: 3555328 | EPS: 0.13 | Rew: 3.98 | FPS: 8880.8 | Var: ddqn
Step: 3556352 | EPS: 0.13 | Rew: 3.88 | FPS: 8741.4 | Var: ddqn
Step: 3557376 | EPS: 0.13 | Rew: 3.92 | FPS: 9100.9 | Var: ddqn
Step: 3558400 | EPS: 0.13 | Rew: 3.83 | FPS: 9197.3 | Var: ddqn
Step: 3559424 | EPS: 0.13 | Rew: 3.57 | FPS: 9013.2 | Var: ddqn
Step: 3560448 | EPS: 0.13 | Rew: 3.79 | FPS: 9035.2 | Var: ddqn
Step: 3561472 | EPS: 0.13 | Rew: 3.99 | FPS: 8716.6 | Var: ddqn
Step: 3562496 | EPS: 0.13 | Rew: 4.01 | FPS: 8870.2 | Var: ddqn
Step: 3563520 | EPS: 0.13 | Rew: 3.89 | FPS: 9408.6 | Var: ddqn
Step: 3564544 | EPS: 0.13 | Rew: 4.18 | FPS: 9235.6 | Var: ddqn
Step: 3565568 | EPS: 0.13 | Rew: 4.35 | FPS: 9130.3 | Var: ddqn
Step: 3566592 | EPS: 0.13 | Rew: 4.40 | FPS: 8605.4 | Var: ddqn
Step: 3567616 | EPS: 0.13 | Rew: 4.32 | FPS: 6600.0 | Var: ddqn
Step: 3568640 | EPS: 0.13 | Rew: 4.55 | FPS: 7723.2 | Var: ddqn
Step: 3569664 | EPS: 0.13 | Rew: 4.49 | FPS: 9618.1 | Var: ddqn
Step: 3570688 | EPS: 0.13 | Rew: 4.50 | FPS: 9114.1 | Var: ddqn
Step: 3571712 | EPS: 0.12 | Rew: 4.49 | FPS: 9549.4 | Var: ddqn
Step: 3572736 | EPS: 0.12 | Rew: 4.40 | FPS: 9195.5 | Var: ddqn
Step: 3573760 | EPS: 0.12 | Rew: 4.39 | FPS: 6726.4 | Var: ddqn
Step: 3574784 | EPS: 0.12 | Rew: 4.81 | FPS: 8488.3 | Var: ddqn
Step: 3575808 | EPS: 0.12 | Rew: 4.91 | FPS: 8917.1 | Var: ddqn
Step: 3576832 | EPS: 0.12 | Rew: 4.71 | FPS: 9338.3 | Var: ddqn
Step: 3577856 | EPS: 0.12 | Rew: 4.67 | FPS: 9336.8 | Var: ddqn
Step: 3578880 | EPS: 0.12 | Rew: 4.70 | FPS: 8944.2 | Var: ddqn
Step: 3579904 | EPS: 0.12 | Rew: 4.61 | FPS: 9165.6 | Var: ddqn
Step: 3580928 | EPS: 0.12 | Rew: 4.70 | FPS: 9053.1 | Var: ddqn
Step: 3581952 | EPS: 0.12 | Rew: 4.64 | FPS: 7649.8 | Var: ddqn
Step: 3582976 | EPS: 0.12 | Rew: 4.60 | FPS: 8526.0 | Var: ddqn
Step: 3584000 | EPS: 0.12 | Rew: 4.38 | FPS: 9005.7 | Var: ddqn
Step: 3585024 | EPS: 0.12 | Rew: 3.97 | FPS: 9210.1 | Var: ddqn
Step: 3586048 | EPS: 0.12 | Rew: 3.83 | FPS: 9291.2 | Var: ddqn
Step: 3587072 | EPS: 0.12 | Rew: 3.97 | FPS: 9340.8 | Var: ddqn
Step: 3588096 | EPS: 0.12 | Rew: 3.85 | FPS: 8846.7 | Var: ddqn
Step: 3589120 | EPS: 0.12 | Rew: 3.96 | FPS: 9042.1 | Var: ddqn
Step: 3590144 | EPS: 0.12 | Rew: 3.85 | FPS: 7203.9 | Var: ddqn
Step: 3591168 | EPS: 0.12 | Rew: 3.73 | FPS: 8808.2 | Var: ddqn
Step: 3592192 | EPS: 0.12 | Rew: 3.77 | FPS: 7726.4 | Var: ddqn
Step: 3593216 | EPS: 0.12 | Rew: 3.86 | FPS: 6967.0 | Var: ddqn
Step: 3594240 | EPS: 0.12 | Rew: 3.94 | FPS: 8388.1 | Var: ddqn
Step: 3595264 | EPS: 0.12 | Rew: 4.04 | FPS: 7085.9 | Var: ddqn
Step: 3596288 | EPS: 0.12 | Rew: 4.03 | FPS: 8662.8 | Var: ddqn
Step: 3597312 | EPS: 0.12 | Rew: 4.28 | FPS: 8994.2 | Var: ddqn
Step: 3598336 | EPS: 0.12 | Rew: 4.41 | FPS: 9291.1 | Var: ddqn
Step: 3599360 | EPS: 0.12 | Rew: 4.67 | FPS: 9063.4 | Var: ddqn
Step: 3600384 | EPS: 0.12 | Rew: 4.73 | FPS: 9279.7 | Var: ddqn
Step: 3601408 | EPS: 0.12 | Rew: 4.61 | FPS: 9159.4 | Var: ddqn
Step: 3602432 | EPS: 0.12 | Rew: 4.62 | FPS: 8524.9 | Var: ddqn
Step: 3603456 | EPS: 0.12 | Rew: 4.88 | FPS: 7509.5 | Var: ddqn
Step: 3604480 | EPS: 0.12 | Rew: 4.99 | FPS: 8392.7 | Var: ddqn
Step: 3605504 | EPS: 0.12 | Rew: 5.28 | FPS: 8607.5 | Var: ddqn
Step: 3606528 | EPS: 0.12 | Rew: 5.18 | FPS: 8956.3 | Var: ddqn
Step: 3607552 | EPS: 0.12 | Rew: 5.08 | FPS: 7103.7 | Var: ddqn
Step: 3608576 | EPS: 0.12 | Rew: 4.98 | FPS: 6767.7 | Var: ddqn
Step: 3609600 | EPS: 0.12 | Rew: 4.74 | FPS: 8625.8 | Var: ddqn
Step: 3610624 | EPS: 0.12 | Rew: 4.96 | FPS: 8115.1 | Var: ddqn
Step: 3611648 | EPS: 0.12 | Rew: 5.23 | FPS: 8942.3 | Var: ddqn
Step: 3612672 | EPS: 0.11 | Rew: 5.18 | FPS: 8022.3 | Var: ddqn
Step: 3613696 | EPS: 0.11 | Rew: 4.87 | FPS: 10843.8 | Var: ddqn
Step: 3614720 | EPS: 0.11 | Rew: 5.16 | FPS: 9784.9 | Var: ddqn
Step: 3615744 | EPS: 0.11 | Rew: 5.18 | FPS: 9195.5 | Var: ddqn
Step: 3616768 | EPS: 0.11 | Rew: 4.95 | FPS: 8425.5 | Var: ddqn
Step: 3617792 | EPS: 0.11 | Rew: 5.07 | FPS: 7925.5 | Var: ddqn
Step: 3618816 | EPS: 0.11 | Rew: 5.20 | FPS: 6887.1 | Var: ddqn
Step: 3619840 | EPS: 0.11 | Rew: 5.43 | FPS: 8852.3 | Var: ddqn
Step: 3620864 | EPS: 0.11 | Rew: 5.26 | FPS: 7311.2 | Var: ddqn
Step: 3621888 | EPS: 0.11 | Rew: 4.89 | FPS: 7571.4 | Var: ddqn
Step: 3622912 | EPS: 0.11 | Rew: 4.47 | FPS: 7481.6 | Var: ddqn
Step: 3623936 | EPS: 0.11 | Rew: 4.72 | FPS: 6554.3 | Var: ddqn
Step: 3624960 | EPS: 0.11 | Rew: 4.86 | FPS: 9121.2 | Var: ddqn
Step: 3625984 | EPS: 0.11 | Rew: 5.02 | FPS: 9222.1 | Var: ddqn
Step: 3627008 | EPS: 0.11 | Rew: 5.64 | FPS: 8999.0 | Var: ddqn
>>> [Best] Saved -> agent/checkpoints/ddqn_pretrain.pth | Rew 5.64
Step: 3628032 | EPS: 0.11 | Rew: 6.13 | FPS: 9027.7 | Var: ddqn
Step: 3629056 | EPS: 0.11 | Rew: 6.06 | FPS: 8432.9 | Var: ddqn
Step: 3630080 | EPS: 0.11 | Rew: 6.09 | FPS: 7746.0 | Var: ddqn
Step: 3631104 | EPS: 0.11 | Rew: 6.21 | FPS: 8902.7 | Var: ddqn
>>> [Best] Saved -> agent/checkpoints/ddqn_pretrain.pth | Rew 6.21
Step: 3632128 | EPS: 0.11 | Rew: 6.22 | FPS: 8312.5 | Var: ddqn
Step: 3633152 | EPS: 0.11 | Rew: 6.11 | FPS: 9352.2 | Var: ddqn
Step: 3634176 | EPS: 0.11 | Rew: 6.33 | FPS: 9223.2 | Var: ddqn
Step: 3635200 | EPS: 0.11 | Rew: 6.03 | FPS: 9259.9 | Var: ddqn
Step: 3636224 | EPS: 0.11 | Rew: 6.17 | FPS: 9397.0 | Var: ddqn
Step: 3637248 | EPS: 0.11 | Rew: 5.84 | FPS: 9197.9 | Var: ddqn
Step: 3638272 | EPS: 0.11 | Rew: 5.47 | FPS: 9031.4 | Var: ddqn
Step: 3639296 | EPS: 0.11 | Rew: 5.46 | FPS: 8862.3 | Var: ddqn
Step: 3640320 | EPS: 0.11 | Rew: 5.28 | FPS: 9316.3 | Var: ddqn
Step: 3641344 | EPS: 0.11 | Rew: 5.49 | FPS: 9360.1 | Var: ddqn
Step: 3642368 | EPS: 0.11 | Rew: 5.60 | FPS: 9390.0 | Var: ddqn
Step: 3643392 | EPS: 0.11 | Rew: 5.56 | FPS: 9260.4 | Var: ddqn
Step: 3644416 | EPS: 0.11 | Rew: 5.85 | FPS: 8658.0 | Var: ddqn
Step: 3645440 | EPS: 0.11 | Rew: 5.96 | FPS: 7334.9 | Var: ddqn
Step: 3646464 | EPS: 0.11 | Rew: 5.92 | FPS: 7844.9 | Var: ddqn
Step: 3647488 | EPS: 0.11 | Rew: 5.88 | FPS: 9281.5 | Var: ddqn
Step: 3648512 | EPS: 0.11 | Rew: 6.17 | FPS: 8977.5 | Var: ddqn
Step: 3649536 | EPS: 0.11 | Rew: 5.98 | FPS: 9228.9 | Var: ddqn
Step: 3650560 | EPS: 0.11 | Rew: 6.38 | FPS: 9170.3 | Var: ddqn
Step: 3651584 | EPS: 0.11 | Rew: 6.09 | FPS: 8816.5 | Var: ddqn
Step: 3652608 | EPS: 0.11 | Rew: 6.02 | FPS: 9083.3 | Var: ddqn
Step: 3653632 | EPS: 0.10 | Rew: 5.80 | FPS: 9072.8 | Var: ddqn
Step: 3654656 | EPS: 0.10 | Rew: 5.67 | FPS: 9204.7 | Var: ddqn
Step: 3655680 | EPS: 0.10 | Rew: 5.46 | FPS: 9248.0 | Var: ddqn
Step: 3656704 | EPS: 0.10 | Rew: 5.31 | FPS: 8918.9 | Var: ddqn
Step: 3657728 | EPS: 0.10 | Rew: 5.14 | FPS: 9296.0 | Var: ddqn
Step: 3658752 | EPS: 0.10 | Rew: 5.19 | FPS: 9330.2 | Var: ddqn
Step: 3659776 | EPS: 0.10 | Rew: 5.59 | FPS: 9013.9 | Var: ddqn
Step: 3660800 | EPS: 0.10 | Rew: 5.92 | FPS: 8642.0 | Var: ddqn
Step: 3661824 | EPS: 0.10 | Rew: 5.34 | FPS: 9265.0 | Var: ddqn
Step: 3662848 | EPS: 0.10 | Rew: 5.54 | FPS: 9019.6 | Var: ddqn
Step: 3663872 | EPS: 0.10 | Rew: 5.61 | FPS: 9000.9 | Var: ddqn
Step: 3664896 | EPS: 0.10 | Rew: 5.55 | FPS: 9330.6 | Var: ddqn
Step: 3665920 | EPS: 0.10 | Rew: 5.53 | FPS: 9247.6 | Var: ddqn
Step: 3666944 | EPS: 0.10 | Rew: 5.54 | FPS: 9385.4 | Var: ddqn
Step: 3667968 | EPS: 0.10 | Rew: 5.61 | FPS: 9111.1 | Var: ddqn
Step: 3668992 | EPS: 0.10 | Rew: 5.60 | FPS: 8858.1 | Var: ddqn
Step: 3670016 | EPS: 0.10 | Rew: 5.53 | FPS: 8654.9 | Var: ddqn
Step: 3671040 | EPS: 0.10 | Rew: 5.57 | FPS: 9020.0 | Var: ddqn
Step: 3672064 | EPS: 0.10 | Rew: 5.82 | FPS: 7588.5 | Var: ddqn
Step: 3673088 | EPS: 0.10 | Rew: 5.58 | FPS: 9122.9 | Var: ddqn
Step: 3674112 | EPS: 0.10 | Rew: 5.82 | FPS: 8372.8 | Var: ddqn
Step: 3675136 | EPS: 0.10 | Rew: 6.13 | FPS: 8816.2 | Var: ddqn
Step: 3676160 | EPS: 0.10 | Rew: 6.32 | FPS: 9403.4 | Var: ddqn
Step: 3677184 | EPS: 0.10 | Rew: 6.70 | FPS: 9180.2 | Var: ddqn
Step: 3678208 | EPS: 0.10 | Rew: 7.52 | FPS: 8556.4 | Var: ddqn
>>> [Best] Saved -> agent/checkpoints/ddqn_pretrain.pth | Rew 7.52
Step: 3679232 | EPS: 0.10 | Rew: 7.40 | FPS: 8646.9 | Var: ddqn
Step: 3680256 | EPS: 0.10 | Rew: 7.19 | FPS: 9875.8 | Var: ddqn
Step: 3681280 | EPS: 0.10 | Rew: 7.25 | FPS: 9705.8 | Var: ddqn
Step: 3682304 | EPS: 0.10 | Rew: 6.89 | FPS: 9874.6 | Var: ddqn
Step: 3683328 | EPS: 0.10 | Rew: 6.61 | FPS: 8401.6 | Var: ddqn
Step: 3684352 | EPS: 0.10 | Rew: 6.49 | FPS: 6951.1 | Var: ddqn
Step: 3685376 | EPS: 0.10 | Rew: 6.29 | FPS: 8145.4 | Var: ddqn
Step: 3686400 | EPS: 0.10 | Rew: 6.19 | FPS: 6455.8 | Var: ddqn
Step: 3687424 | EPS: 0.10 | Rew: 6.10 | FPS: 6602.5 | Var: ddqn
Step: 3688448 | EPS: 0.10 | Rew: 5.75 | FPS: 7101.2 | Var: ddqn
Step: 3689472 | EPS: 0.10 | Rew: 5.47 | FPS: 7078.2 | Var: ddqn
Step: 3690496 | EPS: 0.10 | Rew: 5.53 | FPS: 7566.1 | Var: ddqn
Step: 3691520 | EPS: 0.10 | Rew: 5.61 | FPS: 6209.2 | Var: ddqn
Step: 3692544 | EPS: 0.10 | Rew: 5.80 | FPS: 6960.2 | Var: ddqn
Step: 3693568 | EPS: 0.10 | Rew: 5.85 | FPS: 6361.7 | Var: ddqn
Step: 3694592 | EPS: 0.09 | Rew: 6.14 | FPS: 8551.7 | Var: ddqn
Step: 3695616 | EPS: 0.09 | Rew: 6.14 | FPS: 8964.3 | Var: ddqn
Step: 3696640 | EPS: 0.09 | Rew: 6.16 | FPS: 8805.9 | Var: ddqn
Step: 3697664 | EPS: 0.09 | Rew: 5.84 | FPS: 8883.5 | Var: ddqn
Step: 3698688 | EPS: 0.09 | Rew: 6.06 | FPS: 9018.9 | Var: ddqn
Step: 3699712 | EPS: 0.09 | Rew: 6.37 | FPS: 8456.6 | Var: ddqn
Step: 3700736 | EPS: 0.09 | Rew: 6.23 | FPS: 8959.8 | Var: ddqn
Step: 3701760 | EPS: 0.09 | Rew: 6.60 | FPS: 9159.1 | Var: ddqn
Step: 3702784 | EPS: 0.09 | Rew: 6.71 | FPS: 6957.8 | Var: ddqn
Step: 3703808 | EPS: 0.09 | Rew: 6.51 | FPS: 7048.8 | Var: ddqn
Step: 3704832 | EPS: 0.09 | Rew: 6.14 | FPS: 7228.4 | Var: ddqn
Step: 3705856 | EPS: 0.09 | Rew: 5.94 | FPS: 9073.6 | Var: ddqn
Step: 3706880 | EPS: 0.09 | Rew: 5.87 | FPS: 7249.5 | Var: ddqn
Step: 3707904 | EPS: 0.09 | Rew: 6.15 | FPS: 9017.6 | Var: ddqn
Step: 3708928 | EPS: 0.09 | Rew: 5.87 | FPS: 9093.2 | Var: ddqn
Step: 3709952 | EPS: 0.09 | Rew: 5.64 | FPS: 7028.3 | Var: ddqn
Step: 3710976 | EPS: 0.09 | Rew: 5.66 | FPS: 8706.3 | Var: ddqn
Step: 3712000 | EPS: 0.09 | Rew: 5.47 | FPS: 9274.5 | Var: ddqn
Step: 3713024 | EPS: 0.09 | Rew: 5.43 | FPS: 9281.6 | Var: ddqn
Step: 3714048 | EPS: 0.09 | Rew: 5.50 | FPS: 7993.1 | Var: ddqn
Step: 3715072 | EPS: 0.09 | Rew: 5.96 | FPS: 9368.6 | Var: ddqn
Step: 3716096 | EPS: 0.09 | Rew: 6.14 | FPS: 7632.3 | Var: ddqn
Step: 3717120 | EPS: 0.09 | Rew: 5.99 | FPS: 8462.8 | Var: ddqn
Step: 3718144 | EPS: 0.09 | Rew: 6.26 | FPS: 9301.8 | Var: ddqn
Step: 3719168 | EPS: 0.09 | Rew: 6.44 | FPS: 9111.7 | Var: ddqn
Step: 3720192 | EPS: 0.09 | Rew: 6.58 | FPS: 8927.0 | Var: ddqn
Step: 3721216 | EPS: 0.09 | Rew: 6.56 | FPS: 9060.6 | Var: ddqn
Step: 3722240 | EPS: 0.09 | Rew: 6.74 | FPS: 8744.9 | Var: ddqn
Step: 3723264 | EPS: 0.09 | Rew: 6.80 | FPS: 9410.8 | Var: ddqn
Step: 3724288 | EPS: 0.09 | Rew: 6.80 | FPS: 9226.9 | Var: ddqn
Step: 3725312 | EPS: 0.09 | Rew: 6.60 | FPS: 9183.0 | Var: ddqn
Step: 3726336 | EPS: 0.09 | Rew: 6.06 | FPS: 9097.5 | Var: ddqn
Step: 3727360 | EPS: 0.09 | Rew: 6.07 | FPS: 7090.2 | Var: ddqn
Step: 3728384 | EPS: 0.09 | Rew: 5.90 | FPS: 6709.4 | Var: ddqn
Step: 3729408 | EPS: 0.09 | Rew: 5.55 | FPS: 8130.9 | Var: ddqn
Step: 3730432 | EPS: 0.09 | Rew: 5.59 | FPS: 8024.4 | Var: ddqn
Step: 3731456 | EPS: 0.09 | Rew: 5.37 | FPS: 8766.7 | Var: ddqn
Step: 3732480 | EPS: 0.09 | Rew: 5.28 | FPS: 7346.9 | Var: ddqn
Step: 3733504 | EPS: 0.09 | Rew: 5.16 | FPS: 9391.0 | Var: ddqn
Step: 3734528 | EPS: 0.09 | Rew: 5.17 | FPS: 9676.6 | Var: ddqn
Step: 3735552 | EPS: 0.08 | Rew: 5.44 | FPS: 8963.4 | Var: ddqn
Step: 3736576 | EPS: 0.08 | Rew: 5.53 | FPS: 9332.9 | Var: ddqn
Step: 3737600 | EPS: 0.08 | Rew: 5.75 | FPS: 9422.1 | Var: ddqn
Step: 3738624 | EPS: 0.08 | Rew: 5.64 | FPS: 7454.2 | Var: ddqn
Step: 3739648 | EPS: 0.08 | Rew: 5.57 | FPS: 9337.6 | Var: ddqn
Step: 3740672 | EPS: 0.08 | Rew: 5.95 | FPS: 9636.2 | Var: ddqn
Step: 3741696 | EPS: 0.08 | Rew: 5.99 | FPS: 8912.8 | Var: ddqn
Step: 3742720 | EPS: 0.08 | Rew: 5.78 | FPS: 7567.1 | Var: ddqn
Step: 3743744 | EPS: 0.08 | Rew: 5.52 | FPS: 7803.7 | Var: ddqn
Step: 3744768 | EPS: 0.08 | Rew: 5.75 | FPS: 9638.4 | Var: ddqn
Step: 3745792 | EPS: 0.08 | Rew: 6.20 | FPS: 9182.6 | Var: ddqn
Step: 3746816 | EPS: 0.08 | Rew: 6.25 | FPS: 9176.0 | Var: ddqn
Step: 3747840 | EPS: 0.08 | Rew: 6.07 | FPS: 8414.0 | Var: ddqn
Step: 3748864 | EPS: 0.08 | Rew: 6.75 | FPS: 8618.8 | Var: ddqn
Step: 3749888 | EPS: 0.08 | Rew: 6.60 | FPS: 8885.3 | Var: ddqn
Step: 3750912 | EPS: 0.08 | Rew: 6.71 | FPS: 6318.9 | Var: ddqn
Step: 3751936 | EPS: 0.08 | Rew: 6.76 | FPS: 8819.4 | Var: ddqn
Step: 3752960 | EPS: 0.08 | Rew: 6.99 | FPS: 8718.3 | Var: ddqn
Step: 3753984 | EPS: 0.08 | Rew: 6.82 | FPS: 8729.8 | Var: ddqn
Step: 3755008 | EPS: 0.08 | Rew: 7.26 | FPS: 9117.3 | Var: ddqn
Step: 3756032 | EPS: 0.08 | Rew: 7.34 | FPS: 9098.3 | Var: ddqn
Step: 3757056 | EPS: 0.08 | Rew: 7.73 | FPS: 7333.8 | Var: ddqn
Step: 3758080 | EPS: 0.08 | Rew: 7.64 | FPS: 7308.7 | Var: ddqn
Step: 3759104 | EPS: 0.08 | Rew: 7.41 | FPS: 8813.7 | Var: ddqn
Step: 3760128 | EPS: 0.08 | Rew: 7.72 | FPS: 9263.8 | Var: ddqn
Step: 3761152 | EPS: 0.08 | Rew: 7.65 | FPS: 8114.0 | Var: ddqn
Step: 3762176 | EPS: 0.08 | Rew: 7.39 | FPS: 9265.3 | Var: ddqn
Step: 3763200 | EPS: 0.08 | Rew: 7.47 | FPS: 8242.0 | Var: ddqn
Step: 3764224 | EPS: 0.08 | Rew: 7.67 | FPS: 9246.0 | Var: ddqn
Step: 3765248 | EPS: 0.08 | Rew: 7.97 | FPS: 8675.5 | Var: ddqn
Step: 3766272 | EPS: 0.08 | Rew: 7.70 | FPS: 9370.5 | Var: ddqn
Step: 3767296 | EPS: 0.08 | Rew: 7.91 | FPS: 9064.7 | Var: ddqn
Step: 3768320 | EPS: 0.08 | Rew: 8.20 | FPS: 8930.0 | Var: ddqn
>>> [Best] Saved -> agent/checkpoints/ddqn_pretrain.pth | Rew 8.20
Step: 3769344 | EPS: 0.08 | Rew: 8.00 | FPS: 7389.4 | Var: ddqn
Step: 3770368 | EPS: 0.08 | Rew: 7.66 | FPS: 8566.7 | Var: ddqn
Step: 3771392 | EPS: 0.08 | Rew: 7.84 | FPS: 6821.4 | Var: ddqn
Step: 3772416 | EPS: 0.08 | Rew: 7.99 | FPS: 8106.7 | Var: ddqn
Step: 3773440 | EPS: 0.08 | Rew: 7.81 | FPS: 9171.7 | Var: ddqn
Step: 3774464 | EPS: 0.08 | Rew: 7.63 | FPS: 8265.6 | Var: ddqn
Step: 3775488 | EPS: 0.08 | Rew: 7.99 | FPS: 9145.9 | Var: ddqn
Step: 3776512 | EPS: 0.07 | Rew: 7.72 | FPS: 9244.8 | Var: ddqn
Step: 3777536 | EPS: 0.07 | Rew: 7.63 | FPS: 8926.2 | Var: ddqn
Step: 3778560 | EPS: 0.07 | Rew: 7.72 | FPS: 6319.0 | Var: ddqn
Step: 3779584 | EPS: 0.07 | Rew: 8.02 | FPS: 7347.0 | Var: ddqn
Step: 3780608 | EPS: 0.07 | Rew: 7.75 | FPS: 8904.2 | Var: ddqn
Step: 3781632 | EPS: 0.07 | Rew: 7.68 | FPS: 7581.2 | Var: ddqn
Step: 3782656 | EPS: 0.07 | Rew: 7.94 | FPS: 8060.4 | Var: ddqn
Step: 3783680 | EPS: 0.07 | Rew: 8.18 | FPS: 8876.6 | Var: ddqn
Step: 3784704 | EPS: 0.07 | Rew: 8.27 | FPS: 7527.7 | Var: ddqn
Step: 3785728 | EPS: 0.07 | Rew: 8.02 | FPS: 9083.5 | Var: ddqn
Step: 3786752 | EPS: 0.07 | Rew: 8.11 | FPS: 7403.0 | Var: ddqn
Step: 3787776 | EPS: 0.07 | Rew: 8.04 | FPS: 8694.9 | Var: ddqn
Step: 3788800 | EPS: 0.07 | Rew: 7.83 | FPS: 8248.5 | Var: ddqn
Step: 3789824 | EPS: 0.07 | Rew: 7.78 | FPS: 9155.0 | Var: ddqn
Step: 3790848 | EPS: 0.07 | Rew: 7.94 | FPS: 9063.6 | Var: ddqn
Step: 3791872 | EPS: 0.07 | Rew: 7.82 | FPS: 8925.0 | Var: ddqn
Step: 3792896 | EPS: 0.07 | Rew: 7.85 | FPS: 8530.5 | Var: ddqn
Step: 3793920 | EPS: 0.07 | Rew: 7.47 | FPS: 8911.1 | Var: ddqn
Step: 3794944 | EPS: 0.07 | Rew: 7.88 | FPS: 8278.1 | Var: ddqn
Step: 3795968 | EPS: 0.07 | Rew: 7.71 | FPS: 7496.0 | Var: ddqn
Step: 3796992 | EPS: 0.07 | Rew: 7.94 | FPS: 8441.3 | Var: ddqn
Step: 3798016 | EPS: 0.07 | Rew: 8.15 | FPS: 8604.3 | Var: ddqn
Step: 3799040 | EPS: 0.07 | Rew: 7.90 | FPS: 7656.6 | Var: ddqn
Step: 3800064 | EPS: 0.07 | Rew: 8.11 | FPS: 9071.0 | Var: ddqn
Step: 3801088 | EPS: 0.07 | Rew: 7.61 | FPS: 7869.4 | Var: ddqn
Step: 3802112 | EPS: 0.07 | Rew: 7.78 | FPS: 8738.9 | Var: ddqn
Step: 3803136 | EPS: 0.07 | Rew: 7.89 | FPS: 8173.5 | Var: ddqn
Step: 3804160 | EPS: 0.07 | Rew: 7.91 | FPS: 9397.5 | Var: ddqn
Step: 3805184 | EPS: 0.07 | Rew: 8.32 | FPS: 9335.0 | Var: ddqn
Step: 3806208 | EPS: 0.07 | Rew: 8.44 | FPS: 9091.4 | Var: ddqn
Step: 3807232 | EPS: 0.07 | Rew: 8.46 | FPS: 9383.4 | Var: ddqn
Step: 3808256 | EPS: 0.07 | Rew: 8.84 | FPS: 9651.1 | Var: ddqn
>>> [Best] Saved -> agent/checkpoints/ddqn_pretrain.pth | Rew 8.84
Step: 3809280 | EPS: 0.07 | Rew: 8.36 | FPS: 9292.6 | Var: ddqn
Step: 3810304 | EPS: 0.07 | Rew: 8.20 | FPS: 9320.2 | Var: ddqn
Step: 3811328 | EPS: 0.07 | Rew: 7.86 | FPS: 8687.8 | Var: ddqn
Step: 3812352 | EPS: 0.07 | Rew: 7.60 | FPS: 9424.4 | Var: ddqn
Step: 3813376 | EPS: 0.07 | Rew: 7.70 | FPS: 8725.9 | Var: ddqn
Step: 3814400 | EPS: 0.07 | Rew: 7.56 | FPS: 9574.0 | Var: ddqn
Step: 3815424 | EPS: 0.07 | Rew: 8.03 | FPS: 8826.9 | Var: ddqn
Step: 3816448 | EPS: 0.06 | Rew: 8.27 | FPS: 9175.2 | Var: ddqn
Step: 3817472 | EPS: 0.06 | Rew: 8.63 | FPS: 9033.7 | Var: ddqn
Step: 3818496 | EPS: 0.06 | Rew: 8.49 | FPS: 7634.1 | Var: ddqn
Step: 3819520 | EPS: 0.06 | Rew: 8.41 | FPS: 9206.3 | Var: ddqn
Step: 3820544 | EPS: 0.06 | Rew: 8.41 | FPS: 9177.8 | Var: ddqn
Step: 3821568 | EPS: 0.06 | Rew: 8.77 | FPS: 6618.0 | Var: ddqn
Step: 3822592 | EPS: 0.06 | Rew: 8.80 | FPS: 7424.1 | Var: ddqn
Step: 3823616 | EPS: 0.06 | Rew: 8.82 | FPS: 8700.0 | Var: ddqn
Step: 3824640 | EPS: 0.06 | Rew: 8.77 | FPS: 6562.6 | Var: ddqn
Step: 3825664 | EPS: 0.06 | Rew: 8.99 | FPS: 8457.3 | Var: ddqn
Step: 3826688 | EPS: 0.06 | Rew: 9.23 | FPS: 9351.4 | Var: ddqn
Step: 3827712 | EPS: 0.06 | Rew: 8.96 | FPS: 8443.7 | Var: ddqn
Step: 3828736 | EPS: 0.06 | Rew: 8.93 | FPS: 9170.0 | Var: ddqn
Step: 3829760 | EPS: 0.06 | Rew: 8.96 | FPS: 9058.3 | Var: ddqn
Step: 3830784 | EPS: 0.06 | Rew: 8.79 | FPS: 8919.6 | Var: ddqn
Step: 3831808 | EPS: 0.06 | Rew: 8.51 | FPS: 8871.4 | Var: ddqn
Step: 3832832 | EPS: 0.06 | Rew: 8.60 | FPS: 7446.7 | Var: ddqn
Step: 3833856 | EPS: 0.06 | Rew: 8.71 | FPS: 7559.2 | Var: ddqn
Step: 3834880 | EPS: 0.06 | Rew: 8.77 | FPS: 8406.5 | Var: ddqn
Step: 3835904 | EPS: 0.06 | Rew: 8.61 | FPS: 9238.1 | Var: ddqn
Step: 3836928 | EPS: 0.06 | Rew: 8.77 | FPS: 7847.5 | Var: ddqn
Step: 3837952 | EPS: 0.06 | Rew: 8.24 | FPS: 8943.9 | Var: ddqn
Step: 3838976 | EPS: 0.06 | Rew: 8.29 | FPS: 9202.1 | Var: ddqn
Step: 3840000 | EPS: 0.06 | Rew: 8.44 | FPS: 8714.3 | Var: ddqn
Step: 3841024 | EPS: 0.06 | Rew: 9.11 | FPS: 8864.8 | Var: ddqn
Step: 3842048 | EPS: 0.06 | Rew: 8.83 | FPS: 9255.1 | Var: ddqn
Step: 3843072 | EPS: 0.06 | Rew: 8.68 | FPS: 7204.8 | Var: ddqn
Step: 3844096 | EPS: 0.06 | Rew: 8.41 | FPS: 9349.4 | Var: ddqn
Step: 3845120 | EPS: 0.06 | Rew: 8.07 | FPS: 9181.0 | Var: ddqn
Step: 3846144 | EPS: 0.06 | Rew: 8.44 | FPS: 9221.6 | Var: ddqn
Step: 3847168 | EPS: 0.06 | Rew: 8.58 | FPS: 9351.4 | Var: ddqn
Step: 3848192 | EPS: 0.06 | Rew: 8.52 | FPS: 9435.3 | Var: ddqn
Step: 3849216 | EPS: 0.06 | Rew: 8.45 | FPS: 9103.8 | Var: ddqn
Step: 3850240 | EPS: 0.06 | Rew: 8.67 | FPS: 8910.2 | Var: ddqn
Step: 3851264 | EPS: 0.06 | Rew: 8.74 | FPS: 8949.8 | Var: ddqn
Step: 3852288 | EPS: 0.06 | Rew: 8.89 | FPS: 8169.1 | Var: ddqn
Step: 3853312 | EPS: 0.06 | Rew: 8.86 | FPS: 8804.4 | Var: ddqn
Step: 3854336 | EPS: 0.06 | Rew: 8.60 | FPS: 9294.1 | Var: ddqn
Step: 3855360 | EPS: 0.06 | Rew: 8.36 | FPS: 7931.9 | Var: ddqn
Step: 3856384 | EPS: 0.06 | Rew: 8.53 | FPS: 7741.8 | Var: ddqn
Step: 3857408 | EPS: 0.05 | Rew: 8.95 | FPS: 9344.7 | Var: ddqn
Step: 3858432 | EPS: 0.05 | Rew: 9.36 | FPS: 9483.8 | Var: ddqn
>>> [Best] Saved -> agent/checkpoints/ddqn_pretrain.pth | Rew 9.36
Step: 3859456 | EPS: 0.05 | Rew: 9.56 | FPS: 8745.2 | Var: ddqn
Step: 3860480 | EPS: 0.05 | Rew: 9.41 | FPS: 9078.4 | Var: ddqn
Step: 3861504 | EPS: 0.05 | Rew: 8.94 | FPS: 5992.9 | Var: ddqn
Step: 3862528 | EPS: 0.05 | Rew: 9.10 | FPS: 6389.1 | Var: ddqn
Step: 3863552 | EPS: 0.05 | Rew: 9.34 | FPS: 8245.2 | Var: ddqn
Step: 3864576 | EPS: 0.05 | Rew: 9.43 | FPS: 9092.1 | Var: ddqn
Step: 3865600 | EPS: 0.05 | Rew: 9.35 | FPS: 8792.5 | Var: ddqn
Step: 3866624 | EPS: 0.05 | Rew: 9.48 | FPS: 7190.3 | Var: ddqn
Step: 3867648 | EPS: 0.05 | Rew: 9.30 | FPS: 9135.9 | Var: ddqn
Step: 3868672 | EPS: 0.05 | Rew: 9.40 | FPS: 9178.0 | Var: ddqn
Step: 3869696 | EPS: 0.05 | Rew: 9.55 | FPS: 6638.8 | Var: ddqn
Step: 3870720 | EPS: 0.05 | Rew: 9.61 | FPS: 8596.3 | Var: ddqn
Step: 3871744 | EPS: 0.05 | Rew: 9.35 | FPS: 9322.6 | Var: ddqn
Step: 3872768 | EPS: 0.05 | Rew: 9.49 | FPS: 8327.8 | Var: ddqn
Step: 3873792 | EPS: 0.05 | Rew: 9.64 | FPS: 9245.2 | Var: ddqn
Step: 3874816 | EPS: 0.05 | Rew: 9.81 | FPS: 8654.2 | Var: ddqn
Step: 3875840 | EPS: 0.05 | Rew: 9.95 | FPS: 8909.9 | Var: ddqn
>>> [Best] Saved -> agent/checkpoints/ddqn_pretrain.pth | Rew 9.95
Step: 3876864 | EPS: 0.05 | Rew: 9.84 | FPS: 9030.4 | Var: ddqn
Step: 3877888 | EPS: 0.05 | Rew: 10.29 | FPS: 6619.6 | Var: ddqn
Step: 3878912 | EPS: 0.05 | Rew: 10.45 | FPS: 5695.8 | Var: ddqn
>>> [Best] Saved -> agent/checkpoints/ddqn_pretrain.pth | Rew 10.45
Step: 3879936 | EPS: 0.05 | Rew: 10.16 | FPS: 7997.8 | Var: ddqn
Step: 3880960 | EPS: 0.05 | Rew: 9.89 | FPS: 8869.6 | Var: ddqn
Step: 3881984 | EPS: 0.05 | Rew: 9.67 | FPS: 9369.2 | Var: ddqn
Step: 3883008 | EPS: 0.05 | Rew: 9.77 | FPS: 8853.5 | Var: ddqn
Step: 3884032 | EPS: 0.05 | Rew: 10.14 | FPS: 9443.4 | Var: ddqn
Step: 3885056 | EPS: 0.05 | Rew: 10.17 | FPS: 7170.5 | Var: ddqn
Step: 3886080 | EPS: 0.05 | Rew: 9.98 | FPS: 8558.1 | Var: ddqn
Step: 3887104 | EPS: 0.05 | Rew: 9.92 | FPS: 9069.5 | Var: ddqn
Step: 3888128 | EPS: 0.05 | Rew: 10.35 | FPS: 9169.4 | Var: ddqn
Step: 3889152 | EPS: 0.05 | Rew: 10.49 | FPS: 8907.7 | Var: ddqn
Step: 3890176 | EPS: 0.05 | Rew: 10.35 | FPS: 9307.4 | Var: ddqn
Step: 3891200 | EPS: 0.05 | Rew: 9.70 | FPS: 8999.4 | Var: ddqn
Step: 3892224 | EPS: 0.05 | Rew: 10.11 | FPS: 8994.7 | Var: ddqn
Step: 3893248 | EPS: 0.05 | Rew: 9.61 | FPS: 9170.2 | Var: ddqn
Step: 3894272 | EPS: 0.05 | Rew: 9.73 | FPS: 7202.7 | Var: ddqn
Step: 3895296 | EPS: 0.05 | Rew: 10.23 | FPS: 9470.1 | Var: ddqn
Step: 3896320 | EPS: 0.05 | Rew: 10.21 | FPS: 8621.4 | Var: ddqn
Step: 3897344 | EPS: 0.05 | Rew: 9.54 | FPS: 7751.7 | Var: ddqn
Step: 3898368 | EPS: 0.04 | Rew: 9.80 | FPS: 9268.2 | Var: ddqn
Step: 3899392 | EPS: 0.04 | Rew: 9.97 | FPS: 9209.3 | Var: ddqn
Step: 3900416 | EPS: 0.04 | Rew: 10.14 | FPS: 8909.6 | Var: ddqn
Step: 3901440 | EPS: 0.04 | Rew: 10.09 | FPS: 8454.6 | Var: ddqn
Step: 3902464 | EPS: 0.04 | Rew: 10.12 | FPS: 7318.3 | Var: ddqn
Step: 3903488 | EPS: 0.04 | Rew: 9.97 | FPS: 8876.5 | Var: ddqn
Step: 3904512 | EPS: 0.04 | Rew: 9.54 | FPS: 9437.3 | Var: ddqn
Step: 3905536 | EPS: 0.04 | Rew: 9.17 | FPS: 9300.2 | Var: ddqn
Step: 3906560 | EPS: 0.04 | Rew: 9.42 | FPS: 6712.3 | Var: ddqn
Step: 3907584 | EPS: 0.04 | Rew: 9.74 | FPS: 8790.1 | Var: ddqn
Step: 3908608 | EPS: 0.04 | Rew: 9.97 | FPS: 8379.1 | Var: ddqn
Step: 3909632 | EPS: 0.04 | Rew: 10.02 | FPS: 8475.7 | Var: ddqn
Step: 3910656 | EPS: 0.04 | Rew: 9.90 | FPS: 7832.0 | Var: ddqn
Step: 3911680 | EPS: 0.04 | Rew: 10.36 | FPS: 7660.8 | Var: ddqn
Step: 3912704 | EPS: 0.04 | Rew: 10.16 | FPS: 8742.1 | Var: ddqn
Step: 3913728 | EPS: 0.04 | Rew: 9.87 | FPS: 9138.2 | Var: ddqn
Step: 3914752 | EPS: 0.04 | Rew: 9.94 | FPS: 7478.7 | Var: ddqn
Step: 3915776 | EPS: 0.04 | Rew: 10.31 | FPS: 8065.8 | Var: ddqn
Step: 3916800 | EPS: 0.04 | Rew: 10.72 | FPS: 8545.0 | Var: ddqn
Step: 3917824 | EPS: 0.04 | Rew: 10.50 | FPS: 8105.7 | Var: ddqn
Step: 3918848 | EPS: 0.04 | Rew: 10.46 | FPS: 8344.7 | Var: ddqn
Step: 3919872 | EPS: 0.04 | Rew: 10.39 | FPS: 7263.0 | Var: ddqn
Step: 3920896 | EPS: 0.04 | Rew: 10.57 | FPS: 9102.8 | Var: ddqn
Step: 3921920 | EPS: 0.04 | Rew: 10.94 | FPS: 8961.2 | Var: ddqn
Step: 3922944 | EPS: 0.04 | Rew: 11.07 | FPS: 9595.8 | Var: ddqn
>>> [Best] Saved -> agent/checkpoints/ddqn_pretrain.pth | Rew 11.07
Step: 3923968 | EPS: 0.04 | Rew: 11.16 | FPS: 8872.6 | Var: ddqn
Step: 3924992 | EPS: 0.04 | Rew: 11.23 | FPS: 8569.8 | Var: ddqn
Step: 3926016 | EPS: 0.04 | Rew: 11.57 | FPS: 9290.3 | Var: ddqn
>>> [Best] Saved -> agent/checkpoints/ddqn_pretrain.pth | Rew 11.57
Step: 3927040 | EPS: 0.04 | Rew: 11.83 | FPS: 9562.3 | Var: ddqn
Step: 3928064 | EPS: 0.04 | Rew: 12.19 | FPS: 9904.8 | Var: ddqn
>>> [Best] Saved -> agent/checkpoints/ddqn_pretrain.pth | Rew 12.19
Step: 3929088 | EPS: 0.04 | Rew: 12.55 | FPS: 8521.1 | Var: ddqn
Step: 3930112 | EPS: 0.04 | Rew: 12.56 | FPS: 9449.0 | Var: ddqn
Step: 3931136 | EPS: 0.04 | Rew: 12.57 | FPS: 9417.1 | Var: ddqn
Step: 3932160 | EPS: 0.04 | Rew: 12.33 | FPS: 9282.2 | Var: ddqn
Step: 3933184 | EPS: 0.04 | Rew: 12.29 | FPS: 9359.2 | Var: ddqn
Step: 3934208 | EPS: 0.04 | Rew: 12.33 | FPS: 9168.6 | Var: ddqn
Step: 3935232 | EPS: 0.04 | Rew: 12.42 | FPS: 9232.1 | Var: ddqn
Step: 3936256 | EPS: 0.04 | Rew: 12.47 | FPS: 9121.2 | Var: ddqn
Step: 3937280 | EPS: 0.04 | Rew: 12.40 | FPS: 9380.9 | Var: ddqn
Step: 3938304 | EPS: 0.04 | Rew: 12.41 | FPS: 7184.3 | Var: ddqn
Step: 3939328 | EPS: 0.03 | Rew: 12.04 | FPS: 9237.0 | Var: ddqn
Step: 3940352 | EPS: 0.03 | Rew: 12.29 | FPS: 9248.5 | Var: ddqn
Step: 3941376 | EPS: 0.03 | Rew: 12.50 | FPS: 7352.0 | Var: ddqn
Step: 3942400 | EPS: 0.03 | Rew: 12.37 | FPS: 6719.3 | Var: ddqn
Step: 3943424 | EPS: 0.03 | Rew: 12.35 | FPS: 6983.4 | Var: ddqn
Step: 3944448 | EPS: 0.03 | Rew: 12.22 | FPS: 9385.7 | Var: ddqn
Step: 3945472 | EPS: 0.03 | Rew: 12.51 | FPS: 9279.4 | Var: ddqn
Step: 3946496 | EPS: 0.03 | Rew: 12.44 | FPS: 9342.0 | Var: ddqn
Step: 3947520 | EPS: 0.03 | Rew: 12.65 | FPS: 9481.5 | Var: ddqn
Step: 3948544 | EPS: 0.03 | Rew: 12.73 | FPS: 9542.2 | Var: ddqn
>>> [Best] Saved -> agent/checkpoints/ddqn_pretrain.pth | Rew 12.73
Step: 3949568 | EPS: 0.03 | Rew: 12.58 | FPS: 9465.7 | Var: ddqn
Step: 3950592 | EPS: 0.03 | Rew: 12.38 | FPS: 7752.0 | Var: ddqn
Step: 3951616 | EPS: 0.03 | Rew: 12.15 | FPS: 8326.3 | Var: ddqn
Step: 3952640 | EPS: 0.03 | Rew: 12.35 | FPS: 6758.0 | Var: ddqn
Step: 3953664 | EPS: 0.03 | Rew: 12.64 | FPS: 8928.4 | Var: ddqn
Step: 3954688 | EPS: 0.03 | Rew: 12.96 | FPS: 7999.9 | Var: ddqn
Step: 3955712 | EPS: 0.03 | Rew: 12.97 | FPS: 8287.4 | Var: ddqn
Step: 3956736 | EPS: 0.03 | Rew: 12.94 | FPS: 7185.4 | Var: ddqn
Step: 3957760 | EPS: 0.03 | Rew: 13.20 | FPS: 8083.3 | Var: ddqn
Step: 3958784 | EPS: 0.03 | Rew: 13.63 | FPS: 8510.5 | Var: ddqn
>>> [Best] Saved -> agent/checkpoints/ddqn_pretrain.pth | Rew 13.63
Step: 3959808 | EPS: 0.03 | Rew: 14.15 | FPS: 8759.2 | Var: ddqn
>>> [Best] Saved -> agent/checkpoints/ddqn_pretrain.pth | Rew 14.15
Step: 3960832 | EPS: 0.03 | Rew: 13.94 | FPS: 6205.1 | Var: ddqn
Step: 3961856 | EPS: 0.03 | Rew: 14.02 | FPS: 9215.3 | Var: ddqn
Step: 3962880 | EPS: 0.03 | Rew: 14.32 | FPS: 9225.3 | Var: ddqn
Step: 3963904 | EPS: 0.03 | Rew: 15.10 | FPS: 8782.2 | Var: ddqn
>>> [Best] Saved -> agent/checkpoints/ddqn_pretrain.pth | Rew 15.10
Step: 3964928 | EPS: 0.03 | Rew: 15.42 | FPS: 8041.2 | Var: ddqn
Step: 3965952 | EPS: 0.03 | Rew: 15.43 | FPS: 8947.4 | Var: ddqn
Step: 3966976 | EPS: 0.03 | Rew: 15.67 | FPS: 9299.6 | Var: ddqn
>>> [Best] Saved -> agent/checkpoints/ddqn_pretrain.pth | Rew 15.67
Step: 3968000 | EPS: 0.03 | Rew: 16.21 | FPS: 8953.8 | Var: ddqn
>>> [Best] Saved -> agent/checkpoints/ddqn_pretrain.pth | Rew 16.21
Step: 3969024 | EPS: 0.03 | Rew: 16.30 | FPS: 9037.9 | Var: ddqn
Step: 3970048 | EPS: 0.03 | Rew: 16.33 | FPS: 9597.7 | Var: ddqn
Step: 3971072 | EPS: 0.03 | Rew: 16.45 | FPS: 6737.8 | Var: ddqn
Step: 3972096 | EPS: 0.03 | Rew: 16.73 | FPS: 8908.8 | Var: ddqn
>>> [Best] Saved -> agent/checkpoints/ddqn_pretrain.pth | Rew 16.73
Step: 3973120 | EPS: 0.03 | Rew: 16.64 | FPS: 9070.4 | Var: ddqn
Step: 3974144 | EPS: 0.03 | Rew: 16.79 | FPS: 7448.5 | Var: ddqn
Step: 3975168 | EPS: 0.03 | Rew: 17.21 | FPS: 8563.2 | Var: ddqn
Step: 3976192 | EPS: 0.03 | Rew: 17.31 | FPS: 8436.3 | Var: ddqn
>>> [Best] Saved -> agent/checkpoints/ddqn_pretrain.pth | Rew 17.31
Step: 3977216 | EPS: 0.03 | Rew: 17.10 | FPS: 9049.4 | Var: ddqn
Step: 3978240 | EPS: 0.03 | Rew: 17.02 | FPS: 9190.0 | Var: ddqn
Step: 3979264 | EPS: 0.03 | Rew: 16.81 | FPS: 8363.4 | Var: ddqn
Step: 3980288 | EPS: 0.02 | Rew: 16.77 | FPS: 8504.9 | Var: ddqn
Step: 3981312 | EPS: 0.02 | Rew: 16.96 | FPS: 7553.6 | Var: ddqn
Step: 3982336 | EPS: 0.02 | Rew: 16.57 | FPS: 7320.3 | Var: ddqn
Step: 3983360 | EPS: 0.02 | Rew: 16.62 | FPS: 9086.0 | Var: ddqn
Step: 3984384 | EPS: 0.02 | Rew: 16.23 | FPS: 8141.6 | Var: ddqn
Step: 3985408 | EPS: 0.02 | Rew: 16.35 | FPS: 6117.2 | Var: ddqn
Step: 3986432 | EPS: 0.02 | Rew: 16.75 | FPS: 9079.0 | Var: ddqn
Step: 3987456 | EPS: 0.02 | Rew: 16.78 | FPS: 7700.9 | Var: ddqn
Step: 3988480 | EPS: 0.02 | Rew: 16.32 | FPS: 8211.6 | Var: ddqn
Step: 3989504 | EPS: 0.02 | Rew: 16.35 | FPS: 7876.1 | Var: ddqn
Step: 3990528 | EPS: 0.02 | Rew: 16.45 | FPS: 9131.9 | Var: ddqn
Step: 3991552 | EPS: 0.02 | Rew: 16.41 | FPS: 9438.3 | Var: ddqn
Step: 3992576 | EPS: 0.02 | Rew: 16.11 | FPS: 8870.2 | Var: ddqn
Step: 3993600 | EPS: 0.02 | Rew: 15.95 | FPS: 9028.5 | Var: ddqn
Step: 3994624 | EPS: 0.02 | Rew: 15.72 | FPS: 9080.8 | Var: ddqn
Step: 3995648 | EPS: 0.02 | Rew: 15.72 | FPS: 8995.6 | Var: ddqn
Step: 3996672 | EPS: 0.02 | Rew: 15.63 | FPS: 7806.1 | Var: ddqn
Step: 3997696 | EPS: 0.02 | Rew: 15.57 | FPS: 8971.2 | Var: ddqn
Step: 3998720 | EPS: 0.02 | Rew: 15.76 | FPS: 9082.6 | Var: ddqn
Step: 3999744 | EPS: 0.02 | Rew: 15.53 | FPS: 8595.2 | Var: ddqn
Step: 4000768 | EPS: 0.02 | Rew: 16.44 | FPS: 9222.1 | Var: ddqn
Step: 4001792 | EPS: 0.02 | Rew: 16.71 | FPS: 9279.9 | Var: ddqn
Step: 4002816 | EPS: 0.02 | Rew: 16.73 | FPS: 8961.0 | Var: ddqn
Step: 4003840 | EPS: 0.02 | Rew: 16.67 | FPS: 8324.9 | Var: ddqn
Step: 4004864 | EPS: 0.02 | Rew: 16.95 | FPS: 8991.3 | Var: ddqn
Step: 4005888 | EPS: 0.02 | Rew: 17.56 | FPS: 8868.7 | Var: ddqn
Step: 4006912 | EPS: 0.02 | Rew: 17.30 | FPS: 9037.9 | Var: ddqn
Step: 4007936 | EPS: 0.02 | Rew: 17.70 | FPS: 9319.8 | Var: ddqn
Step: 4008960 | EPS: 0.02 | Rew: 17.70 | FPS: 8882.0 | Var: ddqn
Step: 4009984 | EPS: 0.02 | Rew: 17.72 | FPS: 8940.3 | Var: ddqn
Step: 4011008 | EPS: 0.02 | Rew: 18.42 | FPS: 8739.6 | Var: ddqn
>>> [Best] Saved -> agent/checkpoints/ddqn_pretrain.pth | Rew 18.42
Step: 4012032 | EPS: 0.02 | Rew: 18.66 | FPS: 8885.1 | Var: ddqn
Step: 4013056 | EPS: 0.02 | Rew: 19.27 | FPS: 7751.6 | Var: ddqn
>>> [Best] Saved -> agent/checkpoints/ddqn_pretrain.pth | Rew 19.27
Step: 4014080 | EPS: 0.02 | Rew: 19.13 | FPS: 8807.0 | Var: ddqn
Step: 4015104 | EPS: 0.02 | Rew: 18.88 | FPS: 7796.3 | Var: ddqn
Step: 4016128 | EPS: 0.02 | Rew: 19.15 | FPS: 8957.8 | Var: ddqn
Step: 4017152 | EPS: 0.02 | Rew: 18.96 | FPS: 9435.2 | Var: ddqn
Step: 4018176 | EPS: 0.02 | Rew: 19.27 | FPS: 8931.0 | Var: ddqn
Step: 4019200 | EPS: 0.02 | Rew: 19.39 | FPS: 9631.7 | Var: ddqn
Step: 4020224 | EPS: 0.02 | Rew: 19.48 | FPS: 6366.3 | Var: ddqn
Step: 4021248 | EPS: 0.02 | Rew: 19.68 | FPS: 9078.7 | Var: ddqn
Step: 4022272 | EPS: 0.02 | Rew: 19.91 | FPS: 7499.3 | Var: ddqn
>>> [Best] Saved -> agent/checkpoints/ddqn_pretrain.pth | Rew 19.91
Step: 4023296 | EPS: 0.02 | Rew: 20.08 | FPS: 8897.6 | Var: ddqn
Step: 4024320 | EPS: 0.02 | Rew: 20.08 | FPS: 9021.4 | Var: ddqn
Step: 4025344 | EPS: 0.02 | Rew: 20.02 | FPS: 9494.3 | Var: ddqn
Step: 4026368 | EPS: 0.02 | Rew: 19.72 | FPS: 7615.6 | Var: ddqn
Step: 4027392 | EPS: 0.02 | Rew: 19.58 | FPS: 8598.3 | Var: ddqn
Step: 4028416 | EPS: 0.02 | Rew: 18.96 | FPS: 7626.5 | Var: ddqn
Step: 4029440 | EPS: 0.02 | Rew: 19.26 | FPS: 7054.1 | Var: ddqn
Step: 4030464 | EPS: 0.02 | Rew: 18.99 | FPS: 9954.2 | Var: ddqn
Step: 4031488 | EPS: 0.02 | Rew: 18.78 | FPS: 8366.1 | Var: ddqn
Step: 4032512 | EPS: 0.02 | Rew: 18.50 | FPS: 8779.1 | Var: ddqn
Step: 4033536 | EPS: 0.02 | Rew: 18.05 | FPS: 9419.6 | Var: ddqn
Step: 4034560 | EPS: 0.02 | Rew: 17.73 | FPS: 8355.6 | Var: ddqn
Step: 4035584 | EPS: 0.02 | Rew: 17.86 | FPS: 8205.6 | Var: ddqn
Step: 4036608 | EPS: 0.02 | Rew: 17.89 | FPS: 8976.6 | Var: ddqn
Step: 4037632 | EPS: 0.02 | Rew: 18.00 | FPS: 7166.1 | Var: ddqn
Step: 4038656 | EPS: 0.02 | Rew: 17.77 | FPS: 7719.6 | Var: ddqn
Step: 4039680 | EPS: 0.02 | Rew: 18.21 | FPS: 9378.3 | Var: ddqn
Step: 4040704 | EPS: 0.02 | Rew: 18.21 | FPS: 9149.0 | Var: ddqn
Step: 4041728 | EPS: 0.02 | Rew: 17.89 | FPS: 8885.9 | Var: ddqn
Step: 4042752 | EPS: 0.02 | Rew: 17.71 | FPS: 9040.3 | Var: ddqn
Step: 4043776 | EPS: 0.02 | Rew: 17.40 | FPS: 9015.0 | Var: ddqn
Step: 4044800 | EPS: 0.02 | Rew: 17.72 | FPS: 8532.8 | Var: ddqn
Step: 4045824 | EPS: 0.02 | Rew: 17.72 | FPS: 9513.3 | Var: ddqn
Step: 4046848 | EPS: 0.02 | Rew: 17.72 | FPS: 8431.5 | Var: ddqn
Step: 4047872 | EPS: 0.02 | Rew: 17.89 | FPS: 9182.4 | Var: ddqn
Step: 4048896 | EPS: 0.02 | Rew: 18.77 | FPS: 8347.1 | Var: ddqn
Step: 4049920 | EPS: 0.02 | Rew: 18.93 | FPS: 9410.8 | Var: ddqn
Step: 4050944 | EPS: 0.02 | Rew: 18.81 | FPS: 8642.1 | Var: ddqn
Step: 4051968 | EPS: 0.02 | Rew: 18.36 | FPS: 8344.4 | Var: ddqn
Step: 4052992 | EPS: 0.02 | Rew: 18.60 | FPS: 9419.2 | Var: ddqn
Step: 4054016 | EPS: 0.02 | Rew: 18.54 | FPS: 9279.8 | Var: ddqn
Step: 4055040 | EPS: 0.02 | Rew: 18.54 | FPS: 9325.9 | Var: ddqn
Step: 4056064 | EPS: 0.02 | Rew: 18.88 | FPS: 8023.0 | Var: ddqn
Step: 4057088 | EPS: 0.02 | Rew: 18.86 | FPS: 6332.1 | Var: ddqn
Step: 4058112 | EPS: 0.02 | Rew: 18.85 | FPS: 8957.0 | Var: ddqn
Step: 4059136 | EPS: 0.02 | Rew: 18.72 | FPS: 8358.2 | Var: ddqn
Step: 4060160 | EPS: 0.02 | Rew: 19.14 | FPS: 9258.5 | Var: ddqn
Step: 4061184 | EPS: 0.02 | Rew: 19.05 | FPS: 9029.6 | Var: ddqn
Step: 4062208 | EPS: 0.02 | Rew: 19.54 | FPS: 7688.9 | Var: ddqn
Step: 4063232 | EPS: 0.02 | Rew: 19.19 | FPS: 9199.0 | Var: ddqn
Step: 4064256 | EPS: 0.02 | Rew: 19.29 | FPS: 8642.4 | Var: ddqn
Step: 4065280 | EPS: 0.02 | Rew: 19.41 | FPS: 7551.4 | Var: ddqn
Step: 4066304 | EPS: 0.02 | Rew: 19.37 | FPS: 8022.2 | Var: ddqn
Step: 4067328 | EPS: 0.02 | Rew: 19.31 | FPS: 6572.5 | Var: ddqn
Step: 4068352 | EPS: 0.02 | Rew: 19.28 | FPS: 8674.6 | Var: ddqn
Step: 4069376 | EPS: 0.02 | Rew: 18.79 | FPS: 7174.8 | Var: ddqn
Step: 4070400 | EPS: 0.02 | Rew: 18.88 | FPS: 7411.0 | Var: ddqn
Step: 4071424 | EPS: 0.02 | Rew: 19.30 | FPS: 7284.1 | Var: ddqn
Step: 4072448 | EPS: 0.02 | Rew: 20.12 | FPS: 9240.6 | Var: ddqn
Step: 4073472 | EPS: 0.02 | Rew: 20.00 | FPS: 9119.4 | Var: ddqn
Step: 4074496 | EPS: 0.02 | Rew: 19.93 | FPS: 8999.3 | Var: ddqn
Step: 4075520 | EPS: 0.02 | Rew: 19.82 | FPS: 9374.9 | Var: ddqn
Step: 4076544 | EPS: 0.02 | Rew: 19.76 | FPS: 7492.9 | Var: ddqn
Step: 4077568 | EPS: 0.02 | Rew: 19.90 | FPS: 9421.2 | Var: ddqn
Step: 4078592 | EPS: 0.02 | Rew: 19.86 | FPS: 9173.0 | Var: ddqn
Step: 4079616 | EPS: 0.02 | Rew: 20.09 | FPS: 9221.3 | Var: ddqn
Step: 4080640 | EPS: 0.02 | Rew: 20.13 | FPS: 9127.3 | Var: ddqn
Step: 4081664 | EPS: 0.02 | Rew: 20.58 | FPS: 9051.5 | Var: ddqn
>>> [Best] Saved -> agent/checkpoints/ddqn_pretrain.pth | Rew 20.58
Step: 4082688 | EPS: 0.02 | Rew: 20.68 | FPS: 8975.4 | Var: ddqn
Step: 4083712 | EPS: 0.02 | Rew: 20.63 | FPS: 8806.2 | Var: ddqn
Step: 4084736 | EPS: 0.02 | Rew: 20.80 | FPS: 8995.4 | Var: ddqn
Step: 4085760 | EPS: 0.02 | Rew: 20.59 | FPS: 7494.0 | Var: ddqn
Step: 4086784 | EPS: 0.02 | Rew: 20.32 | FPS: 8801.1 | Var: ddqn
Step: 4087808 | EPS: 0.02 | Rew: 20.57 | FPS: 8837.3 | Var: ddqn
Step: 4088832 | EPS: 0.02 | Rew: 21.02 | FPS: 8822.0 | Var: ddqn
Step: 4089856 | EPS: 0.02 | Rew: 21.87 | FPS: 9274.2 | Var: ddqn
>>> [Best] Saved -> agent/checkpoints/ddqn_pretrain.pth | Rew 21.87
Step: 4090880 | EPS: 0.02 | Rew: 21.75 | FPS: 7935.7 | Var: ddqn
Step: 4091904 | EPS: 0.02 | Rew: 22.19 | FPS: 9201.7 | Var: ddqn
Step: 4092928 | EPS: 0.02 | Rew: 21.82 | FPS: 7137.3 | Var: ddqn
Step: 4093952 | EPS: 0.02 | Rew: 21.95 | FPS: 7438.0 | Var: ddqn
Step: 4094976 | EPS: 0.02 | Rew: 22.01 | FPS: 8942.6 | Var: ddqn
Step: 4096000 | EPS: 0.02 | Rew: 22.32 | FPS: 8331.8 | Var: ddqn
Step: 4097024 | EPS: 0.02 | Rew: 22.30 | FPS: 9328.6 | Var: ddqn
Step: 4098048 | EPS: 0.02 | Rew: 21.92 | FPS: 9614.9 | Var: ddqn
Step: 4099072 | EPS: 0.02 | Rew: 21.95 | FPS: 8639.6 | Var: ddqn
Step: 4100096 | EPS: 0.02 | Rew: 21.97 | FPS: 7278.7 | Var: ddqn
Step: 4101120 | EPS: 0.02 | Rew: 22.04 | FPS: 8803.4 | Var: ddqn
Step: 4102144 | EPS: 0.02 | Rew: 22.13 | FPS: 7046.4 | Var: ddqn
Step: 4103168 | EPS: 0.02 | Rew: 21.93 | FPS: 7137.1 | Var: ddqn
Step: 4104192 | EPS: 0.02 | Rew: 22.10 | FPS: 7140.7 | Var: ddqn
Step: 4105216 | EPS: 0.02 | Rew: 21.76 | FPS: 7146.7 | Var: ddqn
Step: 4106240 | EPS: 0.02 | Rew: 20.47 | FPS: 8119.0 | Var: ddqn
Step: 4107264 | EPS: 0.02 | Rew: 20.67 | FPS: 8466.3 | Var: ddqn
Step: 4108288 | EPS: 0.02 | Rew: 20.91 | FPS: 7181.7 | Var: ddqn
Step: 4109312 | EPS: 0.02 | Rew: 20.64 | FPS: 8180.3 | Var: ddqn
Step: 4110336 | EPS: 0.02 | Rew: 20.61 | FPS: 6341.7 | Var: ddqn
Step: 4111360 | EPS: 0.02 | Rew: 20.91 | FPS: 7171.7 | Var: ddqn
Step: 4112384 | EPS: 0.02 | Rew: 21.07 | FPS: 7034.8 | Var: ddqn
Step: 4113408 | EPS: 0.02 | Rew: 20.33 | FPS: 7103.5 | Var: ddqn
Step: 4114432 | EPS: 0.02 | Rew: 20.25 | FPS: 7907.3 | Var: ddqn
Step: 4115456 | EPS: 0.02 | Rew: 20.45 | FPS: 9179.3 | Var: ddqn
Step: 4116480 | EPS: 0.02 | Rew: 20.52 | FPS: 6692.3 | Var: ddqn
Step: 4117504 | EPS: 0.02 | Rew: 20.23 | FPS: 7751.4 | Var: ddqn
Step: 4118528 | EPS: 0.02 | Rew: 20.71 | FPS: 9133.9 | Var: ddqn
Step: 4119552 | EPS: 0.02 | Rew: 20.86 | FPS: 8754.3 | Var: ddqn
Step: 4120576 | EPS: 0.02 | Rew: 20.89 | FPS: 8043.9 | Var: ddqn
Step: 4121600 | EPS: 0.02 | Rew: 21.07 | FPS: 9071.1 | Var: ddqn
Step: 4122624 | EPS: 0.02 | Rew: 20.56 | FPS: 8906.0 | Var: ddqn
Step: 4123648 | EPS: 0.02 | Rew: 20.44 | FPS: 9207.6 | Var: ddqn
Step: 4124672 | EPS: 0.02 | Rew: 19.76 | FPS: 8552.7 | Var: ddqn
Step: 4125696 | EPS: 0.02 | Rew: 19.69 | FPS: 6107.0 | Var: ddqn
Step: 4126720 | EPS: 0.02 | Rew: 19.38 | FPS: 7718.5 | Var: ddqn
Step: 4127744 | EPS: 0.02 | Rew: 19.11 | FPS: 7375.9 | Var: ddqn
Step: 4128768 | EPS: 0.02 | Rew: 18.54 | FPS: 6648.9 | Var: ddqn
Step: 4129792 | EPS: 0.02 | Rew: 18.74 | FPS: 6823.1 | Var: ddqn
Step: 4130816 | EPS: 0.02 | Rew: 18.72 | FPS: 8131.8 | Var: ddqn
Step: 4131840 | EPS: 0.02 | Rew: 18.63 | FPS: 6238.7 | Var: ddqn
Step: 4132864 | EPS: 0.02 | Rew: 18.63 | FPS: 9236.9 | Var: ddqn
Step: 4133888 | EPS: 0.02 | Rew: 18.84 | FPS: 8565.7 | Var: ddqn
Step: 4134912 | EPS: 0.02 | Rew: 18.84 | FPS: 9546.3 | Var: ddqn
Step: 4135936 | EPS: 0.02 | Rew: 19.24 | FPS: 9437.5 | Var: ddqn
Step: 4136960 | EPS: 0.02 | Rew: 18.90 | FPS: 8964.3 | Var: ddqn
Step: 4137984 | EPS: 0.02 | Rew: 18.47 | FPS: 8952.5 | Var: ddqn
Step: 4139008 | EPS: 0.02 | Rew: 19.12 | FPS: 7454.6 | Var: ddqn
Step: 4140032 | EPS: 0.02 | Rew: 18.93 | FPS: 9214.1 | Var: ddqn
Step: 4141056 | EPS: 0.02 | Rew: 18.73 | FPS: 9047.8 | Var: ddqn
Step: 4142080 | EPS: 0.02 | Rew: 18.97 | FPS: 8968.7 | Var: ddqn
Step: 4143104 | EPS: 0.02 | Rew: 18.73 | FPS: 7692.2 | Var: ddqn
Step: 4144128 | EPS: 0.02 | Rew: 17.64 | FPS: 7770.4 | Var: ddqn
Step: 4145152 | EPS: 0.02 | Rew: 17.70 | FPS: 8320.5 | Var: ddqn
Step: 4146176 | EPS: 0.02 | Rew: 17.80 | FPS: 8763.6 | Var: ddqn
Step: 4147200 | EPS: 0.02 | Rew: 18.32 | FPS: 9024.3 | Var: ddqn
Step: 4148224 | EPS: 0.02 | Rew: 18.62 | FPS: 8901.0 | Var: ddqn
Step: 4149248 | EPS: 0.02 | Rew: 18.65 | FPS: 9462.3 | Var: ddqn
Step: 4150272 | EPS: 0.02 | Rew: 19.06 | FPS: 9170.7 | Var: ddqn
Step: 4151296 | EPS: 0.02 | Rew: 19.23 | FPS: 6876.2 | Var: ddqn
Step: 4152320 | EPS: 0.02 | Rew: 19.45 | FPS: 7636.1 | Var: ddqn
Step: 4153344 | EPS: 0.02 | Rew: 19.76 | FPS: 8887.6 | Var: ddqn
Step: 4154368 | EPS: 0.02 | Rew: 19.80 | FPS: 6463.8 | Var: ddqn
Step: 4155392 | EPS: 0.02 | Rew: 20.27 | FPS: 7392.2 | Var: ddqn
Step: 4156416 | EPS: 0.02 | Rew: 20.64 | FPS: 9440.3 | Var: ddqn
Step: 4157440 | EPS: 0.02 | Rew: 21.04 | FPS: 8860.9 | Var: ddqn
Step: 4158464 | EPS: 0.02 | Rew: 20.99 | FPS: 8966.1 | Var: ddqn
Step: 4159488 | EPS: 0.02 | Rew: 20.69 | FPS: 9174.9 | Var: ddqn
Step: 4160512 | EPS: 0.02 | Rew: 20.81 | FPS: 5893.3 | Var: ddqn
Step: 4161536 | EPS: 0.02 | Rew: 20.80 | FPS: 7804.2 | Var: ddqn
Step: 4162560 | EPS: 0.02 | Rew: 20.24 | FPS: 8694.7 | Var: ddqn
Step: 4163584 | EPS: 0.02 | Rew: 20.39 | FPS: 8760.3 | Var: ddqn
Step: 4164608 | EPS: 0.02 | Rew: 20.16 | FPS: 7342.4 | Var: ddqn
Step: 4165632 | EPS: 0.02 | Rew: 20.27 | FPS: 6535.4 | Var: ddqn
Step: 4166656 | EPS: 0.02 | Rew: 20.66 | FPS: 8390.5 | Var: ddqn
Step: 4167680 | EPS: 0.02 | Rew: 20.37 | FPS: 6129.8 | Var: ddqn
Step: 4168704 | EPS: 0.02 | Rew: 20.12 | FPS: 8747.8 | Var: ddqn
Step: 4169728 | EPS: 0.02 | Rew: 20.13 | FPS: 8678.9 | Var: ddqn
Step: 4170752 | EPS: 0.02 | Rew: 20.48 | FPS: 8695.7 | Var: ddqn
Step: 4171776 | EPS: 0.02 | Rew: 20.22 | FPS: 8075.4 | Var: ddqn
Step: 4172800 | EPS: 0.02 | Rew: 20.83 | FPS: 8841.3 | Var: ddqn
Step: 4173824 | EPS: 0.02 | Rew: 20.66 | FPS: 8636.1 | Var: ddqn
Step: 4174848 | EPS: 0.02 | Rew: 20.17 | FPS: 8867.2 | Var: ddqn
Step: 4175872 | EPS: 0.02 | Rew: 19.94 | FPS: 9231.2 | Var: ddqn
Step: 4176896 | EPS: 0.02 | Rew: 19.89 | FPS: 7532.7 | Var: ddqn
Step: 4177920 | EPS: 0.02 | Rew: 20.09 | FPS: 9764.7 | Var: ddqn
Step: 4178944 | EPS: 0.02 | Rew: 19.89 | FPS: 8088.4 | Var: ddqn
Step: 4179968 | EPS: 0.02 | Rew: 19.09 | FPS: 9244.5 | Var: ddqn
Step: 4180992 | EPS: 0.02 | Rew: 19.09 | FPS: 9055.0 | Var: ddqn
Step: 4182016 | EPS: 0.02 | Rew: 19.60 | FPS: 6537.7 | Var: ddqn
Step: 4183040 | EPS: 0.02 | Rew: 19.64 | FPS: 7977.8 | Var: ddqn
Step: 4184064 | EPS: 0.02 | Rew: 19.90 | FPS: 9271.1 | Var: ddqn
Step: 4185088 | EPS: 0.02 | Rew: 19.68 | FPS: 9425.8 | Var: ddqn
Step: 4186112 | EPS: 0.02 | Rew: 19.81 | FPS: 9013.8 | Var: ddqn
Step: 4187136 | EPS: 0.02 | Rew: 19.90 | FPS: 6765.1 | Var: ddqn
Step: 4188160 | EPS: 0.02 | Rew: 19.55 | FPS: 7414.3 | Var: ddqn
Step: 4189184 | EPS: 0.02 | Rew: 19.31 | FPS: 6697.2 | Var: ddqn
Step: 4190208 | EPS: 0.02 | Rew: 19.35 | FPS: 7943.6 | Var: ddqn
Step: 4191232 | EPS: 0.02 | Rew: 19.51 | FPS: 7575.6 | Var: ddqn
Step: 4192256 | EPS: 0.02 | Rew: 19.41 | FPS: 9107.8 | Var: ddqn
Step: 4193280 | EPS: 0.02 | Rew: 19.10 | FPS: 9961.6 | Var: ddqn
Step: 4194304 | EPS: 0.02 | Rew: 18.99 | FPS: 10439.7 | Var: ddqn
Step: 4195328 | EPS: 0.02 | Rew: 19.24 | FPS: 8319.5 | Var: ddqn
Step: 4196352 | EPS: 0.02 | Rew: 19.23 | FPS: 9199.2 | Var: ddqn
Step: 4197376 | EPS: 0.02 | Rew: 19.20 | FPS: 6235.7 | Var: ddqn
Step: 4198400 | EPS: 0.02 | Rew: 19.47 | FPS: 9561.0 | Var: ddqn
Step: 4199424 | EPS: 0.02 | Rew: 19.26 | FPS: 6213.5 | Var: ddqn
Step: 4200448 | EPS: 0.02 | Rew: 19.61 | FPS: 4748.9 | Var: ddqn
Step: 4201472 | EPS: 0.02 | Rew: 19.65 | FPS: 7237.0 | Var: ddqn
Step: 4202496 | EPS: 0.02 | Rew: 20.16 | FPS: 8051.0 | Var: ddqn
Step: 4203520 | EPS: 0.02 | Rew: 20.86 | FPS: 7899.4 | Var: ddqn
Step: 4204544 | EPS: 0.02 | Rew: 20.84 | FPS: 6696.1 | Var: ddqn
Step: 4205568 | EPS: 0.02 | Rew: 20.91 | FPS: 6326.0 | Var: ddqn
Step: 4206592 | EPS: 0.02 | Rew: 20.72 | FPS: 8086.2 | Var: ddqn
Step: 4207616 | EPS: 0.02 | Rew: 20.72 | FPS: 9234.5 | Var: ddqn
Step: 4208640 | EPS: 0.02 | Rew: 20.69 | FPS: 7244.7 | Var: ddqn
Step: 4209664 | EPS: 0.02 | Rew: 20.39 | FPS: 8739.8 | Var: ddqn
Step: 4210688 | EPS: 0.02 | Rew: 19.72 | FPS: 8917.9 | Var: ddqn
Step: 4211712 | EPS: 0.02 | Rew: 20.42 | FPS: 9071.0 | Var: ddqn
Step: 4212736 | EPS: 0.02 | Rew: 21.21 | FPS: 8971.8 | Var: ddqn
Step: 4213760 | EPS: 0.02 | Rew: 21.29 | FPS: 7691.7 | Var: ddqn
Step: 4214784 | EPS: 0.02 | Rew: 21.31 | FPS: 7040.8 | Var: ddqn
Step: 4215808 | EPS: 0.02 | Rew: 21.51 | FPS: 9238.8 | Var: ddqn
Step: 4216832 | EPS: 0.02 | Rew: 21.55 | FPS: 9348.4 | Var: ddqn
Step: 4217856 | EPS: 0.02 | Rew: 21.36 | FPS: 9045.5 | Var: ddqn
Step: 4218880 | EPS: 0.02 | Rew: 21.73 | FPS: 9415.1 | Var: ddqn
Step: 4219904 | EPS: 0.02 | Rew: 21.49 | FPS: 8925.9 | Var: ddqn
Step: 4220928 | EPS: 0.02 | Rew: 21.69 | FPS: 8268.4 | Var: ddqn
Step: 4221952 | EPS: 0.02 | Rew: 21.87 | FPS: 9506.5 | Var: ddqn
Step: 4222976 | EPS: 0.02 | Rew: 22.16 | FPS: 9088.3 | Var: ddqn
Step: 4224000 | EPS: 0.02 | Rew: 22.21 | FPS: 9015.5 | Var: ddqn
Step: 4225024 | EPS: 0.02 | Rew: 22.01 | FPS: 9473.2 | Var: ddqn
Step: 4226048 | EPS: 0.02 | Rew: 22.20 | FPS: 7438.0 | Var: ddqn
Step: 4227072 | EPS: 0.02 | Rew: 22.46 | FPS: 7015.6 | Var: ddqn
>>> [Best] Saved -> agent/checkpoints/ddqn_pretrain.pth | Rew 22.46
Step: 4228096 | EPS: 0.02 | Rew: 22.77 | FPS: 7412.5 | Var: ddqn
Step: 4229120 | EPS: 0.02 | Rew: 22.73 | FPS: 9059.9 | Var: ddqn
Step: 4230144 | EPS: 0.02 | Rew: 22.84 | FPS: 9128.8 | Var: ddqn
Step: 4231168 | EPS: 0.02 | Rew: 22.28 | FPS: 7512.2 | Var: ddqn
Step: 4232192 | EPS: 0.02 | Rew: 21.41 | FPS: 8401.7 | Var: ddqn
Step: 4233216 | EPS: 0.02 | Rew: 21.58 | FPS: 9216.4 | Var: ddqn
Step: 4234240 | EPS: 0.02 | Rew: 21.32 | FPS: 9164.7 | Var: ddqn
Step: 4235264 | EPS: 0.02 | Rew: 21.68 | FPS: 8633.3 | Var: ddqn
Step: 4236288 | EPS: 0.02 | Rew: 21.41 | FPS: 7405.2 | Var: ddqn
Step: 4237312 | EPS: 0.02 | Rew: 21.51 | FPS: 9294.2 | Var: ddqn
Step: 4238336 | EPS: 0.02 | Rew: 21.51 | FPS: 9097.7 | Var: ddqn
Step: 4239360 | EPS: 0.02 | Rew: 21.60 | FPS: 6923.1 | Var: ddqn
Step: 4240384 | EPS: 0.02 | Rew: 21.80 | FPS: 9274.1 | Var: ddqn
Step: 4241408 | EPS: 0.02 | Rew: 21.11 | FPS: 8568.4 | Var: ddqn
Step: 4242432 | EPS: 0.02 | Rew: 20.47 | FPS: 5928.5 | Var: ddqn
Step: 4243456 | EPS: 0.02 | Rew: 20.97 | FPS: 7116.6 | Var: ddqn
Step: 4244480 | EPS: 0.02 | Rew: 21.55 | FPS: 7816.0 | Var: ddqn
Step: 4245504 | EPS: 0.02 | Rew: 21.41 | FPS: 8865.0 | Var: ddqn
Step: 4246528 | EPS: 0.02 | Rew: 21.41 | FPS: 9219.4 | Var: ddqn
Step: 4247552 | EPS: 0.02 | Rew: 21.26 | FPS: 8922.3 | Var: ddqn
Step: 4248576 | EPS: 0.02 | Rew: 20.89 | FPS: 8687.6 | Var: ddqn
Step: 4249600 | EPS: 0.02 | Rew: 21.02 | FPS: 8577.3 | Var: ddqn
Step: 4250624 | EPS: 0.02 | Rew: 21.26 | FPS: 8917.4 | Var: ddqn
Step: 4251648 | EPS: 0.02 | Rew: 21.41 | FPS: 8984.9 | Var: ddqn
Step: 4252672 | EPS: 0.02 | Rew: 20.99 | FPS: 6915.8 | Var: ddqn
Step: 4253696 | EPS: 0.02 | Rew: 20.32 | FPS: 8515.8 | Var: ddqn
Step: 4254720 | EPS: 0.02 | Rew: 20.20 | FPS: 9094.1 | Var: ddqn
Step: 4255744 | EPS: 0.02 | Rew: 20.97 | FPS: 8318.8 | Var: ddqn
Step: 4256768 | EPS: 0.02 | Rew: 20.68 | FPS: 8772.2 | Var: ddqn
Step: 4257792 | EPS: 0.02 | Rew: 20.35 | FPS: 9394.1 | Var: ddqn
Step: 4258816 | EPS: 0.02 | Rew: 21.41 | FPS: 9418.4 | Var: ddqn
Step: 4259840 | EPS: 0.02 | Rew: 21.36 | FPS: 9396.7 | Var: ddqn
Step: 4260864 | EPS: 0.02 | Rew: 21.40 | FPS: 9108.6 | Var: ddqn
Step: 4261888 | EPS: 0.02 | Rew: 21.26 | FPS: 7401.2 | Var: ddqn
Step: 4262912 | EPS: 0.02 | Rew: 20.85 | FPS: 7938.2 | Var: ddqn
Step: 4263936 | EPS: 0.02 | Rew: 21.83 | FPS: 8219.1 | Var: ddqn
Step: 4264960 | EPS: 0.02 | Rew: 21.89 | FPS: 5957.8 | Var: ddqn
Step: 4265984 | EPS: 0.02 | Rew: 21.96 | FPS: 9166.5 | Var: ddqn
Step: 4267008 | EPS: 0.02 | Rew: 21.82 | FPS: 8701.2 | Var: ddqn
Step: 4268032 | EPS: 0.02 | Rew: 22.26 | FPS: 8443.9 | Var: ddqn
Step: 4269056 | EPS: 0.02 | Rew: 22.02 | FPS: 9064.8 | Var: ddqn
Step: 4270080 | EPS: 0.02 | Rew: 21.52 | FPS: 7155.0 | Var: ddqn
Step: 4271104 | EPS: 0.02 | Rew: 21.88 | FPS: 8579.1 | Var: ddqn
Step: 4272128 | EPS: 0.02 | Rew: 21.32 | FPS: 7011.3 | Var: ddqn
Step: 4273152 | EPS: 0.02 | Rew: 20.80 | FPS: 6985.7 | Var: ddqn
Step: 4274176 | EPS: 0.02 | Rew: 21.06 | FPS: 8256.9 | Var: ddqn
Step: 4275200 | EPS: 0.02 | Rew: 21.29 | FPS: 7181.5 | Var: ddqn
Step: 4276224 | EPS: 0.02 | Rew: 21.73 | FPS: 8215.8 | Var: ddqn
Step: 4277248 | EPS: 0.02 | Rew: 21.63 | FPS: 8924.2 | Var: ddqn
Step: 4278272 | EPS: 0.02 | Rew: 21.36 | FPS: 9705.9 | Var: ddqn
Step: 4279296 | EPS: 0.02 | Rew: 21.56 | FPS: 6235.5 | Var: ddqn
Step: 4280320 | EPS: 0.02 | Rew: 21.26 | FPS: 9036.0 | Var: ddqn
Step: 4281344 | EPS: 0.02 | Rew: 20.70 | FPS: 8834.9 | Var: ddqn
Step: 4282368 | EPS: 0.02 | Rew: 20.02 | FPS: 7060.9 | Var: ddqn
Step: 4283392 | EPS: 0.02 | Rew: 19.83 | FPS: 8528.2 | Var: ddqn
Step: 4284416 | EPS: 0.02 | Rew: 19.11 | FPS: 7274.2 | Var: ddqn
Step: 4285440 | EPS: 0.02 | Rew: 18.86 | FPS: 7549.8 | Var: ddqn
Step: 4286464 | EPS: 0.02 | Rew: 18.80 | FPS: 7480.7 | Var: ddqn
Step: 4287488 | EPS: 0.02 | Rew: 18.79 | FPS: 8804.9 | Var: ddqn
Step: 4288512 | EPS: 0.02 | Rew: 20.00 | FPS: 7938.0 | Var: ddqn
Step: 4289536 | EPS: 0.02 | Rew: 20.42 | FPS: 9045.5 | Var: ddqn
Step: 4290560 | EPS: 0.02 | Rew: 19.80 | FPS: 8662.1 | Var: ddqn
Step: 4291584 | EPS: 0.02 | Rew: 19.76 | FPS: 7563.0 | Var: ddqn
Step: 4292608 | EPS: 0.02 | Rew: 19.16 | FPS: 9263.5 | Var: ddqn
Step: 4293632 | EPS: 0.02 | Rew: 19.71 | FPS: 9267.3 | Var: ddqn
Step: 4294656 | EPS: 0.02 | Rew: 20.06 | FPS: 9392.6 | Var: ddqn
Step: 4295680 | EPS: 0.02 | Rew: 19.38 | FPS: 8954.4 | Var: ddqn
Step: 4296704 | EPS: 0.02 | Rew: 19.01 | FPS: 8544.5 | Var: ddqn
Step: 4297728 | EPS: 0.02 | Rew: 18.26 | FPS: 7861.8 | Var: ddqn
Step: 4298752 | EPS: 0.02 | Rew: 17.95 | FPS: 9099.4 | Var: ddqn
Step: 4299776 | EPS: 0.02 | Rew: 18.81 | FPS: 9208.5 | Var: ddqn
Step: 4300800 | EPS: 0.02 | Rew: 18.85 | FPS: 9173.4 | Var: ddqn
Step: 4301824 | EPS: 0.02 | Rew: 18.55 | FPS: 9562.6 | Var: ddqn
Step: 4302848 | EPS: 0.02 | Rew: 18.66 | FPS: 8916.2 | Var: ddqn
Step: 4303872 | EPS: 0.02 | Rew: 18.21 | FPS: 9504.3 | Var: ddqn
Step: 4304896 | EPS: 0.02 | Rew: 18.38 | FPS: 8724.9 | Var: ddqn
Step: 4305920 | EPS: 0.02 | Rew: 19.37 | FPS: 9422.2 | Var: ddqn
Step: 4306944 | EPS: 0.02 | Rew: 19.25 | FPS: 8993.4 | Var: ddqn
Step: 4307968 | EPS: 0.02 | Rew: 19.47 | FPS: 9097.8 | Var: ddqn
Step: 4308992 | EPS: 0.02 | Rew: 20.69 | FPS: 8704.5 | Var: ddqn
Step: 4310016 | EPS: 0.02 | Rew: 20.53 | FPS: 8875.7 | Var: ddqn
Step: 4311040 | EPS: 0.02 | Rew: 20.14 | FPS: 8626.4 | Var: ddqn
Step: 4312064 | EPS: 0.02 | Rew: 21.13 | FPS: 8149.2 | Var: ddqn
Step: 4313088 | EPS: 0.02 | Rew: 21.25 | FPS: 8920.2 | Var: ddqn
Step: 4314112 | EPS: 0.02 | Rew: 20.55 | FPS: 8564.3 | Var: ddqn
Step: 4315136 | EPS: 0.02 | Rew: 20.64 | FPS: 7634.9 | Var: ddqn
Step: 4316160 | EPS: 0.02 | Rew: 20.23 | FPS: 8913.2 | Var: ddqn
Step: 4317184 | EPS: 0.02 | Rew: 20.32 | FPS: 8770.0 | Var: ddqn
Step: 4318208 | EPS: 0.02 | Rew: 19.65 | FPS: 6482.5 | Var: ddqn
Step: 4319232 | EPS: 0.02 | Rew: 19.62 | FPS: 9708.6 | Var: ddqn
Step: 4320256 | EPS: 0.02 | Rew: 19.62 | FPS: 9029.0 | Var: ddqn
Step: 4321280 | EPS: 0.02 | Rew: 19.21 | FPS: 9584.1 | Var: ddqn
Step: 4322304 | EPS: 0.02 | Rew: 19.71 | FPS: 8031.4 | Var: ddqn
Step: 4323328 | EPS: 0.02 | Rew: 20.03 | FPS: 9262.5 | Var: ddqn
Step: 4324352 | EPS: 0.02 | Rew: 21.35 | FPS: 9172.0 | Var: ddqn
Step: 4325376 | EPS: 0.02 | Rew: 21.44 | FPS: 9208.4 | Var: ddqn
Step: 4326400 | EPS: 0.02 | Rew: 21.41 | FPS: 8861.2 | Var: ddqn
Step: 4327424 | EPS: 0.02 | Rew: 21.26 | FPS: 8815.8 | Var: ddqn
Step: 4328448 | EPS: 0.02 | Rew: 21.73 | FPS: 8458.7 | Var: ddqn
Step: 4329472 | EPS: 0.02 | Rew: 22.02 | FPS: 6992.3 | Var: ddqn
Step: 4330496 | EPS: 0.02 | Rew: 21.79 | FPS: 8032.0 | Var: ddqn
Step: 4331520 | EPS: 0.02 | Rew: 21.23 | FPS: 9421.6 | Var: ddqn
Step: 4332544 | EPS: 0.02 | Rew: 21.52 | FPS: 9174.9 | Var: ddqn
Step: 4333568 | EPS: 0.02 | Rew: 21.12 | FPS: 8678.8 | Var: ddqn
Step: 4334592 | EPS: 0.02 | Rew: 20.96 | FPS: 6451.0 | Var: ddqn
Step: 4335616 | EPS: 0.02 | Rew: 20.96 | FPS: 7742.4 | Var: ddqn
Step: 4336640 | EPS: 0.02 | Rew: 21.18 | FPS: 8181.2 | Var: ddqn
Step: 4337664 | EPS: 0.02 | Rew: 20.82 | FPS: 7386.9 | Var: ddqn
Step: 4338688 | EPS: 0.02 | Rew: 20.18 | FPS: 6736.0 | Var: ddqn
Step: 4339712 | EPS: 0.02 | Rew: 20.14 | FPS: 7256.6 | Var: ddqn
Step: 4340736 | EPS: 0.02 | Rew: 20.18 | FPS: 7674.8 | Var: ddqn
Step: 4341760 | EPS: 0.02 | Rew: 19.91 | FPS: 6324.0 | Var: ddqn
Step: 4342784 | EPS: 0.02 | Rew: 19.49 | FPS: 7315.0 | Var: ddqn
Step: 4343808 | EPS: 0.02 | Rew: 19.14 | FPS: 5828.2 | Var: ddqn
Step: 4344832 | EPS: 0.02 | Rew: 18.90 | FPS: 7290.7 | Var: ddqn
Step: 4345856 | EPS: 0.02 | Rew: 19.39 | FPS: 5934.6 | Var: ddqn
Step: 4346880 | EPS: 0.02 | Rew: 19.41 | FPS: 8660.4 | Var: ddqn
Step: 4347904 | EPS: 0.02 | Rew: 19.71 | FPS: 7116.2 | Var: ddqn
Step: 4348928 | EPS: 0.02 | Rew: 19.95 | FPS: 7043.4 | Var: ddqn
Step: 4349952 | EPS: 0.02 | Rew: 19.17 | FPS: 7318.4 | Var: ddqn
Step: 4350976 | EPS: 0.02 | Rew: 18.60 | FPS: 8344.4 | Var: ddqn
Step: 4352000 | EPS: 0.02 | Rew: 18.68 | FPS: 9330.3 | Var: ddqn
Step: 4353024 | EPS: 0.02 | Rew: 19.00 | FPS: 7373.4 | Var: ddqn
Step: 4354048 | EPS: 0.02 | Rew: 18.98 | FPS: 7465.8 | Var: ddqn
Step: 4355072 | EPS: 0.02 | Rew: 18.95 | FPS: 7255.6 | Var: ddqn
Step: 4356096 | EPS: 0.02 | Rew: 18.70 | FPS: 8174.6 | Var: ddqn
Step: 4357120 | EPS: 0.02 | Rew: 18.38 | FPS: 7322.4 | Var: ddqn
Step: 4358144 | EPS: 0.02 | Rew: 18.35 | FPS: 7461.0 | Var: ddqn
Step: 4359168 | EPS: 0.02 | Rew: 18.13 | FPS: 7104.9 | Var: ddqn
Step: 4360192 | EPS: 0.02 | Rew: 18.38 | FPS: 8249.2 | Var: ddqn
Step: 4361216 | EPS: 0.02 | Rew: 18.74 | FPS: 6240.6 | Var: ddqn
Step: 4362240 | EPS: 0.02 | Rew: 18.98 | FPS: 8299.0 | Var: ddqn
Step: 4363264 | EPS: 0.02 | Rew: 18.76 | FPS: 7687.2 | Var: ddqn
Step: 4364288 | EPS: 0.02 | Rew: 18.40 | FPS: 7058.2 | Var: ddqn
Step: 4365312 | EPS: 0.02 | Rew: 18.24 | FPS: 7658.3 | Var: ddqn
Step: 4366336 | EPS: 0.02 | Rew: 18.57 | FPS: 9455.1 | Var: ddqn
Step: 4367360 | EPS: 0.02 | Rew: 18.18 | FPS: 7505.1 | Var: ddqn
Step: 4368384 | EPS: 0.02 | Rew: 18.21 | FPS: 8553.5 | Var: ddqn
Step: 4369408 | EPS: 0.02 | Rew: 17.62 | FPS: 8262.9 | Var: ddqn
Step: 4370432 | EPS: 0.02 | Rew: 18.72 | FPS: 7614.9 | Var: ddqn
Step: 4371456 | EPS: 0.02 | Rew: 18.91 | FPS: 9440.1 | Var: ddqn
Step: 4372480 | EPS: 0.02 | Rew: 19.07 | FPS: 9123.1 | Var: ddqn
Step: 4373504 | EPS: 0.02 | Rew: 19.78 | FPS: 8915.9 | Var: ddqn
Step: 4374528 | EPS: 0.02 | Rew: 19.67 | FPS: 9578.8 | Var: ddqn
Step: 4375552 | EPS: 0.02 | Rew: 19.55 | FPS: 6836.2 | Var: ddqn
Step: 4376576 | EPS: 0.02 | Rew: 19.17 | FPS: 9191.0 | Var: ddqn
Step: 4377600 | EPS: 0.02 | Rew: 19.04 | FPS: 7717.7 | Var: ddqn
Step: 4378624 | EPS: 0.02 | Rew: 19.35 | FPS: 8259.7 | Var: ddqn
Step: 4379648 | EPS: 0.02 | Rew: 19.22 | FPS: 8505.5 | Var: ddqn
Step: 4380672 | EPS: 0.02 | Rew: 19.20 | FPS: 7083.9 | Var: ddqn
Step: 4381696 | EPS: 0.02 | Rew: 19.20 | FPS: 10413.6 | Var: ddqn
Step: 4382720 | EPS: 0.02 | Rew: 19.77 | FPS: 6733.6 | Var: ddqn
Step: 4383744 | EPS: 0.02 | Rew: 20.27 | FPS: 7760.6 | Var: ddqn
Step: 4384768 | EPS: 0.02 | Rew: 20.10 | FPS: 9020.6 | Var: ddqn
Step: 4385792 | EPS: 0.02 | Rew: 20.49 | FPS: 9035.4 | Var: ddqn
Step: 4386816 | EPS: 0.02 | Rew: 20.02 | FPS: 6398.9 | Var: ddqn
Step: 4387840 | EPS: 0.02 | Rew: 20.54 | FPS: 8762.8 | Var: ddqn
Step: 4388864 | EPS: 0.02 | Rew: 20.72 | FPS: 7010.2 | Var: ddqn
Step: 4389888 | EPS: 0.02 | Rew: 21.15 | FPS: 8704.6 | Var: ddqn
Step: 4390912 | EPS: 0.02 | Rew: 21.01 | FPS: 7929.9 | Var: ddqn
Step: 4391936 | EPS: 0.02 | Rew: 21.48 | FPS: 8192.0 | Var: ddqn
Step: 4392960 | EPS: 0.02 | Rew: 21.47 | FPS: 7544.3 | Var: ddqn
Step: 4393984 | EPS: 0.02 | Rew: 21.77 | FPS: 7711.7 | Var: ddqn
Step: 4395008 | EPS: 0.02 | Rew: 21.92 | FPS: 8328.7 | Var: ddqn
Step: 4396032 | EPS: 0.02 | Rew: 21.77 | FPS: 7055.6 | Var: ddqn
Step: 4397056 | EPS: 0.02 | Rew: 22.16 | FPS: 7104.2 | Var: ddqn
Step: 4398080 | EPS: 0.02 | Rew: 22.16 | FPS: 7660.7 | Var: ddqn
Step: 4399104 | EPS: 0.02 | Rew: 22.39 | FPS: 6414.4 | Var: ddqn
Step: 4400128 | EPS: 0.02 | Rew: 22.47 | FPS: 7894.6 | Var: ddqn
Step: 4401152 | EPS: 0.02 | Rew: 22.05 | FPS: 8954.7 | Var: ddqn
Step: 4402176 | EPS: 0.02 | Rew: 21.65 | FPS: 9092.6 | Var: ddqn
Step: 4403200 | EPS: 0.02 | Rew: 21.62 | FPS: 6236.5 | Var: ddqn
Step: 4404224 | EPS: 0.02 | Rew: 21.51 | FPS: 8502.6 | Var: ddqn
Step: 4405248 | EPS: 0.02 | Rew: 21.21 | FPS: 8402.8 | Var: ddqn
Step: 4406272 | EPS: 0.02 | Rew: 22.05 | FPS: 7802.7 | Var: ddqn
Step: 4407296 | EPS: 0.02 | Rew: 22.02 | FPS: 9030.1 | Var: ddqn
Step: 4408320 | EPS: 0.02 | Rew: 22.34 | FPS: 9298.3 | Var: ddqn
Step: 4409344 | EPS: 0.02 | Rew: 21.51 | FPS: 9363.7 | Var: ddqn
Step: 4410368 | EPS: 0.02 | Rew: 20.91 | FPS: 7870.6 | Var: ddqn
Step: 4411392 | EPS: 0.02 | Rew: 21.32 | FPS: 7957.1 | Var: ddqn
Step: 4412416 | EPS: 0.02 | Rew: 20.88 | FPS: 8633.0 | Var: ddqn
Step: 4413440 | EPS: 0.02 | Rew: 21.07 | FPS: 8432.6 | Var: ddqn
Step: 4414464 | EPS: 0.02 | Rew: 20.44 | FPS: 9336.9 | Var: ddqn
Step: 4415488 | EPS: 0.02 | Rew: 20.24 | FPS: 8045.1 | Var: ddqn
Step: 4416512 | EPS: 0.02 | Rew: 20.10 | FPS: 7614.3 | Var: ddqn
Step: 4417536 | EPS: 0.02 | Rew: 20.01 | FPS: 7230.7 | Var: ddqn
Step: 4418560 | EPS: 0.02 | Rew: 19.78 | FPS: 7874.4 | Var: ddqn
Step: 4419584 | EPS: 0.02 | Rew: 19.56 | FPS: 9155.5 | Var: ddqn
Step: 4420608 | EPS: 0.02 | Rew: 19.57 | FPS: 9209.6 | Var: ddqn
Step: 4421632 | EPS: 0.02 | Rew: 19.47 | FPS: 9512.9 | Var: ddqn
Step: 4422656 | EPS: 0.02 | Rew: 20.09 | FPS: 7446.2 | Var: ddqn
Step: 4423680 | EPS: 0.02 | Rew: 19.99 | FPS: 9026.4 | Var: ddqn
Step: 4424704 | EPS: 0.02 | Rew: 19.83 | FPS: 8862.5 | Var: ddqn
Step: 4425728 | EPS: 0.02 | Rew: 19.76 | FPS: 6952.7 | Var: ddqn
Step: 4426752 | EPS: 0.02 | Rew: 19.70 | FPS: 7412.6 | Var: ddqn
Step: 4427776 | EPS: 0.02 | Rew: 19.94 | FPS: 8777.7 | Var: ddqn
Step: 4428800 | EPS: 0.02 | Rew: 19.76 | FPS: 8640.5 | Var: ddqn
Step: 4429824 | EPS: 0.02 | Rew: 19.72 | FPS: 8393.4 | Var: ddqn
Step: 4430848 | EPS: 0.02 | Rew: 20.01 | FPS: 9156.3 | Var: ddqn
Step: 4431872 | EPS: 0.02 | Rew: 19.32 | FPS: 8981.1 | Var: ddqn
Step: 4432896 | EPS: 0.02 | Rew: 19.89 | FPS: 9149.8 | Var: ddqn
Step: 4433920 | EPS: 0.02 | Rew: 19.20 | FPS: 8885.0 | Var: ddqn
Step: 4434944 | EPS: 0.02 | Rew: 18.79 | FPS: 7549.7 | Var: ddqn
Step: 4435968 | EPS: 0.02 | Rew: 18.67 | FPS: 8287.3 | Var: ddqn
Step: 4436992 | EPS: 0.02 | Rew: 18.32 | FPS: 8257.7 | Var: ddqn
Step: 4438016 | EPS: 0.02 | Rew: 19.32 | FPS: 9366.2 | Var: ddqn
Step: 4439040 | EPS: 0.02 | Rew: 18.54 | FPS: 9178.3 | Var: ddqn
Step: 4440064 | EPS: 0.02 | Rew: 18.84 | FPS: 9169.0 | Var: ddqn
Step: 4441088 | EPS: 0.02 | Rew: 19.13 | FPS: 7488.8 | Var: ddqn
Step: 4442112 | EPS: 0.02 | Rew: 19.94 | FPS: 9130.5 | Var: ddqn
Step: 4443136 | EPS: 0.02 | Rew: 20.30 | FPS: 8941.6 | Var: ddqn
Step: 4444160 | EPS: 0.02 | Rew: 20.05 | FPS: 8912.1 | Var: ddqn
Step: 4445184 | EPS: 0.02 | Rew: 19.50 | FPS: 7544.6 | Var: ddqn
Step: 4446208 | EPS: 0.02 | Rew: 19.26 | FPS: 8525.7 | Var: ddqn
Step: 4447232 | EPS: 0.02 | Rew: 19.89 | FPS: 9060.9 | Var: ddqn
Step: 4448256 | EPS: 0.02 | Rew: 19.82 | FPS: 7525.0 | Var: ddqn
Step: 4449280 | EPS: 0.02 | Rew: 19.70 | FPS: 9170.4 | Var: ddqn
Step: 4450304 | EPS: 0.02 | Rew: 19.95 | FPS: 6899.0 | Var: ddqn
Step: 4451328 | EPS: 0.02 | Rew: 19.98 | FPS: 8687.1 | Var: ddqn
Step: 4452352 | EPS: 0.02 | Rew: 20.03 | FPS: 9115.8 | Var: ddqn
Step: 4453376 | EPS: 0.02 | Rew: 20.47 | FPS: 8541.8 | Var: ddqn
Step: 4454400 | EPS: 0.02 | Rew: 20.53 | FPS: 7704.4 | Var: ddqn
Step: 4455424 | EPS: 0.02 | Rew: 20.36 | FPS: 9447.5 | Var: ddqn
Step: 4456448 | EPS: 0.02 | Rew: 20.13 | FPS: 8702.6 | Var: ddqn
Step: 4457472 | EPS: 0.02 | Rew: 20.25 | FPS: 7326.8 | Var: ddqn
Step: 4458496 | EPS: 0.02 | Rew: 19.90 | FPS: 8324.2 | Var: ddqn
Step: 4459520 | EPS: 0.02 | Rew: 20.52 | FPS: 6698.6 | Var: ddqn
Step: 4460544 | EPS: 0.02 | Rew: 20.68 | FPS: 8672.9 | Var: ddqn
Step: 4461568 | EPS: 0.02 | Rew: 21.09 | FPS: 9093.3 | Var: ddqn
Step: 4462592 | EPS: 0.02 | Rew: 20.62 | FPS: 9044.0 | Var: ddqn
Step: 4463616 | EPS: 0.02 | Rew: 20.81 | FPS: 7416.4 | Var: ddqn
Step: 4464640 | EPS: 0.02 | Rew: 20.67 | FPS: 7134.1 | Var: ddqn
Step: 4465664 | EPS: 0.02 | Rew: 20.39 | FPS: 7867.3 | Var: ddqn
Step: 4466688 | EPS: 0.02 | Rew: 19.69 | FPS: 9181.5 | Var: ddqn
Step: 4467712 | EPS: 0.02 | Rew: 19.59 | FPS: 9131.7 | Var: ddqn
Step: 4468736 | EPS: 0.02 | Rew: 19.21 | FPS: 9343.1 | Var: ddqn
Step: 4469760 | EPS: 0.02 | Rew: 19.21 | FPS: 5849.2 | Var: ddqn
Step: 4470784 | EPS: 0.02 | Rew: 19.26 | FPS: 8168.5 | Var: ddqn
Step: 4471808 | EPS: 0.02 | Rew: 19.64 | FPS: 8154.1 | Var: ddqn
Step: 4472832 | EPS: 0.02 | Rew: 20.13 | FPS: 8705.7 | Var: ddqn
Step: 4473856 | EPS: 0.02 | Rew: 20.14 | FPS: 9561.4 | Var: ddqn
Step: 4474880 | EPS: 0.02 | Rew: 20.14 | FPS: 8741.3 | Var: ddqn
Step: 4475904 | EPS: 0.02 | Rew: 19.87 | FPS: 9076.6 | Var: ddqn
Step: 4476928 | EPS: 0.02 | Rew: 19.86 | FPS: 9073.3 | Var: ddqn
Step: 4477952 | EPS: 0.02 | Rew: 20.10 | FPS: 8966.5 | Var: ddqn
Step: 4478976 | EPS: 0.02 | Rew: 19.73 | FPS: 9219.8 | Var: ddqn
Step: 4480000 | EPS: 0.02 | Rew: 19.19 | FPS: 7537.4 | Var: ddqn
Step: 4481024 | EPS: 0.02 | Rew: 18.80 | FPS: 8550.7 | Var: ddqn
Step: 4482048 | EPS: 0.02 | Rew: 19.39 | FPS: 8731.9 | Var: ddqn
Step: 4483072 | EPS: 0.02 | Rew: 19.87 | FPS: 7100.7 | Var: ddqn
Step: 4484096 | EPS: 0.02 | Rew: 19.69 | FPS: 6497.8 | Var: ddqn
Step: 4485120 | EPS: 0.02 | Rew: 19.69 | FPS: 9834.2 | Var: ddqn
Step: 4486144 | EPS: 0.02 | Rew: 19.87 | FPS: 7491.9 | Var: ddqn
Step: 4487168 | EPS: 0.02 | Rew: 20.44 | FPS: 8552.5 | Var: ddqn
Step: 4488192 | EPS: 0.02 | Rew: 20.76 | FPS: 6080.7 | Var: ddqn
Step: 4489216 | EPS: 0.02 | Rew: 20.86 | FPS: 6445.8 | Var: ddqn
Step: 4490240 | EPS: 0.02 | Rew: 20.84 | FPS: 9178.9 | Var: ddqn
Step: 4491264 | EPS: 0.02 | Rew: 20.82 | FPS: 8353.9 | Var: ddqn
Step: 4492288 | EPS: 0.02 | Rew: 20.18 | FPS: 7558.8 | Var: ddqn
Step: 4493312 | EPS: 0.02 | Rew: 19.51 | FPS: 8264.9 | Var: ddqn
Step: 4494336 | EPS: 0.02 | Rew: 19.91 | FPS: 7787.4 | Var: ddqn
Step: 4495360 | EPS: 0.02 | Rew: 19.54 | FPS: 9319.3 | Var: ddqn
Step: 4496384 | EPS: 0.02 | Rew: 19.74 | FPS: 8824.2 | Var: ddqn
Step: 4497408 | EPS: 0.02 | Rew: 20.34 | FPS: 7446.5 | Var: ddqn
Step: 4498432 | EPS: 0.02 | Rew: 20.08 | FPS: 6692.8 | Var: ddqn
Step: 4499456 | EPS: 0.02 | Rew: 20.24 | FPS: 9104.6 | Var: ddqn
Step: 4500480 | EPS: 0.02 | Rew: 20.39 | FPS: 7416.4 | Var: ddqn
Step: 4501504 | EPS: 0.02 | Rew: 20.30 | FPS: 8861.2 | Var: ddqn
Step: 4502528 | EPS: 0.02 | Rew: 20.22 | FPS: 8109.7 | Var: ddqn
Step: 4503552 | EPS: 0.02 | Rew: 20.39 | FPS: 9613.6 | Var: ddqn
Step: 4504576 | EPS: 0.02 | Rew: 20.62 | FPS: 8929.8 | Var: ddqn
Step: 4505600 | EPS: 0.02 | Rew: 20.31 | FPS: 6995.6 | Var: ddqn
Step: 4506624 | EPS: 0.02 | Rew: 20.35 | FPS: 7334.1 | Var: ddqn
Step: 4507648 | EPS: 0.02 | Rew: 20.16 | FPS: 8809.7 | Var: ddqn
Step: 4508672 | EPS: 0.02 | Rew: 20.26 | FPS: 8856.4 | Var: ddqn
Step: 4509696 | EPS: 0.02 | Rew: 19.76 | FPS: 7754.0 | Var: ddqn
Step: 4510720 | EPS: 0.02 | Rew: 19.76 | FPS: 7466.8 | Var: ddqn
Step: 4511744 | EPS: 0.02 | Rew: 19.76 | FPS: 9093.9 | Var: ddqn
Step: 4512768 | EPS: 0.02 | Rew: 19.76 | FPS: 9063.7 | Var: ddqn
Step: 4513792 | EPS: 0.02 | Rew: 18.89 | FPS: 7424.1 | Var: ddqn
Step: 4514816 | EPS: 0.02 | Rew: 18.23 | FPS: 7538.8 | Var: ddqn
Step: 4515840 | EPS: 0.02 | Rew: 17.88 | FPS: 8134.7 | Var: ddqn
Step: 4516864 | EPS: 0.02 | Rew: 17.82 | FPS: 9852.8 | Var: ddqn
Step: 4517888 | EPS: 0.02 | Rew: 17.97 | FPS: 8831.3 | Var: ddqn
Step: 4518912 | EPS: 0.02 | Rew: 19.39 | FPS: 6821.1 | Var: ddqn
Step: 4519936 | EPS: 0.02 | Rew: 19.68 | FPS: 6811.2 | Var: ddqn
Step: 4520960 | EPS: 0.02 | Rew: 19.75 | FPS: 9544.8 | Var: ddqn
Step: 4521984 | EPS: 0.02 | Rew: 20.16 | FPS: 9289.1 | Var: ddqn
Step: 4523008 | EPS: 0.02 | Rew: 20.48 | FPS: 8560.7 | Var: ddqn
Step: 4524032 | EPS: 0.02 | Rew: 20.08 | FPS: 8888.7 | Var: ddqn
Step: 4525056 | EPS: 0.02 | Rew: 20.25 | FPS: 9226.4 | Var: ddqn
Step: 4526080 | EPS: 0.02 | Rew: 20.30 | FPS: 9363.5 | Var: ddqn
Step: 4527104 | EPS: 0.02 | Rew: 19.68 | FPS: 9016.8 | Var: ddqn
Step: 4528128 | EPS: 0.02 | Rew: 20.30 | FPS: 9015.5 | Var: ddqn
Step: 4529152 | EPS: 0.02 | Rew: 19.98 | FPS: 9648.3 | Var: ddqn
Step: 4530176 | EPS: 0.02 | Rew: 19.65 | FPS: 9123.5 | Var: ddqn
Step: 4531200 | EPS: 0.02 | Rew: 19.36 | FPS: 8297.4 | Var: ddqn
Step: 4532224 | EPS: 0.02 | Rew: 19.63 | FPS: 7872.7 | Var: ddqn
Step: 4533248 | EPS: 0.02 | Rew: 19.88 | FPS: 5540.1 | Var: ddqn
Step: 4534272 | EPS: 0.02 | Rew: 19.98 | FPS: 7765.6 | Var: ddqn
Step: 4535296 | EPS: 0.02 | Rew: 20.41 | FPS: 6971.9 | Var: ddqn
Step: 4536320 | EPS: 0.02 | Rew: 20.47 | FPS: 8445.7 | Var: ddqn
Step: 4537344 | EPS: 0.02 | Rew: 20.31 | FPS: 8086.4 | Var: ddqn
Step: 4538368 | EPS: 0.02 | Rew: 20.55 | FPS: 9099.5 | Var: ddqn
Step: 4539392 | EPS: 0.02 | Rew: 20.93 | FPS: 9037.1 | Var: ddqn
Step: 4540416 | EPS: 0.02 | Rew: 20.73 | FPS: 7845.9 | Var: ddqn
Step: 4541440 | EPS: 0.02 | Rew: 20.60 | FPS: 9066.5 | Var: ddqn
Step: 4542464 | EPS: 0.02 | Rew: 20.21 | FPS: 9130.1 | Var: ddqn
Step: 4543488 | EPS: 0.02 | Rew: 20.57 | FPS: 8700.9 | Var: ddqn
Step: 4544512 | EPS: 0.02 | Rew: 20.60 | FPS: 9152.8 | Var: ddqn
Step: 4545536 | EPS: 0.02 | Rew: 21.01 | FPS: 6811.9 | Var: ddqn
Step: 4546560 | EPS: 0.02 | Rew: 21.49 | FPS: 7938.0 | Var: ddqn
Step: 4547584 | EPS: 0.02 | Rew: 21.87 | FPS: 9379.6 | Var: ddqn
Step: 4548608 | EPS: 0.02 | Rew: 21.90 | FPS: 8888.8 | Var: ddqn
Step: 4549632 | EPS: 0.02 | Rew: 21.05 | FPS: 8865.7 | Var: ddqn
Step: 4550656 | EPS: 0.02 | Rew: 20.99 | FPS: 8894.5 | Var: ddqn
Step: 4551680 | EPS: 0.02 | Rew: 20.72 | FPS: 8720.4 | Var: ddqn
Step: 4552704 | EPS: 0.02 | Rew: 20.34 | FPS: 8661.8 | Var: ddqn
Step: 4553728 | EPS: 0.02 | Rew: 20.34 | FPS: 7590.5 | Var: ddqn
Step: 4554752 | EPS: 0.02 | Rew: 20.54 | FPS: 8426.4 | Var: ddqn
Step: 4555776 | EPS: 0.02 | Rew: 20.82 | FPS: 7836.8 | Var: ddqn
Step: 4556800 | EPS: 0.02 | Rew: 20.37 | FPS: 6647.5 | Var: ddqn
Step: 4557824 | EPS: 0.02 | Rew: 20.49 | FPS: 6348.3 | Var: ddqn
Step: 4558848 | EPS: 0.02 | Rew: 20.25 | FPS: 7095.9 | Var: ddqn
Step: 4559872 | EPS: 0.02 | Rew: 20.20 | FPS: 8598.8 | Var: ddqn
Step: 4560896 | EPS: 0.02 | Rew: 20.38 | FPS: 9074.3 | Var: ddqn
Step: 4561920 | EPS: 0.02 | Rew: 20.23 | FPS: 9359.7 | Var: ddqn
Step: 4562944 | EPS: 0.02 | Rew: 19.95 | FPS: 9472.5 | Var: ddqn
Step: 4563968 | EPS: 0.02 | Rew: 19.50 | FPS: 8942.5 | Var: ddqn
Step: 4564992 | EPS: 0.02 | Rew: 19.95 | FPS: 9552.2 | Var: ddqn
Step: 4566016 | EPS: 0.02 | Rew: 20.00 | FPS: 9443.6 | Var: ddqn
Step: 4567040 | EPS: 0.02 | Rew: 19.61 | FPS: 6380.7 | Var: ddqn
Step: 4568064 | EPS: 0.02 | Rew: 20.20 | FPS: 5879.6 | Var: ddqn
Step: 4569088 | EPS: 0.02 | Rew: 20.68 | FPS: 7081.4 | Var: ddqn
Step: 4570112 | EPS: 0.02 | Rew: 21.14 | FPS: 6889.3 | Var: ddqn
Step: 4571136 | EPS: 0.02 | Rew: 21.20 | FPS: 8269.6 | Var: ddqn
Step: 4572160 | EPS: 0.02 | Rew: 21.44 | FPS: 7980.1 | Var: ddqn
Step: 4573184 | EPS: 0.02 | Rew: 21.20 | FPS: 8684.6 | Var: ddqn
Step: 4574208 | EPS: 0.02 | Rew: 20.84 | FPS: 9243.8 | Var: ddqn
Step: 4575232 | EPS: 0.02 | Rew: 21.02 | FPS: 6332.6 | Var: ddqn
Step: 4576256 | EPS: 0.02 | Rew: 21.62 | FPS: 6437.0 | Var: ddqn
Step: 4577280 | EPS: 0.02 | Rew: 21.86 | FPS: 8208.9 | Var: ddqn
Step: 4578304 | EPS: 0.02 | Rew: 21.86 | FPS: 7767.1 | Var: ddqn
Step: 4579328 | EPS: 0.02 | Rew: 21.88 | FPS: 9187.6 | Var: ddqn
Step: 4580352 | EPS: 0.02 | Rew: 22.02 | FPS: 9326.4 | Var: ddqn
Step: 4581376 | EPS: 0.02 | Rew: 21.14 | FPS: 8887.7 | Var: ddqn
Step: 4582400 | EPS: 0.02 | Rew: 21.38 | FPS: 9256.2 | Var: ddqn
Step: 4583424 | EPS: 0.02 | Rew: 21.56 | FPS: 8926.8 | Var: ddqn
Step: 4584448 | EPS: 0.02 | Rew: 21.79 | FPS: 8121.6 | Var: ddqn
Step: 4585472 | EPS: 0.02 | Rew: 22.19 | FPS: 9221.0 | Var: ddqn
Step: 4586496 | EPS: 0.02 | Rew: 22.51 | FPS: 9032.1 | Var: ddqn
Step: 4587520 | EPS: 0.02 | Rew: 22.55 | FPS: 9332.6 | Var: ddqn
Step: 4588544 | EPS: 0.02 | Rew: 23.14 | FPS: 9242.3 | Var: ddqn
>>> [Best] Saved -> agent/checkpoints/ddqn_pretrain.pth | Rew 23.14
Step: 4589568 | EPS: 0.02 | Rew: 23.12 | FPS: 8223.2 | Var: ddqn
Step: 4590592 | EPS: 0.02 | Rew: 23.00 | FPS: 6437.6 | Var: ddqn
Step: 4591616 | EPS: 0.02 | Rew: 22.78 | FPS: 8383.8 | Var: ddqn
Step: 4592640 | EPS: 0.02 | Rew: 22.95 | FPS: 8762.9 | Var: ddqn
Step: 4593664 | EPS: 0.02 | Rew: 22.97 | FPS: 7719.1 | Var: ddqn
Step: 4594688 | EPS: 0.02 | Rew: 22.93 | FPS: 7220.2 | Var: ddqn
Step: 4595712 | EPS: 0.02 | Rew: 22.92 | FPS: 8663.8 | Var: ddqn
Step: 4596736 | EPS: 0.02 | Rew: 22.82 | FPS: 7420.2 | Var: ddqn
Step: 4597760 | EPS: 0.02 | Rew: 22.40 | FPS: 7518.3 | Var: ddqn
Step: 4598784 | EPS: 0.02 | Rew: 22.30 | FPS: 7522.8 | Var: ddqn
Step: 4599808 | EPS: 0.02 | Rew: 22.97 | FPS: 7217.1 | Var: ddqn
Step: 4600832 | EPS: 0.02 | Rew: 23.19 | FPS: 7481.9 | Var: ddqn
Step: 4601856 | EPS: 0.02 | Rew: 23.18 | FPS: 8877.4 | Var: ddqn
Step: 4602880 | EPS: 0.02 | Rew: 23.18 | FPS: 9229.0 | Var: ddqn
Step: 4603904 | EPS: 0.02 | Rew: 23.00 | FPS: 8461.7 | Var: ddqn
Step: 4604928 | EPS: 0.02 | Rew: 23.48 | FPS: 8502.2 | Var: ddqn
Step: 4605952 | EPS: 0.02 | Rew: 23.48 | FPS: 8244.3 | Var: ddqn
Step: 4606976 | EPS: 0.02 | Rew: 23.59 | FPS: 7757.6 | Var: ddqn
Step: 4608000 | EPS: 0.02 | Rew: 23.58 | FPS: 9092.1 | Var: ddqn
Step: 4609024 | EPS: 0.02 | Rew: 23.18 | FPS: 8249.0 | Var: ddqn
Step: 4610048 | EPS: 0.02 | Rew: 23.05 | FPS: 8614.1 | Var: ddqn
Step: 4611072 | EPS: 0.02 | Rew: 22.92 | FPS: 8761.2 | Var: ddqn
Step: 4612096 | EPS: 0.02 | Rew: 22.73 | FPS: 8787.1 | Var: ddqn
Step: 4613120 | EPS: 0.02 | Rew: 22.53 | FPS: 6761.1 | Var: ddqn
Step: 4614144 | EPS: 0.02 | Rew: 22.02 | FPS: 8900.0 | Var: ddqn
Step: 4615168 | EPS: 0.02 | Rew: 22.01 | FPS: 8861.9 | Var: ddqn
Step: 4616192 | EPS: 0.02 | Rew: 22.54 | FPS: 7684.2 | Var: ddqn
Step: 4617216 | EPS: 0.02 | Rew: 22.54 | FPS: 8384.8 | Var: ddqn
Step: 4618240 | EPS: 0.02 | Rew: 22.70 | FPS: 9067.0 | Var: ddqn
Step: 4619264 | EPS: 0.02 | Rew: 21.77 | FPS: 8664.7 | Var: ddqn
Step: 4620288 | EPS: 0.02 | Rew: 22.05 | FPS: 6022.8 | Var: ddqn
Step: 4621312 | EPS: 0.02 | Rew: 22.30 | FPS: 9062.3 | Var: ddqn
Step: 4622336 | EPS: 0.02 | Rew: 22.30 | FPS: 8774.1 | Var: ddqn
Step: 4623360 | EPS: 0.02 | Rew: 22.47 | FPS: 6258.9 | Var: ddqn
Step: 4624384 | EPS: 0.02 | Rew: 22.88 | FPS: 8860.9 | Var: ddqn
Step: 4625408 | EPS: 0.02 | Rew: 22.72 | FPS: 8953.1 | Var: ddqn
Step: 4626432 | EPS: 0.02 | Rew: 23.52 | FPS: 8230.8 | Var: ddqn
Step: 4627456 | EPS: 0.02 | Rew: 23.19 | FPS: 9087.4 | Var: ddqn
Step: 4628480 | EPS: 0.02 | Rew: 22.60 | FPS: 8956.5 | Var: ddqn
Step: 4629504 | EPS: 0.02 | Rew: 22.46 | FPS: 7213.8 | Var: ddqn
Step: 4630528 | EPS: 0.02 | Rew: 22.32 | FPS: 5707.2 | Var: ddqn
Step: 4631552 | EPS: 0.02 | Rew: 21.77 | FPS: 6753.3 | Var: ddqn
Step: 4632576 | EPS: 0.02 | Rew: 22.55 | FPS: 5911.2 | Var: ddqn
Step: 4633600 | EPS: 0.02 | Rew: 22.31 | FPS: 6041.6 | Var: ddqn
Step: 4634624 | EPS: 0.02 | Rew: 22.58 | FPS: 9039.2 | Var: ddqn
Step: 4635648 | EPS: 0.02 | Rew: 22.58 | FPS: 9057.9 | Var: ddqn
Step: 4636672 | EPS: 0.02 | Rew: 22.92 | FPS: 7602.9 | Var: ddqn
Step: 4637696 | EPS: 0.02 | Rew: 22.94 | FPS: 9081.1 | Var: ddqn
Step: 4638720 | EPS: 0.02 | Rew: 22.65 | FPS: 8995.4 | Var: ddqn
Step: 4639744 | EPS: 0.02 | Rew: 22.46 | FPS: 9201.5 | Var: ddqn
Step: 4640768 | EPS: 0.02 | Rew: 22.49 | FPS: 9012.6 | Var: ddqn
Step: 4641792 | EPS: 0.02 | Rew: 22.76 | FPS: 8826.3 | Var: ddqn
Step: 4642816 | EPS: 0.02 | Rew: 23.10 | FPS: 8983.7 | Var: ddqn
Step: 4643840 | EPS: 0.02 | Rew: 23.22 | FPS: 9281.8 | Var: ddqn
Step: 4644864 | EPS: 0.02 | Rew: 23.12 | FPS: 9200.9 | Var: ddqn
Step: 4645888 | EPS: 0.02 | Rew: 23.48 | FPS: 8456.7 | Var: ddqn
Step: 4646912 | EPS: 0.02 | Rew: 23.58 | FPS: 8465.3 | Var: ddqn
Step: 4647936 | EPS: 0.02 | Rew: 23.89 | FPS: 9595.8 | Var: ddqn
>>> [Best] Saved -> agent/checkpoints/ddqn_pretrain.pth | Rew 23.89
Step: 4648960 | EPS: 0.02 | Rew: 23.90 | FPS: 8840.8 | Var: ddqn
Step: 4649984 | EPS: 0.02 | Rew: 23.41 | FPS: 9571.7 | Var: ddqn
Step: 4651008 | EPS: 0.02 | Rew: 24.16 | FPS: 7977.2 | Var: ddqn
Step: 4652032 | EPS: 0.02 | Rew: 24.64 | FPS: 8366.3 | Var: ddqn
>>> [Best] Saved -> agent/checkpoints/ddqn_pretrain.pth | Rew 24.64
Step: 4653056 | EPS: 0.02 | Rew: 24.37 | FPS: 8798.9 | Var: ddqn
Step: 4654080 | EPS: 0.02 | Rew: 24.71 | FPS: 8951.0 | Var: ddqn
Step: 4655104 | EPS: 0.02 | Rew: 23.90 | FPS: 8061.3 | Var: ddqn
Step: 4656128 | EPS: 0.02 | Rew: 23.93 | FPS: 6790.5 | Var: ddqn
Step: 4657152 | EPS: 0.02 | Rew: 23.96 | FPS: 8811.8 | Var: ddqn
Step: 4658176 | EPS: 0.02 | Rew: 23.76 | FPS: 9386.3 | Var: ddqn
Step: 4659200 | EPS: 0.02 | Rew: 23.32 | FPS: 9288.8 | Var: ddqn
Step: 4660224 | EPS: 0.02 | Rew: 23.08 | FPS: 9076.3 | Var: ddqn
Step: 4661248 | EPS: 0.02 | Rew: 22.96 | FPS: 9893.4 | Var: ddqn
Step: 4662272 | EPS: 0.02 | Rew: 23.90 | FPS: 11676.7 | Var: ddqn
Step: 4663296 | EPS: 0.02 | Rew: 24.37 | FPS: 7215.1 | Var: ddqn
Step: 4664320 | EPS: 0.02 | Rew: 23.98 | FPS: 7478.6 | Var: ddqn
Step: 4665344 | EPS: 0.02 | Rew: 23.78 | FPS: 10488.5 | Var: ddqn
Step: 4666368 | EPS: 0.02 | Rew: 23.60 | FPS: 7500.5 | Var: ddqn
Step: 4667392 | EPS: 0.02 | Rew: 23.02 | FPS: 8261.4 | Var: ddqn
Step: 4668416 | EPS: 0.02 | Rew: 23.34 | FPS: 11362.4 | Var: ddqn
Step: 4669440 | EPS: 0.02 | Rew: 22.25 | FPS: 10231.3 | Var: ddqn
Step: 4670464 | EPS: 0.02 | Rew: 22.96 | FPS: 11115.2 | Var: ddqn
Step: 4671488 | EPS: 0.02 | Rew: 22.70 | FPS: 11527.7 | Var: ddqn
Step: 4672512 | EPS: 0.02 | Rew: 22.75 | FPS: 7474.4 | Var: ddqn
Step: 4673536 | EPS: 0.02 | Rew: 22.83 | FPS: 8758.1 | Var: ddqn
Step: 4674560 | EPS: 0.02 | Rew: 22.73 | FPS: 9177.4 | Var: ddqn
Step: 4675584 | EPS: 0.02 | Rew: 22.22 | FPS: 7037.4 | Var: ddqn
Step: 4676608 | EPS: 0.02 | Rew: 22.18 | FPS: 9081.4 | Var: ddqn
Step: 4677632 | EPS: 0.02 | Rew: 22.42 | FPS: 8962.2 | Var: ddqn
Step: 4678656 | EPS: 0.02 | Rew: 21.82 | FPS: 7436.5 | Var: ddqn
Step: 4679680 | EPS: 0.02 | Rew: 21.84 | FPS: 8357.6 | Var: ddqn
Step: 4680704 | EPS: 0.02 | Rew: 21.45 | FPS: 7912.9 | Var: ddqn
Step: 4681728 | EPS: 0.02 | Rew: 20.84 | FPS: 8241.1 | Var: ddqn
Step: 4682752 | EPS: 0.02 | Rew: 20.49 | FPS: 8926.8 | Var: ddqn
Step: 4683776 | EPS: 0.02 | Rew: 20.34 | FPS: 8585.3 | Var: ddqn
Step: 4684800 | EPS: 0.02 | Rew: 20.76 | FPS: 8919.7 | Var: ddqn
Step: 4685824 | EPS: 0.02 | Rew: 21.13 | FPS: 8273.8 | Var: ddqn
Step: 4686848 | EPS: 0.02 | Rew: 20.78 | FPS: 9691.7 | Var: ddqn
Step: 4687872 | EPS: 0.02 | Rew: 20.99 | FPS: 8810.2 | Var: ddqn
Step: 4688896 | EPS: 0.02 | Rew: 21.37 | FPS: 5891.7 | Var: ddqn
Step: 4689920 | EPS: 0.02 | Rew: 20.77 | FPS: 9710.3 | Var: ddqn
Step: 4690944 | EPS: 0.02 | Rew: 21.02 | FPS: 9361.4 | Var: ddqn
Step: 4691968 | EPS: 0.02 | Rew: 21.16 | FPS: 9361.5 | Var: ddqn
Step: 4692992 | EPS: 0.02 | Rew: 21.72 | FPS: 9173.1 | Var: ddqn
Step: 4694016 | EPS: 0.02 | Rew: 21.33 | FPS: 9436.2 | Var: ddqn
Step: 4695040 | EPS: 0.02 | Rew: 20.91 | FPS: 7541.8 | Var: ddqn
Step: 4696064 | EPS: 0.02 | Rew: 20.91 | FPS: 5032.9 | Var: ddqn
Step: 4697088 | EPS: 0.02 | Rew: 21.73 | FPS: 6244.2 | Var: ddqn
Step: 4698112 | EPS: 0.02 | Rew: 21.63 | FPS: 6455.8 | Var: ddqn
Step: 4699136 | EPS: 0.02 | Rew: 21.84 | FPS: 7997.6 | Var: ddqn
Step: 4700160 | EPS: 0.02 | Rew: 21.50 | FPS: 5820.2 | Var: ddqn
Step: 4701184 | EPS: 0.02 | Rew: 21.37 | FPS: 8966.7 | Var: ddqn
Step: 4702208 | EPS: 0.02 | Rew: 21.84 | FPS: 8264.9 | Var: ddqn
Step: 4703232 | EPS: 0.02 | Rew: 22.20 | FPS: 8655.2 | Var: ddqn
Step: 4704256 | EPS: 0.02 | Rew: 22.52 | FPS: 7587.3 | Var: ddqn
Step: 4705280 | EPS: 0.02 | Rew: 22.97 | FPS: 9160.5 | Var: ddqn
Step: 4706304 | EPS: 0.02 | Rew: 22.97 | FPS: 9554.4 | Var: ddqn
Step: 4707328 | EPS: 0.02 | Rew: 24.03 | FPS: 8957.0 | Var: ddqn
Step: 4708352 | EPS: 0.02 | Rew: 24.12 | FPS: 9061.9 | Var: ddqn
Step: 4709376 | EPS: 0.02 | Rew: 23.89 | FPS: 9218.5 | Var: ddqn
Step: 4710400 | EPS: 0.02 | Rew: 24.45 | FPS: 8729.7 | Var: ddqn
Step: 4711424 | EPS: 0.02 | Rew: 24.34 | FPS: 7152.6 | Var: ddqn
Step: 4712448 | EPS: 0.02 | Rew: 24.48 | FPS: 9578.5 | Var: ddqn
Step: 4713472 | EPS: 0.02 | Rew: 23.49 | FPS: 8522.8 | Var: ddqn
Step: 4714496 | EPS: 0.02 | Rew: 23.72 | FPS: 8915.4 | Var: ddqn
Step: 4715520 | EPS: 0.02 | Rew: 23.29 | FPS: 9348.3 | Var: ddqn
Step: 4716544 | EPS: 0.02 | Rew: 23.22 | FPS: 7425.0 | Var: ddqn
Step: 4717568 | EPS: 0.02 | Rew: 22.64 | FPS: 8960.8 | Var: ddqn
Step: 4718592 | EPS: 0.02 | Rew: 22.80 | FPS: 8927.3 | Var: ddqn
Step: 4719616 | EPS: 0.02 | Rew: 21.88 | FPS: 8378.0 | Var: ddqn
Step: 4720640 | EPS: 0.02 | Rew: 21.75 | FPS: 8536.3 | Var: ddqn
Step: 4721664 | EPS: 0.02 | Rew: 21.45 | FPS: 8244.8 | Var: ddqn
Step: 4722688 | EPS: 0.02 | Rew: 21.44 | FPS: 8431.0 | Var: ddqn
Step: 4723712 | EPS: 0.02 | Rew: 21.49 | FPS: 7152.7 | Var: ddqn
Step: 4724736 | EPS: 0.02 | Rew: 21.43 | FPS: 7213.0 | Var: ddqn
Step: 4725760 | EPS: 0.02 | Rew: 21.81 | FPS: 9170.4 | Var: ddqn
Step: 4726784 | EPS: 0.02 | Rew: 22.11 | FPS: 9329.3 | Var: ddqn
Step: 4727808 | EPS: 0.02 | Rew: 21.71 | FPS: 9373.9 | Var: ddqn
Step: 4728832 | EPS: 0.02 | Rew: 21.43 | FPS: 8658.2 | Var: ddqn
Step: 4729856 | EPS: 0.02 | Rew: 21.13 | FPS: 8411.3 | Var: ddqn
Step: 4730880 | EPS: 0.02 | Rew: 21.06 | FPS: 9278.3 | Var: ddqn
Step: 4731904 | EPS: 0.02 | Rew: 21.28 | FPS: 9249.8 | Var: ddqn
Step: 4732928 | EPS: 0.02 | Rew: 21.99 | FPS: 7773.9 | Var: ddqn
Step: 4733952 | EPS: 0.02 | Rew: 21.94 | FPS: 7898.9 | Var: ddqn
Step: 4734976 | EPS: 0.02 | Rew: 21.38 | FPS: 9204.9 | Var: ddqn
Step: 4736000 | EPS: 0.02 | Rew: 21.36 | FPS: 8504.3 | Var: ddqn
Step: 4737024 | EPS: 0.02 | Rew: 20.63 | FPS: 6802.4 | Var: ddqn
Step: 4738048 | EPS: 0.02 | Rew: 20.21 | FPS: 6500.0 | Var: ddqn
Step: 4739072 | EPS: 0.02 | Rew: 20.21 | FPS: 9066.0 | Var: ddqn
Step: 4740096 | EPS: 0.02 | Rew: 20.01 | FPS: 8765.2 | Var: ddqn
Step: 4741120 | EPS: 0.02 | Rew: 19.50 | FPS: 9237.4 | Var: ddqn
Step: 4742144 | EPS: 0.02 | Rew: 19.56 | FPS: 8934.0 | Var: ddqn
Step: 4743168 | EPS: 0.02 | Rew: 20.21 | FPS: 8835.0 | Var: ddqn
Step: 4744192 | EPS: 0.02 | Rew: 20.39 | FPS: 9212.3 | Var: ddqn
Step: 4745216 | EPS: 0.02 | Rew: 20.58 | FPS: 9371.3 | Var: ddqn
Step: 4746240 | EPS: 0.02 | Rew: 21.25 | FPS: 8946.6 | Var: ddqn
Step: 4747264 | EPS: 0.02 | Rew: 21.31 | FPS: 9182.8 | Var: ddqn
Step: 4748288 | EPS: 0.02 | Rew: 21.74 | FPS: 9013.6 | Var: ddqn
Step: 4749312 | EPS: 0.02 | Rew: 22.55 | FPS: 9190.0 | Var: ddqn
Step: 4750336 | EPS: 0.02 | Rew: 22.46 | FPS: 8904.3 | Var: ddqn
Step: 4751360 | EPS: 0.02 | Rew: 22.63 | FPS: 9527.0 | Var: ddqn
Step: 4752384 | EPS: 0.02 | Rew: 22.91 | FPS: 9071.8 | Var: ddqn
Step: 4753408 | EPS: 0.02 | Rew: 22.64 | FPS: 9135.4 | Var: ddqn
Step: 4754432 | EPS: 0.02 | Rew: 23.01 | FPS: 9305.4 | Var: ddqn
Step: 4755456 | EPS: 0.02 | Rew: 22.96 | FPS: 9083.4 | Var: ddqn
Step: 4756480 | EPS: 0.02 | Rew: 23.36 | FPS: 8186.6 | Var: ddqn
Step: 4757504 | EPS: 0.02 | Rew: 22.96 | FPS: 7213.7 | Var: ddqn
Step: 4758528 | EPS: 0.02 | Rew: 23.57 | FPS: 9231.0 | Var: ddqn
Step: 4759552 | EPS: 0.02 | Rew: 23.82 | FPS: 8950.8 | Var: ddqn
Step: 4760576 | EPS: 0.02 | Rew: 23.82 | FPS: 8805.3 | Var: ddqn
Step: 4761600 | EPS: 0.02 | Rew: 23.17 | FPS: 9025.3 | Var: ddqn
Step: 4762624 | EPS: 0.02 | Rew: 22.90 | FPS: 9131.0 | Var: ddqn
Step: 4763648 | EPS: 0.02 | Rew: 22.33 | FPS: 9104.1 | Var: ddqn
Step: 4764672 | EPS: 0.02 | Rew: 22.86 | FPS: 8835.7 | Var: ddqn
Step: 4765696 | EPS: 0.02 | Rew: 22.72 | FPS: 7895.9 | Var: ddqn
Step: 4766720 | EPS: 0.02 | Rew: 22.57 | FPS: 7908.9 | Var: ddqn
Step: 4767744 | EPS: 0.02 | Rew: 22.83 | FPS: 8265.4 | Var: ddqn
Step: 4768768 | EPS: 0.02 | Rew: 22.97 | FPS: 8917.4 | Var: ddqn
Step: 4769792 | EPS: 0.02 | Rew: 22.97 | FPS: 7998.0 | Var: ddqn
Step: 4770816 | EPS: 0.02 | Rew: 23.02 | FPS: 8365.8 | Var: ddqn
Step: 4771840 | EPS: 0.02 | Rew: 23.35 | FPS: 7926.8 | Var: ddqn
Step: 4772864 | EPS: 0.02 | Rew: 23.80 | FPS: 6914.6 | Var: ddqn
Step: 4773888 | EPS: 0.02 | Rew: 23.84 | FPS: 8729.0 | Var: ddqn
Step: 4774912 | EPS: 0.02 | Rew: 23.67 | FPS: 7262.5 | Var: ddqn
Step: 4775936 | EPS: 0.02 | Rew: 23.12 | FPS: 9436.5 | Var: ddqn
Step: 4776960 | EPS: 0.02 | Rew: 23.14 | FPS: 7366.1 | Var: ddqn
Step: 4777984 | EPS: 0.02 | Rew: 22.66 | FPS: 8797.8 | Var: ddqn
Step: 4779008 | EPS: 0.02 | Rew: 22.67 | FPS: 7033.3 | Var: ddqn
Step: 4780032 | EPS: 0.02 | Rew: 22.21 | FPS: 6967.3 | Var: ddqn
Step: 4781056 | EPS: 0.02 | Rew: 22.12 | FPS: 8687.7 | Var: ddqn
Step: 4782080 | EPS: 0.02 | Rew: 22.12 | FPS: 9668.9 | Var: ddqn
Step: 4783104 | EPS: 0.02 | Rew: 22.05 | FPS: 9121.2 | Var: ddqn
Step: 4784128 | EPS: 0.02 | Rew: 21.56 | FPS: 9395.5 | Var: ddqn
Step: 4785152 | EPS: 0.02 | Rew: 22.09 | FPS: 8954.5 | Var: ddqn
Step: 4786176 | EPS: 0.02 | Rew: 21.34 | FPS: 7522.7 | Var: ddqn
Step: 4787200 | EPS: 0.02 | Rew: 21.33 | FPS: 8243.7 | Var: ddqn
Step: 4788224 | EPS: 0.02 | Rew: 20.77 | FPS: 8739.7 | Var: ddqn
Step: 4789248 | EPS: 0.02 | Rew: 20.74 | FPS: 9323.5 | Var: ddqn
Step: 4790272 | EPS: 0.02 | Rew: 20.73 | FPS: 9494.1 | Var: ddqn
Step: 4791296 | EPS: 0.02 | Rew: 20.76 | FPS: 9303.8 | Var: ddqn
Step: 4792320 | EPS: 0.02 | Rew: 21.08 | FPS: 8988.9 | Var: ddqn
Step: 4793344 | EPS: 0.02 | Rew: 21.11 | FPS: 9110.5 | Var: ddqn
Step: 4794368 | EPS: 0.02 | Rew: 21.51 | FPS: 8134.1 | Var: ddqn
Step: 4795392 | EPS: 0.02 | Rew: 22.11 | FPS: 9108.9 | Var: ddqn
Step: 4796416 | EPS: 0.02 | Rew: 22.00 | FPS: 8556.1 | Var: ddqn
Step: 4797440 | EPS: 0.02 | Rew: 21.87 | FPS: 8874.3 | Var: ddqn
Step: 4798464 | EPS: 0.02 | Rew: 21.15 | FPS: 9322.9 | Var: ddqn
Step: 4799488 | EPS: 0.02 | Rew: 20.85 | FPS: 7608.3 | Var: ddqn
Step: 4800512 | EPS: 0.02 | Rew: 20.53 | FPS: 9142.2 | Var: ddqn
Step: 4801536 | EPS: 0.02 | Rew: 21.30 | FPS: 8691.1 | Var: ddqn
Step: 4802560 | EPS: 0.02 | Rew: 21.65 | FPS: 8256.5 | Var: ddqn
Step: 4803584 | EPS: 0.02 | Rew: 21.26 | FPS: 8250.4 | Var: ddqn
Step: 4804608 | EPS: 0.02 | Rew: 20.70 | FPS: 8555.3 | Var: ddqn
Step: 4805632 | EPS: 0.02 | Rew: 20.88 | FPS: 7011.9 | Var: ddqn
Step: 4806656 | EPS: 0.02 | Rew: 20.62 | FPS: 7216.8 | Var: ddqn
Step: 4807680 | EPS: 0.02 | Rew: 20.79 | FPS: 9042.9 | Var: ddqn
Step: 4808704 | EPS: 0.02 | Rew: 20.94 | FPS: 7295.0 | Var: ddqn
Step: 4809728 | EPS: 0.02 | Rew: 22.20 | FPS: 9437.2 | Var: ddqn
Step: 4810752 | EPS: 0.02 | Rew: 21.93 | FPS: 8674.9 | Var: ddqn
Step: 4811776 | EPS: 0.02 | Rew: 21.50 | FPS: 9055.4 | Var: ddqn
Step: 4812800 | EPS: 0.02 | Rew: 21.76 | FPS: 7016.1 | Var: ddqn
Step: 4813824 | EPS: 0.02 | Rew: 21.84 | FPS: 9141.2 | Var: ddqn
Step: 4814848 | EPS: 0.02 | Rew: 21.98 | FPS: 8614.5 | Var: ddqn
Step: 4815872 | EPS: 0.02 | Rew: 21.41 | FPS: 7375.8 | Var: ddqn
Step: 4816896 | EPS: 0.02 | Rew: 21.09 | FPS: 6532.3 | Var: ddqn
Step: 4817920 | EPS: 0.02 | Rew: 21.26 | FPS: 7417.1 | Var: ddqn
Step: 4818944 | EPS: 0.02 | Rew: 21.16 | FPS: 9085.2 | Var: ddqn
Step: 4819968 | EPS: 0.02 | Rew: 21.16 | FPS: 8473.8 | Var: ddqn
Step: 4820992 | EPS: 0.02 | Rew: 21.02 | FPS: 9076.4 | Var: ddqn
Step: 4822016 | EPS: 0.02 | Rew: 20.77 | FPS: 9138.1 | Var: ddqn
Step: 4823040 | EPS: 0.02 | Rew: 20.68 | FPS: 8475.2 | Var: ddqn
Step: 4824064 | EPS: 0.02 | Rew: 20.68 | FPS: 9025.8 | Var: ddqn
Step: 4825088 | EPS: 0.02 | Rew: 20.40 | FPS: 9232.3 | Var: ddqn
Step: 4826112 | EPS: 0.02 | Rew: 20.63 | FPS: 9128.1 | Var: ddqn
Step: 4827136 | EPS: 0.02 | Rew: 20.45 | FPS: 7620.3 | Var: ddqn
Step: 4828160 | EPS: 0.02 | Rew: 20.45 | FPS: 9253.7 | Var: ddqn
Step: 4829184 | EPS: 0.02 | Rew: 20.31 | FPS: 6563.2 | Var: ddqn
Step: 4830208 | EPS: 0.02 | Rew: 20.84 | FPS: 7579.5 | Var: ddqn
Step: 4831232 | EPS: 0.02 | Rew: 21.76 | FPS: 8737.3 | Var: ddqn
Step: 4832256 | EPS: 0.02 | Rew: 21.78 | FPS: 9154.9 | Var: ddqn
Step: 4833280 | EPS: 0.02 | Rew: 20.80 | FPS: 8850.7 | Var: ddqn
Step: 4834304 | EPS: 0.02 | Rew: 21.27 | FPS: 7446.4 | Var: ddqn
Step: 4835328 | EPS: 0.02 | Rew: 20.77 | FPS: 9475.0 | Var: ddqn
Step: 4836352 | EPS: 0.02 | Rew: 20.73 | FPS: 9285.0 | Var: ddqn
Step: 4837376 | EPS: 0.02 | Rew: 21.24 | FPS: 8473.1 | Var: ddqn
Step: 4838400 | EPS: 0.02 | Rew: 21.19 | FPS: 7543.4 | Var: ddqn
Step: 4839424 | EPS: 0.02 | Rew: 20.59 | FPS: 9028.3 | Var: ddqn
Step: 4840448 | EPS: 0.02 | Rew: 20.43 | FPS: 7215.5 | Var: ddqn
Step: 4841472 | EPS: 0.02 | Rew: 21.00 | FPS: 6419.1 | Var: ddqn
Step: 4842496 | EPS: 0.02 | Rew: 21.53 | FPS: 6408.4 | Var: ddqn
Step: 4843520 | EPS: 0.02 | Rew: 21.48 | FPS: 9041.9 | Var: ddqn
Step: 4844544 | EPS: 0.02 | Rew: 22.24 | FPS: 7295.0 | Var: ddqn
Step: 4845568 | EPS: 0.02 | Rew: 22.14 | FPS: 7797.4 | Var: ddqn
Step: 4846592 | EPS: 0.02 | Rew: 21.65 | FPS: 8064.3 | Var: ddqn
Step: 4847616 | EPS: 0.02 | Rew: 22.70 | FPS: 8498.8 | Var: ddqn
Step: 4848640 | EPS: 0.02 | Rew: 22.62 | FPS: 8969.9 | Var: ddqn
Step: 4849664 | EPS: 0.02 | Rew: 23.25 | FPS: 6968.1 | Var: ddqn
Step: 4850688 | EPS: 0.02 | Rew: 23.38 | FPS: 7816.6 | Var: ddqn
Step: 4851712 | EPS: 0.02 | Rew: 23.59 | FPS: 7644.5 | Var: ddqn
Step: 4852736 | EPS: 0.02 | Rew: 23.85 | FPS: 7544.3 | Var: ddqn
Step: 4853760 | EPS: 0.02 | Rew: 23.58 | FPS: 8504.4 | Var: ddqn
Step: 4854784 | EPS: 0.02 | Rew: 23.86 | FPS: 9077.4 | Var: ddqn
Step: 4855808 | EPS: 0.02 | Rew: 23.36 | FPS: 8833.4 | Var: ddqn
Step: 4856832 | EPS: 0.02 | Rew: 23.35 | FPS: 7712.4 | Var: ddqn
Step: 4857856 | EPS: 0.02 | Rew: 23.20 | FPS: 8927.7 | Var: ddqn
Step: 4858880 | EPS: 0.02 | Rew: 23.08 | FPS: 7786.6 | Var: ddqn
Step: 4859904 | EPS: 0.02 | Rew: 21.70 | FPS: 6605.5 | Var: ddqn
Step: 4860928 | EPS: 0.02 | Rew: 21.17 | FPS: 8849.3 | Var: ddqn
Step: 4861952 | EPS: 0.02 | Rew: 21.41 | FPS: 8095.8 | Var: ddqn
Step: 4862976 | EPS: 0.02 | Rew: 21.62 | FPS: 9323.6 | Var: ddqn
Step: 4864000 | EPS: 0.02 | Rew: 21.65 | FPS: 9180.9 | Var: ddqn
Step: 4865024 | EPS: 0.02 | Rew: 21.26 | FPS: 7123.6 | Var: ddqn
Step: 4866048 | EPS: 0.02 | Rew: 21.08 | FPS: 9368.5 | Var: ddqn
Step: 4867072 | EPS: 0.02 | Rew: 21.19 | FPS: 9234.7 | Var: ddqn
Step: 4868096 | EPS: 0.02 | Rew: 21.35 | FPS: 9330.2 | Var: ddqn
Step: 4869120 | EPS: 0.02 | Rew: 21.44 | FPS: 7510.5 | Var: ddqn
Step: 4870144 | EPS: 0.02 | Rew: 21.35 | FPS: 7367.1 | Var: ddqn
Step: 4871168 | EPS: 0.02 | Rew: 21.96 | FPS: 9569.1 | Var: ddqn
Step: 4872192 | EPS: 0.02 | Rew: 21.87 | FPS: 8857.5 | Var: ddqn
Step: 4873216 | EPS: 0.02 | Rew: 21.77 | FPS: 8001.5 | Var: ddqn
Step: 4874240 | EPS: 0.02 | Rew: 20.75 | FPS: 8232.1 | Var: ddqn
Step: 4875264 | EPS: 0.02 | Rew: 21.30 | FPS: 7176.2 | Var: ddqn
Step: 4876288 | EPS: 0.02 | Rew: 21.19 | FPS: 9623.9 | Var: ddqn
Step: 4877312 | EPS: 0.02 | Rew: 21.55 | FPS: 9044.3 | Var: ddqn
Step: 4878336 | EPS: 0.02 | Rew: 21.55 | FPS: 9086.1 | Var: ddqn
Step: 4879360 | EPS: 0.02 | Rew: 22.22 | FPS: 9179.9 | Var: ddqn
Step: 4880384 | EPS: 0.02 | Rew: 22.22 | FPS: 9070.4 | Var: ddqn
Step: 4881408 | EPS: 0.02 | Rew: 21.95 | FPS: 9080.5 | Var: ddqn
Step: 4882432 | EPS: 0.02 | Rew: 20.93 | FPS: 9338.5 | Var: ddqn
Step: 4883456 | EPS: 0.02 | Rew: 21.26 | FPS: 9081.3 | Var: ddqn
Step: 4884480 | EPS: 0.02 | Rew: 20.56 | FPS: 8732.4 | Var: ddqn
Step: 4885504 | EPS: 0.02 | Rew: 20.33 | FPS: 8920.7 | Var: ddqn
Step: 4886528 | EPS: 0.02 | Rew: 21.58 | FPS: 9466.1 | Var: ddqn
Step: 4887552 | EPS: 0.02 | Rew: 21.22 | FPS: 9436.4 | Var: ddqn
Step: 4888576 | EPS: 0.02 | Rew: 21.49 | FPS: 8217.8 | Var: ddqn
Step: 4889600 | EPS: 0.02 | Rew: 21.50 | FPS: 7377.0 | Var: ddqn
Step: 4890624 | EPS: 0.02 | Rew: 21.78 | FPS: 8999.0 | Var: ddqn
Step: 4891648 | EPS: 0.02 | Rew: 22.24 | FPS: 8647.5 | Var: ddqn
Step: 4892672 | EPS: 0.02 | Rew: 22.54 | FPS: 9176.1 | Var: ddqn
Step: 4893696 | EPS: 0.02 | Rew: 23.21 | FPS: 8774.7 | Var: ddqn
Step: 4894720 | EPS: 0.02 | Rew: 23.10 | FPS: 5608.5 | Var: ddqn
Step: 4895744 | EPS: 0.02 | Rew: 23.16 | FPS: 9101.6 | Var: ddqn
Step: 4896768 | EPS: 0.02 | Rew: 22.94 | FPS: 9137.1 | Var: ddqn
Step: 4897792 | EPS: 0.02 | Rew: 22.38 | FPS: 8913.0 | Var: ddqn
Step: 4898816 | EPS: 0.02 | Rew: 22.67 | FPS: 7401.6 | Var: ddqn
Step: 4899840 | EPS: 0.02 | Rew: 22.36 | FPS: 9536.3 | Var: ddqn
Step: 4900864 | EPS: 0.02 | Rew: 22.59 | FPS: 8446.8 | Var: ddqn
Step: 4901888 | EPS: 0.02 | Rew: 23.31 | FPS: 9233.1 | Var: ddqn
Step: 4902912 | EPS: 0.02 | Rew: 23.31 | FPS: 9525.5 | Var: ddqn
Step: 4903936 | EPS: 0.02 | Rew: 22.02 | FPS: 8253.5 | Var: ddqn
Step: 4904960 | EPS: 0.02 | Rew: 22.37 | FPS: 8607.7 | Var: ddqn
Step: 4905984 | EPS: 0.02 | Rew: 22.02 | FPS: 7502.9 | Var: ddqn
Step: 4907008 | EPS: 0.02 | Rew: 21.67 | FPS: 9336.8 | Var: ddqn
Step: 4908032 | EPS: 0.02 | Rew: 22.21 | FPS: 8435.2 | Var: ddqn
Step: 4909056 | EPS: 0.02 | Rew: 22.80 | FPS: 7774.7 | Var: ddqn
Step: 4910080 | EPS: 0.02 | Rew: 22.31 | FPS: 8433.8 | Var: ddqn
Step: 4911104 | EPS: 0.02 | Rew: 22.45 | FPS: 9199.1 | Var: ddqn
Step: 4912128 | EPS: 0.02 | Rew: 22.58 | FPS: 6626.0 | Var: ddqn
Step: 4913152 | EPS: 0.02 | Rew: 22.49 | FPS: 8605.4 | Var: ddqn
Step: 4914176 | EPS: 0.02 | Rew: 21.42 | FPS: 9440.6 | Var: ddqn
Step: 4915200 | EPS: 0.02 | Rew: 21.85 | FPS: 9078.0 | Var: ddqn
Step: 4916224 | EPS: 0.02 | Rew: 22.08 | FPS: 8774.9 | Var: ddqn
Step: 4917248 | EPS: 0.02 | Rew: 22.66 | FPS: 9201.0 | Var: ddqn
Step: 4918272 | EPS: 0.02 | Rew: 22.98 | FPS: 6057.4 | Var: ddqn
Step: 4919296 | EPS: 0.02 | Rew: 22.26 | FPS: 9581.4 | Var: ddqn
Step: 4920320 | EPS: 0.02 | Rew: 22.48 | FPS: 9096.9 | Var: ddqn
Step: 4921344 | EPS: 0.02 | Rew: 21.94 | FPS: 9251.2 | Var: ddqn
Step: 4922368 | EPS: 0.02 | Rew: 21.85 | FPS: 8407.6 | Var: ddqn
Step: 4923392 | EPS: 0.02 | Rew: 22.69 | FPS: 9565.4 | Var: ddqn
Step: 4924416 | EPS: 0.02 | Rew: 22.44 | FPS: 7495.3 | Var: ddqn
Step: 4925440 | EPS: 0.02 | Rew: 22.73 | FPS: 7224.8 | Var: ddqn
Step: 4926464 | EPS: 0.02 | Rew: 22.60 | FPS: 7213.3 | Var: ddqn
Step: 4927488 | EPS: 0.02 | Rew: 22.24 | FPS: 7281.9 | Var: ddqn
Step: 4928512 | EPS: 0.02 | Rew: 21.50 | FPS: 7103.3 | Var: ddqn
Step: 4929536 | EPS: 0.02 | Rew: 20.87 | FPS: 7705.5 | Var: ddqn
Step: 4930560 | EPS: 0.02 | Rew: 21.66 | FPS: 7436.3 | Var: ddqn
Step: 4931584 | EPS: 0.02 | Rew: 21.21 | FPS: 9137.6 | Var: ddqn
Step: 4932608 | EPS: 0.02 | Rew: 21.11 | FPS: 8085.1 | Var: ddqn
Step: 4933632 | EPS: 0.02 | Rew: 21.08 | FPS: 7287.0 | Var: ddqn
Step: 4934656 | EPS: 0.02 | Rew: 20.84 | FPS: 8700.4 | Var: ddqn
Step: 4935680 | EPS: 0.02 | Rew: 21.24 | FPS: 8728.0 | Var: ddqn
Step: 4936704 | EPS: 0.02 | Rew: 21.12 | FPS: 8624.2 | Var: ddqn
Step: 4937728 | EPS: 0.02 | Rew: 21.16 | FPS: 8831.1 | Var: ddqn
Step: 4938752 | EPS: 0.02 | Rew: 21.80 | FPS: 9499.7 | Var: ddqn
Step: 4939776 | EPS: 0.02 | Rew: 21.78 | FPS: 8760.0 | Var: ddqn
Step: 4940800 | EPS: 0.02 | Rew: 22.04 | FPS: 6904.9 | Var: ddqn
Step: 4941824 | EPS: 0.02 | Rew: 22.04 | FPS: 8288.9 | Var: ddqn
Step: 4942848 | EPS: 0.02 | Rew: 22.02 | FPS: 7779.6 | Var: ddqn
Step: 4943872 | EPS: 0.02 | Rew: 21.70 | FPS: 6548.9 | Var: ddqn
Step: 4944896 | EPS: 0.02 | Rew: 21.99 | FPS: 8485.8 | Var: ddqn
Step: 4945920 | EPS: 0.02 | Rew: 21.81 | FPS: 10717.3 | Var: ddqn
Step: 4946944 | EPS: 0.02 | Rew: 21.61 | FPS: 9559.9 | Var: ddqn
Step: 4947968 | EPS: 0.02 | Rew: 20.83 | FPS: 10898.2 | Var: ddqn
Step: 4948992 | EPS: 0.02 | Rew: 21.26 | FPS: 10013.2 | Var: ddqn
Step: 4950016 | EPS: 0.02 | Rew: 21.37 | FPS: 11226.6 | Var: ddqn
Step: 4951040 | EPS: 0.02 | Rew: 20.79 | FPS: 9409.2 | Var: ddqn
Step: 4952064 | EPS: 0.02 | Rew: 21.24 | FPS: 9295.1 | Var: ddqn
Step: 4953088 | EPS: 0.02 | Rew: 21.53 | FPS: 7449.4 | Var: ddqn
Step: 4954112 | EPS: 0.02 | Rew: 21.71 | FPS: 8600.6 | Var: ddqn
Step: 4955136 | EPS: 0.02 | Rew: 21.14 | FPS: 8612.6 | Var: ddqn
Step: 4956160 | EPS: 0.02 | Rew: 21.12 | FPS: 8747.1 | Var: ddqn
Step: 4957184 | EPS: 0.02 | Rew: 20.94 | FPS: 8812.6 | Var: ddqn
Step: 4958208 | EPS: 0.02 | Rew: 21.03 | FPS: 9101.0 | Var: ddqn
Step: 4959232 | EPS: 0.02 | Rew: 21.61 | FPS: 8849.8 | Var: ddqn
Step: 4960256 | EPS: 0.02 | Rew: 21.83 | FPS: 8797.8 | Var: ddqn
Step: 4961280 | EPS: 0.02 | Rew: 21.96 | FPS: 7899.0 | Var: ddqn
Step: 4962304 | EPS: 0.02 | Rew: 22.62 | FPS: 8958.2 | Var: ddqn
Step: 4963328 | EPS: 0.02 | Rew: 22.19 | FPS: 9366.2 | Var: ddqn
Step: 4964352 | EPS: 0.02 | Rew: 21.92 | FPS: 9629.7 | Var: ddqn
Step: 4965376 | EPS: 0.02 | Rew: 22.60 | FPS: 9509.2 | Var: ddqn
Step: 4966400 | EPS: 0.02 | Rew: 23.32 | FPS: 9310.3 | Var: ddqn
Step: 4967424 | EPS: 0.02 | Rew: 22.60 | FPS: 7274.0 | Var: ddqn
Step: 4968448 | EPS: 0.02 | Rew: 22.32 | FPS: 8768.3 | Var: ddqn
Step: 4969472 | EPS: 0.02 | Rew: 22.49 | FPS: 8696.4 | Var: ddqn
Step: 4970496 | EPS: 0.02 | Rew: 22.47 | FPS: 6061.5 | Var: ddqn
Step: 4971520 | EPS: 0.02 | Rew: 22.14 | FPS: 6571.5 | Var: ddqn
Step: 4972544 | EPS: 0.02 | Rew: 22.60 | FPS: 7414.5 | Var: ddqn
Step: 4973568 | EPS: 0.02 | Rew: 23.26 | FPS: 6366.4 | Var: ddqn
Step: 4974592 | EPS: 0.02 | Rew: 23.14 | FPS: 7667.2 | Var: ddqn
Step: 4975616 | EPS: 0.02 | Rew: 22.81 | FPS: 9185.2 | Var: ddqn
Step: 4976640 | EPS: 0.02 | Rew: 22.64 | FPS: 9437.3 | Var: ddqn
Step: 4977664 | EPS: 0.02 | Rew: 22.84 | FPS: 9220.8 | Var: ddqn
Step: 4978688 | EPS: 0.02 | Rew: 23.26 | FPS: 8880.6 | Var: ddqn
Step: 4979712 | EPS: 0.02 | Rew: 23.13 | FPS: 7424.5 | Var: ddqn
Step: 4980736 | EPS: 0.02 | Rew: 22.64 | FPS: 7351.1 | Var: ddqn
Step: 4981760 | EPS: 0.02 | Rew: 22.74 | FPS: 5984.2 | Var: ddqn
Step: 4982784 | EPS: 0.02 | Rew: 22.70 | FPS: 6687.2 | Var: ddqn
Step: 4983808 | EPS: 0.02 | Rew: 22.61 | FPS: 6330.7 | Var: ddqn
Step: 4984832 | EPS: 0.02 | Rew: 22.89 | FPS: 9333.5 | Var: ddqn
Step: 4985856 | EPS: 0.02 | Rew: 22.76 | FPS: 9484.3 | Var: ddqn
Step: 4986880 | EPS: 0.02 | Rew: 22.24 | FPS: 9440.9 | Var: ddqn
Step: 4987904 | EPS: 0.02 | Rew: 22.00 | FPS: 9128.4 | Var: ddqn
Step: 4988928 | EPS: 0.02 | Rew: 22.02 | FPS: 8667.7 | Var: ddqn
Step: 4989952 | EPS: 0.02 | Rew: 22.08 | FPS: 8545.7 | Var: ddqn
Step: 4990976 | EPS: 0.02 | Rew: 22.81 | FPS: 9438.2 | Var: ddqn
Step: 4992000 | EPS: 0.02 | Rew: 22.76 | FPS: 8183.3 | Var: ddqn
Step: 4993024 | EPS: 0.02 | Rew: 22.50 | FPS: 9382.1 | Var: ddqn
Step: 4994048 | EPS: 0.02 | Rew: 22.19 | FPS: 9735.8 | Var: ddqn
Step: 4995072 | EPS: 0.02 | Rew: 22.17 | FPS: 9109.0 | Var: ddqn
Step: 4996096 | EPS: 0.02 | Rew: 21.79 | FPS: 10800.1 | Var: ddqn
Step: 4997120 | EPS: 0.02 | Rew: 21.59 | FPS: 9324.3 | Var: ddqn
Step: 4998144 | EPS: 0.02 | Rew: 20.66 | FPS: 7371.8 | Var: ddqn
Step: 4999168 | EPS: 0.02 | Rew: 20.79 | FPS: 7198.0 | Var: ddqn
>>> [Final] Saved -> agent/checkpoints/ddqn_pretrain.final.pth
>>> [Curriculum] Phase completed successfully.

>>> [Curriculum] Starting Phase: 2. Fine-tuning (Battle Mode) -> agent/checkpoints/ddqn_battle.pth
>>> Command: train_dqn_variants.py --variant ddqn --load agent/checkpoints/ddqn_pretrain.final.pth --steps 3000000 --save agent/checkpoints/ddqn_battle.pth --num-envs 32 --sp-prob-start 0.7 --sp-prob-end 0.4 --sp-prob-frac 0.3 --finetune-lr-mult 0.35
>>> [V8.0 Asymmetric-Tuning] Variant: DDQN | LR: 0.0001 | Tau: 0.002 | GradClip: 0.5 | Buf: 200000
>>> [Explore] eps_start=0.60 eps_min=0.05 | [SelfPlay] prob=0.70->0.40 @ 0.30
>>> [V9.0 Battle] PHASE 2 | Kill: 2.0 | FoodDensity: 2
>>> [V18.3 Turbo] Initializing 32 Parallel Environments...
>>> [V18.3 Turbo] Environments Ready.
>>> Loading weights from agent/checkpoints/ddqn_pretrain.final.pth...
>>> [V22.0] Fine-tuning mode: Lowered LR to 3.50e-05
>>> [DQN-Turbo] torch.compile() enabled.
>>> [V13.3 Heartbeat] Setup Finished. Buffer: 200000 | Device: cuda
>>> Starting DDQN Training (V21.0 Flash-Batch)...
skipping cudagraphs due to graph with symbolic shapes inputs and config.triton.cudagraph_skip_dynamic_graphs=True. Found from   File "/root/user/cs_tcci_hufuguang/machine/machineLearingCourseDevise/agent/ddqn.py", line 51, in forward
    cnn_feat = self.conv(grid)


skipping cudagraphs due to graph with symbolic shapes inputs and config.triton.cudagraph_skip_dynamic_graphs=True. Found from   File "/root/user/cs_tcci_hufuguang/machine/machineLearingCourseDevise/agent/ddqn.py", line 51, in forward
    cnn_feat = self.conv(grid)


Step: 1024 | EPS: 0.60 | Rew: -0.04 | Win%: 30.4 | S0: 182.2 | FPS: 38.4 | Var: ddqn
>>> [Best] Saved -> agent/checkpoints/ddqn_battle.pth | Win% 30.4 | S0 182.2
Step: 2048 | EPS: 0.60 | Rew: -0.18 | Win%: 26.2 | S0: 166.7 | FPS: 193.4 | Var: ddqn
Step: 3072 | EPS: 0.60 | Rew: -0.36 | Win%: 23.0 | S0: 145.7 | FPS: 395.2 | Var: ddqn
Step: 4096 | EPS: 0.60 | Rew: -0.53 | Win%: 20.3 | S0: 123.2 | FPS: 223.7 | Var: ddqn
Step: 5120 | EPS: 0.60 | Rew: -0.56 | Win%: 18.6 | S0: 125.4 | FPS: 392.1 | Var: ddqn
Step: 6144 | EPS: 0.60 | Rew: -0.88 | Win%: 15.9 | S0: 111.8 | FPS: 857.8 | Var: ddqn
Step: 7168 | EPS: 0.60 | Rew: -1.06 | Win%: 14.8 | S0: 103.9 | FPS: 2219.9 | Var: ddqn
Step: 8192 | EPS: 0.60 | Rew: -1.10 | Win%: 14.4 | S0: 95.0 | FPS: 531.5 | Var: ddqn
Step: 9216 | EPS: 0.60 | Rew: -0.97 | Win%: 15.3 | S0: 103.0 | FPS: 840.3 | Var: ddqn
Step: 10240 | EPS: 0.60 | Rew: -0.86 | Win%: 16.2 | S0: 105.5 | FPS: 2342.4 | Var: ddqn
Step: 11264 | EPS: 0.60 | Rew: -0.99 | Win%: 13.5 | S0: 91.7 | FPS: 2006.7 | Var: ddqn
Step: 12288 | EPS: 0.60 | Rew: -0.96 | Win%: 12.0 | S0: 85.5 | FPS: 2493.0 | Var: ddqn
Step: 13312 | EPS: 0.60 | Rew: -0.92 | Win%: 10.5 | S0: 78.2 | FPS: 2147.3 | Var: ddqn
Step: 14336 | EPS: 0.60 | Rew: -0.99 | Win%: 9.5 | S0: 75.3 | FPS: 821.2 | Var: ddqn
Step: 15360 | EPS: 0.60 | Rew: -1.22 | Win%: 9.5 | S0: 75.1 | FPS: 1919.4 | Var: ddqn
Step: 16384 | EPS: 0.60 | Rew: -1.02 | Win%: 11.5 | S0: 82.8 | FPS: 2048.3 | Var: ddqn
Step: 17408 | EPS: 0.60 | Rew: -1.04 | Win%: 12.0 | S0: 82.9 | FPS: 401.6 | Var: ddqn
Step: 18432 | EPS: 0.60 | Rew: -1.04 | Win%: 11.5 | S0: 87.4 | FPS: 2140.7 | Var: ddqn
Step: 19456 | EPS: 0.60 | Rew: -0.85 | Win%: 12.0 | S0: 87.2 | FPS: 1860.3 | Var: ddqn
Step: 20480 | EPS: 0.60 | Rew: -0.75 | Win%: 11.5 | S0: 88.3 | FPS: 1986.0 | Var: ddqn
Step: 21504 | EPS: 0.60 | Rew: -0.87 | Win%: 12.0 | S0: 89.3 | FPS: 2167.5 | Var: ddqn
Step: 22528 | EPS: 0.60 | Rew: -0.79 | Win%: 12.5 | S0: 87.9 | FPS: 1715.7 | Var: ddqn
Step: 23552 | EPS: 0.60 | Rew: -0.74 | Win%: 12.5 | S0: 88.7 | FPS: 1990.8 | Var: ddqn
Step: 24576 | EPS: 0.59 | Rew: -0.94 | Win%: 13.0 | S0: 92.2 | FPS: 1964.2 | Var: ddqn
Step: 25600 | EPS: 0.59 | Rew: -0.99 | Win%: 11.0 | S0: 86.3 | FPS: 2021.7 | Var: ddqn
Step: 26624 | EPS: 0.59 | Rew: -0.91 | Win%: 11.0 | S0: 85.8 | FPS: 2196.9 | Var: ddqn
Step: 27648 | EPS: 0.59 | Rew: -0.89 | Win%: 12.5 | S0: 88.5 | FPS: 1843.8 | Var: ddqn
Step: 28672 | EPS: 0.59 | Rew: -0.81 | Win%: 13.0 | S0: 96.9 | FPS: 2214.2 | Var: ddqn
Step: 29696 | EPS: 0.59 | Rew: -0.75 | Win%: 11.5 | S0: 88.5 | FPS: 1907.6 | Var: ddqn
Step: 30720 | EPS: 0.59 | Rew: -0.72 | Win%: 12.0 | S0: 85.8 | FPS: 1808.9 | Var: ddqn
Step: 31744 | EPS: 0.59 | Rew: -0.81 | Win%: 11.0 | S0: 88.2 | FPS: 1833.0 | Var: ddqn
Step: 32768 | EPS: 0.59 | Rew: -0.80 | Win%: 12.0 | S0: 93.2 | FPS: 2009.0 | Var: ddqn
Step: 33792 | EPS: 0.59 | Rew: -0.93 | Win%: 12.0 | S0: 90.1 | FPS: 868.3 | Var: ddqn
Step: 34816 | EPS: 0.59 | Rew: -0.94 | Win%: 12.5 | S0: 91.2 | FPS: 209.0 | Var: ddqn
Step: 35840 | EPS: 0.59 | Rew: -0.94 | Win%: 12.5 | S0: 87.6 | FPS: 850.5 | Var: ddqn
Step: 36864 | EPS: 0.59 | Rew: -0.94 | Win%: 11.5 | S0: 83.8 | FPS: 1969.2 | Var: ddqn
Step: 37888 | EPS: 0.59 | Rew: -1.08 | Win%: 11.5 | S0: 81.2 | FPS: 1852.5 | Var: ddqn
Step: 38912 | EPS: 0.59 | Rew: -1.10 | Win%: 10.5 | S0: 75.5 | FPS: 1876.6 | Var: ddqn
Step: 39936 | EPS: 0.59 | Rew: -1.14 | Win%: 9.0 | S0: 73.6 | FPS: 1983.5 | Var: ddqn
Step: 40960 | EPS: 0.59 | Rew: -1.03 | Win%: 10.0 | S0: 78.5 | FPS: 1943.2 | Var: ddqn
Step: 41984 | EPS: 0.59 | Rew: -0.96 | Win%: 11.0 | S0: 81.7 | FPS: 2037.5 | Var: ddqn
Step: 43008 | EPS: 0.59 | Rew: -0.90 | Win%: 8.5 | S0: 71.6 | FPS: 1990.5 | Var: ddqn
Step: 44032 | EPS: 0.59 | Rew: -0.87 | Win%: 9.0 | S0: 74.1 | FPS: 2084.4 | Var: ddqn
Step: 45056 | EPS: 0.59 | Rew: -0.91 | Win%: 9.5 | S0: 75.1 | FPS: 1936.6 | Var: ddqn
Step: 46080 | EPS: 0.59 | Rew: -0.97 | Win%: 9.5 | S0: 77.0 | FPS: 1951.5 | Var: ddqn
Step: 47104 | EPS: 0.59 | Rew: -0.92 | Win%: 10.0 | S0: 80.5 | FPS: 1902.8 | Var: ddqn
Step: 48128 | EPS: 0.59 | Rew: -0.92 | Win%: 11.0 | S0: 83.5 | FPS: 1918.4 | Var: ddqn
Step: 49152 | EPS: 0.59 | Rew: -0.95 | Win%: 11.5 | S0: 77.8 | FPS: 1687.9 | Var: ddqn
Step: 50176 | EPS: 0.59 | Rew: -0.94 | Win%: 11.0 | S0: 77.4 | FPS: 776.5 | Var: ddqn
Step: 51200 | EPS: 0.59 | Rew: -1.03 | Win%: 11.0 | S0: 80.8 | FPS: 799.4 | Var: ddqn
Step: 52224 | EPS: 0.59 | Rew: -1.10 | Win%: 10.5 | S0: 80.7 | FPS: 1979.8 | Var: ddqn
Step: 53248 | EPS: 0.59 | Rew: -1.13 | Win%: 11.0 | S0: 77.2 | FPS: 1908.9 | Var: ddqn
Step: 54272 | EPS: 0.59 | Rew: -1.17 | Win%: 10.5 | S0: 76.2 | FPS: 1814.5 | Var: ddqn
Step: 55296 | EPS: 0.59 | Rew: -1.06 | Win%: 11.5 | S0: 81.0 | FPS: 1817.5 | Var: ddqn
Step: 56320 | EPS: 0.59 | Rew: -1.05 | Win%: 10.5 | S0: 74.5 | FPS: 2153.7 | Var: ddqn
Step: 57344 | EPS: 0.59 | Rew: -0.98 | Win%: 10.0 | S0: 77.2 | FPS: 2117.4 | Var: ddqn
Step: 58368 | EPS: 0.59 | Rew: -1.00 | Win%: 9.0 | S0: 76.8 | FPS: 1681.9 | Var: ddqn
Step: 59392 | EPS: 0.59 | Rew: -0.99 | Win%: 9.5 | S0: 79.8 | FPS: 1843.8 | Var: ddqn
Step: 60416 | EPS: 0.59 | Rew: -0.92 | Win%: 10.5 | S0: 82.2 | FPS: 1837.7 | Var: ddqn
Step: 61440 | EPS: 0.59 | Rew: -0.81 | Win%: 10.5 | S0: 81.3 | FPS: 1862.1 | Var: ddqn
Step: 62464 | EPS: 0.59 | Rew: -0.77 | Win%: 10.5 | S0: 85.0 | FPS: 2031.4 | Var: ddqn
Step: 63488 | EPS: 0.59 | Rew: -0.70 | Win%: 11.0 | S0: 91.2 | FPS: 2000.5 | Var: ddqn
Step: 64512 | EPS: 0.59 | Rew: -0.82 | Win%: 10.5 | S0: 87.2 | FPS: 1427.5 | Var: ddqn
Step: 65536 | EPS: 0.59 | Rew: -0.89 | Win%: 10.0 | S0: 89.0 | FPS: 1677.8 | Var: ddqn
Step: 66560 | EPS: 0.59 | Rew: -0.85 | Win%: 10.5 | S0: 90.8 | FPS: 2118.8 | Var: ddqn
Step: 67584 | EPS: 0.59 | Rew: -0.85 | Win%: 11.5 | S0: 91.7 | FPS: 1864.2 | Var: ddqn
Step: 68608 | EPS: 0.59 | Rew: -1.12 | Win%: 11.0 | S0: 91.0 | FPS: 1944.8 | Var: ddqn
Step: 69632 | EPS: 0.59 | Rew: -1.01 | Win%: 10.0 | S0: 94.7 | FPS: 1714.6 | Var: ddqn
Step: 70656 | EPS: 0.59 | Rew: -1.08 | Win%: 8.5 | S0: 87.8 | FPS: 1711.6 | Var: ddqn
Step: 71680 | EPS: 0.59 | Rew: -1.15 | Win%: 8.5 | S0: 86.4 | FPS: 1970.2 | Var: ddqn
Step: 72704 | EPS: 0.59 | Rew: -1.23 | Win%: 9.0 | S0: 84.3 | FPS: 1863.2 | Var: ddqn
Step: 73728 | EPS: 0.58 | Rew: -0.95 | Win%: 9.5 | S0: 82.0 | FPS: 1895.4 | Var: ddqn
Step: 74752 | EPS: 0.58 | Rew: -0.91 | Win%: 11.0 | S0: 88.3 | FPS: 1779.8 | Var: ddqn
Step: 75776 | EPS: 0.58 | Rew: -0.81 | Win%: 11.5 | S0: 93.0 | FPS: 1687.7 | Var: ddqn
Step: 76800 | EPS: 0.58 | Rew: -0.71 | Win%: 12.5 | S0: 93.8 | FPS: 2067.4 | Var: ddqn
Step: 77824 | EPS: 0.58 | Rew: -0.73 | Win%: 11.5 | S0: 90.4 | FPS: 2084.0 | Var: ddqn
Step: 78848 | EPS: 0.58 | Rew: -0.83 | Win%: 11.5 | S0: 92.9 | FPS: 1837.8 | Var: ddqn
Step: 79872 | EPS: 0.58 | Rew: -0.86 | Win%: 12.5 | S0: 93.2 | FPS: 1571.6 | Var: ddqn
Step: 80896 | EPS: 0.58 | Rew: -0.87 | Win%: 13.0 | S0: 93.2 | FPS: 2013.0 | Var: ddqn
Step: 81920 | EPS: 0.58 | Rew: -1.03 | Win%: 12.5 | S0: 92.0 | FPS: 1716.4 | Var: ddqn
Step: 82944 | EPS: 0.58 | Rew: -1.02 | Win%: 12.0 | S0: 93.2 | FPS: 1743.1 | Var: ddqn
Step: 83968 | EPS: 0.58 | Rew: -1.11 | Win%: 12.5 | S0: 97.2 | FPS: 2053.4 | Var: ddqn
Step: 84992 | EPS: 0.58 | Rew: -1.01 | Win%: 10.5 | S0: 93.6 | FPS: 2044.5 | Var: ddqn
Step: 86016 | EPS: 0.58 | Rew: -0.92 | Win%: 11.0 | S0: 101.8 | FPS: 1724.0 | Var: ddqn
Step: 87040 | EPS: 0.58 | Rew: -1.00 | Win%: 10.5 | S0: 103.0 | FPS: 1580.4 | Var: ddqn
Step: 88064 | EPS: 0.58 | Rew: -0.96 | Win%: 9.0 | S0: 95.8 | FPS: 1837.7 | Var: ddqn
Step: 89088 | EPS: 0.58 | Rew: -1.16 | Win%: 9.0 | S0: 93.9 | FPS: 2140.0 | Var: ddqn
Step: 90112 | EPS: 0.58 | Rew: -1.16 | Win%: 7.5 | S0: 85.5 | FPS: 1971.4 | Var: ddqn
Step: 91136 | EPS: 0.58 | Rew: -1.32 | Win%: 9.5 | S0: 90.0 | FPS: 1732.5 | Var: ddqn
Step: 92160 | EPS: 0.58 | Rew: -1.27 | Win%: 8.5 | S0: 83.9 | FPS: 1893.0 | Var: ddqn
Step: 93184 | EPS: 0.58 | Rew: -1.21 | Win%: 9.5 | S0: 87.7 | FPS: 1722.6 | Var: ddqn
Step: 94208 | EPS: 0.58 | Rew: -1.20 | Win%: 10.0 | S0: 91.2 | FPS: 2031.8 | Var: ddqn
Step: 95232 | EPS: 0.58 | Rew: -1.00 | Win%: 9.5 | S0: 85.3 | FPS: 1792.3 | Var: ddqn
Step: 96256 | EPS: 0.58 | Rew: -1.16 | Win%: 10.0 | S0: 85.7 | FPS: 1721.4 | Var: ddqn
Step: 97280 | EPS: 0.58 | Rew: -1.13 | Win%: 9.0 | S0: 79.1 | FPS: 1609.7 | Var: ddqn
Step: 98304 | EPS: 0.58 | Rew: -1.16 | Win%: 8.5 | S0: 74.0 | FPS: 1725.3 | Var: ddqn
Step: 99328 | EPS: 0.58 | Rew: -1.22 | Win%: 8.5 | S0: 73.5 | FPS: 1862.0 | Var: ddqn
Step: 100352 | EPS: 0.58 | Rew: -1.23 | Win%: 9.0 | S0: 77.1 | FPS: 841.6 | Var: ddqn
Step: 101376 | EPS: 0.58 | Rew: -1.23 | Win%: 9.5 | S0: 78.5 | FPS: 1990.1 | Var: ddqn
Step: 102400 | EPS: 0.58 | Rew: -0.99 | Win%: 9.0 | S0: 80.7 | FPS: 1875.1 | Var: ddqn
Step: 103424 | EPS: 0.58 | Rew: -1.00 | Win%: 9.5 | S0: 85.9 | FPS: 1928.4 | Var: ddqn
Step: 104448 | EPS: 0.58 | Rew: -0.89 | Win%: 10.0 | S0: 89.3 | FPS: 1915.1 | Var: ddqn
Step: 105472 | EPS: 0.58 | Rew: -0.89 | Win%: 10.5 | S0: 86.5 | FPS: 1635.7 | Var: ddqn
Step: 106496 | EPS: 0.58 | Rew: -0.89 | Win%: 10.5 | S0: 86.5 | FPS: 1767.0 | Var: ddqn
Step: 107520 | EPS: 0.58 | Rew: -1.13 | Win%: 11.0 | S0: 90.5 | FPS: 1257.2 | Var: ddqn
Step: 108544 | EPS: 0.58 | Rew: -1.11 | Win%: 11.5 | S0: 87.8 | FPS: 1635.6 | Var: ddqn
Step: 109568 | EPS: 0.58 | Rew: -1.20 | Win%: 12.0 | S0: 90.8 | FPS: 1844.3 | Var: ddqn
Step: 110592 | EPS: 0.58 | Rew: -1.08 | Win%: 13.0 | S0: 93.0 | FPS: 1553.9 | Var: ddqn
Step: 111616 | EPS: 0.58 | Rew: -0.95 | Win%: 14.0 | S0: 100.9 | FPS: 1688.7 | Var: ddqn
Step: 112640 | EPS: 0.58 | Rew: -0.99 | Win%: 14.0 | S0: 101.7 | FPS: 1659.6 | Var: ddqn
Step: 113664 | EPS: 0.58 | Rew: -0.76 | Win%: 14.0 | S0: 101.0 | FPS: 2022.2 | Var: ddqn
Step: 114688 | EPS: 0.58 | Rew: -0.81 | Win%: 13.0 | S0: 94.3 | FPS: 2134.6 | Var: ddqn
Step: 115712 | EPS: 0.58 | Rew: -0.77 | Win%: 13.5 | S0: 101.6 | FPS: 1786.2 | Var: ddqn
Step: 116736 | EPS: 0.58 | Rew: -0.87 | Win%: 14.0 | S0: 104.7 | FPS: 1776.0 | Var: ddqn
Step: 117760 | EPS: 0.58 | Rew: -0.83 | Win%: 14.0 | S0: 106.5 | FPS: 1375.2 | Var: ddqn
Step: 118784 | EPS: 0.58 | Rew: -0.75 | Win%: 14.0 | S0: 105.7 | FPS: 1517.3 | Var: ddqn
Step: 119808 | EPS: 0.58 | Rew: -0.93 | Win%: 14.0 | S0: 100.5 | FPS: 1931.4 | Var: ddqn
Step: 120832 | EPS: 0.58 | Rew: -1.04 | Win%: 13.5 | S0: 98.3 | FPS: 1891.0 | Var: ddqn
Step: 121856 | EPS: 0.58 | Rew: -0.92 | Win%: 14.5 | S0: 100.0 | FPS: 1877.7 | Var: ddqn
Step: 122880 | EPS: 0.57 | Rew: -0.87 | Win%: 14.5 | S0: 102.4 | FPS: 2111.9 | Var: ddqn
Step: 123904 | EPS: 0.57 | Rew: -0.98 | Win%: 13.0 | S0: 93.8 | FPS: 1501.6 | Var: ddqn
Step: 124928 | EPS: 0.57 | Rew: -0.87 | Win%: 12.0 | S0: 88.5 | FPS: 1944.3 | Var: ddqn
Step: 125952 | EPS: 0.57 | Rew: -1.00 | Win%: 10.0 | S0: 78.5 | FPS: 1631.2 | Var: ddqn
Step: 126976 | EPS: 0.57 | Rew: -1.11 | Win%: 8.5 | S0: 73.1 | FPS: 1908.6 | Var: ddqn
Step: 128000 | EPS: 0.57 | Rew: -1.19 | Win%: 9.5 | S0: 71.4 | FPS: 1951.1 | Var: ddqn
Step: 129024 | EPS: 0.57 | Rew: -1.20 | Win%: 9.0 | S0: 70.3 | FPS: 1993.4 | Var: ddqn
Step: 130048 | EPS: 0.57 | Rew: -1.13 | Win%: 8.5 | S0: 70.0 | FPS: 1661.2 | Var: ddqn
Step: 131072 | EPS: 0.57 | Rew: -0.99 | Win%: 7.0 | S0: 67.8 | FPS: 1648.4 | Var: ddqn
Step: 132096 | EPS: 0.57 | Rew: -1.08 | Win%: 5.5 | S0: 61.0 | FPS: 1517.0 | Var: ddqn
Step: 133120 | EPS: 0.57 | Rew: -1.03 | Win%: 5.5 | S0: 63.2 | FPS: 1701.6 | Var: ddqn
Step: 134144 | EPS: 0.57 | Rew: -1.08 | Win%: 6.5 | S0: 62.0 | FPS: 1750.1 | Var: ddqn
Step: 135168 | EPS: 0.57 | Rew: -1.09 | Win%: 7.0 | S0: 64.7 | FPS: 1701.6 | Var: ddqn
Step: 136192 | EPS: 0.57 | Rew: -1.04 | Win%: 8.0 | S0: 68.8 | FPS: 1983.2 | Var: ddqn
Step: 137216 | EPS: 0.57 | Rew: -1.08 | Win%: 9.0 | S0: 69.5 | FPS: 2062.1 | Var: ddqn
Step: 138240 | EPS: 0.57 | Rew: -1.05 | Win%: 9.0 | S0: 78.1 | FPS: 1722.5 | Var: ddqn
Step: 139264 | EPS: 0.57 | Rew: -1.00 | Win%: 9.0 | S0: 82.8 | FPS: 1741.3 | Var: ddqn
Step: 140288 | EPS: 0.57 | Rew: -0.91 | Win%: 9.5 | S0: 85.3 | FPS: 1767.6 | Var: ddqn
Step: 141312 | EPS: 0.57 | Rew: -0.82 | Win%: 11.0 | S0: 94.3 | FPS: 1875.0 | Var: ddqn
Step: 142336 | EPS: 0.57 | Rew: -0.86 | Win%: 10.0 | S0: 92.7 | FPS: 1392.8 | Var: ddqn
Step: 143360 | EPS: 0.57 | Rew: -0.81 | Win%: 10.0 | S0: 93.0 | FPS: 1489.0 | Var: ddqn
Step: 144384 | EPS: 0.57 | Rew: -1.01 | Win%: 8.5 | S0: 84.9 | FPS: 1874.9 | Var: ddqn
Step: 145408 | EPS: 0.57 | Rew: -1.20 | Win%: 8.5 | S0: 85.0 | FPS: 2110.7 | Var: ddqn
Step: 146432 | EPS: 0.57 | Rew: -1.29 | Win%: 9.0 | S0: 88.4 | FPS: 2127.8 | Var: ddqn
Step: 147456 | EPS: 0.57 | Rew: -1.32 | Win%: 9.0 | S0: 85.8 | FPS: 1710.2 | Var: ddqn
Step: 148480 | EPS: 0.57 | Rew: -1.38 | Win%: 8.0 | S0: 82.3 | FPS: 1767.7 | Var: ddqn
Step: 149504 | EPS: 0.57 | Rew: -1.51 | Win%: 8.5 | S0: 79.8 | FPS: 2150.4 | Var: ddqn
Step: 150528 | EPS: 0.57 | Rew: -1.29 | Win%: 8.0 | S0: 66.5 | FPS: 1889.6 | Var: ddqn
Step: 151552 | EPS: 0.57 | Rew: -1.19 | Win%: 7.0 | S0: 65.0 | FPS: 2024.0 | Var: ddqn
Step: 152576 | EPS: 0.57 | Rew: -1.21 | Win%: 6.5 | S0: 58.8 | FPS: 1577.0 | Var: ddqn
Step: 153600 | EPS: 0.57 | Rew: -1.12 | Win%: 7.0 | S0: 60.0 | FPS: 1815.1 | Var: ddqn
Step: 154624 | EPS: 0.57 | Rew: -1.11 | Win%: 7.5 | S0: 63.0 | FPS: 1633.9 | Var: ddqn
Step: 155648 | EPS: 0.57 | Rew: -0.98 | Win%: 8.0 | S0: 68.0 | FPS: 1107.3 | Var: ddqn
Step: 156672 | EPS: 0.57 | Rew: -1.10 | Win%: 7.5 | S0: 66.2 | FPS: 1729.0 | Var: ddqn
Step: 157696 | EPS: 0.57 | Rew: -1.23 | Win%: 7.0 | S0: 62.5 | FPS: 1752.8 | Var: ddqn
Step: 158720 | EPS: 0.57 | Rew: -1.26 | Win%: 7.0 | S0: 62.1 | FPS: 1714.4 | Var: ddqn
Step: 159744 | EPS: 0.57 | Rew: -1.47 | Win%: 7.0 | S0: 64.5 | FPS: 1855.2 | Var: ddqn
Step: 160768 | EPS: 0.57 | Rew: -1.47 | Win%: 7.0 | S0: 66.1 | FPS: 1910.7 | Var: ddqn
Step: 161792 | EPS: 0.57 | Rew: -1.41 | Win%: 6.5 | S0: 66.7 | FPS: 2160.8 | Var: ddqn
Step: 162816 | EPS: 0.57 | Rew: -1.50 | Win%: 7.0 | S0: 70.0 | FPS: 600.0 | Var: ddqn
Step: 163840 | EPS: 0.57 | Rew: -1.60 | Win%: 6.0 | S0: 65.2 | FPS: 2357.5 | Var: ddqn
Step: 164864 | EPS: 0.57 | Rew: -1.48 | Win%: 6.5 | S0: 66.1 | FPS: 1977.6 | Var: ddqn
Step: 165888 | EPS: 0.57 | Rew: -1.44 | Win%: 6.0 | S0: 66.0 | FPS: 1755.0 | Var: ddqn
Step: 166912 | EPS: 0.57 | Rew: -1.26 | Win%: 5.5 | S0: 66.5 | FPS: 1971.8 | Var: ddqn
Step: 167936 | EPS: 0.57 | Rew: -1.32 | Win%: 5.0 | S0: 60.3 | FPS: 1595.9 | Var: ddqn
Step: 168960 | EPS: 0.57 | Rew: -1.40 | Win%: 4.5 | S0: 50.9 | FPS: 2135.4 | Var: ddqn
Step: 169984 | EPS: 0.57 | Rew: -1.34 | Win%: 5.5 | S0: 58.0 | FPS: 812.5 | Var: ddqn
Step: 171008 | EPS: 0.57 | Rew: -1.21 | Win%: 6.5 | S0: 66.8 | FPS: 1980.9 | Var: ddqn
Step: 172032 | EPS: 0.56 | Rew: -1.25 | Win%: 6.0 | S0: 65.9 | FPS: 2021.4 | Var: ddqn
Step: 173056 | EPS: 0.56 | Rew: -1.25 | Win%: 5.5 | S0: 64.0 | FPS: 1914.7 | Var: ddqn
Step: 174080 | EPS: 0.56 | Rew: -1.21 | Win%: 5.5 | S0: 64.8 | FPS: 2030.7 | Var: ddqn
Step: 175104 | EPS: 0.56 | Rew: -1.15 | Win%: 5.5 | S0: 67.8 | FPS: 1804.6 | Var: ddqn
Step: 176128 | EPS: 0.56 | Rew: -1.18 | Win%: 5.5 | S0: 68.6 | FPS: 907.1 | Var: ddqn
Step: 177152 | EPS: 0.56 | Rew: -1.13 | Win%: 6.0 | S0: 75.2 | FPS: 1755.2 | Var: ddqn
Step: 178176 | EPS: 0.56 | Rew: -1.34 | Win%: 6.0 | S0: 73.9 | FPS: 1900.5 | Var: ddqn
Step: 179200 | EPS: 0.56 | Rew: -1.39 | Win%: 6.5 | S0: 73.5 | FPS: 1882.3 | Var: ddqn
Step: 180224 | EPS: 0.56 | Rew: -1.38 | Win%: 7.0 | S0: 75.8 | FPS: 1799.5 | Var: ddqn
Step: 181248 | EPS: 0.56 | Rew: -1.48 | Win%: 8.0 | S0: 78.7 | FPS: 2071.1 | Var: ddqn
Step: 182272 | EPS: 0.56 | Rew: -1.44 | Win%: 8.0 | S0: 83.0 | FPS: 2002.1 | Var: ddqn
Step: 183296 | EPS: 0.56 | Rew: -1.37 | Win%: 8.0 | S0: 81.5 | FPS: 1936.8 | Var: ddqn
Step: 184320 | EPS: 0.56 | Rew: -1.44 | Win%: 8.5 | S0: 81.0 | FPS: 1854.8 | Var: ddqn
Step: 185344 | EPS: 0.56 | Rew: -1.23 | Win%: 8.0 | S0: 75.7 | FPS: 2140.3 | Var: ddqn
Step: 186368 | EPS: 0.56 | Rew: -1.25 | Win%: 9.0 | S0: 76.8 | FPS: 2269.6 | Var: ddqn
Step: 187392 | EPS: 0.56 | Rew: -1.14 | Win%: 9.5 | S0: 78.3 | FPS: 2024.4 | Var: ddqn
Step: 188416 | EPS: 0.56 | Rew: -1.11 | Win%: 10.0 | S0: 76.5 | FPS: 2035.7 | Var: ddqn
Step: 189440 | EPS: 0.56 | Rew: -1.21 | Win%: 11.0 | S0: 76.0 | FPS: 1837.7 | Var: ddqn
Step: 190464 | EPS: 0.56 | Rew: -1.15 | Win%: 11.5 | S0: 78.3 | FPS: 2120.7 | Var: ddqn
Step: 191488 | EPS: 0.56 | Rew: -1.06 | Win%: 11.5 | S0: 79.4 | FPS: 1973.4 | Var: ddqn
Step: 192512 | EPS: 0.56 | Rew: -1.28 | Win%: 10.5 | S0: 78.8 | FPS: 1951.1 | Var: ddqn
Step: 193536 | EPS: 0.56 | Rew: -1.26 | Win%: 11.5 | S0: 86.5 | FPS: 1740.0 | Var: ddqn
Step: 194560 | EPS: 0.56 | Rew: -1.15 | Win%: 12.5 | S0: 94.2 | FPS: 2168.0 | Var: ddqn
Step: 195584 | EPS: 0.56 | Rew: -1.14 | Win%: 12.5 | S0: 94.2 | FPS: 1790.3 | Var: ddqn
Step: 196608 | EPS: 0.56 | Rew: -1.18 | Win%: 11.5 | S0: 92.1 | FPS: 2133.4 | Var: ddqn
Step: 197632 | EPS: 0.56 | Rew: -1.22 | Win%: 12.5 | S0: 97.0 | FPS: 2053.9 | Var: ddqn
Step: 198656 | EPS: 0.56 | Rew: -1.06 | Win%: 11.0 | S0: 93.5 | FPS: 1972.5 | Var: ddqn
Step: 199680 | EPS: 0.56 | Rew: -1.08 | Win%: 11.0 | S0: 95.2 | FPS: 1986.0 | Var: ddqn
Step: 200704 | EPS: 0.56 | Rew: -1.16 | Win%: 11.5 | S0: 101.4 | FPS: 2066.0 | Var: ddqn
Step: 201728 | EPS: 0.56 | Rew: -1.13 | Win%: 11.5 | S0: 103.3 | FPS: 1961.5 | Var: ddqn
Step: 202752 | EPS: 0.56 | Rew: -1.09 | Win%: 12.5 | S0: 107.8 | FPS: 2154.7 | Var: ddqn
Step: 203776 | EPS: 0.56 | Rew: -1.18 | Win%: 11.0 | S0: 99.8 | FPS: 1884.0 | Var: ddqn
Step: 204800 | EPS: 0.56 | Rew: -1.17 | Win%: 11.5 | S0: 101.3 | FPS: 1700.0 | Var: ddqn
Step: 205824 | EPS: 0.56 | Rew: -1.13 | Win%: 11.5 | S0: 95.5 | FPS: 2055.8 | Var: ddqn
Step: 206848 | EPS: 0.56 | Rew: -1.18 | Win%: 10.0 | S0: 87.4 | FPS: 2268.5 | Var: ddqn
Step: 207872 | EPS: 0.56 | Rew: -1.21 | Win%: 10.5 | S0: 86.0 | FPS: 1843.7 | Var: ddqn
Step: 208896 | EPS: 0.56 | Rew: -1.35 | Win%: 9.5 | S0: 80.8 | FPS: 2106.0 | Var: ddqn
Step: 209920 | EPS: 0.56 | Rew: -1.25 | Win%: 9.5 | S0: 83.2 | FPS: 2121.1 | Var: ddqn
Step: 210944 | EPS: 0.56 | Rew: -1.23 | Win%: 9.0 | S0: 81.3 | FPS: 2106.3 | Var: ddqn
Step: 211968 | EPS: 0.56 | Rew: -1.28 | Win%: 10.0 | S0: 86.5 | FPS: 2103.1 | Var: ddqn
Step: 212992 | EPS: 0.56 | Rew: -1.19 | Win%: 10.5 | S0: 89.7 | FPS: 2042.4 | Var: ddqn
Step: 214016 | EPS: 0.56 | Rew: -1.15 | Win%: 10.0 | S0: 89.7 | FPS: 1789.0 | Var: ddqn
Step: 215040 | EPS: 0.56 | Rew: -1.11 | Win%: 8.5 | S0: 78.5 | FPS: 1945.4 | Var: ddqn
Step: 216064 | EPS: 0.56 | Rew: -1.09 | Win%: 8.0 | S0: 80.2 | FPS: 2001.2 | Var: ddqn
Step: 217088 | EPS: 0.56 | Rew: -1.16 | Win%: 8.0 | S0: 78.0 | FPS: 1966.6 | Var: ddqn
Step: 218112 | EPS: 0.56 | Rew: -1.14 | Win%: 8.5 | S0: 78.7 | FPS: 1971.6 | Var: ddqn
Step: 219136 | EPS: 0.56 | Rew: -1.25 | Win%: 8.0 | S0: 79.5 | FPS: 2197.3 | Var: ddqn
Step: 220160 | EPS: 0.56 | Rew: -1.23 | Win%: 7.0 | S0: 81.7 | FPS: 2106.7 | Var: ddqn
Step: 221184 | EPS: 0.55 | Rew: -1.08 | Win%: 9.0 | S0: 90.2 | FPS: 1919.6 | Var: ddqn
Step: 222208 | EPS: 0.55 | Rew: -1.02 | Win%: 9.5 | S0: 89.6 | FPS: 1906.7 | Var: ddqn
Step: 223232 | EPS: 0.55 | Rew: -1.02 | Win%: 8.5 | S0: 82.8 | FPS: 2074.3 | Var: ddqn
Step: 224256 | EPS: 0.55 | Rew: -0.98 | Win%: 7.5 | S0: 78.2 | FPS: 1886.1 | Var: ddqn
Step: 225280 | EPS: 0.55 | Rew: -0.98 | Win%: 7.0 | S0: 72.5 | FPS: 1748.1 | Var: ddqn
Step: 226304 | EPS: 0.55 | Rew: -1.13 | Win%: 6.0 | S0: 67.7 | FPS: 1833.7 | Var: ddqn
Step: 227328 | EPS: 0.55 | Rew: -1.31 | Win%: 5.5 | S0: 63.1 | FPS: 2043.2 | Var: ddqn
Step: 228352 | EPS: 0.55 | Rew: -1.33 | Win%: 5.5 | S0: 66.2 | FPS: 1958.0 | Var: ddqn
Step: 229376 | EPS: 0.55 | Rew: -1.36 | Win%: 5.0 | S0: 65.6 | FPS: 1843.1 | Var: ddqn
Step: 230400 | EPS: 0.55 | Rew: -1.40 | Win%: 4.5 | S0: 62.5 | FPS: 2143.9 | Var: ddqn
Step: 231424 | EPS: 0.55 | Rew: -1.34 | Win%: 5.5 | S0: 65.0 | FPS: 2205.4 | Var: ddqn
Step: 232448 | EPS: 0.55 | Rew: -1.31 | Win%: 4.5 | S0: 61.9 | FPS: 1837.1 | Var: ddqn
Step: 233472 | EPS: 0.55 | Rew: -1.18 | Win%: 4.5 | S0: 58.8 | FPS: 1902.3 | Var: ddqn
Step: 234496 | EPS: 0.55 | Rew: -1.20 | Win%: 3.5 | S0: 56.0 | FPS: 2325.3 | Var: ddqn
Step: 235520 | EPS: 0.55 | Rew: -1.11 | Win%: 5.0 | S0: 62.7 | FPS: 2035.9 | Var: ddqn
Step: 236544 | EPS: 0.55 | Rew: -1.15 | Win%: 5.5 | S0: 65.2 | FPS: 1902.6 | Var: ddqn
Step: 237568 | EPS: 0.55 | Rew: -1.05 | Win%: 6.5 | S0: 72.2 | FPS: 2062.8 | Var: ddqn
Step: 238592 | EPS: 0.55 | Rew: -0.92 | Win%: 7.5 | S0: 83.3 | FPS: 1871.9 | Var: ddqn
Step: 239616 | EPS: 0.55 | Rew: -1.02 | Win%: 7.5 | S0: 80.5 | FPS: 2088.4 | Var: ddqn
Step: 240640 | EPS: 0.55 | Rew: -1.01 | Win%: 7.5 | S0: 80.1 | FPS: 2058.7 | Var: ddqn
Step: 241664 | EPS: 0.55 | Rew: -1.01 | Win%: 7.5 | S0: 83.2 | FPS: 2218.0 | Var: ddqn
Step: 242688 | EPS: 0.55 | Rew: -1.07 | Win%: 6.5 | S0: 83.0 | FPS: 1914.9 | Var: ddqn
Step: 243712 | EPS: 0.55 | Rew: -1.15 | Win%: 7.0 | S0: 80.4 | FPS: 1858.7 | Var: ddqn
Step: 244736 | EPS: 0.55 | Rew: -1.05 | Win%: 9.0 | S0: 85.5 | FPS: 1876.5 | Var: ddqn
Step: 245760 | EPS: 0.55 | Rew: -0.96 | Win%: 9.0 | S0: 89.0 | FPS: 1896.4 | Var: ddqn
Step: 246784 | EPS: 0.55 | Rew: -0.99 | Win%: 9.0 | S0: 89.2 | FPS: 1890.6 | Var: ddqn
Step: 247808 | EPS: 0.55 | Rew: -0.99 | Win%: 8.0 | S0: 86.1 | FPS: 2018.2 | Var: ddqn
Step: 248832 | EPS: 0.55 | Rew: -0.97 | Win%: 7.5 | S0: 86.3 | FPS: 1938.9 | Var: ddqn
Step: 249856 | EPS: 0.55 | Rew: -1.10 | Win%: 5.5 | S0: 76.3 | FPS: 2071.0 | Var: ddqn
Step: 250880 | EPS: 0.55 | Rew: -1.25 | Win%: 6.0 | S0: 71.9 | FPS: 2123.0 | Var: ddqn
Step: 251904 | EPS: 0.55 | Rew: -1.46 | Win%: 6.5 | S0: 75.5 | FPS: 2001.4 | Var: ddqn
Step: 252928 | EPS: 0.55 | Rew: -1.46 | Win%: 7.5 | S0: 77.5 | FPS: 1841.2 | Var: ddqn
Step: 253952 | EPS: 0.55 | Rew: -1.43 | Win%: 8.0 | S0: 78.8 | FPS: 1865.8 | Var: ddqn
Step: 254976 | EPS: 0.55 | Rew: -1.38 | Win%: 8.0 | S0: 73.3 | FPS: 1892.7 | Var: ddqn
Step: 256000 | EPS: 0.55 | Rew: -1.21 | Win%: 7.0 | S0: 75.5 | FPS: 1966.8 | Var: ddqn
Step: 257024 | EPS: 0.55 | Rew: -0.96 | Win%: 7.5 | S0: 79.4 | FPS: 2157.2 | Var: ddqn
Step: 258048 | EPS: 0.55 | Rew: -0.91 | Win%: 7.5 | S0: 80.6 | FPS: 1683.1 | Var: ddqn
Step: 259072 | EPS: 0.55 | Rew: -0.86 | Win%: 9.5 | S0: 87.6 | FPS: 1744.7 | Var: ddqn
Step: 260096 | EPS: 0.55 | Rew: -0.78 | Win%: 9.5 | S0: 85.4 | FPS: 1508.3 | Var: ddqn
Step: 261120 | EPS: 0.55 | Rew: -0.76 | Win%: 10.5 | S0: 91.2 | FPS: 1626.4 | Var: ddqn
Step: 262144 | EPS: 0.55 | Rew: -0.92 | Win%: 10.0 | S0: 91.0 | FPS: 1949.6 | Var: ddqn
Step: 263168 | EPS: 0.55 | Rew: -0.96 | Win%: 10.0 | S0: 87.2 | FPS: 1882.1 | Var: ddqn
Step: 264192 | EPS: 0.55 | Rew: -0.99 | Win%: 10.5 | S0: 89.2 | FPS: 823.1 | Var: ddqn
Step: 265216 | EPS: 0.55 | Rew: -1.03 | Win%: 10.0 | S0: 91.0 | FPS: 1935.7 | Var: ddqn
Step: 266240 | EPS: 0.55 | Rew: -1.07 | Win%: 9.5 | S0: 89.8 | FPS: 2061.3 | Var: ddqn
Step: 267264 | EPS: 0.55 | Rew: -1.09 | Win%: 9.0 | S0: 86.7 | FPS: 2019.7 | Var: ddqn
Step: 268288 | EPS: 0.55 | Rew: -0.83 | Win%: 11.0 | S0: 98.2 | FPS: 1782.7 | Var: ddqn
Step: 269312 | EPS: 0.55 | Rew: -0.92 | Win%: 10.0 | S0: 92.9 | FPS: 1922.1 | Var: ddqn
Step: 270336 | EPS: 0.54 | Rew: -0.97 | Win%: 8.5 | S0: 86.0 | FPS: 2051.4 | Var: ddqn
Step: 271360 | EPS: 0.54 | Rew: -1.05 | Win%: 8.5 | S0: 82.5 | FPS: 1551.6 | Var: ddqn
Step: 272384 | EPS: 0.54 | Rew: -1.06 | Win%: 8.5 | S0: 80.1 | FPS: 1671.1 | Var: ddqn
Step: 273408 | EPS: 0.54 | Rew: -1.23 | Win%: 9.0 | S0: 82.7 | FPS: 1802.0 | Var: ddqn
Step: 274432 | EPS: 0.54 | Rew: -1.05 | Win%: 9.5 | S0: 89.2 | FPS: 1685.6 | Var: ddqn
Step: 275456 | EPS: 0.54 | Rew: -0.86 | Win%: 11.5 | S0: 92.2 | FPS: 1556.3 | Var: ddqn
Step: 276480 | EPS: 0.54 | Rew: -0.82 | Win%: 11.5 | S0: 92.7 | FPS: 1660.0 | Var: ddqn
Step: 277504 | EPS: 0.54 | Rew: -0.80 | Win%: 12.0 | S0: 93.1 | FPS: 2251.4 | Var: ddqn
Step: 278528 | EPS: 0.54 | Rew: -0.79 | Win%: 10.5 | S0: 80.5 | FPS: 1971.3 | Var: ddqn
Step: 279552 | EPS: 0.54 | Rew: -0.89 | Win%: 10.5 | S0: 81.0 | FPS: 1601.0 | Var: ddqn
Step: 280576 | EPS: 0.54 | Rew: -1.09 | Win%: 10.5 | S0: 81.1 | FPS: 1926.8 | Var: ddqn
Step: 281600 | EPS: 0.54 | Rew: -1.08 | Win%: 11.5 | S0: 85.1 | FPS: 1578.3 | Var: ddqn
Step: 282624 | EPS: 0.54 | Rew: -1.10 | Win%: 11.0 | S0: 85.2 | FPS: 2033.7 | Var: ddqn
Step: 283648 | EPS: 0.54 | Rew: -1.07 | Win%: 12.0 | S0: 89.7 | FPS: 1971.0 | Var: ddqn
Step: 284672 | EPS: 0.54 | Rew: -1.01 | Win%: 13.0 | S0: 95.3 | FPS: 2072.0 | Var: ddqn
Step: 285696 | EPS: 0.54 | Rew: -0.95 | Win%: 10.5 | S0: 76.9 | FPS: 2643.4 | Var: ddqn
Step: 286720 | EPS: 0.54 | Rew: -0.99 | Win%: 10.0 | S0: 79.2 | FPS: 392.4 | Var: ddqn
Step: 287744 | EPS: 0.54 | Rew: -0.98 | Win%: 9.0 | S0: 74.2 | FPS: 526.3 | Var: ddqn
Step: 288768 | EPS: 0.54 | Rew: -0.93 | Win%: 10.5 | S0: 80.8 | FPS: 1944.6 | Var: ddqn
Step: 289792 | EPS: 0.54 | Rew: -1.05 | Win%: 10.0 | S0: 75.5 | FPS: 1857.4 | Var: ddqn
Step: 290816 | EPS: 0.54 | Rew: -1.03 | Win%: 11.0 | S0: 81.7 | FPS: 1957.2 | Var: ddqn
Step: 291840 | EPS: 0.54 | Rew: -1.13 | Win%: 10.5 | S0: 76.5 | FPS: 1611.8 | Var: ddqn
Step: 292864 | EPS: 0.54 | Rew: -1.20 | Win%: 10.0 | S0: 73.2 | FPS: 1705.3 | Var: ddqn
Step: 293888 | EPS: 0.54 | Rew: -1.12 | Win%: 9.0 | S0: 70.6 | FPS: 2057.6 | Var: ddqn
Step: 294912 | EPS: 0.54 | Rew: -1.18 | Win%: 8.0 | S0: 69.2 | FPS: 1665.6 | Var: ddqn
Step: 295936 | EPS: 0.54 | Rew: -1.23 | Win%: 7.5 | S0: 68.2 | FPS: 1976.2 | Var: ddqn
Step: 296960 | EPS: 0.54 | Rew: -1.13 | Win%: 8.5 | S0: 72.2 | FPS: 1004.7 | Var: ddqn
Step: 297984 | EPS: 0.54 | Rew: -1.07 | Win%: 8.0 | S0: 78.0 | FPS: 2015.6 | Var: ddqn
Step: 299008 | EPS: 0.54 | Rew: -1.09 | Win%: 8.5 | S0: 79.1 | FPS: 1863.6 | Var: ddqn
Step: 300032 | EPS: 0.54 | Rew: -1.08 | Win%: 9.0 | S0: 80.2 | FPS: 1809.2 | Var: ddqn
Step: 301056 | EPS: 0.54 | Rew: -1.06 | Win%: 8.0 | S0: 76.6 | FPS: 2098.6 | Var: ddqn
Step: 302080 | EPS: 0.54 | Rew: -1.28 | Win%: 6.5 | S0: 71.2 | FPS: 1919.6 | Var: ddqn
Step: 303104 | EPS: 0.54 | Rew: -1.24 | Win%: 6.5 | S0: 70.4 | FPS: 1957.3 | Var: ddqn
Step: 304128 | EPS: 0.54 | Rew: -1.20 | Win%: 7.0 | S0: 73.6 | FPS: 1813.8 | Var: ddqn
Step: 305152 | EPS: 0.54 | Rew: -1.14 | Win%: 8.0 | S0: 77.3 | FPS: 2055.1 | Var: ddqn
Step: 306176 | EPS: 0.54 | Rew: -1.15 | Win%: 9.5 | S0: 76.0 | FPS: 1785.1 | Var: ddqn
Step: 307200 | EPS: 0.54 | Rew: -0.84 | Win%: 11.0 | S0: 85.4 | FPS: 1817.8 | Var: ddqn
Step: 308224 | EPS: 0.54 | Rew: -0.77 | Win%: 10.5 | S0: 84.8 | FPS: 1840.3 | Var: ddqn
Step: 309248 | EPS: 0.54 | Rew: -0.79 | Win%: 10.5 | S0: 81.1 | FPS: 1823.3 | Var: ddqn
Step: 310272 | EPS: 0.54 | Rew: -0.93 | Win%: 10.0 | S0: 78.7 | FPS: 1546.9 | Var: ddqn
Step: 311296 | EPS: 0.54 | Rew: -0.81 | Win%: 10.0 | S0: 80.8 | FPS: 1952.3 | Var: ddqn
Step: 312320 | EPS: 0.54 | Rew: -1.00 | Win%: 10.0 | S0: 81.0 | FPS: 1772.6 | Var: ddqn
Step: 313344 | EPS: 0.54 | Rew: -1.20 | Win%: 10.0 | S0: 79.7 | FPS: 1904.0 | Var: ddqn
Step: 314368 | EPS: 0.54 | Rew: -1.20 | Win%: 10.5 | S0: 83.5 | FPS: 2057.0 | Var: ddqn
Step: 315392 | EPS: 0.54 | Rew: -1.21 | Win%: 11.0 | S0: 84.0 | FPS: 2014.7 | Var: ddqn
Step: 316416 | EPS: 0.54 | Rew: -1.12 | Win%: 10.0 | S0: 85.7 | FPS: 2217.6 | Var: ddqn
Step: 317440 | EPS: 0.54 | Rew: -0.88 | Win%: 13.0 | S0: 96.5 | FPS: 1951.8 | Var: ddqn
Step: 318464 | EPS: 0.54 | Rew: -0.84 | Win%: 9.5 | S0: 79.8 | FPS: 1696.9 | Var: ddqn
Step: 319488 | EPS: 0.53 | Rew: -0.89 | Win%: 9.5 | S0: 84.0 | FPS: 1819.5 | Var: ddqn
Step: 320512 | EPS: 0.53 | Rew: -0.85 | Win%: 9.5 | S0: 84.1 | FPS: 1813.7 | Var: ddqn
Step: 321536 | EPS: 0.53 | Rew: -0.81 | Win%: 10.0 | S0: 95.1 | FPS: 1428.9 | Var: ddqn
Step: 322560 | EPS: 0.53 | Rew: -0.93 | Win%: 10.5 | S0: 97.7 | FPS: 1731.7 | Var: ddqn
Step: 323584 | EPS: 0.53 | Rew: -0.91 | Win%: 11.0 | S0: 100.0 | FPS: 1514.9 | Var: ddqn
Step: 324608 | EPS: 0.53 | Rew: -0.75 | Win%: 13.0 | S0: 112.0 | FPS: 1747.7 | Var: ddqn
Step: 325632 | EPS: 0.53 | Rew: -0.66 | Win%: 13.5 | S0: 116.7 | FPS: 2170.1 | Var: ddqn
Step: 326656 | EPS: 0.53 | Rew: -0.71 | Win%: 12.5 | S0: 113.1 | FPS: 1830.6 | Var: ddqn
Step: 327680 | EPS: 0.53 | Rew: -0.65 | Win%: 13.0 | S0: 120.1 | FPS: 2112.5 | Var: ddqn
Step: 328704 | EPS: 0.53 | Rew: -0.84 | Win%: 9.5 | S0: 106.8 | FPS: 1957.8 | Var: ddqn
Step: 329728 | EPS: 0.53 | Rew: -0.85 | Win%: 9.5 | S0: 107.7 | FPS: 1532.9 | Var: ddqn
Step: 330752 | EPS: 0.53 | Rew: -0.95 | Win%: 9.5 | S0: 107.2 | FPS: 1855.2 | Var: ddqn
Step: 331776 | EPS: 0.53 | Rew: -0.98 | Win%: 9.5 | S0: 104.8 | FPS: 1847.9 | Var: ddqn
Step: 332800 | EPS: 0.53 | Rew: -1.02 | Win%: 9.5 | S0: 100.2 | FPS: 1814.8 | Var: ddqn
Step: 333824 | EPS: 0.53 | Rew: -0.97 | Win%: 9.5 | S0: 93.4 | FPS: 1725.7 | Var: ddqn
Step: 334848 | EPS: 0.53 | Rew: -0.91 | Win%: 9.0 | S0: 94.2 | FPS: 1534.2 | Var: ddqn
Step: 335872 | EPS: 0.53 | Rew: -0.99 | Win%: 8.5 | S0: 86.2 | FPS: 1976.7 | Var: ddqn
Step: 336896 | EPS: 0.53 | Rew: -1.05 | Win%: 7.0 | S0: 84.7 | FPS: 1787.5 | Var: ddqn
Step: 337920 | EPS: 0.53 | Rew: -1.00 | Win%: 6.5 | S0: 81.5 | FPS: 1919.2 | Var: ddqn
Step: 338944 | EPS: 0.53 | Rew: -0.99 | Win%: 6.5 | S0: 81.5 | FPS: 1892.8 | Var: ddqn
Step: 339968 | EPS: 0.53 | Rew: -1.11 | Win%: 7.0 | S0: 83.5 | FPS: 2000.9 | Var: ddqn
Step: 340992 | EPS: 0.53 | Rew: -1.15 | Win%: 7.5 | S0: 88.5 | FPS: 1610.5 | Var: ddqn
Step: 342016 | EPS: 0.53 | Rew: -1.05 | Win%: 8.0 | S0: 92.1 | FPS: 2066.1 | Var: ddqn
Step: 343040 | EPS: 0.53 | Rew: -1.08 | Win%: 8.0 | S0: 89.2 | FPS: 1928.0 | Var: ddqn
Step: 344064 | EPS: 0.53 | Rew: -0.97 | Win%: 10.0 | S0: 99.6 | FPS: 1726.9 | Var: ddqn
Step: 345088 | EPS: 0.53 | Rew: -0.90 | Win%: 12.0 | S0: 106.5 | FPS: 1818.2 | Var: ddqn
Step: 346112 | EPS: 0.53 | Rew: -1.01 | Win%: 11.5 | S0: 104.3 | FPS: 1612.1 | Var: ddqn
Step: 347136 | EPS: 0.53 | Rew: -0.74 | Win%: 11.5 | S0: 105.5 | FPS: 1863.3 | Var: ddqn
Step: 348160 | EPS: 0.53 | Rew: -0.76 | Win%: 12.5 | S0: 108.7 | FPS: 1952.1 | Var: ddqn
Step: 349184 | EPS: 0.53 | Rew: -0.75 | Win%: 12.5 | S0: 107.3 | FPS: 2032.3 | Var: ddqn
Step: 350208 | EPS: 0.53 | Rew: -1.06 | Win%: 12.5 | S0: 108.4 | FPS: 1066.7 | Var: ddqn
Step: 351232 | EPS: 0.53 | Rew: -1.06 | Win%: 13.0 | S0: 108.2 | FPS: 1824.6 | Var: ddqn
Step: 352256 | EPS: 0.53 | Rew: -1.20 | Win%: 13.0 | S0: 109.2 | FPS: 2078.6 | Var: ddqn
Step: 353280 | EPS: 0.53 | Rew: -1.10 | Win%: 15.5 | S0: 112.9 | FPS: 1742.2 | Var: ddqn
Step: 354304 | EPS: 0.53 | Rew: -1.12 | Win%: 15.0 | S0: 114.2 | FPS: 1739.3 | Var: ddqn
Step: 355328 | EPS: 0.53 | Rew: -0.99 | Win%: 14.0 | S0: 104.5 | FPS: 1506.6 | Var: ddqn
Step: 356352 | EPS: 0.53 | Rew: -0.87 | Win%: 12.5 | S0: 100.1 | FPS: 1924.8 | Var: ddqn
Step: 357376 | EPS: 0.53 | Rew: -0.81 | Win%: 11.0 | S0: 97.2 | FPS: 2053.1 | Var: ddqn
Step: 358400 | EPS: 0.53 | Rew: -0.84 | Win%: 10.5 | S0: 95.7 | FPS: 1974.8 | Var: ddqn
Step: 359424 | EPS: 0.53 | Rew: -0.94 | Win%: 9.5 | S0: 91.5 | FPS: 1905.0 | Var: ddqn
Step: 360448 | EPS: 0.53 | Rew: -0.96 | Win%: 9.5 | S0: 90.3 | FPS: 1807.3 | Var: ddqn
Step: 361472 | EPS: 0.53 | Rew: -0.98 | Win%: 9.5 | S0: 88.3 | FPS: 1471.6 | Var: ddqn
Step: 362496 | EPS: 0.53 | Rew: -0.94 | Win%: 9.5 | S0: 82.7 | FPS: 1964.3 | Var: ddqn
Step: 363520 | EPS: 0.53 | Rew: -0.95 | Win%: 9.0 | S0: 79.2 | FPS: 2638.2 | Var: ddqn
Step: 364544 | EPS: 0.53 | Rew: -1.04 | Win%: 9.0 | S0: 81.2 | FPS: 2150.3 | Var: ddqn
Step: 365568 | EPS: 0.53 | Rew: -1.11 | Win%: 7.0 | S0: 74.0 | FPS: 2029.6 | Var: ddqn
Step: 366592 | EPS: 0.53 | Rew: -1.28 | Win%: 6.0 | S0: 72.2 | FPS: 1999.9 | Var: ddqn
Step: 367616 | EPS: 0.53 | Rew: -1.31 | Win%: 7.5 | S0: 71.5 | FPS: 1831.3 | Var: ddqn
Step: 368640 | EPS: 0.52 | Rew: -1.29 | Win%: 7.5 | S0: 69.7 | FPS: 1996.0 | Var: ddqn
Step: 369664 | EPS: 0.52 | Rew: -1.10 | Win%: 8.0 | S0: 73.5 | FPS: 1789.1 | Var: ddqn
Step: 370688 | EPS: 0.52 | Rew: -1.03 | Win%: 9.0 | S0: 77.0 | FPS: 1619.8 | Var: ddqn
Step: 371712 | EPS: 0.52 | Rew: -0.81 | Win%: 9.5 | S0: 79.5 | FPS: 1932.1 | Var: ddqn
Step: 372736 | EPS: 0.52 | Rew: -0.74 | Win%: 9.5 | S0: 81.8 | FPS: 2096.5 | Var: ddqn
Step: 373760 | EPS: 0.52 | Rew: -0.87 | Win%: 8.5 | S0: 76.5 | FPS: 2101.7 | Var: ddqn
Step: 374784 | EPS: 0.52 | Rew: -0.88 | Win%: 7.5 | S0: 72.7 | FPS: 2156.5 | Var: ddqn
Step: 375808 | EPS: 0.52 | Rew: -0.89 | Win%: 10.0 | S0: 79.8 | FPS: 1952.5 | Var: ddqn
Step: 376832 | EPS: 0.52 | Rew: -0.88 | Win%: 11.0 | S0: 85.7 | FPS: 1804.0 | Var: ddqn
Step: 377856 | EPS: 0.52 | Rew: -0.93 | Win%: 11.5 | S0: 89.9 | FPS: 1931.8 | Var: ddqn
Step: 378880 | EPS: 0.52 | Rew: -0.81 | Win%: 11.5 | S0: 91.0 | FPS: 1935.5 | Var: ddqn
Step: 379904 | EPS: 0.52 | Rew: -0.77 | Win%: 12.0 | S0: 92.4 | FPS: 1757.0 | Var: ddqn
Step: 380928 | EPS: 0.52 | Rew: -0.80 | Win%: 12.0 | S0: 91.6 | FPS: 2006.9 | Var: ddqn
Step: 381952 | EPS: 0.52 | Rew: -0.79 | Win%: 11.5 | S0: 89.8 | FPS: 1520.2 | Var: ddqn
Step: 382976 | EPS: 0.52 | Rew: -0.86 | Win%: 11.0 | S0: 90.2 | FPS: 1778.7 | Var: ddqn
Step: 384000 | EPS: 0.52 | Rew: -0.90 | Win%: 10.0 | S0: 89.3 | FPS: 1822.5 | Var: ddqn
Step: 385024 | EPS: 0.52 | Rew: -0.84 | Win%: 11.5 | S0: 98.7 | FPS: 1837.3 | Var: ddqn
Step: 386048 | EPS: 0.52 | Rew: -0.86 | Win%: 12.0 | S0: 102.2 | FPS: 1957.5 | Var: ddqn
Step: 387072 | EPS: 0.52 | Rew: -0.91 | Win%: 11.0 | S0: 102.0 | FPS: 2285.5 | Var: ddqn
Step: 388096 | EPS: 0.52 | Rew: -0.82 | Win%: 10.5 | S0: 99.3 | FPS: 2018.6 | Var: ddqn
Step: 389120 | EPS: 0.52 | Rew: -0.83 | Win%: 11.5 | S0: 100.5 | FPS: 2155.3 | Var: ddqn
Step: 390144 | EPS: 0.52 | Rew: -0.88 | Win%: 10.5 | S0: 96.5 | FPS: 1902.6 | Var: ddqn
Step: 391168 | EPS: 0.52 | Rew: -0.96 | Win%: 10.5 | S0: 97.7 | FPS: 1715.0 | Var: ddqn
Step: 392192 | EPS: 0.52 | Rew: -1.06 | Win%: 11.0 | S0: 100.5 | FPS: 1720.6 | Var: ddqn
Step: 393216 | EPS: 0.52 | Rew: -1.01 | Win%: 11.0 | S0: 100.7 | FPS: 1574.3 | Var: ddqn
Step: 394240 | EPS: 0.52 | Rew: -1.08 | Win%: 12.0 | S0: 102.0 | FPS: 1470.1 | Var: ddqn
Step: 395264 | EPS: 0.52 | Rew: -0.99 | Win%: 12.5 | S0: 100.3 | FPS: 1573.6 | Var: ddqn
Step: 396288 | EPS: 0.52 | Rew: -1.00 | Win%: 12.0 | S0: 94.0 | FPS: 1956.3 | Var: ddqn
Step: 397312 | EPS: 0.52 | Rew: -1.02 | Win%: 11.0 | S0: 88.8 | FPS: 1839.1 | Var: ddqn
Step: 398336 | EPS: 0.52 | Rew: -1.02 | Win%: 11.5 | S0: 88.8 | FPS: 1811.0 | Var: ddqn
Step: 399360 | EPS: 0.52 | Rew: -1.09 | Win%: 11.5 | S0: 88.2 | FPS: 1780.1 | Var: ddqn
Step: 400384 | EPS: 0.52 | Rew: -1.12 | Win%: 10.5 | S0: 85.1 | FPS: 1861.5 | Var: ddqn
Step: 401408 | EPS: 0.52 | Rew: -1.15 | Win%: 11.0 | S0: 82.7 | FPS: 1485.8 | Var: ddqn
Step: 402432 | EPS: 0.52 | Rew: -1.39 | Win%: 10.0 | S0: 81.7 | FPS: 1477.7 | Var: ddqn
Step: 403456 | EPS: 0.52 | Rew: -1.41 | Win%: 9.0 | S0: 78.4 | FPS: 1586.4 | Var: ddqn
Step: 404480 | EPS: 0.52 | Rew: -1.29 | Win%: 8.5 | S0: 73.8 | FPS: 1760.6 | Var: ddqn
Step: 405504 | EPS: 0.52 | Rew: -1.24 | Win%: 8.5 | S0: 75.4 | FPS: 1794.1 | Var: ddqn
Step: 406528 | EPS: 0.52 | Rew: -1.32 | Win%: 8.5 | S0: 73.9 | FPS: 1692.4 | Var: ddqn
Step: 407552 | EPS: 0.52 | Rew: -1.27 | Win%: 9.5 | S0: 75.3 | FPS: 1666.8 | Var: ddqn
Step: 408576 | EPS: 0.52 | Rew: -1.12 | Win%: 9.0 | S0: 73.7 | FPS: 1900.3 | Var: ddqn
Step: 409600 | EPS: 0.52 | Rew: -1.08 | Win%: 9.0 | S0: 75.5 | FPS: 1542.7 | Var: ddqn
Step: 410624 | EPS: 0.52 | Rew: -1.06 | Win%: 8.5 | S0: 74.5 | FPS: 1558.5 | Var: ddqn
Step: 411648 | EPS: 0.52 | Rew: -0.97 | Win%: 11.0 | S0: 84.7 | FPS: 1825.3 | Var: ddqn
Step: 412672 | EPS: 0.52 | Rew: -0.91 | Win%: 10.5 | S0: 83.5 | FPS: 1686.3 | Var: ddqn
Step: 413696 | EPS: 0.52 | Rew: -0.94 | Win%: 11.5 | S0: 89.0 | FPS: 1407.3 | Var: ddqn
Step: 414720 | EPS: 0.52 | Rew: -0.90 | Win%: 11.5 | S0: 90.7 | FPS: 1473.8 | Var: ddqn
Step: 415744 | EPS: 0.52 | Rew: -0.94 | Win%: 12.0 | S0: 92.0 | FPS: 1531.5 | Var: ddqn
Step: 416768 | EPS: 0.52 | Rew: -0.93 | Win%: 12.0 | S0: 94.8 | FPS: 1476.6 | Var: ddqn
Step: 417792 | EPS: 0.51 | Rew: -0.88 | Win%: 12.0 | S0: 95.5 | FPS: 1536.4 | Var: ddqn
Step: 418816 | EPS: 0.51 | Rew: -0.78 | Win%: 12.0 | S0: 96.3 | FPS: 1625.1 | Var: ddqn
Step: 419840 | EPS: 0.51 | Rew: -0.80 | Win%: 11.5 | S0: 101.2 | FPS: 1525.3 | Var: ddqn
Step: 420864 | EPS: 0.51 | Rew: -0.81 | Win%: 13.0 | S0: 103.0 | FPS: 1438.8 | Var: ddqn
Step: 421888 | EPS: 0.51 | Rew: -0.90 | Win%: 12.5 | S0: 99.2 | FPS: 1544.6 | Var: ddqn
Step: 422912 | EPS: 0.51 | Rew: -0.88 | Win%: 11.5 | S0: 92.3 | FPS: 1753.7 | Var: ddqn
Step: 423936 | EPS: 0.51 | Rew: -0.97 | Win%: 10.5 | S0: 92.7 | FPS: 1846.7 | Var: ddqn
Step: 424960 | EPS: 0.51 | Rew: -0.90 | Win%: 10.0 | S0: 91.5 | FPS: 1678.3 | Var: ddqn
Step: 425984 | EPS: 0.51 | Rew: -0.92 | Win%: 10.5 | S0: 92.8 | FPS: 1773.9 | Var: ddqn
Step: 427008 | EPS: 0.51 | Rew: -0.85 | Win%: 10.0 | S0: 93.7 | FPS: 1496.5 | Var: ddqn
Step: 428032 | EPS: 0.51 | Rew: -0.77 | Win%: 10.5 | S0: 95.0 | FPS: 1671.3 | Var: ddqn
Step: 429056 | EPS: 0.51 | Rew: -0.78 | Win%: 10.0 | S0: 92.2 | FPS: 1735.0 | Var: ddqn
Step: 430080 | EPS: 0.51 | Rew: -0.88 | Win%: 9.5 | S0: 89.7 | FPS: 1468.8 | Var: ddqn
Step: 431104 | EPS: 0.51 | Rew: -0.85 | Win%: 9.5 | S0: 92.8 | FPS: 1543.0 | Var: ddqn
Step: 432128 | EPS: 0.51 | Rew: -0.87 | Win%: 10.0 | S0: 88.5 | FPS: 1723.2 | Var: ddqn
Step: 433152 | EPS: 0.51 | Rew: -0.91 | Win%: 9.5 | S0: 90.8 | FPS: 1946.0 | Var: ddqn
Step: 434176 | EPS: 0.51 | Rew: -1.01 | Win%: 9.5 | S0: 91.6 | FPS: 1604.5 | Var: ddqn
Step: 435200 | EPS: 0.51 | Rew: -0.85 | Win%: 9.5 | S0: 94.8 | FPS: 1697.2 | Var: ddqn
Step: 436224 | EPS: 0.51 | Rew: -0.84 | Win%: 10.0 | S0: 100.5 | FPS: 1640.2 | Var: ddqn
Step: 437248 | EPS: 0.51 | Rew: -0.77 | Win%: 10.5 | S0: 102.2 | FPS: 1507.8 | Var: ddqn
Step: 438272 | EPS: 0.51 | Rew: -0.82 | Win%: 10.0 | S0: 100.8 | FPS: 1512.2 | Var: ddqn
Step: 439296 | EPS: 0.51 | Rew: -0.83 | Win%: 9.5 | S0: 96.7 | FPS: 1519.2 | Var: ddqn
Step: 440320 | EPS: 0.51 | Rew: -0.98 | Win%: 9.0 | S0: 94.7 | FPS: 1714.0 | Var: ddqn
Step: 441344 | EPS: 0.51 | Rew: -1.18 | Win%: 10.5 | S0: 101.6 | FPS: 1569.1 | Var: ddqn
Step: 442368 | EPS: 0.51 | Rew: -1.10 | Win%: 11.0 | S0: 102.6 | FPS: 1824.0 | Var: ddqn
Step: 443392 | EPS: 0.51 | Rew: -1.17 | Win%: 10.5 | S0: 100.0 | FPS: 1779.0 | Var: ddqn
Step: 444416 | EPS: 0.51 | Rew: -1.14 | Win%: 11.5 | S0: 98.5 | FPS: 1976.6 | Var: ddqn
Step: 445440 | EPS: 0.51 | Rew: -0.96 | Win%: 11.0 | S0: 95.1 | FPS: 1743.7 | Var: ddqn
Step: 446464 | EPS: 0.51 | Rew: -0.82 | Win%: 11.5 | S0: 90.7 | FPS: 1596.5 | Var: ddqn
Step: 447488 | EPS: 0.51 | Rew: -0.90 | Win%: 12.0 | S0: 88.2 | FPS: 1850.0 | Var: ddqn
Step: 448512 | EPS: 0.51 | Rew: -0.89 | Win%: 11.0 | S0: 82.3 | FPS: 1887.1 | Var: ddqn
Step: 449536 | EPS: 0.51 | Rew: -0.89 | Win%: 11.5 | S0: 87.7 | FPS: 1701.4 | Var: ddqn
Step: 450560 | EPS: 0.51 | Rew: -0.92 | Win%: 11.5 | S0: 85.0 | FPS: 1815.0 | Var: ddqn
Step: 451584 | EPS: 0.51 | Rew: -0.82 | Win%: 11.0 | S0: 90.8 | FPS: 1560.8 | Var: ddqn
Step: 452608 | EPS: 0.51 | Rew: -0.79 | Win%: 11.5 | S0: 93.8 | FPS: 1542.2 | Var: ddqn
Step: 453632 | EPS: 0.51 | Rew: -0.81 | Win%: 11.5 | S0: 93.8 | FPS: 1534.5 | Var: ddqn
Step: 454656 | EPS: 0.51 | Rew: -0.84 | Win%: 12.0 | S0: 98.8 | FPS: 1779.2 | Var: ddqn
Step: 455680 | EPS: 0.51 | Rew: -0.77 | Win%: 11.0 | S0: 95.8 | FPS: 1760.5 | Var: ddqn
Step: 456704 | EPS: 0.51 | Rew: -0.86 | Win%: 11.5 | S0: 98.5 | FPS: 1896.6 | Var: ddqn
Step: 457728 | EPS: 0.51 | Rew: -0.90 | Win%: 10.0 | S0: 96.2 | FPS: 1682.3 | Var: ddqn
Step: 458752 | EPS: 0.51 | Rew: -0.79 | Win%: 12.0 | S0: 100.3 | FPS: 1818.2 | Var: ddqn
Step: 459776 | EPS: 0.51 | Rew: -0.71 | Win%: 12.5 | S0: 104.1 | FPS: 1813.7 | Var: ddqn
Step: 460800 | EPS: 0.51 | Rew: -0.92 | Win%: 12.0 | S0: 97.0 | FPS: 1789.5 | Var: ddqn
Step: 461824 | EPS: 0.51 | Rew: -0.91 | Win%: 12.5 | S0: 105.2 | FPS: 1553.2 | Var: ddqn
Step: 462848 | EPS: 0.51 | Rew: -0.77 | Win%: 12.0 | S0: 95.6 | FPS: 1730.8 | Var: ddqn
Step: 463872 | EPS: 0.51 | Rew: -0.92 | Win%: 10.5 | S0: 92.1 | FPS: 1600.4 | Var: ddqn
Step: 464896 | EPS: 0.51 | Rew: -0.88 | Win%: 11.5 | S0: 92.3 | FPS: 1582.4 | Var: ddqn
Step: 465920 | EPS: 0.51 | Rew: -0.65 | Win%: 11.5 | S0: 103.5 | FPS: 1784.3 | Var: ddqn
Step: 466944 | EPS: 0.50 | Rew: -0.78 | Win%: 11.5 | S0: 103.3 | FPS: 1891.0 | Var: ddqn
Step: 467968 | EPS: 0.50 | Rew: -0.86 | Win%: 11.5 | S0: 106.5 | FPS: 1603.9 | Var: ddqn
Step: 468992 | EPS: 0.50 | Rew: -0.89 | Win%: 10.5 | S0: 101.8 | FPS: 1974.0 | Var: ddqn
Step: 470016 | EPS: 0.50 | Rew: -0.88 | Win%: 9.5 | S0: 98.5 | FPS: 1999.8 | Var: ddqn
Step: 471040 | EPS: 0.50 | Rew: -0.94 | Win%: 10.5 | S0: 103.8 | FPS: 1752.8 | Var: ddqn
Step: 472064 | EPS: 0.50 | Rew: -0.78 | Win%: 12.0 | S0: 102.8 | FPS: 1743.8 | Var: ddqn
Step: 473088 | EPS: 0.50 | Rew: -0.69 | Win%: 12.0 | S0: 105.4 | FPS: 1783.0 | Var: ddqn
Step: 474112 | EPS: 0.50 | Rew: -0.64 | Win%: 13.0 | S0: 108.6 | FPS: 1532.3 | Var: ddqn
Step: 475136 | EPS: 0.50 | Rew: -0.64 | Win%: 13.0 | S0: 111.0 | FPS: 1756.2 | Var: ddqn
Step: 476160 | EPS: 0.50 | Rew: -0.69 | Win%: 11.5 | S0: 96.8 | FPS: 1873.8 | Var: ddqn
Step: 477184 | EPS: 0.50 | Rew: -0.84 | Win%: 12.5 | S0: 97.2 | FPS: 1825.0 | Var: ddqn
Step: 478208 | EPS: 0.50 | Rew: -0.91 | Win%: 12.0 | S0: 93.7 | FPS: 1874.9 | Var: ddqn
Step: 479232 | EPS: 0.50 | Rew: -0.93 | Win%: 12.5 | S0: 93.5 | FPS: 1851.7 | Var: ddqn
Step: 480256 | EPS: 0.50 | Rew: -0.94 | Win%: 12.5 | S0: 92.9 | FPS: 1781.8 | Var: ddqn
Step: 481280 | EPS: 0.50 | Rew: -0.96 | Win%: 12.5 | S0: 93.3 | FPS: 1751.9 | Var: ddqn
Step: 482304 | EPS: 0.50 | Rew: -0.76 | Win%: 12.5 | S0: 100.8 | FPS: 1823.7 | Var: ddqn
Step: 483328 | EPS: 0.50 | Rew: -0.83 | Win%: 11.5 | S0: 97.7 | FPS: 1676.6 | Var: ddqn
Step: 484352 | EPS: 0.50 | Rew: -0.83 | Win%: 11.0 | S0: 93.4 | FPS: 1847.1 | Var: ddqn
Step: 485376 | EPS: 0.50 | Rew: -0.88 | Win%: 9.5 | S0: 88.7 | FPS: 1556.2 | Var: ddqn
Step: 486400 | EPS: 0.50 | Rew: -0.83 | Win%: 10.0 | S0: 88.9 | FPS: 1823.2 | Var: ddqn
Step: 487424 | EPS: 0.50 | Rew: -0.95 | Win%: 9.5 | S0: 83.8 | FPS: 1800.0 | Var: ddqn
Step: 488448 | EPS: 0.50 | Rew: -1.04 | Win%: 10.5 | S0: 86.5 | FPS: 2098.3 | Var: ddqn
Step: 489472 | EPS: 0.50 | Rew: -0.91 | Win%: 12.0 | S0: 92.5 | FPS: 1827.9 | Var: ddqn
Step: 490496 | EPS: 0.50 | Rew: -0.88 | Win%: 12.0 | S0: 92.0 | FPS: 1832.0 | Var: ddqn
Step: 491520 | EPS: 0.50 | Rew: -0.92 | Win%: 10.5 | S0: 88.7 | FPS: 1837.4 | Var: ddqn
Step: 492544 | EPS: 0.50 | Rew: -0.96 | Win%: 9.0 | S0: 86.2 | FPS: 1714.4 | Var: ddqn
Step: 493568 | EPS: 0.50 | Rew: -0.90 | Win%: 8.5 | S0: 81.6 | FPS: 1783.0 | Var: ddqn
Step: 494592 | EPS: 0.50 | Rew: -0.90 | Win%: 9.5 | S0: 87.7 | FPS: 1796.8 | Var: ddqn
Step: 495616 | EPS: 0.50 | Rew: -0.93 | Win%: 10.5 | S0: 87.3 | FPS: 1516.2 | Var: ddqn
Step: 496640 | EPS: 0.50 | Rew: -0.84 | Win%: 11.0 | S0: 92.8 | FPS: 1803.2 | Var: ddqn
Step: 497664 | EPS: 0.50 | Rew: -0.85 | Win%: 10.5 | S0: 87.2 | FPS: 1558.5 | Var: ddqn
Step: 498688 | EPS: 0.50 | Rew: -1.00 | Win%: 11.0 | S0: 90.5 | FPS: 1532.1 | Var: ddqn
Step: 499712 | EPS: 0.50 | Rew: -1.09 | Win%: 9.5 | S0: 89.8 | FPS: 1759.9 | Var: ddqn
Step: 500736 | EPS: 0.50 | Rew: -1.15 | Win%: 9.5 | S0: 87.8 | FPS: 1894.3 | Var: ddqn
Step: 501760 | EPS: 0.50 | Rew: -1.27 | Win%: 8.0 | S0: 81.8 | FPS: 1689.9 | Var: ddqn
Step: 502784 | EPS: 0.50 | Rew: -1.17 | Win%: 10.0 | S0: 86.8 | FPS: 1825.2 | Var: ddqn
Step: 503808 | EPS: 0.50 | Rew: -1.15 | Win%: 11.0 | S0: 88.2 | FPS: 1878.6 | Var: ddqn
Step: 504832 | EPS: 0.50 | Rew: -0.94 | Win%: 12.0 | S0: 90.5 | FPS: 1965.9 | Var: ddqn
Step: 505856 | EPS: 0.50 | Rew: -0.82 | Win%: 12.0 | S0: 90.7 | FPS: 1718.0 | Var: ddqn
Step: 506880 | EPS: 0.50 | Rew: -0.70 | Win%: 11.5 | S0: 88.0 | FPS: 1600.0 | Var: ddqn
Step: 507904 | EPS: 0.50 | Rew: -0.60 | Win%: 12.5 | S0: 95.8 | FPS: 1594.8 | Var: ddqn
Step: 508928 | EPS: 0.50 | Rew: -0.77 | Win%: 12.0 | S0: 89.2 | FPS: 1528.1 | Var: ddqn
Step: 509952 | EPS: 0.50 | Rew: -0.70 | Win%: 11.5 | S0: 98.0 | FPS: 1790.5 | Var: ddqn
Step: 510976 | EPS: 0.50 | Rew: -0.77 | Win%: 11.0 | S0: 96.5 | FPS: 1698.4 | Var: ddqn
Step: 512000 | EPS: 0.50 | Rew: -0.86 | Win%: 11.5 | S0: 97.8 | FPS: 1723.5 | Var: ddqn
Step: 513024 | EPS: 0.50 | Rew: -1.12 | Win%: 12.5 | S0: 104.8 | FPS: 1935.7 | Var: ddqn
Step: 514048 | EPS: 0.50 | Rew: -1.21 | Win%: 12.0 | S0: 104.8 | FPS: 1710.7 | Var: ddqn
Step: 515072 | EPS: 0.50 | Rew: -1.20 | Win%: 12.5 | S0: 106.4 | FPS: 2414.2 | Var: ddqn
Step: 516096 | EPS: 0.49 | Rew: -1.09 | Win%: 13.0 | S0: 110.0 | FPS: 1806.0 | Var: ddqn
Step: 517120 | EPS: 0.49 | Rew: -1.03 | Win%: 12.5 | S0: 101.9 | FPS: 1836.1 | Var: ddqn
Step: 518144 | EPS: 0.49 | Rew: -0.91 | Win%: 12.5 | S0: 103.0 | FPS: 1886.9 | Var: ddqn
Step: 519168 | EPS: 0.49 | Rew: -0.83 | Win%: 11.0 | S0: 94.5 | FPS: 1769.2 | Var: ddqn
Step: 520192 | EPS: 0.49 | Rew: -0.89 | Win%: 11.5 | S0: 90.7 | FPS: 1766.8 | Var: ddqn
Step: 521216 | EPS: 0.49 | Rew: -0.94 | Win%: 12.0 | S0: 90.6 | FPS: 1516.9 | Var: ddqn
Step: 522240 | EPS: 0.49 | Rew: -0.97 | Win%: 11.5 | S0: 90.0 | FPS: 1740.5 | Var: ddqn
Step: 523264 | EPS: 0.49 | Rew: -0.95 | Win%: 11.0 | S0: 86.5 | FPS: 1893.4 | Var: ddqn
Step: 524288 | EPS: 0.49 | Rew: -0.88 | Win%: 10.0 | S0: 83.0 | FPS: 1749.4 | Var: ddqn
Step: 525312 | EPS: 0.49 | Rew: -0.87 | Win%: 9.5 | S0: 78.6 | FPS: 1732.7 | Var: ddqn
Step: 526336 | EPS: 0.49 | Rew: -0.92 | Win%: 8.5 | S0: 80.8 | FPS: 1585.5 | Var: ddqn
Step: 527360 | EPS: 0.49 | Rew: -0.95 | Win%: 7.5 | S0: 78.8 | FPS: 1915.6 | Var: ddqn
Step: 528384 | EPS: 0.49 | Rew: -1.01 | Win%: 6.5 | S0: 80.5 | FPS: 1958.1 | Var: ddqn
Step: 529408 | EPS: 0.49 | Rew: -1.00 | Win%: 7.0 | S0: 77.4 | FPS: 1437.5 | Var: ddqn
Step: 530432 | EPS: 0.49 | Rew: -1.03 | Win%: 7.5 | S0: 80.0 | FPS: 1403.1 | Var: ddqn
Step: 531456 | EPS: 0.49 | Rew: -1.05 | Win%: 8.0 | S0: 78.7 | FPS: 1540.1 | Var: ddqn
Step: 532480 | EPS: 0.49 | Rew: -1.24 | Win%: 6.5 | S0: 68.5 | FPS: 1842.7 | Var: ddqn
Step: 533504 | EPS: 0.49 | Rew: -1.07 | Win%: 8.0 | S0: 76.8 | FPS: 1826.2 | Var: ddqn
Step: 534528 | EPS: 0.49 | Rew: -0.92 | Win%: 9.5 | S0: 88.2 | FPS: 1699.9 | Var: ddqn
Step: 535552 | EPS: 0.49 | Rew: -0.94 | Win%: 9.0 | S0: 87.3 | FPS: 1712.5 | Var: ddqn
Step: 536576 | EPS: 0.49 | Rew: -0.91 | Win%: 10.0 | S0: 91.5 | FPS: 1834.9 | Var: ddqn
Step: 537600 | EPS: 0.49 | Rew: -0.62 | Win%: 11.5 | S0: 95.9 | FPS: 1770.5 | Var: ddqn
Step: 538624 | EPS: 0.49 | Rew: -0.64 | Win%: 12.0 | S0: 95.2 | FPS: 1932.1 | Var: ddqn
Step: 539648 | EPS: 0.49 | Rew: -0.65 | Win%: 12.5 | S0: 99.3 | FPS: 1385.6 | Var: ddqn
Step: 540672 | EPS: 0.49 | Rew: -0.77 | Win%: 12.0 | S0: 100.3 | FPS: 1599.1 | Var: ddqn
Step: 541696 | EPS: 0.49 | Rew: -0.74 | Win%: 11.5 | S0: 97.2 | FPS: 1440.5 | Var: ddqn
Step: 542720 | EPS: 0.49 | Rew: -0.89 | Win%: 12.5 | S0: 100.2 | FPS: 1734.3 | Var: ddqn
Step: 543744 | EPS: 0.49 | Rew: -0.97 | Win%: 12.5 | S0: 101.8 | FPS: 1913.9 | Var: ddqn
Step: 544768 | EPS: 0.49 | Rew: -0.91 | Win%: 13.0 | S0: 99.3 | FPS: 1826.5 | Var: ddqn
Step: 545792 | EPS: 0.49 | Rew: -0.80 | Win%: 13.0 | S0: 100.0 | FPS: 1985.7 | Var: ddqn
Step: 546816 | EPS: 0.49 | Rew: -0.75 | Win%: 13.5 | S0: 105.3 | FPS: 1908.9 | Var: ddqn
Step: 547840 | EPS: 0.49 | Rew: -0.66 | Win%: 12.5 | S0: 98.9 | FPS: 1633.3 | Var: ddqn
Step: 548864 | EPS: 0.49 | Rew: -0.75 | Win%: 11.5 | S0: 95.8 | FPS: 2145.8 | Var: ddqn
Step: 549888 | EPS: 0.49 | Rew: -0.88 | Win%: 12.0 | S0: 93.5 | FPS: 1585.1 | Var: ddqn
Step: 550912 | EPS: 0.49 | Rew: -0.81 | Win%: 12.5 | S0: 98.0 | FPS: 1672.5 | Var: ddqn
Step: 551936 | EPS: 0.49 | Rew: -0.92 | Win%: 12.5 | S0: 101.5 | FPS: 1798.2 | Var: ddqn
Step: 552960 | EPS: 0.49 | Rew: -0.85 | Win%: 12.0 | S0: 106.4 | FPS: 1801.4 | Var: ddqn
Step: 553984 | EPS: 0.49 | Rew: -0.85 | Win%: 12.5 | S0: 108.8 | FPS: 1705.0 | Var: ddqn
Step: 555008 | EPS: 0.49 | Rew: -0.81 | Win%: 12.0 | S0: 111.2 | FPS: 1476.4 | Var: ddqn
Step: 556032 | EPS: 0.49 | Rew: -0.79 | Win%: 11.0 | S0: 109.3 | FPS: 1481.0 | Var: ddqn
Step: 557056 | EPS: 0.49 | Rew: -0.83 | Win%: 11.0 | S0: 100.4 | FPS: 1975.0 | Var: ddqn
Step: 558080 | EPS: 0.49 | Rew: -0.68 | Win%: 12.5 | S0: 107.3 | FPS: 1961.0 | Var: ddqn
Step: 559104 | EPS: 0.49 | Rew: -0.68 | Win%: 13.0 | S0: 110.2 | FPS: 1609.2 | Var: ddqn
Step: 560128 | EPS: 0.49 | Rew: -0.67 | Win%: 13.5 | S0: 111.5 | FPS: 1719.7 | Var: ddqn
Step: 561152 | EPS: 0.49 | Rew: -0.76 | Win%: 11.5 | S0: 106.4 | FPS: 1682.4 | Var: ddqn
Step: 562176 | EPS: 0.49 | Rew: -0.81 | Win%: 12.5 | S0: 110.3 | FPS: 1902.4 | Var: ddqn
Step: 563200 | EPS: 0.49 | Rew: -0.76 | Win%: 13.5 | S0: 115.0 | FPS: 1739.4 | Var: ddqn
Step: 564224 | EPS: 0.49 | Rew: -0.83 | Win%: 14.5 | S0: 115.4 | FPS: 1829.0 | Var: ddqn
Step: 565248 | EPS: 0.48 | Rew: -0.90 | Win%: 15.5 | S0: 114.4 | FPS: 1843.4 | Var: ddqn
Step: 566272 | EPS: 0.48 | Rew: -0.82 | Win%: 16.0 | S0: 116.2 | FPS: 1717.8 | Var: ddqn
Step: 567296 | EPS: 0.48 | Rew: -0.78 | Win%: 15.0 | S0: 111.5 | FPS: 1672.9 | Var: ddqn
Step: 568320 | EPS: 0.48 | Rew: -0.81 | Win%: 15.0 | S0: 108.4 | FPS: 1777.7 | Var: ddqn
Step: 569344 | EPS: 0.48 | Rew: -0.88 | Win%: 15.0 | S0: 109.8 | FPS: 2062.5 | Var: ddqn
Step: 570368 | EPS: 0.48 | Rew: -0.82 | Win%: 14.5 | S0: 105.4 | FPS: 1978.5 | Var: ddqn
Step: 571392 | EPS: 0.48 | Rew: -0.86 | Win%: 13.5 | S0: 101.2 | FPS: 1811.2 | Var: ddqn
Step: 572416 | EPS: 0.48 | Rew: -0.83 | Win%: 14.0 | S0: 106.2 | FPS: 2039.3 | Var: ddqn
Step: 573440 | EPS: 0.48 | Rew: -0.81 | Win%: 14.0 | S0: 111.7 | FPS: 1825.3 | Var: ddqn
Step: 574464 | EPS: 0.48 | Rew: -0.86 | Win%: 13.0 | S0: 109.1 | FPS: 1882.4 | Var: ddqn
Step: 575488 | EPS: 0.48 | Rew: -0.68 | Win%: 13.0 | S0: 113.5 | FPS: 1838.4 | Var: ddqn
Step: 576512 | EPS: 0.48 | Rew: -0.77 | Win%: 12.0 | S0: 113.3 | FPS: 1857.3 | Var: ddqn
Step: 577536 | EPS: 0.48 | Rew: -0.70 | Win%: 12.0 | S0: 114.5 | FPS: 1733.9 | Var: ddqn
Step: 578560 | EPS: 0.48 | Rew: -0.59 | Win%: 13.5 | S0: 122.5 | FPS: 1758.0 | Var: ddqn
Step: 579584 | EPS: 0.48 | Rew: -0.61 | Win%: 13.5 | S0: 123.5 | FPS: 1855.1 | Var: ddqn
Step: 580608 | EPS: 0.48 | Rew: -0.59 | Win%: 14.0 | S0: 125.8 | FPS: 1805.9 | Var: ddqn
Step: 581632 | EPS: 0.48 | Rew: -0.62 | Win%: 14.0 | S0: 127.5 | FPS: 1622.8 | Var: ddqn
Step: 582656 | EPS: 0.48 | Rew: -0.60 | Win%: 13.5 | S0: 126.5 | FPS: 1634.8 | Var: ddqn
Step: 583680 | EPS: 0.48 | Rew: -0.57 | Win%: 15.0 | S0: 134.0 | FPS: 1514.9 | Var: ddqn
Step: 584704 | EPS: 0.48 | Rew: -0.62 | Win%: 15.0 | S0: 129.9 | FPS: 1609.0 | Var: ddqn
Step: 585728 | EPS: 0.48 | Rew: -0.70 | Win%: 15.0 | S0: 124.7 | FPS: 1955.7 | Var: ddqn
Step: 586752 | EPS: 0.48 | Rew: -0.70 | Win%: 16.0 | S0: 127.0 | FPS: 1741.3 | Var: ddqn
Step: 587776 | EPS: 0.48 | Rew: -0.79 | Win%: 14.5 | S0: 120.3 | FPS: 1741.8 | Var: ddqn
Step: 588800 | EPS: 0.48 | Rew: -0.93 | Win%: 15.0 | S0: 117.8 | FPS: 1739.7 | Var: ddqn
Step: 589824 | EPS: 0.48 | Rew: -1.17 | Win%: 15.0 | S0: 114.8 | FPS: 1702.7 | Var: ddqn
Step: 590848 | EPS: 0.48 | Rew: -1.24 | Win%: 14.0 | S0: 113.2 | FPS: 1718.5 | Var: ddqn
Step: 591872 | EPS: 0.48 | Rew: -1.16 | Win%: 14.5 | S0: 110.0 | FPS: 1795.4 | Var: ddqn
Step: 592896 | EPS: 0.48 | Rew: -1.17 | Win%: 14.5 | S0: 111.2 | FPS: 1733.0 | Var: ddqn
Step: 593920 | EPS: 0.48 | Rew: -1.12 | Win%: 13.5 | S0: 108.7 | FPS: 1710.7 | Var: ddqn
Step: 594944 | EPS: 0.48 | Rew: -0.80 | Win%: 13.5 | S0: 107.7 | FPS: 1729.5 | Var: ddqn
Step: 595968 | EPS: 0.48 | Rew: -0.74 | Win%: 12.5 | S0: 105.3 | FPS: 1770.9 | Var: ddqn
Step: 596992 | EPS: 0.48 | Rew: -0.73 | Win%: 11.5 | S0: 103.6 | FPS: 1649.0 | Var: ddqn
Step: 598016 | EPS: 0.48 | Rew: -0.81 | Win%: 11.5 | S0: 102.0 | FPS: 1937.1 | Var: ddqn
Step: 599040 | EPS: 0.48 | Rew: -0.81 | Win%: 12.0 | S0: 103.7 | FPS: 1693.3 | Var: ddqn
Step: 600064 | EPS: 0.48 | Rew: -0.77 | Win%: 12.5 | S0: 104.2 | FPS: 1816.1 | Var: ddqn
Step: 601088 | EPS: 0.48 | Rew: -0.79 | Win%: 12.5 | S0: 105.2 | FPS: 1697.6 | Var: ddqn
Step: 602112 | EPS: 0.48 | Rew: -0.70 | Win%: 14.0 | S0: 110.7 | FPS: 1670.0 | Var: ddqn
Step: 603136 | EPS: 0.48 | Rew: -0.86 | Win%: 13.5 | S0: 108.5 | FPS: 1531.4 | Var: ddqn
Step: 604160 | EPS: 0.48 | Rew: -0.86 | Win%: 13.0 | S0: 107.7 | FPS: 1729.3 | Var: ddqn
Step: 605184 | EPS: 0.48 | Rew: -0.89 | Win%: 13.0 | S0: 103.2 | FPS: 1826.3 | Var: ddqn
Step: 606208 | EPS: 0.48 | Rew: -0.91 | Win%: 13.0 | S0: 103.3 | FPS: 1705.8 | Var: ddqn
Step: 607232 | EPS: 0.48 | Rew: -0.90 | Win%: 12.0 | S0: 104.5 | FPS: 1552.7 | Var: ddqn
Step: 608256 | EPS: 0.48 | Rew: -1.00 | Win%: 12.5 | S0: 106.8 | FPS: 1923.9 | Var: ddqn
Step: 609280 | EPS: 0.48 | Rew: -0.83 | Win%: 12.0 | S0: 102.5 | FPS: 1616.4 | Var: ddqn
Step: 610304 | EPS: 0.48 | Rew: -0.84 | Win%: 12.0 | S0: 101.4 | FPS: 1669.4 | Var: ddqn
Step: 611328 | EPS: 0.48 | Rew: -0.78 | Win%: 10.5 | S0: 96.5 | FPS: 1776.7 | Var: ddqn
Step: 612352 | EPS: 0.48 | Rew: -0.81 | Win%: 11.5 | S0: 100.2 | FPS: 1577.7 | Var: ddqn
Step: 613376 | EPS: 0.48 | Rew: -0.93 | Win%: 10.0 | S0: 93.5 | FPS: 1634.2 | Var: ddqn
Step: 614400 | EPS: 0.47 | Rew: -0.93 | Win%: 9.5 | S0: 87.8 | FPS: 1614.0 | Var: ddqn
Step: 615424 | EPS: 0.47 | Rew: -0.93 | Win%: 10.0 | S0: 92.2 | FPS: 1964.2 | Var: ddqn
Step: 616448 | EPS: 0.47 | Rew: -0.85 | Win%: 11.5 | S0: 96.5 | FPS: 1885.4 | Var: ddqn
Step: 617472 | EPS: 0.47 | Rew: -0.68 | Win%: 13.5 | S0: 109.7 | FPS: 1698.5 | Var: ddqn
Step: 618496 | EPS: 0.47 | Rew: -0.67 | Win%: 15.0 | S0: 117.2 | FPS: 1918.5 | Var: ddqn
Step: 619520 | EPS: 0.47 | Rew: -0.68 | Win%: 15.0 | S0: 113.5 | FPS: 1692.3 | Var: ddqn
Step: 620544 | EPS: 0.47 | Rew: -0.71 | Win%: 14.0 | S0: 101.5 | FPS: 1742.5 | Var: ddqn
Step: 621568 | EPS: 0.47 | Rew: -0.69 | Win%: 16.5 | S0: 109.9 | FPS: 1767.0 | Var: ddqn
Step: 622592 | EPS: 0.47 | Rew: -0.69 | Win%: 15.5 | S0: 109.5 | FPS: 1863.0 | Var: ddqn
Step: 623616 | EPS: 0.47 | Rew: -0.76 | Win%: 16.5 | S0: 115.9 | FPS: 1691.9 | Var: ddqn
Step: 624640 | EPS: 0.47 | Rew: -0.93 | Win%: 16.0 | S0: 110.8 | FPS: 1622.0 | Var: ddqn
Step: 625664 | EPS: 0.47 | Rew: -0.87 | Win%: 17.0 | S0: 114.6 | FPS: 1904.5 | Var: ddqn
Step: 626688 | EPS: 0.47 | Rew: -0.93 | Win%: 17.0 | S0: 117.9 | FPS: 1645.6 | Var: ddqn
Step: 627712 | EPS: 0.47 | Rew: -0.90 | Win%: 17.5 | S0: 120.5 | FPS: 1917.2 | Var: ddqn
Step: 628736 | EPS: 0.47 | Rew: -0.89 | Win%: 16.0 | S0: 108.2 | FPS: 2014.0 | Var: ddqn
Step: 629760 | EPS: 0.47 | Rew: -0.91 | Win%: 14.0 | S0: 99.2 | FPS: 1904.4 | Var: ddqn
Step: 630784 | EPS: 0.47 | Rew: -0.84 | Win%: 14.5 | S0: 103.9 | FPS: 1667.6 | Var: ddqn
Step: 631808 | EPS: 0.47 | Rew: -0.80 | Win%: 15.5 | S0: 111.0 | FPS: 1781.4 | Var: ddqn
Step: 632832 | EPS: 0.47 | Rew: -0.74 | Win%: 14.5 | S0: 112.1 | FPS: 1762.7 | Var: ddqn
Step: 633856 | EPS: 0.47 | Rew: -0.75 | Win%: 15.0 | S0: 117.5 | FPS: 1914.3 | Var: ddqn
Step: 634880 | EPS: 0.47 | Rew: -0.68 | Win%: 15.0 | S0: 114.4 | FPS: 1597.9 | Var: ddqn
Step: 635904 | EPS: 0.47 | Rew: -0.63 | Win%: 15.5 | S0: 122.1 | FPS: 1908.6 | Var: ddqn
Step: 636928 | EPS: 0.47 | Rew: -0.66 | Win%: 15.0 | S0: 122.0 | FPS: 1492.3 | Var: ddqn
Step: 637952 | EPS: 0.47 | Rew: -0.60 | Win%: 15.5 | S0: 122.8 | FPS: 1813.9 | Var: ddqn
Step: 638976 | EPS: 0.47 | Rew: -0.71 | Win%: 14.0 | S0: 113.8 | FPS: 1789.7 | Var: ddqn
Step: 640000 | EPS: 0.47 | Rew: -0.81 | Win%: 13.0 | S0: 109.9 | FPS: 2037.8 | Var: ddqn
Step: 641024 | EPS: 0.47 | Rew: -0.82 | Win%: 14.0 | S0: 116.8 | FPS: 1966.1 | Var: ddqn
Step: 642048 | EPS: 0.47 | Rew: -0.84 | Win%: 13.5 | S0: 116.7 | FPS: 1785.3 | Var: ddqn
Step: 643072 | EPS: 0.47 | Rew: -0.97 | Win%: 12.5 | S0: 111.5 | FPS: 1624.9 | Var: ddqn
Step: 644096 | EPS: 0.47 | Rew: -0.82 | Win%: 14.5 | S0: 117.3 | FPS: 1646.3 | Var: ddqn
Step: 645120 | EPS: 0.47 | Rew: -0.74 | Win%: 14.0 | S0: 114.2 | FPS: 1994.1 | Var: ddqn
Step: 646144 | EPS: 0.47 | Rew: -0.84 | Win%: 13.0 | S0: 108.3 | FPS: 1825.6 | Var: ddqn
Step: 647168 | EPS: 0.47 | Rew: -0.72 | Win%: 14.5 | S0: 113.0 | FPS: 1902.7 | Var: ddqn
Step: 648192 | EPS: 0.47 | Rew: -0.51 | Win%: 15.5 | S0: 119.0 | FPS: 2018.1 | Var: ddqn
Step: 649216 | EPS: 0.47 | Rew: -0.57 | Win%: 16.5 | S0: 121.2 | FPS: 1723.4 | Var: ddqn
Step: 650240 | EPS: 0.47 | Rew: -0.67 | Win%: 16.5 | S0: 120.4 | FPS: 1987.7 | Var: ddqn
Step: 651264 | EPS: 0.47 | Rew: -0.66 | Win%: 16.0 | S0: 116.8 | FPS: 1636.1 | Var: ddqn
Step: 652288 | EPS: 0.47 | Rew: -0.76 | Win%: 17.0 | S0: 116.8 | FPS: 1781.8 | Var: ddqn
Step: 653312 | EPS: 0.47 | Rew: -0.72 | Win%: 17.5 | S0: 119.2 | FPS: 1778.0 | Var: ddqn
Step: 654336 | EPS: 0.47 | Rew: -0.60 | Win%: 17.0 | S0: 123.5 | FPS: 2454.5 | Var: ddqn
Step: 655360 | EPS: 0.47 | Rew: -0.47 | Win%: 17.0 | S0: 126.4 | FPS: 1916.0 | Var: ddqn
Step: 656384 | EPS: 0.47 | Rew: -0.37 | Win%: 19.0 | S0: 132.2 | FPS: 1846.2 | Var: ddqn
Step: 657408 | EPS: 0.47 | Rew: -0.43 | Win%: 17.5 | S0: 124.5 | FPS: 1676.6 | Var: ddqn
Step: 658432 | EPS: 0.47 | Rew: -0.50 | Win%: 15.5 | S0: 112.2 | FPS: 1723.1 | Var: ddqn
Step: 659456 | EPS: 0.47 | Rew: -0.55 | Win%: 14.0 | S0: 111.7 | FPS: 2021.3 | Var: ddqn
Step: 660480 | EPS: 0.47 | Rew: -0.62 | Win%: 15.5 | S0: 120.8 | FPS: 1657.4 | Var: ddqn
Step: 661504 | EPS: 0.47 | Rew: -0.65 | Win%: 15.5 | S0: 124.1 | FPS: 1891.9 | Var: ddqn
Step: 662528 | EPS: 0.47 | Rew: -0.63 | Win%: 15.0 | S0: 125.0 | FPS: 1544.6 | Var: ddqn
Step: 663552 | EPS: 0.46 | Rew: -0.66 | Win%: 14.5 | S0: 122.5 | FPS: 1705.8 | Var: ddqn
Step: 664576 | EPS: 0.46 | Rew: -0.56 | Win%: 15.0 | S0: 122.6 | FPS: 1701.1 | Var: ddqn
Step: 665600 | EPS: 0.46 | Rew: -0.68 | Win%: 12.5 | S0: 110.2 | FPS: 1975.1 | Var: ddqn
Step: 666624 | EPS: 0.46 | Rew: -0.69 | Win%: 12.5 | S0: 114.5 | FPS: 1967.4 | Var: ddqn
Step: 667648 | EPS: 0.46 | Rew: -0.76 | Win%: 11.0 | S0: 108.8 | FPS: 1876.5 | Var: ddqn
Step: 668672 | EPS: 0.46 | Rew: -0.79 | Win%: 11.5 | S0: 111.2 | FPS: 2019.6 | Var: ddqn
Step: 669696 | EPS: 0.46 | Rew: -0.84 | Win%: 12.5 | S0: 112.8 | FPS: 1909.2 | Var: ddqn
Step: 670720 | EPS: 0.46 | Rew: -0.84 | Win%: 11.0 | S0: 107.3 | FPS: 1798.0 | Var: ddqn
Step: 671744 | EPS: 0.46 | Rew: -0.77 | Win%: 12.0 | S0: 110.2 | FPS: 2015.6 | Var: ddqn
Step: 672768 | EPS: 0.46 | Rew: -0.65 | Win%: 13.0 | S0: 112.1 | FPS: 1779.6 | Var: ddqn
Step: 673792 | EPS: 0.46 | Rew: -0.60 | Win%: 14.5 | S0: 115.7 | FPS: 1795.6 | Var: ddqn
Step: 674816 | EPS: 0.46 | Rew: -0.64 | Win%: 13.5 | S0: 106.0 | FPS: 2030.7 | Var: ddqn
Step: 675840 | EPS: 0.46 | Rew: -0.56 | Win%: 15.0 | S0: 114.9 | FPS: 2108.5 | Var: ddqn
Step: 676864 | EPS: 0.46 | Rew: -0.43 | Win%: 18.5 | S0: 125.0 | FPS: 1816.8 | Var: ddqn
Step: 677888 | EPS: 0.46 | Rew: -0.47 | Win%: 19.0 | S0: 129.0 | FPS: 1709.4 | Var: ddqn
Step: 678912 | EPS: 0.46 | Rew: -0.58 | Win%: 18.5 | S0: 131.8 | FPS: 1735.0 | Var: ddqn
Step: 679936 | EPS: 0.46 | Rew: -0.43 | Win%: 17.5 | S0: 134.2 | FPS: 1745.1 | Var: ddqn
Step: 680960 | EPS: 0.46 | Rew: -0.41 | Win%: 21.0 | S0: 143.6 | FPS: 2064.1 | Var: ddqn
Step: 681984 | EPS: 0.46 | Rew: -0.61 | Win%: 21.0 | S0: 144.6 | FPS: 1906.4 | Var: ddqn
Step: 683008 | EPS: 0.46 | Rew: -0.59 | Win%: 20.0 | S0: 137.6 | FPS: 1619.4 | Var: ddqn
Step: 684032 | EPS: 0.46 | Rew: -0.46 | Win%: 20.0 | S0: 139.0 | FPS: 1874.9 | Var: ddqn
Step: 685056 | EPS: 0.46 | Rew: -0.43 | Win%: 20.0 | S0: 140.2 | FPS: 1674.3 | Var: ddqn
Step: 686080 | EPS: 0.46 | Rew: -0.50 | Win%: 19.5 | S0: 131.1 | FPS: 1891.4 | Var: ddqn
Step: 687104 | EPS: 0.46 | Rew: -0.62 | Win%: 14.5 | S0: 115.6 | FPS: 1730.6 | Var: ddqn
Step: 688128 | EPS: 0.46 | Rew: -0.60 | Win%: 15.0 | S0: 111.6 | FPS: 2082.4 | Var: ddqn
Step: 689152 | EPS: 0.46 | Rew: -0.78 | Win%: 15.0 | S0: 108.7 | FPS: 1787.8 | Var: ddqn
Step: 690176 | EPS: 0.46 | Rew: -0.78 | Win%: 15.5 | S0: 111.1 | FPS: 1927.0 | Var: ddqn
Step: 691200 | EPS: 0.46 | Rew: -0.81 | Win%: 12.5 | S0: 99.8 | FPS: 1791.0 | Var: ddqn
Step: 692224 | EPS: 0.46 | Rew: -0.85 | Win%: 12.0 | S0: 96.2 | FPS: 1830.8 | Var: ddqn
Step: 693248 | EPS: 0.46 | Rew: -0.86 | Win%: 10.5 | S0: 93.9 | FPS: 1581.7 | Var: ddqn
Step: 694272 | EPS: 0.46 | Rew: -0.72 | Win%: 10.0 | S0: 97.5 | FPS: 1895.3 | Var: ddqn
Step: 695296 | EPS: 0.46 | Rew: -0.70 | Win%: 10.5 | S0: 105.2 | FPS: 1887.7 | Var: ddqn
Step: 696320 | EPS: 0.46 | Rew: -0.60 | Win%: 11.5 | S0: 110.5 | FPS: 1795.0 | Var: ddqn
Step: 697344 | EPS: 0.46 | Rew: -0.61 | Win%: 11.5 | S0: 109.6 | FPS: 1847.4 | Var: ddqn
Step: 698368 | EPS: 0.46 | Rew: -0.62 | Win%: 11.5 | S0: 111.3 | FPS: 1593.0 | Var: ddqn
Step: 699392 | EPS: 0.46 | Rew: -0.69 | Win%: 12.5 | S0: 119.7 | FPS: 1983.1 | Var: ddqn
Step: 700416 | EPS: 0.46 | Rew: -0.70 | Win%: 13.5 | S0: 122.0 | FPS: 1783.7 | Var: ddqn
Step: 701440 | EPS: 0.46 | Rew: -0.80 | Win%: 12.0 | S0: 113.5 | FPS: 1897.0 | Var: ddqn
Step: 702464 | EPS: 0.46 | Rew: -0.85 | Win%: 12.5 | S0: 113.2 | FPS: 1555.3 | Var: ddqn
Step: 703488 | EPS: 0.46 | Rew: -0.79 | Win%: 14.0 | S0: 116.3 | FPS: 1782.4 | Var: ddqn
Step: 704512 | EPS: 0.46 | Rew: -0.86 | Win%: 13.5 | S0: 105.5 | FPS: 1905.8 | Var: ddqn
Step: 705536 | EPS: 0.46 | Rew: -0.88 | Win%: 13.0 | S0: 96.6 | FPS: 1827.4 | Var: ddqn
Step: 706560 | EPS: 0.46 | Rew: -0.84 | Win%: 11.5 | S0: 89.5 | FPS: 1693.7 | Var: ddqn
Step: 707584 | EPS: 0.46 | Rew: -0.89 | Win%: 10.5 | S0: 85.5 | FPS: 1697.9 | Var: ddqn
Step: 708608 | EPS: 0.46 | Rew: -0.94 | Win%: 10.5 | S0: 84.8 | FPS: 1543.8 | Var: ddqn
Step: 709632 | EPS: 0.46 | Rew: -0.83 | Win%: 11.0 | S0: 85.9 | FPS: 1863.4 | Var: ddqn
Step: 710656 | EPS: 0.46 | Rew: -0.80 | Win%: 10.5 | S0: 88.0 | FPS: 1895.5 | Var: ddqn
Step: 711680 | EPS: 0.46 | Rew: -0.67 | Win%: 12.0 | S0: 97.8 | FPS: 1723.5 | Var: ddqn
Step: 712704 | EPS: 0.45 | Rew: -0.57 | Win%: 12.5 | S0: 107.0 | FPS: 1944.0 | Var: ddqn
Step: 713728 | EPS: 0.45 | Rew: -0.57 | Win%: 11.5 | S0: 103.9 | FPS: 1638.3 | Var: ddqn
Step: 714752 | EPS: 0.45 | Rew: -0.68 | Win%: 12.0 | S0: 105.8 | FPS: 1827.4 | Var: ddqn
Step: 715776 | EPS: 0.45 | Rew: -0.69 | Win%: 12.0 | S0: 112.0 | FPS: 1618.5 | Var: ddqn
Step: 716800 | EPS: 0.45 | Rew: -0.77 | Win%: 12.5 | S0: 111.5 | FPS: 1740.9 | Var: ddqn
Step: 717824 | EPS: 0.45 | Rew: -0.85 | Win%: 13.0 | S0: 115.5 | FPS: 1882.2 | Var: ddqn
Step: 718848 | EPS: 0.45 | Rew: -0.83 | Win%: 13.5 | S0: 126.1 | FPS: 1727.5 | Var: ddqn
Step: 719872 | EPS: 0.45 | Rew: -0.85 | Win%: 12.5 | S0: 122.8 | FPS: 1977.3 | Var: ddqn
Step: 720896 | EPS: 0.45 | Rew: -0.82 | Win%: 10.5 | S0: 113.5 | FPS: 1679.7 | Var: ddqn
Step: 721920 | EPS: 0.45 | Rew: -0.75 | Win%: 12.5 | S0: 119.8 | FPS: 1939.7 | Var: ddqn
Step: 722944 | EPS: 0.45 | Rew: -0.67 | Win%: 11.0 | S0: 116.7 | FPS: 1677.2 | Var: ddqn
Step: 723968 | EPS: 0.45 | Rew: -0.64 | Win%: 9.0 | S0: 109.7 | FPS: 1898.3 | Var: ddqn
Step: 724992 | EPS: 0.45 | Rew: -0.68 | Win%: 9.5 | S0: 115.8 | FPS: 1660.1 | Var: ddqn
Step: 726016 | EPS: 0.45 | Rew: -0.67 | Win%: 9.5 | S0: 119.0 | FPS: 1660.9 | Var: ddqn
Step: 727040 | EPS: 0.45 | Rew: -0.60 | Win%: 11.0 | S0: 124.0 | FPS: 1564.4 | Var: ddqn
Step: 728064 | EPS: 0.45 | Rew: -0.68 | Win%: 11.5 | S0: 127.0 | FPS: 1835.5 | Var: ddqn
Step: 729088 | EPS: 0.45 | Rew: -0.69 | Win%: 11.5 | S0: 129.9 | FPS: 2038.5 | Var: ddqn
Step: 730112 | EPS: 0.45 | Rew: -0.68 | Win%: 11.5 | S0: 119.0 | FPS: 1777.9 | Var: ddqn
Step: 731136 | EPS: 0.45 | Rew: -0.76 | Win%: 12.0 | S0: 121.3 | FPS: 1809.0 | Var: ddqn
Step: 732160 | EPS: 0.45 | Rew: -0.73 | Win%: 14.0 | S0: 128.7 | FPS: 1690.5 | Var: ddqn
Step: 733184 | EPS: 0.45 | Rew: -0.80 | Win%: 13.5 | S0: 126.5 | FPS: 1791.9 | Var: ddqn
Step: 734208 | EPS: 0.45 | Rew: -0.89 | Win%: 11.5 | S0: 118.0 | FPS: 1765.8 | Var: ddqn
Step: 735232 | EPS: 0.45 | Rew: -0.90 | Win%: 12.0 | S0: 121.7 | FPS: 1756.9 | Var: ddqn
Step: 736256 | EPS: 0.45 | Rew: -0.90 | Win%: 12.5 | S0: 118.0 | FPS: 1948.4 | Var: ddqn
Step: 737280 | EPS: 0.45 | Rew: -0.82 | Win%: 12.0 | S0: 116.1 | FPS: 1914.9 | Var: ddqn
Step: 738304 | EPS: 0.45 | Rew: -0.71 | Win%: 12.5 | S0: 122.5 | FPS: 1622.5 | Var: ddqn
Step: 739328 | EPS: 0.45 | Rew: -0.56 | Win%: 12.5 | S0: 124.8 | FPS: 1960.3 | Var: ddqn
Step: 740352 | EPS: 0.45 | Rew: -0.52 | Win%: 12.5 | S0: 127.0 | FPS: 1849.5 | Var: ddqn
Step: 741376 | EPS: 0.45 | Rew: -0.59 | Win%: 11.5 | S0: 122.1 | FPS: 1608.6 | Var: ddqn
Step: 742400 | EPS: 0.45 | Rew: -0.79 | Win%: 9.5 | S0: 111.9 | FPS: 1993.1 | Var: ddqn
Step: 743424 | EPS: 0.45 | Rew: -0.84 | Win%: 10.0 | S0: 111.4 | FPS: 1553.8 | Var: ddqn
Step: 744448 | EPS: 0.45 | Rew: -0.87 | Win%: 11.0 | S0: 114.2 | FPS: 1898.3 | Var: ddqn
Step: 745472 | EPS: 0.45 | Rew: -0.86 | Win%: 12.5 | S0: 120.0 | FPS: 1989.8 | Var: ddqn
Step: 746496 | EPS: 0.45 | Rew: -0.82 | Win%: 12.0 | S0: 118.2 | FPS: 1938.3 | Var: ddqn
Step: 747520 | EPS: 0.45 | Rew: -0.75 | Win%: 11.5 | S0: 114.9 | FPS: 1562.5 | Var: ddqn
Step: 748544 | EPS: 0.45 | Rew: -0.73 | Win%: 11.5 | S0: 117.4 | FPS: 1629.9 | Var: ddqn
Step: 749568 | EPS: 0.45 | Rew: -0.74 | Win%: 11.0 | S0: 105.7 | FPS: 1958.8 | Var: ddqn
Step: 750592 | EPS: 0.45 | Rew: -0.79 | Win%: 11.0 | S0: 100.2 | FPS: 1902.7 | Var: ddqn
Step: 751616 | EPS: 0.45 | Rew: -0.83 | Win%: 11.0 | S0: 94.8 | FPS: 1916.5 | Var: ddqn
Step: 752640 | EPS: 0.45 | Rew: -0.81 | Win%: 11.5 | S0: 97.3 | FPS: 1805.2 | Var: ddqn
Step: 753664 | EPS: 0.45 | Rew: -0.83 | Win%: 12.0 | S0: 100.1 | FPS: 1679.0 | Var: ddqn
Step: 754688 | EPS: 0.45 | Rew: -0.78 | Win%: 12.5 | S0: 102.9 | FPS: 1873.8 | Var: ddqn
Step: 755712 | EPS: 0.45 | Rew: -0.76 | Win%: 13.0 | S0: 105.2 | FPS: 1773.7 | Var: ddqn
Step: 756736 | EPS: 0.45 | Rew: -0.72 | Win%: 12.5 | S0: 97.3 | FPS: 1794.5 | Var: ddqn
Step: 757760 | EPS: 0.45 | Rew: -0.76 | Win%: 12.0 | S0: 93.5 | FPS: 1753.4 | Var: ddqn
Step: 758784 | EPS: 0.45 | Rew: -0.76 | Win%: 12.0 | S0: 92.8 | FPS: 1905.2 | Var: ddqn
Step: 759808 | EPS: 0.45 | Rew: -0.67 | Win%: 12.0 | S0: 95.2 | FPS: 1804.1 | Var: ddqn
Step: 760832 | EPS: 0.45 | Rew: -0.71 | Win%: 13.0 | S0: 98.8 | FPS: 1875.8 | Var: ddqn
Step: 761856 | EPS: 0.44 | Rew: -0.71 | Win%: 12.5 | S0: 103.2 | FPS: 1828.8 | Var: ddqn
Step: 762880 | EPS: 0.44 | Rew: -0.58 | Win%: 14.0 | S0: 112.5 | FPS: 2001.0 | Var: ddqn
Step: 763904 | EPS: 0.44 | Rew: -0.56 | Win%: 14.5 | S0: 115.8 | FPS: 1744.1 | Var: ddqn
Step: 764928 | EPS: 0.44 | Rew: -0.49 | Win%: 14.0 | S0: 116.8 | FPS: 1660.0 | Var: ddqn
Step: 765952 | EPS: 0.44 | Rew: -0.49 | Win%: 14.5 | S0: 114.5 | FPS: 1566.2 | Var: ddqn
Step: 766976 | EPS: 0.44 | Rew: -0.54 | Win%: 14.0 | S0: 119.2 | FPS: 2018.0 | Var: ddqn
Step: 768000 | EPS: 0.44 | Rew: -0.59 | Win%: 14.0 | S0: 122.4 | FPS: 1996.0 | Var: ddqn
Step: 769024 | EPS: 0.44 | Rew: -0.66 | Win%: 13.0 | S0: 120.5 | FPS: 2054.3 | Var: ddqn
Step: 770048 | EPS: 0.44 | Rew: -0.66 | Win%: 13.0 | S0: 122.2 | FPS: 1887.6 | Var: ddqn
Step: 771072 | EPS: 0.44 | Rew: -0.72 | Win%: 12.5 | S0: 117.3 | FPS: 1995.9 | Var: ddqn
Step: 772096 | EPS: 0.44 | Rew: -0.73 | Win%: 12.5 | S0: 122.3 | FPS: 1869.9 | Var: ddqn
Step: 773120 | EPS: 0.44 | Rew: -0.75 | Win%: 12.5 | S0: 118.6 | FPS: 1588.7 | Var: ddqn
Step: 774144 | EPS: 0.44 | Rew: -0.77 | Win%: 11.5 | S0: 115.7 | FPS: 1588.9 | Var: ddqn
Step: 775168 | EPS: 0.44 | Rew: -0.74 | Win%: 12.0 | S0: 117.0 | FPS: 1832.0 | Var: ddqn
Step: 776192 | EPS: 0.44 | Rew: -0.78 | Win%: 12.5 | S0: 112.8 | FPS: 1690.2 | Var: ddqn
Step: 777216 | EPS: 0.44 | Rew: -0.72 | Win%: 12.0 | S0: 115.8 | FPS: 1692.6 | Var: ddqn
Step: 778240 | EPS: 0.44 | Rew: -0.69 | Win%: 13.0 | S0: 120.8 | FPS: 1706.9 | Var: ddqn
Step: 779264 | EPS: 0.44 | Rew: -0.57 | Win%: 13.5 | S0: 119.3 | FPS: 1990.4 | Var: ddqn
Step: 780288 | EPS: 0.44 | Rew: -0.66 | Win%: 13.0 | S0: 110.5 | FPS: 1949.7 | Var: ddqn
Step: 781312 | EPS: 0.44 | Rew: -0.85 | Win%: 13.5 | S0: 111.2 | FPS: 1842.4 | Var: ddqn
Step: 782336 | EPS: 0.44 | Rew: -0.91 | Win%: 12.5 | S0: 107.2 | FPS: 1582.7 | Var: ddqn
Step: 783360 | EPS: 0.44 | Rew: -0.84 | Win%: 15.0 | S0: 110.9 | FPS: 1717.7 | Var: ddqn
Step: 784384 | EPS: 0.44 | Rew: -0.90 | Win%: 13.5 | S0: 107.7 | FPS: 1717.0 | Var: ddqn
Step: 785408 | EPS: 0.44 | Rew: -1.08 | Win%: 13.5 | S0: 108.0 | FPS: 1798.6 | Var: ddqn
Step: 786432 | EPS: 0.44 | Rew: -1.02 | Win%: 13.0 | S0: 106.0 | FPS: 1925.1 | Var: ddqn
Step: 787456 | EPS: 0.44 | Rew: -0.82 | Win%: 13.0 | S0: 105.6 | FPS: 2014.2 | Var: ddqn
Step: 788480 | EPS: 0.44 | Rew: -0.88 | Win%: 13.0 | S0: 98.5 | FPS: 1803.3 | Var: ddqn
Step: 789504 | EPS: 0.44 | Rew: -0.81 | Win%: 14.0 | S0: 103.0 | FPS: 1832.1 | Var: ddqn
Step: 790528 | EPS: 0.44 | Rew: -0.80 | Win%: 13.0 | S0: 100.7 | FPS: 1997.7 | Var: ddqn
Step: 791552 | EPS: 0.44 | Rew: -0.72 | Win%: 13.0 | S0: 98.1 | FPS: 2155.5 | Var: ddqn
Step: 792576 | EPS: 0.44 | Rew: -0.84 | Win%: 12.5 | S0: 99.0 | FPS: 1873.7 | Var: ddqn
Step: 793600 | EPS: 0.44 | Rew: -0.86 | Win%: 13.0 | S0: 101.1 | FPS: 1854.5 | Var: ddqn
Step: 794624 | EPS: 0.44 | Rew: -0.82 | Win%: 12.5 | S0: 104.5 | FPS: 1727.2 | Var: ddqn
Step: 795648 | EPS: 0.44 | Rew: -0.84 | Win%: 10.5 | S0: 99.7 | FPS: 1799.0 | Var: ddqn
Step: 796672 | EPS: 0.44 | Rew: -0.92 | Win%: 10.5 | S0: 100.2 | FPS: 2082.7 | Var: ddqn
Step: 797696 | EPS: 0.44 | Rew: -0.82 | Win%: 11.5 | S0: 102.0 | FPS: 1850.1 | Var: ddqn
Step: 798720 | EPS: 0.44 | Rew: -0.84 | Win%: 11.0 | S0: 101.1 | FPS: 1839.0 | Var: ddqn
Step: 799744 | EPS: 0.44 | Rew: -0.86 | Win%: 10.5 | S0: 96.8 | FPS: 1842.7 | Var: ddqn
Step: 800768 | EPS: 0.44 | Rew: -0.90 | Win%: 10.0 | S0: 94.9 | FPS: 1885.0 | Var: ddqn
Step: 801792 | EPS: 0.44 | Rew: -0.84 | Win%: 9.5 | S0: 93.9 | FPS: 1818.7 | Var: ddqn
Step: 802816 | EPS: 0.44 | Rew: -0.69 | Win%: 11.0 | S0: 102.4 | FPS: 2137.8 | Var: ddqn
Step: 803840 | EPS: 0.44 | Rew: -0.69 | Win%: 10.5 | S0: 104.5 | FPS: 1826.7 | Var: ddqn
Step: 804864 | EPS: 0.44 | Rew: -0.77 | Win%: 11.5 | S0: 111.2 | FPS: 1943.3 | Var: ddqn
Step: 805888 | EPS: 0.44 | Rew: -0.74 | Win%: 10.5 | S0: 109.5 | FPS: 1839.0 | Var: ddqn
Step: 806912 | EPS: 0.44 | Rew: -0.79 | Win%: 11.5 | S0: 107.3 | FPS: 2024.6 | Var: ddqn
Step: 807936 | EPS: 0.44 | Rew: -0.97 | Win%: 13.5 | S0: 110.4 | FPS: 2129.5 | Var: ddqn
Step: 808960 | EPS: 0.44 | Rew: -1.02 | Win%: 13.0 | S0: 112.8 | FPS: 1782.0 | Var: ddqn
Step: 809984 | EPS: 0.44 | Rew: -0.93 | Win%: 12.5 | S0: 110.2 | FPS: 1939.3 | Var: ddqn
Step: 811008 | EPS: 0.43 | Rew: -0.89 | Win%: 12.5 | S0: 109.2 | FPS: 1958.1 | Var: ddqn
Step: 812032 | EPS: 0.43 | Rew: -0.94 | Win%: 12.5 | S0: 108.7 | FPS: 1802.4 | Var: ddqn
Step: 813056 | EPS: 0.43 | Rew: -0.78 | Win%: 14.0 | S0: 117.3 | FPS: 1765.4 | Var: ddqn
Step: 814080 | EPS: 0.43 | Rew: -0.67 | Win%: 13.5 | S0: 114.8 | FPS: 1490.4 | Var: ddqn
Step: 815104 | EPS: 0.43 | Rew: -0.67 | Win%: 14.0 | S0: 113.5 | FPS: 1823.0 | Var: ddqn
Step: 816128 | EPS: 0.43 | Rew: -0.62 | Win%: 15.5 | S0: 121.7 | FPS: 1768.7 | Var: ddqn
Step: 817152 | EPS: 0.43 | Rew: -0.56 | Win%: 16.0 | S0: 123.0 | FPS: 1931.4 | Var: ddqn
Step: 818176 | EPS: 0.43 | Rew: -0.55 | Win%: 15.0 | S0: 120.0 | FPS: 1977.2 | Var: ddqn
Step: 819200 | EPS: 0.43 | Rew: -0.66 | Win%: 15.0 | S0: 126.0 | FPS: 1936.7 | Var: ddqn
Step: 820224 | EPS: 0.43 | Rew: -0.70 | Win%: 17.0 | S0: 125.0 | FPS: 1880.1 | Var: ddqn
Step: 821248 | EPS: 0.43 | Rew: -0.68 | Win%: 18.0 | S0: 132.4 | FPS: 1881.6 | Var: ddqn
Step: 822272 | EPS: 0.43 | Rew: -0.78 | Win%: 17.0 | S0: 129.1 | FPS: 2022.6 | Var: ddqn
Step: 823296 | EPS: 0.43 | Rew: -0.88 | Win%: 16.5 | S0: 132.3 | FPS: 1938.2 | Var: ddqn
Step: 824320 | EPS: 0.43 | Rew: -0.99 | Win%: 15.0 | S0: 125.1 | FPS: 1802.3 | Var: ddqn
Step: 825344 | EPS: 0.43 | Rew: -0.72 | Win%: 16.0 | S0: 132.7 | FPS: 1646.6 | Var: ddqn
Step: 826368 | EPS: 0.43 | Rew: -0.87 | Win%: 14.0 | S0: 121.1 | FPS: 1783.7 | Var: ddqn
Step: 827392 | EPS: 0.43 | Rew: -0.77 | Win%: 13.5 | S0: 120.0 | FPS: 1920.8 | Var: ddqn
Step: 828416 | EPS: 0.43 | Rew: -0.77 | Win%: 13.0 | S0: 112.8 | FPS: 1938.7 | Var: ddqn
Step: 829440 | EPS: 0.43 | Rew: -0.68 | Win%: 13.5 | S0: 116.2 | FPS: 1897.1 | Var: ddqn
Step: 830464 | EPS: 0.43 | Rew: -0.68 | Win%: 13.0 | S0: 112.5 | FPS: 2004.3 | Var: ddqn
Step: 831488 | EPS: 0.43 | Rew: -0.70 | Win%: 12.0 | S0: 112.8 | FPS: 1908.4 | Var: ddqn
Step: 832512 | EPS: 0.43 | Rew: -0.80 | Win%: 10.5 | S0: 105.0 | FPS: 2054.4 | Var: ddqn
Step: 833536 | EPS: 0.43 | Rew: -0.77 | Win%: 11.0 | S0: 106.5 | FPS: 1741.9 | Var: ddqn
Step: 834560 | EPS: 0.43 | Rew: -0.76 | Win%: 12.5 | S0: 109.6 | FPS: 1829.2 | Var: ddqn
Step: 835584 | EPS: 0.43 | Rew: -0.80 | Win%: 13.0 | S0: 107.1 | FPS: 1827.5 | Var: ddqn
Step: 836608 | EPS: 0.43 | Rew: -0.75 | Win%: 12.5 | S0: 105.2 | FPS: 1928.3 | Var: ddqn
Step: 837632 | EPS: 0.43 | Rew: -0.80 | Win%: 12.5 | S0: 101.1 | FPS: 1488.1 | Var: ddqn
Step: 838656 | EPS: 0.43 | Rew: -0.74 | Win%: 12.5 | S0: 104.2 | FPS: 1544.0 | Var: ddqn
Step: 839680 | EPS: 0.43 | Rew: -0.68 | Win%: 12.5 | S0: 114.0 | FPS: 1750.2 | Var: ddqn
Step: 840704 | EPS: 0.43 | Rew: -0.64 | Win%: 12.5 | S0: 115.2 | FPS: 1856.2 | Var: ddqn
Step: 841728 | EPS: 0.43 | Rew: -0.53 | Win%: 12.5 | S0: 121.3 | FPS: 1927.4 | Var: ddqn
Step: 842752 | EPS: 0.43 | Rew: -0.40 | Win%: 16.5 | S0: 135.4 | FPS: 1710.2 | Var: ddqn
Step: 843776 | EPS: 0.43 | Rew: -0.20 | Win%: 19.5 | S0: 149.2 | FPS: 1866.2 | Var: ddqn
Step: 844800 | EPS: 0.43 | Rew: -0.22 | Win%: 20.5 | S0: 152.9 | FPS: 2118.1 | Var: ddqn
Step: 845824 | EPS: 0.43 | Rew: -0.18 | Win%: 22.0 | S0: 157.3 | FPS: 1768.9 | Var: ddqn
Step: 846848 | EPS: 0.43 | Rew: -0.24 | Win%: 22.0 | S0: 158.4 | FPS: 1749.3 | Var: ddqn
Step: 847872 | EPS: 0.43 | Rew: -0.37 | Win%: 22.0 | S0: 153.8 | FPS: 1792.8 | Var: ddqn
Step: 848896 | EPS: 0.43 | Rew: -0.37 | Win%: 25.0 | S0: 170.6 | FPS: 1880.2 | Var: ddqn
Step: 849920 | EPS: 0.43 | Rew: -0.39 | Win%: 26.0 | S0: 160.2 | FPS: 1809.7 | Var: ddqn
Step: 850944 | EPS: 0.43 | Rew: -0.40 | Win%: 25.5 | S0: 154.9 | FPS: 1850.5 | Var: ddqn
Step: 851968 | EPS: 0.43 | Rew: -0.62 | Win%: 24.0 | S0: 142.4 | FPS: 1895.8 | Var: ddqn
Step: 852992 | EPS: 0.43 | Rew: -0.64 | Win%: 22.5 | S0: 138.4 | FPS: 1723.9 | Var: ddqn
Step: 854016 | EPS: 0.43 | Rew: -0.74 | Win%: 19.0 | S0: 126.0 | FPS: 1890.3 | Var: ddqn
Step: 855040 | EPS: 0.43 | Rew: -0.72 | Win%: 18.0 | S0: 119.0 | FPS: 1879.9 | Var: ddqn
Step: 856064 | EPS: 0.43 | Rew: -0.73 | Win%: 18.5 | S0: 122.8 | FPS: 1921.3 | Var: ddqn
Step: 857088 | EPS: 0.43 | Rew: -0.71 | Win%: 18.0 | S0: 119.5 | FPS: 1815.0 | Var: ddqn
Step: 858112 | EPS: 0.43 | Rew: -0.51 | Win%: 17.5 | S0: 127.0 | FPS: 1869.2 | Var: ddqn
Step: 859136 | EPS: 0.42 | Rew: -0.67 | Win%: 17.0 | S0: 123.8 | FPS: 1812.8 | Var: ddqn
Step: 860160 | EPS: 0.42 | Rew: -0.65 | Win%: 14.5 | S0: 114.2 | FPS: 1669.5 | Var: ddqn
Step: 861184 | EPS: 0.42 | Rew: -0.70 | Win%: 13.5 | S0: 116.0 | FPS: 1818.7 | Var: ddqn
Step: 862208 | EPS: 0.42 | Rew: -0.72 | Win%: 13.5 | S0: 116.5 | FPS: 1692.8 | Var: ddqn
Step: 863232 | EPS: 0.42 | Rew: -0.77 | Win%: 13.5 | S0: 114.8 | FPS: 1795.9 | Var: ddqn
Step: 864256 | EPS: 0.42 | Rew: -0.88 | Win%: 14.0 | S0: 119.8 | FPS: 1722.5 | Var: ddqn
Step: 865280 | EPS: 0.42 | Rew: -0.80 | Win%: 13.5 | S0: 114.7 | FPS: 2077.2 | Var: ddqn
Step: 866304 | EPS: 0.42 | Rew: -0.71 | Win%: 14.5 | S0: 122.9 | FPS: 1908.9 | Var: ddqn
Step: 867328 | EPS: 0.42 | Rew: -0.69 | Win%: 15.0 | S0: 121.3 | FPS: 1828.1 | Var: ddqn
Step: 868352 | EPS: 0.42 | Rew: -0.64 | Win%: 13.5 | S0: 125.6 | FPS: 1807.2 | Var: ddqn
Step: 869376 | EPS: 0.42 | Rew: -0.44 | Win%: 14.5 | S0: 132.7 | FPS: 1895.5 | Var: ddqn
Step: 870400 | EPS: 0.42 | Rew: -0.52 | Win%: 14.0 | S0: 126.5 | FPS: 1858.6 | Var: ddqn
Step: 871424 | EPS: 0.42 | Rew: -0.43 | Win%: 14.5 | S0: 129.4 | FPS: 2049.3 | Var: ddqn
Step: 872448 | EPS: 0.42 | Rew: -0.55 | Win%: 14.5 | S0: 126.0 | FPS: 1965.3 | Var: ddqn
Step: 873472 | EPS: 0.42 | Rew: -0.49 | Win%: 15.0 | S0: 127.0 | FPS: 1818.6 | Var: ddqn
Step: 874496 | EPS: 0.42 | Rew: -0.56 | Win%: 13.5 | S0: 126.9 | FPS: 1744.8 | Var: ddqn
Step: 875520 | EPS: 0.42 | Rew: -0.69 | Win%: 15.0 | S0: 127.0 | FPS: 1846.9 | Var: ddqn
Step: 876544 | EPS: 0.42 | Rew: -0.75 | Win%: 14.5 | S0: 124.2 | FPS: 1895.0 | Var: ddqn
Step: 877568 | EPS: 0.42 | Rew: -0.79 | Win%: 16.0 | S0: 131.7 | FPS: 1914.4 | Var: ddqn
Step: 878592 | EPS: 0.42 | Rew: -0.63 | Win%: 17.0 | S0: 132.4 | FPS: 1748.0 | Var: ddqn
Step: 879616 | EPS: 0.42 | Rew: -0.63 | Win%: 16.5 | S0: 133.2 | FPS: 1901.0 | Var: ddqn
Step: 880640 | EPS: 0.42 | Rew: -0.58 | Win%: 15.5 | S0: 122.2 | FPS: 2078.6 | Var: ddqn
Step: 881664 | EPS: 0.42 | Rew: -0.64 | Win%: 14.5 | S0: 115.5 | FPS: 2017.0 | Var: ddqn
Step: 882688 | EPS: 0.42 | Rew: -0.58 | Win%: 14.0 | S0: 113.8 | FPS: 2092.4 | Var: ddqn
Step: 883712 | EPS: 0.42 | Rew: -0.75 | Win%: 13.0 | S0: 110.0 | FPS: 1812.8 | Var: ddqn
Step: 884736 | EPS: 0.42 | Rew: -0.76 | Win%: 13.5 | S0: 124.5 | FPS: 1691.7 | Var: ddqn
Step: 885760 | EPS: 0.42 | Rew: -0.73 | Win%: 13.5 | S0: 126.7 | FPS: 1790.9 | Var: ddqn
Step: 886784 | EPS: 0.42 | Rew: -0.74 | Win%: 12.5 | S0: 128.6 | FPS: 1861.8 | Var: ddqn
Step: 887808 | EPS: 0.42 | Rew: -0.74 | Win%: 12.5 | S0: 126.9 | FPS: 2098.8 | Var: ddqn
Step: 888832 | EPS: 0.42 | Rew: -0.54 | Win%: 13.5 | S0: 129.2 | FPS: 1831.2 | Var: ddqn
Step: 889856 | EPS: 0.42 | Rew: -0.55 | Win%: 11.0 | S0: 125.9 | FPS: 765.8 | Var: ddqn
Step: 890880 | EPS: 0.42 | Rew: -0.61 | Win%: 12.0 | S0: 125.4 | FPS: 1718.2 | Var: ddqn
Step: 891904 | EPS: 0.42 | Rew: -0.48 | Win%: 13.5 | S0: 133.5 | FPS: 1891.0 | Var: ddqn
Step: 892928 | EPS: 0.42 | Rew: -0.40 | Win%: 15.0 | S0: 144.2 | FPS: 2036.7 | Var: ddqn
Step: 893952 | EPS: 0.42 | Rew: -0.39 | Win%: 16.5 | S0: 151.8 | FPS: 1688.9 | Var: ddqn
Step: 894976 | EPS: 0.42 | Rew: -0.34 | Win%: 17.0 | S0: 152.0 | FPS: 1875.5 | Var: ddqn
Step: 896000 | EPS: 0.42 | Rew: -0.31 | Win%: 17.5 | S0: 150.3 | FPS: 2042.5 | Var: ddqn
Step: 897024 | EPS: 0.42 | Rew: -0.32 | Win%: 19.0 | S0: 151.0 | FPS: 1920.5 | Var: ddqn
Step: 898048 | EPS: 0.42 | Rew: -0.54 | Win%: 18.0 | S0: 147.6 | FPS: 1835.9 | Var: ddqn
Step: 899072 | EPS: 0.42 | Rew: -0.49 | Win%: 20.0 | S0: 155.0 | FPS: 1825.2 | Var: ddqn
Step: 900096 | EPS: 0.42 | Rew: -0.53 | Win%: 18.0 | S0: 147.3 | FPS: 1828.9 | Var: ddqn
Step: 901120 | EPS: 0.42 | Rew: -0.63 | Win%: 18.0 | S0: 141.3 | FPS: 1814.3 | Var: ddqn
Step: 902144 | EPS: 0.42 | Rew: -0.60 | Win%: 19.0 | S0: 145.0 | FPS: 1731.0 | Var: ddqn
Step: 903168 | EPS: 0.42 | Rew: -0.49 | Win%: 17.5 | S0: 137.2 | FPS: 1741.3 | Var: ddqn
Step: 904192 | EPS: 0.42 | Rew: -0.53 | Win%: 18.0 | S0: 135.7 | FPS: 1745.2 | Var: ddqn
Step: 905216 | EPS: 0.42 | Rew: -0.31 | Win%: 19.0 | S0: 138.9 | FPS: 1749.5 | Var: ddqn
Step: 906240 | EPS: 0.42 | Rew: -0.30 | Win%: 20.0 | S0: 141.9 | FPS: 1698.1 | Var: ddqn
Step: 907264 | EPS: 0.42 | Rew: -0.19 | Win%: 21.0 | S0: 151.0 | FPS: 1878.1 | Var: ddqn
Step: 908288 | EPS: 0.41 | Rew: -0.03 | Win%: 24.0 | S0: 168.5 | FPS: 1951.8 | Var: ddqn
Step: 909312 | EPS: 0.41 | Rew: 0.01 | Win%: 23.5 | S0: 167.1 | FPS: 1851.7 | Var: ddqn
Step: 910336 | EPS: 0.41 | Rew: 0.06 | Win%: 27.0 | S0: 184.7 | FPS: 1749.1 | Var: ddqn
Step: 911360 | EPS: 0.41 | Rew: 0.04 | Win%: 26.0 | S0: 186.3 | FPS: 1701.7 | Var: ddqn
Step: 912384 | EPS: 0.41 | Rew: -0.11 | Win%: 25.5 | S0: 184.7 | FPS: 1674.3 | Var: ddqn
Step: 913408 | EPS: 0.41 | Rew: -0.25 | Win%: 25.5 | S0: 181.2 | FPS: 1886.5 | Var: ddqn
Step: 914432 | EPS: 0.41 | Rew: -0.16 | Win%: 26.0 | S0: 188.3 | FPS: 1916.7 | Var: ddqn
>>> [Best] Saved -> agent/checkpoints/ddqn_battle.pth | Win% 26.0 | S0 188.3
Step: 915456 | EPS: 0.41 | Rew: -0.30 | Win%: 26.5 | S0: 181.8 | FPS: 1799.0 | Var: ddqn
Step: 916480 | EPS: 0.41 | Rew: -0.26 | Win%: 25.5 | S0: 179.2 | FPS: 1630.1 | Var: ddqn
Step: 917504 | EPS: 0.41 | Rew: -0.14 | Win%: 23.5 | S0: 164.8 | FPS: 1566.9 | Var: ddqn
Step: 918528 | EPS: 0.41 | Rew: -0.28 | Win%: 22.0 | S0: 156.8 | FPS: 1875.9 | Var: ddqn
Step: 919552 | EPS: 0.41 | Rew: -0.27 | Win%: 21.5 | S0: 151.9 | FPS: 1867.6 | Var: ddqn
Step: 920576 | EPS: 0.41 | Rew: -0.24 | Win%: 22.0 | S0: 150.2 | FPS: 1979.4 | Var: ddqn
Step: 921600 | EPS: 0.41 | Rew: -0.26 | Win%: 24.0 | S0: 152.6 | FPS: 1862.4 | Var: ddqn
Step: 922624 | EPS: 0.41 | Rew: -0.39 | Win%: 22.5 | S0: 145.7 | FPS: 1903.2 | Var: ddqn
Step: 923648 | EPS: 0.41 | Rew: -0.37 | Win%: 22.0 | S0: 138.7 | FPS: 1775.6 | Var: ddqn
Step: 924672 | EPS: 0.41 | Rew: -0.38 | Win%: 22.0 | S0: 139.7 | FPS: 1890.5 | Var: ddqn
Step: 925696 | EPS: 0.41 | Rew: -0.38 | Win%: 22.5 | S0: 140.4 | FPS: 1633.5 | Var: ddqn
Step: 926720 | EPS: 0.41 | Rew: -0.41 | Win%: 23.0 | S0: 140.1 | FPS: 1903.7 | Var: ddqn
Step: 927744 | EPS: 0.41 | Rew: -0.35 | Win%: 23.0 | S0: 142.9 | FPS: 1845.9 | Var: ddqn
Step: 928768 | EPS: 0.41 | Rew: -0.23 | Win%: 25.0 | S0: 152.1 | FPS: 1783.8 | Var: ddqn
Step: 929792 | EPS: 0.41 | Rew: -0.03 | Win%: 26.5 | S0: 158.8 | FPS: 1761.0 | Var: ddqn
Step: 930816 | EPS: 0.41 | Rew: -0.09 | Win%: 27.5 | S0: 162.2 | FPS: 2046.7 | Var: ddqn
Step: 931840 | EPS: 0.41 | Rew: 0.03 | Win%: 28.0 | S0: 171.9 | FPS: 1855.1 | Var: ddqn
Step: 932864 | EPS: 0.41 | Rew: 0.00 | Win%: 29.5 | S0: 180.8 | FPS: 1940.5 | Var: ddqn
Step: 933888 | EPS: 0.41 | Rew: -0.11 | Win%: 30.0 | S0: 178.8 | FPS: 1831.6 | Var: ddqn
Step: 934912 | EPS: 0.41 | Rew: -0.31 | Win%: 29.5 | S0: 180.7 | FPS: 1658.9 | Var: ddqn
Step: 935936 | EPS: 0.41 | Rew: -0.28 | Win%: 28.5 | S0: 182.1 | FPS: 1752.3 | Var: ddqn
Step: 936960 | EPS: 0.41 | Rew: -0.31 | Win%: 29.0 | S0: 181.9 | FPS: 1935.4 | Var: ddqn
Step: 937984 | EPS: 0.41 | Rew: -0.34 | Win%: 28.0 | S0: 173.2 | FPS: 1680.6 | Var: ddqn
Step: 939008 | EPS: 0.41 | Rew: -0.25 | Win%: 26.0 | S0: 167.2 | FPS: 1865.5 | Var: ddqn
Step: 940032 | EPS: 0.41 | Rew: -0.08 | Win%: 26.5 | S0: 167.3 | FPS: 1666.1 | Var: ddqn
Step: 941056 | EPS: 0.41 | Rew: -0.18 | Win%: 26.5 | S0: 166.2 | FPS: 1938.3 | Var: ddqn
Step: 942080 | EPS: 0.41 | Rew: -0.23 | Win%: 24.0 | S0: 159.3 | FPS: 1761.3 | Var: ddqn
Step: 943104 | EPS: 0.41 | Rew: -0.10 | Win%: 25.5 | S0: 159.3 | FPS: 1746.6 | Var: ddqn
Step: 944128 | EPS: 0.41 | Rew: -0.02 | Win%: 29.0 | S0: 169.4 | FPS: 1946.7 | Var: ddqn
Step: 945152 | EPS: 0.41 | Rew: -0.09 | Win%: 29.5 | S0: 174.1 | FPS: 1950.8 | Var: ddqn
Step: 946176 | EPS: 0.41 | Rew: -0.10 | Win%: 30.0 | S0: 173.6 | FPS: 1856.5 | Var: ddqn
Step: 947200 | EPS: 0.41 | Rew: -0.06 | Win%: 29.0 | S0: 168.8 | FPS: 1909.0 | Var: ddqn
Step: 948224 | EPS: 0.41 | Rew: -0.12 | Win%: 30.0 | S0: 171.3 | FPS: 1943.0 | Var: ddqn
Step: 949248 | EPS: 0.41 | Rew: -0.23 | Win%: 29.0 | S0: 167.2 | FPS: 1579.6 | Var: ddqn
Step: 950272 | EPS: 0.41 | Rew: -0.34 | Win%: 25.5 | S0: 155.2 | FPS: 2028.5 | Var: ddqn
Step: 951296 | EPS: 0.41 | Rew: -0.25 | Win%: 28.0 | S0: 162.2 | FPS: 1854.7 | Var: ddqn
Step: 952320 | EPS: 0.41 | Rew: -0.20 | Win%: 29.0 | S0: 162.3 | FPS: 1988.1 | Var: ddqn
Step: 953344 | EPS: 0.41 | Rew: -0.28 | Win%: 28.0 | S0: 157.7 | FPS: 1778.0 | Var: ddqn
Step: 954368 | EPS: 0.41 | Rew: -0.26 | Win%: 26.0 | S0: 151.9 | FPS: 1823.7 | Var: ddqn
Step: 955392 | EPS: 0.41 | Rew: -0.25 | Win%: 25.0 | S0: 148.8 | FPS: 1816.7 | Var: ddqn
Step: 956416 | EPS: 0.41 | Rew: -0.35 | Win%: 23.0 | S0: 139.7 | FPS: 1869.4 | Var: ddqn
Step: 957440 | EPS: 0.40 | Rew: -0.16 | Win%: 26.0 | S0: 156.4 | FPS: 1990.2 | Var: ddqn
Step: 958464 | EPS: 0.40 | Rew: 0.00 | Win%: 28.0 | S0: 161.4 | FPS: 2002.7 | Var: ddqn
Step: 959488 | EPS: 0.40 | Rew: 0.09 | Win%: 28.5 | S0: 171.8 | FPS: 1855.4 | Var: ddqn
Step: 960512 | EPS: 0.40 | Rew: 0.06 | Win%: 29.5 | S0: 173.8 | FPS: 1780.5 | Var: ddqn
Step: 961536 | EPS: 0.40 | Rew: 0.11 | Win%: 28.5 | S0: 165.5 | FPS: 1829.0 | Var: ddqn
Step: 962560 | EPS: 0.40 | Rew: -0.09 | Win%: 28.5 | S0: 170.9 | FPS: 2031.3 | Var: ddqn
Step: 963584 | EPS: 0.40 | Rew: -0.12 | Win%: 30.5 | S0: 183.3 | FPS: 1802.8 | Var: ddqn
>>> [Best] Saved -> agent/checkpoints/ddqn_battle.pth | Win% 30.5 | S0 183.3
Step: 964608 | EPS: 0.40 | Rew: -0.17 | Win%: 30.0 | S0: 179.3 | FPS: 1973.3 | Var: ddqn
Step: 965632 | EPS: 0.40 | Rew: -0.14 | Win%: 31.5 | S0: 184.8 | FPS: 1903.2 | Var: ddqn
Step: 966656 | EPS: 0.40 | Rew: -0.10 | Win%: 30.5 | S0: 175.6 | FPS: 1714.6 | Var: ddqn
Step: 967680 | EPS: 0.40 | Rew: -0.15 | Win%: 28.5 | S0: 167.7 | FPS: 1776.4 | Var: ddqn
Step: 968704 | EPS: 0.40 | Rew: -0.36 | Win%: 28.5 | S0: 161.8 | FPS: 1365.4 | Var: ddqn
Step: 969728 | EPS: 0.40 | Rew: -0.45 | Win%: 26.5 | S0: 154.0 | FPS: 1664.2 | Var: ddqn
Step: 970752 | EPS: 0.40 | Rew: -0.45 | Win%: 27.0 | S0: 159.2 | FPS: 1789.2 | Var: ddqn
Step: 971776 | EPS: 0.40 | Rew: -0.46 | Win%: 25.5 | S0: 157.7 | FPS: 1780.3 | Var: ddqn
Step: 972800 | EPS: 0.40 | Rew: -0.28 | Win%: 24.5 | S0: 150.8 | FPS: 1969.1 | Var: ddqn
Step: 973824 | EPS: 0.40 | Rew: -0.33 | Win%: 22.0 | S0: 145.6 | FPS: 1945.4 | Var: ddqn
Step: 974848 | EPS: 0.40 | Rew: -0.29 | Win%: 23.5 | S0: 149.3 | FPS: 1831.9 | Var: ddqn
Step: 975872 | EPS: 0.40 | Rew: -0.06 | Win%: 25.0 | S0: 157.8 | FPS: 1702.7 | Var: ddqn
Step: 976896 | EPS: 0.40 | Rew: -0.11 | Win%: 24.0 | S0: 152.7 | FPS: 2077.7 | Var: ddqn
Step: 977920 | EPS: 0.40 | Rew: -0.07 | Win%: 24.0 | S0: 154.5 | FPS: 1893.3 | Var: ddqn
Step: 978944 | EPS: 0.40 | Rew: 0.02 | Win%: 25.0 | S0: 159.7 | FPS: 1861.9 | Var: ddqn
Step: 979968 | EPS: 0.40 | Rew: 0.00 | Win%: 26.5 | S0: 158.9 | FPS: 2044.9 | Var: ddqn
Step: 980992 | EPS: 0.40 | Rew: -0.02 | Win%: 28.5 | S0: 170.3 | FPS: 1906.5 | Var: ddqn
Step: 982016 | EPS: 0.40 | Rew: 0.02 | Win%: 27.0 | S0: 173.2 | FPS: 1900.8 | Var: ddqn
Step: 983040 | EPS: 0.40 | Rew: -0.12 | Win%: 28.0 | S0: 172.4 | FPS: 1654.2 | Var: ddqn
Step: 984064 | EPS: 0.40 | Rew: -0.12 | Win%: 28.5 | S0: 168.9 | FPS: 1770.7 | Var: ddqn
Step: 985088 | EPS: 0.40 | Rew: -0.24 | Win%: 27.0 | S0: 163.9 | FPS: 1929.2 | Var: ddqn
Step: 986112 | EPS: 0.40 | Rew: -0.21 | Win%: 26.5 | S0: 159.9 | FPS: 1790.5 | Var: ddqn
Step: 987136 | EPS: 0.40 | Rew: -0.32 | Win%: 27.0 | S0: 156.2 | FPS: 1944.7 | Var: ddqn
Step: 988160 | EPS: 0.40 | Rew: -0.25 | Win%: 26.5 | S0: 153.9 | FPS: 1725.6 | Var: ddqn
Step: 989184 | EPS: 0.40 | Rew: -0.36 | Win%: 25.5 | S0: 150.4 | FPS: 1929.5 | Var: ddqn
Step: 990208 | EPS: 0.40 | Rew: -0.50 | Win%: 21.0 | S0: 133.5 | FPS: 1867.0 | Var: ddqn
Step: 991232 | EPS: 0.40 | Rew: -0.47 | Win%: 21.5 | S0: 133.5 | FPS: 1956.2 | Var: ddqn
Step: 992256 | EPS: 0.40 | Rew: -0.23 | Win%: 24.0 | S0: 144.6 | FPS: 1702.7 | Var: ddqn
Step: 993280 | EPS: 0.40 | Rew: -0.23 | Win%: 25.0 | S0: 145.7 | FPS: 1690.3 | Var: ddqn
Step: 994304 | EPS: 0.40 | Rew: -0.02 | Win%: 26.0 | S0: 150.3 | FPS: 1844.4 | Var: ddqn
Step: 995328 | EPS: 0.40 | Rew: -0.01 | Win%: 24.0 | S0: 148.4 | FPS: 2078.1 | Var: ddqn
Step: 996352 | EPS: 0.40 | Rew: -0.09 | Win%: 26.0 | S0: 158.2 | FPS: 1777.8 | Var: ddqn
Step: 997376 | EPS: 0.40 | Rew: -0.25 | Win%: 25.0 | S0: 156.9 | FPS: 1944.1 | Var: ddqn
Step: 998400 | EPS: 0.40 | Rew: -0.20 | Win%: 27.5 | S0: 163.4 | FPS: 1860.7 | Var: ddqn
Step: 999424 | EPS: 0.40 | Rew: -0.29 | Win%: 31.0 | S0: 169.4 | FPS: 1746.0 | Var: ddqn
Step: 1000448 | EPS: 0.40 | Rew: -0.16 | Win%: 31.0 | S0: 166.9 | FPS: 1940.8 | Var: ddqn
Step: 1001472 | EPS: 0.40 | Rew: -0.17 | Win%: 30.5 | S0: 159.3 | FPS: 1811.9 | Var: ddqn
Step: 1002496 | EPS: 0.40 | Rew: -0.11 | Win%: 28.0 | S0: 157.0 | FPS: 1986.3 | Var: ddqn
Step: 1003520 | EPS: 0.40 | Rew: -0.19 | Win%: 26.5 | S0: 150.8 | FPS: 1768.5 | Var: ddqn
Step: 1004544 | EPS: 0.40 | Rew: -0.34 | Win%: 24.0 | S0: 143.2 | FPS: 1967.6 | Var: ddqn
Step: 1005568 | EPS: 0.40 | Rew: -0.47 | Win%: 23.5 | S0: 137.9 | FPS: 1896.9 | Var: ddqn
Step: 1006592 | EPS: 0.39 | Rew: -0.36 | Win%: 26.0 | S0: 150.7 | FPS: 2014.3 | Var: ddqn
Step: 1007616 | EPS: 0.39 | Rew: -0.25 | Win%: 27.0 | S0: 161.6 | FPS: 1804.6 | Var: ddqn
Step: 1008640 | EPS: 0.39 | Rew: -0.11 | Win%: 25.5 | S0: 164.2 | FPS: 1995.9 | Var: ddqn
Step: 1009664 | EPS: 0.39 | Rew: -0.00 | Win%: 26.5 | S0: 168.4 | FPS: 1688.0 | Var: ddqn
Step: 1010688 | EPS: 0.39 | Rew: -0.09 | Win%: 24.0 | S0: 163.6 | FPS: 1712.3 | Var: ddqn
Step: 1011712 | EPS: 0.39 | Rew: -0.15 | Win%: 23.0 | S0: 158.0 | FPS: 1891.2 | Var: ddqn
Step: 1012736 | EPS: 0.39 | Rew: -0.31 | Win%: 24.5 | S0: 165.8 | FPS: 1806.9 | Var: ddqn
Step: 1013760 | EPS: 0.39 | Rew: -0.39 | Win%: 24.5 | S0: 165.2 | FPS: 1944.3 | Var: ddqn
Step: 1014784 | EPS: 0.39 | Rew: -0.42 | Win%: 23.5 | S0: 167.3 | FPS: 2012.8 | Var: ddqn
Step: 1015808 | EPS: 0.39 | Rew: -0.39 | Win%: 23.0 | S0: 161.0 | FPS: 1766.6 | Var: ddqn
Step: 1016832 | EPS: 0.39 | Rew: -0.29 | Win%: 23.5 | S0: 156.8 | FPS: 1578.6 | Var: ddqn
Step: 1017856 | EPS: 0.39 | Rew: -0.24 | Win%: 23.0 | S0: 157.2 | FPS: 1752.1 | Var: ddqn
Step: 1018880 | EPS: 0.39 | Rew: -0.27 | Win%: 21.5 | S0: 137.8 | FPS: 1514.6 | Var: ddqn
Step: 1019904 | EPS: 0.39 | Rew: -0.16 | Win%: 23.0 | S0: 145.3 | FPS: 1566.4 | Var: ddqn
Step: 1020928 | EPS: 0.39 | Rew: -0.02 | Win%: 26.5 | S0: 157.2 | FPS: 1978.6 | Var: ddqn
Step: 1021952 | EPS: 0.39 | Rew: 0.01 | Win%: 27.5 | S0: 153.4 | FPS: 1855.9 | Var: ddqn
Step: 1022976 | EPS: 0.39 | Rew: 0.09 | Win%: 29.5 | S0: 163.2 | FPS: 1729.4 | Var: ddqn
Step: 1024000 | EPS: 0.39 | Rew: 0.12 | Win%: 32.0 | S0: 175.8 | FPS: 1781.6 | Var: ddqn
Step: 1025024 | EPS: 0.39 | Rew: -0.01 | Win%: 31.5 | S0: 172.8 | FPS: 1684.2 | Var: ddqn
Step: 1026048 | EPS: 0.39 | Rew: -0.06 | Win%: 30.5 | S0: 178.6 | FPS: 1841.6 | Var: ddqn
Step: 1027072 | EPS: 0.39 | Rew: -0.05 | Win%: 30.0 | S0: 177.5 | FPS: 1811.5 | Var: ddqn
Step: 1028096 | EPS: 0.39 | Rew: -0.25 | Win%: 30.0 | S0: 177.2 | FPS: 1762.2 | Var: ddqn
Step: 1029120 | EPS: 0.39 | Rew: -0.39 | Win%: 26.0 | S0: 165.3 | FPS: 1782.3 | Var: ddqn
Step: 1030144 | EPS: 0.39 | Rew: -0.39 | Win%: 26.0 | S0: 160.8 | FPS: 1978.4 | Var: ddqn
Step: 1031168 | EPS: 0.39 | Rew: -0.25 | Win%: 25.0 | S0: 170.9 | FPS: 1614.1 | Var: ddqn
Step: 1032192 | EPS: 0.39 | Rew: -0.25 | Win%: 24.5 | S0: 178.2 | FPS: 1906.4 | Var: ddqn
Step: 1033216 | EPS: 0.39 | Rew: -0.25 | Win%: 22.0 | S0: 166.9 | FPS: 1760.5 | Var: ddqn
Step: 1034240 | EPS: 0.39 | Rew: -0.22 | Win%: 20.0 | S0: 156.8 | FPS: 1842.3 | Var: ddqn
Step: 1035264 | EPS: 0.39 | Rew: -0.27 | Win%: 20.0 | S0: 161.3 | FPS: 1991.6 | Var: ddqn
Step: 1036288 | EPS: 0.39 | Rew: -0.33 | Win%: 19.0 | S0: 159.9 | FPS: 1827.6 | Var: ddqn
Step: 1037312 | EPS: 0.39 | Rew: -0.28 | Win%: 21.0 | S0: 165.8 | FPS: 1698.5 | Var: ddqn
Step: 1038336 | EPS: 0.39 | Rew: -0.20 | Win%: 23.0 | S0: 173.2 | FPS: 1636.2 | Var: ddqn
Step: 1039360 | EPS: 0.39 | Rew: -0.14 | Win%: 24.0 | S0: 180.4 | FPS: 2025.5 | Var: ddqn
Step: 1040384 | EPS: 0.39 | Rew: -0.03 | Win%: 24.5 | S0: 181.6 | FPS: 1999.3 | Var: ddqn
Step: 1041408 | EPS: 0.39 | Rew: -0.11 | Win%: 24.0 | S0: 175.9 | FPS: 1729.2 | Var: ddqn
Step: 1042432 | EPS: 0.39 | Rew: -0.09 | Win%: 25.0 | S0: 176.4 | FPS: 1746.2 | Var: ddqn
Step: 1043456 | EPS: 0.39 | Rew: -0.20 | Win%: 25.0 | S0: 175.2 | FPS: 1865.4 | Var: ddqn
Step: 1044480 | EPS: 0.39 | Rew: -0.22 | Win%: 24.5 | S0: 169.8 | FPS: 1769.4 | Var: ddqn
Step: 1045504 | EPS: 0.39 | Rew: -0.25 | Win%: 28.5 | S0: 178.9 | FPS: 1816.7 | Var: ddqn
Step: 1046528 | EPS: 0.39 | Rew: -0.10 | Win%: 29.5 | S0: 183.5 | FPS: 1609.4 | Var: ddqn
Step: 1047552 | EPS: 0.39 | Rew: -0.06 | Win%: 28.5 | S0: 187.3 | FPS: 1740.9 | Var: ddqn
Step: 1048576 | EPS: 0.39 | Rew: -0.03 | Win%: 27.5 | S0: 182.8 | FPS: 1678.3 | Var: ddqn
Step: 1049600 | EPS: 0.39 | Rew: 0.15 | Win%: 29.5 | S0: 189.4 | FPS: 1705.7 | Var: ddqn
>>> [Best] Saved -> agent/checkpoints/ddqn_battle.pth | Win% 29.5 | S0 189.4
Step: 1050624 | EPS: 0.39 | Rew: -0.10 | Win%: 27.5 | S0: 175.2 | FPS: 1967.2 | Var: ddqn
Step: 1051648 | EPS: 0.39 | Rew: -0.24 | Win%: 27.0 | S0: 169.2 | FPS: 1808.6 | Var: ddqn
Step: 1052672 | EPS: 0.39 | Rew: -0.28 | Win%: 26.5 | S0: 167.6 | FPS: 1909.0 | Var: ddqn
Step: 1053696 | EPS: 0.39 | Rew: -0.34 | Win%: 28.0 | S0: 165.8 | FPS: 1669.0 | Var: ddqn
Step: 1054720 | EPS: 0.39 | Rew: -0.31 | Win%: 27.0 | S0: 165.8 | FPS: 1917.7 | Var: ddqn
Step: 1055744 | EPS: 0.38 | Rew: -0.30 | Win%: 27.0 | S0: 156.2 | FPS: 1746.4 | Var: ddqn
Step: 1056768 | EPS: 0.38 | Rew: -0.20 | Win%: 25.0 | S0: 147.9 | FPS: 1763.8 | Var: ddqn
Step: 1057792 | EPS: 0.38 | Rew: -0.25 | Win%: 25.5 | S0: 151.3 | FPS: 2154.0 | Var: ddqn
Step: 1058816 | EPS: 0.38 | Rew: -0.23 | Win%: 24.5 | S0: 146.9 | FPS: 2296.6 | Var: ddqn
Step: 1059840 | EPS: 0.38 | Rew: -0.20 | Win%: 25.0 | S0: 151.8 | FPS: 1892.7 | Var: ddqn
Step: 1060864 | EPS: 0.38 | Rew: -0.30 | Win%: 24.5 | S0: 150.1 | FPS: 1719.9 | Var: ddqn
Step: 1061888 | EPS: 0.38 | Rew: -0.20 | Win%: 27.0 | S0: 156.2 | FPS: 1743.5 | Var: ddqn
Step: 1062912 | EPS: 0.38 | Rew: -0.07 | Win%: 26.5 | S0: 164.2 | FPS: 1736.6 | Var: ddqn
Step: 1063936 | EPS: 0.38 | Rew: -0.24 | Win%: 24.5 | S0: 160.2 | FPS: 2062.4 | Var: ddqn
Step: 1064960 | EPS: 0.38 | Rew: -0.07 | Win%: 27.0 | S0: 166.6 | FPS: 1795.8 | Var: ddqn
Step: 1065984 | EPS: 0.38 | Rew: -0.01 | Win%: 28.0 | S0: 171.2 | FPS: 1829.8 | Var: ddqn
Step: 1067008 | EPS: 0.38 | Rew: -0.10 | Win%: 29.0 | S0: 170.3 | FPS: 1764.3 | Var: ddqn
Step: 1068032 | EPS: 0.38 | Rew: -0.00 | Win%: 28.5 | S0: 166.8 | FPS: 2077.9 | Var: ddqn
Step: 1069056 | EPS: 0.38 | Rew: 0.05 | Win%: 30.0 | S0: 170.4 | FPS: 1756.7 | Var: ddqn
Step: 1070080 | EPS: 0.38 | Rew: 0.02 | Win%: 30.5 | S0: 175.7 | FPS: 1873.9 | Var: ddqn
Step: 1071104 | EPS: 0.38 | Rew: -0.17 | Win%: 29.0 | S0: 176.2 | FPS: 2045.9 | Var: ddqn
Step: 1072128 | EPS: 0.38 | Rew: -0.05 | Win%: 31.0 | S0: 172.2 | FPS: 1684.1 | Var: ddqn
Step: 1073152 | EPS: 0.38 | Rew: -0.10 | Win%: 31.0 | S0: 170.6 | FPS: 1669.5 | Var: ddqn
Step: 1074176 | EPS: 0.38 | Rew: -0.16 | Win%: 29.5 | S0: 169.6 | FPS: 1871.0 | Var: ddqn
Step: 1075200 | EPS: 0.38 | Rew: -0.03 | Win%: 30.0 | S0: 174.9 | FPS: 1681.1 | Var: ddqn
Step: 1076224 | EPS: 0.38 | Rew: -0.05 | Win%: 29.0 | S0: 164.4 | FPS: 1898.3 | Var: ddqn
Step: 1077248 | EPS: 0.38 | Rew: -0.17 | Win%: 29.0 | S0: 163.1 | FPS: 1804.8 | Var: ddqn
Step: 1078272 | EPS: 0.38 | Rew: 0.00 | Win%: 29.0 | S0: 170.1 | FPS: 1710.1 | Var: ddqn
Step: 1079296 | EPS: 0.38 | Rew: -0.07 | Win%: 29.5 | S0: 167.4 | FPS: 1660.0 | Var: ddqn
Step: 1080320 | EPS: 0.38 | Rew: -0.22 | Win%: 28.5 | S0: 161.9 | FPS: 1686.1 | Var: ddqn
Step: 1081344 | EPS: 0.38 | Rew: -0.22 | Win%: 29.0 | S0: 164.3 | FPS: 1919.2 | Var: ddqn
Step: 1082368 | EPS: 0.38 | Rew: -0.28 | Win%: 27.0 | S0: 160.8 | FPS: 1815.3 | Var: ddqn
Step: 1083392 | EPS: 0.38 | Rew: -0.40 | Win%: 27.5 | S0: 164.0 | FPS: 1945.1 | Var: ddqn
Step: 1084416 | EPS: 0.38 | Rew: -0.28 | Win%: 28.0 | S0: 161.4 | FPS: 1776.4 | Var: ddqn
Step: 1085440 | EPS: 0.38 | Rew: -0.28 | Win%: 26.5 | S0: 156.3 | FPS: 1935.9 | Var: ddqn
Step: 1086464 | EPS: 0.38 | Rew: -0.28 | Win%: 25.5 | S0: 161.3 | FPS: 1677.4 | Var: ddqn
Step: 1087488 | EPS: 0.38 | Rew: -0.07 | Win%: 24.5 | S0: 176.9 | FPS: 1721.1 | Var: ddqn
Step: 1088512 | EPS: 0.38 | Rew: -0.07 | Win%: 24.5 | S0: 170.4 | FPS: 1851.9 | Var: ddqn
Step: 1089536 | EPS: 0.38 | Rew: -0.08 | Win%: 25.0 | S0: 170.2 | FPS: 1851.3 | Var: ddqn
Step: 1090560 | EPS: 0.38 | Rew: -0.01 | Win%: 26.5 | S0: 175.1 | FPS: 1948.7 | Var: ddqn
Step: 1091584 | EPS: 0.38 | Rew: 0.01 | Win%: 25.5 | S0: 171.4 | FPS: 1766.6 | Var: ddqn
Step: 1092608 | EPS: 0.38 | Rew: -0.01 | Win%: 28.0 | S0: 181.8 | FPS: 1667.8 | Var: ddqn
Step: 1093632 | EPS: 0.38 | Rew: -0.08 | Win%: 26.5 | S0: 183.8 | FPS: 1968.6 | Var: ddqn
Step: 1094656 | EPS: 0.38 | Rew: -0.10 | Win%: 27.0 | S0: 181.0 | FPS: 1916.8 | Var: ddqn
Step: 1095680 | EPS: 0.38 | Rew: -0.09 | Win%: 28.0 | S0: 185.2 | FPS: 1744.9 | Var: ddqn
Step: 1096704 | EPS: 0.38 | Rew: -0.19 | Win%: 27.0 | S0: 173.3 | FPS: 1705.0 | Var: ddqn
Step: 1097728 | EPS: 0.38 | Rew: -0.22 | Win%: 28.0 | S0: 164.8 | FPS: 1622.7 | Var: ddqn
Step: 1098752 | EPS: 0.38 | Rew: -0.16 | Win%: 27.5 | S0: 168.1 | FPS: 1780.8 | Var: ddqn
Step: 1099776 | EPS: 0.38 | Rew: -0.15 | Win%: 27.5 | S0: 167.6 | FPS: 1751.5 | Var: ddqn
Step: 1100800 | EPS: 0.38 | Rew: -0.07 | Win%: 29.5 | S0: 175.8 | FPS: 1569.3 | Var: ddqn
Step: 1101824 | EPS: 0.38 | Rew: -0.06 | Win%: 26.5 | S0: 166.4 | FPS: 1771.9 | Var: ddqn
Step: 1102848 | EPS: 0.38 | Rew: -0.06 | Win%: 27.5 | S0: 163.8 | FPS: 2059.9 | Var: ddqn
Step: 1103872 | EPS: 0.38 | Rew: -0.11 | Win%: 28.0 | S0: 163.5 | FPS: 1749.7 | Var: ddqn
Step: 1104896 | EPS: 0.37 | Rew: -0.00 | Win%: 29.5 | S0: 173.9 | FPS: 1780.9 | Var: ddqn
Step: 1105920 | EPS: 0.37 | Rew: -0.02 | Win%: 29.5 | S0: 174.8 | FPS: 2192.8 | Var: ddqn
Step: 1106944 | EPS: 0.37 | Rew: 0.07 | Win%: 29.5 | S0: 183.8 | FPS: 1989.1 | Var: ddqn
Step: 1107968 | EPS: 0.37 | Rew: 0.14 | Win%: 30.5 | S0: 182.9 | FPS: 1817.0 | Var: ddqn
Step: 1108992 | EPS: 0.37 | Rew: 0.13 | Win%: 30.0 | S0: 184.0 | FPS: 1592.7 | Var: ddqn
Step: 1110016 | EPS: 0.37 | Rew: -0.06 | Win%: 27.5 | S0: 176.6 | FPS: 1892.8 | Var: ddqn
Step: 1111040 | EPS: 0.37 | Rew: 0.06 | Win%: 30.0 | S0: 185.6 | FPS: 1923.4 | Var: ddqn
Step: 1112064 | EPS: 0.37 | Rew: 0.03 | Win%: 29.0 | S0: 186.4 | FPS: 2039.7 | Var: ddqn
Step: 1113088 | EPS: 0.37 | Rew: -0.23 | Win%: 26.5 | S0: 179.1 | FPS: 1811.2 | Var: ddqn
Step: 1114112 | EPS: 0.37 | Rew: -0.25 | Win%: 26.0 | S0: 176.0 | FPS: 2031.7 | Var: ddqn
Step: 1115136 | EPS: 0.37 | Rew: -0.19 | Win%: 24.5 | S0: 164.8 | FPS: 1910.1 | Var: ddqn
Step: 1116160 | EPS: 0.37 | Rew: -0.30 | Win%: 24.0 | S0: 160.4 | FPS: 1580.0 | Var: ddqn
Step: 1117184 | EPS: 0.37 | Rew: -0.36 | Win%: 23.0 | S0: 154.2 | FPS: 1855.7 | Var: ddqn
Step: 1118208 | EPS: 0.37 | Rew: -0.32 | Win%: 21.5 | S0: 144.9 | FPS: 1847.4 | Var: ddqn
Step: 1119232 | EPS: 0.37 | Rew: -0.21 | Win%: 22.5 | S0: 151.2 | FPS: 1990.3 | Var: ddqn
Step: 1120256 | EPS: 0.37 | Rew: -0.26 | Win%: 22.0 | S0: 150.0 | FPS: 1838.3 | Var: ddqn
Step: 1121280 | EPS: 0.37 | Rew: -0.25 | Win%: 21.5 | S0: 141.7 | FPS: 2258.5 | Var: ddqn
Step: 1122304 | EPS: 0.37 | Rew: -0.16 | Win%: 23.0 | S0: 138.7 | FPS: 2167.6 | Var: ddqn
Step: 1123328 | EPS: 0.37 | Rew: -0.05 | Win%: 25.0 | S0: 155.1 | FPS: 1868.4 | Var: ddqn
Step: 1124352 | EPS: 0.37 | Rew: -0.14 | Win%: 25.5 | S0: 159.4 | FPS: 1909.9 | Var: ddqn
Step: 1125376 | EPS: 0.37 | Rew: -0.18 | Win%: 26.0 | S0: 167.5 | FPS: 1897.7 | Var: ddqn
Step: 1126400 | EPS: 0.37 | Rew: -0.21 | Win%: 24.5 | S0: 161.3 | FPS: 1909.4 | Var: ddqn
Step: 1127424 | EPS: 0.37 | Rew: -0.20 | Win%: 26.5 | S0: 175.4 | FPS: 1956.0 | Var: ddqn
Step: 1128448 | EPS: 0.37 | Rew: -0.23 | Win%: 28.0 | S0: 175.8 | FPS: 1580.3 | Var: ddqn
Step: 1129472 | EPS: 0.37 | Rew: -0.32 | Win%: 26.0 | S0: 168.8 | FPS: 1724.6 | Var: ddqn
Step: 1130496 | EPS: 0.37 | Rew: -0.31 | Win%: 25.5 | S0: 166.9 | FPS: 1894.3 | Var: ddqn
Step: 1131520 | EPS: 0.37 | Rew: -0.33 | Win%: 25.0 | S0: 164.7 | FPS: 1957.5 | Var: ddqn
Step: 1132544 | EPS: 0.37 | Rew: -0.29 | Win%: 23.5 | S0: 169.5 | FPS: 2160.6 | Var: ddqn
Step: 1133568 | EPS: 0.37 | Rew: -0.15 | Win%: 25.0 | S0: 168.0 | FPS: 2042.2 | Var: ddqn
Step: 1134592 | EPS: 0.37 | Rew: -0.03 | Win%: 25.0 | S0: 168.6 | FPS: 1925.5 | Var: ddqn
Step: 1135616 | EPS: 0.37 | Rew: -0.06 | Win%: 24.0 | S0: 158.6 | FPS: 2027.0 | Var: ddqn
Step: 1136640 | EPS: 0.37 | Rew: 0.10 | Win%: 27.0 | S0: 166.3 | FPS: 2018.7 | Var: ddqn
Step: 1137664 | EPS: 0.37 | Rew: 0.08 | Win%: 27.5 | S0: 164.4 | FPS: 1983.7 | Var: ddqn
Step: 1138688 | EPS: 0.37 | Rew: 0.05 | Win%: 29.5 | S0: 171.2 | FPS: 1967.6 | Var: ddqn
Step: 1139712 | EPS: 0.37 | Rew: 0.13 | Win%: 32.5 | S0: 179.7 | FPS: 1907.8 | Var: ddqn
Step: 1140736 | EPS: 0.37 | Rew: 0.10 | Win%: 33.0 | S0: 185.4 | FPS: 1615.2 | Var: ddqn
>>> [Best] Saved -> agent/checkpoints/ddqn_battle.pth | Win% 33.0 | S0 185.4
Step: 1141760 | EPS: 0.37 | Rew: -0.08 | Win%: 34.0 | S0: 196.3 | FPS: 1979.6 | Var: ddqn
>>> [Best] Saved -> agent/checkpoints/ddqn_battle.pth | Win% 34.0 | S0 196.3
Step: 1142784 | EPS: 0.37 | Rew: -0.04 | Win%: 34.5 | S0: 195.1 | FPS: 1854.0 | Var: ddqn
Step: 1143808 | EPS: 0.37 | Rew: 0.03 | Win%: 34.5 | S0: 210.1 | FPS: 2000.9 | Var: ddqn
>>> [Best] Saved -> agent/checkpoints/ddqn_battle.pth | Win% 34.5 | S0 210.1
Step: 1144832 | EPS: 0.37 | Rew: -0.12 | Win%: 34.5 | S0: 209.6 | FPS: 1911.1 | Var: ddqn
Step: 1145856 | EPS: 0.37 | Rew: 0.08 | Win%: 35.0 | S0: 204.4 | FPS: 1977.7 | Var: ddqn
Step: 1146880 | EPS: 0.37 | Rew: 0.07 | Win%: 33.5 | S0: 205.6 | FPS: 1772.3 | Var: ddqn
Step: 1147904 | EPS: 0.37 | Rew: -0.03 | Win%: 31.0 | S0: 197.9 | FPS: 1929.1 | Var: ddqn
Step: 1148928 | EPS: 0.37 | Rew: -0.11 | Win%: 29.0 | S0: 196.4 | FPS: 1911.5 | Var: ddqn
Step: 1149952 | EPS: 0.37 | Rew: -0.17 | Win%: 27.5 | S0: 191.7 | FPS: 1895.5 | Var: ddqn
Step: 1150976 | EPS: 0.37 | Rew: -0.07 | Win%: 27.0 | S0: 187.3 | FPS: 1915.8 | Var: ddqn
Step: 1152000 | EPS: 0.37 | Rew: -0.12 | Win%: 26.0 | S0: 185.4 | FPS: 1497.7 | Var: ddqn
Step: 1153024 | EPS: 0.37 | Rew: -0.24 | Win%: 24.5 | S0: 169.2 | FPS: 2066.3 | Var: ddqn
Step: 1154048 | EPS: 0.36 | Rew: -0.20 | Win%: 23.5 | S0: 165.9 | FPS: 1601.2 | Var: ddqn
Step: 1155072 | EPS: 0.36 | Rew: -0.16 | Win%: 23.0 | S0: 163.3 | FPS: 1959.6 | Var: ddqn
Step: 1156096 | EPS: 0.36 | Rew: -0.21 | Win%: 23.5 | S0: 176.4 | FPS: 1923.9 | Var: ddqn
Step: 1157120 | EPS: 0.36 | Rew: -0.19 | Win%: 24.5 | S0: 173.3 | FPS: 1845.1 | Var: ddqn
Step: 1158144 | EPS: 0.36 | Rew: -0.14 | Win%: 23.0 | S0: 168.1 | FPS: 2012.8 | Var: ddqn
Step: 1159168 | EPS: 0.36 | Rew: -0.12 | Win%: 24.5 | S0: 173.1 | FPS: 1876.9 | Var: ddqn
Step: 1160192 | EPS: 0.36 | Rew: -0.04 | Win%: 27.5 | S0: 184.7 | FPS: 1681.7 | Var: ddqn
Step: 1161216 | EPS: 0.36 | Rew: -0.07 | Win%: 27.0 | S0: 182.1 | FPS: 2019.8 | Var: ddqn
Step: 1162240 | EPS: 0.36 | Rew: -0.17 | Win%: 26.5 | S0: 178.1 | FPS: 1830.4 | Var: ddqn
Step: 1163264 | EPS: 0.36 | Rew: -0.18 | Win%: 25.5 | S0: 177.8 | FPS: 1983.3 | Var: ddqn
Step: 1164288 | EPS: 0.36 | Rew: -0.09 | Win%: 27.5 | S0: 181.4 | FPS: 2066.3 | Var: ddqn
Step: 1165312 | EPS: 0.36 | Rew: -0.09 | Win%: 28.5 | S0: 188.9 | FPS: 1875.0 | Var: ddqn
Step: 1166336 | EPS: 0.36 | Rew: -0.15 | Win%: 27.5 | S0: 175.7 | FPS: 1941.4 | Var: ddqn
Step: 1167360 | EPS: 0.36 | Rew: -0.04 | Win%: 27.5 | S0: 175.1 | FPS: 1961.0 | Var: ddqn
Step: 1168384 | EPS: 0.36 | Rew: -0.01 | Win%: 27.0 | S0: 178.8 | FPS: 1764.6 | Var: ddqn
Step: 1169408 | EPS: 0.36 | Rew: -0.03 | Win%: 26.5 | S0: 170.7 | FPS: 2065.7 | Var: ddqn
Step: 1170432 | EPS: 0.36 | Rew: -0.17 | Win%: 24.5 | S0: 162.4 | FPS: 2060.7 | Var: ddqn
Step: 1171456 | EPS: 0.36 | Rew: -0.07 | Win%: 26.5 | S0: 176.8 | FPS: 1994.4 | Var: ddqn
Step: 1172480 | EPS: 0.36 | Rew: -0.05 | Win%: 26.5 | S0: 178.8 | FPS: 2052.4 | Var: ddqn
Step: 1173504 | EPS: 0.36 | Rew: -0.10 | Win%: 26.0 | S0: 172.7 | FPS: 1919.0 | Var: ddqn
Step: 1174528 | EPS: 0.36 | Rew: -0.08 | Win%: 26.5 | S0: 176.1 | FPS: 1733.8 | Var: ddqn
Step: 1175552 | EPS: 0.36 | Rew: -0.11 | Win%: 24.5 | S0: 163.3 | FPS: 1869.2 | Var: ddqn
Step: 1176576 | EPS: 0.36 | Rew: -0.27 | Win%: 24.0 | S0: 165.6 | FPS: 1894.4 | Var: ddqn
Step: 1177600 | EPS: 0.36 | Rew: -0.24 | Win%: 23.0 | S0: 161.6 | FPS: 1937.2 | Var: ddqn
Step: 1178624 | EPS: 0.36 | Rew: -0.22 | Win%: 22.0 | S0: 159.2 | FPS: 1792.4 | Var: ddqn
Step: 1179648 | EPS: 0.36 | Rew: -0.20 | Win%: 22.5 | S0: 162.8 | FPS: 1783.6 | Var: ddqn
Step: 1180672 | EPS: 0.36 | Rew: -0.22 | Win%: 20.5 | S0: 150.8 | FPS: 1810.8 | Var: ddqn
Step: 1181696 | EPS: 0.36 | Rew: -0.21 | Win%: 20.5 | S0: 148.0 | FPS: 1936.2 | Var: ddqn
Step: 1182720 | EPS: 0.36 | Rew: -0.21 | Win%: 21.0 | S0: 149.9 | FPS: 1880.5 | Var: ddqn
Step: 1183744 | EPS: 0.36 | Rew: -0.19 | Win%: 21.0 | S0: 155.2 | FPS: 1663.2 | Var: ddqn
Step: 1184768 | EPS: 0.36 | Rew: -0.20 | Win%: 21.5 | S0: 159.2 | FPS: 1950.8 | Var: ddqn
Step: 1185792 | EPS: 0.36 | Rew: -0.11 | Win%: 23.5 | S0: 167.2 | FPS: 1806.6 | Var: ddqn
Step: 1186816 | EPS: 0.36 | Rew: -0.17 | Win%: 23.5 | S0: 163.9 | FPS: 1898.9 | Var: ddqn
Step: 1187840 | EPS: 0.36 | Rew: -0.21 | Win%: 25.5 | S0: 162.1 | FPS: 1747.8 | Var: ddqn
Step: 1188864 | EPS: 0.36 | Rew: -0.20 | Win%: 24.5 | S0: 166.2 | FPS: 1880.8 | Var: ddqn
Step: 1189888 | EPS: 0.36 | Rew: -0.10 | Win%: 26.0 | S0: 181.8 | FPS: 1755.7 | Var: ddqn
Step: 1190912 | EPS: 0.36 | Rew: -0.08 | Win%: 26.5 | S0: 184.2 | FPS: 1847.1 | Var: ddqn
Step: 1191936 | EPS: 0.36 | Rew: 0.09 | Win%: 28.0 | S0: 192.7 | FPS: 2127.4 | Var: ddqn
Step: 1192960 | EPS: 0.36 | Rew: 0.02 | Win%: 26.5 | S0: 181.6 | FPS: 1801.4 | Var: ddqn
Step: 1193984 | EPS: 0.36 | Rew: 0.04 | Win%: 27.5 | S0: 188.8 | FPS: 1889.4 | Var: ddqn
Step: 1195008 | EPS: 0.36 | Rew: 0.03 | Win%: 26.5 | S0: 185.6 | FPS: 1957.4 | Var: ddqn
Step: 1196032 | EPS: 0.36 | Rew: 0.01 | Win%: 27.0 | S0: 185.2 | FPS: 2058.0 | Var: ddqn
Step: 1197056 | EPS: 0.36 | Rew: -0.05 | Win%: 28.5 | S0: 194.9 | FPS: 1587.1 | Var: ddqn
Step: 1198080 | EPS: 0.36 | Rew: 0.14 | Win%: 30.5 | S0: 206.6 | FPS: 1952.5 | Var: ddqn
Step: 1199104 | EPS: 0.36 | Rew: 0.18 | Win%: 31.0 | S0: 218.5 | FPS: 2003.9 | Var: ddqn
>>> [Best] Saved -> agent/checkpoints/ddqn_battle.pth | Win% 31.0 | S0 218.5
Step: 1200128 | EPS: 0.36 | Rew: 0.23 | Win%: 31.5 | S0: 211.0 | FPS: 1852.8 | Var: ddqn
Step: 1201152 | EPS: 0.36 | Rew: 0.15 | Win%: 28.5 | S0: 214.0 | FPS: 1728.2 | Var: ddqn
Step: 1202176 | EPS: 0.36 | Rew: 0.08 | Win%: 30.5 | S0: 219.7 | FPS: 1839.4 | Var: ddqn
Step: 1203200 | EPS: 0.35 | Rew: -0.05 | Win%: 29.5 | S0: 215.5 | FPS: 1767.4 | Var: ddqn
Step: 1204224 | EPS: 0.35 | Rew: -0.09 | Win%: 30.5 | S0: 218.8 | FPS: 1672.4 | Var: ddqn
Step: 1205248 | EPS: 0.35 | Rew: -0.04 | Win%: 30.0 | S0: 214.7 | FPS: 1765.1 | Var: ddqn
Step: 1206272 | EPS: 0.35 | Rew: -0.10 | Win%: 28.0 | S0: 204.2 | FPS: 1984.4 | Var: ddqn
Step: 1207296 | EPS: 0.35 | Rew: -0.15 | Win%: 26.0 | S0: 197.9 | FPS: 2049.1 | Var: ddqn
Step: 1208320 | EPS: 0.35 | Rew: -0.13 | Win%: 24.5 | S0: 185.4 | FPS: 1705.3 | Var: ddqn
Step: 1209344 | EPS: 0.35 | Rew: -0.22 | Win%: 25.0 | S0: 189.2 | FPS: 1918.4 | Var: ddqn
Step: 1210368 | EPS: 0.35 | Rew: -0.16 | Win%: 26.0 | S0: 185.9 | FPS: 1830.9 | Var: ddqn
Step: 1211392 | EPS: 0.35 | Rew: -0.11 | Win%: 26.0 | S0: 179.6 | FPS: 1698.0 | Var: ddqn
Step: 1212416 | EPS: 0.35 | Rew: -0.06 | Win%: 26.5 | S0: 179.9 | FPS: 1986.0 | Var: ddqn
Step: 1213440 | EPS: 0.35 | Rew: 0.03 | Win%: 26.5 | S0: 192.2 | FPS: 1847.5 | Var: ddqn
Step: 1214464 | EPS: 0.35 | Rew: 0.03 | Win%: 26.0 | S0: 189.8 | FPS: 1807.9 | Var: ddqn
Step: 1215488 | EPS: 0.35 | Rew: 0.01 | Win%: 27.5 | S0: 192.8 | FPS: 1549.7 | Var: ddqn
Step: 1216512 | EPS: 0.35 | Rew: 0.17 | Win%: 29.0 | S0: 205.8 | FPS: 1987.7 | Var: ddqn
Step: 1217536 | EPS: 0.35 | Rew: 0.06 | Win%: 27.5 | S0: 204.2 | FPS: 1928.4 | Var: ddqn
Step: 1218560 | EPS: 0.35 | Rew: -0.03 | Win%: 27.5 | S0: 196.6 | FPS: 1873.9 | Var: ddqn
Step: 1219584 | EPS: 0.35 | Rew: 0.00 | Win%: 28.5 | S0: 202.2 | FPS: 1757.0 | Var: ddqn
Step: 1220608 | EPS: 0.35 | Rew: 0.17 | Win%: 30.0 | S0: 216.2 | FPS: 1948.2 | Var: ddqn
Step: 1221632 | EPS: 0.35 | Rew: 0.16 | Win%: 30.5 | S0: 215.0 | FPS: 1962.7 | Var: ddqn
Step: 1222656 | EPS: 0.35 | Rew: 0.07 | Win%: 28.0 | S0: 204.7 | FPS: 1814.5 | Var: ddqn
Step: 1223680 | EPS: 0.35 | Rew: 0.03 | Win%: 26.5 | S0: 195.3 | FPS: 1845.9 | Var: ddqn
Step: 1224704 | EPS: 0.35 | Rew: 0.12 | Win%: 29.0 | S0: 201.3 | FPS: 1777.0 | Var: ddqn
Step: 1225728 | EPS: 0.35 | Rew: -0.12 | Win%: 27.5 | S0: 196.4 | FPS: 1841.9 | Var: ddqn
Step: 1226752 | EPS: 0.35 | Rew: -0.16 | Win%: 28.0 | S0: 190.0 | FPS: 1962.1 | Var: ddqn
Step: 1227776 | EPS: 0.35 | Rew: -0.05 | Win%: 29.0 | S0: 185.7 | FPS: 2018.9 | Var: ddqn
Step: 1228800 | EPS: 0.35 | Rew: -0.04 | Win%: 29.5 | S0: 187.0 | FPS: 1880.8 | Var: ddqn
Step: 1229824 | EPS: 0.35 | Rew: -0.21 | Win%: 28.5 | S0: 181.2 | FPS: 2043.5 | Var: ddqn
Step: 1230848 | EPS: 0.35 | Rew: -0.24 | Win%: 27.5 | S0: 171.3 | FPS: 1642.7 | Var: ddqn
Step: 1231872 | EPS: 0.35 | Rew: -0.23 | Win%: 26.5 | S0: 154.7 | FPS: 1976.6 | Var: ddqn
Step: 1232896 | EPS: 0.35 | Rew: -0.21 | Win%: 26.5 | S0: 155.2 | FPS: 1883.5 | Var: ddqn
Step: 1233920 | EPS: 0.35 | Rew: -0.16 | Win%: 28.0 | S0: 164.7 | FPS: 1763.9 | Var: ddqn
Step: 1234944 | EPS: 0.35 | Rew: -0.04 | Win%: 27.5 | S0: 164.8 | FPS: 1511.0 | Var: ddqn
Step: 1235968 | EPS: 0.35 | Rew: -0.08 | Win%: 25.5 | S0: 153.6 | FPS: 1703.0 | Var: ddqn
Step: 1236992 | EPS: 0.35 | Rew: -0.03 | Win%: 26.0 | S0: 160.1 | FPS: 1970.1 | Var: ddqn
Step: 1238016 | EPS: 0.35 | Rew: -0.04 | Win%: 24.5 | S0: 159.6 | FPS: 2006.8 | Var: ddqn
Step: 1239040 | EPS: 0.35 | Rew: -0.08 | Win%: 23.5 | S0: 161.7 | FPS: 1902.8 | Var: ddqn
Step: 1240064 | EPS: 0.35 | Rew: 0.03 | Win%: 27.0 | S0: 177.8 | FPS: 1938.8 | Var: ddqn
Step: 1241088 | EPS: 0.35 | Rew: 0.02 | Win%: 25.5 | S0: 174.6 | FPS: 1822.5 | Var: ddqn
Step: 1242112 | EPS: 0.35 | Rew: 0.02 | Win%: 25.5 | S0: 176.8 | FPS: 2042.3 | Var: ddqn
Step: 1243136 | EPS: 0.35 | Rew: -0.04 | Win%: 25.0 | S0: 175.7 | FPS: 1703.2 | Var: ddqn
Step: 1244160 | EPS: 0.35 | Rew: -0.03 | Win%: 26.0 | S0: 174.2 | FPS: 1982.0 | Var: ddqn
Step: 1245184 | EPS: 0.35 | Rew: -0.07 | Win%: 27.0 | S0: 183.4 | FPS: 1843.4 | Var: ddqn
Step: 1246208 | EPS: 0.35 | Rew: -0.12 | Win%: 25.5 | S0: 177.8 | FPS: 1471.7 | Var: ddqn
Step: 1247232 | EPS: 0.35 | Rew: -0.19 | Win%: 25.5 | S0: 173.4 | FPS: 1762.9 | Var: ddqn
Step: 1248256 | EPS: 0.35 | Rew: -0.17 | Win%: 25.5 | S0: 176.6 | FPS: 1921.0 | Var: ddqn
Step: 1249280 | EPS: 0.35 | Rew: -0.14 | Win%: 26.0 | S0: 174.2 | FPS: 1845.5 | Var: ddqn
Step: 1250304 | EPS: 0.35 | Rew: -0.41 | Win%: 24.5 | S0: 169.9 | FPS: 1613.4 | Var: ddqn
Step: 1251328 | EPS: 0.35 | Rew: -0.35 | Win%: 24.0 | S0: 163.5 | FPS: 1865.7 | Var: ddqn
Step: 1252352 | EPS: 0.34 | Rew: -0.35 | Win%: 23.0 | S0: 159.5 | FPS: 1822.5 | Var: ddqn
Step: 1253376 | EPS: 0.34 | Rew: -0.49 | Win%: 23.5 | S0: 158.4 | FPS: 1852.6 | Var: ddqn
Step: 1254400 | EPS: 0.34 | Rew: -0.52 | Win%: 22.5 | S0: 156.1 | FPS: 1873.6 | Var: ddqn
Step: 1255424 | EPS: 0.34 | Rew: -0.42 | Win%: 21.0 | S0: 144.2 | FPS: 2023.7 | Var: ddqn
Step: 1256448 | EPS: 0.34 | Rew: -0.34 | Win%: 21.5 | S0: 152.0 | FPS: 1895.7 | Var: ddqn
Step: 1257472 | EPS: 0.34 | Rew: -0.37 | Win%: 22.5 | S0: 160.0 | FPS: 1837.0 | Var: ddqn
Step: 1258496 | EPS: 0.34 | Rew: -0.14 | Win%: 23.5 | S0: 157.3 | FPS: 1842.0 | Var: ddqn
Step: 1259520 | EPS: 0.34 | Rew: 0.00 | Win%: 24.5 | S0: 158.8 | FPS: 1910.4 | Var: ddqn
Step: 1260544 | EPS: 0.34 | Rew: 0.01 | Win%: 24.5 | S0: 164.7 | FPS: 1824.5 | Var: ddqn
Step: 1261568 | EPS: 0.34 | Rew: -0.02 | Win%: 25.0 | S0: 164.6 | FPS: 1745.3 | Var: ddqn
Step: 1262592 | EPS: 0.34 | Rew: 0.06 | Win%: 27.0 | S0: 170.9 | FPS: 1791.9 | Var: ddqn
Step: 1263616 | EPS: 0.34 | Rew: -0.00 | Win%: 27.5 | S0: 176.9 | FPS: 1797.0 | Var: ddqn
Step: 1264640 | EPS: 0.34 | Rew: 0.10 | Win%: 30.0 | S0: 186.2 | FPS: 1991.5 | Var: ddqn
Step: 1265664 | EPS: 0.34 | Rew: 0.13 | Win%: 31.0 | S0: 188.5 | FPS: 1920.4 | Var: ddqn
Step: 1266688 | EPS: 0.34 | Rew: 0.25 | Win%: 32.5 | S0: 192.9 | FPS: 2413.9 | Var: ddqn
Step: 1267712 | EPS: 0.34 | Rew: 0.24 | Win%: 33.5 | S0: 193.8 | FPS: 1964.0 | Var: ddqn
Step: 1268736 | EPS: 0.34 | Rew: 0.10 | Win%: 32.0 | S0: 190.6 | FPS: 1903.2 | Var: ddqn
Step: 1269760 | EPS: 0.34 | Rew: -0.01 | Win%: 30.5 | S0: 193.6 | FPS: 1802.6 | Var: ddqn
Step: 1270784 | EPS: 0.34 | Rew: 0.04 | Win%: 32.0 | S0: 201.4 | FPS: 2016.5 | Var: ddqn
Step: 1271808 | EPS: 0.34 | Rew: 0.12 | Win%: 32.0 | S0: 206.7 | FPS: 1889.7 | Var: ddqn
Step: 1272832 | EPS: 0.34 | Rew: 0.02 | Win%: 30.0 | S0: 204.6 | FPS: 1808.7 | Var: ddqn
Step: 1273856 | EPS: 0.34 | Rew: 0.07 | Win%: 29.0 | S0: 205.6 | FPS: 2018.6 | Var: ddqn
Step: 1274880 | EPS: 0.34 | Rew: -0.06 | Win%: 27.5 | S0: 193.7 | FPS: 2007.6 | Var: ddqn
Step: 1275904 | EPS: 0.34 | Rew: -0.16 | Win%: 25.0 | S0: 191.3 | FPS: 2130.5 | Var: ddqn
Step: 1276928 | EPS: 0.34 | Rew: -0.23 | Win%: 25.5 | S0: 196.3 | FPS: 1812.9 | Var: ddqn
Step: 1277952 | EPS: 0.34 | Rew: -0.15 | Win%: 25.5 | S0: 193.6 | FPS: 1716.2 | Var: ddqn
Step: 1278976 | EPS: 0.34 | Rew: -0.10 | Win%: 26.5 | S0: 197.7 | FPS: 2032.4 | Var: ddqn
Step: 1280000 | EPS: 0.34 | Rew: -0.10 | Win%: 26.0 | S0: 193.4 | FPS: 2015.2 | Var: ddqn
Step: 1281024 | EPS: 0.34 | Rew: -0.04 | Win%: 26.5 | S0: 194.8 | FPS: 1837.2 | Var: ddqn
Step: 1282048 | EPS: 0.34 | Rew: 0.11 | Win%: 25.0 | S0: 195.2 | FPS: 2113.5 | Var: ddqn
Step: 1283072 | EPS: 0.34 | Rew: -0.24 | Win%: 24.0 | S0: 184.9 | FPS: 2338.9 | Var: ddqn
Step: 1284096 | EPS: 0.34 | Rew: -0.23 | Win%: 24.0 | S0: 186.4 | FPS: 1868.5 | Var: ddqn
Step: 1285120 | EPS: 0.34 | Rew: -0.21 | Win%: 25.5 | S0: 190.8 | FPS: 1905.3 | Var: ddqn
Step: 1286144 | EPS: 0.34 | Rew: -0.16 | Win%: 26.0 | S0: 197.1 | FPS: 1693.2 | Var: ddqn
Step: 1287168 | EPS: 0.34 | Rew: -0.23 | Win%: 26.5 | S0: 195.0 | FPS: 1799.7 | Var: ddqn
Step: 1288192 | EPS: 0.34 | Rew: -0.24 | Win%: 24.0 | S0: 188.2 | FPS: 1898.6 | Var: ddqn
Step: 1289216 | EPS: 0.34 | Rew: -0.03 | Win%: 24.0 | S0: 194.3 | FPS: 1845.8 | Var: ddqn
Step: 1290240 | EPS: 0.34 | Rew: -0.14 | Win%: 23.5 | S0: 189.2 | FPS: 1992.2 | Var: ddqn
Step: 1291264 | EPS: 0.34 | Rew: -0.18 | Win%: 23.0 | S0: 181.0 | FPS: 1879.5 | Var: ddqn
Step: 1292288 | EPS: 0.34 | Rew: -0.21 | Win%: 22.5 | S0: 170.9 | FPS: 1942.2 | Var: ddqn
Step: 1293312 | EPS: 0.34 | Rew: -0.21 | Win%: 23.0 | S0: 171.1 | FPS: 2153.8 | Var: ddqn
Step: 1294336 | EPS: 0.34 | Rew: -0.34 | Win%: 23.5 | S0: 170.2 | FPS: 2145.9 | Var: ddqn
Step: 1295360 | EPS: 0.34 | Rew: -0.20 | Win%: 24.5 | S0: 170.9 | FPS: 1952.8 | Var: ddqn
Step: 1296384 | EPS: 0.34 | Rew: -0.22 | Win%: 23.5 | S0: 166.7 | FPS: 1689.1 | Var: ddqn
Step: 1297408 | EPS: 0.34 | Rew: -0.16 | Win%: 23.5 | S0: 170.8 | FPS: 1716.9 | Var: ddqn
Step: 1298432 | EPS: 0.34 | Rew: -0.01 | Win%: 27.0 | S0: 175.3 | FPS: 1870.4 | Var: ddqn
Step: 1299456 | EPS: 0.34 | Rew: -0.01 | Win%: 25.5 | S0: 165.8 | FPS: 1945.4 | Var: ddqn
Step: 1300480 | EPS: 0.34 | Rew: 0.02 | Win%: 28.5 | S0: 180.7 | FPS: 1913.8 | Var: ddqn
Step: 1301504 | EPS: 0.33 | Rew: 0.02 | Win%: 29.0 | S0: 181.8 | FPS: 1790.5 | Var: ddqn
Step: 1302528 | EPS: 0.33 | Rew: 0.01 | Win%: 29.0 | S0: 178.9 | FPS: 1844.0 | Var: ddqn
Step: 1303552 | EPS: 0.33 | Rew: 0.01 | Win%: 29.0 | S0: 188.8 | FPS: 1981.8 | Var: ddqn
Step: 1304576 | EPS: 0.33 | Rew: 0.02 | Win%: 30.0 | S0: 198.3 | FPS: 2153.5 | Var: ddqn
Step: 1305600 | EPS: 0.33 | Rew: -0.12 | Win%: 27.5 | S0: 192.2 | FPS: 1962.6 | Var: ddqn
Step: 1306624 | EPS: 0.33 | Rew: 0.05 | Win%: 30.5 | S0: 210.1 | FPS: 2043.2 | Var: ddqn
Step: 1307648 | EPS: 0.33 | Rew: 0.00 | Win%: 30.0 | S0: 203.3 | FPS: 1928.3 | Var: ddqn
Step: 1308672 | EPS: 0.33 | Rew: -0.08 | Win%: 27.0 | S0: 194.1 | FPS: 2009.3 | Var: ddqn
Step: 1309696 | EPS: 0.33 | Rew: -0.14 | Win%: 27.0 | S0: 196.9 | FPS: 2051.5 | Var: ddqn
Step: 1310720 | EPS: 0.33 | Rew: -0.15 | Win%: 25.5 | S0: 189.5 | FPS: 2176.4 | Var: ddqn
Step: 1311744 | EPS: 0.33 | Rew: -0.21 | Win%: 26.0 | S0: 191.6 | FPS: 1832.4 | Var: ddqn
Step: 1312768 | EPS: 0.33 | Rew: -0.26 | Win%: 24.0 | S0: 185.0 | FPS: 2099.2 | Var: ddqn
Step: 1313792 | EPS: 0.33 | Rew: -0.28 | Win%: 23.0 | S0: 174.4 | FPS: 1653.8 | Var: ddqn
Step: 1314816 | EPS: 0.33 | Rew: -0.16 | Win%: 23.0 | S0: 167.9 | FPS: 1713.3 | Var: ddqn
Step: 1315840 | EPS: 0.33 | Rew: -0.22 | Win%: 24.0 | S0: 176.9 | FPS: 1792.6 | Var: ddqn
Step: 1316864 | EPS: 0.33 | Rew: -0.35 | Win%: 21.0 | S0: 158.8 | FPS: 1932.1 | Var: ddqn
Step: 1317888 | EPS: 0.33 | Rew: -0.26 | Win%: 20.5 | S0: 154.4 | FPS: 1990.8 | Var: ddqn
Step: 1318912 | EPS: 0.33 | Rew: -0.24 | Win%: 21.0 | S0: 155.6 | FPS: 1759.8 | Var: ddqn
Step: 1319936 | EPS: 0.33 | Rew: -0.24 | Win%: 21.0 | S0: 160.9 | FPS: 1881.1 | Var: ddqn
Step: 1320960 | EPS: 0.33 | Rew: -0.21 | Win%: 20.5 | S0: 165.1 | FPS: 1834.3 | Var: ddqn
Step: 1321984 | EPS: 0.33 | Rew: -0.17 | Win%: 21.0 | S0: 170.2 | FPS: 1999.5 | Var: ddqn
Step: 1323008 | EPS: 0.33 | Rew: -0.09 | Win%: 22.5 | S0: 173.8 | FPS: 2132.7 | Var: ddqn
Step: 1324032 | EPS: 0.33 | Rew: -0.03 | Win%: 25.5 | S0: 182.9 | FPS: 1792.5 | Var: ddqn
Step: 1325056 | EPS: 0.33 | Rew: -0.07 | Win%: 24.0 | S0: 182.6 | FPS: 1743.8 | Var: ddqn
Step: 1326080 | EPS: 0.33 | Rew: -0.04 | Win%: 25.0 | S0: 180.9 | FPS: 1895.5 | Var: ddqn
Step: 1327104 | EPS: 0.33 | Rew: -0.04 | Win%: 24.5 | S0: 176.3 | FPS: 1872.7 | Var: ddqn
Step: 1328128 | EPS: 0.33 | Rew: -0.03 | Win%: 26.0 | S0: 188.7 | FPS: 1884.7 | Var: ddqn
Step: 1329152 | EPS: 0.33 | Rew: 0.01 | Win%: 28.0 | S0: 198.7 | FPS: 2045.2 | Var: ddqn
Step: 1330176 | EPS: 0.33 | Rew: -0.02 | Win%: 27.0 | S0: 192.1 | FPS: 2056.3 | Var: ddqn
Step: 1331200 | EPS: 0.33 | Rew: 0.08 | Win%: 29.5 | S0: 190.7 | FPS: 1808.6 | Var: ddqn
Step: 1332224 | EPS: 0.33 | Rew: 0.13 | Win%: 30.0 | S0: 195.7 | FPS: 1793.4 | Var: ddqn
Step: 1333248 | EPS: 0.33 | Rew: 0.00 | Win%: 27.5 | S0: 177.8 | FPS: 1905.6 | Var: ddqn
Step: 1334272 | EPS: 0.33 | Rew: 0.08 | Win%: 27.0 | S0: 187.0 | FPS: 1862.1 | Var: ddqn
Step: 1335296 | EPS: 0.33 | Rew: 0.12 | Win%: 27.5 | S0: 191.0 | FPS: 1965.0 | Var: ddqn
Step: 1336320 | EPS: 0.33 | Rew: 0.09 | Win%: 28.0 | S0: 197.8 | FPS: 1842.1 | Var: ddqn
Step: 1337344 | EPS: 0.33 | Rew: 0.06 | Win%: 28.0 | S0: 198.2 | FPS: 1986.0 | Var: ddqn
Step: 1338368 | EPS: 0.33 | Rew: 0.12 | Win%: 28.0 | S0: 193.4 | FPS: 1896.4 | Var: ddqn
Step: 1339392 | EPS: 0.33 | Rew: -0.06 | Win%: 26.0 | S0: 180.4 | FPS: 1839.0 | Var: ddqn
Step: 1340416 | EPS: 0.33 | Rew: 0.02 | Win%: 28.5 | S0: 191.5 | FPS: 1942.6 | Var: ddqn
Step: 1341440 | EPS: 0.33 | Rew: 0.00 | Win%: 27.5 | S0: 187.5 | FPS: 1928.5 | Var: ddqn
Step: 1342464 | EPS: 0.33 | Rew: -0.09 | Win%: 27.0 | S0: 186.6 | FPS: 1982.2 | Var: ddqn
Step: 1343488 | EPS: 0.33 | Rew: -0.08 | Win%: 27.0 | S0: 190.3 | FPS: 1805.4 | Var: ddqn
Step: 1344512 | EPS: 0.33 | Rew: -0.10 | Win%: 26.5 | S0: 180.8 | FPS: 1705.6 | Var: ddqn
Step: 1345536 | EPS: 0.33 | Rew: -0.17 | Win%: 25.5 | S0: 179.1 | FPS: 1783.0 | Var: ddqn
Step: 1346560 | EPS: 0.33 | Rew: -0.19 | Win%: 27.0 | S0: 189.6 | FPS: 1965.6 | Var: ddqn
Step: 1347584 | EPS: 0.33 | Rew: -0.23 | Win%: 25.0 | S0: 185.1 | FPS: 2012.5 | Var: ddqn
Step: 1348608 | EPS: 0.33 | Rew: -0.25 | Win%: 23.5 | S0: 176.1 | FPS: 1922.2 | Var: ddqn
Step: 1349632 | EPS: 0.33 | Rew: -0.35 | Win%: 23.5 | S0: 169.0 | FPS: 1762.0 | Var: ddqn
Step: 1350656 | EPS: 0.32 | Rew: -0.30 | Win%: 23.5 | S0: 173.6 | FPS: 1855.5 | Var: ddqn
Step: 1351680 | EPS: 0.32 | Rew: -0.39 | Win%: 22.0 | S0: 171.7 | FPS: 1573.4 | Var: ddqn
Step: 1352704 | EPS: 0.32 | Rew: -0.38 | Win%: 20.5 | S0: 171.1 | FPS: 1507.0 | Var: ddqn
Step: 1353728 | EPS: 0.32 | Rew: -0.24 | Win%: 23.5 | S0: 176.2 | FPS: 1857.9 | Var: ddqn
Step: 1354752 | EPS: 0.32 | Rew: -0.11 | Win%: 24.0 | S0: 176.3 | FPS: 1758.9 | Var: ddqn
Step: 1355776 | EPS: 0.32 | Rew: 0.01 | Win%: 25.5 | S0: 185.8 | FPS: 1532.3 | Var: ddqn
Step: 1356800 | EPS: 0.32 | Rew: 0.14 | Win%: 27.0 | S0: 194.6 | FPS: 1656.6 | Var: ddqn
Step: 1357824 | EPS: 0.32 | Rew: 0.18 | Win%: 26.0 | S0: 189.6 | FPS: 1994.8 | Var: ddqn
Step: 1358848 | EPS: 0.32 | Rew: 0.28 | Win%: 28.5 | S0: 196.4 | FPS: 1836.6 | Var: ddqn
Step: 1359872 | EPS: 0.32 | Rew: 0.18 | Win%: 31.0 | S0: 207.3 | FPS: 1866.5 | Var: ddqn
Step: 1360896 | EPS: 0.32 | Rew: 0.17 | Win%: 31.0 | S0: 213.1 | FPS: 1835.3 | Var: ddqn
Step: 1361920 | EPS: 0.32 | Rew: 0.12 | Win%: 31.5 | S0: 218.4 | FPS: 1755.8 | Var: ddqn
Step: 1362944 | EPS: 0.32 | Rew: 0.00 | Win%: 32.5 | S0: 217.9 | FPS: 2031.8 | Var: ddqn
>>> [Best] Saved -> agent/checkpoints/ddqn_battle.pth | Win% 32.5 | S0 217.9
Step: 1363968 | EPS: 0.32 | Rew: -0.20 | Win%: 31.5 | S0: 210.9 | FPS: 1803.8 | Var: ddqn
Step: 1364992 | EPS: 0.32 | Rew: -0.13 | Win%: 33.0 | S0: 214.6 | FPS: 1881.5 | Var: ddqn
Step: 1366016 | EPS: 0.32 | Rew: 0.02 | Win%: 34.0 | S0: 217.4 | FPS: 1657.6 | Var: ddqn
>>> [Best] Saved -> agent/checkpoints/ddqn_battle.pth | Win% 34.0 | S0 217.4
Step: 1367040 | EPS: 0.32 | Rew: -0.05 | Win%: 33.0 | S0: 206.9 | FPS: 1736.2 | Var: ddqn
Step: 1368064 | EPS: 0.32 | Rew: 0.04 | Win%: 31.5 | S0: 197.2 | FPS: 1788.5 | Var: ddqn
Step: 1369088 | EPS: 0.32 | Rew: 0.06 | Win%: 30.0 | S0: 189.5 | FPS: 1852.5 | Var: ddqn
Step: 1370112 | EPS: 0.32 | Rew: 0.10 | Win%: 31.0 | S0: 194.1 | FPS: 1592.4 | Var: ddqn
Step: 1371136 | EPS: 0.32 | Rew: 0.13 | Win%: 33.0 | S0: 198.2 | FPS: 2038.4 | Var: ddqn
Step: 1372160 | EPS: 0.32 | Rew: 0.14 | Win%: 34.0 | S0: 196.3 | FPS: 1892.2 | Var: ddqn
Step: 1373184 | EPS: 0.32 | Rew: 0.22 | Win%: 34.5 | S0: 202.6 | FPS: 2015.6 | Var: ddqn
Step: 1374208 | EPS: 0.32 | Rew: 0.31 | Win%: 36.0 | S0: 211.1 | FPS: 1672.4 | Var: ddqn
Step: 1375232 | EPS: 0.32 | Rew: 0.23 | Win%: 35.0 | S0: 214.0 | FPS: 1938.1 | Var: ddqn
Step: 1376256 | EPS: 0.32 | Rew: 0.10 | Win%: 34.0 | S0: 210.2 | FPS: 1948.0 | Var: ddqn
Step: 1377280 | EPS: 0.32 | Rew: 0.02 | Win%: 35.0 | S0: 209.4 | FPS: 1820.6 | Var: ddqn
Step: 1378304 | EPS: 0.32 | Rew: -0.06 | Win%: 36.0 | S0: 207.5 | FPS: 1566.6 | Var: ddqn
Step: 1379328 | EPS: 0.32 | Rew: -0.11 | Win%: 36.0 | S0: 203.8 | FPS: 1847.6 | Var: ddqn
Step: 1380352 | EPS: 0.32 | Rew: -0.05 | Win%: 36.0 | S0: 205.1 | FPS: 1872.1 | Var: ddqn
Step: 1381376 | EPS: 0.32 | Rew: -0.07 | Win%: 34.5 | S0: 200.4 | FPS: 1786.8 | Var: ddqn
Step: 1382400 | EPS: 0.32 | Rew: -0.10 | Win%: 32.5 | S0: 195.2 | FPS: 1865.8 | Var: ddqn
Step: 1383424 | EPS: 0.32 | Rew: 0.09 | Win%: 33.0 | S0: 194.9 | FPS: 1983.1 | Var: ddqn
Step: 1384448 | EPS: 0.32 | Rew: 0.00 | Win%: 32.5 | S0: 186.7 | FPS: 1917.6 | Var: ddqn
Step: 1385472 | EPS: 0.32 | Rew: -0.09 | Win%: 29.0 | S0: 172.6 | FPS: 1738.7 | Var: ddqn
Step: 1386496 | EPS: 0.32 | Rew: -0.05 | Win%: 31.0 | S0: 179.9 | FPS: 2063.3 | Var: ddqn
Step: 1387520 | EPS: 0.32 | Rew: 0.03 | Win%: 31.0 | S0: 183.6 | FPS: 1905.2 | Var: ddqn
Step: 1388544 | EPS: 0.32 | Rew: -0.13 | Win%: 29.0 | S0: 177.2 | FPS: 1832.4 | Var: ddqn
Step: 1389568 | EPS: 0.32 | Rew: -0.14 | Win%: 28.5 | S0: 177.0 | FPS: 1973.3 | Var: ddqn
Step: 1390592 | EPS: 0.32 | Rew: -0.05 | Win%: 28.5 | S0: 174.2 | FPS: 1943.2 | Var: ddqn
Step: 1391616 | EPS: 0.32 | Rew: -0.02 | Win%: 30.5 | S0: 180.8 | FPS: 1741.2 | Var: ddqn
Step: 1392640 | EPS: 0.32 | Rew: 0.07 | Win%: 33.5 | S0: 190.8 | FPS: 2017.6 | Var: ddqn
Step: 1393664 | EPS: 0.32 | Rew: 0.27 | Win%: 33.0 | S0: 188.6 | FPS: 1789.5 | Var: ddqn
Step: 1394688 | EPS: 0.32 | Rew: 0.28 | Win%: 34.0 | S0: 194.7 | FPS: 1744.6 | Var: ddqn
Step: 1395712 | EPS: 0.32 | Rew: 0.22 | Win%: 34.5 | S0: 199.6 | FPS: 1700.3 | Var: ddqn
Step: 1396736 | EPS: 0.32 | Rew: 0.15 | Win%: 34.0 | S0: 191.2 | FPS: 1936.8 | Var: ddqn
Step: 1397760 | EPS: 0.32 | Rew: 0.10 | Win%: 34.0 | S0: 190.7 | FPS: 1835.4 | Var: ddqn
Step: 1398784 | EPS: 0.32 | Rew: 0.04 | Win%: 35.5 | S0: 195.2 | FPS: 1872.9 | Var: ddqn
Step: 1399808 | EPS: 0.31 | Rew: -0.02 | Win%: 34.0 | S0: 198.2 | FPS: 1721.3 | Var: ddqn
Step: 1400832 | EPS: 0.31 | Rew: -0.01 | Win%: 32.5 | S0: 196.3 | FPS: 1736.5 | Var: ddqn
Step: 1401856 | EPS: 0.31 | Rew: -0.14 | Win%: 31.0 | S0: 190.6 | FPS: 1569.6 | Var: ddqn
Step: 1402880 | EPS: 0.31 | Rew: -0.09 | Win%: 28.5 | S0: 182.6 | FPS: 1803.2 | Var: ddqn
Step: 1403904 | EPS: 0.31 | Rew: -0.18 | Win%: 25.5 | S0: 176.0 | FPS: 1891.7 | Var: ddqn
Step: 1404928 | EPS: 0.31 | Rew: -0.07 | Win%: 27.0 | S0: 184.4 | FPS: 1970.1 | Var: ddqn
Step: 1405952 | EPS: 0.31 | Rew: 0.08 | Win%: 26.0 | S0: 181.6 | FPS: 1683.5 | Var: ddqn
Step: 1406976 | EPS: 0.31 | Rew: -0.07 | Win%: 27.5 | S0: 186.8 | FPS: 1976.4 | Var: ddqn
Step: 1408000 | EPS: 0.31 | Rew: 0.07 | Win%: 28.5 | S0: 194.7 | FPS: 1676.4 | Var: ddqn
Step: 1409024 | EPS: 0.31 | Rew: 0.17 | Win%: 29.5 | S0: 198.1 | FPS: 1618.1 | Var: ddqn
Step: 1410048 | EPS: 0.31 | Rew: 0.10 | Win%: 30.0 | S0: 201.0 | FPS: 1888.2 | Var: ddqn
Step: 1411072 | EPS: 0.31 | Rew: 0.08 | Win%: 31.5 | S0: 208.2 | FPS: 1911.3 | Var: ddqn
Step: 1412096 | EPS: 0.31 | Rew: 0.22 | Win%: 31.0 | S0: 198.9 | FPS: 1869.1 | Var: ddqn
Step: 1413120 | EPS: 0.31 | Rew: 0.13 | Win%: 31.0 | S0: 205.1 | FPS: 1533.7 | Var: ddqn
Step: 1414144 | EPS: 0.31 | Rew: 0.27 | Win%: 36.0 | S0: 220.2 | FPS: 1876.1 | Var: ddqn
>>> [Best] Saved -> agent/checkpoints/ddqn_battle.pth | Win% 36.0 | S0 220.2
Step: 1415168 | EPS: 0.31 | Rew: 0.28 | Win%: 34.5 | S0: 214.6 | FPS: 1903.2 | Var: ddqn
Step: 1416192 | EPS: 0.31 | Rew: 0.28 | Win%: 35.0 | S0: 215.9 | FPS: 1611.5 | Var: ddqn
Step: 1417216 | EPS: 0.31 | Rew: 0.28 | Win%: 35.5 | S0: 220.1 | FPS: 1910.6 | Var: ddqn
Step: 1418240 | EPS: 0.31 | Rew: 0.31 | Win%: 35.5 | S0: 218.1 | FPS: 1980.0 | Var: ddqn
Step: 1419264 | EPS: 0.31 | Rew: 0.19 | Win%: 34.5 | S0: 211.1 | FPS: 1661.0 | Var: ddqn
Step: 1420288 | EPS: 0.31 | Rew: 0.19 | Win%: 35.0 | S0: 225.5 | FPS: 1604.2 | Var: ddqn
>>> [Best] Saved -> agent/checkpoints/ddqn_battle.pth | Win% 35.0 | S0 225.5
Step: 1421312 | EPS: 0.31 | Rew: 0.25 | Win%: 34.0 | S0: 223.8 | FPS: 1832.1 | Var: ddqn
Step: 1422336 | EPS: 0.31 | Rew: 0.13 | Win%: 32.5 | S0: 219.9 | FPS: 1824.4 | Var: ddqn
Step: 1423360 | EPS: 0.31 | Rew: 0.13 | Win%: 32.5 | S0: 219.1 | FPS: 1681.9 | Var: ddqn
Step: 1424384 | EPS: 0.31 | Rew: 0.30 | Win%: 33.0 | S0: 231.3 | FPS: 1686.9 | Var: ddqn
>>> [Best] Saved -> agent/checkpoints/ddqn_battle.pth | Win% 33.0 | S0 231.3
Step: 1425408 | EPS: 0.31 | Rew: 0.37 | Win%: 34.5 | S0: 232.8 | FPS: 1982.3 | Var: ddqn
>>> [Best] Saved -> agent/checkpoints/ddqn_battle.pth | Win% 34.5 | S0 232.8
Step: 1426432 | EPS: 0.31 | Rew: 0.36 | Win%: 37.0 | S0: 239.4 | FPS: 2070.5 | Var: ddqn
>>> [Best] Saved -> agent/checkpoints/ddqn_battle.pth | Win% 37.0 | S0 239.4
Step: 1427456 | EPS: 0.31 | Rew: 0.34 | Win%: 35.5 | S0: 237.4 | FPS: 1639.0 | Var: ddqn
Step: 1428480 | EPS: 0.31 | Rew: 0.38 | Win%: 36.0 | S0: 234.7 | FPS: 1728.8 | Var: ddqn
Step: 1429504 | EPS: 0.31 | Rew: 0.20 | Win%: 36.5 | S0: 234.1 | FPS: 1853.1 | Var: ddqn
Step: 1430528 | EPS: 0.31 | Rew: 0.08 | Win%: 36.5 | S0: 223.5 | FPS: 1559.1 | Var: ddqn
Step: 1431552 | EPS: 0.31 | Rew: 0.05 | Win%: 36.5 | S0: 223.8 | FPS: 1669.8 | Var: ddqn
Step: 1432576 | EPS: 0.31 | Rew: 0.11 | Win%: 37.0 | S0: 221.2 | FPS: 1695.8 | Var: ddqn
Step: 1433600 | EPS: 0.31 | Rew: 0.02 | Win%: 36.5 | S0: 210.0 | FPS: 1812.8 | Var: ddqn
Step: 1434624 | EPS: 0.31 | Rew: -0.00 | Win%: 35.0 | S0: 193.2 | FPS: 1392.5 | Var: ddqn
Step: 1435648 | EPS: 0.31 | Rew: -0.11 | Win%: 31.0 | S0: 181.8 | FPS: 1827.0 | Var: ddqn
Step: 1436672 | EPS: 0.31 | Rew: 0.02 | Win%: 32.5 | S0: 192.6 | FPS: 1920.8 | Var: ddqn
Step: 1437696 | EPS: 0.31 | Rew: 0.05 | Win%: 32.5 | S0: 189.9 | FPS: 1807.1 | Var: ddqn
Step: 1438720 | EPS: 0.31 | Rew: 0.03 | Win%: 30.0 | S0: 189.1 | FPS: 1907.7 | Var: ddqn
Step: 1439744 | EPS: 0.31 | Rew: 0.13 | Win%: 30.5 | S0: 192.2 | FPS: 1661.8 | Var: ddqn
Step: 1440768 | EPS: 0.31 | Rew: 0.20 | Win%: 31.5 | S0: 192.4 | FPS: 1773.7 | Var: ddqn
Step: 1441792 | EPS: 0.31 | Rew: 0.09 | Win%: 30.5 | S0: 192.0 | FPS: 1862.8 | Var: ddqn
Step: 1442816 | EPS: 0.31 | Rew: 0.10 | Win%: 30.5 | S0: 197.4 | FPS: 2168.4 | Var: ddqn
Step: 1443840 | EPS: 0.31 | Rew: 0.11 | Win%: 30.5 | S0: 202.2 | FPS: 1863.0 | Var: ddqn
Step: 1444864 | EPS: 0.31 | Rew: 0.08 | Win%: 28.5 | S0: 202.7 | FPS: 1822.2 | Var: ddqn
Step: 1445888 | EPS: 0.31 | Rew: 0.06 | Win%: 28.5 | S0: 210.0 | FPS: 1738.7 | Var: ddqn
Step: 1446912 | EPS: 0.31 | Rew: 0.09 | Win%: 27.0 | S0: 205.2 | FPS: 1818.7 | Var: ddqn
Step: 1447936 | EPS: 0.31 | Rew: 0.06 | Win%: 26.5 | S0: 208.1 | FPS: 1810.8 | Var: ddqn
Step: 1448960 | EPS: 0.30 | Rew: 0.04 | Win%: 27.0 | S0: 205.9 | FPS: 1809.0 | Var: ddqn
Step: 1449984 | EPS: 0.30 | Rew: 0.02 | Win%: 26.0 | S0: 203.3 | FPS: 1795.2 | Var: ddqn
Step: 1451008 | EPS: 0.30 | Rew: 0.06 | Win%: 24.0 | S0: 207.8 | FPS: 1872.7 | Var: ddqn
Step: 1452032 | EPS: 0.30 | Rew: -0.05 | Win%: 23.0 | S0: 194.9 | FPS: 1945.6 | Var: ddqn
Step: 1453056 | EPS: 0.30 | Rew: -0.09 | Win%: 25.0 | S0: 200.1 | FPS: 1482.1 | Var: ddqn
Step: 1454080 | EPS: 0.30 | Rew: -0.23 | Win%: 23.5 | S0: 192.5 | FPS: 1801.8 | Var: ddqn
Step: 1455104 | EPS: 0.30 | Rew: -0.15 | Win%: 23.5 | S0: 192.1 | FPS: 1997.3 | Var: ddqn
Step: 1456128 | EPS: 0.30 | Rew: -0.03 | Win%: 27.0 | S0: 205.3 | FPS: 1957.9 | Var: ddqn
Step: 1457152 | EPS: 0.30 | Rew: 0.11 | Win%: 27.0 | S0: 200.7 | FPS: 2017.0 | Var: ddqn
Step: 1458176 | EPS: 0.30 | Rew: 0.22 | Win%: 27.5 | S0: 201.7 | FPS: 1889.9 | Var: ddqn
Step: 1459200 | EPS: 0.30 | Rew: 0.27 | Win%: 28.0 | S0: 200.6 | FPS: 1872.1 | Var: ddqn
Step: 1460224 | EPS: 0.30 | Rew: 0.36 | Win%: 29.0 | S0: 214.5 | FPS: 1929.0 | Var: ddqn
Step: 1461248 | EPS: 0.30 | Rew: 0.12 | Win%: 30.0 | S0: 211.0 | FPS: 1932.1 | Var: ddqn
Step: 1462272 | EPS: 0.30 | Rew: 0.04 | Win%: 30.5 | S0: 219.8 | FPS: 1815.3 | Var: ddqn
Step: 1463296 | EPS: 0.30 | Rew: 0.04 | Win%: 30.5 | S0: 221.7 | FPS: 2226.2 | Var: ddqn
Step: 1464320 | EPS: 0.30 | Rew: 0.06 | Win%: 32.5 | S0: 225.4 | FPS: 2114.5 | Var: ddqn
Step: 1465344 | EPS: 0.30 | Rew: 0.05 | Win%: 31.0 | S0: 221.4 | FPS: 2151.7 | Var: ddqn
Step: 1466368 | EPS: 0.30 | Rew: 0.01 | Win%: 29.0 | S0: 206.6 | FPS: 1590.2 | Var: ddqn
Step: 1467392 | EPS: 0.30 | Rew: -0.12 | Win%: 26.5 | S0: 197.7 | FPS: 1615.0 | Var: ddqn
Step: 1468416 | EPS: 0.30 | Rew: 0.05 | Win%: 26.0 | S0: 200.9 | FPS: 1571.8 | Var: ddqn
Step: 1469440 | EPS: 0.30 | Rew: -0.09 | Win%: 25.0 | S0: 198.1 | FPS: 1706.6 | Var: ddqn
Step: 1470464 | EPS: 0.30 | Rew: -0.13 | Win%: 25.5 | S0: 191.4 | FPS: 1952.7 | Var: ddqn
Step: 1471488 | EPS: 0.30 | Rew: -0.07 | Win%: 25.5 | S0: 190.0 | FPS: 1848.6 | Var: ddqn
Step: 1472512 | EPS: 0.30 | Rew: 0.02 | Win%: 27.0 | S0: 194.6 | FPS: 1988.8 | Var: ddqn
Step: 1473536 | EPS: 0.30 | Rew: -0.04 | Win%: 28.0 | S0: 196.1 | FPS: 2001.4 | Var: ddqn
Step: 1474560 | EPS: 0.30 | Rew: -0.03 | Win%: 27.0 | S0: 188.9 | FPS: 1997.4 | Var: ddqn
Step: 1475584 | EPS: 0.30 | Rew: 0.09 | Win%: 27.0 | S0: 197.3 | FPS: 1882.7 | Var: ddqn
Step: 1476608 | EPS: 0.30 | Rew: 0.14 | Win%: 28.0 | S0: 200.6 | FPS: 1990.6 | Var: ddqn
Step: 1477632 | EPS: 0.30 | Rew: 0.01 | Win%: 28.0 | S0: 200.8 | FPS: 1906.2 | Var: ddqn
Step: 1478656 | EPS: 0.30 | Rew: -0.00 | Win%: 30.0 | S0: 196.1 | FPS: 1975.3 | Var: ddqn
Step: 1479680 | EPS: 0.30 | Rew: -0.02 | Win%: 30.0 | S0: 195.0 | FPS: 1900.3 | Var: ddqn
Step: 1480704 | EPS: 0.30 | Rew: -0.05 | Win%: 30.5 | S0: 200.0 | FPS: 2103.1 | Var: ddqn
Step: 1481728 | EPS: 0.30 | Rew: 0.11 | Win%: 32.0 | S0: 215.6 | FPS: 1909.7 | Var: ddqn
Step: 1482752 | EPS: 0.30 | Rew: 0.14 | Win%: 32.5 | S0: 213.2 | FPS: 1676.1 | Var: ddqn
Step: 1483776 | EPS: 0.30 | Rew: 0.17 | Win%: 30.5 | S0: 209.2 | FPS: 1821.3 | Var: ddqn
Step: 1484800 | EPS: 0.30 | Rew: 0.13 | Win%: 28.0 | S0: 204.2 | FPS: 1777.4 | Var: ddqn
Step: 1485824 | EPS: 0.30 | Rew: -0.01 | Win%: 27.0 | S0: 200.2 | FPS: 2016.3 | Var: ddqn
Step: 1486848 | EPS: 0.30 | Rew: -0.20 | Win%: 26.5 | S0: 196.7 | FPS: 1814.5 | Var: ddqn
Step: 1487872 | EPS: 0.30 | Rew: -0.24 | Win%: 27.5 | S0: 190.3 | FPS: 1926.0 | Var: ddqn
Step: 1488896 | EPS: 0.30 | Rew: -0.28 | Win%: 27.0 | S0: 189.6 | FPS: 1958.8 | Var: ddqn
Step: 1489920 | EPS: 0.30 | Rew: -0.21 | Win%: 25.5 | S0: 195.5 | FPS: 1976.6 | Var: ddqn
Step: 1490944 | EPS: 0.30 | Rew: -0.15 | Win%: 24.0 | S0: 193.5 | FPS: 1834.1 | Var: ddqn
Step: 1491968 | EPS: 0.30 | Rew: 0.02 | Win%: 24.5 | S0: 195.1 | FPS: 1911.1 | Var: ddqn
Step: 1492992 | EPS: 0.30 | Rew: 0.03 | Win%: 23.5 | S0: 192.7 | FPS: 1785.0 | Var: ddqn
Step: 1494016 | EPS: 0.30 | Rew: 0.14 | Win%: 23.5 | S0: 192.1 | FPS: 1967.2 | Var: ddqn
Step: 1495040 | EPS: 0.30 | Rew: 0.20 | Win%: 25.0 | S0: 195.2 | FPS: 2138.7 | Var: ddqn
Step: 1496064 | EPS: 0.30 | Rew: 0.12 | Win%: 24.5 | S0: 197.5 | FPS: 1687.3 | Var: ddqn
Step: 1497088 | EPS: 0.30 | Rew: -0.00 | Win%: 25.5 | S0: 196.7 | FPS: 1713.9 | Var: ddqn
Step: 1498112 | EPS: 0.29 | Rew: 0.10 | Win%: 25.5 | S0: 202.6 | FPS: 2080.4 | Var: ddqn
Step: 1499136 | EPS: 0.29 | Rew: -0.08 | Win%: 25.0 | S0: 203.3 | FPS: 1754.2 | Var: ddqn
Step: 1500160 | EPS: 0.29 | Rew: -0.04 | Win%: 26.0 | S0: 208.8 | FPS: 1868.3 | Var: ddqn
Step: 1501184 | EPS: 0.29 | Rew: -0.05 | Win%: 27.0 | S0: 201.4 | FPS: 2364.1 | Var: ddqn
Step: 1502208 | EPS: 0.29 | Rew: 0.01 | Win%: 27.0 | S0: 199.8 | FPS: 2207.3 | Var: ddqn
Step: 1503232 | EPS: 0.29 | Rew: 0.00 | Win%: 26.5 | S0: 201.8 | FPS: 1778.1 | Var: ddqn
Step: 1504256 | EPS: 0.29 | Rew: -0.02 | Win%: 25.0 | S0: 186.9 | FPS: 2074.0 | Var: ddqn
Step: 1505280 | EPS: 0.29 | Rew: -0.04 | Win%: 23.5 | S0: 179.6 | FPS: 1686.5 | Var: ddqn
Step: 1506304 | EPS: 0.29 | Rew: 0.12 | Win%: 25.0 | S0: 195.7 | FPS: 2093.2 | Var: ddqn
Step: 1507328 | EPS: 0.29 | Rew: 0.08 | Win%: 26.0 | S0: 194.7 | FPS: 1951.2 | Var: ddqn
Step: 1508352 | EPS: 0.29 | Rew: 0.04 | Win%: 25.0 | S0: 193.3 | FPS: 1746.9 | Var: ddqn
Step: 1509376 | EPS: 0.29 | Rew: 0.14 | Win%: 26.0 | S0: 201.1 | FPS: 1782.1 | Var: ddqn
Step: 1510400 | EPS: 0.29 | Rew: 0.08 | Win%: 25.0 | S0: 197.3 | FPS: 1869.8 | Var: ddqn
Step: 1511424 | EPS: 0.29 | Rew: -0.06 | Win%: 23.5 | S0: 194.3 | FPS: 1844.1 | Var: ddqn
Step: 1512448 | EPS: 0.29 | Rew: 0.01 | Win%: 25.0 | S0: 198.8 | FPS: 1941.5 | Var: ddqn
Step: 1513472 | EPS: 0.29 | Rew: 0.10 | Win%: 27.0 | S0: 201.3 | FPS: 2076.4 | Var: ddqn
Step: 1514496 | EPS: 0.29 | Rew: 0.22 | Win%: 28.5 | S0: 212.2 | FPS: 1852.6 | Var: ddqn
Step: 1515520 | EPS: 0.29 | Rew: 0.10 | Win%: 29.5 | S0: 214.4 | FPS: 2028.2 | Var: ddqn
Step: 1516544 | EPS: 0.29 | Rew: 0.25 | Win%: 30.0 | S0: 214.8 | FPS: 1613.4 | Var: ddqn
Step: 1517568 | EPS: 0.29 | Rew: 0.25 | Win%: 30.0 | S0: 215.5 | FPS: 1881.3 | Var: ddqn
Step: 1518592 | EPS: 0.29 | Rew: 0.22 | Win%: 32.5 | S0: 216.8 | FPS: 1918.9 | Var: ddqn
Step: 1519616 | EPS: 0.29 | Rew: 0.30 | Win%: 36.0 | S0: 233.7 | FPS: 1982.3 | Var: ddqn
Step: 1520640 | EPS: 0.29 | Rew: 0.44 | Win%: 36.0 | S0: 231.1 | FPS: 1856.5 | Var: ddqn
Step: 1521664 | EPS: 0.29 | Rew: 0.33 | Win%: 37.0 | S0: 232.2 | FPS: 1997.7 | Var: ddqn
Step: 1522688 | EPS: 0.29 | Rew: 0.25 | Win%: 36.5 | S0: 232.8 | FPS: 1619.5 | Var: ddqn
Step: 1523712 | EPS: 0.29 | Rew: 0.27 | Win%: 37.0 | S0: 227.3 | FPS: 1857.6 | Var: ddqn
Step: 1524736 | EPS: 0.29 | Rew: 0.19 | Win%: 37.5 | S0: 224.2 | FPS: 1738.0 | Var: ddqn
Step: 1525760 | EPS: 0.29 | Rew: 0.15 | Win%: 38.0 | S0: 230.3 | FPS: 1870.6 | Var: ddqn
Step: 1526784 | EPS: 0.29 | Rew: 0.22 | Win%: 36.5 | S0: 224.9 | FPS: 1815.0 | Var: ddqn
Step: 1527808 | EPS: 0.29 | Rew: 0.34 | Win%: 36.5 | S0: 228.8 | FPS: 1680.8 | Var: ddqn
Step: 1528832 | EPS: 0.29 | Rew: 0.30 | Win%: 36.5 | S0: 229.1 | FPS: 1942.0 | Var: ddqn
Step: 1529856 | EPS: 0.29 | Rew: 0.31 | Win%: 36.0 | S0: 221.8 | FPS: 1700.5 | Var: ddqn
Step: 1530880 | EPS: 0.29 | Rew: 0.35 | Win%: 34.0 | S0: 222.1 | FPS: 1852.1 | Var: ddqn
Step: 1531904 | EPS: 0.29 | Rew: 0.36 | Win%: 34.0 | S0: 227.2 | FPS: 2002.9 | Var: ddqn
Step: 1532928 | EPS: 0.29 | Rew: 0.36 | Win%: 36.5 | S0: 234.1 | FPS: 1780.8 | Var: ddqn
Step: 1533952 | EPS: 0.29 | Rew: 0.38 | Win%: 37.0 | S0: 242.7 | FPS: 1811.3 | Var: ddqn
Step: 1534976 | EPS: 0.29 | Rew: 0.37 | Win%: 36.5 | S0: 241.8 | FPS: 1599.7 | Var: ddqn
Step: 1536000 | EPS: 0.29 | Rew: 0.42 | Win%: 36.5 | S0: 246.8 | FPS: 1767.2 | Var: ddqn
>>> [Best] Saved -> agent/checkpoints/ddqn_battle.pth | Win% 36.5 | S0 246.8
Step: 1537024 | EPS: 0.29 | Rew: 0.35 | Win%: 36.5 | S0: 241.6 | FPS: 1738.2 | Var: ddqn
Step: 1538048 | EPS: 0.29 | Rew: 0.24 | Win%: 36.5 | S0: 231.8 | FPS: 1513.0 | Var: ddqn
Step: 1539072 | EPS: 0.29 | Rew: 0.18 | Win%: 35.5 | S0: 222.2 | FPS: 2168.6 | Var: ddqn
Step: 1540096 | EPS: 0.29 | Rew: 0.13 | Win%: 34.0 | S0: 219.8 | FPS: 1981.8 | Var: ddqn
Step: 1541120 | EPS: 0.29 | Rew: 0.01 | Win%: 33.5 | S0: 211.8 | FPS: 1918.1 | Var: ddqn
Step: 1542144 | EPS: 0.29 | Rew: 0.11 | Win%: 35.0 | S0: 210.1 | FPS: 1793.2 | Var: ddqn
Step: 1543168 | EPS: 0.29 | Rew: 0.21 | Win%: 34.0 | S0: 207.2 | FPS: 1880.5 | Var: ddqn
Step: 1544192 | EPS: 0.29 | Rew: 0.27 | Win%: 34.5 | S0: 207.1 | FPS: 1876.6 | Var: ddqn
Step: 1545216 | EPS: 0.29 | Rew: 0.21 | Win%: 32.5 | S0: 195.3 | FPS: 2073.2 | Var: ddqn
Step: 1546240 | EPS: 0.29 | Rew: 0.15 | Win%: 32.0 | S0: 193.1 | FPS: 1808.5 | Var: ddqn
Step: 1547264 | EPS: 0.28 | Rew: 0.03 | Win%: 32.0 | S0: 199.6 | FPS: 1877.8 | Var: ddqn
Step: 1548288 | EPS: 0.28 | Rew: 0.09 | Win%: 34.0 | S0: 214.3 | FPS: 1690.6 | Var: ddqn
Step: 1549312 | EPS: 0.28 | Rew: 0.09 | Win%: 34.5 | S0: 216.3 | FPS: 1693.7 | Var: ddqn
Step: 1550336 | EPS: 0.28 | Rew: 0.13 | Win%: 32.5 | S0: 214.2 | FPS: 1807.3 | Var: ddqn
Step: 1551360 | EPS: 0.28 | Rew: 0.18 | Win%: 33.5 | S0: 215.9 | FPS: 1542.7 | Var: ddqn
Step: 1552384 | EPS: 0.28 | Rew: 0.13 | Win%: 31.0 | S0: 204.3 | FPS: 1836.2 | Var: ddqn
Step: 1553408 | EPS: 0.28 | Rew: 0.22 | Win%: 32.0 | S0: 217.2 | FPS: 1695.4 | Var: ddqn
Step: 1554432 | EPS: 0.28 | Rew: 0.32 | Win%: 33.0 | S0: 221.3 | FPS: 1553.7 | Var: ddqn
Step: 1555456 | EPS: 0.28 | Rew: 0.34 | Win%: 34.0 | S0: 224.5 | FPS: 1994.0 | Var: ddqn
Step: 1556480 | EPS: 0.28 | Rew: 0.36 | Win%: 35.5 | S0: 225.4 | FPS: 1921.2 | Var: ddqn
Step: 1557504 | EPS: 0.28 | Rew: 0.33 | Win%: 36.0 | S0: 231.4 | FPS: 1999.5 | Var: ddqn
Step: 1558528 | EPS: 0.28 | Rew: 0.34 | Win%: 34.5 | S0: 224.6 | FPS: 1581.3 | Var: ddqn
Step: 1559552 | EPS: 0.28 | Rew: 0.21 | Win%: 34.5 | S0: 225.2 | FPS: 1943.6 | Var: ddqn
Step: 1560576 | EPS: 0.28 | Rew: 0.25 | Win%: 33.5 | S0: 230.1 | FPS: 2054.5 | Var: ddqn
Step: 1561600 | EPS: 0.28 | Rew: 0.24 | Win%: 33.5 | S0: 239.9 | FPS: 1914.4 | Var: ddqn
Step: 1562624 | EPS: 0.28 | Rew: 0.17 | Win%: 32.5 | S0: 227.6 | FPS: 1704.2 | Var: ddqn
Step: 1563648 | EPS: 0.28 | Rew: 0.30 | Win%: 34.0 | S0: 234.6 | FPS: 1829.1 | Var: ddqn
Step: 1564672 | EPS: 0.28 | Rew: 0.45 | Win%: 33.5 | S0: 235.2 | FPS: 1868.3 | Var: ddqn
Step: 1565696 | EPS: 0.28 | Rew: 0.44 | Win%: 34.5 | S0: 246.5 | FPS: 1987.0 | Var: ddqn
Step: 1566720 | EPS: 0.28 | Rew: 0.47 | Win%: 33.5 | S0: 245.6 | FPS: 1753.6 | Var: ddqn
Step: 1567744 | EPS: 0.28 | Rew: 0.63 | Win%: 34.0 | S0: 256.4 | FPS: 1905.3 | Var: ddqn
>>> [Best] Saved -> agent/checkpoints/ddqn_battle.pth | Win% 34.0 | S0 256.4
Step: 1568768 | EPS: 0.28 | Rew: 0.52 | Win%: 34.0 | S0: 255.2 | FPS: 1886.2 | Var: ddqn
Step: 1569792 | EPS: 0.28 | Rew: 0.54 | Win%: 37.5 | S0: 261.1 | FPS: 1961.9 | Var: ddqn
>>> [Best] Saved -> agent/checkpoints/ddqn_battle.pth | Win% 37.5 | S0 261.1
Step: 1570816 | EPS: 0.28 | Rew: 0.47 | Win%: 39.0 | S0: 261.5 | FPS: 1728.1 | Var: ddqn
>>> [Best] Saved -> agent/checkpoints/ddqn_battle.pth | Win% 39.0 | S0 261.5
Step: 1571840 | EPS: 0.28 | Rew: 0.44 | Win%: 39.5 | S0: 253.1 | FPS: 1723.4 | Var: ddqn
Step: 1572864 | EPS: 0.28 | Rew: 0.51 | Win%: 41.0 | S0: 261.9 | FPS: 1773.4 | Var: ddqn
>>> [Best] Saved -> agent/checkpoints/ddqn_battle.pth | Win% 41.0 | S0 261.9
Step: 1573888 | EPS: 0.28 | Rew: 0.42 | Win%: 41.0 | S0: 255.9 | FPS: 2059.7 | Var: ddqn
Step: 1574912 | EPS: 0.28 | Rew: 0.43 | Win%: 40.5 | S0: 261.3 | FPS: 1764.4 | Var: ddqn
Step: 1575936 | EPS: 0.28 | Rew: 0.42 | Win%: 40.5 | S0: 249.8 | FPS: 1801.8 | Var: ddqn
Step: 1576960 | EPS: 0.28 | Rew: 0.37 | Win%: 40.5 | S0: 249.5 | FPS: 1765.9 | Var: ddqn
Step: 1577984 | EPS: 0.28 | Rew: 0.36 | Win%: 41.0 | S0: 241.4 | FPS: 1991.6 | Var: ddqn
Step: 1579008 | EPS: 0.28 | Rew: 0.22 | Win%: 39.5 | S0: 234.2 | FPS: 1999.8 | Var: ddqn
Step: 1580032 | EPS: 0.28 | Rew: 0.10 | Win%: 35.5 | S0: 223.1 | FPS: 1603.1 | Var: ddqn
Step: 1581056 | EPS: 0.28 | Rew: 0.07 | Win%: 36.0 | S0: 220.2 | FPS: 1826.5 | Var: ddqn
Step: 1582080 | EPS: 0.28 | Rew: 0.13 | Win%: 35.5 | S0: 222.4 | FPS: 1920.9 | Var: ddqn
Step: 1583104 | EPS: 0.28 | Rew: 0.08 | Win%: 34.5 | S0: 215.6 | FPS: 1745.1 | Var: ddqn
Step: 1584128 | EPS: 0.28 | Rew: 0.21 | Win%: 36.0 | S0: 212.6 | FPS: 1926.2 | Var: ddqn
Step: 1585152 | EPS: 0.28 | Rew: 0.31 | Win%: 36.5 | S0: 213.2 | FPS: 2059.7 | Var: ddqn
Step: 1586176 | EPS: 0.28 | Rew: 0.37 | Win%: 34.0 | S0: 214.7 | FPS: 1738.3 | Var: ddqn
Step: 1587200 | EPS: 0.28 | Rew: 0.37 | Win%: 35.0 | S0: 213.8 | FPS: 1665.5 | Var: ddqn
Step: 1588224 | EPS: 0.28 | Rew: 0.41 | Win%: 35.5 | S0: 214.8 | FPS: 1716.8 | Var: ddqn
Step: 1589248 | EPS: 0.28 | Rew: 0.36 | Win%: 36.0 | S0: 219.6 | FPS: 1890.2 | Var: ddqn
Step: 1590272 | EPS: 0.28 | Rew: 0.38 | Win%: 38.0 | S0: 225.8 | FPS: 1994.0 | Var: ddqn
Step: 1591296 | EPS: 0.28 | Rew: 0.43 | Win%: 39.0 | S0: 239.8 | FPS: 1705.3 | Var: ddqn
Step: 1592320 | EPS: 0.28 | Rew: 0.33 | Win%: 37.0 | S0: 236.5 | FPS: 1990.2 | Var: ddqn
Step: 1593344 | EPS: 0.28 | Rew: 0.29 | Win%: 37.5 | S0: 232.4 | FPS: 1850.6 | Var: ddqn
Step: 1594368 | EPS: 0.28 | Rew: 0.27 | Win%: 36.5 | S0: 228.0 | FPS: 1926.7 | Var: ddqn
Step: 1595392 | EPS: 0.28 | Rew: 0.30 | Win%: 36.5 | S0: 227.2 | FPS: 1682.8 | Var: ddqn
Step: 1596416 | EPS: 0.27 | Rew: 0.18 | Win%: 36.5 | S0: 218.7 | FPS: 2019.1 | Var: ddqn
Step: 1597440 | EPS: 0.27 | Rew: 0.31 | Win%: 37.0 | S0: 222.0 | FPS: 2047.4 | Var: ddqn
Step: 1598464 | EPS: 0.27 | Rew: 0.33 | Win%: 35.5 | S0: 221.9 | FPS: 1653.1 | Var: ddqn
Step: 1599488 | EPS: 0.27 | Rew: 0.50 | Win%: 37.5 | S0: 230.2 | FPS: 1575.6 | Var: ddqn
Step: 1600512 | EPS: 0.27 | Rew: 0.59 | Win%: 38.0 | S0: 234.3 | FPS: 1853.3 | Var: ddqn
Step: 1601536 | EPS: 0.27 | Rew: 0.46 | Win%: 36.5 | S0: 220.1 | FPS: 2025.3 | Var: ddqn
Step: 1602560 | EPS: 0.27 | Rew: 0.48 | Win%: 39.5 | S0: 227.8 | FPS: 1724.0 | Var: ddqn
Step: 1603584 | EPS: 0.27 | Rew: 0.31 | Win%: 37.0 | S0: 222.2 | FPS: 1826.8 | Var: ddqn
Step: 1604608 | EPS: 0.27 | Rew: 0.29 | Win%: 38.0 | S0: 227.6 | FPS: 2360.6 | Var: ddqn
Step: 1605632 | EPS: 0.27 | Rew: 0.25 | Win%: 37.0 | S0: 231.6 | FPS: 1802.1 | Var: ddqn
Step: 1606656 | EPS: 0.27 | Rew: 0.40 | Win%: 38.5 | S0: 236.9 | FPS: 1889.8 | Var: ddqn
Step: 1607680 | EPS: 0.27 | Rew: 0.43 | Win%: 39.0 | S0: 243.1 | FPS: 2151.2 | Var: ddqn
Step: 1608704 | EPS: 0.27 | Rew: 0.57 | Win%: 39.5 | S0: 243.6 | FPS: 1763.2 | Var: ddqn
Step: 1609728 | EPS: 0.27 | Rew: 0.46 | Win%: 35.0 | S0: 230.8 | FPS: 1882.4 | Var: ddqn
Step: 1610752 | EPS: 0.27 | Rew: 0.32 | Win%: 33.0 | S0: 219.6 | FPS: 1933.6 | Var: ddqn
Step: 1611776 | EPS: 0.27 | Rew: 0.10 | Win%: 32.5 | S0: 217.7 | FPS: 2098.1 | Var: ddqn
Step: 1612800 | EPS: 0.27 | Rew: 0.16 | Win%: 32.5 | S0: 220.6 | FPS: 1849.6 | Var: ddqn
Step: 1613824 | EPS: 0.27 | Rew: 0.04 | Win%: 32.5 | S0: 224.6 | FPS: 1829.4 | Var: ddqn
Step: 1614848 | EPS: 0.27 | Rew: 0.08 | Win%: 31.5 | S0: 218.9 | FPS: 1698.7 | Var: ddqn
Step: 1615872 | EPS: 0.27 | Rew: 0.26 | Win%: 33.0 | S0: 223.4 | FPS: 1925.2 | Var: ddqn
Step: 1616896 | EPS: 0.27 | Rew: 0.38 | Win%: 30.5 | S0: 218.3 | FPS: 1987.1 | Var: ddqn
Step: 1617920 | EPS: 0.27 | Rew: 0.37 | Win%: 29.5 | S0: 214.3 | FPS: 1934.6 | Var: ddqn
Step: 1618944 | EPS: 0.27 | Rew: 0.30 | Win%: 29.5 | S0: 210.9 | FPS: 1704.2 | Var: ddqn
Step: 1619968 | EPS: 0.27 | Rew: 0.32 | Win%: 33.5 | S0: 214.1 | FPS: 2045.2 | Var: ddqn
Step: 1620992 | EPS: 0.27 | Rew: 0.34 | Win%: 34.5 | S0: 223.8 | FPS: 1756.9 | Var: ddqn
Step: 1622016 | EPS: 0.27 | Rew: 0.29 | Win%: 36.5 | S0: 237.6 | FPS: 1982.4 | Var: ddqn
Step: 1623040 | EPS: 0.27 | Rew: 0.42 | Win%: 37.5 | S0: 245.4 | FPS: 1729.1 | Var: ddqn
Step: 1624064 | EPS: 0.27 | Rew: 0.46 | Win%: 38.0 | S0: 248.1 | FPS: 1828.7 | Var: ddqn
Step: 1625088 | EPS: 0.27 | Rew: 0.50 | Win%: 37.5 | S0: 252.4 | FPS: 1785.4 | Var: ddqn
Step: 1626112 | EPS: 0.27 | Rew: 0.51 | Win%: 37.5 | S0: 249.2 | FPS: 1904.2 | Var: ddqn
Step: 1627136 | EPS: 0.27 | Rew: 0.45 | Win%: 36.5 | S0: 247.3 | FPS: 1984.0 | Var: ddqn
Step: 1628160 | EPS: 0.27 | Rew: 0.38 | Win%: 37.0 | S0: 246.6 | FPS: 1610.3 | Var: ddqn
Step: 1629184 | EPS: 0.27 | Rew: 0.39 | Win%: 36.5 | S0: 249.9 | FPS: 1869.4 | Var: ddqn
Step: 1630208 | EPS: 0.27 | Rew: 0.36 | Win%: 37.5 | S0: 259.2 | FPS: 1895.2 | Var: ddqn
Step: 1631232 | EPS: 0.27 | Rew: 0.29 | Win%: 37.0 | S0: 255.6 | FPS: 2120.9 | Var: ddqn
Step: 1632256 | EPS: 0.27 | Rew: 0.23 | Win%: 36.5 | S0: 241.1 | FPS: 2047.7 | Var: ddqn
Step: 1633280 | EPS: 0.27 | Rew: 0.26 | Win%: 35.5 | S0: 236.2 | FPS: 2044.6 | Var: ddqn
Step: 1634304 | EPS: 0.27 | Rew: 0.18 | Win%: 36.0 | S0: 234.3 | FPS: 1807.6 | Var: ddqn
Step: 1635328 | EPS: 0.27 | Rew: 0.11 | Win%: 35.5 | S0: 227.2 | FPS: 1618.7 | Var: ddqn
Step: 1636352 | EPS: 0.27 | Rew: 0.20 | Win%: 34.0 | S0: 228.8 | FPS: 2061.3 | Var: ddqn
Step: 1637376 | EPS: 0.27 | Rew: 0.21 | Win%: 33.5 | S0: 225.6 | FPS: 1803.6 | Var: ddqn
Step: 1638400 | EPS: 0.27 | Rew: 0.25 | Win%: 34.0 | S0: 228.2 | FPS: 1903.8 | Var: ddqn
Step: 1639424 | EPS: 0.27 | Rew: 0.27 | Win%: 33.5 | S0: 225.0 | FPS: 2052.9 | Var: ddqn
Step: 1640448 | EPS: 0.27 | Rew: 0.33 | Win%: 33.0 | S0: 216.3 | FPS: 1954.9 | Var: ddqn
Step: 1641472 | EPS: 0.27 | Rew: 0.22 | Win%: 33.5 | S0: 223.0 | FPS: 1943.1 | Var: ddqn
Step: 1642496 | EPS: 0.27 | Rew: 0.32 | Win%: 34.0 | S0: 227.8 | FPS: 1922.1 | Var: ddqn
Step: 1643520 | EPS: 0.27 | Rew: 0.25 | Win%: 33.5 | S0: 226.1 | FPS: 1771.4 | Var: ddqn
Step: 1644544 | EPS: 0.27 | Rew: 0.30 | Win%: 33.0 | S0: 235.6 | FPS: 1817.5 | Var: ddqn
Step: 1645568 | EPS: 0.26 | Rew: 0.25 | Win%: 34.0 | S0: 239.3 | FPS: 1924.2 | Var: ddqn
Step: 1646592 | EPS: 0.26 | Rew: 0.29 | Win%: 32.5 | S0: 230.5 | FPS: 1767.1 | Var: ddqn
Step: 1647616 | EPS: 0.26 | Rew: 0.23 | Win%: 34.0 | S0: 234.2 | FPS: 1880.3 | Var: ddqn
Step: 1648640 | EPS: 0.26 | Rew: 0.23 | Win%: 33.0 | S0: 232.7 | FPS: 2006.9 | Var: ddqn
Step: 1649664 | EPS: 0.26 | Rew: 0.23 | Win%: 31.5 | S0: 227.8 | FPS: 1906.0 | Var: ddqn
Step: 1650688 | EPS: 0.26 | Rew: 0.16 | Win%: 30.5 | S0: 221.8 | FPS: 1924.2 | Var: ddqn
Step: 1651712 | EPS: 0.26 | Rew: 0.20 | Win%: 30.5 | S0: 231.1 | FPS: 1659.4 | Var: ddqn
Step: 1652736 | EPS: 0.26 | Rew: 0.33 | Win%: 30.5 | S0: 227.2 | FPS: 1876.6 | Var: ddqn
Step: 1653760 | EPS: 0.26 | Rew: 0.26 | Win%: 31.0 | S0: 225.8 | FPS: 1772.7 | Var: ddqn
Step: 1654784 | EPS: 0.26 | Rew: 0.26 | Win%: 31.5 | S0: 226.2 | FPS: 1701.0 | Var: ddqn
Step: 1655808 | EPS: 0.26 | Rew: 0.28 | Win%: 32.0 | S0: 216.3 | FPS: 2021.6 | Var: ddqn
Step: 1656832 | EPS: 0.26 | Rew: 0.12 | Win%: 30.5 | S0: 210.9 | FPS: 1877.9 | Var: ddqn
Step: 1657856 | EPS: 0.26 | Rew: 0.09 | Win%: 31.0 | S0: 217.5 | FPS: 1889.6 | Var: ddqn
Step: 1658880 | EPS: 0.26 | Rew: 0.06 | Win%: 29.5 | S0: 213.3 | FPS: 1731.2 | Var: ddqn
Step: 1659904 | EPS: 0.26 | Rew: 0.02 | Win%: 30.0 | S0: 210.9 | FPS: 1756.9 | Var: ddqn
Step: 1660928 | EPS: 0.26 | Rew: 0.08 | Win%: 30.5 | S0: 221.7 | FPS: 1876.3 | Var: ddqn
Step: 1661952 | EPS: 0.26 | Rew: 0.25 | Win%: 31.0 | S0: 217.3 | FPS: 1729.1 | Var: ddqn
Step: 1662976 | EPS: 0.26 | Rew: 0.29 | Win%: 30.5 | S0: 216.5 | FPS: 1689.0 | Var: ddqn
Step: 1664000 | EPS: 0.26 | Rew: 0.30 | Win%: 29.0 | S0: 214.9 | FPS: 1933.0 | Var: ddqn
Step: 1665024 | EPS: 0.26 | Rew: 0.32 | Win%: 29.0 | S0: 214.4 | FPS: 1888.7 | Var: ddqn
Step: 1666048 | EPS: 0.26 | Rew: 0.29 | Win%: 30.0 | S0: 223.2 | FPS: 2022.2 | Var: ddqn
Step: 1667072 | EPS: 0.26 | Rew: 0.20 | Win%: 30.5 | S0: 226.8 | FPS: 1944.5 | Var: ddqn
Step: 1668096 | EPS: 0.26 | Rew: 0.15 | Win%: 31.0 | S0: 216.1 | FPS: 1732.9 | Var: ddqn
Step: 1669120 | EPS: 0.26 | Rew: 0.15 | Win%: 31.5 | S0: 219.7 | FPS: 1543.5 | Var: ddqn
Step: 1670144 | EPS: 0.26 | Rew: 0.12 | Win%: 30.5 | S0: 217.7 | FPS: 1710.6 | Var: ddqn
Step: 1671168 | EPS: 0.26 | Rew: 0.08 | Win%: 29.0 | S0: 204.8 | FPS: 1672.1 | Var: ddqn
Step: 1672192 | EPS: 0.26 | Rew: 0.21 | Win%: 29.5 | S0: 213.8 | FPS: 2010.2 | Var: ddqn
Step: 1673216 | EPS: 0.26 | Rew: 0.33 | Win%: 31.5 | S0: 224.1 | FPS: 1884.9 | Var: ddqn
Step: 1674240 | EPS: 0.26 | Rew: 0.30 | Win%: 31.5 | S0: 222.7 | FPS: 1994.4 | Var: ddqn
Step: 1675264 | EPS: 0.26 | Rew: 0.23 | Win%: 31.0 | S0: 212.2 | FPS: 1959.3 | Var: ddqn
Step: 1676288 | EPS: 0.26 | Rew: 0.26 | Win%: 30.5 | S0: 211.3 | FPS: 1720.2 | Var: ddqn
Step: 1677312 | EPS: 0.26 | Rew: 0.03 | Win%: 32.0 | S0: 212.1 | FPS: 1970.1 | Var: ddqn
Step: 1678336 | EPS: 0.26 | Rew: 0.07 | Win%: 32.5 | S0: 216.1 | FPS: 1931.8 | Var: ddqn
Step: 1679360 | EPS: 0.26 | Rew: 0.22 | Win%: 35.5 | S0: 226.7 | FPS: 1971.7 | Var: ddqn
Step: 1680384 | EPS: 0.26 | Rew: 0.31 | Win%: 37.0 | S0: 224.2 | FPS: 1663.6 | Var: ddqn
Step: 1681408 | EPS: 0.26 | Rew: 0.39 | Win%: 37.5 | S0: 224.7 | FPS: 1709.1 | Var: ddqn
Step: 1682432 | EPS: 0.26 | Rew: 0.37 | Win%: 34.0 | S0: 207.4 | FPS: 2027.0 | Var: ddqn
Step: 1683456 | EPS: 0.26 | Rew: 0.34 | Win%: 34.0 | S0: 204.6 | FPS: 1539.4 | Var: ddqn
Step: 1684480 | EPS: 0.26 | Rew: 0.24 | Win%: 36.0 | S0: 212.1 | FPS: 1759.6 | Var: ddqn
Step: 1685504 | EPS: 0.26 | Rew: 0.26 | Win%: 37.5 | S0: 216.9 | FPS: 1538.7 | Var: ddqn
Step: 1686528 | EPS: 0.26 | Rew: 0.24 | Win%: 39.0 | S0: 215.2 | FPS: 1829.1 | Var: ddqn
Step: 1687552 | EPS: 0.26 | Rew: 0.29 | Win%: 38.0 | S0: 219.4 | FPS: 1802.5 | Var: ddqn
Step: 1688576 | EPS: 0.26 | Rew: 0.39 | Win%: 38.5 | S0: 224.8 | FPS: 1523.4 | Var: ddqn
Step: 1689600 | EPS: 0.26 | Rew: 0.38 | Win%: 36.5 | S0: 217.8 | FPS: 1636.8 | Var: ddqn
Step: 1690624 | EPS: 0.26 | Rew: 0.39 | Win%: 38.0 | S0: 219.4 | FPS: 1740.2 | Var: ddqn
Step: 1691648 | EPS: 0.26 | Rew: 0.36 | Win%: 35.5 | S0: 218.2 | FPS: 1687.7 | Var: ddqn
Step: 1692672 | EPS: 0.26 | Rew: 0.34 | Win%: 34.5 | S0: 222.7 | FPS: 1881.5 | Var: ddqn
Step: 1693696 | EPS: 0.25 | Rew: 0.24 | Win%: 33.5 | S0: 220.1 | FPS: 1941.2 | Var: ddqn
Step: 1694720 | EPS: 0.25 | Rew: 0.12 | Win%: 32.0 | S0: 214.6 | FPS: 1826.9 | Var: ddqn
Step: 1695744 | EPS: 0.25 | Rew: 0.10 | Win%: 31.0 | S0: 213.6 | FPS: 2036.1 | Var: ddqn
Step: 1696768 | EPS: 0.25 | Rew: 0.08 | Win%: 29.0 | S0: 215.2 | FPS: 1701.9 | Var: ddqn
Step: 1697792 | EPS: 0.25 | Rew: 0.14 | Win%: 29.5 | S0: 218.2 | FPS: 1892.9 | Var: ddqn
Step: 1698816 | EPS: 0.25 | Rew: 0.24 | Win%: 30.0 | S0: 217.9 | FPS: 1665.2 | Var: ddqn
Step: 1699840 | EPS: 0.25 | Rew: 0.27 | Win%: 27.5 | S0: 211.5 | FPS: 1661.1 | Var: ddqn
Step: 1700864 | EPS: 0.25 | Rew: 0.23 | Win%: 26.5 | S0: 208.2 | FPS: 1799.4 | Var: ddqn
Step: 1701888 | EPS: 0.25 | Rew: 0.12 | Win%: 25.5 | S0: 196.3 | FPS: 1869.2 | Var: ddqn
Step: 1702912 | EPS: 0.25 | Rew: 0.10 | Win%: 27.5 | S0: 203.3 | FPS: 1776.0 | Var: ddqn
Step: 1703936 | EPS: 0.25 | Rew: 0.12 | Win%: 29.0 | S0: 213.2 | FPS: 1914.3 | Var: ddqn
Step: 1704960 | EPS: 0.25 | Rew: 0.16 | Win%: 29.0 | S0: 220.8 | FPS: 1875.9 | Var: ddqn
Step: 1705984 | EPS: 0.25 | Rew: 0.22 | Win%: 29.5 | S0: 217.4 | FPS: 1744.6 | Var: ddqn
Step: 1707008 | EPS: 0.25 | Rew: 0.38 | Win%: 32.0 | S0: 218.8 | FPS: 1817.4 | Var: ddqn
Step: 1708032 | EPS: 0.25 | Rew: 0.40 | Win%: 32.0 | S0: 214.9 | FPS: 1941.8 | Var: ddqn
Step: 1709056 | EPS: 0.25 | Rew: 0.48 | Win%: 32.0 | S0: 216.6 | FPS: 1701.3 | Var: ddqn
Step: 1710080 | EPS: 0.25 | Rew: 0.47 | Win%: 33.5 | S0: 225.8 | FPS: 1826.4 | Var: ddqn
Step: 1711104 | EPS: 0.25 | Rew: 0.48 | Win%: 34.5 | S0: 230.8 | FPS: 1730.8 | Var: ddqn
Step: 1712128 | EPS: 0.25 | Rew: 0.47 | Win%: 35.5 | S0: 235.7 | FPS: 2094.3 | Var: ddqn
Step: 1713152 | EPS: 0.25 | Rew: 0.33 | Win%: 35.0 | S0: 222.4 | FPS: 1880.1 | Var: ddqn
Step: 1714176 | EPS: 0.25 | Rew: 0.29 | Win%: 36.0 | S0: 233.4 | FPS: 1727.1 | Var: ddqn
Step: 1715200 | EPS: 0.25 | Rew: 0.28 | Win%: 35.0 | S0: 228.9 | FPS: 1751.0 | Var: ddqn
Step: 1716224 | EPS: 0.25 | Rew: 0.30 | Win%: 36.0 | S0: 235.8 | FPS: 1912.2 | Var: ddqn
Step: 1717248 | EPS: 0.25 | Rew: 0.42 | Win%: 37.0 | S0: 244.8 | FPS: 1871.8 | Var: ddqn
Step: 1718272 | EPS: 0.25 | Rew: 0.51 | Win%: 37.5 | S0: 238.2 | FPS: 2196.3 | Var: ddqn
Step: 1719296 | EPS: 0.25 | Rew: 0.46 | Win%: 37.5 | S0: 234.2 | FPS: 1982.2 | Var: ddqn
Step: 1720320 | EPS: 0.25 | Rew: 0.52 | Win%: 37.5 | S0: 238.3 | FPS: 1951.2 | Var: ddqn
Step: 1721344 | EPS: 0.25 | Rew: 0.58 | Win%: 38.5 | S0: 244.6 | FPS: 1861.3 | Var: ddqn
Step: 1722368 | EPS: 0.25 | Rew: 0.50 | Win%: 37.5 | S0: 241.9 | FPS: 1893.2 | Var: ddqn
Step: 1723392 | EPS: 0.25 | Rew: 0.43 | Win%: 38.5 | S0: 250.4 | FPS: 1843.0 | Var: ddqn
Step: 1724416 | EPS: 0.25 | Rew: 0.38 | Win%: 38.0 | S0: 251.6 | FPS: 1895.5 | Var: ddqn
Step: 1725440 | EPS: 0.25 | Rew: 0.41 | Win%: 38.0 | S0: 258.1 | FPS: 1847.6 | Var: ddqn
Step: 1726464 | EPS: 0.25 | Rew: 0.40 | Win%: 39.5 | S0: 262.4 | FPS: 1894.8 | Var: ddqn
Step: 1727488 | EPS: 0.25 | Rew: 0.32 | Win%: 38.0 | S0: 253.8 | FPS: 1755.2 | Var: ddqn
Step: 1728512 | EPS: 0.25 | Rew: 0.32 | Win%: 34.5 | S0: 245.3 | FPS: 1589.5 | Var: ddqn
Step: 1729536 | EPS: 0.25 | Rew: 0.24 | Win%: 31.0 | S0: 245.9 | FPS: 2001.8 | Var: ddqn
Step: 1730560 | EPS: 0.25 | Rew: 0.26 | Win%: 30.0 | S0: 246.9 | FPS: 1750.7 | Var: ddqn
Step: 1731584 | EPS: 0.25 | Rew: 0.10 | Win%: 29.0 | S0: 237.3 | FPS: 1756.7 | Var: ddqn
Step: 1732608 | EPS: 0.25 | Rew: 0.16 | Win%: 26.0 | S0: 226.2 | FPS: 2104.6 | Var: ddqn
Step: 1733632 | EPS: 0.25 | Rew: 0.17 | Win%: 26.5 | S0: 232.4 | FPS: 1763.4 | Var: ddqn
Step: 1734656 | EPS: 0.25 | Rew: 0.18 | Win%: 26.0 | S0: 235.2 | FPS: 1942.1 | Var: ddqn
Step: 1735680 | EPS: 0.25 | Rew: 0.21 | Win%: 26.5 | S0: 229.4 | FPS: 1843.7 | Var: ddqn
Step: 1736704 | EPS: 0.25 | Rew: 0.38 | Win%: 27.0 | S0: 226.3 | FPS: 2046.3 | Var: ddqn
Step: 1737728 | EPS: 0.25 | Rew: 0.36 | Win%: 28.5 | S0: 232.9 | FPS: 1831.1 | Var: ddqn
Step: 1738752 | EPS: 0.25 | Rew: 0.34 | Win%: 29.0 | S0: 230.9 | FPS: 2057.7 | Var: ddqn
Step: 1739776 | EPS: 0.25 | Rew: 0.45 | Win%: 32.5 | S0: 242.0 | FPS: 1556.4 | Var: ddqn
Step: 1740800 | EPS: 0.25 | Rew: 0.54 | Win%: 35.5 | S0: 252.9 | FPS: 1733.0 | Var: ddqn
Step: 1741824 | EPS: 0.25 | Rew: 0.63 | Win%: 36.0 | S0: 266.3 | FPS: 1988.4 | Var: ddqn
Step: 1742848 | EPS: 0.24 | Rew: 0.61 | Win%: 38.0 | S0: 272.2 | FPS: 1907.6 | Var: ddqn
>>> [Best] Saved -> agent/checkpoints/ddqn_battle.pth | Win% 38.0 | S0 272.2
Step: 1743872 | EPS: 0.24 | Rew: 0.59 | Win%: 37.5 | S0: 268.8 | FPS: 1812.9 | Var: ddqn
Step: 1744896 | EPS: 0.24 | Rew: 0.45 | Win%: 37.5 | S0: 263.6 | FPS: 2052.9 | Var: ddqn
Step: 1745920 | EPS: 0.24 | Rew: 0.39 | Win%: 37.5 | S0: 266.6 | FPS: 1922.2 | Var: ddqn
Step: 1746944 | EPS: 0.24 | Rew: 0.15 | Win%: 35.0 | S0: 254.8 | FPS: 1837.3 | Var: ddqn
Step: 1747968 | EPS: 0.24 | Rew: 0.20 | Win%: 34.5 | S0: 244.8 | FPS: 1834.2 | Var: ddqn
Step: 1748992 | EPS: 0.24 | Rew: 0.13 | Win%: 34.0 | S0: 239.8 | FPS: 1641.5 | Var: ddqn
Step: 1750016 | EPS: 0.24 | Rew: 0.13 | Win%: 32.5 | S0: 230.3 | FPS: 1766.7 | Var: ddqn
Step: 1751040 | EPS: 0.24 | Rew: 0.14 | Win%: 31.5 | S0: 211.7 | FPS: 1746.6 | Var: ddqn
Step: 1752064 | EPS: 0.24 | Rew: 0.28 | Win%: 31.5 | S0: 204.6 | FPS: 1856.6 | Var: ddqn
Step: 1753088 | EPS: 0.24 | Rew: 0.32 | Win%: 32.0 | S0: 213.1 | FPS: 1576.1 | Var: ddqn
Step: 1754112 | EPS: 0.24 | Rew: 0.39 | Win%: 33.0 | S0: 211.5 | FPS: 1980.5 | Var: ddqn
Step: 1755136 | EPS: 0.24 | Rew: 0.29 | Win%: 31.5 | S0: 208.8 | FPS: 1861.7 | Var: ddqn
Step: 1756160 | EPS: 0.24 | Rew: 0.35 | Win%: 33.0 | S0: 216.4 | FPS: 1922.9 | Var: ddqn
Step: 1757184 | EPS: 0.24 | Rew: 0.35 | Win%: 35.0 | S0: 230.4 | FPS: 1980.0 | Var: ddqn
Step: 1758208 | EPS: 0.24 | Rew: 0.32 | Win%: 35.5 | S0: 234.4 | FPS: 1939.6 | Var: ddqn
Step: 1759232 | EPS: 0.24 | Rew: 0.28 | Win%: 35.5 | S0: 237.4 | FPS: 1767.9 | Var: ddqn
Step: 1760256 | EPS: 0.24 | Rew: 0.37 | Win%: 35.5 | S0: 242.7 | FPS: 2012.0 | Var: ddqn
Step: 1761280 | EPS: 0.24 | Rew: 0.26 | Win%: 34.0 | S0: 237.5 | FPS: 1712.4 | Var: ddqn
Step: 1762304 | EPS: 0.24 | Rew: 0.18 | Win%: 32.5 | S0: 236.2 | FPS: 1953.1 | Var: ddqn
Step: 1763328 | EPS: 0.24 | Rew: 0.14 | Win%: 30.0 | S0: 231.0 | FPS: 2028.1 | Var: ddqn
Step: 1764352 | EPS: 0.24 | Rew: 0.09 | Win%: 28.0 | S0: 218.4 | FPS: 2090.3 | Var: ddqn
Step: 1765376 | EPS: 0.24 | Rew: 0.06 | Win%: 28.0 | S0: 216.2 | FPS: 1780.2 | Var: ddqn
Step: 1766400 | EPS: 0.24 | Rew: 0.08 | Win%: 28.5 | S0: 224.9 | FPS: 1715.2 | Var: ddqn
Step: 1767424 | EPS: 0.24 | Rew: 0.29 | Win%: 28.5 | S0: 228.3 | FPS: 1777.3 | Var: ddqn
Step: 1768448 | EPS: 0.24 | Rew: 0.35 | Win%: 28.5 | S0: 224.4 | FPS: 1926.4 | Var: ddqn
Step: 1769472 | EPS: 0.24 | Rew: 0.42 | Win%: 28.5 | S0: 228.1 | FPS: 1962.5 | Var: ddqn
Step: 1770496 | EPS: 0.24 | Rew: 0.49 | Win%: 29.0 | S0: 230.3 | FPS: 2010.5 | Var: ddqn
Step: 1771520 | EPS: 0.24 | Rew: 0.40 | Win%: 27.5 | S0: 227.3 | FPS: 1748.4 | Var: ddqn
Step: 1772544 | EPS: 0.24 | Rew: 0.22 | Win%: 28.0 | S0: 233.4 | FPS: 1948.7 | Var: ddqn
Step: 1773568 | EPS: 0.24 | Rew: 0.31 | Win%: 32.5 | S0: 241.3 | FPS: 1767.3 | Var: ddqn
Step: 1774592 | EPS: 0.24 | Rew: 0.25 | Win%: 33.5 | S0: 243.2 | FPS: 1774.8 | Var: ddqn
Step: 1775616 | EPS: 0.24 | Rew: 0.36 | Win%: 35.5 | S0: 251.9 | FPS: 2182.5 | Var: ddqn
Step: 1776640 | EPS: 0.24 | Rew: 0.44 | Win%: 36.5 | S0: 251.0 | FPS: 1940.8 | Var: ddqn
Step: 1777664 | EPS: 0.24 | Rew: 0.61 | Win%: 37.0 | S0: 252.7 | FPS: 1997.0 | Var: ddqn
Step: 1778688 | EPS: 0.24 | Rew: 0.46 | Win%: 35.5 | S0: 246.1 | FPS: 1839.3 | Var: ddqn
Step: 1779712 | EPS: 0.24 | Rew: 0.51 | Win%: 35.0 | S0: 247.4 | FPS: 1858.3 | Var: ddqn
Step: 1780736 | EPS: 0.24 | Rew: 0.47 | Win%: 34.5 | S0: 239.4 | FPS: 1841.9 | Var: ddqn
Step: 1781760 | EPS: 0.24 | Rew: 0.29 | Win%: 34.5 | S0: 234.2 | FPS: 2053.4 | Var: ddqn
Step: 1782784 | EPS: 0.24 | Rew: 0.28 | Win%: 37.0 | S0: 244.2 | FPS: 1817.1 | Var: ddqn
Step: 1783808 | EPS: 0.24 | Rew: 0.42 | Win%: 37.0 | S0: 249.2 | FPS: 1833.4 | Var: ddqn
Step: 1784832 | EPS: 0.24 | Rew: 0.40 | Win%: 35.5 | S0: 254.7 | FPS: 2058.2 | Var: ddqn
Step: 1785856 | EPS: 0.24 | Rew: 0.48 | Win%: 35.0 | S0: 255.9 | FPS: 1790.2 | Var: ddqn
Step: 1786880 | EPS: 0.24 | Rew: 0.51 | Win%: 34.0 | S0: 250.8 | FPS: 1939.3 | Var: ddqn
Step: 1787904 | EPS: 0.24 | Rew: 0.65 | Win%: 32.5 | S0: 255.1 | FPS: 1662.9 | Var: ddqn
Step: 1788928 | EPS: 0.24 | Rew: 0.55 | Win%: 33.5 | S0: 253.4 | FPS: 1945.3 | Var: ddqn
Step: 1789952 | EPS: 0.24 | Rew: 0.46 | Win%: 32.5 | S0: 244.6 | FPS: 1998.3 | Var: ddqn
Step: 1790976 | EPS: 0.24 | Rew: 0.36 | Win%: 32.5 | S0: 242.3 | FPS: 2013.3 | Var: ddqn
Step: 1792000 | EPS: 0.23 | Rew: 0.38 | Win%: 34.5 | S0: 251.9 | FPS: 1696.2 | Var: ddqn
Step: 1793024 | EPS: 0.23 | Rew: 0.31 | Win%: 36.0 | S0: 249.8 | FPS: 1833.9 | Var: ddqn
Step: 1794048 | EPS: 0.23 | Rew: 0.16 | Win%: 33.5 | S0: 234.0 | FPS: 1801.7 | Var: ddqn
Step: 1795072 | EPS: 0.23 | Rew: 0.18 | Win%: 34.0 | S0: 226.7 | FPS: 1741.0 | Var: ddqn
Step: 1796096 | EPS: 0.23 | Rew: 0.26 | Win%: 34.0 | S0: 225.2 | FPS: 1955.2 | Var: ddqn
Step: 1797120 | EPS: 0.23 | Rew: 0.22 | Win%: 34.5 | S0: 226.4 | FPS: 1934.9 | Var: ddqn
Step: 1798144 | EPS: 0.23 | Rew: 0.23 | Win%: 34.0 | S0: 225.5 | FPS: 2048.2 | Var: ddqn
Step: 1799168 | EPS: 0.23 | Rew: 0.31 | Win%: 31.5 | S0: 217.9 | FPS: 2010.4 | Var: ddqn
Step: 1800192 | EPS: 0.23 | Rew: 0.42 | Win%: 33.5 | S0: 226.9 | FPS: 1933.6 | Var: ddqn
Step: 1801216 | EPS: 0.23 | Rew: 0.44 | Win%: 34.5 | S0: 238.1 | FPS: 1996.2 | Var: ddqn
Step: 1802240 | EPS: 0.23 | Rew: 0.20 | Win%: 31.5 | S0: 235.2 | FPS: 1762.1 | Var: ddqn
Step: 1803264 | EPS: 0.23 | Rew: 0.21 | Win%: 29.5 | S0: 219.7 | FPS: 1672.3 | Var: ddqn
Step: 1804288 | EPS: 0.23 | Rew: 0.27 | Win%: 30.0 | S0: 234.1 | FPS: 1782.3 | Var: ddqn
Step: 1805312 | EPS: 0.23 | Rew: 0.24 | Win%: 30.0 | S0: 237.4 | FPS: 1824.7 | Var: ddqn
Step: 1806336 | EPS: 0.23 | Rew: 0.33 | Win%: 31.5 | S0: 243.7 | FPS: 1883.0 | Var: ddqn
Step: 1807360 | EPS: 0.23 | Rew: 0.53 | Win%: 32.5 | S0: 249.6 | FPS: 1614.2 | Var: ddqn
Step: 1808384 | EPS: 0.23 | Rew: 0.80 | Win%: 36.0 | S0: 265.8 | FPS: 1979.6 | Var: ddqn
Step: 1809408 | EPS: 0.23 | Rew: 0.74 | Win%: 37.5 | S0: 266.4 | FPS: 1699.1 | Var: ddqn
Step: 1810432 | EPS: 0.23 | Rew: 0.74 | Win%: 36.0 | S0: 265.8 | FPS: 1724.5 | Var: ddqn
Step: 1811456 | EPS: 0.23 | Rew: 0.83 | Win%: 36.0 | S0: 272.6 | FPS: 1558.8 | Var: ddqn
Step: 1812480 | EPS: 0.23 | Rew: 0.72 | Win%: 37.0 | S0: 271.6 | FPS: 1842.4 | Var: ddqn
Step: 1813504 | EPS: 0.23 | Rew: 0.60 | Win%: 38.0 | S0: 278.4 | FPS: 1966.9 | Var: ddqn
>>> [Best] Saved -> agent/checkpoints/ddqn_battle.pth | Win% 38.0 | S0 278.4
Step: 1814528 | EPS: 0.23 | Rew: 0.47 | Win%: 37.0 | S0: 278.6 | FPS: 1703.1 | Var: ddqn
Step: 1815552 | EPS: 0.23 | Rew: 0.51 | Win%: 37.0 | S0: 276.9 | FPS: 2090.1 | Var: ddqn
Step: 1816576 | EPS: 0.23 | Rew: 0.44 | Win%: 39.5 | S0: 277.9 | FPS: 1906.5 | Var: ddqn
>>> [Best] Saved -> agent/checkpoints/ddqn_battle.pth | Win% 39.5 | S0 277.9
Step: 1817600 | EPS: 0.23 | Rew: 0.49 | Win%: 39.0 | S0: 284.8 | FPS: 1837.0 | Var: ddqn
>>> [Best] Saved -> agent/checkpoints/ddqn_battle.pth | Win% 39.0 | S0 284.8
Step: 1818624 | EPS: 0.23 | Rew: 0.41 | Win%: 35.5 | S0: 267.4 | FPS: 1752.3 | Var: ddqn
Step: 1819648 | EPS: 0.23 | Rew: 0.38 | Win%: 32.0 | S0: 253.3 | FPS: 1928.6 | Var: ddqn
Step: 1820672 | EPS: 0.23 | Rew: 0.26 | Win%: 30.5 | S0: 248.6 | FPS: 1878.0 | Var: ddqn
Step: 1821696 | EPS: 0.23 | Rew: 0.32 | Win%: 30.5 | S0: 250.8 | FPS: 1849.3 | Var: ddqn
Step: 1822720 | EPS: 0.23 | Rew: 0.44 | Win%: 32.0 | S0: 256.6 | FPS: 1803.6 | Var: ddqn
Step: 1823744 | EPS: 0.23 | Rew: 0.33 | Win%: 30.5 | S0: 249.2 | FPS: 1833.1 | Var: ddqn
Step: 1824768 | EPS: 0.23 | Rew: 0.49 | Win%: 32.0 | S0: 259.6 | FPS: 1876.2 | Var: ddqn
Step: 1825792 | EPS: 0.23 | Rew: 0.49 | Win%: 32.0 | S0: 253.4 | FPS: 1842.0 | Var: ddqn
Step: 1826816 | EPS: 0.23 | Rew: 0.55 | Win%: 32.0 | S0: 247.2 | FPS: 1708.5 | Var: ddqn
Step: 1827840 | EPS: 0.23 | Rew: 0.41 | Win%: 32.0 | S0: 260.4 | FPS: 1744.2 | Var: ddqn
Step: 1828864 | EPS: 0.23 | Rew: 0.38 | Win%: 30.0 | S0: 240.8 | FPS: 2179.2 | Var: ddqn
Step: 1829888 | EPS: 0.23 | Rew: 0.25 | Win%: 31.5 | S0: 240.2 | FPS: 1958.2 | Var: ddqn
Step: 1830912 | EPS: 0.23 | Rew: 0.36 | Win%: 34.0 | S0: 257.0 | FPS: 1858.0 | Var: ddqn
Step: 1831936 | EPS: 0.23 | Rew: 0.41 | Win%: 35.0 | S0: 248.2 | FPS: 1674.1 | Var: ddqn
Step: 1832960 | EPS: 0.23 | Rew: 0.24 | Win%: 33.0 | S0: 234.8 | FPS: 1947.2 | Var: ddqn
Step: 1833984 | EPS: 0.23 | Rew: 0.38 | Win%: 34.0 | S0: 236.4 | FPS: 1798.7 | Var: ddqn
Step: 1835008 | EPS: 0.23 | Rew: 0.43 | Win%: 33.5 | S0: 234.3 | FPS: 1815.3 | Var: ddqn
Step: 1836032 | EPS: 0.23 | Rew: 0.28 | Win%: 33.5 | S0: 234.2 | FPS: 1817.5 | Var: ddqn
Step: 1837056 | EPS: 0.23 | Rew: 0.32 | Win%: 32.5 | S0: 235.9 | FPS: 1919.9 | Var: ddqn
Step: 1838080 | EPS: 0.23 | Rew: 0.33 | Win%: 33.0 | S0: 237.0 | FPS: 1670.3 | Var: ddqn
Step: 1839104 | EPS: 0.23 | Rew: 0.32 | Win%: 30.0 | S0: 225.1 | FPS: 1778.1 | Var: ddqn
Step: 1840128 | EPS: 0.23 | Rew: 0.34 | Win%: 31.5 | S0: 237.3 | FPS: 2067.2 | Var: ddqn
Step: 1841152 | EPS: 0.22 | Rew: 0.35 | Win%: 32.5 | S0: 236.4 | FPS: 1646.6 | Var: ddqn
Step: 1842176 | EPS: 0.22 | Rew: 0.58 | Win%: 36.0 | S0: 248.8 | FPS: 1936.2 | Var: ddqn
Step: 1843200 | EPS: 0.22 | Rew: 0.64 | Win%: 35.5 | S0: 258.1 | FPS: 1989.1 | Var: ddqn
Step: 1844224 | EPS: 0.22 | Rew: 0.78 | Win%: 38.0 | S0: 270.3 | FPS: 1915.3 | Var: ddqn
Step: 1845248 | EPS: 0.22 | Rew: 0.78 | Win%: 36.0 | S0: 267.4 | FPS: 1966.6 | Var: ddqn
Step: 1846272 | EPS: 0.22 | Rew: 0.77 | Win%: 35.0 | S0: 265.1 | FPS: 1664.0 | Var: ddqn
Step: 1847296 | EPS: 0.22 | Rew: 0.62 | Win%: 35.5 | S0: 261.9 | FPS: 1838.1 | Var: ddqn
Step: 1848320 | EPS: 0.22 | Rew: 0.52 | Win%: 36.5 | S0: 265.3 | FPS: 1872.0 | Var: ddqn
Step: 1849344 | EPS: 0.22 | Rew: 0.41 | Win%: 36.5 | S0: 269.4 | FPS: 1755.6 | Var: ddqn
Step: 1850368 | EPS: 0.22 | Rew: 0.34 | Win%: 35.5 | S0: 269.2 | FPS: 1856.5 | Var: ddqn
Step: 1851392 | EPS: 0.22 | Rew: 0.32 | Win%: 36.0 | S0: 274.9 | FPS: 1771.6 | Var: ddqn
Step: 1852416 | EPS: 0.22 | Rew: 0.31 | Win%: 35.0 | S0: 272.2 | FPS: 1873.9 | Var: ddqn
Step: 1853440 | EPS: 0.22 | Rew: 0.36 | Win%: 33.5 | S0: 265.8 | FPS: 1777.1 | Var: ddqn
Step: 1854464 | EPS: 0.22 | Rew: 0.34 | Win%: 31.5 | S0: 251.1 | FPS: 1783.3 | Var: ddqn
Step: 1855488 | EPS: 0.22 | Rew: 0.32 | Win%: 29.5 | S0: 238.7 | FPS: 1950.6 | Var: ddqn
Step: 1856512 | EPS: 0.22 | Rew: 0.42 | Win%: 30.5 | S0: 242.4 | FPS: 1954.2 | Var: ddqn
Step: 1857536 | EPS: 0.22 | Rew: 0.49 | Win%: 32.5 | S0: 240.6 | FPS: 1756.2 | Var: ddqn
Step: 1858560 | EPS: 0.22 | Rew: 0.44 | Win%: 31.5 | S0: 242.6 | FPS: 1804.1 | Var: ddqn
Step: 1859584 | EPS: 0.22 | Rew: 0.54 | Win%: 32.0 | S0: 251.8 | FPS: 1957.8 | Var: ddqn
Step: 1860608 | EPS: 0.22 | Rew: 0.55 | Win%: 32.0 | S0: 253.6 | FPS: 1784.1 | Var: ddqn
Step: 1861632 | EPS: 0.22 | Rew: 0.63 | Win%: 34.5 | S0: 260.8 | FPS: 1755.2 | Var: ddqn
Step: 1862656 | EPS: 0.22 | Rew: 0.60 | Win%: 33.0 | S0: 250.9 | FPS: 1911.3 | Var: ddqn
Step: 1863680 | EPS: 0.22 | Rew: 0.59 | Win%: 36.0 | S0: 263.2 | FPS: 1939.8 | Var: ddqn
Step: 1864704 | EPS: 0.22 | Rew: 0.62 | Win%: 36.0 | S0: 256.5 | FPS: 1643.4 | Var: ddqn
Step: 1865728 | EPS: 0.22 | Rew: 0.55 | Win%: 35.5 | S0: 263.5 | FPS: 1922.5 | Var: ddqn
Step: 1866752 | EPS: 0.22 | Rew: 0.60 | Win%: 36.5 | S0: 277.1 | FPS: 1839.5 | Var: ddqn
Step: 1867776 | EPS: 0.22 | Rew: 0.55 | Win%: 34.5 | S0: 276.9 | FPS: 1720.7 | Var: ddqn
Step: 1868800 | EPS: 0.22 | Rew: 0.66 | Win%: 36.0 | S0: 280.5 | FPS: 1627.8 | Var: ddqn
Step: 1869824 | EPS: 0.22 | Rew: 0.63 | Win%: 36.5 | S0: 281.4 | FPS: 1832.3 | Var: ddqn
Step: 1870848 | EPS: 0.22 | Rew: 0.52 | Win%: 35.0 | S0: 267.2 | FPS: 1871.2 | Var: ddqn
Step: 1871872 | EPS: 0.22 | Rew: 0.29 | Win%: 34.0 | S0: 257.0 | FPS: 1631.2 | Var: ddqn
Step: 1872896 | EPS: 0.22 | Rew: 0.27 | Win%: 34.0 | S0: 252.4 | FPS: 1672.5 | Var: ddqn
Step: 1873920 | EPS: 0.22 | Rew: 0.24 | Win%: 34.5 | S0: 252.7 | FPS: 1907.7 | Var: ddqn
Step: 1874944 | EPS: 0.22 | Rew: 0.18 | Win%: 34.0 | S0: 248.4 | FPS: 2066.0 | Var: ddqn
Step: 1875968 | EPS: 0.22 | Rew: 0.25 | Win%: 33.5 | S0: 243.9 | FPS: 1750.1 | Var: ddqn
Step: 1876992 | EPS: 0.22 | Rew: 0.27 | Win%: 32.0 | S0: 226.9 | FPS: 2005.2 | Var: ddqn
Step: 1878016 | EPS: 0.22 | Rew: 0.34 | Win%: 33.0 | S0: 226.3 | FPS: 1793.0 | Var: ddqn
Step: 1879040 | EPS: 0.22 | Rew: 0.39 | Win%: 35.5 | S0: 229.7 | FPS: 1791.3 | Var: ddqn
Step: 1880064 | EPS: 0.22 | Rew: 0.36 | Win%: 33.5 | S0: 219.0 | FPS: 1949.1 | Var: ddqn
Step: 1881088 | EPS: 0.22 | Rew: 0.42 | Win%: 33.0 | S0: 216.1 | FPS: 2058.3 | Var: ddqn
Step: 1882112 | EPS: 0.22 | Rew: 0.40 | Win%: 33.5 | S0: 225.7 | FPS: 1859.5 | Var: ddqn
Step: 1883136 | EPS: 0.22 | Rew: 0.43 | Win%: 35.5 | S0: 237.7 | FPS: 1715.6 | Var: ddqn
Step: 1884160 | EPS: 0.22 | Rew: 0.43 | Win%: 35.0 | S0: 244.1 | FPS: 1757.9 | Var: ddqn
Step: 1885184 | EPS: 0.22 | Rew: 0.43 | Win%: 36.5 | S0: 252.0 | FPS: 1853.0 | Var: ddqn
Step: 1886208 | EPS: 0.22 | Rew: 0.67 | Win%: 37.0 | S0: 259.6 | FPS: 2042.4 | Var: ddqn
Step: 1887232 | EPS: 0.22 | Rew: 0.67 | Win%: 38.5 | S0: 268.0 | FPS: 1807.9 | Var: ddqn
Step: 1888256 | EPS: 0.22 | Rew: 0.58 | Win%: 37.5 | S0: 265.6 | FPS: 1729.5 | Var: ddqn
Step: 1889280 | EPS: 0.22 | Rew: 0.73 | Win%: 36.5 | S0: 271.9 | FPS: 1672.4 | Var: ddqn
Step: 1890304 | EPS: 0.21 | Rew: 0.63 | Win%: 35.0 | S0: 269.8 | FPS: 1799.6 | Var: ddqn
Step: 1891328 | EPS: 0.21 | Rew: 0.58 | Win%: 36.5 | S0: 274.4 | FPS: 1842.9 | Var: ddqn
Step: 1892352 | EPS: 0.21 | Rew: 0.49 | Win%: 36.5 | S0: 278.4 | FPS: 1991.9 | Var: ddqn
Step: 1893376 | EPS: 0.21 | Rew: 0.45 | Win%: 34.5 | S0: 264.9 | FPS: 1818.2 | Var: ddqn
Step: 1894400 | EPS: 0.21 | Rew: 0.45 | Win%: 36.0 | S0: 262.4 | FPS: 1825.0 | Var: ddqn
Step: 1895424 | EPS: 0.21 | Rew: 0.64 | Win%: 38.5 | S0: 274.4 | FPS: 1945.2 | Var: ddqn
Step: 1896448 | EPS: 0.21 | Rew: 0.55 | Win%: 35.0 | S0: 262.8 | FPS: 1945.8 | Var: ddqn
Step: 1897472 | EPS: 0.21 | Rew: 0.53 | Win%: 36.5 | S0: 264.8 | FPS: 1753.4 | Var: ddqn
Step: 1898496 | EPS: 0.21 | Rew: 0.58 | Win%: 36.5 | S0: 265.4 | FPS: 1768.5 | Var: ddqn
Step: 1899520 | EPS: 0.21 | Rew: 0.57 | Win%: 36.0 | S0: 258.4 | FPS: 1647.4 | Var: ddqn
Step: 1900544 | EPS: 0.21 | Rew: 0.38 | Win%: 38.0 | S0: 261.8 | FPS: 1754.1 | Var: ddqn
Step: 1901568 | EPS: 0.21 | Rew: 0.27 | Win%: 35.5 | S0: 246.2 | FPS: 1789.9 | Var: ddqn
Step: 1902592 | EPS: 0.21 | Rew: 0.22 | Win%: 34.5 | S0: 238.8 | FPS: 1848.1 | Var: ddqn
Step: 1903616 | EPS: 0.21 | Rew: 0.20 | Win%: 36.0 | S0: 236.2 | FPS: 1792.1 | Var: ddqn
Step: 1904640 | EPS: 0.21 | Rew: 0.12 | Win%: 35.0 | S0: 238.0 | FPS: 1788.7 | Var: ddqn
Step: 1905664 | EPS: 0.21 | Rew: 0.13 | Win%: 31.5 | S0: 222.3 | FPS: 1935.4 | Var: ddqn
Step: 1906688 | EPS: 0.21 | Rew: 0.25 | Win%: 31.5 | S0: 228.8 | FPS: 1820.0 | Var: ddqn
Step: 1907712 | EPS: 0.21 | Rew: 0.50 | Win%: 32.5 | S0: 240.9 | FPS: 1749.0 | Var: ddqn
Step: 1908736 | EPS: 0.21 | Rew: 0.44 | Win%: 31.5 | S0: 233.2 | FPS: 1667.4 | Var: ddqn
Step: 1909760 | EPS: 0.21 | Rew: 0.54 | Win%: 31.0 | S0: 240.2 | FPS: 1817.9 | Var: ddqn
Step: 1910784 | EPS: 0.21 | Rew: 0.54 | Win%: 30.0 | S0: 234.2 | FPS: 1674.3 | Var: ddqn
Step: 1911808 | EPS: 0.21 | Rew: 0.49 | Win%: 30.0 | S0: 244.8 | FPS: 1858.2 | Var: ddqn
Step: 1912832 | EPS: 0.21 | Rew: 0.24 | Win%: 30.0 | S0: 245.4 | FPS: 1975.6 | Var: ddqn
Step: 1913856 | EPS: 0.21 | Rew: 0.33 | Win%: 30.0 | S0: 251.7 | FPS: 1866.4 | Var: ddqn
Step: 1914880 | EPS: 0.21 | Rew: 0.33 | Win%: 29.0 | S0: 255.7 | FPS: 1919.7 | Var: ddqn
Step: 1915904 | EPS: 0.21 | Rew: 0.32 | Win%: 29.5 | S0: 266.4 | FPS: 1944.7 | Var: ddqn
Step: 1916928 | EPS: 0.21 | Rew: 0.21 | Win%: 28.5 | S0: 255.7 | FPS: 2003.6 | Var: ddqn
Step: 1917952 | EPS: 0.21 | Rew: 0.30 | Win%: 29.5 | S0: 253.8 | FPS: 2012.2 | Var: ddqn
Step: 1918976 | EPS: 0.21 | Rew: 0.41 | Win%: 28.0 | S0: 244.3 | FPS: 1913.8 | Var: ddqn
Step: 1920000 | EPS: 0.21 | Rew: 0.35 | Win%: 28.0 | S0: 239.2 | FPS: 1843.8 | Var: ddqn
Step: 1921024 | EPS: 0.21 | Rew: 0.36 | Win%: 28.5 | S0: 238.5 | FPS: 1676.5 | Var: ddqn
Step: 1922048 | EPS: 0.21 | Rew: 0.37 | Win%: 28.5 | S0: 241.9 | FPS: 1597.6 | Var: ddqn
Step: 1923072 | EPS: 0.21 | Rew: 0.46 | Win%: 30.0 | S0: 248.1 | FPS: 1753.7 | Var: ddqn
Step: 1924096 | EPS: 0.21 | Rew: 0.42 | Win%: 30.0 | S0: 247.2 | FPS: 1769.5 | Var: ddqn
Step: 1925120 | EPS: 0.21 | Rew: 0.46 | Win%: 30.5 | S0: 249.2 | FPS: 1687.6 | Var: ddqn
Step: 1926144 | EPS: 0.21 | Rew: 0.47 | Win%: 32.0 | S0: 249.3 | FPS: 1915.4 | Var: ddqn
Step: 1927168 | EPS: 0.21 | Rew: 0.56 | Win%: 33.5 | S0: 248.8 | FPS: 1762.5 | Var: ddqn
Step: 1928192 | EPS: 0.21 | Rew: 0.47 | Win%: 32.5 | S0: 239.7 | FPS: 2018.9 | Var: ddqn
Step: 1929216 | EPS: 0.21 | Rew: 0.22 | Win%: 31.0 | S0: 233.2 | FPS: 1864.9 | Var: ddqn
Step: 1930240 | EPS: 0.21 | Rew: 0.36 | Win%: 33.5 | S0: 253.9 | FPS: 1921.9 | Var: ddqn
Step: 1931264 | EPS: 0.21 | Rew: 0.35 | Win%: 33.5 | S0: 252.7 | FPS: 1581.5 | Var: ddqn
Step: 1932288 | EPS: 0.21 | Rew: 0.49 | Win%: 36.0 | S0: 273.8 | FPS: 1502.2 | Var: ddqn
Step: 1933312 | EPS: 0.21 | Rew: 0.55 | Win%: 37.0 | S0: 268.8 | FPS: 1952.6 | Var: ddqn
Step: 1934336 | EPS: 0.21 | Rew: 0.79 | Win%: 39.0 | S0: 261.2 | FPS: 1868.5 | Var: ddqn
Step: 1935360 | EPS: 0.21 | Rew: 0.66 | Win%: 38.5 | S0: 262.9 | FPS: 1816.0 | Var: ddqn
Step: 1936384 | EPS: 0.21 | Rew: 0.79 | Win%: 39.0 | S0: 266.4 | FPS: 1716.1 | Var: ddqn
Step: 1937408 | EPS: 0.21 | Rew: 0.70 | Win%: 38.5 | S0: 272.4 | FPS: 1984.1 | Var: ddqn
Step: 1938432 | EPS: 0.21 | Rew: 0.67 | Win%: 38.0 | S0: 276.8 | FPS: 1673.0 | Var: ddqn
Step: 1939456 | EPS: 0.20 | Rew: 0.52 | Win%: 39.5 | S0: 279.2 | FPS: 1904.1 | Var: ddqn
Step: 1940480 | EPS: 0.20 | Rew: 0.49 | Win%: 39.5 | S0: 275.6 | FPS: 1598.2 | Var: ddqn
Step: 1941504 | EPS: 0.20 | Rew: 0.51 | Win%: 40.0 | S0: 275.5 | FPS: 1848.5 | Var: ddqn
Step: 1942528 | EPS: 0.20 | Rew: 0.26 | Win%: 37.5 | S0: 258.0 | FPS: 1766.4 | Var: ddqn
Step: 1943552 | EPS: 0.20 | Rew: 0.16 | Win%: 36.0 | S0: 246.7 | FPS: 1699.9 | Var: ddqn
Step: 1944576 | EPS: 0.20 | Rew: 0.26 | Win%: 35.5 | S0: 251.5 | FPS: 1710.6 | Var: ddqn
Step: 1945600 | EPS: 0.20 | Rew: 0.35 | Win%: 34.0 | S0: 256.8 | FPS: 1814.1 | Var: ddqn
Step: 1946624 | EPS: 0.20 | Rew: 0.08 | Win%: 31.5 | S0: 242.2 | FPS: 1667.4 | Var: ddqn
Step: 1947648 | EPS: 0.20 | Rew: 0.05 | Win%: 30.0 | S0: 232.4 | FPS: 1682.7 | Var: ddqn
Step: 1948672 | EPS: 0.20 | Rew: 0.23 | Win%: 30.5 | S0: 230.4 | FPS: 1669.0 | Var: ddqn
Step: 1949696 | EPS: 0.20 | Rew: 0.33 | Win%: 30.5 | S0: 238.6 | FPS: 1906.2 | Var: ddqn
Step: 1950720 | EPS: 0.20 | Rew: 0.27 | Win%: 31.0 | S0: 242.3 | FPS: 1818.1 | Var: ddqn
Step: 1951744 | EPS: 0.20 | Rew: 0.36 | Win%: 29.5 | S0: 228.5 | FPS: 1768.0 | Var: ddqn
Step: 1952768 | EPS: 0.20 | Rew: 0.43 | Win%: 30.0 | S0: 238.0 | FPS: 1741.4 | Var: ddqn
Step: 1953792 | EPS: 0.20 | Rew: 0.55 | Win%: 31.0 | S0: 249.1 | FPS: 1841.0 | Var: ddqn
Step: 1954816 | EPS: 0.20 | Rew: 0.61 | Win%: 33.0 | S0: 262.2 | FPS: 1793.7 | Var: ddqn
Step: 1955840 | EPS: 0.20 | Rew: 0.77 | Win%: 34.5 | S0: 263.6 | FPS: 2119.2 | Var: ddqn
Step: 1956864 | EPS: 0.20 | Rew: 0.72 | Win%: 35.5 | S0: 267.9 | FPS: 1750.4 | Var: ddqn
Step: 1957888 | EPS: 0.20 | Rew: 0.64 | Win%: 36.5 | S0: 266.0 | FPS: 1956.3 | Var: ddqn
Step: 1958912 | EPS: 0.20 | Rew: 0.56 | Win%: 36.0 | S0: 255.9 | FPS: 1804.5 | Var: ddqn
Step: 1959936 | EPS: 0.20 | Rew: 0.47 | Win%: 36.0 | S0: 256.6 | FPS: 1792.7 | Var: ddqn
Step: 1960960 | EPS: 0.20 | Rew: 0.40 | Win%: 35.5 | S0: 260.4 | FPS: 1931.7 | Var: ddqn
Step: 1961984 | EPS: 0.20 | Rew: 0.44 | Win%: 36.5 | S0: 258.8 | FPS: 1733.9 | Var: ddqn
Step: 1963008 | EPS: 0.20 | Rew: 0.43 | Win%: 35.0 | S0: 246.1 | FPS: 1782.2 | Var: ddqn
Step: 1964032 | EPS: 0.20 | Rew: 0.39 | Win%: 33.5 | S0: 231.4 | FPS: 1896.4 | Var: ddqn
Step: 1965056 | EPS: 0.20 | Rew: 0.35 | Win%: 31.5 | S0: 217.9 | FPS: 1819.5 | Var: ddqn
Step: 1966080 | EPS: 0.20 | Rew: 0.25 | Win%: 31.0 | S0: 214.5 | FPS: 1896.4 | Var: ddqn
Step: 1967104 | EPS: 0.20 | Rew: 0.21 | Win%: 32.5 | S0: 212.0 | FPS: 1543.7 | Var: ddqn
Step: 1968128 | EPS: 0.20 | Rew: 0.41 | Win%: 32.5 | S0: 217.2 | FPS: 1768.4 | Var: ddqn
Step: 1969152 | EPS: 0.20 | Rew: 0.44 | Win%: 34.0 | S0: 226.3 | FPS: 1675.6 | Var: ddqn
Step: 1970176 | EPS: 0.20 | Rew: 0.51 | Win%: 36.0 | S0: 226.1 | FPS: 1955.6 | Var: ddqn
Step: 1971200 | EPS: 0.20 | Rew: 0.59 | Win%: 36.0 | S0: 229.9 | FPS: 1852.7 | Var: ddqn
Step: 1972224 | EPS: 0.20 | Rew: 0.62 | Win%: 36.0 | S0: 232.2 | FPS: 1644.1 | Var: ddqn
Step: 1973248 | EPS: 0.20 | Rew: 0.37 | Win%: 33.5 | S0: 223.8 | FPS: 2032.3 | Var: ddqn
Step: 1974272 | EPS: 0.20 | Rew: 0.16 | Win%: 34.0 | S0: 224.1 | FPS: 1930.7 | Var: ddqn
Step: 1975296 | EPS: 0.20 | Rew: 0.13 | Win%: 34.0 | S0: 222.1 | FPS: 2009.9 | Var: ddqn
Step: 1976320 | EPS: 0.20 | Rew: -0.01 | Win%: 32.0 | S0: 218.0 | FPS: 1829.5 | Var: ddqn
Step: 1977344 | EPS: 0.20 | Rew: 0.03 | Win%: 29.0 | S0: 215.9 | FPS: 1851.3 | Var: ddqn
Step: 1978368 | EPS: 0.20 | Rew: 0.16 | Win%: 29.0 | S0: 212.9 | FPS: 1791.6 | Var: ddqn
Step: 1979392 | EPS: 0.20 | Rew: 0.13 | Win%: 26.5 | S0: 200.0 | FPS: 1914.8 | Var: ddqn
Step: 1980416 | EPS: 0.20 | Rew: 0.14 | Win%: 26.0 | S0: 196.2 | FPS: 1965.3 | Var: ddqn
Step: 1981440 | EPS: 0.20 | Rew: 0.30 | Win%: 28.0 | S0: 194.9 | FPS: 1844.6 | Var: ddqn
Step: 1982464 | EPS: 0.20 | Rew: 0.45 | Win%: 30.5 | S0: 209.1 | FPS: 1806.6 | Var: ddqn
Step: 1983488 | EPS: 0.20 | Rew: 0.62 | Win%: 34.0 | S0: 233.9 | FPS: 2206.5 | Var: ddqn
Step: 1984512 | EPS: 0.20 | Rew: 0.79 | Win%: 35.0 | S0: 246.4 | FPS: 1880.2 | Var: ddqn
Step: 1985536 | EPS: 0.20 | Rew: 0.93 | Win%: 36.5 | S0: 261.1 | FPS: 2050.7 | Var: ddqn
Step: 1986560 | EPS: 0.20 | Rew: 0.92 | Win%: 37.5 | S0: 269.6 | FPS: 1806.4 | Var: ddqn
Step: 1987584 | EPS: 0.20 | Rew: 0.96 | Win%: 41.5 | S0: 293.9 | FPS: 1774.4 | Var: ddqn
>>> [Best] Saved -> agent/checkpoints/ddqn_battle.pth | Win% 41.5 | S0 293.9
Step: 1988608 | EPS: 0.19 | Rew: 0.97 | Win%: 42.0 | S0: 295.8 | FPS: 1564.4 | Var: ddqn
Step: 1989632 | EPS: 0.19 | Rew: 0.79 | Win%: 42.5 | S0: 298.5 | FPS: 1613.5 | Var: ddqn
Step: 1990656 | EPS: 0.19 | Rew: 0.75 | Win%: 43.0 | S0: 304.8 | FPS: 1944.1 | Var: ddqn
>>> [Best] Saved -> agent/checkpoints/ddqn_battle.pth | Win% 43.0 | S0 304.8
Step: 1991680 | EPS: 0.19 | Rew: 0.62 | Win%: 40.5 | S0: 293.6 | FPS: 1833.3 | Var: ddqn
Step: 1992704 | EPS: 0.19 | Rew: 0.52 | Win%: 39.5 | S0: 291.6 | FPS: 2015.1 | Var: ddqn
Step: 1993728 | EPS: 0.19 | Rew: 0.37 | Win%: 38.5 | S0: 278.8 | FPS: 1935.7 | Var: ddqn
Step: 1994752 | EPS: 0.19 | Rew: 0.51 | Win%: 36.5 | S0: 266.6 | FPS: 1916.1 | Var: ddqn
Step: 1995776 | EPS: 0.19 | Rew: 0.50 | Win%: 36.5 | S0: 269.2 | FPS: 1803.7 | Var: ddqn
Step: 1996800 | EPS: 0.19 | Rew: 0.54 | Win%: 36.0 | S0: 267.2 | FPS: 1565.6 | Var: ddqn
Step: 1997824 | EPS: 0.19 | Rew: 0.52 | Win%: 34.5 | S0: 257.9 | FPS: 1935.8 | Var: ddqn
Step: 1998848 | EPS: 0.19 | Rew: 0.67 | Win%: 35.5 | S0: 256.7 | FPS: 1754.8 | Var: ddqn
Step: 1999872 | EPS: 0.19 | Rew: 0.67 | Win%: 36.5 | S0: 265.1 | FPS: 1869.1 | Var: ddqn
Step: 2000896 | EPS: 0.19 | Rew: 0.60 | Win%: 36.0 | S0: 258.8 | FPS: 1819.9 | Var: ddqn
Step: 2001920 | EPS: 0.19 | Rew: 0.57 | Win%: 36.0 | S0: 259.3 | FPS: 1736.4 | Var: ddqn
Step: 2002944 | EPS: 0.19 | Rew: 0.50 | Win%: 36.0 | S0: 253.8 | FPS: 1834.0 | Var: ddqn
Step: 2003968 | EPS: 0.19 | Rew: 0.53 | Win%: 37.5 | S0: 265.9 | FPS: 1673.2 | Var: ddqn
Step: 2004992 | EPS: 0.19 | Rew: 0.58 | Win%: 37.5 | S0: 260.0 | FPS: 1554.5 | Var: ddqn
Step: 2006016 | EPS: 0.19 | Rew: 0.53 | Win%: 36.5 | S0: 249.6 | FPS: 1952.2 | Var: ddqn
Step: 2007040 | EPS: 0.19 | Rew: 0.51 | Win%: 36.0 | S0: 252.6 | FPS: 1682.8 | Var: ddqn
Step: 2008064 | EPS: 0.19 | Rew: 0.61 | Win%: 36.5 | S0: 246.6 | FPS: 1771.4 | Var: ddqn
Step: 2009088 | EPS: 0.19 | Rew: 0.64 | Win%: 37.0 | S0: 254.0 | FPS: 1778.1 | Var: ddqn
Step: 2010112 | EPS: 0.19 | Rew: 0.54 | Win%: 35.5 | S0: 247.3 | FPS: 1780.9 | Var: ddqn
Step: 2011136 | EPS: 0.19 | Rew: 0.52 | Win%: 33.0 | S0: 247.9 | FPS: 1963.9 | Var: ddqn
Step: 2012160 | EPS: 0.19 | Rew: 0.59 | Win%: 34.5 | S0: 249.6 | FPS: 1802.8 | Var: ddqn
Step: 2013184 | EPS: 0.19 | Rew: 0.61 | Win%: 35.0 | S0: 261.2 | FPS: 1637.7 | Var: ddqn
Step: 2014208 | EPS: 0.19 | Rew: 0.51 | Win%: 34.0 | S0: 257.2 | FPS: 1723.0 | Var: ddqn
Step: 2015232 | EPS: 0.19 | Rew: 0.52 | Win%: 32.0 | S0: 251.7 | FPS: 1815.4 | Var: ddqn
Step: 2016256 | EPS: 0.19 | Rew: 0.64 | Win%: 33.5 | S0: 262.6 | FPS: 1872.9 | Var: ddqn
Step: 2017280 | EPS: 0.19 | Rew: 0.66 | Win%: 34.0 | S0: 270.1 | FPS: 1690.3 | Var: ddqn
Step: 2018304 | EPS: 0.19 | Rew: 0.61 | Win%: 34.5 | S0: 272.2 | FPS: 1809.5 | Var: ddqn
Step: 2019328 | EPS: 0.19 | Rew: 0.60 | Win%: 33.0 | S0: 272.6 | FPS: 1878.1 | Var: ddqn
Step: 2020352 | EPS: 0.19 | Rew: 0.49 | Win%: 30.0 | S0: 256.6 | FPS: 1840.6 | Var: ddqn
Step: 2021376 | EPS: 0.19 | Rew: 0.51 | Win%: 31.0 | S0: 258.6 | FPS: 2137.8 | Var: ddqn
Step: 2022400 | EPS: 0.19 | Rew: 0.43 | Win%: 33.0 | S0: 259.1 | FPS: 1970.7 | Var: ddqn
Step: 2023424 | EPS: 0.19 | Rew: 0.54 | Win%: 33.5 | S0: 268.4 | FPS: 1785.7 | Var: ddqn
Step: 2024448 | EPS: 0.19 | Rew: 0.52 | Win%: 35.5 | S0: 268.4 | FPS: 1830.7 | Var: ddqn
Step: 2025472 | EPS: 0.19 | Rew: 0.60 | Win%: 35.5 | S0: 265.0 | FPS: 1741.9 | Var: ddqn
Step: 2026496 | EPS: 0.19 | Rew: 0.53 | Win%: 35.0 | S0: 254.5 | FPS: 1672.1 | Var: ddqn
Step: 2027520 | EPS: 0.19 | Rew: 0.57 | Win%: 33.5 | S0: 250.3 | FPS: 1579.3 | Var: ddqn
Step: 2028544 | EPS: 0.19 | Rew: 0.39 | Win%: 35.0 | S0: 246.7 | FPS: 1682.4 | Var: ddqn
Step: 2029568 | EPS: 0.19 | Rew: 0.37 | Win%: 36.0 | S0: 233.1 | FPS: 1704.6 | Var: ddqn
Step: 2030592 | EPS: 0.19 | Rew: 0.39 | Win%: 37.0 | S0: 248.7 | FPS: 1699.7 | Var: ddqn
Step: 2031616 | EPS: 0.19 | Rew: 0.42 | Win%: 38.0 | S0: 252.7 | FPS: 1580.0 | Var: ddqn
Step: 2032640 | EPS: 0.19 | Rew: 0.64 | Win%: 41.0 | S0: 267.6 | FPS: 1833.5 | Var: ddqn
Step: 2033664 | EPS: 0.19 | Rew: 0.84 | Win%: 41.0 | S0: 276.1 | FPS: 1933.4 | Var: ddqn
Step: 2034688 | EPS: 0.19 | Rew: 0.80 | Win%: 39.0 | S0: 267.6 | FPS: 1798.5 | Var: ddqn
Step: 2035712 | EPS: 0.19 | Rew: 0.77 | Win%: 37.5 | S0: 259.8 | FPS: 1913.0 | Var: ddqn
Step: 2036736 | EPS: 0.19 | Rew: 0.78 | Win%: 39.0 | S0: 262.5 | FPS: 1801.1 | Var: ddqn
Step: 2037760 | EPS: 0.18 | Rew: 0.78 | Win%: 40.0 | S0: 267.2 | FPS: 1725.8 | Var: ddqn
Step: 2038784 | EPS: 0.18 | Rew: 0.58 | Win%: 40.0 | S0: 272.9 | FPS: 1733.9 | Var: ddqn
Step: 2039808 | EPS: 0.18 | Rew: 0.57 | Win%: 42.0 | S0: 280.3 | FPS: 1988.7 | Var: ddqn
Step: 2040832 | EPS: 0.18 | Rew: 0.60 | Win%: 40.5 | S0: 281.3 | FPS: 1887.1 | Var: ddqn
Step: 2041856 | EPS: 0.18 | Rew: 0.63 | Win%: 41.0 | S0: 290.4 | FPS: 1925.9 | Var: ddqn
Step: 2042880 | EPS: 0.18 | Rew: 0.65 | Win%: 38.5 | S0: 282.0 | FPS: 1808.5 | Var: ddqn
Step: 2043904 | EPS: 0.18 | Rew: 0.64 | Win%: 40.5 | S0: 281.2 | FPS: 1687.8 | Var: ddqn
Step: 2044928 | EPS: 0.18 | Rew: 0.62 | Win%: 37.0 | S0: 266.6 | FPS: 1932.1 | Var: ddqn
Step: 2045952 | EPS: 0.18 | Rew: 0.53 | Win%: 36.5 | S0: 253.7 | FPS: 1819.4 | Var: ddqn
Step: 2046976 | EPS: 0.18 | Rew: 0.53 | Win%: 37.5 | S0: 261.0 | FPS: 2033.7 | Var: ddqn
Step: 2048000 | EPS: 0.18 | Rew: 0.50 | Win%: 37.0 | S0: 266.2 | FPS: 1849.1 | Var: ddqn
Step: 2049024 | EPS: 0.18 | Rew: 0.71 | Win%: 38.0 | S0: 283.4 | FPS: 1833.0 | Var: ddqn
Step: 2050048 | EPS: 0.18 | Rew: 0.67 | Win%: 38.0 | S0: 282.6 | FPS: 1632.7 | Var: ddqn
Step: 2051072 | EPS: 0.18 | Rew: 0.64 | Win%: 37.5 | S0: 273.1 | FPS: 2102.6 | Var: ddqn
Step: 2052096 | EPS: 0.18 | Rew: 0.69 | Win%: 37.0 | S0: 274.6 | FPS: 1969.1 | Var: ddqn
Step: 2053120 | EPS: 0.18 | Rew: 0.93 | Win%: 39.0 | S0: 290.1 | FPS: 1629.2 | Var: ddqn
Step: 2054144 | EPS: 0.18 | Rew: 0.91 | Win%: 38.0 | S0: 281.1 | FPS: 1701.9 | Var: ddqn
Step: 2055168 | EPS: 0.18 | Rew: 0.47 | Win%: 36.0 | S0: 277.2 | FPS: 1988.8 | Var: ddqn
Step: 2056192 | EPS: 0.18 | Rew: 0.46 | Win%: 35.5 | S0: 275.3 | FPS: 1686.3 | Var: ddqn
Step: 2057216 | EPS: 0.18 | Rew: 0.50 | Win%: 34.0 | S0: 272.2 | FPS: 1929.3 | Var: ddqn
Step: 2058240 | EPS: 0.18 | Rew: 0.37 | Win%: 34.0 | S0: 279.1 | FPS: 1802.3 | Var: ddqn
Step: 2059264 | EPS: 0.18 | Rew: 0.33 | Win%: 35.0 | S0: 281.1 | FPS: 1669.2 | Var: ddqn
Step: 2060288 | EPS: 0.18 | Rew: 0.30 | Win%: 32.5 | S0: 257.6 | FPS: 1976.8 | Var: ddqn
Step: 2061312 | EPS: 0.18 | Rew: 0.53 | Win%: 32.5 | S0: 260.4 | FPS: 1750.0 | Var: ddqn
Step: 2062336 | EPS: 0.18 | Rew: 0.61 | Win%: 34.0 | S0: 278.2 | FPS: 1769.4 | Var: ddqn
Step: 2063360 | EPS: 0.18 | Rew: 0.65 | Win%: 34.0 | S0: 274.9 | FPS: 1819.2 | Var: ddqn
Step: 2064384 | EPS: 0.18 | Rew: 0.44 | Win%: 30.5 | S0: 251.3 | FPS: 1783.4 | Var: ddqn
Step: 2065408 | EPS: 0.18 | Rew: 0.59 | Win%: 32.0 | S0: 253.9 | FPS: 1791.7 | Var: ddqn
Step: 2066432 | EPS: 0.18 | Rew: 0.55 | Win%: 32.5 | S0: 257.3 | FPS: 1786.3 | Var: ddqn
Step: 2067456 | EPS: 0.18 | Rew: 0.40 | Win%: 33.0 | S0: 257.6 | FPS: 1929.3 | Var: ddqn
Step: 2068480 | EPS: 0.18 | Rew: 0.46 | Win%: 34.5 | S0: 264.6 | FPS: 2059.4 | Var: ddqn
Step: 2069504 | EPS: 0.18 | Rew: 0.49 | Win%: 34.0 | S0: 258.6 | FPS: 1867.4 | Var: ddqn
Step: 2070528 | EPS: 0.18 | Rew: 0.56 | Win%: 34.5 | S0: 269.6 | FPS: 1778.4 | Var: ddqn
Step: 2071552 | EPS: 0.18 | Rew: 0.68 | Win%: 36.0 | S0: 271.7 | FPS: 1585.4 | Var: ddqn
Step: 2072576 | EPS: 0.18 | Rew: 0.60 | Win%: 33.5 | S0: 267.3 | FPS: 1817.7 | Var: ddqn
Step: 2073600 | EPS: 0.18 | Rew: 0.47 | Win%: 31.5 | S0: 254.4 | FPS: 2046.2 | Var: ddqn
Step: 2074624 | EPS: 0.18 | Rew: 0.56 | Win%: 32.5 | S0: 254.9 | FPS: 1602.3 | Var: ddqn
Step: 2075648 | EPS: 0.18 | Rew: 0.44 | Win%: 33.5 | S0: 262.2 | FPS: 1784.9 | Var: ddqn
Step: 2076672 | EPS: 0.18 | Rew: 0.42 | Win%: 34.5 | S0: 260.8 | FPS: 2029.6 | Var: ddqn
Step: 2077696 | EPS: 0.18 | Rew: 0.50 | Win%: 34.0 | S0: 257.6 | FPS: 2001.9 | Var: ddqn
Step: 2078720 | EPS: 0.18 | Rew: 0.50 | Win%: 33.0 | S0: 250.8 | FPS: 1919.7 | Var: ddqn
Step: 2079744 | EPS: 0.18 | Rew: 0.37 | Win%: 32.5 | S0: 244.2 | FPS: 1786.6 | Var: ddqn
Step: 2080768 | EPS: 0.18 | Rew: 0.43 | Win%: 33.5 | S0: 252.8 | FPS: 1670.7 | Var: ddqn
Step: 2081792 | EPS: 0.18 | Rew: 0.41 | Win%: 32.5 | S0: 238.4 | FPS: 1935.1 | Var: ddqn
Step: 2082816 | EPS: 0.18 | Rew: 0.43 | Win%: 33.0 | S0: 241.6 | FPS: 2056.1 | Var: ddqn
Step: 2083840 | EPS: 0.18 | Rew: 0.52 | Win%: 32.0 | S0: 249.8 | FPS: 2013.4 | Var: ddqn
Step: 2084864 | EPS: 0.18 | Rew: 0.75 | Win%: 35.5 | S0: 269.8 | FPS: 1678.6 | Var: ddqn
Step: 2085888 | EPS: 0.18 | Rew: 0.85 | Win%: 34.5 | S0: 268.9 | FPS: 1915.9 | Var: ddqn
Step: 2086912 | EPS: 0.17 | Rew: 0.81 | Win%: 35.5 | S0: 281.4 | FPS: 1726.6 | Var: ddqn
Step: 2087936 | EPS: 0.17 | Rew: 0.85 | Win%: 34.5 | S0: 283.0 | FPS: 2011.5 | Var: ddqn
Step: 2088960 | EPS: 0.17 | Rew: 0.90 | Win%: 34.0 | S0: 284.7 | FPS: 1694.6 | Var: ddqn
Step: 2089984 | EPS: 0.17 | Rew: 0.57 | Win%: 32.0 | S0: 276.8 | FPS: 1770.5 | Var: ddqn
Step: 2091008 | EPS: 0.17 | Rew: 0.43 | Win%: 34.0 | S0: 282.6 | FPS: 1876.0 | Var: ddqn
Step: 2092032 | EPS: 0.17 | Rew: 0.52 | Win%: 36.5 | S0: 294.1 | FPS: 1784.2 | Var: ddqn
Step: 2093056 | EPS: 0.17 | Rew: 0.53 | Win%: 36.0 | S0: 301.2 | FPS: 1931.2 | Var: ddqn
Step: 2094080 | EPS: 0.17 | Rew: 0.47 | Win%: 35.0 | S0: 291.6 | FPS: 1807.6 | Var: ddqn
Step: 2095104 | EPS: 0.17 | Rew: 0.59 | Win%: 34.0 | S0: 280.0 | FPS: 2077.7 | Var: ddqn
Step: 2096128 | EPS: 0.17 | Rew: 0.69 | Win%: 33.0 | S0: 276.4 | FPS: 1846.7 | Var: ddqn
Step: 2097152 | EPS: 0.17 | Rew: 0.58 | Win%: 33.0 | S0: 266.9 | FPS: 1659.1 | Var: ddqn
Step: 2098176 | EPS: 0.17 | Rew: 0.56 | Win%: 34.0 | S0: 271.2 | FPS: 1729.6 | Var: ddqn
Step: 2099200 | EPS: 0.17 | Rew: 0.62 | Win%: 33.0 | S0: 270.5 | FPS: 2058.7 | Var: ddqn
Step: 2100224 | EPS: 0.17 | Rew: 0.75 | Win%: 35.0 | S0: 288.0 | FPS: 2309.8 | Var: ddqn
Step: 2101248 | EPS: 0.17 | Rew: 0.79 | Win%: 36.0 | S0: 295.2 | FPS: 1902.0 | Var: ddqn
Step: 2102272 | EPS: 0.17 | Rew: 0.63 | Win%: 31.5 | S0: 276.6 | FPS: 2049.2 | Var: ddqn
Step: 2103296 | EPS: 0.17 | Rew: 0.58 | Win%: 32.0 | S0: 267.6 | FPS: 1776.5 | Var: ddqn
Step: 2104320 | EPS: 0.17 | Rew: 0.49 | Win%: 31.5 | S0: 264.1 | FPS: 1931.7 | Var: ddqn
Step: 2105344 | EPS: 0.17 | Rew: 0.37 | Win%: 32.5 | S0: 265.1 | FPS: 1692.9 | Var: ddqn
Step: 2106368 | EPS: 0.17 | Rew: 0.44 | Win%: 33.0 | S0: 260.4 | FPS: 1969.9 | Var: ddqn
Step: 2107392 | EPS: 0.17 | Rew: 0.65 | Win%: 36.0 | S0: 273.1 | FPS: 1656.8 | Var: ddqn
Step: 2108416 | EPS: 0.17 | Rew: 0.77 | Win%: 37.5 | S0: 275.5 | FPS: 1712.0 | Var: ddqn
Step: 2109440 | EPS: 0.17 | Rew: 0.76 | Win%: 37.5 | S0: 273.8 | FPS: 1780.1 | Var: ddqn
Step: 2110464 | EPS: 0.17 | Rew: 0.79 | Win%: 36.0 | S0: 266.1 | FPS: 1797.1 | Var: ddqn
Step: 2111488 | EPS: 0.17 | Rew: 0.73 | Win%: 35.5 | S0: 265.6 | FPS: 1797.9 | Var: ddqn
Step: 2112512 | EPS: 0.17 | Rew: 0.75 | Win%: 38.0 | S0: 284.2 | FPS: 2154.5 | Var: ddqn
Step: 2113536 | EPS: 0.17 | Rew: 0.67 | Win%: 39.5 | S0: 288.4 | FPS: 2094.5 | Var: ddqn
Step: 2114560 | EPS: 0.17 | Rew: 0.79 | Win%: 41.5 | S0: 304.1 | FPS: 2043.0 | Var: ddqn
Step: 2115584 | EPS: 0.17 | Rew: 0.83 | Win%: 42.0 | S0: 303.8 | FPS: 1755.1 | Var: ddqn
Step: 2116608 | EPS: 0.17 | Rew: 0.77 | Win%: 39.5 | S0: 305.2 | FPS: 1726.6 | Var: ddqn
Step: 2117632 | EPS: 0.17 | Rew: 0.74 | Win%: 38.0 | S0: 297.6 | FPS: 2038.7 | Var: ddqn
Step: 2118656 | EPS: 0.17 | Rew: 0.52 | Win%: 35.0 | S0: 282.1 | FPS: 2014.2 | Var: ddqn
Step: 2119680 | EPS: 0.17 | Rew: 0.54 | Win%: 35.0 | S0: 282.6 | FPS: 1766.2 | Var: ddqn
Step: 2120704 | EPS: 0.17 | Rew: 0.37 | Win%: 32.0 | S0: 265.4 | FPS: 2079.6 | Var: ddqn
Step: 2121728 | EPS: 0.17 | Rew: 0.43 | Win%: 32.0 | S0: 266.9 | FPS: 2011.6 | Var: ddqn
Step: 2122752 | EPS: 0.17 | Rew: 0.49 | Win%: 32.5 | S0: 262.4 | FPS: 1855.1 | Var: ddqn
Step: 2123776 | EPS: 0.17 | Rew: 0.74 | Win%: 34.5 | S0: 278.7 | FPS: 1817.4 | Var: ddqn
Step: 2124800 | EPS: 0.17 | Rew: 0.75 | Win%: 33.5 | S0: 279.8 | FPS: 1984.0 | Var: ddqn
Step: 2125824 | EPS: 0.17 | Rew: 0.78 | Win%: 31.5 | S0: 271.4 | FPS: 1720.1 | Var: ddqn
Step: 2126848 | EPS: 0.17 | Rew: 0.88 | Win%: 33.0 | S0: 287.1 | FPS: 1982.9 | Var: ddqn
Step: 2127872 | EPS: 0.17 | Rew: 0.90 | Win%: 33.5 | S0: 282.5 | FPS: 1744.9 | Var: ddqn
Step: 2128896 | EPS: 0.17 | Rew: 0.87 | Win%: 35.0 | S0: 294.9 | FPS: 1937.6 | Var: ddqn
Step: 2129920 | EPS: 0.17 | Rew: 0.62 | Win%: 34.5 | S0: 295.2 | FPS: 1770.1 | Var: ddqn
Step: 2130944 | EPS: 0.17 | Rew: 0.75 | Win%: 36.0 | S0: 303.4 | FPS: 2135.1 | Var: ddqn
Step: 2131968 | EPS: 0.17 | Rew: 0.70 | Win%: 38.0 | S0: 307.1 | FPS: 1988.1 | Var: ddqn
Step: 2132992 | EPS: 0.17 | Rew: 0.81 | Win%: 40.5 | S0: 309.4 | FPS: 2142.1 | Var: ddqn
Step: 2134016 | EPS: 0.17 | Rew: 0.66 | Win%: 39.5 | S0: 305.7 | FPS: 1945.6 | Var: ddqn
Step: 2135040 | EPS: 0.17 | Rew: 0.71 | Win%: 38.5 | S0: 294.1 | FPS: 1571.2 | Var: ddqn
Step: 2136064 | EPS: 0.16 | Rew: 0.59 | Win%: 38.5 | S0: 288.2 | FPS: 1999.8 | Var: ddqn
Step: 2137088 | EPS: 0.16 | Rew: 0.61 | Win%: 38.0 | S0: 284.4 | FPS: 2022.8 | Var: ddqn
Step: 2138112 | EPS: 0.16 | Rew: 0.55 | Win%: 38.0 | S0: 283.1 | FPS: 1671.5 | Var: ddqn
Step: 2139136 | EPS: 0.16 | Rew: 0.51 | Win%: 36.5 | S0: 279.2 | FPS: 1893.9 | Var: ddqn
Step: 2140160 | EPS: 0.16 | Rew: 0.44 | Win%: 37.5 | S0: 273.4 | FPS: 1880.9 | Var: ddqn
Step: 2141184 | EPS: 0.16 | Rew: 0.44 | Win%: 37.0 | S0: 265.4 | FPS: 1622.3 | Var: ddqn
Step: 2142208 | EPS: 0.16 | Rew: 0.53 | Win%: 38.5 | S0: 269.2 | FPS: 1845.0 | Var: ddqn
Step: 2143232 | EPS: 0.16 | Rew: 0.50 | Win%: 36.5 | S0: 259.6 | FPS: 1824.1 | Var: ddqn
Step: 2144256 | EPS: 0.16 | Rew: 0.56 | Win%: 35.0 | S0: 260.6 | FPS: 1989.6 | Var: ddqn
Step: 2145280 | EPS: 0.16 | Rew: 0.65 | Win%: 34.5 | S0: 267.5 | FPS: 1439.9 | Var: ddqn
Step: 2146304 | EPS: 0.16 | Rew: 0.61 | Win%: 35.0 | S0: 261.4 | FPS: 1769.9 | Var: ddqn
Step: 2147328 | EPS: 0.16 | Rew: 0.78 | Win%: 35.5 | S0: 283.3 | FPS: 1650.2 | Var: ddqn
Step: 2148352 | EPS: 0.16 | Rew: 0.80 | Win%: 36.5 | S0: 290.8 | FPS: 1781.7 | Var: ddqn
Step: 2149376 | EPS: 0.16 | Rew: 0.82 | Win%: 37.0 | S0: 299.1 | FPS: 1560.5 | Var: ddqn
Step: 2150400 | EPS: 0.16 | Rew: 0.85 | Win%: 36.5 | S0: 298.4 | FPS: 1710.7 | Var: ddqn
Step: 2151424 | EPS: 0.16 | Rew: 0.89 | Win%: 35.0 | S0: 295.9 | FPS: 1870.9 | Var: ddqn
Step: 2152448 | EPS: 0.16 | Rew: 0.91 | Win%: 35.5 | S0: 307.4 | FPS: 1792.7 | Var: ddqn
Step: 2153472 | EPS: 0.16 | Rew: 0.75 | Win%: 33.5 | S0: 313.4 | FPS: 1877.6 | Var: ddqn
>>> [Best] Saved -> agent/checkpoints/ddqn_battle.pth | Win% 33.5 | S0 313.4
Step: 2154496 | EPS: 0.16 | Rew: 0.72 | Win%: 34.0 | S0: 316.0 | FPS: 1690.3 | Var: ddqn
Step: 2155520 | EPS: 0.16 | Rew: 0.61 | Win%: 34.5 | S0: 305.5 | FPS: 2003.4 | Var: ddqn
Step: 2156544 | EPS: 0.16 | Rew: 0.71 | Win%: 36.0 | S0: 312.8 | FPS: 1721.9 | Var: ddqn
>>> [Best] Saved -> agent/checkpoints/ddqn_battle.pth | Win% 36.0 | S0 312.8
Step: 2157568 | EPS: 0.16 | Rew: 0.56 | Win%: 34.5 | S0: 314.0 | FPS: 1801.5 | Var: ddqn
Step: 2158592 | EPS: 0.16 | Rew: 0.67 | Win%: 34.5 | S0: 290.1 | FPS: 1993.2 | Var: ddqn
Step: 2159616 | EPS: 0.16 | Rew: 0.59 | Win%: 36.0 | S0: 301.1 | FPS: 1811.6 | Var: ddqn
Step: 2160640 | EPS: 0.16 | Rew: 0.58 | Win%: 35.5 | S0: 285.6 | FPS: 1891.1 | Var: ddqn
Step: 2161664 | EPS: 0.16 | Rew: 0.59 | Win%: 34.5 | S0: 276.3 | FPS: 2027.8 | Var: ddqn
Step: 2162688 | EPS: 0.16 | Rew: 0.52 | Win%: 34.0 | S0: 269.2 | FPS: 1741.2 | Var: ddqn
Step: 2163712 | EPS: 0.16 | Rew: 0.56 | Win%: 35.5 | S0: 257.8 | FPS: 1878.7 | Var: ddqn
Step: 2164736 | EPS: 0.16 | Rew: 0.52 | Win%: 35.5 | S0: 251.4 | FPS: 2063.2 | Var: ddqn
Step: 2165760 | EPS: 0.16 | Rew: 0.69 | Win%: 36.0 | S0: 268.6 | FPS: 2003.1 | Var: ddqn
Step: 2166784 | EPS: 0.16 | Rew: 0.69 | Win%: 35.5 | S0: 271.9 | FPS: 1946.0 | Var: ddqn
Step: 2167808 | EPS: 0.16 | Rew: 0.75 | Win%: 33.0 | S0: 261.1 | FPS: 1785.7 | Var: ddqn
Step: 2168832 | EPS: 0.16 | Rew: 0.77 | Win%: 35.0 | S0: 271.4 | FPS: 2015.8 | Var: ddqn
Step: 2169856 | EPS: 0.16 | Rew: 0.81 | Win%: 32.5 | S0: 275.1 | FPS: 1872.1 | Var: ddqn
Step: 2170880 | EPS: 0.16 | Rew: 0.75 | Win%: 31.0 | S0: 270.6 | FPS: 1906.6 | Var: ddqn
Step: 2171904 | EPS: 0.16 | Rew: 0.66 | Win%: 31.5 | S0: 269.2 | FPS: 1844.5 | Var: ddqn
Step: 2172928 | EPS: 0.16 | Rew: 0.60 | Win%: 31.0 | S0: 270.7 | FPS: 1712.5 | Var: ddqn
Step: 2173952 | EPS: 0.16 | Rew: 0.45 | Win%: 28.5 | S0: 268.9 | FPS: 1979.2 | Var: ddqn
Step: 2174976 | EPS: 0.16 | Rew: 0.43 | Win%: 28.5 | S0: 272.2 | FPS: 2025.0 | Var: ddqn
Step: 2176000 | EPS: 0.16 | Rew: 0.52 | Win%: 30.5 | S0: 278.8 | FPS: 1994.5 | Var: ddqn
Step: 2177024 | EPS: 0.16 | Rew: 0.53 | Win%: 30.5 | S0: 268.5 | FPS: 1911.7 | Var: ddqn
Step: 2178048 | EPS: 0.16 | Rew: 0.81 | Win%: 33.5 | S0: 279.7 | FPS: 1815.1 | Var: ddqn
Step: 2179072 | EPS: 0.16 | Rew: 0.76 | Win%: 33.0 | S0: 271.0 | FPS: 1996.2 | Var: ddqn
Step: 2180096 | EPS: 0.16 | Rew: 0.78 | Win%: 32.5 | S0: 259.6 | FPS: 1972.0 | Var: ddqn
Step: 2181120 | EPS: 0.16 | Rew: 0.57 | Win%: 32.5 | S0: 252.9 | FPS: 1780.4 | Var: ddqn
Step: 2182144 | EPS: 0.16 | Rew: 0.45 | Win%: 29.5 | S0: 245.4 | FPS: 1852.0 | Var: ddqn
Step: 2183168 | EPS: 0.16 | Rew: 0.36 | Win%: 32.0 | S0: 251.2 | FPS: 1980.4 | Var: ddqn
Step: 2184192 | EPS: 0.16 | Rew: 0.34 | Win%: 34.5 | S0: 257.4 | FPS: 1839.3 | Var: ddqn
Step: 2185216 | EPS: 0.15 | Rew: 0.38 | Win%: 34.0 | S0: 258.3 | FPS: 1716.5 | Var: ddqn
Step: 2186240 | EPS: 0.15 | Rew: 0.58 | Win%: 34.5 | S0: 267.2 | FPS: 1976.1 | Var: ddqn
Step: 2187264 | EPS: 0.15 | Rew: 0.74 | Win%: 34.5 | S0: 273.3 | FPS: 2021.7 | Var: ddqn
Step: 2188288 | EPS: 0.15 | Rew: 0.64 | Win%: 30.5 | S0: 258.2 | FPS: 1921.8 | Var: ddqn
Step: 2189312 | EPS: 0.15 | Rew: 0.64 | Win%: 29.5 | S0: 257.8 | FPS: 2037.7 | Var: ddqn
Step: 2190336 | EPS: 0.15 | Rew: 0.71 | Win%: 30.0 | S0: 271.7 | FPS: 1858.5 | Var: ddqn
Step: 2191360 | EPS: 0.15 | Rew: 0.58 | Win%: 31.0 | S0: 276.6 | FPS: 1940.3 | Var: ddqn
Step: 2192384 | EPS: 0.15 | Rew: 0.59 | Win%: 33.5 | S0: 289.1 | FPS: 1864.6 | Var: ddqn
Step: 2193408 | EPS: 0.15 | Rew: 0.88 | Win%: 36.5 | S0: 308.1 | FPS: 1835.5 | Var: ddqn
Step: 2194432 | EPS: 0.15 | Rew: 0.88 | Win%: 37.0 | S0: 308.6 | FPS: 1924.2 | Var: ddqn
Step: 2195456 | EPS: 0.15 | Rew: 0.91 | Win%: 39.0 | S0: 315.6 | FPS: 1776.7 | Var: ddqn
>>> [Best] Saved -> agent/checkpoints/ddqn_battle.pth | Win% 39.0 | S0 315.6
Step: 2196480 | EPS: 0.15 | Rew: 0.90 | Win%: 38.5 | S0: 306.7 | FPS: 2003.2 | Var: ddqn
Step: 2197504 | EPS: 0.15 | Rew: 0.82 | Win%: 38.0 | S0: 300.8 | FPS: 1991.1 | Var: ddqn
Step: 2198528 | EPS: 0.15 | Rew: 0.81 | Win%: 37.0 | S0: 291.9 | FPS: 2137.7 | Var: ddqn
Step: 2199552 | EPS: 0.15 | Rew: 0.66 | Win%: 39.0 | S0: 306.2 | FPS: 1674.6 | Var: ddqn
Step: 2200576 | EPS: 0.15 | Rew: 0.55 | Win%: 38.5 | S0: 288.3 | FPS: 1552.6 | Var: ddqn
Step: 2201600 | EPS: 0.15 | Rew: 0.46 | Win%: 37.5 | S0: 277.7 | FPS: 1795.2 | Var: ddqn
Step: 2202624 | EPS: 0.15 | Rew: 0.60 | Win%: 38.0 | S0: 284.2 | FPS: 1882.6 | Var: ddqn
Step: 2203648 | EPS: 0.15 | Rew: 0.51 | Win%: 37.0 | S0: 276.1 | FPS: 1890.6 | Var: ddqn
Step: 2204672 | EPS: 0.15 | Rew: 0.49 | Win%: 33.5 | S0: 259.9 | FPS: 1704.0 | Var: ddqn
Step: 2205696 | EPS: 0.15 | Rew: 0.63 | Win%: 33.5 | S0: 263.8 | FPS: 1961.3 | Var: ddqn
Step: 2206720 | EPS: 0.15 | Rew: 0.74 | Win%: 32.5 | S0: 270.6 | FPS: 2025.7 | Var: ddqn
Step: 2207744 | EPS: 0.15 | Rew: 0.76 | Win%: 34.0 | S0: 276.6 | FPS: 2020.7 | Var: ddqn
Step: 2208768 | EPS: 0.15 | Rew: 0.75 | Win%: 33.5 | S0: 270.1 | FPS: 1926.5 | Var: ddqn
Step: 2209792 | EPS: 0.15 | Rew: 0.90 | Win%: 37.5 | S0: 278.1 | FPS: 2012.9 | Var: ddqn
Step: 2210816 | EPS: 0.15 | Rew: 0.88 | Win%: 37.5 | S0: 284.7 | FPS: 2044.0 | Var: ddqn
Step: 2211840 | EPS: 0.15 | Rew: 0.83 | Win%: 38.5 | S0: 303.1 | FPS: 1960.1 | Var: ddqn
Step: 2212864 | EPS: 0.15 | Rew: 0.76 | Win%: 37.5 | S0: 293.4 | FPS: 1895.4 | Var: ddqn
Step: 2213888 | EPS: 0.15 | Rew: 0.79 | Win%: 38.5 | S0: 295.0 | FPS: 1904.4 | Var: ddqn
Step: 2214912 | EPS: 0.15 | Rew: 0.79 | Win%: 38.5 | S0: 298.1 | FPS: 2042.6 | Var: ddqn
Step: 2215936 | EPS: 0.15 | Rew: 0.67 | Win%: 38.5 | S0: 299.2 | FPS: 2022.7 | Var: ddqn
Step: 2216960 | EPS: 0.15 | Rew: 0.70 | Win%: 39.0 | S0: 311.1 | FPS: 1875.6 | Var: ddqn
Step: 2217984 | EPS: 0.15 | Rew: 0.80 | Win%: 36.5 | S0: 298.9 | FPS: 1782.0 | Var: ddqn
Step: 2219008 | EPS: 0.15 | Rew: 0.93 | Win%: 38.0 | S0: 317.1 | FPS: 1840.1 | Var: ddqn
Step: 2220032 | EPS: 0.15 | Rew: 0.86 | Win%: 37.5 | S0: 313.3 | FPS: 1796.8 | Var: ddqn
Step: 2221056 | EPS: 0.15 | Rew: 1.01 | Win%: 37.0 | S0: 314.5 | FPS: 1829.9 | Var: ddqn
Step: 2222080 | EPS: 0.15 | Rew: 0.88 | Win%: 35.5 | S0: 307.6 | FPS: 1734.1 | Var: ddqn
Step: 2223104 | EPS: 0.15 | Rew: 0.77 | Win%: 35.0 | S0: 297.4 | FPS: 1798.4 | Var: ddqn
Step: 2224128 | EPS: 0.15 | Rew: 0.55 | Win%: 34.5 | S0: 299.8 | FPS: 1625.8 | Var: ddqn
Step: 2225152 | EPS: 0.15 | Rew: 0.56 | Win%: 34.0 | S0: 305.4 | FPS: 1947.8 | Var: ddqn
Step: 2226176 | EPS: 0.15 | Rew: 0.58 | Win%: 33.5 | S0: 305.6 | FPS: 1976.1 | Var: ddqn
Step: 2227200 | EPS: 0.15 | Rew: 0.62 | Win%: 36.0 | S0: 309.4 | FPS: 1725.7 | Var: ddqn
Step: 2228224 | EPS: 0.15 | Rew: 0.67 | Win%: 34.0 | S0: 295.4 | FPS: 1783.9 | Var: ddqn
Step: 2229248 | EPS: 0.15 | Rew: 0.88 | Win%: 36.5 | S0: 300.4 | FPS: 1788.1 | Var: ddqn
Step: 2230272 | EPS: 0.15 | Rew: 0.93 | Win%: 34.0 | S0: 293.7 | FPS: 1814.3 | Var: ddqn
Step: 2231296 | EPS: 0.15 | Rew: 0.81 | Win%: 33.0 | S0: 287.4 | FPS: 1782.2 | Var: ddqn
Step: 2232320 | EPS: 0.15 | Rew: 0.78 | Win%: 33.0 | S0: 287.9 | FPS: 1845.0 | Var: ddqn
Step: 2233344 | EPS: 0.15 | Rew: 0.67 | Win%: 31.5 | S0: 279.1 | FPS: 1924.5 | Var: ddqn
Step: 2234368 | EPS: 0.14 | Rew: 0.75 | Win%: 33.0 | S0: 280.1 | FPS: 1776.4 | Var: ddqn
Step: 2235392 | EPS: 0.14 | Rew: 0.66 | Win%: 36.0 | S0: 297.6 | FPS: 1699.0 | Var: ddqn
Step: 2236416 | EPS: 0.14 | Rew: 0.81 | Win%: 36.0 | S0: 307.6 | FPS: 1792.9 | Var: ddqn
Step: 2237440 | EPS: 0.14 | Rew: 0.78 | Win%: 37.5 | S0: 306.9 | FPS: 2112.5 | Var: ddqn
Step: 2238464 | EPS: 0.14 | Rew: 0.86 | Win%: 34.5 | S0: 305.1 | FPS: 1746.6 | Var: ddqn
Step: 2239488 | EPS: 0.14 | Rew: 0.76 | Win%: 34.5 | S0: 300.2 | FPS: 1624.1 | Var: ddqn
Step: 2240512 | EPS: 0.14 | Rew: 0.85 | Win%: 33.0 | S0: 295.9 | FPS: 1929.3 | Var: ddqn
Step: 2241536 | EPS: 0.14 | Rew: 0.77 | Win%: 34.5 | S0: 294.7 | FPS: 1945.2 | Var: ddqn
Step: 2242560 | EPS: 0.14 | Rew: 0.81 | Win%: 35.5 | S0: 308.9 | FPS: 1725.0 | Var: ddqn
Step: 2243584 | EPS: 0.14 | Rew: 0.91 | Win%: 36.5 | S0: 314.9 | FPS: 1498.1 | Var: ddqn
Step: 2244608 | EPS: 0.14 | Rew: 0.98 | Win%: 39.0 | S0: 330.4 | FPS: 1933.9 | Var: ddqn
>>> [Best] Saved -> agent/checkpoints/ddqn_battle.pth | Win% 39.0 | S0 330.4
Step: 2245632 | EPS: 0.14 | Rew: 1.10 | Win%: 39.5 | S0: 339.0 | FPS: 1610.4 | Var: ddqn
>>> [Best] Saved -> agent/checkpoints/ddqn_battle.pth | Win% 39.5 | S0 339.0
Step: 2246656 | EPS: 0.14 | Rew: 1.09 | Win%: 38.0 | S0: 337.3 | FPS: 1756.0 | Var: ddqn
Step: 2247680 | EPS: 0.14 | Rew: 0.82 | Win%: 34.5 | S0: 307.9 | FPS: 1735.0 | Var: ddqn
Step: 2248704 | EPS: 0.14 | Rew: 0.86 | Win%: 36.5 | S0: 316.9 | FPS: 1623.5 | Var: ddqn
Step: 2249728 | EPS: 0.14 | Rew: 0.77 | Win%: 36.0 | S0: 316.8 | FPS: 2051.2 | Var: ddqn
Step: 2250752 | EPS: 0.14 | Rew: 0.77 | Win%: 39.5 | S0: 322.1 | FPS: 2160.5 | Var: ddqn
Step: 2251776 | EPS: 0.14 | Rew: 0.83 | Win%: 41.0 | S0: 331.9 | FPS: 1667.9 | Var: ddqn
Step: 2252800 | EPS: 0.14 | Rew: 0.89 | Win%: 40.0 | S0: 320.2 | FPS: 1934.8 | Var: ddqn
Step: 2253824 | EPS: 0.14 | Rew: 0.82 | Win%: 38.0 | S0: 309.6 | FPS: 2010.0 | Var: ddqn
Step: 2254848 | EPS: 0.14 | Rew: 0.87 | Win%: 37.5 | S0: 308.4 | FPS: 1887.0 | Var: ddqn
Step: 2255872 | EPS: 0.14 | Rew: 0.66 | Win%: 35.0 | S0: 291.4 | FPS: 1709.0 | Var: ddqn
Step: 2256896 | EPS: 0.14 | Rew: 0.67 | Win%: 35.5 | S0: 295.4 | FPS: 1638.7 | Var: ddqn
Step: 2257920 | EPS: 0.14 | Rew: 0.78 | Win%: 36.5 | S0: 306.9 | FPS: 1943.8 | Var: ddqn
Step: 2258944 | EPS: 0.14 | Rew: 0.89 | Win%: 37.5 | S0: 317.7 | FPS: 1941.4 | Var: ddqn
Step: 2259968 | EPS: 0.14 | Rew: 0.85 | Win%: 36.5 | S0: 310.4 | FPS: 1900.5 | Var: ddqn
Step: 2260992 | EPS: 0.14 | Rew: 0.88 | Win%: 37.0 | S0: 310.2 | FPS: 1726.9 | Var: ddqn
Step: 2262016 | EPS: 0.14 | Rew: 0.81 | Win%: 33.0 | S0: 310.8 | FPS: 1843.7 | Var: ddqn
Step: 2263040 | EPS: 0.14 | Rew: 0.97 | Win%: 33.0 | S0: 316.6 | FPS: 1857.9 | Var: ddqn
Step: 2264064 | EPS: 0.14 | Rew: 1.17 | Win%: 35.0 | S0: 335.9 | FPS: 1960.9 | Var: ddqn
Step: 2265088 | EPS: 0.14 | Rew: 0.96 | Win%: 35.0 | S0: 332.2 | FPS: 1795.4 | Var: ddqn
Step: 2266112 | EPS: 0.14 | Rew: 0.84 | Win%: 34.0 | S0: 319.1 | FPS: 1788.4 | Var: ddqn
Step: 2267136 | EPS: 0.14 | Rew: 1.05 | Win%: 37.0 | S0: 350.9 | FPS: 1757.1 | Var: ddqn
>>> [Best] Saved -> agent/checkpoints/ddqn_battle.pth | Win% 37.0 | S0 350.9
Step: 2268160 | EPS: 0.14 | Rew: 1.02 | Win%: 36.0 | S0: 333.4 | FPS: 1917.2 | Var: ddqn
Step: 2269184 | EPS: 0.14 | Rew: 0.78 | Win%: 35.5 | S0: 333.4 | FPS: 1764.4 | Var: ddqn
Step: 2270208 | EPS: 0.14 | Rew: 0.93 | Win%: 36.5 | S0: 327.2 | FPS: 1776.5 | Var: ddqn
Step: 2271232 | EPS: 0.14 | Rew: 1.07 | Win%: 38.5 | S0: 329.1 | FPS: 2090.7 | Var: ddqn
Step: 2272256 | EPS: 0.14 | Rew: 0.93 | Win%: 39.0 | S0: 325.1 | FPS: 1968.1 | Var: ddqn
Step: 2273280 | EPS: 0.14 | Rew: 0.90 | Win%: 40.5 | S0: 320.9 | FPS: 1737.8 | Var: ddqn
Step: 2274304 | EPS: 0.14 | Rew: 0.84 | Win%: 39.0 | S0: 301.9 | FPS: 2032.9 | Var: ddqn
Step: 2275328 | EPS: 0.14 | Rew: 0.70 | Win%: 37.5 | S0: 292.7 | FPS: 1698.4 | Var: ddqn
Step: 2276352 | EPS: 0.14 | Rew: 0.62 | Win%: 38.5 | S0: 297.1 | FPS: 1861.9 | Var: ddqn
Step: 2277376 | EPS: 0.14 | Rew: 0.74 | Win%: 38.5 | S0: 296.4 | FPS: 1903.4 | Var: ddqn
Step: 2278400 | EPS: 0.14 | Rew: 0.74 | Win%: 38.0 | S0: 291.0 | FPS: 1983.9 | Var: ddqn
Step: 2279424 | EPS: 0.14 | Rew: 0.71 | Win%: 37.5 | S0: 281.2 | FPS: 2148.7 | Var: ddqn
Step: 2280448 | EPS: 0.14 | Rew: 0.70 | Win%: 37.0 | S0: 274.0 | FPS: 1508.7 | Var: ddqn
Step: 2281472 | EPS: 0.14 | Rew: 0.85 | Win%: 35.5 | S0: 288.1 | FPS: 1792.3 | Var: ddqn
Step: 2282496 | EPS: 0.14 | Rew: 0.82 | Win%: 35.0 | S0: 285.7 | FPS: 1799.0 | Var: ddqn
Step: 2283520 | EPS: 0.13 | Rew: 0.89 | Win%: 35.0 | S0: 296.8 | FPS: 1839.0 | Var: ddqn
Step: 2284544 | EPS: 0.13 | Rew: 1.10 | Win%: 37.0 | S0: 311.7 | FPS: 2004.7 | Var: ddqn
Step: 2285568 | EPS: 0.13 | Rew: 1.15 | Win%: 37.5 | S0: 317.9 | FPS: 1804.1 | Var: ddqn
Step: 2286592 | EPS: 0.13 | Rew: 1.11 | Win%: 39.5 | S0: 317.4 | FPS: 1834.3 | Var: ddqn
Step: 2287616 | EPS: 0.13 | Rew: 0.95 | Win%: 37.0 | S0: 314.2 | FPS: 1636.3 | Var: ddqn
Step: 2288640 | EPS: 0.13 | Rew: 1.05 | Win%: 38.5 | S0: 323.4 | FPS: 1857.7 | Var: ddqn
Step: 2289664 | EPS: 0.13 | Rew: 1.00 | Win%: 38.5 | S0: 335.1 | FPS: 1521.7 | Var: ddqn
Step: 2290688 | EPS: 0.13 | Rew: 0.90 | Win%: 38.5 | S0: 344.2 | FPS: 1812.7 | Var: ddqn
Step: 2291712 | EPS: 0.13 | Rew: 0.81 | Win%: 37.0 | S0: 333.4 | FPS: 1784.0 | Var: ddqn
Step: 2292736 | EPS: 0.13 | Rew: 0.84 | Win%: 36.5 | S0: 330.1 | FPS: 1757.0 | Var: ddqn
Step: 2293760 | EPS: 0.13 | Rew: 0.87 | Win%: 37.5 | S0: 328.9 | FPS: 1981.5 | Var: ddqn
Step: 2294784 | EPS: 0.13 | Rew: 0.85 | Win%: 36.5 | S0: 328.2 | FPS: 1841.9 | Var: ddqn
Step: 2295808 | EPS: 0.13 | Rew: 0.78 | Win%: 36.5 | S0: 319.9 | FPS: 1560.0 | Var: ddqn
Step: 2296832 | EPS: 0.13 | Rew: 0.99 | Win%: 36.0 | S0: 321.4 | FPS: 1761.8 | Var: ddqn
Step: 2297856 | EPS: 0.13 | Rew: 0.96 | Win%: 36.5 | S0: 327.4 | FPS: 2000.6 | Var: ddqn
Step: 2298880 | EPS: 0.13 | Rew: 0.82 | Win%: 35.5 | S0: 308.1 | FPS: 1693.9 | Var: ddqn
Step: 2299904 | EPS: 0.13 | Rew: 0.78 | Win%: 35.0 | S0: 290.3 | FPS: 1768.8 | Var: ddqn
Step: 2300928 | EPS: 0.13 | Rew: 0.82 | Win%: 36.0 | S0: 298.5 | FPS: 1856.5 | Var: ddqn
Step: 2301952 | EPS: 0.13 | Rew: 0.69 | Win%: 37.0 | S0: 295.2 | FPS: 1851.2 | Var: ddqn
Step: 2302976 | EPS: 0.13 | Rew: 0.73 | Win%: 37.0 | S0: 294.0 | FPS: 1643.4 | Var: ddqn
Step: 2304000 | EPS: 0.13 | Rew: 0.78 | Win%: 37.0 | S0: 289.6 | FPS: 1709.9 | Var: ddqn
Step: 2305024 | EPS: 0.13 | Rew: 0.87 | Win%: 37.5 | S0: 279.6 | FPS: 1891.5 | Var: ddqn
Step: 2306048 | EPS: 0.13 | Rew: 0.81 | Win%: 36.5 | S0: 282.8 | FPS: 1843.9 | Var: ddqn
Step: 2307072 | EPS: 0.13 | Rew: 0.70 | Win%: 35.5 | S0: 280.1 | FPS: 1505.7 | Var: ddqn
Step: 2308096 | EPS: 0.13 | Rew: 0.73 | Win%: 34.5 | S0: 271.9 | FPS: 1793.4 | Var: ddqn
Step: 2309120 | EPS: 0.13 | Rew: 0.71 | Win%: 34.0 | S0: 272.4 | FPS: 1883.1 | Var: ddqn
Step: 2310144 | EPS: 0.13 | Rew: 0.57 | Win%: 32.0 | S0: 269.2 | FPS: 2002.7 | Var: ddqn
Step: 2311168 | EPS: 0.13 | Rew: 0.69 | Win%: 34.0 | S0: 292.6 | FPS: 2134.9 | Var: ddqn
Step: 2312192 | EPS: 0.13 | Rew: 0.78 | Win%: 34.0 | S0: 294.5 | FPS: 1746.6 | Var: ddqn
Step: 2313216 | EPS: 0.13 | Rew: 0.72 | Win%: 33.0 | S0: 294.0 | FPS: 1804.2 | Var: ddqn
Step: 2314240 | EPS: 0.13 | Rew: 0.78 | Win%: 33.0 | S0: 289.6 | FPS: 2204.8 | Var: ddqn
Step: 2315264 | EPS: 0.13 | Rew: 0.89 | Win%: 34.0 | S0: 296.4 | FPS: 2176.0 | Var: ddqn
Step: 2316288 | EPS: 0.13 | Rew: 0.84 | Win%: 34.0 | S0: 302.2 | FPS: 1670.2 | Var: ddqn
Step: 2317312 | EPS: 0.13 | Rew: 0.69 | Win%: 32.5 | S0: 292.6 | FPS: 1907.8 | Var: ddqn
Step: 2318336 | EPS: 0.13 | Rew: 0.88 | Win%: 35.0 | S0: 301.0 | FPS: 1655.1 | Var: ddqn
Step: 2319360 | EPS: 0.13 | Rew: 0.93 | Win%: 36.5 | S0: 305.6 | FPS: 1981.0 | Var: ddqn
Step: 2320384 | EPS: 0.13 | Rew: 0.78 | Win%: 38.0 | S0: 303.4 | FPS: 1725.0 | Var: ddqn
Step: 2321408 | EPS: 0.13 | Rew: 0.86 | Win%: 39.0 | S0: 313.1 | FPS: 1776.1 | Var: ddqn
Step: 2322432 | EPS: 0.13 | Rew: 0.96 | Win%: 38.5 | S0: 309.9 | FPS: 1853.5 | Var: ddqn
Step: 2323456 | EPS: 0.13 | Rew: 1.05 | Win%: 39.5 | S0: 311.1 | FPS: 1711.2 | Var: ddqn
Step: 2324480 | EPS: 0.13 | Rew: 1.03 | Win%: 40.5 | S0: 315.9 | FPS: 1668.8 | Var: ddqn
Step: 2325504 | EPS: 0.13 | Rew: 1.03 | Win%: 40.5 | S0: 320.3 | FPS: 1720.3 | Var: ddqn
Step: 2326528 | EPS: 0.13 | Rew: 1.18 | Win%: 39.5 | S0: 322.8 | FPS: 1887.1 | Var: ddqn
Step: 2327552 | EPS: 0.13 | Rew: 1.22 | Win%: 42.0 | S0: 333.7 | FPS: 1845.5 | Var: ddqn
Step: 2328576 | EPS: 0.13 | Rew: 1.12 | Win%: 42.5 | S0: 340.9 | FPS: 1916.8 | Var: ddqn
Step: 2329600 | EPS: 0.13 | Rew: 1.09 | Win%: 41.5 | S0: 335.3 | FPS: 1724.5 | Var: ddqn
Step: 2330624 | EPS: 0.13 | Rew: 0.96 | Win%: 40.5 | S0: 339.3 | FPS: 2040.1 | Var: ddqn
Step: 2331648 | EPS: 0.13 | Rew: 0.95 | Win%: 41.0 | S0: 344.8 | FPS: 1848.9 | Var: ddqn
Step: 2332672 | EPS: 0.12 | Rew: 0.86 | Win%: 39.5 | S0: 333.9 | FPS: 1967.8 | Var: ddqn
Step: 2333696 | EPS: 0.12 | Rew: 0.84 | Win%: 39.0 | S0: 327.2 | FPS: 2043.1 | Var: ddqn
Step: 2334720 | EPS: 0.12 | Rew: 0.92 | Win%: 38.5 | S0: 321.7 | FPS: 1584.6 | Var: ddqn
Step: 2335744 | EPS: 0.12 | Rew: 1.02 | Win%: 39.5 | S0: 334.6 | FPS: 1966.5 | Var: ddqn
Step: 2336768 | EPS: 0.12 | Rew: 0.92 | Win%: 37.5 | S0: 319.5 | FPS: 1873.1 | Var: ddqn
Step: 2337792 | EPS: 0.12 | Rew: 0.94 | Win%: 37.5 | S0: 308.2 | FPS: 2027.2 | Var: ddqn
Step: 2338816 | EPS: 0.12 | Rew: 0.92 | Win%: 35.5 | S0: 301.2 | FPS: 1961.6 | Var: ddqn
Step: 2339840 | EPS: 0.12 | Rew: 1.03 | Win%: 36.5 | S0: 314.9 | FPS: 1767.0 | Var: ddqn
Step: 2340864 | EPS: 0.12 | Rew: 1.19 | Win%: 39.5 | S0: 337.3 | FPS: 1936.7 | Var: ddqn
Step: 2341888 | EPS: 0.12 | Rew: 1.27 | Win%: 41.0 | S0: 333.6 | FPS: 1881.4 | Var: ddqn
Step: 2342912 | EPS: 0.12 | Rew: 1.18 | Win%: 41.0 | S0: 325.0 | FPS: 2160.6 | Var: ddqn
Step: 2343936 | EPS: 0.12 | Rew: 1.20 | Win%: 42.0 | S0: 331.9 | FPS: 2114.8 | Var: ddqn
Step: 2344960 | EPS: 0.12 | Rew: 1.13 | Win%: 43.0 | S0: 337.6 | FPS: 1814.0 | Var: ddqn
Step: 2345984 | EPS: 0.12 | Rew: 0.90 | Win%: 41.5 | S0: 323.9 | FPS: 1772.1 | Var: ddqn
Step: 2347008 | EPS: 0.12 | Rew: 0.88 | Win%: 43.0 | S0: 332.9 | FPS: 1706.7 | Var: ddqn
Step: 2348032 | EPS: 0.12 | Rew: 0.89 | Win%: 42.5 | S0: 333.9 | FPS: 1740.8 | Var: ddqn
Step: 2349056 | EPS: 0.12 | Rew: 0.93 | Win%: 44.0 | S0: 335.9 | FPS: 1801.5 | Var: ddqn
Step: 2350080 | EPS: 0.12 | Rew: 0.96 | Win%: 44.5 | S0: 336.9 | FPS: 1711.9 | Var: ddqn
Step: 2351104 | EPS: 0.12 | Rew: 0.82 | Win%: 42.0 | S0: 313.8 | FPS: 1958.8 | Var: ddqn
Step: 2352128 | EPS: 0.12 | Rew: 0.88 | Win%: 39.5 | S0: 303.6 | FPS: 1858.5 | Var: ddqn
Step: 2353152 | EPS: 0.12 | Rew: 0.92 | Win%: 40.0 | S0: 304.8 | FPS: 2113.7 | Var: ddqn
Step: 2354176 | EPS: 0.12 | Rew: 1.06 | Win%: 40.5 | S0: 308.9 | FPS: 1959.3 | Var: ddqn
Step: 2355200 | EPS: 0.12 | Rew: 1.19 | Win%: 43.5 | S0: 323.1 | FPS: 2085.0 | Var: ddqn
Step: 2356224 | EPS: 0.12 | Rew: 1.09 | Win%: 42.0 | S0: 316.6 | FPS: 2139.9 | Var: ddqn
Step: 2357248 | EPS: 0.12 | Rew: 1.23 | Win%: 44.0 | S0: 321.6 | FPS: 1847.3 | Var: ddqn
Step: 2358272 | EPS: 0.12 | Rew: 1.23 | Win%: 43.0 | S0: 318.4 | FPS: 1695.3 | Var: ddqn
Step: 2359296 | EPS: 0.12 | Rew: 1.14 | Win%: 44.5 | S0: 320.1 | FPS: 2014.2 | Var: ddqn
Step: 2360320 | EPS: 0.12 | Rew: 1.08 | Win%: 45.0 | S0: 325.4 | FPS: 1803.9 | Var: ddqn
Step: 2361344 | EPS: 0.12 | Rew: 1.25 | Win%: 46.0 | S0: 332.8 | FPS: 1790.8 | Var: ddqn
Step: 2362368 | EPS: 0.12 | Rew: 1.35 | Win%: 47.5 | S0: 340.6 | FPS: 2262.6 | Var: ddqn
Step: 2363392 | EPS: 0.12 | Rew: 1.34 | Win%: 48.5 | S0: 346.5 | FPS: 1983.9 | Var: ddqn
>>> [Best] Saved -> agent/checkpoints/ddqn_battle.pth | Win% 48.5 | S0 346.5
Step: 2364416 | EPS: 0.12 | Rew: 1.30 | Win%: 47.5 | S0: 341.3 | FPS: 1996.4 | Var: ddqn
Step: 2365440 | EPS: 0.12 | Rew: 1.40 | Win%: 49.5 | S0: 348.9 | FPS: 1959.1 | Var: ddqn
Step: 2366464 | EPS: 0.12 | Rew: 1.30 | Win%: 48.0 | S0: 347.2 | FPS: 1810.1 | Var: ddqn
Step: 2367488 | EPS: 0.12 | Rew: 1.33 | Win%: 49.5 | S0: 360.2 | FPS: 2320.3 | Var: ddqn
>>> [Best] Saved -> agent/checkpoints/ddqn_battle.pth | Win% 49.5 | S0 360.2
Step: 2368512 | EPS: 0.12 | Rew: 1.20 | Win%: 48.5 | S0: 356.1 | FPS: 1836.0 | Var: ddqn
Step: 2369536 | EPS: 0.12 | Rew: 1.07 | Win%: 47.0 | S0: 354.4 | FPS: 1986.2 | Var: ddqn
Step: 2370560 | EPS: 0.12 | Rew: 1.27 | Win%: 48.0 | S0: 369.1 | FPS: 2353.2 | Var: ddqn
>>> [Best] Saved -> agent/checkpoints/ddqn_battle.pth | Win% 48.0 | S0 369.1
Step: 2371584 | EPS: 0.12 | Rew: 1.23 | Win%: 46.0 | S0: 365.4 | FPS: 1788.2 | Var: ddqn
Step: 2372608 | EPS: 0.12 | Rew: 1.12 | Win%: 44.0 | S0: 353.4 | FPS: 1887.2 | Var: ddqn
Step: 2373632 | EPS: 0.12 | Rew: 1.05 | Win%: 43.5 | S0: 352.5 | FPS: 2039.9 | Var: ddqn
Step: 2374656 | EPS: 0.12 | Rew: 1.00 | Win%: 42.0 | S0: 335.2 | FPS: 1950.9 | Var: ddqn
Step: 2375680 | EPS: 0.12 | Rew: 1.01 | Win%: 42.5 | S0: 345.6 | FPS: 2008.2 | Var: ddqn
Step: 2376704 | EPS: 0.12 | Rew: 1.02 | Win%: 41.0 | S0: 336.1 | FPS: 2014.1 | Var: ddqn
Step: 2377728 | EPS: 0.12 | Rew: 1.25 | Win%: 43.0 | S0: 340.3 | FPS: 1924.2 | Var: ddqn
Step: 2378752 | EPS: 0.12 | Rew: 1.29 | Win%: 45.0 | S0: 339.6 | FPS: 2018.7 | Var: ddqn
Step: 2379776 | EPS: 0.12 | Rew: 1.29 | Win%: 45.5 | S0: 333.3 | FPS: 1948.2 | Var: ddqn
Step: 2380800 | EPS: 0.12 | Rew: 1.40 | Win%: 46.5 | S0: 341.2 | FPS: 2036.2 | Var: ddqn
Step: 2381824 | EPS: 0.11 | Rew: 1.36 | Win%: 48.0 | S0: 336.9 | FPS: 2105.4 | Var: ddqn
Step: 2382848 | EPS: 0.11 | Rew: 1.36 | Win%: 47.5 | S0: 337.1 | FPS: 1602.8 | Var: ddqn
Step: 2383872 | EPS: 0.11 | Rew: 1.41 | Win%: 48.5 | S0: 343.7 | FPS: 1893.6 | Var: ddqn
Step: 2384896 | EPS: 0.11 | Rew: 1.35 | Win%: 50.0 | S0: 350.7 | FPS: 1734.6 | Var: ddqn
Step: 2385920 | EPS: 0.11 | Rew: 1.32 | Win%: 49.0 | S0: 347.9 | FPS: 1841.3 | Var: ddqn
Step: 2386944 | EPS: 0.11 | Rew: 1.43 | Win%: 52.0 | S0: 357.2 | FPS: 1877.4 | Var: ddqn
Step: 2387968 | EPS: 0.11 | Rew: 1.30 | Win%: 51.0 | S0: 351.4 | FPS: 1898.1 | Var: ddqn
Step: 2388992 | EPS: 0.11 | Rew: 1.25 | Win%: 49.5 | S0: 347.2 | FPS: 2061.5 | Var: ddqn
Step: 2390016 | EPS: 0.11 | Rew: 1.05 | Win%: 47.0 | S0: 346.6 | FPS: 1676.7 | Var: ddqn
Step: 2391040 | EPS: 0.11 | Rew: 0.99 | Win%: 43.0 | S0: 337.6 | FPS: 1639.4 | Var: ddqn
Step: 2392064 | EPS: 0.11 | Rew: 0.98 | Win%: 42.5 | S0: 341.7 | FPS: 1933.1 | Var: ddqn
Step: 2393088 | EPS: 0.11 | Rew: 0.92 | Win%: 42.0 | S0: 338.6 | FPS: 1843.2 | Var: ddqn
Step: 2394112 | EPS: 0.11 | Rew: 1.04 | Win%: 42.0 | S0: 348.1 | FPS: 2045.1 | Var: ddqn
Step: 2395136 | EPS: 0.11 | Rew: 1.13 | Win%: 41.0 | S0: 337.7 | FPS: 2081.6 | Var: ddqn
Step: 2396160 | EPS: 0.11 | Rew: 1.18 | Win%: 40.5 | S0: 332.9 | FPS: 1965.0 | Var: ddqn
Step: 2397184 | EPS: 0.11 | Rew: 1.34 | Win%: 41.5 | S0: 333.4 | FPS: 2076.6 | Var: ddqn
Step: 2398208 | EPS: 0.11 | Rew: 1.41 | Win%: 43.0 | S0: 340.6 | FPS: 2423.7 | Var: ddqn
Step: 2399232 | EPS: 0.11 | Rew: 1.27 | Win%: 41.5 | S0: 328.4 | FPS: 2125.2 | Var: ddqn
Step: 2400256 | EPS: 0.11 | Rew: 1.31 | Win%: 42.5 | S0: 337.7 | FPS: 1990.2 | Var: ddqn
Step: 2401280 | EPS: 0.11 | Rew: 1.26 | Win%: 45.0 | S0: 336.4 | FPS: 1920.7 | Var: ddqn
Step: 2402304 | EPS: 0.11 | Rew: 1.33 | Win%: 46.5 | S0: 347.5 | FPS: 1788.2 | Var: ddqn
Step: 2403328 | EPS: 0.11 | Rew: 1.16 | Win%: 47.0 | S0: 351.4 | FPS: 1711.0 | Var: ddqn
Step: 2404352 | EPS: 0.11 | Rew: 1.18 | Win%: 47.5 | S0: 357.1 | FPS: 1792.2 | Var: ddqn
Step: 2405376 | EPS: 0.11 | Rew: 1.25 | Win%: 46.0 | S0: 355.8 | FPS: 1645.9 | Var: ddqn
Step: 2406400 | EPS: 0.11 | Rew: 1.22 | Win%: 44.0 | S0: 349.9 | FPS: 1665.2 | Var: ddqn
Step: 2407424 | EPS: 0.11 | Rew: 1.11 | Win%: 42.0 | S0: 343.3 | FPS: 2079.7 | Var: ddqn
Step: 2408448 | EPS: 0.11 | Rew: 0.92 | Win%: 40.5 | S0: 330.9 | FPS: 1711.8 | Var: ddqn
Step: 2409472 | EPS: 0.11 | Rew: 0.91 | Win%: 39.5 | S0: 343.1 | FPS: 1701.3 | Var: ddqn
Step: 2410496 | EPS: 0.11 | Rew: 0.90 | Win%: 39.5 | S0: 348.3 | FPS: 1720.1 | Var: ddqn
Step: 2411520 | EPS: 0.11 | Rew: 0.96 | Win%: 41.0 | S0: 348.4 | FPS: 1862.3 | Var: ddqn
Step: 2412544 | EPS: 0.11 | Rew: 1.01 | Win%: 39.0 | S0: 337.3 | FPS: 1919.2 | Var: ddqn
Step: 2413568 | EPS: 0.11 | Rew: 1.11 | Win%: 40.0 | S0: 335.8 | FPS: 2001.8 | Var: ddqn
Step: 2414592 | EPS: 0.11 | Rew: 0.98 | Win%: 39.5 | S0: 319.1 | FPS: 1659.6 | Var: ddqn
Step: 2415616 | EPS: 0.11 | Rew: 0.87 | Win%: 37.5 | S0: 312.9 | FPS: 1947.7 | Var: ddqn
Step: 2416640 | EPS: 0.11 | Rew: 0.91 | Win%: 39.5 | S0: 313.1 | FPS: 1630.1 | Var: ddqn
Step: 2417664 | EPS: 0.11 | Rew: 0.91 | Win%: 39.5 | S0: 315.2 | FPS: 1949.4 | Var: ddqn
Step: 2418688 | EPS: 0.11 | Rew: 0.94 | Win%: 41.5 | S0: 324.1 | FPS: 2038.4 | Var: ddqn
Step: 2419712 | EPS: 0.11 | Rew: 0.90 | Win%: 39.5 | S0: 319.6 | FPS: 1994.5 | Var: ddqn
Step: 2420736 | EPS: 0.11 | Rew: 1.08 | Win%: 41.0 | S0: 325.9 | FPS: 1842.6 | Var: ddqn
Step: 2421760 | EPS: 0.11 | Rew: 0.91 | Win%: 39.0 | S0: 296.2 | FPS: 1748.4 | Var: ddqn
Step: 2422784 | EPS: 0.11 | Rew: 0.82 | Win%: 37.5 | S0: 301.4 | FPS: 1727.9 | Var: ddqn
Step: 2423808 | EPS: 0.11 | Rew: 0.84 | Win%: 37.0 | S0: 300.3 | FPS: 1884.9 | Var: ddqn
Step: 2424832 | EPS: 0.11 | Rew: 0.88 | Win%: 34.5 | S0: 298.3 | FPS: 1756.5 | Var: ddqn
Step: 2425856 | EPS: 0.11 | Rew: 0.83 | Win%: 33.0 | S0: 299.4 | FPS: 1561.3 | Var: ddqn
Step: 2426880 | EPS: 0.11 | Rew: 0.86 | Win%: 32.5 | S0: 306.2 | FPS: 2101.0 | Var: ddqn
Step: 2427904 | EPS: 0.11 | Rew: 0.80 | Win%: 32.0 | S0: 294.3 | FPS: 1822.6 | Var: ddqn
Step: 2428928 | EPS: 0.11 | Rew: 0.87 | Win%: 31.5 | S0: 298.9 | FPS: 1610.1 | Var: ddqn
Step: 2429952 | EPS: 0.11 | Rew: 0.89 | Win%: 31.5 | S0: 321.1 | FPS: 1826.8 | Var: ddqn
Step: 2430976 | EPS: 0.10 | Rew: 0.96 | Win%: 33.0 | S0: 320.2 | FPS: 1916.3 | Var: ddqn
Step: 2432000 | EPS: 0.10 | Rew: 0.91 | Win%: 32.0 | S0: 304.1 | FPS: 1988.7 | Var: ddqn
Step: 2433024 | EPS: 0.10 | Rew: 0.97 | Win%: 33.5 | S0: 311.9 | FPS: 1849.8 | Var: ddqn
Step: 2434048 | EPS: 0.10 | Rew: 1.02 | Win%: 36.0 | S0: 318.3 | FPS: 1901.7 | Var: ddqn
Step: 2435072 | EPS: 0.10 | Rew: 0.95 | Win%: 34.5 | S0: 315.4 | FPS: 2301.0 | Var: ddqn
Step: 2436096 | EPS: 0.10 | Rew: 0.80 | Win%: 33.5 | S0: 305.9 | FPS: 1849.2 | Var: ddqn
Step: 2437120 | EPS: 0.10 | Rew: 1.01 | Win%: 37.0 | S0: 331.7 | FPS: 2159.0 | Var: ddqn
Step: 2438144 | EPS: 0.10 | Rew: 1.17 | Win%: 38.5 | S0: 340.7 | FPS: 1863.0 | Var: ddqn
Step: 2439168 | EPS: 0.10 | Rew: 1.13 | Win%: 39.0 | S0: 347.1 | FPS: 2014.2 | Var: ddqn
Step: 2440192 | EPS: 0.10 | Rew: 1.01 | Win%: 40.0 | S0: 335.9 | FPS: 2039.2 | Var: ddqn
Step: 2441216 | EPS: 0.10 | Rew: 1.26 | Win%: 41.5 | S0: 351.9 | FPS: 1967.4 | Var: ddqn
Step: 2442240 | EPS: 0.10 | Rew: 1.52 | Win%: 43.5 | S0: 355.8 | FPS: 1958.9 | Var: ddqn
Step: 2443264 | EPS: 0.10 | Rew: 1.22 | Win%: 43.0 | S0: 361.3 | FPS: 1827.4 | Var: ddqn
Step: 2444288 | EPS: 0.10 | Rew: 1.20 | Win%: 43.5 | S0: 368.1 | FPS: 1818.7 | Var: ddqn
Step: 2445312 | EPS: 0.10 | Rew: 1.08 | Win%: 40.5 | S0: 351.2 | FPS: 1538.2 | Var: ddqn
Step: 2446336 | EPS: 0.10 | Rew: 1.09 | Win%: 41.0 | S0: 355.4 | FPS: 1717.3 | Var: ddqn
Step: 2447360 | EPS: 0.10 | Rew: 1.01 | Win%: 42.5 | S0: 366.6 | FPS: 2052.9 | Var: ddqn
Step: 2448384 | EPS: 0.10 | Rew: 0.93 | Win%: 42.5 | S0: 366.4 | FPS: 1828.2 | Var: ddqn
Step: 2449408 | EPS: 0.10 | Rew: 0.90 | Win%: 40.0 | S0: 351.0 | FPS: 1863.4 | Var: ddqn
Step: 2450432 | EPS: 0.10 | Rew: 1.03 | Win%: 39.5 | S0: 344.1 | FPS: 2044.1 | Var: ddqn
Step: 2451456 | EPS: 0.10 | Rew: 0.97 | Win%: 39.0 | S0: 341.4 | FPS: 1844.0 | Var: ddqn
Step: 2452480 | EPS: 0.10 | Rew: 0.91 | Win%: 39.0 | S0: 332.9 | FPS: 1693.9 | Var: ddqn
Step: 2453504 | EPS: 0.10 | Rew: 1.01 | Win%: 36.5 | S0: 327.4 | FPS: 1931.8 | Var: ddqn
Step: 2454528 | EPS: 0.10 | Rew: 1.04 | Win%: 35.0 | S0: 321.7 | FPS: 1677.9 | Var: ddqn
Step: 2455552 | EPS: 0.10 | Rew: 0.93 | Win%: 33.0 | S0: 312.5 | FPS: 1774.3 | Var: ddqn
Step: 2456576 | EPS: 0.10 | Rew: 1.01 | Win%: 33.5 | S0: 320.9 | FPS: 1816.6 | Var: ddqn
Step: 2457600 | EPS: 0.10 | Rew: 1.20 | Win%: 34.5 | S0: 331.9 | FPS: 1949.4 | Var: ddqn
Step: 2458624 | EPS: 0.10 | Rew: 1.08 | Win%: 33.0 | S0: 318.8 | FPS: 1751.9 | Var: ddqn
Step: 2459648 | EPS: 0.10 | Rew: 0.94 | Win%: 32.0 | S0: 302.0 | FPS: 1666.2 | Var: ddqn
Step: 2460672 | EPS: 0.10 | Rew: 0.88 | Win%: 33.0 | S0: 298.6 | FPS: 1881.3 | Var: ddqn
Step: 2461696 | EPS: 0.10 | Rew: 0.76 | Win%: 33.5 | S0: 297.8 | FPS: 1623.5 | Var: ddqn
Step: 2462720 | EPS: 0.10 | Rew: 0.71 | Win%: 35.5 | S0: 292.6 | FPS: 1919.9 | Var: ddqn
Step: 2463744 | EPS: 0.10 | Rew: 0.83 | Win%: 35.0 | S0: 302.6 | FPS: 1770.8 | Var: ddqn
Step: 2464768 | EPS: 0.10 | Rew: 0.97 | Win%: 38.0 | S0: 309.9 | FPS: 1820.7 | Var: ddqn
Step: 2465792 | EPS: 0.10 | Rew: 0.92 | Win%: 37.0 | S0: 295.5 | FPS: 1802.4 | Var: ddqn
Step: 2466816 | EPS: 0.10 | Rew: 1.03 | Win%: 36.5 | S0: 304.9 | FPS: 1737.6 | Var: ddqn
Step: 2467840 | EPS: 0.10 | Rew: 1.10 | Win%: 36.5 | S0: 300.1 | FPS: 1817.8 | Var: ddqn
Step: 2468864 | EPS: 0.10 | Rew: 1.06 | Win%: 36.5 | S0: 304.9 | FPS: 1922.1 | Var: ddqn
Step: 2469888 | EPS: 0.10 | Rew: 1.19 | Win%: 39.5 | S0: 321.7 | FPS: 1939.6 | Var: ddqn
Step: 2470912 | EPS: 0.10 | Rew: 1.15 | Win%: 40.0 | S0: 327.1 | FPS: 1785.6 | Var: ddqn
Step: 2471936 | EPS: 0.10 | Rew: 1.24 | Win%: 40.5 | S0: 332.2 | FPS: 2022.1 | Var: ddqn
Step: 2472960 | EPS: 0.10 | Rew: 1.24 | Win%: 39.5 | S0: 340.6 | FPS: 1805.5 | Var: ddqn
Step: 2473984 | EPS: 0.10 | Rew: 1.30 | Win%: 39.5 | S0: 350.6 | FPS: 1875.2 | Var: ddqn
Step: 2475008 | EPS: 0.10 | Rew: 1.28 | Win%: 40.5 | S0: 352.2 | FPS: 1898.2 | Var: ddqn
Step: 2476032 | EPS: 0.10 | Rew: 1.39 | Win%: 42.5 | S0: 364.9 | FPS: 1851.0 | Var: ddqn
Step: 2477056 | EPS: 0.10 | Rew: 1.49 | Win%: 43.0 | S0: 366.8 | FPS: 1827.1 | Var: ddqn
Step: 2478080 | EPS: 0.10 | Rew: 1.43 | Win%: 44.0 | S0: 362.8 | FPS: 1583.7 | Var: ddqn
Step: 2479104 | EPS: 0.09 | Rew: 1.61 | Win%: 45.5 | S0: 380.6 | FPS: 1716.6 | Var: ddqn
>>> [Best] Saved -> agent/checkpoints/ddqn_battle.pth | Win% 45.5 | S0 380.6
Step: 2480128 | EPS: 0.09 | Rew: 1.66 | Win%: 46.0 | S0: 384.4 | FPS: 1591.8 | Var: ddqn
Step: 2481152 | EPS: 0.09 | Rew: 1.61 | Win%: 45.0 | S0: 380.0 | FPS: 1879.1 | Var: ddqn
Step: 2482176 | EPS: 0.09 | Rew: 1.32 | Win%: 43.5 | S0: 365.1 | FPS: 1883.6 | Var: ddqn
Step: 2483200 | EPS: 0.09 | Rew: 1.26 | Win%: 44.0 | S0: 373.3 | FPS: 1742.6 | Var: ddqn
Step: 2484224 | EPS: 0.09 | Rew: 1.15 | Win%: 45.5 | S0: 374.4 | FPS: 1709.2 | Var: ddqn
Step: 2485248 | EPS: 0.09 | Rew: 1.09 | Win%: 43.5 | S0: 365.9 | FPS: 1760.8 | Var: ddqn
Step: 2486272 | EPS: 0.09 | Rew: 1.07 | Win%: 44.0 | S0: 362.1 | FPS: 1702.2 | Var: ddqn
Step: 2487296 | EPS: 0.09 | Rew: 1.18 | Win%: 42.5 | S0: 357.6 | FPS: 1896.3 | Var: ddqn
Step: 2488320 | EPS: 0.09 | Rew: 1.26 | Win%: 42.0 | S0: 362.1 | FPS: 1777.1 | Var: ddqn
Step: 2489344 | EPS: 0.09 | Rew: 1.19 | Win%: 40.0 | S0: 357.1 | FPS: 1736.6 | Var: ddqn
Step: 2490368 | EPS: 0.09 | Rew: 1.33 | Win%: 41.0 | S0: 354.4 | FPS: 1878.4 | Var: ddqn
Step: 2491392 | EPS: 0.09 | Rew: 1.30 | Win%: 40.5 | S0: 360.2 | FPS: 1845.6 | Var: ddqn
Step: 2492416 | EPS: 0.09 | Rew: 1.32 | Win%: 41.5 | S0: 363.5 | FPS: 1801.3 | Var: ddqn
Step: 2493440 | EPS: 0.09 | Rew: 1.32 | Win%: 43.5 | S0: 383.7 | FPS: 1817.9 | Var: ddqn
Step: 2494464 | EPS: 0.09 | Rew: 1.54 | Win%: 46.0 | S0: 403.6 | FPS: 2008.6 | Var: ddqn
>>> [Best] Saved -> agent/checkpoints/ddqn_battle.pth | Win% 46.0 | S0 403.6
Step: 2495488 | EPS: 0.09 | Rew: 1.59 | Win%: 46.0 | S0: 409.6 | FPS: 1930.1 | Var: ddqn
>>> [Best] Saved -> agent/checkpoints/ddqn_battle.pth | Win% 46.0 | S0 409.6
Step: 2496512 | EPS: 0.09 | Rew: 1.50 | Win%: 44.5 | S0: 396.7 | FPS: 1597.8 | Var: ddqn
Step: 2497536 | EPS: 0.09 | Rew: 1.43 | Win%: 43.5 | S0: 397.6 | FPS: 1765.6 | Var: ddqn
Step: 2498560 | EPS: 0.09 | Rew: 1.28 | Win%: 42.5 | S0: 388.6 | FPS: 1973.2 | Var: ddqn
Step: 2499584 | EPS: 0.09 | Rew: 1.15 | Win%: 43.0 | S0: 389.3 | FPS: 1939.0 | Var: ddqn
Step: 2500608 | EPS: 0.09 | Rew: 1.02 | Win%: 45.0 | S0: 400.0 | FPS: 1655.9 | Var: ddqn
Step: 2501632 | EPS: 0.09 | Rew: 1.15 | Win%: 43.5 | S0: 394.8 | FPS: 1907.3 | Var: ddqn
Step: 2502656 | EPS: 0.09 | Rew: 1.19 | Win%: 43.5 | S0: 384.1 | FPS: 1833.9 | Var: ddqn
Step: 2503680 | EPS: 0.09 | Rew: 1.07 | Win%: 39.0 | S0: 358.6 | FPS: 1347.7 | Var: ddqn
Step: 2504704 | EPS: 0.09 | Rew: 1.09 | Win%: 38.0 | S0: 345.2 | FPS: 1705.5 | Var: ddqn
Step: 2505728 | EPS: 0.09 | Rew: 1.31 | Win%: 39.0 | S0: 355.5 | FPS: 1911.5 | Var: ddqn
Step: 2506752 | EPS: 0.09 | Rew: 1.32 | Win%: 41.0 | S0: 371.2 | FPS: 1895.6 | Var: ddqn
Step: 2507776 | EPS: 0.09 | Rew: 1.32 | Win%: 42.0 | S0: 387.4 | FPS: 1591.9 | Var: ddqn
Step: 2508800 | EPS: 0.09 | Rew: 1.49 | Win%: 42.0 | S0: 397.0 | FPS: 1954.1 | Var: ddqn
Step: 2509824 | EPS: 0.09 | Rew: 1.57 | Win%: 41.5 | S0: 404.6 | FPS: 1751.6 | Var: ddqn
Step: 2510848 | EPS: 0.09 | Rew: 1.28 | Win%: 40.5 | S0: 388.1 | FPS: 1607.2 | Var: ddqn
Step: 2511872 | EPS: 0.09 | Rew: 1.47 | Win%: 42.0 | S0: 391.9 | FPS: 1851.8 | Var: ddqn
Step: 2512896 | EPS: 0.09 | Rew: 1.35 | Win%: 43.0 | S0: 395.7 | FPS: 1851.6 | Var: ddqn
Step: 2513920 | EPS: 0.09 | Rew: 1.28 | Win%: 43.5 | S0: 394.8 | FPS: 1872.1 | Var: ddqn
Step: 2514944 | EPS: 0.09 | Rew: 1.07 | Win%: 45.0 | S0: 397.5 | FPS: 1738.5 | Var: ddqn
Step: 2515968 | EPS: 0.09 | Rew: 1.15 | Win%: 41.5 | S0: 379.2 | FPS: 1683.4 | Var: ddqn
Step: 2516992 | EPS: 0.09 | Rew: 1.01 | Win%: 39.5 | S0: 367.4 | FPS: 1521.5 | Var: ddqn
Step: 2518016 | EPS: 0.09 | Rew: 1.17 | Win%: 39.5 | S0: 371.9 | FPS: 2012.3 | Var: ddqn
Step: 2519040 | EPS: 0.09 | Rew: 1.32 | Win%: 40.5 | S0: 379.4 | FPS: 1886.0 | Var: ddqn
Step: 2520064 | EPS: 0.09 | Rew: 1.30 | Win%: 40.5 | S0: 374.8 | FPS: 1835.5 | Var: ddqn
Step: 2521088 | EPS: 0.09 | Rew: 1.47 | Win%: 41.5 | S0: 370.9 | FPS: 1841.3 | Var: ddqn
Step: 2522112 | EPS: 0.09 | Rew: 1.51 | Win%: 42.0 | S0: 376.6 | FPS: 1721.0 | Var: ddqn
Step: 2523136 | EPS: 0.09 | Rew: 1.52 | Win%: 41.5 | S0: 368.1 | FPS: 1943.7 | Var: ddqn
Step: 2524160 | EPS: 0.09 | Rew: 1.33 | Win%: 41.0 | S0: 374.4 | FPS: 1706.2 | Var: ddqn
Step: 2525184 | EPS: 0.09 | Rew: 1.35 | Win%: 42.0 | S0: 383.7 | FPS: 2058.1 | Var: ddqn
Step: 2526208 | EPS: 0.09 | Rew: 1.34 | Win%: 41.5 | S0: 380.5 | FPS: 2005.3 | Var: ddqn
Step: 2527232 | EPS: 0.09 | Rew: 1.35 | Win%: 42.5 | S0: 384.4 | FPS: 1859.4 | Var: ddqn
Step: 2528256 | EPS: 0.08 | Rew: 1.56 | Win%: 45.0 | S0: 397.6 | FPS: 1849.5 | Var: ddqn
Step: 2529280 | EPS: 0.08 | Rew: 1.51 | Win%: 45.0 | S0: 392.6 | FPS: 1939.8 | Var: ddqn
Step: 2530304 | EPS: 0.08 | Rew: 1.52 | Win%: 45.0 | S0: 371.6 | FPS: 1811.1 | Var: ddqn
Step: 2531328 | EPS: 0.08 | Rew: 1.39 | Win%: 44.5 | S0: 362.9 | FPS: 1928.4 | Var: ddqn
Step: 2532352 | EPS: 0.08 | Rew: 1.34 | Win%: 45.0 | S0: 364.7 | FPS: 1984.0 | Var: ddqn
Step: 2533376 | EPS: 0.08 | Rew: 1.33 | Win%: 46.5 | S0: 393.4 | FPS: 1809.1 | Var: ddqn
Step: 2534400 | EPS: 0.08 | Rew: 1.21 | Win%: 45.5 | S0: 385.1 | FPS: 1855.8 | Var: ddqn
Step: 2535424 | EPS: 0.08 | Rew: 1.21 | Win%: 44.5 | S0: 380.3 | FPS: 1828.5 | Var: ddqn
Step: 2536448 | EPS: 0.08 | Rew: 1.34 | Win%: 45.5 | S0: 378.4 | FPS: 2104.4 | Var: ddqn
Step: 2537472 | EPS: 0.08 | Rew: 1.28 | Win%: 45.5 | S0: 375.6 | FPS: 1861.4 | Var: ddqn
Step: 2538496 | EPS: 0.08 | Rew: 1.10 | Win%: 44.5 | S0: 368.0 | FPS: 1833.5 | Var: ddqn
Step: 2539520 | EPS: 0.08 | Rew: 1.15 | Win%: 43.0 | S0: 359.8 | FPS: 1844.0 | Var: ddqn
Step: 2540544 | EPS: 0.08 | Rew: 1.28 | Win%: 43.5 | S0: 368.9 | FPS: 1791.9 | Var: ddqn
Step: 2541568 | EPS: 0.08 | Rew: 1.16 | Win%: 44.0 | S0: 366.9 | FPS: 1769.9 | Var: ddqn
Step: 2542592 | EPS: 0.08 | Rew: 1.04 | Win%: 43.5 | S0: 360.6 | FPS: 1899.4 | Var: ddqn
Step: 2543616 | EPS: 0.08 | Rew: 1.26 | Win%: 44.5 | S0: 375.2 | FPS: 1927.4 | Var: ddqn
Step: 2544640 | EPS: 0.08 | Rew: 1.13 | Win%: 42.0 | S0: 346.6 | FPS: 2020.3 | Var: ddqn
Step: 2545664 | EPS: 0.08 | Rew: 1.33 | Win%: 45.0 | S0: 366.8 | FPS: 1905.4 | Var: ddqn
Step: 2546688 | EPS: 0.08 | Rew: 1.28 | Win%: 45.0 | S0: 367.2 | FPS: 2030.7 | Var: ddqn
Step: 2547712 | EPS: 0.08 | Rew: 1.51 | Win%: 44.5 | S0: 365.6 | FPS: 1831.5 | Var: ddqn
Step: 2548736 | EPS: 0.08 | Rew: 1.47 | Win%: 45.0 | S0: 375.6 | FPS: 1930.5 | Var: ddqn
Step: 2549760 | EPS: 0.08 | Rew: 1.34 | Win%: 45.0 | S0: 383.7 | FPS: 1815.5 | Var: ddqn
Step: 2550784 | EPS: 0.08 | Rew: 1.53 | Win%: 45.0 | S0: 383.1 | FPS: 1728.8 | Var: ddqn
Step: 2551808 | EPS: 0.08 | Rew: 1.43 | Win%: 45.5 | S0: 388.6 | FPS: 1685.1 | Var: ddqn
Step: 2552832 | EPS: 0.08 | Rew: 1.30 | Win%: 42.0 | S0: 373.6 | FPS: 1933.6 | Var: ddqn
Step: 2553856 | EPS: 0.08 | Rew: 1.41 | Win%: 45.0 | S0: 397.7 | FPS: 1693.4 | Var: ddqn
Step: 2554880 | EPS: 0.08 | Rew: 1.32 | Win%: 44.5 | S0: 391.9 | FPS: 1630.1 | Var: ddqn
Step: 2555904 | EPS: 0.08 | Rew: 1.34 | Win%: 43.5 | S0: 387.2 | FPS: 1797.9 | Var: ddqn
Step: 2556928 | EPS: 0.08 | Rew: 1.29 | Win%: 41.0 | S0: 381.1 | FPS: 1925.9 | Var: ddqn
Step: 2557952 | EPS: 0.08 | Rew: 1.21 | Win%: 39.5 | S0: 370.2 | FPS: 2055.2 | Var: ddqn
Step: 2558976 | EPS: 0.08 | Rew: 1.25 | Win%: 40.5 | S0: 375.3 | FPS: 1932.4 | Var: ddqn
Step: 2560000 | EPS: 0.08 | Rew: 1.38 | Win%: 40.0 | S0: 374.4 | FPS: 1910.6 | Var: ddqn
Step: 2561024 | EPS: 0.08 | Rew: 1.31 | Win%: 41.5 | S0: 380.4 | FPS: 1812.0 | Var: ddqn
Step: 2562048 | EPS: 0.08 | Rew: 1.25 | Win%: 39.5 | S0: 361.1 | FPS: 1761.7 | Var: ddqn
Step: 2563072 | EPS: 0.08 | Rew: 1.31 | Win%: 42.5 | S0: 368.6 | FPS: 1797.8 | Var: ddqn
Step: 2564096 | EPS: 0.08 | Rew: 1.35 | Win%: 43.0 | S0: 369.6 | FPS: 1606.1 | Var: ddqn
Step: 2565120 | EPS: 0.08 | Rew: 1.25 | Win%: 42.5 | S0: 369.8 | FPS: 1742.0 | Var: ddqn
Step: 2566144 | EPS: 0.08 | Rew: 1.28 | Win%: 42.0 | S0: 365.2 | FPS: 1763.8 | Var: ddqn
Step: 2567168 | EPS: 0.08 | Rew: 1.11 | Win%: 42.0 | S0: 346.1 | FPS: 1880.7 | Var: ddqn
Step: 2568192 | EPS: 0.08 | Rew: 1.22 | Win%: 42.0 | S0: 343.2 | FPS: 1818.1 | Var: ddqn
Step: 2569216 | EPS: 0.08 | Rew: 1.40 | Win%: 45.0 | S0: 370.2 | FPS: 1896.5 | Var: ddqn
Step: 2570240 | EPS: 0.08 | Rew: 1.30 | Win%: 42.5 | S0: 356.4 | FPS: 1848.4 | Var: ddqn
Step: 2571264 | EPS: 0.08 | Rew: 1.22 | Win%: 42.5 | S0: 363.8 | FPS: 2088.1 | Var: ddqn
Step: 2572288 | EPS: 0.08 | Rew: 1.19 | Win%: 41.5 | S0: 351.9 | FPS: 2044.0 | Var: ddqn
Step: 2573312 | EPS: 0.08 | Rew: 1.35 | Win%: 40.0 | S0: 358.6 | FPS: 1845.9 | Var: ddqn
Step: 2574336 | EPS: 0.08 | Rew: 1.38 | Win%: 41.5 | S0: 370.1 | FPS: 1496.2 | Var: ddqn
Step: 2575360 | EPS: 0.08 | Rew: 1.07 | Win%: 39.5 | S0: 360.6 | FPS: 1701.4 | Var: ddqn
Step: 2576384 | EPS: 0.08 | Rew: 1.13 | Win%: 39.0 | S0: 356.6 | FPS: 1915.0 | Var: ddqn
Step: 2577408 | EPS: 0.07 | Rew: 1.25 | Win%: 38.5 | S0: 358.8 | FPS: 1996.7 | Var: ddqn
Step: 2578432 | EPS: 0.07 | Rew: 1.19 | Win%: 39.5 | S0: 366.1 | FPS: 1915.8 | Var: ddqn
Step: 2579456 | EPS: 0.07 | Rew: 1.31 | Win%: 38.5 | S0: 376.7 | FPS: 1962.5 | Var: ddqn
Step: 2580480 | EPS: 0.07 | Rew: 1.21 | Win%: 38.5 | S0: 392.6 | FPS: 1912.2 | Var: ddqn
Step: 2581504 | EPS: 0.07 | Rew: 1.49 | Win%: 38.0 | S0: 393.4 | FPS: 1880.6 | Var: ddqn
Step: 2582528 | EPS: 0.07 | Rew: 1.65 | Win%: 38.0 | S0: 399.7 | FPS: 1774.1 | Var: ddqn
Step: 2583552 | EPS: 0.07 | Rew: 1.60 | Win%: 38.0 | S0: 398.3 | FPS: 1859.7 | Var: ddqn
Step: 2584576 | EPS: 0.07 | Rew: 1.38 | Win%: 39.0 | S0: 392.5 | FPS: 1964.8 | Var: ddqn
Step: 2585600 | EPS: 0.07 | Rew: 1.38 | Win%: 40.0 | S0: 378.5 | FPS: 2079.3 | Var: ddqn
Step: 2586624 | EPS: 0.07 | Rew: 1.17 | Win%: 38.5 | S0: 377.1 | FPS: 1886.2 | Var: ddqn
Step: 2587648 | EPS: 0.07 | Rew: 1.08 | Win%: 39.0 | S0: 386.2 | FPS: 2003.8 | Var: ddqn
Step: 2588672 | EPS: 0.07 | Rew: 1.11 | Win%: 38.5 | S0: 382.6 | FPS: 1963.2 | Var: ddqn
Step: 2589696 | EPS: 0.07 | Rew: 1.15 | Win%: 39.0 | S0: 390.1 | FPS: 1662.0 | Var: ddqn
Step: 2590720 | EPS: 0.07 | Rew: 1.29 | Win%: 39.5 | S0: 384.4 | FPS: 1628.7 | Var: ddqn
Step: 2591744 | EPS: 0.07 | Rew: 1.46 | Win%: 41.5 | S0: 392.1 | FPS: 1746.8 | Var: ddqn
Step: 2592768 | EPS: 0.07 | Rew: 1.52 | Win%: 41.5 | S0: 380.2 | FPS: 1961.3 | Var: ddqn
Step: 2593792 | EPS: 0.07 | Rew: 1.62 | Win%: 43.0 | S0: 379.6 | FPS: 1982.5 | Var: ddqn
Step: 2594816 | EPS: 0.07 | Rew: 1.45 | Win%: 41.5 | S0: 363.2 | FPS: 1728.2 | Var: ddqn
Step: 2595840 | EPS: 0.07 | Rew: 1.53 | Win%: 41.5 | S0: 371.6 | FPS: 1905.2 | Var: ddqn
Step: 2596864 | EPS: 0.07 | Rew: 1.51 | Win%: 40.5 | S0: 381.3 | FPS: 1714.8 | Var: ddqn
Step: 2597888 | EPS: 0.07 | Rew: 1.58 | Win%: 40.5 | S0: 394.8 | FPS: 1625.1 | Var: ddqn
Step: 2598912 | EPS: 0.07 | Rew: 1.56 | Win%: 42.5 | S0: 396.2 | FPS: 1817.5 | Var: ddqn
Step: 2599936 | EPS: 0.07 | Rew: 1.72 | Win%: 45.0 | S0: 402.4 | FPS: 1601.8 | Var: ddqn
Step: 2600960 | EPS: 0.07 | Rew: 1.75 | Win%: 45.5 | S0: 401.9 | FPS: 1845.1 | Var: ddqn
Step: 2601984 | EPS: 0.07 | Rew: 1.58 | Win%: 44.5 | S0: 382.8 | FPS: 1804.3 | Var: ddqn
Step: 2603008 | EPS: 0.07 | Rew: 1.52 | Win%: 46.0 | S0: 387.9 | FPS: 1710.4 | Var: ddqn
Step: 2604032 | EPS: 0.07 | Rew: 1.49 | Win%: 45.5 | S0: 393.5 | FPS: 1608.9 | Var: ddqn
Step: 2605056 | EPS: 0.07 | Rew: 1.59 | Win%: 46.5 | S0: 404.9 | FPS: 1819.3 | Var: ddqn
Step: 2606080 | EPS: 0.07 | Rew: 1.53 | Win%: 47.5 | S0: 406.6 | FPS: 1935.9 | Var: ddqn
>>> [Best] Saved -> agent/checkpoints/ddqn_battle.pth | Win% 47.5 | S0 406.6
Step: 2607104 | EPS: 0.07 | Rew: 1.47 | Win%: 48.5 | S0: 413.7 | FPS: 1847.0 | Var: ddqn
>>> [Best] Saved -> agent/checkpoints/ddqn_battle.pth | Win% 48.5 | S0 413.7
Step: 2608128 | EPS: 0.07 | Rew: 1.51 | Win%: 47.0 | S0: 401.5 | FPS: 1895.1 | Var: ddqn
Step: 2609152 | EPS: 0.07 | Rew: 1.37 | Win%: 45.5 | S0: 388.3 | FPS: 1699.4 | Var: ddqn
Step: 2610176 | EPS: 0.07 | Rew: 1.25 | Win%: 43.0 | S0: 381.7 | FPS: 1569.0 | Var: ddqn
Step: 2611200 | EPS: 0.07 | Rew: 1.19 | Win%: 41.0 | S0: 379.5 | FPS: 2040.2 | Var: ddqn
Step: 2612224 | EPS: 0.07 | Rew: 1.13 | Win%: 38.5 | S0: 374.9 | FPS: 1863.9 | Var: ddqn
Step: 2613248 | EPS: 0.07 | Rew: 1.14 | Win%: 39.5 | S0: 380.0 | FPS: 1761.2 | Var: ddqn
Step: 2614272 | EPS: 0.07 | Rew: 1.16 | Win%: 38.5 | S0: 389.9 | FPS: 1852.8 | Var: ddqn
Step: 2615296 | EPS: 0.07 | Rew: 1.31 | Win%: 35.5 | S0: 383.3 | FPS: 1968.8 | Var: ddqn
Step: 2616320 | EPS: 0.07 | Rew: 1.43 | Win%: 37.5 | S0: 391.2 | FPS: 1705.4 | Var: ddqn
Step: 2617344 | EPS: 0.07 | Rew: 1.47 | Win%: 37.0 | S0: 388.1 | FPS: 1797.6 | Var: ddqn
Step: 2618368 | EPS: 0.07 | Rew: 1.52 | Win%: 36.0 | S0: 381.6 | FPS: 1826.4 | Var: ddqn
Step: 2619392 | EPS: 0.07 | Rew: 1.60 | Win%: 37.0 | S0: 388.9 | FPS: 1722.6 | Var: ddqn
Step: 2620416 | EPS: 0.07 | Rew: 1.67 | Win%: 38.5 | S0: 406.2 | FPS: 1725.2 | Var: ddqn
Step: 2621440 | EPS: 0.07 | Rew: 1.67 | Win%: 38.5 | S0: 405.8 | FPS: 1910.9 | Var: ddqn
Step: 2622464 | EPS: 0.07 | Rew: 1.71 | Win%: 39.5 | S0: 399.4 | FPS: 1866.9 | Var: ddqn
Step: 2623488 | EPS: 0.07 | Rew: 1.76 | Win%: 41.0 | S0: 409.8 | FPS: 1717.8 | Var: ddqn
Step: 2624512 | EPS: 0.07 | Rew: 1.67 | Win%: 43.5 | S0: 412.9 | FPS: 1636.5 | Var: ddqn
Step: 2625536 | EPS: 0.07 | Rew: 1.77 | Win%: 45.0 | S0: 421.4 | FPS: 1793.4 | Var: ddqn
>>> [Best] Saved -> agent/checkpoints/ddqn_battle.pth | Win% 45.0 | S0 421.4
Step: 2626560 | EPS: 0.06 | Rew: 1.81 | Win%: 46.5 | S0: 426.1 | FPS: 1828.9 | Var: ddqn
>>> [Best] Saved -> agent/checkpoints/ddqn_battle.pth | Win% 46.5 | S0 426.1
Step: 2627584 | EPS: 0.06 | Rew: 1.67 | Win%: 46.0 | S0: 414.2 | FPS: 2007.3 | Var: ddqn
Step: 2628608 | EPS: 0.06 | Rew: 1.68 | Win%: 46.5 | S0: 410.9 | FPS: 1719.7 | Var: ddqn
Step: 2629632 | EPS: 0.06 | Rew: 1.46 | Win%: 44.0 | S0: 399.9 | FPS: 1915.2 | Var: ddqn
Step: 2630656 | EPS: 0.06 | Rew: 1.68 | Win%: 46.0 | S0: 403.6 | FPS: 2020.0 | Var: ddqn
Step: 2631680 | EPS: 0.06 | Rew: 1.61 | Win%: 46.0 | S0: 407.9 | FPS: 1844.8 | Var: ddqn
Step: 2632704 | EPS: 0.06 | Rew: 1.58 | Win%: 46.5 | S0: 400.6 | FPS: 1870.4 | Var: ddqn
Step: 2633728 | EPS: 0.06 | Rew: 1.55 | Win%: 45.5 | S0: 396.4 | FPS: 1865.7 | Var: ddqn
Step: 2634752 | EPS: 0.06 | Rew: 1.42 | Win%: 43.0 | S0: 376.8 | FPS: 1647.7 | Var: ddqn
Step: 2635776 | EPS: 0.06 | Rew: 1.29 | Win%: 41.5 | S0: 375.3 | FPS: 1684.1 | Var: ddqn
Step: 2636800 | EPS: 0.06 | Rew: 1.05 | Win%: 41.0 | S0: 365.4 | FPS: 1677.9 | Var: ddqn
Step: 2637824 | EPS: 0.06 | Rew: 0.94 | Win%: 37.0 | S0: 341.6 | FPS: 1911.5 | Var: ddqn
Step: 2638848 | EPS: 0.06 | Rew: 1.03 | Win%: 38.5 | S0: 358.5 | FPS: 1910.2 | Var: ddqn
Step: 2639872 | EPS: 0.06 | Rew: 0.98 | Win%: 37.5 | S0: 348.6 | FPS: 1872.4 | Var: ddqn
Step: 2640896 | EPS: 0.06 | Rew: 0.96 | Win%: 35.5 | S0: 330.9 | FPS: 1989.9 | Var: ddqn
Step: 2641920 | EPS: 0.06 | Rew: 1.02 | Win%: 35.0 | S0: 325.7 | FPS: 2004.5 | Var: ddqn
Step: 2642944 | EPS: 0.06 | Rew: 0.99 | Win%: 33.0 | S0: 322.6 | FPS: 1822.2 | Var: ddqn
Step: 2643968 | EPS: 0.06 | Rew: 0.97 | Win%: 33.5 | S0: 322.9 | FPS: 1951.1 | Var: ddqn
Step: 2644992 | EPS: 0.06 | Rew: 0.98 | Win%: 33.5 | S0: 320.2 | FPS: 1865.8 | Var: ddqn
Step: 2646016 | EPS: 0.06 | Rew: 1.03 | Win%: 34.0 | S0: 320.4 | FPS: 1714.3 | Var: ddqn
Step: 2647040 | EPS: 0.06 | Rew: 1.22 | Win%: 34.0 | S0: 333.1 | FPS: 1680.6 | Var: ddqn
Step: 2648064 | EPS: 0.06 | Rew: 1.27 | Win%: 34.0 | S0: 342.3 | FPS: 1879.1 | Var: ddqn
Step: 2649088 | EPS: 0.06 | Rew: 1.30 | Win%: 36.0 | S0: 348.2 | FPS: 1737.9 | Var: ddqn
Step: 2650112 | EPS: 0.06 | Rew: 1.36 | Win%: 34.5 | S0: 339.8 | FPS: 1784.3 | Var: ddqn
Step: 2651136 | EPS: 0.06 | Rew: 1.45 | Win%: 37.5 | S0: 345.9 | FPS: 1842.8 | Var: ddqn
Step: 2652160 | EPS: 0.06 | Rew: 1.62 | Win%: 38.5 | S0: 371.6 | FPS: 1657.3 | Var: ddqn
Step: 2653184 | EPS: 0.06 | Rew: 1.53 | Win%: 38.5 | S0: 373.2 | FPS: 1733.9 | Var: ddqn
Step: 2654208 | EPS: 0.06 | Rew: 1.42 | Win%: 39.5 | S0: 376.7 | FPS: 1479.1 | Var: ddqn
Step: 2655232 | EPS: 0.06 | Rew: 1.49 | Win%: 41.5 | S0: 386.1 | FPS: 1764.3 | Var: ddqn
Step: 2656256 | EPS: 0.06 | Rew: 1.54 | Win%: 42.0 | S0: 386.9 | FPS: 1834.3 | Var: ddqn
Step: 2657280 | EPS: 0.06 | Rew: 1.54 | Win%: 44.0 | S0: 393.8 | FPS: 1916.3 | Var: ddqn
Step: 2658304 | EPS: 0.06 | Rew: 1.46 | Win%: 45.0 | S0: 394.7 | FPS: 1745.1 | Var: ddqn
Step: 2659328 | EPS: 0.06 | Rew: 1.71 | Win%: 46.5 | S0: 410.1 | FPS: 1737.4 | Var: ddqn
Step: 2660352 | EPS: 0.06 | Rew: 1.91 | Win%: 48.0 | S0: 413.7 | FPS: 2093.9 | Var: ddqn
Step: 2661376 | EPS: 0.06 | Rew: 1.92 | Win%: 49.0 | S0: 415.1 | FPS: 1802.0 | Var: ddqn
Step: 2662400 | EPS: 0.06 | Rew: 1.65 | Win%: 47.5 | S0: 396.6 | FPS: 1880.4 | Var: ddqn
Step: 2663424 | EPS: 0.06 | Rew: 1.56 | Win%: 46.0 | S0: 383.1 | FPS: 1638.1 | Var: ddqn
Step: 2664448 | EPS: 0.06 | Rew: 1.52 | Win%: 47.5 | S0: 387.6 | FPS: 1906.4 | Var: ddqn
Step: 2665472 | EPS: 0.06 | Rew: 1.35 | Win%: 47.5 | S0: 386.4 | FPS: 1735.5 | Var: ddqn
Step: 2666496 | EPS: 0.06 | Rew: 1.28 | Win%: 49.0 | S0: 400.1 | FPS: 1735.1 | Var: ddqn
Step: 2667520 | EPS: 0.06 | Rew: 1.64 | Win%: 49.5 | S0: 418.1 | FPS: 1798.6 | Var: ddqn
Step: 2668544 | EPS: 0.06 | Rew: 1.80 | Win%: 50.0 | S0: 411.6 | FPS: 1776.7 | Var: ddqn
Step: 2669568 | EPS: 0.06 | Rew: 1.88 | Win%: 49.5 | S0: 411.8 | FPS: 1764.2 | Var: ddqn
Step: 2670592 | EPS: 0.06 | Rew: 1.83 | Win%: 48.5 | S0: 396.1 | FPS: 1798.7 | Var: ddqn
Step: 2671616 | EPS: 0.06 | Rew: 1.87 | Win%: 48.5 | S0: 394.4 | FPS: 1975.0 | Var: ddqn
Step: 2672640 | EPS: 0.06 | Rew: 1.61 | Win%: 49.0 | S0: 407.4 | FPS: 2017.1 | Var: ddqn
Step: 2673664 | EPS: 0.06 | Rew: 1.55 | Win%: 50.0 | S0: 430.1 | FPS: 1983.9 | Var: ddqn
>>> [Best] Saved -> agent/checkpoints/ddqn_battle.pth | Win% 50.0 | S0 430.1
Step: 2674688 | EPS: 0.06 | Rew: 1.33 | Win%: 47.0 | S0: 409.4 | FPS: 1955.2 | Var: ddqn
Step: 2675712 | EPS: 0.05 | Rew: 1.30 | Win%: 46.0 | S0: 402.2 | FPS: 1948.9 | Var: ddqn
Step: 2676736 | EPS: 0.05 | Rew: 1.31 | Win%: 46.5 | S0: 408.3 | FPS: 2018.0 | Var: ddqn
Step: 2677760 | EPS: 0.05 | Rew: 1.13 | Win%: 44.5 | S0: 388.6 | FPS: 2089.2 | Var: ddqn
Step: 2678784 | EPS: 0.05 | Rew: 1.18 | Win%: 43.0 | S0: 373.2 | FPS: 1934.7 | Var: ddqn
Step: 2679808 | EPS: 0.05 | Rew: 1.19 | Win%: 42.5 | S0: 380.4 | FPS: 1850.0 | Var: ddqn
Step: 2680832 | EPS: 0.05 | Rew: 1.39 | Win%: 43.0 | S0: 387.3 | FPS: 1821.8 | Var: ddqn
Step: 2681856 | EPS: 0.05 | Rew: 1.49 | Win%: 42.5 | S0: 386.6 | FPS: 1705.8 | Var: ddqn
Step: 2682880 | EPS: 0.05 | Rew: 1.49 | Win%: 42.0 | S0: 382.4 | FPS: 1904.3 | Var: ddqn
Step: 2683904 | EPS: 0.05 | Rew: 1.40 | Win%: 41.0 | S0: 381.4 | FPS: 1718.6 | Var: ddqn
Step: 2684928 | EPS: 0.05 | Rew: 1.61 | Win%: 40.5 | S0: 384.1 | FPS: 1885.6 | Var: ddqn
Step: 2685952 | EPS: 0.05 | Rew: 1.70 | Win%: 43.5 | S0: 403.6 | FPS: 1784.1 | Var: ddqn
Step: 2686976 | EPS: 0.05 | Rew: 1.73 | Win%: 43.0 | S0: 402.4 | FPS: 1773.9 | Var: ddqn
Step: 2688000 | EPS: 0.05 | Rew: 1.73 | Win%: 44.5 | S0: 411.1 | FPS: 1877.0 | Var: ddqn
Step: 2689024 | EPS: 0.05 | Rew: 1.84 | Win%: 44.0 | S0: 416.6 | FPS: 1790.3 | Var: ddqn
Step: 2690048 | EPS: 0.05 | Rew: 1.81 | Win%: 44.0 | S0: 417.8 | FPS: 1962.3 | Var: ddqn
Step: 2691072 | EPS: 0.05 | Rew: 1.84 | Win%: 44.0 | S0: 415.9 | FPS: 1783.6 | Var: ddqn
Step: 2692096 | EPS: 0.05 | Rew: 1.74 | Win%: 43.0 | S0: 414.8 | FPS: 2042.3 | Var: ddqn
Step: 2693120 | EPS: 0.05 | Rew: 1.66 | Win%: 44.5 | S0: 428.3 | FPS: 2012.7 | Var: ddqn
Step: 2694144 | EPS: 0.05 | Rew: 1.77 | Win%: 43.5 | S0: 423.3 | FPS: 1867.2 | Var: ddqn
Step: 2695168 | EPS: 0.05 | Rew: 1.69 | Win%: 43.5 | S0: 427.1 | FPS: 1603.1 | Var: ddqn
Step: 2696192 | EPS: 0.05 | Rew: 1.75 | Win%: 44.5 | S0: 429.1 | FPS: 1734.7 | Var: ddqn
Step: 2697216 | EPS: 0.05 | Rew: 1.73 | Win%: 45.0 | S0: 429.5 | FPS: 2013.3 | Var: ddqn
Step: 2698240 | EPS: 0.05 | Rew: 1.50 | Win%: 43.0 | S0: 405.8 | FPS: 1659.2 | Var: ddqn
Step: 2699264 | EPS: 0.05 | Rew: 1.58 | Win%: 44.5 | S0: 409.6 | FPS: 1665.5 | Var: ddqn
Step: 2700288 | EPS: 0.05 | Rew: 1.69 | Win%: 45.0 | S0: 408.9 | FPS: 1920.1 | Var: ddqn
Step: 2701312 | EPS: 0.05 | Rew: 1.52 | Win%: 45.0 | S0: 402.9 | FPS: 1839.8 | Var: ddqn
Step: 2702336 | EPS: 0.05 | Rew: 1.52 | Win%: 46.5 | S0: 406.6 | FPS: 1750.2 | Var: ddqn
Step: 2703360 | EPS: 0.05 | Rew: 1.64 | Win%: 46.5 | S0: 412.7 | FPS: 1932.0 | Var: ddqn
Step: 2704384 | EPS: 0.05 | Rew: 1.63 | Win%: 44.0 | S0: 398.2 | FPS: 1774.0 | Var: ddqn
Step: 2705408 | EPS: 0.05 | Rew: 1.67 | Win%: 44.0 | S0: 394.8 | FPS: 1903.4 | Var: ddqn
Step: 2706432 | EPS: 0.05 | Rew: 1.96 | Win%: 47.5 | S0: 419.8 | FPS: 1946.8 | Var: ddqn
Step: 2707456 | EPS: 0.05 | Rew: 1.97 | Win%: 48.5 | S0: 414.6 | FPS: 2035.5 | Var: ddqn
Step: 2708480 | EPS: 0.05 | Rew: 1.86 | Win%: 46.0 | S0: 406.8 | FPS: 1709.4 | Var: ddqn
Step: 2709504 | EPS: 0.05 | Rew: 1.88 | Win%: 46.0 | S0: 401.4 | FPS: 2010.6 | Var: ddqn
Step: 2710528 | EPS: 0.05 | Rew: 1.91 | Win%: 46.5 | S0: 404.3 | FPS: 1954.0 | Var: ddqn
Step: 2711552 | EPS: 0.05 | Rew: 2.03 | Win%: 47.5 | S0: 414.1 | FPS: 2000.0 | Var: ddqn
Step: 2712576 | EPS: 0.05 | Rew: 1.70 | Win%: 47.0 | S0: 414.8 | FPS: 1872.3 | Var: ddqn
Step: 2713600 | EPS: 0.05 | Rew: 1.51 | Win%: 45.5 | S0: 411.4 | FPS: 1939.2 | Var: ddqn
Step: 2714624 | EPS: 0.05 | Rew: 1.82 | Win%: 47.5 | S0: 430.1 | FPS: 1669.6 | Var: ddqn
Step: 2715648 | EPS: 0.05 | Rew: 1.71 | Win%: 48.5 | S0: 424.1 | FPS: 2006.1 | Var: ddqn
Step: 2716672 | EPS: 0.05 | Rew: 1.69 | Win%: 50.0 | S0: 429.1 | FPS: 1860.7 | Var: ddqn
Step: 2717696 | EPS: 0.05 | Rew: 1.69 | Win%: 50.0 | S0: 427.2 | FPS: 2043.5 | Var: ddqn
Step: 2718720 | EPS: 0.05 | Rew: 1.84 | Win%: 48.5 | S0: 413.8 | FPS: 1925.0 | Var: ddqn
Step: 2719744 | EPS: 0.05 | Rew: 1.84 | Win%: 48.0 | S0: 409.4 | FPS: 1644.2 | Var: ddqn
Step: 2720768 | EPS: 0.05 | Rew: 1.76 | Win%: 51.5 | S0: 424.9 | FPS: 2041.7 | Var: ddqn
Step: 2721792 | EPS: 0.05 | Rew: 1.85 | Win%: 50.5 | S0: 425.9 | FPS: 1847.5 | Var: ddqn
Step: 2722816 | EPS: 0.05 | Rew: 2.08 | Win%: 53.0 | S0: 448.4 | FPS: 1709.3 | Var: ddqn
>>> [Best] Saved -> agent/checkpoints/ddqn_battle.pth | Win% 53.0 | S0 448.4
Step: 2723840 | EPS: 0.05 | Rew: 2.04 | Win%: 51.0 | S0: 435.4 | FPS: 2013.1 | Var: ddqn
Step: 2724864 | EPS: 0.05 | Rew: 1.93 | Win%: 51.0 | S0: 432.3 | FPS: 1995.2 | Var: ddqn
Step: 2725888 | EPS: 0.05 | Rew: 2.03 | Win%: 52.0 | S0: 439.1 | FPS: 1931.0 | Var: ddqn
Step: 2726912 | EPS: 0.05 | Rew: 1.88 | Win%: 51.0 | S0: 427.7 | FPS: 1702.6 | Var: ddqn
Step: 2727936 | EPS: 0.05 | Rew: 1.72 | Win%: 51.5 | S0: 419.8 | FPS: 1813.7 | Var: ddqn
Step: 2728960 | EPS: 0.05 | Rew: 1.76 | Win%: 51.0 | S0: 436.8 | FPS: 1918.5 | Var: ddqn
Step: 2729984 | EPS: 0.05 | Rew: 1.82 | Win%: 51.0 | S0: 445.1 | FPS: 2103.3 | Var: ddqn
Step: 2731008 | EPS: 0.05 | Rew: 1.99 | Win%: 52.5 | S0: 448.1 | FPS: 1787.1 | Var: ddqn
Step: 2732032 | EPS: 0.05 | Rew: 1.82 | Win%: 50.5 | S0: 437.6 | FPS: 2119.5 | Var: ddqn
Step: 2733056 | EPS: 0.05 | Rew: 2.00 | Win%: 52.5 | S0: 455.9 | FPS: 1880.2 | Var: ddqn
>>> [Best] Saved -> agent/checkpoints/ddqn_battle.pth | Win% 52.5 | S0 455.9
Step: 2734080 | EPS: 0.05 | Rew: 2.15 | Win%: 51.0 | S0: 459.2 | FPS: 2035.4 | Var: ddqn
Step: 2735104 | EPS: 0.05 | Rew: 2.23 | Win%: 51.5 | S0: 459.2 | FPS: 1693.5 | Var: ddqn
Step: 2736128 | EPS: 0.05 | Rew: 2.00 | Win%: 50.0 | S0: 441.2 | FPS: 2032.2 | Var: ddqn
Step: 2737152 | EPS: 0.05 | Rew: 1.98 | Win%: 53.0 | S0: 457.4 | FPS: 2029.6 | Var: ddqn
Step: 2738176 | EPS: 0.05 | Rew: 2.02 | Win%: 53.5 | S0: 462.9 | FPS: 2144.8 | Var: ddqn
>>> [Best] Saved -> agent/checkpoints/ddqn_battle.pth | Win% 53.5 | S0 462.9
Step: 2739200 | EPS: 0.05 | Rew: 2.19 | Win%: 54.0 | S0: 474.6 | FPS: 1868.3 | Var: ddqn
>>> [Best] Saved -> agent/checkpoints/ddqn_battle.pth | Win% 54.0 | S0 474.6
Step: 2740224 | EPS: 0.05 | Rew: 2.14 | Win%: 54.0 | S0: 473.9 | FPS: 1733.4 | Var: ddqn
Step: 2741248 | EPS: 0.05 | Rew: 2.18 | Win%: 56.5 | S0: 497.2 | FPS: 1914.3 | Var: ddqn
>>> [Best] Saved -> agent/checkpoints/ddqn_battle.pth | Win% 56.5 | S0 497.2
Step: 2742272 | EPS: 0.05 | Rew: 2.28 | Win%: 55.0 | S0: 499.2 | FPS: 1797.1 | Var: ddqn
Step: 2743296 | EPS: 0.05 | Rew: 2.25 | Win%: 57.0 | S0: 497.8 | FPS: 1796.9 | Var: ddqn
Step: 2744320 | EPS: 0.05 | Rew: 2.43 | Win%: 56.5 | S0: 509.1 | FPS: 2044.0 | Var: ddqn
>>> [Best] Saved -> agent/checkpoints/ddqn_battle.pth | Win% 56.5 | S0 509.1
Step: 2745344 | EPS: 0.05 | Rew: 2.22 | Win%: 56.0 | S0: 502.4 | FPS: 2106.6 | Var: ddqn
Step: 2746368 | EPS: 0.05 | Rew: 2.05 | Win%: 55.0 | S0: 488.5 | FPS: 2012.1 | Var: ddqn
Step: 2747392 | EPS: 0.05 | Rew: 2.05 | Win%: 54.5 | S0: 482.4 | FPS: 1976.8 | Var: ddqn
Step: 2748416 | EPS: 0.05 | Rew: 2.12 | Win%: 55.5 | S0: 487.7 | FPS: 2026.1 | Var: ddqn
Step: 2749440 | EPS: 0.05 | Rew: 1.94 | Win%: 54.5 | S0: 478.1 | FPS: 1901.1 | Var: ddqn
Step: 2750464 | EPS: 0.05 | Rew: 1.98 | Win%: 53.0 | S0: 484.8 | FPS: 2090.8 | Var: ddqn
Step: 2751488 | EPS: 0.05 | Rew: 1.83 | Win%: 52.5 | S0: 484.4 | FPS: 1823.6 | Var: ddqn
Step: 2752512 | EPS: 0.05 | Rew: 1.77 | Win%: 51.0 | S0: 476.4 | FPS: 1888.5 | Var: ddqn
Step: 2753536 | EPS: 0.05 | Rew: 2.01 | Win%: 49.0 | S0: 474.6 | FPS: 1827.1 | Var: ddqn
Step: 2754560 | EPS: 0.05 | Rew: 2.08 | Win%: 49.0 | S0: 466.0 | FPS: 1866.1 | Var: ddqn
Step: 2755584 | EPS: 0.05 | Rew: 1.95 | Win%: 48.5 | S0: 445.4 | FPS: 1790.9 | Var: ddqn
Step: 2756608 | EPS: 0.05 | Rew: 1.99 | Win%: 48.0 | S0: 447.6 | FPS: 1904.5 | Var: ddqn
Step: 2757632 | EPS: 0.05 | Rew: 1.79 | Win%: 46.0 | S0: 429.0 | FPS: 1857.7 | Var: ddqn
Step: 2758656 | EPS: 0.05 | Rew: 1.84 | Win%: 44.0 | S0: 423.4 | FPS: 1858.9 | Var: ddqn
Step: 2759680 | EPS: 0.05 | Rew: 1.64 | Win%: 43.0 | S0: 428.3 | FPS: 1927.1 | Var: ddqn
Step: 2760704 | EPS: 0.05 | Rew: 1.41 | Win%: 42.0 | S0: 420.1 | FPS: 2030.1 | Var: ddqn
Step: 2761728 | EPS: 0.05 | Rew: 1.40 | Win%: 42.0 | S0: 410.1 | FPS: 1875.8 | Var: ddqn
Step: 2762752 | EPS: 0.05 | Rew: 1.46 | Win%: 43.0 | S0: 419.6 | FPS: 1966.9 | Var: ddqn
Step: 2763776 | EPS: 0.05 | Rew: 1.38 | Win%: 40.0 | S0: 400.9 | FPS: 1616.0 | Var: ddqn
Step: 2764800 | EPS: 0.05 | Rew: 1.57 | Win%: 41.0 | S0: 412.5 | FPS: 1959.4 | Var: ddqn
Step: 2765824 | EPS: 0.05 | Rew: 1.61 | Win%: 42.5 | S0: 412.9 | FPS: 1893.6 | Var: ddqn
Step: 2766848 | EPS: 0.05 | Rew: 1.60 | Win%: 40.5 | S0: 393.4 | FPS: 1820.4 | Var: ddqn
Step: 2767872 | EPS: 0.05 | Rew: 1.75 | Win%: 41.0 | S0: 397.6 | FPS: 1851.3 | Var: ddqn
Step: 2768896 | EPS: 0.05 | Rew: 1.76 | Win%: 40.0 | S0: 404.9 | FPS: 1782.8 | Var: ddqn
Step: 2769920 | EPS: 0.05 | Rew: 1.85 | Win%: 41.5 | S0: 427.1 | FPS: 2105.7 | Var: ddqn
Step: 2770944 | EPS: 0.05 | Rew: 2.07 | Win%: 44.5 | S0: 437.1 | FPS: 2125.5 | Var: ddqn
Step: 2771968 | EPS: 0.05 | Rew: 2.05 | Win%: 46.5 | S0: 448.9 | FPS: 1943.8 | Var: ddqn
Step: 2772992 | EPS: 0.05 | Rew: 2.18 | Win%: 49.0 | S0: 460.8 | FPS: 1890.6 | Var: ddqn
Step: 2774016 | EPS: 0.05 | Rew: 2.11 | Win%: 50.0 | S0: 483.6 | FPS: 1839.4 | Var: ddqn
Step: 2775040 | EPS: 0.05 | Rew: 2.23 | Win%: 50.5 | S0: 482.6 | FPS: 1542.3 | Var: ddqn
Step: 2776064 | EPS: 0.05 | Rew: 2.08 | Win%: 54.0 | S0: 494.4 | FPS: 1759.3 | Var: ddqn
Step: 2777088 | EPS: 0.05 | Rew: 1.85 | Win%: 52.5 | S0: 478.2 | FPS: 1718.9 | Var: ddqn
Step: 2778112 | EPS: 0.05 | Rew: 1.94 | Win%: 53.0 | S0: 485.4 | FPS: 2309.8 | Var: ddqn
Step: 2779136 | EPS: 0.05 | Rew: 1.87 | Win%: 54.5 | S0: 502.9 | FPS: 1629.2 | Var: ddqn
Step: 2780160 | EPS: 0.05 | Rew: 1.86 | Win%: 54.0 | S0: 495.4 | FPS: 1905.4 | Var: ddqn
Step: 2781184 | EPS: 0.05 | Rew: 1.79 | Win%: 52.5 | S0: 489.6 | FPS: 1751.7 | Var: ddqn
Step: 2782208 | EPS: 0.05 | Rew: 1.74 | Win%: 51.5 | S0: 482.4 | FPS: 1841.0 | Var: ddqn
Step: 2783232 | EPS: 0.05 | Rew: 1.79 | Win%: 51.0 | S0: 469.2 | FPS: 2040.5 | Var: ddqn
Step: 2784256 | EPS: 0.05 | Rew: 1.84 | Win%: 52.5 | S0: 471.4 | FPS: 1736.2 | Var: ddqn
Step: 2785280 | EPS: 0.05 | Rew: 1.75 | Win%: 52.0 | S0: 445.3 | FPS: 1874.5 | Var: ddqn
Step: 2786304 | EPS: 0.05 | Rew: 1.98 | Win%: 54.0 | S0: 467.6 | FPS: 1653.2 | Var: ddqn
Step: 2787328 | EPS: 0.05 | Rew: 1.94 | Win%: 53.0 | S0: 458.5 | FPS: 1708.5 | Var: ddqn
Step: 2788352 | EPS: 0.05 | Rew: 1.76 | Win%: 51.5 | S0: 435.6 | FPS: 1627.5 | Var: ddqn
Step: 2789376 | EPS: 0.05 | Rew: 1.71 | Win%: 50.0 | S0: 429.8 | FPS: 1929.2 | Var: ddqn
Step: 2790400 | EPS: 0.05 | Rew: 1.63 | Win%: 47.0 | S0: 408.1 | FPS: 1955.8 | Var: ddqn
Step: 2791424 | EPS: 0.05 | Rew: 1.61 | Win%: 49.5 | S0: 434.1 | FPS: 1933.1 | Var: ddqn
Step: 2792448 | EPS: 0.05 | Rew: 1.56 | Win%: 49.0 | S0: 414.6 | FPS: 1804.6 | Var: ddqn
Step: 2793472 | EPS: 0.05 | Rew: 1.59 | Win%: 48.0 | S0: 412.2 | FPS: 1718.3 | Var: ddqn
Step: 2794496 | EPS: 0.05 | Rew: 1.73 | Win%: 48.5 | S0: 425.9 | FPS: 1759.9 | Var: ddqn
Step: 2795520 | EPS: 0.05 | Rew: 1.90 | Win%: 48.0 | S0: 437.1 | FPS: 1939.4 | Var: ddqn
Step: 2796544 | EPS: 0.05 | Rew: 2.27 | Win%: 49.0 | S0: 467.1 | FPS: 1943.2 | Var: ddqn
Step: 2797568 | EPS: 0.05 | Rew: 2.26 | Win%: 48.0 | S0: 465.4 | FPS: 1696.6 | Var: ddqn
Step: 2798592 | EPS: 0.05 | Rew: 2.42 | Win%: 49.0 | S0: 473.1 | FPS: 2018.2 | Var: ddqn
Step: 2799616 | EPS: 0.05 | Rew: 2.36 | Win%: 49.0 | S0: 476.2 | FPS: 1766.5 | Var: ddqn
Step: 2800640 | EPS: 0.05 | Rew: 2.31 | Win%: 50.0 | S0: 489.1 | FPS: 1998.8 | Var: ddqn
Step: 2801664 | EPS: 0.05 | Rew: 2.44 | Win%: 51.5 | S0: 508.7 | FPS: 1910.8 | Var: ddqn
Step: 2802688 | EPS: 0.05 | Rew: 2.00 | Win%: 53.5 | S0: 508.8 | FPS: 1846.8 | Var: ddqn
Step: 2803712 | EPS: 0.05 | Rew: 1.90 | Win%: 53.5 | S0: 498.5 | FPS: 1782.7 | Var: ddqn
Step: 2804736 | EPS: 0.05 | Rew: 1.83 | Win%: 54.5 | S0: 507.1 | FPS: 1741.7 | Var: ddqn
Step: 2805760 | EPS: 0.05 | Rew: 1.70 | Win%: 52.0 | S0: 496.2 | FPS: 1868.3 | Var: ddqn
Step: 2806784 | EPS: 0.05 | Rew: 1.62 | Win%: 51.5 | S0: 483.9 | FPS: 1903.0 | Var: ddqn
Step: 2807808 | EPS: 0.05 | Rew: 1.58 | Win%: 50.0 | S0: 462.5 | FPS: 1765.4 | Var: ddqn
Step: 2808832 | EPS: 0.05 | Rew: 1.61 | Win%: 49.0 | S0: 453.8 | FPS: 1840.1 | Var: ddqn
Step: 2809856 | EPS: 0.05 | Rew: 1.85 | Win%: 52.0 | S0: 461.4 | FPS: 1883.1 | Var: ddqn
Step: 2810880 | EPS: 0.05 | Rew: 1.72 | Win%: 49.0 | S0: 443.1 | FPS: 1810.1 | Var: ddqn
Step: 2811904 | EPS: 0.05 | Rew: 2.01 | Win%: 50.5 | S0: 469.9 | FPS: 1751.7 | Var: ddqn
Step: 2812928 | EPS: 0.05 | Rew: 2.08 | Win%: 49.5 | S0: 456.2 | FPS: 1795.5 | Var: ddqn
Step: 2813952 | EPS: 0.05 | Rew: 2.14 | Win%: 49.5 | S0: 456.6 | FPS: 1624.2 | Var: ddqn
Step: 2814976 | EPS: 0.05 | Rew: 2.26 | Win%: 51.5 | S0: 466.9 | FPS: 2033.9 | Var: ddqn
Step: 2816000 | EPS: 0.05 | Rew: 2.02 | Win%: 54.0 | S0: 479.8 | FPS: 1842.4 | Var: ddqn
Step: 2817024 | EPS: 0.05 | Rew: 1.87 | Win%: 53.5 | S0: 466.7 | FPS: 1582.6 | Var: ddqn
Step: 2818048 | EPS: 0.05 | Rew: 1.89 | Win%: 54.5 | S0: 474.6 | FPS: 1651.5 | Var: ddqn
Step: 2819072 | EPS: 0.05 | Rew: 1.82 | Win%: 52.0 | S0: 464.3 | FPS: 1852.1 | Var: ddqn
Step: 2820096 | EPS: 0.05 | Rew: 1.75 | Win%: 52.0 | S0: 471.4 | FPS: 1737.7 | Var: ddqn
Step: 2821120 | EPS: 0.05 | Rew: 1.70 | Win%: 53.0 | S0: 477.6 | FPS: 1903.5 | Var: ddqn
Step: 2822144 | EPS: 0.05 | Rew: 1.76 | Win%: 49.0 | S0: 461.0 | FPS: 1890.8 | Var: ddqn
Step: 2823168 | EPS: 0.05 | Rew: 1.74 | Win%: 49.5 | S0: 468.3 | FPS: 2020.7 | Var: ddqn
Step: 2824192 | EPS: 0.05 | Rew: 1.74 | Win%: 48.0 | S0: 448.4 | FPS: 2145.4 | Var: ddqn
Step: 2825216 | EPS: 0.05 | Rew: 1.97 | Win%: 50.0 | S0: 466.6 | FPS: 2203.2 | Var: ddqn
Step: 2826240 | EPS: 0.05 | Rew: 2.11 | Win%: 50.5 | S0: 469.0 | FPS: 1944.9 | Var: ddqn
Step: 2827264 | EPS: 0.05 | Rew: 2.03 | Win%: 50.0 | S0: 465.7 | FPS: 1683.2 | Var: ddqn
Step: 2828288 | EPS: 0.05 | Rew: 2.05 | Win%: 48.0 | S0: 470.6 | FPS: 1650.5 | Var: ddqn
Step: 2829312 | EPS: 0.05 | Rew: 2.15 | Win%: 46.5 | S0: 472.5 | FPS: 1583.7 | Var: ddqn
Step: 2830336 | EPS: 0.05 | Rew: 1.89 | Win%: 45.0 | S0: 465.8 | FPS: 1868.6 | Var: ddqn
Step: 2831360 | EPS: 0.05 | Rew: 1.57 | Win%: 45.0 | S0: 462.8 | FPS: 2108.2 | Var: ddqn
Step: 2832384 | EPS: 0.05 | Rew: 1.33 | Win%: 43.0 | S0: 445.4 | FPS: 1898.5 | Var: ddqn
Step: 2833408 | EPS: 0.05 | Rew: 1.15 | Win%: 42.0 | S0: 425.1 | FPS: 2078.6 | Var: ddqn
Step: 2834432 | EPS: 0.05 | Rew: 0.96 | Win%: 42.5 | S0: 413.9 | FPS: 2006.4 | Var: ddqn
Step: 2835456 | EPS: 0.05 | Rew: 0.98 | Win%: 41.5 | S0: 401.8 | FPS: 1822.0 | Var: ddqn
Step: 2836480 | EPS: 0.05 | Rew: 1.14 | Win%: 39.5 | S0: 380.5 | FPS: 1725.6 | Var: ddqn
Step: 2837504 | EPS: 0.05 | Rew: 1.20 | Win%: 37.5 | S0: 367.4 | FPS: 2049.9 | Var: ddqn
Step: 2838528 | EPS: 0.05 | Rew: 1.32 | Win%: 35.5 | S0: 355.2 | FPS: 1970.5 | Var: ddqn
Step: 2839552 | EPS: 0.05 | Rew: 1.32 | Win%: 35.5 | S0: 354.2 | FPS: 1760.5 | Var: ddqn
Step: 2840576 | EPS: 0.05 | Rew: 1.29 | Win%: 34.5 | S0: 340.4 | FPS: 1965.3 | Var: ddqn
Step: 2841600 | EPS: 0.05 | Rew: 1.38 | Win%: 36.0 | S0: 347.1 | FPS: 1788.5 | Var: ddqn
Step: 2842624 | EPS: 0.05 | Rew: 1.47 | Win%: 38.5 | S0: 367.5 | FPS: 1923.4 | Var: ddqn
Step: 2843648 | EPS: 0.05 | Rew: 1.50 | Win%: 41.0 | S0: 381.6 | FPS: 1761.0 | Var: ddqn
Step: 2844672 | EPS: 0.05 | Rew: 1.57 | Win%: 41.5 | S0: 384.1 | FPS: 1763.2 | Var: ddqn
Step: 2845696 | EPS: 0.05 | Rew: 1.76 | Win%: 43.5 | S0: 407.4 | FPS: 1633.0 | Var: ddqn
Step: 2846720 | EPS: 0.05 | Rew: 1.66 | Win%: 41.0 | S0: 398.1 | FPS: 1823.9 | Var: ddqn
Step: 2847744 | EPS: 0.05 | Rew: 1.52 | Win%: 41.0 | S0: 395.3 | FPS: 1607.1 | Var: ddqn
Step: 2848768 | EPS: 0.05 | Rew: 1.54 | Win%: 42.0 | S0: 414.6 | FPS: 1896.9 | Var: ddqn
Step: 2849792 | EPS: 0.05 | Rew: 1.60 | Win%: 43.5 | S0: 424.4 | FPS: 2094.0 | Var: ddqn
Step: 2850816 | EPS: 0.05 | Rew: 1.63 | Win%: 46.0 | S0: 443.3 | FPS: 1827.0 | Var: ddqn
Step: 2851840 | EPS: 0.05 | Rew: 1.68 | Win%: 48.0 | S0: 447.4 | FPS: 1792.3 | Var: ddqn
Step: 2852864 | EPS: 0.05 | Rew: 1.69 | Win%: 47.0 | S0: 446.0 | FPS: 2017.1 | Var: ddqn
Step: 2853888 | EPS: 0.05 | Rew: 1.79 | Win%: 46.5 | S0: 436.1 | FPS: 1917.7 | Var: ddqn
Step: 2854912 | EPS: 0.05 | Rew: 1.76 | Win%: 46.5 | S0: 442.1 | FPS: 1918.4 | Var: ddqn
Step: 2855936 | EPS: 0.05 | Rew: 1.74 | Win%: 47.0 | S0: 446.8 | FPS: 1801.1 | Var: ddqn
Step: 2856960 | EPS: 0.05 | Rew: 1.70 | Win%: 47.0 | S0: 437.5 | FPS: 1982.8 | Var: ddqn
Step: 2857984 | EPS: 0.05 | Rew: 1.61 | Win%: 46.5 | S0: 431.9 | FPS: 1829.1 | Var: ddqn
Step: 2859008 | EPS: 0.05 | Rew: 1.71 | Win%: 49.5 | S0: 456.8 | FPS: 1875.1 | Var: ddqn
Step: 2860032 | EPS: 0.05 | Rew: 1.51 | Win%: 49.0 | S0: 432.2 | FPS: 1842.0 | Var: ddqn
Step: 2861056 | EPS: 0.05 | Rew: 1.43 | Win%: 47.5 | S0: 416.6 | FPS: 2064.3 | Var: ddqn
Step: 2862080 | EPS: 0.05 | Rew: 1.39 | Win%: 46.0 | S0: 420.6 | FPS: 2073.7 | Var: ddqn
Step: 2863104 | EPS: 0.05 | Rew: 1.40 | Win%: 43.5 | S0: 398.4 | FPS: 1822.2 | Var: ddqn
Step: 2864128 | EPS: 0.05 | Rew: 1.46 | Win%: 44.5 | S0: 400.0 | FPS: 1774.1 | Var: ddqn
Step: 2865152 | EPS: 0.05 | Rew: 1.33 | Win%: 44.0 | S0: 408.6 | FPS: 1473.5 | Var: ddqn
Step: 2866176 | EPS: 0.05 | Rew: 1.52 | Win%: 44.5 | S0: 412.9 | FPS: 1609.9 | Var: ddqn
Step: 2867200 | EPS: 0.05 | Rew: 1.58 | Win%: 43.0 | S0: 405.6 | FPS: 1932.6 | Var: ddqn
Step: 2868224 | EPS: 0.05 | Rew: 1.63 | Win%: 42.5 | S0: 410.6 | FPS: 1648.3 | Var: ddqn
Step: 2869248 | EPS: 0.05 | Rew: 1.62 | Win%: 43.5 | S0: 416.4 | FPS: 1848.7 | Var: ddqn
Step: 2870272 | EPS: 0.05 | Rew: 1.76 | Win%: 45.0 | S0: 432.2 | FPS: 1788.1 | Var: ddqn
Step: 2871296 | EPS: 0.05 | Rew: 1.80 | Win%: 46.5 | S0: 426.7 | FPS: 1662.9 | Var: ddqn
Step: 2872320 | EPS: 0.05 | Rew: 1.97 | Win%: 47.5 | S0: 446.4 | FPS: 1584.4 | Var: ddqn
Step: 2873344 | EPS: 0.05 | Rew: 1.88 | Win%: 47.0 | S0: 441.6 | FPS: 1951.0 | Var: ddqn
Step: 2874368 | EPS: 0.05 | Rew: 1.76 | Win%: 47.5 | S0: 445.1 | FPS: 1820.9 | Var: ddqn
Step: 2875392 | EPS: 0.05 | Rew: 1.80 | Win%: 47.5 | S0: 446.1 | FPS: 2023.4 | Var: ddqn
Step: 2876416 | EPS: 0.05 | Rew: 1.50 | Win%: 45.0 | S0: 421.9 | FPS: 1901.4 | Var: ddqn
Step: 2877440 | EPS: 0.05 | Rew: 1.35 | Win%: 46.5 | S0: 423.6 | FPS: 1900.7 | Var: ddqn
Step: 2878464 | EPS: 0.05 | Rew: 1.31 | Win%: 46.5 | S0: 425.2 | FPS: 2117.3 | Var: ddqn
Step: 2879488 | EPS: 0.05 | Rew: 1.23 | Win%: 45.5 | S0: 413.3 | FPS: 1968.6 | Var: ddqn
Step: 2880512 | EPS: 0.05 | Rew: 1.36 | Win%: 44.5 | S0: 410.1 | FPS: 1842.7 | Var: ddqn
Step: 2881536 | EPS: 0.05 | Rew: 1.29 | Win%: 42.0 | S0: 401.5 | FPS: 1762.3 | Var: ddqn
Step: 2882560 | EPS: 0.05 | Rew: 1.47 | Win%: 41.0 | S0: 407.9 | FPS: 1695.6 | Var: ddqn
Step: 2883584 | EPS: 0.05 | Rew: 1.68 | Win%: 41.5 | S0: 406.0 | FPS: 1762.0 | Var: ddqn
Step: 2884608 | EPS: 0.05 | Rew: 1.79 | Win%: 42.0 | S0: 409.0 | FPS: 1901.9 | Var: ddqn
Step: 2885632 | EPS: 0.05 | Rew: 1.79 | Win%: 41.5 | S0: 408.5 | FPS: 1750.6 | Var: ddqn
Step: 2886656 | EPS: 0.05 | Rew: 1.90 | Win%: 43.5 | S0: 421.6 | FPS: 1823.0 | Var: ddqn
Step: 2887680 | EPS: 0.05 | Rew: 1.80 | Win%: 42.5 | S0: 420.6 | FPS: 1624.4 | Var: ddqn
Step: 2888704 | EPS: 0.05 | Rew: 1.76 | Win%: 44.0 | S0: 433.6 | FPS: 2045.5 | Var: ddqn
Step: 2889728 | EPS: 0.05 | Rew: 1.83 | Win%: 45.5 | S0: 450.5 | FPS: 1607.4 | Var: ddqn
Step: 2890752 | EPS: 0.05 | Rew: 1.90 | Win%: 46.5 | S0: 476.8 | FPS: 1876.7 | Var: ddqn
Step: 2891776 | EPS: 0.05 | Rew: 1.94 | Win%: 48.0 | S0: 489.8 | FPS: 1560.7 | Var: ddqn
Step: 2892800 | EPS: 0.05 | Rew: 1.79 | Win%: 48.5 | S0: 475.1 | FPS: 1883.5 | Var: ddqn
Step: 2893824 | EPS: 0.05 | Rew: 1.86 | Win%: 48.5 | S0: 476.9 | FPS: 2031.9 | Var: ddqn
Step: 2894848 | EPS: 0.05 | Rew: 1.92 | Win%: 49.5 | S0: 470.2 | FPS: 2132.9 | Var: ddqn
Step: 2895872 | EPS: 0.05 | Rew: 1.80 | Win%: 50.0 | S0: 483.2 | FPS: 1914.7 | Var: ddqn
Step: 2896896 | EPS: 0.05 | Rew: 1.76 | Win%: 49.0 | S0: 469.9 | FPS: 1850.0 | Var: ddqn
Step: 2897920 | EPS: 0.05 | Rew: 1.96 | Win%: 48.5 | S0: 478.9 | FPS: 1769.4 | Var: ddqn
Step: 2898944 | EPS: 0.05 | Rew: 1.89 | Win%: 51.5 | S0: 479.6 | FPS: 2014.7 | Var: ddqn
Step: 2899968 | EPS: 0.05 | Rew: 1.84 | Win%: 49.5 | S0: 470.6 | FPS: 1719.9 | Var: ddqn
Step: 2900992 | EPS: 0.05 | Rew: 1.73 | Win%: 49.5 | S0: 455.6 | FPS: 1831.9 | Var: ddqn
Step: 2902016 | EPS: 0.05 | Rew: 1.61 | Win%: 47.5 | S0: 445.6 | FPS: 2012.2 | Var: ddqn
Step: 2903040 | EPS: 0.05 | Rew: 1.98 | Win%: 51.0 | S0: 475.9 | FPS: 1592.0 | Var: ddqn
Step: 2904064 | EPS: 0.05 | Rew: 1.96 | Win%: 52.5 | S0: 487.6 | FPS: 1847.3 | Var: ddqn
Step: 2905088 | EPS: 0.05 | Rew: 1.86 | Win%: 50.5 | S0: 478.4 | FPS: 1893.4 | Var: ddqn
Step: 2906112 | EPS: 0.05 | Rew: 1.88 | Win%: 51.5 | S0: 475.4 | FPS: 1973.5 | Var: ddqn
Step: 2907136 | EPS: 0.05 | Rew: 1.90 | Win%: 50.0 | S0: 468.5 | FPS: 1818.6 | Var: ddqn
Step: 2908160 | EPS: 0.05 | Rew: 1.95 | Win%: 50.5 | S0: 462.4 | FPS: 1791.0 | Var: ddqn
Step: 2909184 | EPS: 0.05 | Rew: 1.70 | Win%: 50.5 | S0: 468.1 | FPS: 1981.8 | Var: ddqn
Step: 2910208 | EPS: 0.05 | Rew: 1.59 | Win%: 50.0 | S0: 443.1 | FPS: 1961.4 | Var: ddqn
Step: 2911232 | EPS: 0.05 | Rew: 1.71 | Win%: 49.5 | S0: 444.6 | FPS: 1919.8 | Var: ddqn
Step: 2912256 | EPS: 0.05 | Rew: 1.63 | Win%: 50.5 | S0: 443.8 | FPS: 1811.5 | Var: ddqn
Step: 2913280 | EPS: 0.05 | Rew: 1.57 | Win%: 50.0 | S0: 444.1 | FPS: 1837.3 | Var: ddqn
Step: 2914304 | EPS: 0.05 | Rew: 1.60 | Win%: 48.5 | S0: 414.0 | FPS: 2016.6 | Var: ddqn
Step: 2915328 | EPS: 0.05 | Rew: 1.58 | Win%: 48.0 | S0: 418.4 | FPS: 1868.8 | Var: ddqn
Step: 2916352 | EPS: 0.05 | Rew: 1.69 | Win%: 48.5 | S0: 423.4 | FPS: 1789.0 | Var: ddqn
Step: 2917376 | EPS: 0.05 | Rew: 1.62 | Win%: 46.0 | S0: 429.9 | FPS: 1860.1 | Var: ddqn
Step: 2918400 | EPS: 0.05 | Rew: 1.53 | Win%: 45.0 | S0: 420.4 | FPS: 1788.2 | Var: ddqn
Step: 2919424 | EPS: 0.05 | Rew: 1.51 | Win%: 43.5 | S0: 412.2 | FPS: 1600.4 | Var: ddqn
Step: 2920448 | EPS: 0.05 | Rew: 1.45 | Win%: 41.5 | S0: 408.1 | FPS: 1736.0 | Var: ddqn
Step: 2921472 | EPS: 0.05 | Rew: 1.25 | Win%: 41.5 | S0: 408.4 | FPS: 1760.5 | Var: ddqn
Step: 2922496 | EPS: 0.05 | Rew: 1.30 | Win%: 41.5 | S0: 415.4 | FPS: 1829.9 | Var: ddqn
Step: 2923520 | EPS: 0.05 | Rew: 1.57 | Win%: 42.0 | S0: 426.1 | FPS: 1693.8 | Var: ddqn
Step: 2924544 | EPS: 0.05 | Rew: 1.72 | Win%: 43.5 | S0: 439.4 | FPS: 1998.6 | Var: ddqn
Step: 2925568 | EPS: 0.05 | Rew: 1.60 | Win%: 43.0 | S0: 423.8 | FPS: 1966.5 | Var: ddqn
Step: 2926592 | EPS: 0.05 | Rew: 1.81 | Win%: 43.5 | S0: 427.7 | FPS: 1863.2 | Var: ddqn
Step: 2927616 | EPS: 0.05 | Rew: 1.96 | Win%: 42.5 | S0: 428.4 | FPS: 1703.6 | Var: ddqn
Step: 2928640 | EPS: 0.05 | Rew: 1.77 | Win%: 42.5 | S0: 413.1 | FPS: 1774.2 | Var: ddqn
Step: 2929664 | EPS: 0.05 | Rew: 1.71 | Win%: 45.5 | S0: 421.1 | FPS: 1768.7 | Var: ddqn
Step: 2930688 | EPS: 0.05 | Rew: 1.57 | Win%: 46.5 | S0: 423.0 | FPS: 1688.6 | Var: ddqn
Step: 2931712 | EPS: 0.05 | Rew: 1.56 | Win%: 48.5 | S0: 432.1 | FPS: 1999.2 | Var: ddqn
Step: 2932736 | EPS: 0.05 | Rew: 1.69 | Win%: 50.0 | S0: 449.0 | FPS: 1975.4 | Var: ddqn
Step: 2933760 | EPS: 0.05 | Rew: 1.45 | Win%: 49.0 | S0: 435.9 | FPS: 1936.5 | Var: ddqn
Step: 2934784 | EPS: 0.05 | Rew: 1.66 | Win%: 49.5 | S0: 440.4 | FPS: 1727.6 | Var: ddqn
Step: 2935808 | EPS: 0.05 | Rew: 1.60 | Win%: 49.5 | S0: 434.6 | FPS: 1925.1 | Var: ddqn
Step: 2936832 | EPS: 0.05 | Rew: 1.53 | Win%: 48.5 | S0: 424.9 | FPS: 2089.1 | Var: ddqn
Step: 2937856 | EPS: 0.05 | Rew: 1.77 | Win%: 48.5 | S0: 446.1 | FPS: 1778.3 | Var: ddqn
Step: 2938880 | EPS: 0.05 | Rew: 1.80 | Win%: 47.5 | S0: 433.6 | FPS: 1706.8 | Var: ddqn
Step: 2939904 | EPS: 0.05 | Rew: 1.90 | Win%: 48.0 | S0: 425.9 | FPS: 1604.1 | Var: ddqn
Step: 2940928 | EPS: 0.05 | Rew: 1.79 | Win%: 49.5 | S0: 439.9 | FPS: 1779.7 | Var: ddqn
Step: 2941952 | EPS: 0.05 | Rew: 2.05 | Win%: 48.5 | S0: 449.1 | FPS: 1895.9 | Var: ddqn
Step: 2942976 | EPS: 0.05 | Rew: 1.73 | Win%: 48.0 | S0: 439.1 | FPS: 1713.0 | Var: ddqn
Step: 2944000 | EPS: 0.05 | Rew: 1.79 | Win%: 48.5 | S0: 443.4 | FPS: 1846.4 | Var: ddqn
Step: 2945024 | EPS: 0.05 | Rew: 1.72 | Win%: 50.5 | S0: 450.6 | FPS: 1659.4 | Var: ddqn
Step: 2946048 | EPS: 0.05 | Rew: 1.91 | Win%: 50.5 | S0: 465.1 | FPS: 1741.8 | Var: ddqn
Step: 2947072 | EPS: 0.05 | Rew: 1.86 | Win%: 51.5 | S0: 473.8 | FPS: 1614.7 | Var: ddqn
Step: 2948096 | EPS: 0.05 | Rew: 1.80 | Win%: 50.0 | S0: 447.6 | FPS: 1896.6 | Var: ddqn
Step: 2949120 | EPS: 0.05 | Rew: 1.63 | Win%: 51.0 | S0: 448.6 | FPS: 1757.6 | Var: ddqn
Step: 2950144 | EPS: 0.05 | Rew: 1.69 | Win%: 50.5 | S0: 447.3 | FPS: 2011.1 | Var: ddqn
Step: 2951168 | EPS: 0.05 | Rew: 1.63 | Win%: 51.0 | S0: 448.1 | FPS: 1804.1 | Var: ddqn
Step: 2952192 | EPS: 0.05 | Rew: 1.52 | Win%: 50.0 | S0: 435.8 | FPS: 1763.6 | Var: ddqn
Step: 2953216 | EPS: 0.05 | Rew: 1.61 | Win%: 50.5 | S0: 432.9 | FPS: 1669.4 | Var: ddqn
Step: 2954240 | EPS: 0.05 | Rew: 1.61 | Win%: 50.5 | S0: 428.9 | FPS: 2016.0 | Var: ddqn
Step: 2955264 | EPS: 0.05 | Rew: 1.75 | Win%: 50.5 | S0: 436.8 | FPS: 1734.2 | Var: ddqn
Step: 2956288 | EPS: 0.05 | Rew: 1.69 | Win%: 49.5 | S0: 429.9 | FPS: 1851.2 | Var: ddqn
Step: 2957312 | EPS: 0.05 | Rew: 1.86 | Win%: 49.5 | S0: 435.6 | FPS: 1798.2 | Var: ddqn
Step: 2958336 | EPS: 0.05 | Rew: 1.78 | Win%: 48.0 | S0: 420.4 | FPS: 1828.1 | Var: ddqn
Step: 2959360 | EPS: 0.05 | Rew: 2.02 | Win%: 48.0 | S0: 436.1 | FPS: 1834.0 | Var: ddqn
Step: 2960384 | EPS: 0.05 | Rew: 1.99 | Win%: 47.0 | S0: 431.1 | FPS: 1646.0 | Var: ddqn
Step: 2961408 | EPS: 0.05 | Rew: 1.97 | Win%: 48.0 | S0: 428.4 | FPS: 2043.4 | Var: ddqn
Step: 2962432 | EPS: 0.05 | Rew: 2.05 | Win%: 48.5 | S0: 439.8 | FPS: 2052.7 | Var: ddqn
Step: 2963456 | EPS: 0.05 | Rew: 2.11 | Win%: 48.5 | S0: 445.1 | FPS: 1993.2 | Var: ddqn
Step: 2964480 | EPS: 0.05 | Rew: 2.13 | Win%: 50.0 | S0: 453.8 | FPS: 1816.5 | Var: ddqn
Step: 2965504 | EPS: 0.05 | Rew: 2.10 | Win%: 50.0 | S0: 472.9 | FPS: 1933.5 | Var: ddqn
Step: 2966528 | EPS: 0.05 | Rew: 2.15 | Win%: 49.5 | S0: 473.5 | FPS: 1790.1 | Var: ddqn
Step: 2967552 | EPS: 0.05 | Rew: 2.11 | Win%: 49.0 | S0: 463.4 | FPS: 1910.3 | Var: ddqn
Step: 2968576 | EPS: 0.05 | Rew: 1.87 | Win%: 49.5 | S0: 472.1 | FPS: 2049.0 | Var: ddqn
Step: 2969600 | EPS: 0.05 | Rew: 1.67 | Win%: 48.0 | S0: 443.4 | FPS: 1953.2 | Var: ddqn
Step: 2970624 | EPS: 0.05 | Rew: 1.50 | Win%: 47.5 | S0: 435.7 | FPS: 1639.5 | Var: ddqn
Step: 2971648 | EPS: 0.05 | Rew: 1.43 | Win%: 47.0 | S0: 431.2 | FPS: 1765.0 | Var: ddqn
Step: 2972672 | EPS: 0.05 | Rew: 1.59 | Win%: 48.5 | S0: 437.8 | FPS: 1944.1 | Var: ddqn
Step: 2973696 | EPS: 0.05 | Rew: 1.53 | Win%: 47.0 | S0: 425.8 | FPS: 1985.6 | Var: ddqn
Step: 2974720 | EPS: 0.05 | Rew: 1.58 | Win%: 46.5 | S0: 434.1 | FPS: 1792.3 | Var: ddqn
Step: 2975744 | EPS: 0.05 | Rew: 1.68 | Win%: 46.0 | S0: 425.2 | FPS: 2038.6 | Var: ddqn
Step: 2976768 | EPS: 0.05 | Rew: 1.99 | Win%: 46.5 | S0: 436.1 | FPS: 1877.6 | Var: ddqn
Step: 2977792 | EPS: 0.05 | Rew: 2.03 | Win%: 46.0 | S0: 426.6 | FPS: 1912.9 | Var: ddqn
Step: 2978816 | EPS: 0.05 | Rew: 2.17 | Win%: 49.0 | S0: 448.4 | FPS: 1883.8 | Var: ddqn
Step: 2979840 | EPS: 0.05 | Rew: 2.23 | Win%: 50.0 | S0: 460.2 | FPS: 1894.4 | Var: ddqn
Step: 2980864 | EPS: 0.05 | Rew: 2.45 | Win%: 49.5 | S0: 464.9 | FPS: 2048.3 | Var: ddqn
Step: 2981888 | EPS: 0.05 | Rew: 2.36 | Win%: 50.0 | S0: 474.5 | FPS: 1706.8 | Var: ddqn
Step: 2982912 | EPS: 0.05 | Rew: 2.31 | Win%: 47.5 | S0: 468.6 | FPS: 1878.9 | Var: ddqn
Step: 2983936 | EPS: 0.05 | Rew: 2.22 | Win%: 51.0 | S0: 487.2 | FPS: 1889.9 | Var: ddqn
Step: 2984960 | EPS: 0.05 | Rew: 2.20 | Win%: 51.5 | S0: 480.7 | FPS: 1913.7 | Var: ddqn
Step: 2985984 | EPS: 0.05 | Rew: 2.30 | Win%: 54.0 | S0: 507.4 | FPS: 2003.8 | Var: ddqn
Step: 2987008 | EPS: 0.05 | Rew: 2.33 | Win%: 56.5 | S0: 522.7 | FPS: 1813.1 | Var: ddqn
>>> [Best] Saved -> agent/checkpoints/ddqn_battle.pth | Win% 56.5 | S0 522.7
Step: 2988032 | EPS: 0.05 | Rew: 2.21 | Win%: 55.5 | S0: 504.6 | FPS: 1987.7 | Var: ddqn
Step: 2989056 | EPS: 0.05 | Rew: 2.12 | Win%: 54.0 | S0: 494.6 | FPS: 1835.3 | Var: ddqn
Step: 2990080 | EPS: 0.05 | Rew: 2.20 | Win%: 54.0 | S0: 482.6 | FPS: 1707.8 | Var: ddqn
Step: 2991104 | EPS: 0.05 | Rew: 2.05 | Win%: 54.0 | S0: 477.4 | FPS: 2079.9 | Var: ddqn
Step: 2992128 | EPS: 0.05 | Rew: 1.88 | Win%: 52.5 | S0: 460.7 | FPS: 2295.0 | Var: ddqn
Step: 2993152 | EPS: 0.05 | Rew: 1.78 | Win%: 54.0 | S0: 457.1 | FPS: 1836.2 | Var: ddqn
Step: 2994176 | EPS: 0.05 | Rew: 1.96 | Win%: 53.5 | S0: 450.8 | FPS: 1895.7 | Var: ddqn
Step: 2995200 | EPS: 0.05 | Rew: 1.93 | Win%: 53.0 | S0: 454.9 | FPS: 1814.5 | Var: ddqn
Step: 2996224 | EPS: 0.05 | Rew: 1.85 | Win%: 52.0 | S0: 453.2 | FPS: 1805.8 | Var: ddqn
Step: 2997248 | EPS: 0.05 | Rew: 1.78 | Win%: 51.5 | S0: 448.9 | FPS: 2069.7 | Var: ddqn
Step: 2998272 | EPS: 0.05 | Rew: 1.79 | Win%: 50.5 | S0: 437.0 | FPS: 1817.5 | Var: ddqn
Step: 2999296 | EPS: 0.05 | Rew: 1.86 | Win%: 49.5 | S0: 435.9 | FPS: 1870.1 | Var: ddqn
>>> [Final] Saved -> agent/checkpoints/ddqn_battle.final.pth
>>> [Curriculum] Phase completed successfully.

=== Curriculum Completed ===
Best Model: agent/checkpoints/ddqn_battle.pth
Final Snapshot: agent/checkpoints/ddqn_battle.final.pth
Test it: python gui_game.py --mode battle --algo ddqn --model agent/checkpoints/ddqn_battle.pth
