=== Snake AI Curriculum Training [DUELING] ===

>>> [Curriculum] Starting Phase: 1. Pre-training (Single Snake) -> agent/checkpoints/dueling_pretrain.pth
>>> Command: train_dqn_variants.py --variant dueling --single --steps 5000000 --save agent/checkpoints/dueling_pretrain.pth --num-envs 128
>>> [V8.0 Asymmetric-Tuning] Variant: DUELING | LR: 0.0002 | Tau: 0.005 | GradClip: 0.5 | Buf: 200000
>>> [Explore] eps_start=1.00 eps_min=0.02 | [SelfPlay] prob=0.70->0.40 @ 0.30
>>> [V18.3 Turbo] PHASE 1 (Single) | FoodDensity: 5 | FoodRew: 1.0
>>> [V18.3 Turbo] Initializing 128 Parallel Environments...
>>> [V18.3 Turbo] Environments Ready.
>>> [DQN-Turbo] torch.compile() enabled.
>>> [V13.3 Heartbeat] Setup Finished. Buffer: 200000 | Device: cuda
>>> Starting DUELING Training (V21.0 Flash-Batch)...
skipping cudagraphs due to graph with symbolic shapes inputs and config.triton.cudagraph_skip_dynamic_graphs=True. Found from   File "/root/user/cs_tcci_hufuguang/machine/machineLearingCourseDevise/agent/dueling_dqn.py", line 59, in forward
    cnn_feat = self.conv(grid)


skipping cudagraphs due to graph with symbolic shapes inputs and config.triton.cudagraph_skip_dynamic_graphs=True. Found from   File "/root/user/cs_tcci_hufuguang/machine/machineLearingCourseDevise/agent/dueling_dqn.py", line 59, in forward
    cnn_feat = self.conv(grid)


Step: 1024 | EPS: 1.00 | Rew: -0.69 | FPS: 159.8 | Var: dueling
>>> [Best] Saved -> agent/checkpoints/dueling_pretrain.pth | Rew -0.69
Step: 2048 | EPS: 1.00 | Rew: -0.70 | FPS: 4581.4 | Var: dueling
Step: 3072 | EPS: 1.00 | Rew: -0.70 | FPS: 5030.2 | Var: dueling
Step: 4096 | EPS: 1.00 | Rew: -0.70 | FPS: 7261.3 | Var: dueling
Step: 5120 | EPS: 1.00 | Rew: -0.70 | FPS: 5583.9 | Var: dueling
Step: 6144 | EPS: 1.00 | Rew: -0.70 | FPS: 6416.7 | Var: dueling
Step: 7168 | EPS: 1.00 | Rew: -0.69 | FPS: 5661.2 | Var: dueling
Step: 8192 | EPS: 1.00 | Rew: -0.69 | FPS: 6741.0 | Var: dueling
Step: 9216 | EPS: 1.00 | Rew: -0.70 | FPS: 8191.9 | Var: dueling
Step: 10240 | EPS: 1.00 | Rew: -0.71 | FPS: 8059.6 | Var: dueling
Step: 11264 | EPS: 1.00 | Rew: -0.69 | FPS: 6065.6 | Var: dueling
Step: 12288 | EPS: 1.00 | Rew: -0.68 | FPS: 8224.8 | Var: dueling
Step: 13312 | EPS: 1.00 | Rew: -0.66 | FPS: 7901.1 | Var: dueling
Step: 14336 | EPS: 1.00 | Rew: -0.65 | FPS: 7638.6 | Var: dueling
Step: 15360 | EPS: 1.00 | Rew: -0.67 | FPS: 8143.2 | Var: dueling
Step: 16384 | EPS: 1.00 | Rew: -0.66 | FPS: 8036.8 | Var: dueling
Step: 17408 | EPS: 1.00 | Rew: -0.68 | FPS: 7795.6 | Var: dueling
Step: 18432 | EPS: 1.00 | Rew: -0.69 | FPS: 7579.6 | Var: dueling
Step: 19456 | EPS: 1.00 | Rew: -0.68 | FPS: 6522.8 | Var: dueling
Step: 20480 | EPS: 0.99 | Rew: -0.69 | FPS: 6561.5 | Var: dueling
Step: 21504 | EPS: 0.99 | Rew: -0.69 | FPS: 6771.9 | Var: dueling
Step: 22528 | EPS: 0.99 | Rew: -0.67 | FPS: 7855.3 | Var: dueling
Step: 23552 | EPS: 0.99 | Rew: -0.68 | FPS: 7822.9 | Var: dueling
Step: 24576 | EPS: 0.99 | Rew: -0.70 | FPS: 7804.1 | Var: dueling
Step: 25600 | EPS: 0.99 | Rew: -0.70 | FPS: 7951.7 | Var: dueling
Step: 26624 | EPS: 0.99 | Rew: -0.70 | FPS: 7832.6 | Var: dueling
Step: 27648 | EPS: 0.99 | Rew: -0.69 | FPS: 7951.3 | Var: dueling
Step: 28672 | EPS: 0.99 | Rew: -0.71 | FPS: 7730.1 | Var: dueling
Step: 29696 | EPS: 0.99 | Rew: -0.70 | FPS: 7591.8 | Var: dueling
Step: 30720 | EPS: 0.99 | Rew: -0.70 | FPS: 7772.6 | Var: dueling
Step: 31744 | EPS: 0.99 | Rew: -0.69 | FPS: 6381.7 | Var: dueling
Step: 32768 | EPS: 0.99 | Rew: -0.69 | FPS: 5428.9 | Var: dueling
Step: 33792 | EPS: 0.99 | Rew: -0.69 | FPS: 6838.6 | Var: dueling
Step: 34816 | EPS: 0.99 | Rew: -0.71 | FPS: 7547.9 | Var: dueling
Step: 35840 | EPS: 0.99 | Rew: -0.69 | FPS: 6314.4 | Var: dueling
Step: 36864 | EPS: 0.99 | Rew: -0.72 | FPS: 7964.3 | Var: dueling
Step: 37888 | EPS: 0.99 | Rew: -0.73 | FPS: 7537.1 | Var: dueling
Step: 38912 | EPS: 0.99 | Rew: -0.72 | FPS: 8144.5 | Var: dueling
Step: 39936 | EPS: 0.99 | Rew: -0.71 | FPS: 8382.8 | Var: dueling
Step: 40960 | EPS: 0.99 | Rew: -0.69 | FPS: 8441.5 | Var: dueling
Step: 41984 | EPS: 0.99 | Rew: -0.67 | FPS: 8366.4 | Var: dueling
Step: 43008 | EPS: 0.99 | Rew: -0.66 | FPS: 8017.8 | Var: dueling
Step: 44032 | EPS: 0.99 | Rew: -0.66 | FPS: 7935.4 | Var: dueling
Step: 45056 | EPS: 0.99 | Rew: -0.66 | FPS: 7858.0 | Var: dueling
Step: 46080 | EPS: 0.99 | Rew: -0.67 | FPS: 7842.7 | Var: dueling
Step: 47104 | EPS: 0.99 | Rew: -0.68 | FPS: 7940.7 | Var: dueling
Step: 48128 | EPS: 0.99 | Rew: -0.67 | FPS: 7526.1 | Var: dueling
Step: 49152 | EPS: 0.99 | Rew: -0.68 | FPS: 5213.2 | Var: dueling
Step: 50176 | EPS: 0.99 | Rew: -0.69 | FPS: 6628.4 | Var: dueling
Step: 51200 | EPS: 0.99 | Rew: -0.69 | FPS: 7798.7 | Var: dueling
Step: 52224 | EPS: 0.99 | Rew: -0.70 | FPS: 7945.7 | Var: dueling
Step: 53248 | EPS: 0.99 | Rew: -0.70 | FPS: 6903.7 | Var: dueling
Step: 54272 | EPS: 0.99 | Rew: -0.72 | FPS: 7608.4 | Var: dueling
Step: 55296 | EPS: 0.99 | Rew: -0.70 | FPS: 7697.0 | Var: dueling
Step: 56320 | EPS: 0.99 | Rew: -0.71 | FPS: 7989.8 | Var: dueling
Step: 57344 | EPS: 0.99 | Rew: -0.69 | FPS: 7675.1 | Var: dueling
Step: 58368 | EPS: 0.99 | Rew: -0.69 | FPS: 7894.0 | Var: dueling
Step: 59392 | EPS: 0.99 | Rew: -0.68 | FPS: 7078.2 | Var: dueling
Step: 60416 | EPS: 0.99 | Rew: -0.68 | FPS: 7023.6 | Var: dueling
Step: 61440 | EPS: 0.98 | Rew: -0.68 | FPS: 7753.3 | Var: dueling
Step: 62464 | EPS: 0.98 | Rew: -0.67 | FPS: 8120.3 | Var: dueling
Step: 63488 | EPS: 0.98 | Rew: -0.67 | FPS: 8430.8 | Var: dueling
Step: 64512 | EPS: 0.98 | Rew: -0.68 | FPS: 4654.8 | Var: dueling
Step: 65536 | EPS: 0.98 | Rew: -0.70 | FPS: 8024.7 | Var: dueling
Step: 66560 | EPS: 0.98 | Rew: -0.71 | FPS: 8080.9 | Var: dueling
Step: 67584 | EPS: 0.98 | Rew: -0.72 | FPS: 7917.0 | Var: dueling
Step: 68608 | EPS: 0.98 | Rew: -0.71 | FPS: 8083.4 | Var: dueling
Step: 69632 | EPS: 0.98 | Rew: -0.70 | FPS: 7893.8 | Var: dueling
Step: 70656 | EPS: 0.98 | Rew: -0.70 | FPS: 8119.7 | Var: dueling
Step: 71680 | EPS: 0.98 | Rew: -0.70 | FPS: 7788.5 | Var: dueling
Step: 72704 | EPS: 0.98 | Rew: -0.69 | FPS: 8053.3 | Var: dueling
Step: 73728 | EPS: 0.98 | Rew: -0.67 | FPS: 7985.1 | Var: dueling
Step: 74752 | EPS: 0.98 | Rew: -0.69 | FPS: 8486.2 | Var: dueling
Step: 75776 | EPS: 0.98 | Rew: -0.70 | FPS: 8124.4 | Var: dueling
Step: 76800 | EPS: 0.98 | Rew: -0.72 | FPS: 8071.0 | Var: dueling
Step: 77824 | EPS: 0.98 | Rew: -0.72 | FPS: 7966.2 | Var: dueling
Step: 78848 | EPS: 0.98 | Rew: -0.71 | FPS: 8055.2 | Var: dueling
Step: 79872 | EPS: 0.98 | Rew: -0.71 | FPS: 5012.6 | Var: dueling
Step: 80896 | EPS: 0.98 | Rew: -0.70 | FPS: 6817.4 | Var: dueling
Step: 81920 | EPS: 0.98 | Rew: -0.70 | FPS: 8206.4 | Var: dueling
Step: 82944 | EPS: 0.98 | Rew: -0.69 | FPS: 8521.9 | Var: dueling
Step: 83968 | EPS: 0.98 | Rew: -0.69 | FPS: 8333.0 | Var: dueling
Step: 84992 | EPS: 0.98 | Rew: -0.69 | FPS: 7950.2 | Var: dueling
Step: 86016 | EPS: 0.98 | Rew: -0.68 | FPS: 7974.2 | Var: dueling
Step: 87040 | EPS: 0.98 | Rew: -0.67 | FPS: 8415.9 | Var: dueling
Step: 88064 | EPS: 0.98 | Rew: -0.67 | FPS: 8393.7 | Var: dueling
Step: 89088 | EPS: 0.98 | Rew: -0.66 | FPS: 8183.3 | Var: dueling
Step: 90112 | EPS: 0.98 | Rew: -0.65 | FPS: 8588.0 | Var: dueling
Step: 91136 | EPS: 0.98 | Rew: -0.67 | FPS: 6044.6 | Var: dueling
Step: 92160 | EPS: 0.98 | Rew: -0.67 | FPS: 6680.6 | Var: dueling
Step: 93184 | EPS: 0.98 | Rew: -0.67 | FPS: 7984.6 | Var: dueling
Step: 94208 | EPS: 0.98 | Rew: -0.67 | FPS: 7870.9 | Var: dueling
Step: 95232 | EPS: 0.98 | Rew: -0.66 | FPS: 5572.9 | Var: dueling
Step: 96256 | EPS: 0.98 | Rew: -0.69 | FPS: 6431.6 | Var: dueling
Step: 97280 | EPS: 0.98 | Rew: -0.68 | FPS: 7896.3 | Var: dueling
Step: 98304 | EPS: 0.98 | Rew: -0.67 | FPS: 8356.3 | Var: dueling
Step: 99328 | EPS: 0.98 | Rew: -0.68 | FPS: 8085.7 | Var: dueling
Step: 100352 | EPS: 0.98 | Rew: -0.67 | FPS: 8062.5 | Var: dueling
Step: 101376 | EPS: 0.98 | Rew: -0.69 | FPS: 7885.4 | Var: dueling
Step: 102400 | EPS: 0.97 | Rew: -0.70 | FPS: 6856.5 | Var: dueling
Step: 103424 | EPS: 0.97 | Rew: -0.68 | FPS: 8465.4 | Var: dueling
Step: 104448 | EPS: 0.97 | Rew: -0.69 | FPS: 8135.8 | Var: dueling
Step: 105472 | EPS: 0.97 | Rew: -0.67 | FPS: 8035.7 | Var: dueling
Step: 106496 | EPS: 0.97 | Rew: -0.67 | FPS: 7698.8 | Var: dueling
Step: 107520 | EPS: 0.97 | Rew: -0.68 | FPS: 8481.7 | Var: dueling
Step: 108544 | EPS: 0.97 | Rew: -0.68 | FPS: 8002.2 | Var: dueling
Step: 109568 | EPS: 0.97 | Rew: -0.69 | FPS: 8032.1 | Var: dueling
Step: 110592 | EPS: 0.97 | Rew: -0.70 | FPS: 8412.7 | Var: dueling
Step: 111616 | EPS: 0.97 | Rew: -0.68 | FPS: 5528.2 | Var: dueling
Step: 112640 | EPS: 0.97 | Rew: -0.66 | FPS: 8320.9 | Var: dueling
Step: 113664 | EPS: 0.97 | Rew: -0.68 | FPS: 8371.7 | Var: dueling
Step: 114688 | EPS: 0.97 | Rew: -0.67 | FPS: 7999.7 | Var: dueling
Step: 115712 | EPS: 0.97 | Rew: -0.69 | FPS: 6915.2 | Var: dueling
Step: 116736 | EPS: 0.97 | Rew: -0.70 | FPS: 7890.3 | Var: dueling
Step: 117760 | EPS: 0.97 | Rew: -0.70 | FPS: 7035.5 | Var: dueling
Step: 118784 | EPS: 0.97 | Rew: -0.70 | FPS: 8485.7 | Var: dueling
Step: 119808 | EPS: 0.97 | Rew: -0.69 | FPS: 7795.3 | Var: dueling
Step: 120832 | EPS: 0.97 | Rew: -0.69 | FPS: 8149.6 | Var: dueling
Step: 121856 | EPS: 0.97 | Rew: -0.68 | FPS: 7944.1 | Var: dueling
Step: 122880 | EPS: 0.97 | Rew: -0.68 | FPS: 7643.5 | Var: dueling
Step: 123904 | EPS: 0.97 | Rew: -0.69 | FPS: 8203.9 | Var: dueling
Step: 124928 | EPS: 0.97 | Rew: -0.69 | FPS: 6763.5 | Var: dueling
Step: 125952 | EPS: 0.97 | Rew: -0.68 | FPS: 8053.1 | Var: dueling
Step: 126976 | EPS: 0.97 | Rew: -0.68 | FPS: 7978.5 | Var: dueling
Step: 128000 | EPS: 0.97 | Rew: -0.68 | FPS: 4899.1 | Var: dueling
Step: 129024 | EPS: 0.97 | Rew: -0.69 | FPS: 6762.9 | Var: dueling
Step: 130048 | EPS: 0.97 | Rew: -0.68 | FPS: 8087.0 | Var: dueling
Step: 131072 | EPS: 0.97 | Rew: -0.68 | FPS: 8085.4 | Var: dueling
Step: 132096 | EPS: 0.97 | Rew: -0.69 | FPS: 8282.7 | Var: dueling
Step: 133120 | EPS: 0.97 | Rew: -0.68 | FPS: 8553.4 | Var: dueling
Step: 134144 | EPS: 0.97 | Rew: -0.69 | FPS: 8381.8 | Var: dueling
Step: 135168 | EPS: 0.97 | Rew: -0.71 | FPS: 8625.1 | Var: dueling
Step: 136192 | EPS: 0.97 | Rew: -0.70 | FPS: 8468.7 | Var: dueling
Step: 137216 | EPS: 0.97 | Rew: -0.70 | FPS: 7856.4 | Var: dueling
Step: 138240 | EPS: 0.97 | Rew: -0.69 | FPS: 8157.9 | Var: dueling
Step: 139264 | EPS: 0.97 | Rew: -0.69 | FPS: 7869.3 | Var: dueling
Step: 140288 | EPS: 0.97 | Rew: -0.71 | FPS: 7807.8 | Var: dueling
Step: 141312 | EPS: 0.97 | Rew: -0.70 | FPS: 8228.6 | Var: dueling
Step: 142336 | EPS: 0.97 | Rew: -0.70 | FPS: 8228.3 | Var: dueling
Step: 143360 | EPS: 0.96 | Rew: -0.69 | FPS: 8019.1 | Var: dueling
Step: 144384 | EPS: 0.96 | Rew: -0.69 | FPS: 7940.6 | Var: dueling
Step: 145408 | EPS: 0.96 | Rew: -0.69 | FPS: 7878.8 | Var: dueling
Step: 146432 | EPS: 0.96 | Rew: -0.69 | FPS: 8090.3 | Var: dueling
Step: 147456 | EPS: 0.96 | Rew: -0.68 | FPS: 8147.7 | Var: dueling
Step: 148480 | EPS: 0.96 | Rew: -0.69 | FPS: 8013.2 | Var: dueling
Step: 149504 | EPS: 0.96 | Rew: -0.68 | FPS: 8058.3 | Var: dueling
Step: 150528 | EPS: 0.96 | Rew: -0.67 | FPS: 7091.6 | Var: dueling
Step: 151552 | EPS: 0.96 | Rew: -0.68 | FPS: 8065.3 | Var: dueling
Step: 152576 | EPS: 0.96 | Rew: -0.65 | FPS: 8137.7 | Var: dueling
Step: 153600 | EPS: 0.96 | Rew: -0.66 | FPS: 8195.2 | Var: dueling
Step: 154624 | EPS: 0.96 | Rew: -0.64 | FPS: 8573.3 | Var: dueling
Step: 155648 | EPS: 0.96 | Rew: -0.67 | FPS: 8464.0 | Var: dueling
Step: 156672 | EPS: 0.96 | Rew: -0.66 | FPS: 8540.0 | Var: dueling
Step: 157696 | EPS: 0.96 | Rew: -0.67 | FPS: 8475.5 | Var: dueling
Step: 158720 | EPS: 0.96 | Rew: -0.66 | FPS: 8229.7 | Var: dueling
Step: 159744 | EPS: 0.96 | Rew: -0.65 | FPS: 7991.0 | Var: dueling
Step: 160768 | EPS: 0.96 | Rew: -0.66 | FPS: 8159.8 | Var: dueling
Step: 161792 | EPS: 0.96 | Rew: -0.67 | FPS: 5218.7 | Var: dueling
Step: 162816 | EPS: 0.96 | Rew: -0.70 | FPS: 8258.8 | Var: dueling
Step: 163840 | EPS: 0.96 | Rew: -0.71 | FPS: 8199.9 | Var: dueling
Step: 164864 | EPS: 0.96 | Rew: -0.71 | FPS: 7123.8 | Var: dueling
Step: 165888 | EPS: 0.96 | Rew: -0.70 | FPS: 8427.5 | Var: dueling
Step: 166912 | EPS: 0.96 | Rew: -0.71 | FPS: 7858.9 | Var: dueling
Step: 167936 | EPS: 0.96 | Rew: -0.69 | FPS: 7965.7 | Var: dueling
Step: 168960 | EPS: 0.96 | Rew: -0.69 | FPS: 8015.6 | Var: dueling
Step: 169984 | EPS: 0.96 | Rew: -0.69 | FPS: 8383.1 | Var: dueling
Step: 171008 | EPS: 0.96 | Rew: -0.69 | FPS: 8466.6 | Var: dueling
Step: 172032 | EPS: 0.96 | Rew: -0.71 | FPS: 8544.8 | Var: dueling
Step: 173056 | EPS: 0.96 | Rew: -0.72 | FPS: 8030.5 | Var: dueling
Step: 174080 | EPS: 0.96 | Rew: -0.70 | FPS: 8412.6 | Var: dueling
Step: 175104 | EPS: 0.96 | Rew: -0.68 | FPS: 7781.1 | Var: dueling
Step: 176128 | EPS: 0.96 | Rew: -0.66 | FPS: 8064.7 | Var: dueling
Step: 177152 | EPS: 0.96 | Rew: -0.65 | FPS: 8109.7 | Var: dueling
Step: 178176 | EPS: 0.96 | Rew: -0.67 | FPS: 4861.0 | Var: dueling
Step: 179200 | EPS: 0.96 | Rew: -0.67 | FPS: 8336.9 | Var: dueling
Step: 180224 | EPS: 0.96 | Rew: -0.69 | FPS: 7506.4 | Var: dueling
Step: 181248 | EPS: 0.96 | Rew: -0.69 | FPS: 5228.7 | Var: dueling
Step: 182272 | EPS: 0.96 | Rew: -0.68 | FPS: 6182.0 | Var: dueling
Step: 183296 | EPS: 0.96 | Rew: -0.67 | FPS: 6947.8 | Var: dueling
Step: 184320 | EPS: 0.95 | Rew: -0.66 | FPS: 7008.5 | Var: dueling
Step: 185344 | EPS: 0.95 | Rew: -0.65 | FPS: 7528.0 | Var: dueling
Step: 186368 | EPS: 0.95 | Rew: -0.66 | FPS: 6702.1 | Var: dueling
Step: 187392 | EPS: 0.95 | Rew: -0.67 | FPS: 7917.4 | Var: dueling
Step: 188416 | EPS: 0.95 | Rew: -0.68 | FPS: 8182.6 | Var: dueling
Step: 189440 | EPS: 0.95 | Rew: -0.68 | FPS: 7178.7 | Var: dueling
Step: 190464 | EPS: 0.95 | Rew: -0.64 | FPS: 8457.9 | Var: dueling
Step: 191488 | EPS: 0.95 | Rew: -0.64 | FPS: 8325.7 | Var: dueling
Step: 192512 | EPS: 0.95 | Rew: -0.65 | FPS: 4806.6 | Var: dueling
Step: 193536 | EPS: 0.95 | Rew: -0.67 | FPS: 6910.6 | Var: dueling
Step: 194560 | EPS: 0.95 | Rew: -0.68 | FPS: 6959.0 | Var: dueling
Step: 195584 | EPS: 0.95 | Rew: -0.69 | FPS: 7740.8 | Var: dueling
Step: 196608 | EPS: 0.95 | Rew: -0.71 | FPS: 7977.2 | Var: dueling
Step: 197632 | EPS: 0.95 | Rew: -0.69 | FPS: 7006.4 | Var: dueling
Step: 198656 | EPS: 0.95 | Rew: -0.68 | FPS: 8140.2 | Var: dueling
Step: 199680 | EPS: 0.95 | Rew: -0.68 | FPS: 7608.2 | Var: dueling
Step: 200704 | EPS: 0.95 | Rew: -0.67 | FPS: 7530.1 | Var: dueling
Step: 201728 | EPS: 0.95 | Rew: -0.69 | FPS: 6948.1 | Var: dueling
Step: 202752 | EPS: 0.95 | Rew: -0.71 | FPS: 6248.7 | Var: dueling
Step: 203776 | EPS: 0.95 | Rew: -0.69 | FPS: 6913.8 | Var: dueling
Step: 204800 | EPS: 0.95 | Rew: -0.69 | FPS: 6540.9 | Var: dueling
Step: 205824 | EPS: 0.95 | Rew: -0.66 | FPS: 7271.6 | Var: dueling
Step: 206848 | EPS: 0.95 | Rew: -0.66 | FPS: 4212.6 | Var: dueling
Step: 207872 | EPS: 0.95 | Rew: -0.68 | FPS: 7415.8 | Var: dueling
Step: 208896 | EPS: 0.95 | Rew: -0.67 | FPS: 7940.8 | Var: dueling
Step: 209920 | EPS: 0.95 | Rew: -0.67 | FPS: 8441.7 | Var: dueling
Step: 210944 | EPS: 0.95 | Rew: -0.66 | FPS: 8488.2 | Var: dueling
Step: 211968 | EPS: 0.95 | Rew: -0.64 | FPS: 8557.5 | Var: dueling
Step: 212992 | EPS: 0.95 | Rew: -0.67 | FPS: 8444.3 | Var: dueling
Step: 214016 | EPS: 0.95 | Rew: -0.68 | FPS: 8325.7 | Var: dueling
Step: 215040 | EPS: 0.95 | Rew: -0.67 | FPS: 6703.8 | Var: dueling
Step: 216064 | EPS: 0.95 | Rew: -0.67 | FPS: 8041.0 | Var: dueling
Step: 217088 | EPS: 0.95 | Rew: -0.65 | FPS: 7883.0 | Var: dueling
Step: 218112 | EPS: 0.95 | Rew: -0.66 | FPS: 8065.1 | Var: dueling
Step: 219136 | EPS: 0.95 | Rew: -0.66 | FPS: 8302.4 | Var: dueling
Step: 220160 | EPS: 0.95 | Rew: -0.65 | FPS: 7661.7 | Var: dueling
Step: 221184 | EPS: 0.95 | Rew: -0.66 | FPS: 8074.9 | Var: dueling
Step: 222208 | EPS: 0.95 | Rew: -0.67 | FPS: 5250.0 | Var: dueling
Step: 223232 | EPS: 0.95 | Rew: -0.68 | FPS: 7842.0 | Var: dueling
Step: 224256 | EPS: 0.95 | Rew: -0.69 | FPS: 8150.0 | Var: dueling
Step: 225280 | EPS: 0.94 | Rew: -0.68 | FPS: 8111.3 | Var: dueling
Step: 226304 | EPS: 0.94 | Rew: -0.67 | FPS: 8153.8 | Var: dueling
Step: 227328 | EPS: 0.94 | Rew: -0.66 | FPS: 8210.5 | Var: dueling
Step: 228352 | EPS: 0.94 | Rew: -0.66 | FPS: 8163.8 | Var: dueling
Step: 229376 | EPS: 0.94 | Rew: -0.68 | FPS: 7874.2 | Var: dueling
Step: 230400 | EPS: 0.94 | Rew: -0.68 | FPS: 8230.7 | Var: dueling
Step: 231424 | EPS: 0.94 | Rew: -0.68 | FPS: 8047.7 | Var: dueling
Step: 232448 | EPS: 0.94 | Rew: -0.69 | FPS: 8127.4 | Var: dueling
Step: 233472 | EPS: 0.94 | Rew: -0.69 | FPS: 8080.5 | Var: dueling
Step: 234496 | EPS: 0.94 | Rew: -0.69 | FPS: 6898.6 | Var: dueling
Step: 235520 | EPS: 0.94 | Rew: -0.70 | FPS: 8220.4 | Var: dueling
Step: 236544 | EPS: 0.94 | Rew: -0.71 | FPS: 7832.8 | Var: dueling
Step: 237568 | EPS: 0.94 | Rew: -0.70 | FPS: 8104.2 | Var: dueling
Step: 238592 | EPS: 0.94 | Rew: -0.69 | FPS: 5455.9 | Var: dueling
Step: 239616 | EPS: 0.94 | Rew: -0.69 | FPS: 8423.3 | Var: dueling
Step: 240640 | EPS: 0.94 | Rew: -0.70 | FPS: 8144.0 | Var: dueling
Step: 241664 | EPS: 0.94 | Rew: -0.69 | FPS: 8291.0 | Var: dueling
Step: 242688 | EPS: 0.94 | Rew: -0.67 | FPS: 8423.3 | Var: dueling
Step: 243712 | EPS: 0.94 | Rew: -0.66 | FPS: 8345.0 | Var: dueling
Step: 244736 | EPS: 0.94 | Rew: -0.65 | FPS: 8379.6 | Var: dueling
Step: 245760 | EPS: 0.94 | Rew: -0.67 | FPS: 8576.9 | Var: dueling
Step: 246784 | EPS: 0.94 | Rew: -0.67 | FPS: 8425.7 | Var: dueling
Step: 247808 | EPS: 0.94 | Rew: -0.65 | FPS: 7918.1 | Var: dueling
Step: 248832 | EPS: 0.94 | Rew: -0.65 | FPS: 8071.9 | Var: dueling
Step: 249856 | EPS: 0.94 | Rew: -0.61 | FPS: 7707.3 | Var: dueling
Step: 250880 | EPS: 0.94 | Rew: -0.61 | FPS: 7744.8 | Var: dueling
Step: 251904 | EPS: 0.94 | Rew: -0.61 | FPS: 7894.3 | Var: dueling
Step: 252928 | EPS: 0.94 | Rew: -0.63 | FPS: 7486.8 | Var: dueling
Step: 253952 | EPS: 0.94 | Rew: -0.69 | FPS: 8240.6 | Var: dueling
Step: 254976 | EPS: 0.94 | Rew: -0.68 | FPS: 8403.1 | Var: dueling
Step: 256000 | EPS: 0.94 | Rew: -0.68 | FPS: 7920.4 | Var: dueling
Step: 257024 | EPS: 0.94 | Rew: -0.66 | FPS: 7918.0 | Var: dueling
Step: 258048 | EPS: 0.94 | Rew: -0.63 | FPS: 7721.3 | Var: dueling
Step: 259072 | EPS: 0.94 | Rew: -0.61 | FPS: 6722.0 | Var: dueling
Step: 260096 | EPS: 0.94 | Rew: -0.61 | FPS: 7714.9 | Var: dueling
Step: 261120 | EPS: 0.94 | Rew: -0.62 | FPS: 6567.0 | Var: dueling
Step: 262144 | EPS: 0.94 | Rew: -0.65 | FPS: 7999.0 | Var: dueling
Step: 263168 | EPS: 0.94 | Rew: -0.67 | FPS: 6424.0 | Var: dueling
Step: 264192 | EPS: 0.94 | Rew: -0.71 | FPS: 5922.0 | Var: dueling
Step: 265216 | EPS: 0.94 | Rew: -0.71 | FPS: 6329.7 | Var: dueling
Step: 266240 | EPS: 0.93 | Rew: -0.68 | FPS: 6380.2 | Var: dueling
Step: 267264 | EPS: 0.93 | Rew: -0.66 | FPS: 7654.1 | Var: dueling
Step: 268288 | EPS: 0.93 | Rew: -0.66 | FPS: 7258.8 | Var: dueling
Step: 269312 | EPS: 0.93 | Rew: -0.64 | FPS: 8065.2 | Var: dueling
Step: 270336 | EPS: 0.93 | Rew: -0.65 | FPS: 8007.5 | Var: dueling
Step: 271360 | EPS: 0.93 | Rew: -0.65 | FPS: 6905.8 | Var: dueling
Step: 272384 | EPS: 0.93 | Rew: -0.64 | FPS: 7714.6 | Var: dueling
Step: 273408 | EPS: 0.93 | Rew: -0.63 | FPS: 8012.5 | Var: dueling
Step: 274432 | EPS: 0.93 | Rew: -0.65 | FPS: 7775.4 | Var: dueling
Step: 275456 | EPS: 0.93 | Rew: -0.65 | FPS: 7531.3 | Var: dueling
Step: 276480 | EPS: 0.93 | Rew: -0.67 | FPS: 7848.7 | Var: dueling
Step: 277504 | EPS: 0.93 | Rew: -0.68 | FPS: 7764.1 | Var: dueling
Step: 278528 | EPS: 0.93 | Rew: -0.67 | FPS: 7955.2 | Var: dueling
Step: 279552 | EPS: 0.93 | Rew: -0.68 | FPS: 8113.2 | Var: dueling
Step: 280576 | EPS: 0.93 | Rew: -0.67 | FPS: 7402.4 | Var: dueling
Step: 281600 | EPS: 0.93 | Rew: -0.67 | FPS: 7652.0 | Var: dueling
Step: 282624 | EPS: 0.93 | Rew: -0.67 | FPS: 7369.2 | Var: dueling
Step: 283648 | EPS: 0.93 | Rew: -0.68 | FPS: 7645.1 | Var: dueling
Step: 284672 | EPS: 0.93 | Rew: -0.67 | FPS: 8050.5 | Var: dueling
Step: 285696 | EPS: 0.93 | Rew: -0.65 | FPS: 7298.4 | Var: dueling
Step: 286720 | EPS: 0.93 | Rew: -0.64 | FPS: 8091.8 | Var: dueling
Step: 287744 | EPS: 0.93 | Rew: -0.64 | FPS: 7528.3 | Var: dueling
Step: 288768 | EPS: 0.93 | Rew: -0.62 | FPS: 8163.6 | Var: dueling
Step: 289792 | EPS: 0.93 | Rew: -0.64 | FPS: 8545.6 | Var: dueling
Step: 290816 | EPS: 0.93 | Rew: -0.66 | FPS: 8574.1 | Var: dueling
Step: 291840 | EPS: 0.93 | Rew: -0.67 | FPS: 8531.4 | Var: dueling
Step: 292864 | EPS: 0.93 | Rew: -0.68 | FPS: 7643.3 | Var: dueling
Step: 293888 | EPS: 0.93 | Rew: -0.69 | FPS: 8256.4 | Var: dueling
Step: 294912 | EPS: 0.93 | Rew: -0.67 | FPS: 8434.7 | Var: dueling
Step: 295936 | EPS: 0.93 | Rew: -0.69 | FPS: 8326.4 | Var: dueling
Step: 296960 | EPS: 0.93 | Rew: -0.69 | FPS: 6344.8 | Var: dueling
Step: 297984 | EPS: 0.93 | Rew: -0.71 | FPS: 8414.7 | Var: dueling
Step: 299008 | EPS: 0.93 | Rew: -0.70 | FPS: 8228.0 | Var: dueling
Step: 300032 | EPS: 0.93 | Rew: -0.67 | FPS: 8504.0 | Var: dueling
Step: 301056 | EPS: 0.93 | Rew: -0.68 | FPS: 6613.8 | Var: dueling
Step: 302080 | EPS: 0.93 | Rew: -0.65 | FPS: 5816.9 | Var: dueling
Step: 303104 | EPS: 0.93 | Rew: -0.65 | FPS: 7776.1 | Var: dueling
Step: 304128 | EPS: 0.93 | Rew: -0.66 | FPS: 8173.0 | Var: dueling
Step: 305152 | EPS: 0.93 | Rew: -0.66 | FPS: 7916.0 | Var: dueling
Step: 306176 | EPS: 0.92 | Rew: -0.66 | FPS: 8618.0 | Var: dueling
Step: 307200 | EPS: 0.92 | Rew: -0.64 | FPS: 8476.7 | Var: dueling
Step: 308224 | EPS: 0.92 | Rew: -0.59 | FPS: 8329.8 | Var: dueling
Step: 309248 | EPS: 0.92 | Rew: -0.59 | FPS: 7917.4 | Var: dueling
Step: 310272 | EPS: 0.92 | Rew: -0.57 | FPS: 7626.7 | Var: dueling
Step: 311296 | EPS: 0.92 | Rew: -0.60 | FPS: 8268.9 | Var: dueling
Step: 312320 | EPS: 0.92 | Rew: -0.64 | FPS: 8535.9 | Var: dueling
Step: 313344 | EPS: 0.92 | Rew: -0.67 | FPS: 8446.0 | Var: dueling
Step: 314368 | EPS: 0.92 | Rew: -0.67 | FPS: 7901.9 | Var: dueling
Step: 315392 | EPS: 0.92 | Rew: -0.69 | FPS: 7813.3 | Var: dueling
Step: 316416 | EPS: 0.92 | Rew: -0.68 | FPS: 8287.1 | Var: dueling
Step: 317440 | EPS: 0.92 | Rew: -0.67 | FPS: 6891.7 | Var: dueling
Step: 318464 | EPS: 0.92 | Rew: -0.66 | FPS: 7789.6 | Var: dueling
Step: 319488 | EPS: 0.92 | Rew: -0.63 | FPS: 8197.6 | Var: dueling
Step: 320512 | EPS: 0.92 | Rew: -0.63 | FPS: 7685.5 | Var: dueling
Step: 321536 | EPS: 0.92 | Rew: -0.65 | FPS: 8056.5 | Var: dueling
Step: 322560 | EPS: 0.92 | Rew: -0.64 | FPS: 7956.5 | Var: dueling
Step: 323584 | EPS: 0.92 | Rew: -0.65 | FPS: 7991.5 | Var: dueling
Step: 324608 | EPS: 0.92 | Rew: -0.62 | FPS: 8154.4 | Var: dueling
Step: 325632 | EPS: 0.92 | Rew: -0.62 | FPS: 8263.6 | Var: dueling
Step: 326656 | EPS: 0.92 | Rew: -0.62 | FPS: 7846.0 | Var: dueling
Step: 327680 | EPS: 0.92 | Rew: -0.63 | FPS: 8029.4 | Var: dueling
Step: 328704 | EPS: 0.92 | Rew: -0.63 | FPS: 7888.2 | Var: dueling
Step: 329728 | EPS: 0.92 | Rew: -0.62 | FPS: 7906.0 | Var: dueling
Step: 330752 | EPS: 0.92 | Rew: -0.61 | FPS: 7959.8 | Var: dueling
Step: 331776 | EPS: 0.92 | Rew: -0.63 | FPS: 7146.8 | Var: dueling
Step: 332800 | EPS: 0.92 | Rew: -0.64 | FPS: 7691.4 | Var: dueling
Step: 333824 | EPS: 0.92 | Rew: -0.63 | FPS: 8358.1 | Var: dueling
Step: 334848 | EPS: 0.92 | Rew: -0.64 | FPS: 5457.5 | Var: dueling
Step: 335872 | EPS: 0.92 | Rew: -0.64 | FPS: 7768.7 | Var: dueling
Step: 336896 | EPS: 0.92 | Rew: -0.63 | FPS: 8184.2 | Var: dueling
Step: 337920 | EPS: 0.92 | Rew: -0.65 | FPS: 7725.8 | Var: dueling
Step: 338944 | EPS: 0.92 | Rew: -0.64 | FPS: 8624.4 | Var: dueling
Step: 339968 | EPS: 0.92 | Rew: -0.66 | FPS: 7976.9 | Var: dueling
Step: 340992 | EPS: 0.92 | Rew: -0.66 | FPS: 7710.1 | Var: dueling
Step: 342016 | EPS: 0.92 | Rew: -0.64 | FPS: 8655.8 | Var: dueling
Step: 343040 | EPS: 0.92 | Rew: -0.65 | FPS: 8349.4 | Var: dueling
Step: 344064 | EPS: 0.92 | Rew: -0.64 | FPS: 8180.6 | Var: dueling
Step: 345088 | EPS: 0.92 | Rew: -0.64 | FPS: 8514.4 | Var: dueling
Step: 346112 | EPS: 0.92 | Rew: -0.64 | FPS: 7994.8 | Var: dueling
Step: 347136 | EPS: 0.91 | Rew: -0.63 | FPS: 7925.2 | Var: dueling
Step: 348160 | EPS: 0.91 | Rew: -0.63 | FPS: 8364.1 | Var: dueling
Step: 349184 | EPS: 0.91 | Rew: -0.63 | FPS: 7629.1 | Var: dueling
Step: 350208 | EPS: 0.91 | Rew: -0.62 | FPS: 7827.2 | Var: dueling
Step: 351232 | EPS: 0.91 | Rew: -0.62 | FPS: 5322.0 | Var: dueling
Step: 352256 | EPS: 0.91 | Rew: -0.63 | FPS: 7799.6 | Var: dueling
Step: 353280 | EPS: 0.91 | Rew: -0.62 | FPS: 7799.8 | Var: dueling
Step: 354304 | EPS: 0.91 | Rew: -0.66 | FPS: 7816.4 | Var: dueling
Step: 355328 | EPS: 0.91 | Rew: -0.67 | FPS: 7919.9 | Var: dueling
Step: 356352 | EPS: 0.91 | Rew: -0.69 | FPS: 7593.1 | Var: dueling
Step: 357376 | EPS: 0.91 | Rew: -0.69 | FPS: 8304.7 | Var: dueling
Step: 358400 | EPS: 0.91 | Rew: -0.70 | FPS: 7887.5 | Var: dueling
Step: 359424 | EPS: 0.91 | Rew: -0.70 | FPS: 7760.9 | Var: dueling
Step: 360448 | EPS: 0.91 | Rew: -0.70 | FPS: 6838.1 | Var: dueling
Step: 361472 | EPS: 0.91 | Rew: -0.66 | FPS: 8042.3 | Var: dueling
Step: 362496 | EPS: 0.91 | Rew: -0.66 | FPS: 8068.0 | Var: dueling
Step: 363520 | EPS: 0.91 | Rew: -0.64 | FPS: 7720.3 | Var: dueling
Step: 364544 | EPS: 0.91 | Rew: -0.64 | FPS: 8193.9 | Var: dueling
Step: 365568 | EPS: 0.91 | Rew: -0.65 | FPS: 8107.6 | Var: dueling
Step: 366592 | EPS: 0.91 | Rew: -0.67 | FPS: 8201.2 | Var: dueling
Step: 367616 | EPS: 0.91 | Rew: -0.67 | FPS: 5563.3 | Var: dueling
Step: 368640 | EPS: 0.91 | Rew: -0.67 | FPS: 8247.2 | Var: dueling
Step: 369664 | EPS: 0.91 | Rew: -0.65 | FPS: 8000.2 | Var: dueling
Step: 370688 | EPS: 0.91 | Rew: -0.64 | FPS: 8512.2 | Var: dueling
Step: 371712 | EPS: 0.91 | Rew: -0.66 | FPS: 7969.1 | Var: dueling
Step: 372736 | EPS: 0.91 | Rew: -0.66 | FPS: 8175.7 | Var: dueling
Step: 373760 | EPS: 0.91 | Rew: -0.66 | FPS: 7797.3 | Var: dueling
Step: 374784 | EPS: 0.91 | Rew: -0.67 | FPS: 7745.4 | Var: dueling
Step: 375808 | EPS: 0.91 | Rew: -0.67 | FPS: 7766.0 | Var: dueling
Step: 376832 | EPS: 0.91 | Rew: -0.67 | FPS: 8600.9 | Var: dueling
Step: 377856 | EPS: 0.91 | Rew: -0.68 | FPS: 8616.8 | Var: dueling
Step: 378880 | EPS: 0.91 | Rew: -0.69 | FPS: 8360.8 | Var: dueling
Step: 379904 | EPS: 0.91 | Rew: -0.66 | FPS: 7691.9 | Var: dueling
Step: 380928 | EPS: 0.91 | Rew: -0.64 | FPS: 7702.7 | Var: dueling
Step: 381952 | EPS: 0.91 | Rew: -0.64 | FPS: 7752.0 | Var: dueling
Step: 382976 | EPS: 0.91 | Rew: -0.64 | FPS: 5177.2 | Var: dueling
Step: 384000 | EPS: 0.91 | Rew: -0.67 | FPS: 6849.2 | Var: dueling
Step: 385024 | EPS: 0.91 | Rew: -0.64 | FPS: 8204.3 | Var: dueling
Step: 386048 | EPS: 0.91 | Rew: -0.64 | FPS: 8187.5 | Var: dueling
Step: 387072 | EPS: 0.91 | Rew: -0.63 | FPS: 8253.1 | Var: dueling
Step: 388096 | EPS: 0.90 | Rew: -0.62 | FPS: 6693.0 | Var: dueling
Step: 389120 | EPS: 0.90 | Rew: -0.62 | FPS: 7602.4 | Var: dueling
Step: 390144 | EPS: 0.90 | Rew: -0.60 | FPS: 8237.4 | Var: dueling
Step: 391168 | EPS: 0.90 | Rew: -0.62 | FPS: 6909.8 | Var: dueling
Step: 392192 | EPS: 0.90 | Rew: -0.61 | FPS: 7419.3 | Var: dueling
Step: 393216 | EPS: 0.90 | Rew: -0.63 | FPS: 8396.0 | Var: dueling
Step: 394240 | EPS: 0.90 | Rew: -0.64 | FPS: 8295.8 | Var: dueling
Step: 395264 | EPS: 0.90 | Rew: -0.63 | FPS: 8437.5 | Var: dueling
Step: 396288 | EPS: 0.90 | Rew: -0.63 | FPS: 8488.3 | Var: dueling
Step: 397312 | EPS: 0.90 | Rew: -0.61 | FPS: 8282.5 | Var: dueling
Step: 398336 | EPS: 0.90 | Rew: -0.61 | FPS: 8528.6 | Var: dueling
Step: 399360 | EPS: 0.90 | Rew: -0.65 | FPS: 7963.8 | Var: dueling
Step: 400384 | EPS: 0.90 | Rew: -0.65 | FPS: 8108.7 | Var: dueling
Step: 401408 | EPS: 0.90 | Rew: -0.65 | FPS: 6964.5 | Var: dueling
Step: 402432 | EPS: 0.90 | Rew: -0.66 | FPS: 8434.3 | Var: dueling
Step: 403456 | EPS: 0.90 | Rew: -0.64 | FPS: 8283.8 | Var: dueling
Step: 404480 | EPS: 0.90 | Rew: -0.64 | FPS: 7930.9 | Var: dueling
Step: 405504 | EPS: 0.90 | Rew: -0.63 | FPS: 8032.5 | Var: dueling
Step: 406528 | EPS: 0.90 | Rew: -0.63 | FPS: 7927.8 | Var: dueling
Step: 407552 | EPS: 0.90 | Rew: -0.64 | FPS: 8029.8 | Var: dueling
Step: 408576 | EPS: 0.90 | Rew: -0.65 | FPS: 8506.6 | Var: dueling
Step: 409600 | EPS: 0.90 | Rew: -0.65 | FPS: 8229.0 | Var: dueling
Step: 410624 | EPS: 0.90 | Rew: -0.65 | FPS: 8179.0 | Var: dueling
Step: 411648 | EPS: 0.90 | Rew: -0.64 | FPS: 7956.1 | Var: dueling
Step: 412672 | EPS: 0.90 | Rew: -0.65 | FPS: 8236.4 | Var: dueling
Step: 413696 | EPS: 0.90 | Rew: -0.67 | FPS: 7062.2 | Var: dueling
Step: 414720 | EPS: 0.90 | Rew: -0.67 | FPS: 8072.4 | Var: dueling
Step: 415744 | EPS: 0.90 | Rew: -0.65 | FPS: 5434.5 | Var: dueling
Step: 416768 | EPS: 0.90 | Rew: -0.65 | FPS: 8336.1 | Var: dueling
Step: 417792 | EPS: 0.90 | Rew: -0.62 | FPS: 8212.5 | Var: dueling
Step: 418816 | EPS: 0.90 | Rew: -0.61 | FPS: 8217.0 | Var: dueling
Step: 419840 | EPS: 0.90 | Rew: -0.62 | FPS: 8170.1 | Var: dueling
Step: 420864 | EPS: 0.90 | Rew: -0.64 | FPS: 8176.7 | Var: dueling
Step: 421888 | EPS: 0.90 | Rew: -0.65 | FPS: 8144.6 | Var: dueling
Step: 422912 | EPS: 0.90 | Rew: -0.65 | FPS: 7891.2 | Var: dueling
Step: 423936 | EPS: 0.90 | Rew: -0.64 | FPS: 8139.9 | Var: dueling
Step: 424960 | EPS: 0.90 | Rew: -0.64 | FPS: 8162.9 | Var: dueling
Step: 425984 | EPS: 0.90 | Rew: -0.63 | FPS: 7785.1 | Var: dueling
Step: 427008 | EPS: 0.90 | Rew: -0.62 | FPS: 8006.1 | Var: dueling
Step: 428032 | EPS: 0.90 | Rew: -0.61 | FPS: 8329.1 | Var: dueling
Step: 429056 | EPS: 0.89 | Rew: -0.61 | FPS: 7909.9 | Var: dueling
Step: 430080 | EPS: 0.89 | Rew: -0.64 | FPS: 7787.8 | Var: dueling
Step: 431104 | EPS: 0.89 | Rew: -0.66 | FPS: 8011.0 | Var: dueling
Step: 432128 | EPS: 0.89 | Rew: -0.65 | FPS: 4908.1 | Var: dueling
Step: 433152 | EPS: 0.89 | Rew: -0.66 | FPS: 8369.0 | Var: dueling
Step: 434176 | EPS: 0.89 | Rew: -0.68 | FPS: 8074.4 | Var: dueling
Step: 435200 | EPS: 0.89 | Rew: -0.67 | FPS: 7533.8 | Var: dueling
Step: 436224 | EPS: 0.89 | Rew: -0.67 | FPS: 7620.1 | Var: dueling
Step: 437248 | EPS: 0.89 | Rew: -0.64 | FPS: 6901.7 | Var: dueling
Step: 438272 | EPS: 0.89 | Rew: -0.64 | FPS: 8044.8 | Var: dueling
Step: 439296 | EPS: 0.89 | Rew: -0.65 | FPS: 7913.2 | Var: dueling
Step: 440320 | EPS: 0.89 | Rew: -0.64 | FPS: 7798.3 | Var: dueling
Step: 441344 | EPS: 0.89 | Rew: -0.64 | FPS: 8035.2 | Var: dueling
Step: 442368 | EPS: 0.89 | Rew: -0.64 | FPS: 8066.9 | Var: dueling
Step: 443392 | EPS: 0.89 | Rew: -0.66 | FPS: 7725.3 | Var: dueling
Step: 444416 | EPS: 0.89 | Rew: -0.65 | FPS: 8558.8 | Var: dueling
Step: 445440 | EPS: 0.89 | Rew: -0.64 | FPS: 8406.7 | Var: dueling
Step: 446464 | EPS: 0.89 | Rew: -0.60 | FPS: 7707.7 | Var: dueling
Step: 447488 | EPS: 0.89 | Rew: -0.59 | FPS: 5374.2 | Var: dueling
Step: 448512 | EPS: 0.89 | Rew: -0.60 | FPS: 7339.4 | Var: dueling
Step: 449536 | EPS: 0.89 | Rew: -0.61 | FPS: 7837.2 | Var: dueling
Step: 450560 | EPS: 0.89 | Rew: -0.64 | FPS: 8275.1 | Var: dueling
Step: 451584 | EPS: 0.89 | Rew: -0.65 | FPS: 7909.7 | Var: dueling
Step: 452608 | EPS: 0.89 | Rew: -0.63 | FPS: 8088.0 | Var: dueling
Step: 453632 | EPS: 0.89 | Rew: -0.63 | FPS: 7944.2 | Var: dueling
Step: 454656 | EPS: 0.89 | Rew: -0.62 | FPS: 8177.7 | Var: dueling
Step: 455680 | EPS: 0.89 | Rew: -0.60 | FPS: 7933.0 | Var: dueling
Step: 456704 | EPS: 0.89 | Rew: -0.59 | FPS: 7890.1 | Var: dueling
Step: 457728 | EPS: 0.89 | Rew: -0.58 | FPS: 8386.2 | Var: dueling
Step: 458752 | EPS: 0.89 | Rew: -0.60 | FPS: 7679.5 | Var: dueling
Step: 459776 | EPS: 0.89 | Rew: -0.59 | FPS: 8224.5 | Var: dueling
Step: 460800 | EPS: 0.89 | Rew: -0.62 | FPS: 7603.6 | Var: dueling
Step: 461824 | EPS: 0.89 | Rew: -0.63 | FPS: 8023.1 | Var: dueling
Step: 462848 | EPS: 0.89 | Rew: -0.61 | FPS: 8025.4 | Var: dueling
Step: 463872 | EPS: 0.89 | Rew: -0.60 | FPS: 5368.1 | Var: dueling
Step: 464896 | EPS: 0.89 | Rew: -0.57 | FPS: 7446.9 | Var: dueling
Step: 465920 | EPS: 0.89 | Rew: -0.57 | FPS: 7832.5 | Var: dueling
Step: 466944 | EPS: 0.89 | Rew: -0.58 | FPS: 7825.1 | Var: dueling
Step: 467968 | EPS: 0.89 | Rew: -0.58 | FPS: 7312.1 | Var: dueling
Step: 468992 | EPS: 0.89 | Rew: -0.61 | FPS: 7518.2 | Var: dueling
Step: 470016 | EPS: 0.88 | Rew: -0.62 | FPS: 7950.9 | Var: dueling
Step: 471040 | EPS: 0.88 | Rew: -0.63 | FPS: 7770.0 | Var: dueling
Step: 472064 | EPS: 0.88 | Rew: -0.62 | FPS: 7749.7 | Var: dueling
Step: 473088 | EPS: 0.88 | Rew: -0.64 | FPS: 8026.9 | Var: dueling
Step: 474112 | EPS: 0.88 | Rew: -0.64 | FPS: 7807.2 | Var: dueling
Step: 475136 | EPS: 0.88 | Rew: -0.62 | FPS: 7697.9 | Var: dueling
Step: 476160 | EPS: 0.88 | Rew: -0.61 | FPS: 6572.2 | Var: dueling
Step: 477184 | EPS: 0.88 | Rew: -0.60 | FPS: 8088.6 | Var: dueling
Step: 478208 | EPS: 0.88 | Rew: -0.63 | FPS: 8202.8 | Var: dueling
Step: 479232 | EPS: 0.88 | Rew: -0.63 | FPS: 7965.9 | Var: dueling
Step: 480256 | EPS: 0.88 | Rew: -0.62 | FPS: 8029.5 | Var: dueling
Step: 481280 | EPS: 0.88 | Rew: -0.61 | FPS: 8000.8 | Var: dueling
Step: 482304 | EPS: 0.88 | Rew: -0.60 | FPS: 8175.0 | Var: dueling
Step: 483328 | EPS: 0.88 | Rew: -0.58 | FPS: 8133.7 | Var: dueling
Step: 484352 | EPS: 0.88 | Rew: -0.61 | FPS: 7944.1 | Var: dueling
Step: 485376 | EPS: 0.88 | Rew: -0.59 | FPS: 8073.8 | Var: dueling
Step: 486400 | EPS: 0.88 | Rew: -0.60 | FPS: 8161.3 | Var: dueling
Step: 487424 | EPS: 0.88 | Rew: -0.63 | FPS: 6634.5 | Var: dueling
Step: 488448 | EPS: 0.88 | Rew: -0.62 | FPS: 7712.5 | Var: dueling
Step: 489472 | EPS: 0.88 | Rew: -0.63 | FPS: 7824.5 | Var: dueling
Step: 490496 | EPS: 0.88 | Rew: -0.62 | FPS: 8215.9 | Var: dueling
Step: 491520 | EPS: 0.88 | Rew: -0.63 | FPS: 8150.1 | Var: dueling
Step: 492544 | EPS: 0.88 | Rew: -0.61 | FPS: 8024.6 | Var: dueling
Step: 493568 | EPS: 0.88 | Rew: -0.60 | FPS: 8104.0 | Var: dueling
Step: 494592 | EPS: 0.88 | Rew: -0.61 | FPS: 8102.2 | Var: dueling
Step: 495616 | EPS: 0.88 | Rew: -0.59 | FPS: 5690.6 | Var: dueling
Step: 496640 | EPS: 0.88 | Rew: -0.61 | FPS: 7233.8 | Var: dueling
Step: 497664 | EPS: 0.88 | Rew: -0.62 | FPS: 7742.1 | Var: dueling
Step: 498688 | EPS: 0.88 | Rew: -0.62 | FPS: 7684.6 | Var: dueling
Step: 499712 | EPS: 0.88 | Rew: -0.63 | FPS: 7871.5 | Var: dueling
Step: 500736 | EPS: 0.88 | Rew: -0.63 | FPS: 7080.5 | Var: dueling
Step: 501760 | EPS: 0.88 | Rew: -0.63 | FPS: 8266.9 | Var: dueling
Step: 502784 | EPS: 0.88 | Rew: -0.61 | FPS: 8049.7 | Var: dueling
Step: 503808 | EPS: 0.88 | Rew: -0.60 | FPS: 8339.9 | Var: dueling
Step: 504832 | EPS: 0.88 | Rew: -0.55 | FPS: 8056.3 | Var: dueling
Step: 505856 | EPS: 0.88 | Rew: -0.52 | FPS: 8027.7 | Var: dueling
Step: 506880 | EPS: 0.88 | Rew: -0.57 | FPS: 7802.7 | Var: dueling
Step: 507904 | EPS: 0.88 | Rew: -0.59 | FPS: 7841.8 | Var: dueling
Step: 508928 | EPS: 0.88 | Rew: -0.64 | FPS: 7975.5 | Var: dueling
Step: 509952 | EPS: 0.88 | Rew: -0.64 | FPS: 7912.9 | Var: dueling
Step: 510976 | EPS: 0.87 | Rew: -0.63 | FPS: 8022.6 | Var: dueling
Step: 512000 | EPS: 0.87 | Rew: -0.63 | FPS: 5097.4 | Var: dueling
Step: 513024 | EPS: 0.87 | Rew: -0.61 | FPS: 7897.7 | Var: dueling
Step: 514048 | EPS: 0.87 | Rew: -0.61 | FPS: 7881.5 | Var: dueling
Step: 515072 | EPS: 0.87 | Rew: -0.61 | FPS: 8093.3 | Var: dueling
Step: 516096 | EPS: 0.87 | Rew: -0.61 | FPS: 7760.0 | Var: dueling
Step: 517120 | EPS: 0.87 | Rew: -0.63 | FPS: 7987.1 | Var: dueling
Step: 518144 | EPS: 0.87 | Rew: -0.63 | FPS: 8124.9 | Var: dueling
Step: 519168 | EPS: 0.87 | Rew: -0.62 | FPS: 7843.4 | Var: dueling
Step: 520192 | EPS: 0.87 | Rew: -0.61 | FPS: 8546.9 | Var: dueling
Step: 521216 | EPS: 0.87 | Rew: -0.59 | FPS: 8429.9 | Var: dueling
Step: 522240 | EPS: 0.87 | Rew: -0.58 | FPS: 8055.6 | Var: dueling
Step: 523264 | EPS: 0.87 | Rew: -0.58 | FPS: 8478.3 | Var: dueling
Step: 524288 | EPS: 0.87 | Rew: -0.57 | FPS: 8121.8 | Var: dueling
Step: 525312 | EPS: 0.87 | Rew: -0.59 | FPS: 8333.8 | Var: dueling
Step: 526336 | EPS: 0.87 | Rew: -0.61 | FPS: 7507.4 | Var: dueling
Step: 527360 | EPS: 0.87 | Rew: -0.62 | FPS: 8024.2 | Var: dueling
Step: 528384 | EPS: 0.87 | Rew: -0.63 | FPS: 5034.1 | Var: dueling
Step: 529408 | EPS: 0.87 | Rew: -0.59 | FPS: 8397.2 | Var: dueling
Step: 530432 | EPS: 0.87 | Rew: -0.58 | FPS: 8514.0 | Var: dueling
Step: 531456 | EPS: 0.87 | Rew: -0.58 | FPS: 8426.1 | Var: dueling
Step: 532480 | EPS: 0.87 | Rew: -0.61 | FPS: 7961.9 | Var: dueling
Step: 533504 | EPS: 0.87 | Rew: -0.66 | FPS: 8479.2 | Var: dueling
Step: 534528 | EPS: 0.87 | Rew: -0.66 | FPS: 8508.6 | Var: dueling
Step: 535552 | EPS: 0.87 | Rew: -0.64 | FPS: 8393.3 | Var: dueling
Step: 536576 | EPS: 0.87 | Rew: -0.62 | FPS: 7814.4 | Var: dueling
Step: 537600 | EPS: 0.87 | Rew: -0.58 | FPS: 8479.8 | Var: dueling
Step: 538624 | EPS: 0.87 | Rew: -0.57 | FPS: 7930.5 | Var: dueling
Step: 539648 | EPS: 0.87 | Rew: -0.57 | FPS: 8114.2 | Var: dueling
Step: 540672 | EPS: 0.87 | Rew: -0.57 | FPS: 8057.7 | Var: dueling
Step: 541696 | EPS: 0.87 | Rew: -0.57 | FPS: 7934.5 | Var: dueling
Step: 542720 | EPS: 0.87 | Rew: -0.57 | FPS: 8202.9 | Var: dueling
Step: 543744 | EPS: 0.87 | Rew: -0.56 | FPS: 8463.7 | Var: dueling
Step: 544768 | EPS: 0.87 | Rew: -0.57 | FPS: 5219.9 | Var: dueling
Step: 545792 | EPS: 0.87 | Rew: -0.58 | FPS: 8501.6 | Var: dueling
Step: 546816 | EPS: 0.87 | Rew: -0.59 | FPS: 8221.6 | Var: dueling
Step: 547840 | EPS: 0.87 | Rew: -0.60 | FPS: 8347.2 | Var: dueling
Step: 548864 | EPS: 0.87 | Rew: -0.59 | FPS: 8114.2 | Var: dueling
Step: 549888 | EPS: 0.87 | Rew: -0.60 | FPS: 8122.5 | Var: dueling
Step: 550912 | EPS: 0.87 | Rew: -0.60 | FPS: 8109.1 | Var: dueling
Step: 551936 | EPS: 0.86 | Rew: -0.64 | FPS: 8072.6 | Var: dueling
Step: 552960 | EPS: 0.86 | Rew: -0.62 | FPS: 7946.9 | Var: dueling
Step: 553984 | EPS: 0.86 | Rew: -0.63 | FPS: 8183.5 | Var: dueling
Step: 555008 | EPS: 0.86 | Rew: -0.64 | FPS: 7972.3 | Var: dueling
Step: 556032 | EPS: 0.86 | Rew: -0.61 | FPS: 6951.5 | Var: dueling
Step: 557056 | EPS: 0.86 | Rew: -0.64 | FPS: 8429.6 | Var: dueling
Step: 558080 | EPS: 0.86 | Rew: -0.65 | FPS: 8033.0 | Var: dueling
Step: 559104 | EPS: 0.86 | Rew: -0.63 | FPS: 8374.1 | Var: dueling
Step: 560128 | EPS: 0.86 | Rew: -0.62 | FPS: 7716.8 | Var: dueling
Step: 561152 | EPS: 0.86 | Rew: -0.58 | FPS: 8557.2 | Var: dueling
Step: 562176 | EPS: 0.86 | Rew: -0.55 | FPS: 8512.1 | Var: dueling
Step: 563200 | EPS: 0.86 | Rew: -0.55 | FPS: 8113.0 | Var: dueling
Step: 564224 | EPS: 0.86 | Rew: -0.53 | FPS: 8060.5 | Var: dueling
Step: 565248 | EPS: 0.86 | Rew: -0.56 | FPS: 8314.3 | Var: dueling
Step: 566272 | EPS: 0.86 | Rew: -0.55 | FPS: 8333.6 | Var: dueling
Step: 567296 | EPS: 0.86 | Rew: -0.57 | FPS: 8507.1 | Var: dueling
Step: 568320 | EPS: 0.86 | Rew: -0.59 | FPS: 8133.4 | Var: dueling
Step: 569344 | EPS: 0.86 | Rew: -0.58 | FPS: 7724.8 | Var: dueling
Step: 570368 | EPS: 0.86 | Rew: -0.59 | FPS: 8255.2 | Var: dueling
Step: 571392 | EPS: 0.86 | Rew: -0.59 | FPS: 8035.5 | Var: dueling
Step: 572416 | EPS: 0.86 | Rew: -0.60 | FPS: 8078.1 | Var: dueling
Step: 573440 | EPS: 0.86 | Rew: -0.61 | FPS: 7906.5 | Var: dueling
Step: 574464 | EPS: 0.86 | Rew: -0.62 | FPS: 8410.8 | Var: dueling
Step: 575488 | EPS: 0.86 | Rew: -0.60 | FPS: 8316.5 | Var: dueling
Step: 576512 | EPS: 0.86 | Rew: -0.58 | FPS: 8390.1 | Var: dueling
Step: 577536 | EPS: 0.86 | Rew: -0.61 | FPS: 8305.9 | Var: dueling
Step: 578560 | EPS: 0.86 | Rew: -0.61 | FPS: 8307.0 | Var: dueling
Step: 579584 | EPS: 0.86 | Rew: -0.60 | FPS: 8399.6 | Var: dueling
Step: 580608 | EPS: 0.86 | Rew: -0.60 | FPS: 5783.4 | Var: dueling
Step: 581632 | EPS: 0.86 | Rew: -0.55 | FPS: 7136.9 | Var: dueling
Step: 582656 | EPS: 0.86 | Rew: -0.54 | FPS: 7776.6 | Var: dueling
Step: 583680 | EPS: 0.86 | Rew: -0.53 | FPS: 8088.8 | Var: dueling
Step: 584704 | EPS: 0.86 | Rew: -0.55 | FPS: 8081.4 | Var: dueling
Step: 585728 | EPS: 0.86 | Rew: -0.59 | FPS: 8103.6 | Var: dueling
Step: 586752 | EPS: 0.86 | Rew: -0.58 | FPS: 8046.6 | Var: dueling
Step: 587776 | EPS: 0.86 | Rew: -0.59 | FPS: 7989.4 | Var: dueling
Step: 588800 | EPS: 0.86 | Rew: -0.56 | FPS: 8164.9 | Var: dueling
Step: 589824 | EPS: 0.86 | Rew: -0.58 | FPS: 8198.7 | Var: dueling
Step: 590848 | EPS: 0.86 | Rew: -0.56 | FPS: 8432.1 | Var: dueling
Step: 591872 | EPS: 0.85 | Rew: -0.61 | FPS: 8049.0 | Var: dueling
Step: 592896 | EPS: 0.85 | Rew: -0.59 | FPS: 6418.9 | Var: dueling
Step: 593920 | EPS: 0.85 | Rew: -0.56 | FPS: 8194.8 | Var: dueling
Step: 594944 | EPS: 0.85 | Rew: -0.57 | FPS: 8399.9 | Var: dueling
Step: 595968 | EPS: 0.85 | Rew: -0.55 | FPS: 8295.9 | Var: dueling
Step: 596992 | EPS: 0.85 | Rew: -0.56 | FPS: 4964.5 | Var: dueling
Step: 598016 | EPS: 0.85 | Rew: -0.60 | FPS: 8236.3 | Var: dueling
Step: 599040 | EPS: 0.85 | Rew: -0.56 | FPS: 7834.6 | Var: dueling
Step: 600064 | EPS: 0.85 | Rew: -0.58 | FPS: 7661.8 | Var: dueling
Step: 601088 | EPS: 0.85 | Rew: -0.57 | FPS: 6670.5 | Var: dueling
Step: 602112 | EPS: 0.85 | Rew: -0.53 | FPS: 6700.9 | Var: dueling
Step: 603136 | EPS: 0.85 | Rew: -0.56 | FPS: 8410.6 | Var: dueling
Step: 604160 | EPS: 0.85 | Rew: -0.55 | FPS: 8544.9 | Var: dueling
Step: 605184 | EPS: 0.85 | Rew: -0.58 | FPS: 7891.9 | Var: dueling
Step: 606208 | EPS: 0.85 | Rew: -0.55 | FPS: 8622.5 | Var: dueling
Step: 607232 | EPS: 0.85 | Rew: -0.60 | FPS: 8539.0 | Var: dueling
Step: 608256 | EPS: 0.85 | Rew: -0.57 | FPS: 8430.2 | Var: dueling
Step: 609280 | EPS: 0.85 | Rew: -0.59 | FPS: 8175.4 | Var: dueling
Step: 610304 | EPS: 0.85 | Rew: -0.57 | FPS: 8462.8 | Var: dueling
Step: 611328 | EPS: 0.85 | Rew: -0.53 | FPS: 8193.6 | Var: dueling
Step: 612352 | EPS: 0.85 | Rew: -0.54 | FPS: 8077.3 | Var: dueling
Step: 613376 | EPS: 0.85 | Rew: -0.55 | FPS: 7866.9 | Var: dueling
Step: 614400 | EPS: 0.85 | Rew: -0.58 | FPS: 8114.0 | Var: dueling
Step: 615424 | EPS: 0.85 | Rew: -0.59 | FPS: 8081.4 | Var: dueling
Step: 616448 | EPS: 0.85 | Rew: -0.58 | FPS: 7704.6 | Var: dueling
Step: 617472 | EPS: 0.85 | Rew: -0.58 | FPS: 7747.4 | Var: dueling
Step: 618496 | EPS: 0.85 | Rew: -0.57 | FPS: 7849.4 | Var: dueling
Step: 619520 | EPS: 0.85 | Rew: -0.56 | FPS: 8519.9 | Var: dueling
Step: 620544 | EPS: 0.85 | Rew: -0.56 | FPS: 8331.1 | Var: dueling
Step: 621568 | EPS: 0.85 | Rew: -0.56 | FPS: 7758.8 | Var: dueling
Step: 622592 | EPS: 0.85 | Rew: -0.55 | FPS: 8214.0 | Var: dueling
Step: 623616 | EPS: 0.85 | Rew: -0.56 | FPS: 8080.4 | Var: dueling
Step: 624640 | EPS: 0.85 | Rew: -0.57 | FPS: 7600.6 | Var: dueling
Step: 625664 | EPS: 0.85 | Rew: -0.55 | FPS: 7833.0 | Var: dueling
Step: 626688 | EPS: 0.85 | Rew: -0.57 | FPS: 7124.5 | Var: dueling
Step: 627712 | EPS: 0.85 | Rew: -0.58 | FPS: 6831.0 | Var: dueling
Step: 628736 | EPS: 0.85 | Rew: -0.58 | FPS: 7926.9 | Var: dueling
Step: 629760 | EPS: 0.85 | Rew: -0.58 | FPS: 4989.8 | Var: dueling
Step: 630784 | EPS: 0.85 | Rew: -0.56 | FPS: 7859.8 | Var: dueling
Step: 631808 | EPS: 0.85 | Rew: -0.56 | FPS: 7864.8 | Var: dueling
Step: 632832 | EPS: 0.84 | Rew: -0.54 | FPS: 8164.7 | Var: dueling
Step: 633856 | EPS: 0.84 | Rew: -0.52 | FPS: 7998.2 | Var: dueling
Step: 634880 | EPS: 0.84 | Rew: -0.51 | FPS: 7983.5 | Var: dueling
Step: 635904 | EPS: 0.84 | Rew: -0.49 | FPS: 8172.7 | Var: dueling
Step: 636928 | EPS: 0.84 | Rew: -0.53 | FPS: 8249.0 | Var: dueling
Step: 637952 | EPS: 0.84 | Rew: -0.53 | FPS: 8652.8 | Var: dueling
Step: 638976 | EPS: 0.84 | Rew: -0.58 | FPS: 8345.1 | Var: dueling
Step: 640000 | EPS: 0.84 | Rew: -0.59 | FPS: 7991.6 | Var: dueling
Step: 641024 | EPS: 0.84 | Rew: -0.62 | FPS: 7814.2 | Var: dueling
Step: 642048 | EPS: 0.84 | Rew: -0.63 | FPS: 8167.5 | Var: dueling
Step: 643072 | EPS: 0.84 | Rew: -0.62 | FPS: 7656.4 | Var: dueling
Step: 644096 | EPS: 0.84 | Rew: -0.60 | FPS: 8035.5 | Var: dueling
Step: 645120 | EPS: 0.84 | Rew: -0.59 | FPS: 7937.8 | Var: dueling
Step: 646144 | EPS: 0.84 | Rew: -0.57 | FPS: 5139.6 | Var: dueling
Step: 647168 | EPS: 0.84 | Rew: -0.54 | FPS: 7828.6 | Var: dueling
Step: 648192 | EPS: 0.84 | Rew: -0.55 | FPS: 7905.9 | Var: dueling
Step: 649216 | EPS: 0.84 | Rew: -0.54 | FPS: 8053.6 | Var: dueling
Step: 650240 | EPS: 0.84 | Rew: -0.50 | FPS: 7866.2 | Var: dueling
Step: 651264 | EPS: 0.84 | Rew: -0.52 | FPS: 7881.0 | Var: dueling
Step: 652288 | EPS: 0.84 | Rew: -0.53 | FPS: 8200.4 | Var: dueling
Step: 653312 | EPS: 0.84 | Rew: -0.53 | FPS: 8649.9 | Var: dueling
Step: 654336 | EPS: 0.84 | Rew: -0.55 | FPS: 8406.1 | Var: dueling
Step: 655360 | EPS: 0.84 | Rew: -0.59 | FPS: 7997.1 | Var: dueling
Step: 656384 | EPS: 0.84 | Rew: -0.59 | FPS: 8288.8 | Var: dueling
Step: 657408 | EPS: 0.84 | Rew: -0.58 | FPS: 8488.9 | Var: dueling
Step: 658432 | EPS: 0.84 | Rew: -0.57 | FPS: 7635.3 | Var: dueling
Step: 659456 | EPS: 0.84 | Rew: -0.52 | FPS: 7981.8 | Var: dueling
Step: 660480 | EPS: 0.84 | Rew: -0.53 | FPS: 7753.8 | Var: dueling
Step: 661504 | EPS: 0.84 | Rew: -0.53 | FPS: 8084.8 | Var: dueling
Step: 662528 | EPS: 0.84 | Rew: -0.55 | FPS: 4937.3 | Var: dueling
Step: 663552 | EPS: 0.84 | Rew: -0.52 | FPS: 6804.9 | Var: dueling
Step: 664576 | EPS: 0.84 | Rew: -0.54 | FPS: 8370.2 | Var: dueling
Step: 665600 | EPS: 0.84 | Rew: -0.53 | FPS: 8041.0 | Var: dueling
Step: 666624 | EPS: 0.84 | Rew: -0.49 | FPS: 7839.3 | Var: dueling
Step: 667648 | EPS: 0.84 | Rew: -0.52 | FPS: 8014.8 | Var: dueling
Step: 668672 | EPS: 0.84 | Rew: -0.55 | FPS: 6746.3 | Var: dueling
Step: 669696 | EPS: 0.84 | Rew: -0.54 | FPS: 7947.6 | Var: dueling
Step: 670720 | EPS: 0.84 | Rew: -0.55 | FPS: 7958.8 | Var: dueling
Step: 671744 | EPS: 0.84 | Rew: -0.55 | FPS: 8201.0 | Var: dueling
Step: 672768 | EPS: 0.84 | Rew: -0.53 | FPS: 8039.4 | Var: dueling
Step: 673792 | EPS: 0.83 | Rew: -0.52 | FPS: 8078.5 | Var: dueling
Step: 674816 | EPS: 0.83 | Rew: -0.51 | FPS: 8093.5 | Var: dueling
Step: 675840 | EPS: 0.83 | Rew: -0.49 | FPS: 8184.1 | Var: dueling
Step: 676864 | EPS: 0.83 | Rew: -0.49 | FPS: 8014.7 | Var: dueling
Step: 677888 | EPS: 0.83 | Rew: -0.49 | FPS: 5463.9 | Var: dueling
Step: 678912 | EPS: 0.83 | Rew: -0.46 | FPS: 7123.3 | Var: dueling
Step: 679936 | EPS: 0.83 | Rew: -0.46 | FPS: 8031.9 | Var: dueling
Step: 680960 | EPS: 0.83 | Rew: -0.49 | FPS: 8317.1 | Var: dueling
Step: 681984 | EPS: 0.83 | Rew: -0.52 | FPS: 8125.3 | Var: dueling
Step: 683008 | EPS: 0.83 | Rew: -0.53 | FPS: 7849.2 | Var: dueling
Step: 684032 | EPS: 0.83 | Rew: -0.52 | FPS: 8045.3 | Var: dueling
Step: 685056 | EPS: 0.83 | Rew: -0.51 | FPS: 8204.0 | Var: dueling
Step: 686080 | EPS: 0.83 | Rew: -0.54 | FPS: 7876.5 | Var: dueling
Step: 687104 | EPS: 0.83 | Rew: -0.54 | FPS: 8389.4 | Var: dueling
Step: 688128 | EPS: 0.83 | Rew: -0.55 | FPS: 8545.1 | Var: dueling
Step: 689152 | EPS: 0.83 | Rew: -0.55 | FPS: 8420.8 | Var: dueling
Step: 690176 | EPS: 0.83 | Rew: -0.50 | FPS: 8536.0 | Var: dueling
Step: 691200 | EPS: 0.83 | Rew: -0.51 | FPS: 8429.8 | Var: dueling
Step: 692224 | EPS: 0.83 | Rew: -0.52 | FPS: 8163.9 | Var: dueling
Step: 693248 | EPS: 0.83 | Rew: -0.52 | FPS: 7671.6 | Var: dueling
Step: 694272 | EPS: 0.83 | Rew: -0.58 | FPS: 5735.7 | Var: dueling
Step: 695296 | EPS: 0.83 | Rew: -0.57 | FPS: 7309.6 | Var: dueling
Step: 696320 | EPS: 0.83 | Rew: -0.55 | FPS: 8244.4 | Var: dueling
Step: 697344 | EPS: 0.83 | Rew: -0.56 | FPS: 7937.4 | Var: dueling
Step: 698368 | EPS: 0.83 | Rew: -0.55 | FPS: 8133.4 | Var: dueling
Step: 699392 | EPS: 0.83 | Rew: -0.55 | FPS: 8448.1 | Var: dueling
Step: 700416 | EPS: 0.83 | Rew: -0.53 | FPS: 7928.0 | Var: dueling
Step: 701440 | EPS: 0.83 | Rew: -0.50 | FPS: 8140.5 | Var: dueling
Step: 702464 | EPS: 0.83 | Rew: -0.51 | FPS: 8145.3 | Var: dueling
Step: 703488 | EPS: 0.83 | Rew: -0.50 | FPS: 7944.7 | Var: dueling
Step: 704512 | EPS: 0.83 | Rew: -0.51 | FPS: 8056.9 | Var: dueling
Step: 705536 | EPS: 0.83 | Rew: -0.55 | FPS: 7684.9 | Var: dueling
Step: 706560 | EPS: 0.83 | Rew: -0.55 | FPS: 8181.7 | Var: dueling
Step: 707584 | EPS: 0.83 | Rew: -0.57 | FPS: 7838.1 | Var: dueling
Step: 708608 | EPS: 0.83 | Rew: -0.56 | FPS: 8224.9 | Var: dueling
Step: 709632 | EPS: 0.83 | Rew: -0.55 | FPS: 7856.3 | Var: dueling
Step: 710656 | EPS: 0.83 | Rew: -0.54 | FPS: 7724.3 | Var: dueling
Step: 711680 | EPS: 0.83 | Rew: -0.52 | FPS: 8397.1 | Var: dueling
Step: 712704 | EPS: 0.83 | Rew: -0.54 | FPS: 8112.5 | Var: dueling
Step: 713728 | EPS: 0.83 | Rew: -0.49 | FPS: 8037.5 | Var: dueling
Step: 714752 | EPS: 0.82 | Rew: -0.44 | FPS: 8081.3 | Var: dueling
Step: 715776 | EPS: 0.82 | Rew: -0.45 | FPS: 7982.0 | Var: dueling
Step: 716800 | EPS: 0.82 | Rew: -0.44 | FPS: 8010.5 | Var: dueling
Step: 717824 | EPS: 0.82 | Rew: -0.50 | FPS: 7832.8 | Var: dueling
Step: 718848 | EPS: 0.82 | Rew: -0.55 | FPS: 8181.6 | Var: dueling
Step: 719872 | EPS: 0.82 | Rew: -0.57 | FPS: 8216.7 | Var: dueling
Step: 720896 | EPS: 0.82 | Rew: -0.57 | FPS: 8262.0 | Var: dueling
Step: 721920 | EPS: 0.82 | Rew: -0.58 | FPS: 8660.2 | Var: dueling
Step: 722944 | EPS: 0.82 | Rew: -0.57 | FPS: 8019.9 | Var: dueling
Step: 723968 | EPS: 0.82 | Rew: -0.54 | FPS: 7928.9 | Var: dueling
Step: 724992 | EPS: 0.82 | Rew: -0.53 | FPS: 7794.5 | Var: dueling
Step: 726016 | EPS: 0.82 | Rew: -0.53 | FPS: 8064.5 | Var: dueling
Step: 727040 | EPS: 0.82 | Rew: -0.50 | FPS: 7866.6 | Var: dueling
Step: 728064 | EPS: 0.82 | Rew: -0.51 | FPS: 4817.5 | Var: dueling
Step: 729088 | EPS: 0.82 | Rew: -0.52 | FPS: 8509.9 | Var: dueling
Step: 730112 | EPS: 0.82 | Rew: -0.51 | FPS: 8191.3 | Var: dueling
Step: 731136 | EPS: 0.82 | Rew: -0.52 | FPS: 8466.4 | Var: dueling
Step: 732160 | EPS: 0.82 | Rew: -0.55 | FPS: 7781.1 | Var: dueling
Step: 733184 | EPS: 0.82 | Rew: -0.53 | FPS: 8406.7 | Var: dueling
Step: 734208 | EPS: 0.82 | Rew: -0.55 | FPS: 8362.9 | Var: dueling
Step: 735232 | EPS: 0.82 | Rew: -0.52 | FPS: 7854.1 | Var: dueling
Step: 736256 | EPS: 0.82 | Rew: -0.52 | FPS: 8062.2 | Var: dueling
Step: 737280 | EPS: 0.82 | Rew: -0.51 | FPS: 7448.5 | Var: dueling
Step: 738304 | EPS: 0.82 | Rew: -0.51 | FPS: 7805.9 | Var: dueling
Step: 739328 | EPS: 0.82 | Rew: -0.54 | FPS: 7965.2 | Var: dueling
Step: 740352 | EPS: 0.82 | Rew: -0.53 | FPS: 8079.9 | Var: dueling
Step: 741376 | EPS: 0.82 | Rew: -0.51 | FPS: 8489.3 | Var: dueling
Step: 742400 | EPS: 0.82 | Rew: -0.55 | FPS: 7766.6 | Var: dueling
Step: 743424 | EPS: 0.82 | Rew: -0.54 | FPS: 7523.7 | Var: dueling
Step: 744448 | EPS: 0.82 | Rew: -0.54 | FPS: 7261.4 | Var: dueling
Step: 745472 | EPS: 0.82 | Rew: -0.53 | FPS: 8236.0 | Var: dueling
Step: 746496 | EPS: 0.82 | Rew: -0.53 | FPS: 8011.8 | Var: dueling
Step: 747520 | EPS: 0.82 | Rew: -0.51 | FPS: 6967.1 | Var: dueling
Step: 748544 | EPS: 0.82 | Rew: -0.48 | FPS: 7837.0 | Var: dueling
Step: 749568 | EPS: 0.82 | Rew: -0.46 | FPS: 7729.1 | Var: dueling
Step: 750592 | EPS: 0.82 | Rew: -0.44 | FPS: 8014.4 | Var: dueling
Step: 751616 | EPS: 0.82 | Rew: -0.46 | FPS: 7738.0 | Var: dueling
Step: 752640 | EPS: 0.82 | Rew: -0.45 | FPS: 8106.0 | Var: dueling
Step: 753664 | EPS: 0.82 | Rew: -0.46 | FPS: 7653.0 | Var: dueling
Step: 754688 | EPS: 0.82 | Rew: -0.49 | FPS: 7151.6 | Var: dueling
Step: 755712 | EPS: 0.81 | Rew: -0.48 | FPS: 8480.3 | Var: dueling
Step: 756736 | EPS: 0.81 | Rew: -0.48 | FPS: 8183.2 | Var: dueling
Step: 757760 | EPS: 0.81 | Rew: -0.45 | FPS: 8062.3 | Var: dueling
Step: 758784 | EPS: 0.81 | Rew: -0.47 | FPS: 8158.5 | Var: dueling
Step: 759808 | EPS: 0.81 | Rew: -0.48 | FPS: 4903.4 | Var: dueling
Step: 760832 | EPS: 0.81 | Rew: -0.49 | FPS: 7937.3 | Var: dueling
Step: 761856 | EPS: 0.81 | Rew: -0.51 | FPS: 7259.0 | Var: dueling
Step: 762880 | EPS: 0.81 | Rew: -0.50 | FPS: 7210.2 | Var: dueling
Step: 763904 | EPS: 0.81 | Rew: -0.50 | FPS: 7270.6 | Var: dueling
Step: 764928 | EPS: 0.81 | Rew: -0.46 | FPS: 8149.8 | Var: dueling
Step: 765952 | EPS: 0.81 | Rew: -0.48 | FPS: 7969.9 | Var: dueling
Step: 766976 | EPS: 0.81 | Rew: -0.46 | FPS: 7915.2 | Var: dueling
Step: 768000 | EPS: 0.81 | Rew: -0.45 | FPS: 7963.2 | Var: dueling
Step: 769024 | EPS: 0.81 | Rew: -0.49 | FPS: 8116.6 | Var: dueling
Step: 770048 | EPS: 0.81 | Rew: -0.54 | FPS: 8388.0 | Var: dueling
Step: 771072 | EPS: 0.81 | Rew: -0.52 | FPS: 8313.5 | Var: dueling
Step: 772096 | EPS: 0.81 | Rew: -0.50 | FPS: 7768.7 | Var: dueling
Step: 773120 | EPS: 0.81 | Rew: -0.48 | FPS: 8153.2 | Var: dueling
Step: 774144 | EPS: 0.81 | Rew: -0.49 | FPS: 8109.0 | Var: dueling
Step: 775168 | EPS: 0.81 | Rew: -0.48 | FPS: 5345.4 | Var: dueling
Step: 776192 | EPS: 0.81 | Rew: -0.49 | FPS: 7317.1 | Var: dueling
Step: 777216 | EPS: 0.81 | Rew: -0.49 | FPS: 8080.8 | Var: dueling
Step: 778240 | EPS: 0.81 | Rew: -0.48 | FPS: 8080.8 | Var: dueling
Step: 779264 | EPS: 0.81 | Rew: -0.46 | FPS: 8271.1 | Var: dueling
Step: 780288 | EPS: 0.81 | Rew: -0.50 | FPS: 7895.4 | Var: dueling
Step: 781312 | EPS: 0.81 | Rew: -0.51 | FPS: 8182.8 | Var: dueling
Step: 782336 | EPS: 0.81 | Rew: -0.51 | FPS: 8245.9 | Var: dueling
Step: 783360 | EPS: 0.81 | Rew: -0.54 | FPS: 8554.2 | Var: dueling
Step: 784384 | EPS: 0.81 | Rew: -0.52 | FPS: 8069.7 | Var: dueling
Step: 785408 | EPS: 0.81 | Rew: -0.54 | FPS: 8220.2 | Var: dueling
Step: 786432 | EPS: 0.81 | Rew: -0.51 | FPS: 7978.8 | Var: dueling
Step: 787456 | EPS: 0.81 | Rew: -0.48 | FPS: 7832.3 | Var: dueling
Step: 788480 | EPS: 0.81 | Rew: -0.53 | FPS: 8373.2 | Var: dueling
Step: 789504 | EPS: 0.81 | Rew: -0.53 | FPS: 8361.2 | Var: dueling
Step: 790528 | EPS: 0.81 | Rew: -0.48 | FPS: 8297.8 | Var: dueling
Step: 791552 | EPS: 0.81 | Rew: -0.49 | FPS: 5293.5 | Var: dueling
Step: 792576 | EPS: 0.81 | Rew: -0.48 | FPS: 6837.2 | Var: dueling
Step: 793600 | EPS: 0.81 | Rew: -0.49 | FPS: 8045.8 | Var: dueling
Step: 794624 | EPS: 0.81 | Rew: -0.50 | FPS: 8004.2 | Var: dueling
Step: 795648 | EPS: 0.81 | Rew: -0.49 | FPS: 7735.8 | Var: dueling
Step: 796672 | EPS: 0.80 | Rew: -0.48 | FPS: 7813.4 | Var: dueling
Step: 797696 | EPS: 0.80 | Rew: -0.47 | FPS: 7927.7 | Var: dueling
Step: 798720 | EPS: 0.80 | Rew: -0.43 | FPS: 7596.5 | Var: dueling
Step: 799744 | EPS: 0.80 | Rew: -0.43 | FPS: 7977.2 | Var: dueling
Step: 800768 | EPS: 0.80 | Rew: -0.43 | FPS: 6954.9 | Var: dueling
Step: 801792 | EPS: 0.80 | Rew: -0.44 | FPS: 7988.1 | Var: dueling
Step: 802816 | EPS: 0.80 | Rew: -0.47 | FPS: 6837.7 | Var: dueling
Step: 803840 | EPS: 0.80 | Rew: -0.51 | FPS: 8232.4 | Var: dueling
Step: 804864 | EPS: 0.80 | Rew: -0.49 | FPS: 8119.1 | Var: dueling
Step: 805888 | EPS: 0.80 | Rew: -0.49 | FPS: 8294.4 | Var: dueling
Step: 806912 | EPS: 0.80 | Rew: -0.48 | FPS: 8227.3 | Var: dueling
Step: 807936 | EPS: 0.80 | Rew: -0.47 | FPS: 5068.9 | Var: dueling
Step: 808960 | EPS: 0.80 | Rew: -0.49 | FPS: 8227.8 | Var: dueling
Step: 809984 | EPS: 0.80 | Rew: -0.51 | FPS: 8033.7 | Var: dueling
Step: 811008 | EPS: 0.80 | Rew: -0.53 | FPS: 8177.1 | Var: dueling
Step: 812032 | EPS: 0.80 | Rew: -0.52 | FPS: 7944.0 | Var: dueling
Step: 813056 | EPS: 0.80 | Rew: -0.52 | FPS: 8055.3 | Var: dueling
Step: 814080 | EPS: 0.80 | Rew: -0.52 | FPS: 8005.1 | Var: dueling
Step: 815104 | EPS: 0.80 | Rew: -0.50 | FPS: 8077.0 | Var: dueling
Step: 816128 | EPS: 0.80 | Rew: -0.54 | FPS: 8327.3 | Var: dueling
Step: 817152 | EPS: 0.80 | Rew: -0.49 | FPS: 7877.7 | Var: dueling
Step: 818176 | EPS: 0.80 | Rew: -0.49 | FPS: 8121.0 | Var: dueling
Step: 819200 | EPS: 0.80 | Rew: -0.49 | FPS: 8495.7 | Var: dueling
Step: 820224 | EPS: 0.80 | Rew: -0.46 | FPS: 6826.0 | Var: dueling
Step: 821248 | EPS: 0.80 | Rew: -0.47 | FPS: 8012.1 | Var: dueling
Step: 822272 | EPS: 0.80 | Rew: -0.49 | FPS: 7964.0 | Var: dueling
Step: 823296 | EPS: 0.80 | Rew: -0.49 | FPS: 8423.3 | Var: dueling
Step: 824320 | EPS: 0.80 | Rew: -0.47 | FPS: 7929.2 | Var: dueling
Step: 825344 | EPS: 0.80 | Rew: -0.49 | FPS: 5411.0 | Var: dueling
Step: 826368 | EPS: 0.80 | Rew: -0.47 | FPS: 8599.6 | Var: dueling
Step: 827392 | EPS: 0.80 | Rew: -0.46 | FPS: 8458.9 | Var: dueling
Step: 828416 | EPS: 0.80 | Rew: -0.45 | FPS: 8246.5 | Var: dueling
Step: 829440 | EPS: 0.80 | Rew: -0.45 | FPS: 8244.4 | Var: dueling
Step: 830464 | EPS: 0.80 | Rew: -0.43 | FPS: 7838.6 | Var: dueling
Step: 831488 | EPS: 0.80 | Rew: -0.47 | FPS: 7507.6 | Var: dueling
Step: 832512 | EPS: 0.80 | Rew: -0.46 | FPS: 8046.6 | Var: dueling
Step: 833536 | EPS: 0.80 | Rew: -0.48 | FPS: 8356.9 | Var: dueling
Step: 834560 | EPS: 0.80 | Rew: -0.47 | FPS: 8251.5 | Var: dueling
Step: 835584 | EPS: 0.80 | Rew: -0.49 | FPS: 7965.8 | Var: dueling
Step: 836608 | EPS: 0.80 | Rew: -0.49 | FPS: 7669.8 | Var: dueling
Step: 837632 | EPS: 0.79 | Rew: -0.50 | FPS: 6829.2 | Var: dueling
Step: 838656 | EPS: 0.79 | Rew: -0.47 | FPS: 8079.6 | Var: dueling
Step: 839680 | EPS: 0.79 | Rew: -0.45 | FPS: 7950.7 | Var: dueling
Step: 840704 | EPS: 0.79 | Rew: -0.44 | FPS: 5081.9 | Var: dueling
Step: 841728 | EPS: 0.79 | Rew: -0.45 | FPS: 7908.2 | Var: dueling
Step: 842752 | EPS: 0.79 | Rew: -0.43 | FPS: 8329.0 | Var: dueling
Step: 843776 | EPS: 0.79 | Rew: -0.45 | FPS: 8231.9 | Var: dueling
Step: 844800 | EPS: 0.79 | Rew: -0.45 | FPS: 7988.2 | Var: dueling
Step: 845824 | EPS: 0.79 | Rew: -0.41 | FPS: 8541.0 | Var: dueling
Step: 846848 | EPS: 0.79 | Rew: -0.41 | FPS: 8585.5 | Var: dueling
Step: 847872 | EPS: 0.79 | Rew: -0.44 | FPS: 8520.6 | Var: dueling
Step: 848896 | EPS: 0.79 | Rew: -0.44 | FPS: 8104.6 | Var: dueling
Step: 849920 | EPS: 0.79 | Rew: -0.45 | FPS: 8290.0 | Var: dueling
Step: 850944 | EPS: 0.79 | Rew: -0.51 | FPS: 7998.7 | Var: dueling
Step: 851968 | EPS: 0.79 | Rew: -0.47 | FPS: 8129.1 | Var: dueling
Step: 852992 | EPS: 0.79 | Rew: -0.43 | FPS: 7467.3 | Var: dueling
Step: 854016 | EPS: 0.79 | Rew: -0.46 | FPS: 7986.7 | Var: dueling
Step: 855040 | EPS: 0.79 | Rew: -0.47 | FPS: 7905.3 | Var: dueling
Step: 856064 | EPS: 0.79 | Rew: -0.48 | FPS: 8048.7 | Var: dueling
Step: 857088 | EPS: 0.79 | Rew: -0.54 | FPS: 7879.6 | Var: dueling
Step: 858112 | EPS: 0.79 | Rew: -0.50 | FPS: 8172.5 | Var: dueling
Step: 859136 | EPS: 0.79 | Rew: -0.48 | FPS: 8048.3 | Var: dueling
Step: 860160 | EPS: 0.79 | Rew: -0.47 | FPS: 8054.2 | Var: dueling
Step: 861184 | EPS: 0.79 | Rew: -0.49 | FPS: 7749.5 | Var: dueling
Step: 862208 | EPS: 0.79 | Rew: -0.42 | FPS: 8639.4 | Var: dueling
Step: 863232 | EPS: 0.79 | Rew: -0.45 | FPS: 8644.8 | Var: dueling
Step: 864256 | EPS: 0.79 | Rew: -0.45 | FPS: 8375.5 | Var: dueling
Step: 865280 | EPS: 0.79 | Rew: -0.45 | FPS: 7771.9 | Var: dueling
Step: 866304 | EPS: 0.79 | Rew: -0.49 | FPS: 8468.5 | Var: dueling
Step: 867328 | EPS: 0.79 | Rew: -0.50 | FPS: 8315.0 | Var: dueling
Step: 868352 | EPS: 0.79 | Rew: -0.49 | FPS: 8048.4 | Var: dueling
Step: 869376 | EPS: 0.79 | Rew: -0.50 | FPS: 8002.1 | Var: dueling
Step: 870400 | EPS: 0.79 | Rew: -0.48 | FPS: 8030.8 | Var: dueling
Step: 871424 | EPS: 0.79 | Rew: -0.45 | FPS: 7966.3 | Var: dueling
Step: 872448 | EPS: 0.79 | Rew: -0.47 | FPS: 7529.1 | Var: dueling
Step: 873472 | EPS: 0.79 | Rew: -0.47 | FPS: 8046.6 | Var: dueling
Step: 874496 | EPS: 0.79 | Rew: -0.45 | FPS: 5210.8 | Var: dueling
Step: 875520 | EPS: 0.79 | Rew: -0.46 | FPS: 8017.5 | Var: dueling
Step: 876544 | EPS: 0.79 | Rew: -0.47 | FPS: 7973.9 | Var: dueling
Step: 877568 | EPS: 0.78 | Rew: -0.46 | FPS: 7738.4 | Var: dueling
Step: 878592 | EPS: 0.78 | Rew: -0.47 | FPS: 8014.0 | Var: dueling
Step: 879616 | EPS: 0.78 | Rew: -0.47 | FPS: 7387.2 | Var: dueling
Step: 880640 | EPS: 0.78 | Rew: -0.49 | FPS: 8098.1 | Var: dueling
Step: 881664 | EPS: 0.78 | Rew: -0.49 | FPS: 8329.7 | Var: dueling
Step: 882688 | EPS: 0.78 | Rew: -0.42 | FPS: 8022.8 | Var: dueling
Step: 883712 | EPS: 0.78 | Rew: -0.42 | FPS: 7892.8 | Var: dueling
Step: 884736 | EPS: 0.78 | Rew: -0.38 | FPS: 7749.2 | Var: dueling
Step: 885760 | EPS: 0.78 | Rew: -0.40 | FPS: 7944.8 | Var: dueling
Step: 886784 | EPS: 0.78 | Rew: -0.40 | FPS: 7790.7 | Var: dueling
Step: 887808 | EPS: 0.78 | Rew: -0.46 | FPS: 8044.3 | Var: dueling
Step: 888832 | EPS: 0.78 | Rew: -0.44 | FPS: 7869.8 | Var: dueling
Step: 889856 | EPS: 0.78 | Rew: -0.45 | FPS: 5056.1 | Var: dueling
Step: 890880 | EPS: 0.78 | Rew: -0.43 | FPS: 8306.2 | Var: dueling
Step: 891904 | EPS: 0.78 | Rew: -0.43 | FPS: 8381.9 | Var: dueling
Step: 892928 | EPS: 0.78 | Rew: -0.44 | FPS: 8480.6 | Var: dueling
Step: 893952 | EPS: 0.78 | Rew: -0.44 | FPS: 8313.7 | Var: dueling
Step: 894976 | EPS: 0.78 | Rew: -0.46 | FPS: 8194.5 | Var: dueling
Step: 896000 | EPS: 0.78 | Rew: -0.51 | FPS: 8278.2 | Var: dueling
Step: 897024 | EPS: 0.78 | Rew: -0.45 | FPS: 8434.2 | Var: dueling
Step: 898048 | EPS: 0.78 | Rew: -0.48 | FPS: 7838.7 | Var: dueling
Step: 899072 | EPS: 0.78 | Rew: -0.46 | FPS: 8003.0 | Var: dueling
Step: 900096 | EPS: 0.78 | Rew: -0.44 | FPS: 7759.6 | Var: dueling
Step: 901120 | EPS: 0.78 | Rew: -0.48 | FPS: 6717.2 | Var: dueling
Step: 902144 | EPS: 0.78 | Rew: -0.46 | FPS: 8018.4 | Var: dueling
Step: 903168 | EPS: 0.78 | Rew: -0.45 | FPS: 8109.4 | Var: dueling
Step: 904192 | EPS: 0.78 | Rew: -0.46 | FPS: 7439.1 | Var: dueling
Step: 905216 | EPS: 0.78 | Rew: -0.50 | FPS: 7884.8 | Var: dueling
Step: 906240 | EPS: 0.78 | Rew: -0.51 | FPS: 8198.1 | Var: dueling
Step: 907264 | EPS: 0.78 | Rew: -0.49 | FPS: 8194.7 | Var: dueling
Step: 908288 | EPS: 0.78 | Rew: -0.46 | FPS: 7985.4 | Var: dueling
Step: 909312 | EPS: 0.78 | Rew: -0.43 | FPS: 8117.4 | Var: dueling
Step: 910336 | EPS: 0.78 | Rew: -0.40 | FPS: 7975.9 | Var: dueling
Step: 911360 | EPS: 0.78 | Rew: -0.41 | FPS: 7657.1 | Var: dueling
Step: 912384 | EPS: 0.78 | Rew: -0.41 | FPS: 7881.8 | Var: dueling
Step: 913408 | EPS: 0.78 | Rew: -0.41 | FPS: 7794.8 | Var: dueling
Step: 914432 | EPS: 0.78 | Rew: -0.41 | FPS: 7907.3 | Var: dueling
Step: 915456 | EPS: 0.78 | Rew: -0.40 | FPS: 8205.4 | Var: dueling
Step: 916480 | EPS: 0.78 | Rew: -0.37 | FPS: 7626.4 | Var: dueling
Step: 917504 | EPS: 0.78 | Rew: -0.37 | FPS: 8379.2 | Var: dueling
Step: 918528 | EPS: 0.77 | Rew: -0.40 | FPS: 8150.2 | Var: dueling
Step: 919552 | EPS: 0.77 | Rew: -0.40 | FPS: 8108.8 | Var: dueling
Step: 920576 | EPS: 0.77 | Rew: -0.42 | FPS: 7880.8 | Var: dueling
Step: 921600 | EPS: 0.77 | Rew: -0.43 | FPS: 8496.9 | Var: dueling
Step: 922624 | EPS: 0.77 | Rew: -0.47 | FPS: 8121.4 | Var: dueling
Step: 923648 | EPS: 0.77 | Rew: -0.49 | FPS: 7870.6 | Var: dueling
Step: 924672 | EPS: 0.77 | Rew: -0.46 | FPS: 8185.4 | Var: dueling
Step: 925696 | EPS: 0.77 | Rew: -0.47 | FPS: 8206.9 | Var: dueling
Step: 926720 | EPS: 0.77 | Rew: -0.47 | FPS: 7982.4 | Var: dueling
Step: 927744 | EPS: 0.77 | Rew: -0.46 | FPS: 8000.4 | Var: dueling
Step: 928768 | EPS: 0.77 | Rew: -0.43 | FPS: 8332.4 | Var: dueling
Step: 929792 | EPS: 0.77 | Rew: -0.45 | FPS: 8477.5 | Var: dueling
Step: 930816 | EPS: 0.77 | Rew: -0.45 | FPS: 7952.3 | Var: dueling
Step: 931840 | EPS: 0.77 | Rew: -0.47 | FPS: 8194.1 | Var: dueling
Step: 932864 | EPS: 0.77 | Rew: -0.48 | FPS: 7861.5 | Var: dueling
Step: 933888 | EPS: 0.77 | Rew: -0.48 | FPS: 7783.2 | Var: dueling
Step: 934912 | EPS: 0.77 | Rew: -0.47 | FPS: 7798.5 | Var: dueling
Step: 935936 | EPS: 0.77 | Rew: -0.44 | FPS: 8004.1 | Var: dueling
Step: 936960 | EPS: 0.77 | Rew: -0.39 | FPS: 7819.7 | Var: dueling
Step: 937984 | EPS: 0.77 | Rew: -0.41 | FPS: 8426.7 | Var: dueling
Step: 939008 | EPS: 0.77 | Rew: -0.40 | FPS: 8402.9 | Var: dueling
Step: 940032 | EPS: 0.77 | Rew: -0.38 | FPS: 8067.2 | Var: dueling
Step: 941056 | EPS: 0.77 | Rew: -0.38 | FPS: 8275.8 | Var: dueling
Step: 942080 | EPS: 0.77 | Rew: -0.42 | FPS: 8328.1 | Var: dueling
Step: 943104 | EPS: 0.77 | Rew: -0.38 | FPS: 8114.9 | Var: dueling
Step: 944128 | EPS: 0.77 | Rew: -0.39 | FPS: 8055.1 | Var: dueling
Step: 945152 | EPS: 0.77 | Rew: -0.42 | FPS: 8039.7 | Var: dueling
Step: 946176 | EPS: 0.77 | Rew: -0.38 | FPS: 8128.3 | Var: dueling
Step: 947200 | EPS: 0.77 | Rew: -0.40 | FPS: 7001.6 | Var: dueling
Step: 948224 | EPS: 0.77 | Rew: -0.42 | FPS: 8237.4 | Var: dueling
Step: 949248 | EPS: 0.77 | Rew: -0.44 | FPS: 8169.5 | Var: dueling
Step: 950272 | EPS: 0.77 | Rew: -0.46 | FPS: 8334.7 | Var: dueling
Step: 951296 | EPS: 0.77 | Rew: -0.48 | FPS: 8233.0 | Var: dueling
Step: 952320 | EPS: 0.77 | Rew: -0.47 | FPS: 7955.9 | Var: dueling
Step: 953344 | EPS: 0.77 | Rew: -0.46 | FPS: 6873.3 | Var: dueling
Step: 954368 | EPS: 0.77 | Rew: -0.44 | FPS: 7990.8 | Var: dueling
Step: 955392 | EPS: 0.77 | Rew: -0.41 | FPS: 8076.3 | Var: dueling
Step: 956416 | EPS: 0.77 | Rew: -0.40 | FPS: 4997.5 | Var: dueling
Step: 957440 | EPS: 0.77 | Rew: -0.38 | FPS: 8270.4 | Var: dueling
Step: 958464 | EPS: 0.77 | Rew: -0.42 | FPS: 7589.6 | Var: dueling
Step: 959488 | EPS: 0.76 | Rew: -0.43 | FPS: 8029.3 | Var: dueling
Step: 960512 | EPS: 0.76 | Rew: -0.48 | FPS: 7918.2 | Var: dueling
Step: 961536 | EPS: 0.76 | Rew: -0.39 | FPS: 6711.5 | Var: dueling
Step: 962560 | EPS: 0.76 | Rew: -0.39 | FPS: 7738.7 | Var: dueling
Step: 963584 | EPS: 0.76 | Rew: -0.37 | FPS: 8152.6 | Var: dueling
Step: 964608 | EPS: 0.76 | Rew: -0.38 | FPS: 8382.6 | Var: dueling
Step: 965632 | EPS: 0.76 | Rew: -0.40 | FPS: 8437.8 | Var: dueling
Step: 966656 | EPS: 0.76 | Rew: -0.45 | FPS: 7697.0 | Var: dueling
Step: 967680 | EPS: 0.76 | Rew: -0.43 | FPS: 8083.4 | Var: dueling
Step: 968704 | EPS: 0.76 | Rew: -0.42 | FPS: 7812.3 | Var: dueling
Step: 969728 | EPS: 0.76 | Rew: -0.39 | FPS: 7977.6 | Var: dueling
Step: 970752 | EPS: 0.76 | Rew: -0.36 | FPS: 7957.3 | Var: dueling
Step: 971776 | EPS: 0.76 | Rew: -0.40 | FPS: 8317.2 | Var: dueling
Step: 972800 | EPS: 0.76 | Rew: -0.42 | FPS: 8357.2 | Var: dueling
Step: 973824 | EPS: 0.76 | Rew: -0.40 | FPS: 8172.3 | Var: dueling
Step: 974848 | EPS: 0.76 | Rew: -0.42 | FPS: 8490.2 | Var: dueling
Step: 975872 | EPS: 0.76 | Rew: -0.44 | FPS: 7879.4 | Var: dueling
Step: 976896 | EPS: 0.76 | Rew: -0.44 | FPS: 7864.9 | Var: dueling
Step: 977920 | EPS: 0.76 | Rew: -0.43 | FPS: 8164.7 | Var: dueling
Step: 978944 | EPS: 0.76 | Rew: -0.44 | FPS: 7834.0 | Var: dueling
Step: 979968 | EPS: 0.76 | Rew: -0.44 | FPS: 8429.9 | Var: dueling
Step: 980992 | EPS: 0.76 | Rew: -0.43 | FPS: 7936.7 | Var: dueling
Step: 982016 | EPS: 0.76 | Rew: -0.40 | FPS: 7757.2 | Var: dueling
Step: 983040 | EPS: 0.76 | Rew: -0.36 | FPS: 6618.4 | Var: dueling
Step: 984064 | EPS: 0.76 | Rew: -0.36 | FPS: 6778.1 | Var: dueling
Step: 985088 | EPS: 0.76 | Rew: -0.33 | FPS: 7584.0 | Var: dueling
Step: 986112 | EPS: 0.76 | Rew: -0.35 | FPS: 6790.9 | Var: dueling
Step: 987136 | EPS: 0.76 | Rew: -0.38 | FPS: 7793.2 | Var: dueling
Step: 988160 | EPS: 0.76 | Rew: -0.37 | FPS: 5221.8 | Var: dueling
Step: 989184 | EPS: 0.76 | Rew: -0.41 | FPS: 7799.5 | Var: dueling
Step: 990208 | EPS: 0.76 | Rew: -0.41 | FPS: 7939.7 | Var: dueling
Step: 991232 | EPS: 0.76 | Rew: -0.39 | FPS: 8174.8 | Var: dueling
Step: 992256 | EPS: 0.76 | Rew: -0.40 | FPS: 7967.7 | Var: dueling
Step: 993280 | EPS: 0.76 | Rew: -0.40 | FPS: 8131.1 | Var: dueling
Step: 994304 | EPS: 0.76 | Rew: -0.41 | FPS: 8108.4 | Var: dueling
Step: 995328 | EPS: 0.76 | Rew: -0.43 | FPS: 8190.5 | Var: dueling
Step: 996352 | EPS: 0.76 | Rew: -0.43 | FPS: 8222.4 | Var: dueling
Step: 997376 | EPS: 0.76 | Rew: -0.43 | FPS: 8069.1 | Var: dueling
Step: 998400 | EPS: 0.76 | Rew: -0.35 | FPS: 7685.2 | Var: dueling
Step: 999424 | EPS: 0.76 | Rew: -0.34 | FPS: 8083.6 | Var: dueling
Step: 1000448 | EPS: 0.75 | Rew: -0.32 | FPS: 8013.1 | Var: dueling
Step: 1001472 | EPS: 0.75 | Rew: -0.30 | FPS: 8053.4 | Var: dueling
Step: 1002496 | EPS: 0.75 | Rew: -0.29 | FPS: 7984.8 | Var: dueling
Step: 1003520 | EPS: 0.75 | Rew: -0.38 | FPS: 7877.5 | Var: dueling
Step: 1004544 | EPS: 0.75 | Rew: -0.34 | FPS: 7930.3 | Var: dueling
Step: 1005568 | EPS: 0.75 | Rew: -0.37 | FPS: 8178.5 | Var: dueling
Step: 1006592 | EPS: 0.75 | Rew: -0.40 | FPS: 8053.1 | Var: dueling
Step: 1007616 | EPS: 0.75 | Rew: -0.39 | FPS: 8004.1 | Var: dueling
Step: 1008640 | EPS: 0.75 | Rew: -0.37 | FPS: 8301.2 | Var: dueling
Step: 1009664 | EPS: 0.75 | Rew: -0.41 | FPS: 8098.9 | Var: dueling
Step: 1010688 | EPS: 0.75 | Rew: -0.39 | FPS: 7641.4 | Var: dueling
Step: 1011712 | EPS: 0.75 | Rew: -0.39 | FPS: 8100.9 | Var: dueling
Step: 1012736 | EPS: 0.75 | Rew: -0.38 | FPS: 8098.0 | Var: dueling
Step: 1013760 | EPS: 0.75 | Rew: -0.38 | FPS: 7680.7 | Var: dueling
Step: 1014784 | EPS: 0.75 | Rew: -0.38 | FPS: 7943.4 | Var: dueling
Step: 1015808 | EPS: 0.75 | Rew: -0.39 | FPS: 7880.3 | Var: dueling
Step: 1016832 | EPS: 0.75 | Rew: -0.35 | FPS: 7731.7 | Var: dueling
Step: 1017856 | EPS: 0.75 | Rew: -0.36 | FPS: 7737.8 | Var: dueling
Step: 1018880 | EPS: 0.75 | Rew: -0.33 | FPS: 6362.5 | Var: dueling
Step: 1019904 | EPS: 0.75 | Rew: -0.36 | FPS: 8075.5 | Var: dueling
Step: 1020928 | EPS: 0.75 | Rew: -0.36 | FPS: 5295.2 | Var: dueling
Step: 1021952 | EPS: 0.75 | Rew: -0.39 | FPS: 8332.5 | Var: dueling
Step: 1022976 | EPS: 0.75 | Rew: -0.38 | FPS: 8240.3 | Var: dueling
Step: 1024000 | EPS: 0.75 | Rew: -0.42 | FPS: 8571.8 | Var: dueling
Step: 1025024 | EPS: 0.75 | Rew: -0.40 | FPS: 8415.6 | Var: dueling
Step: 1026048 | EPS: 0.75 | Rew: -0.41 | FPS: 8599.8 | Var: dueling
Step: 1027072 | EPS: 0.75 | Rew: -0.37 | FPS: 7999.9 | Var: dueling
Step: 1028096 | EPS: 0.75 | Rew: -0.38 | FPS: 7882.3 | Var: dueling
Step: 1029120 | EPS: 0.75 | Rew: -0.36 | FPS: 8040.3 | Var: dueling
Step: 1030144 | EPS: 0.75 | Rew: -0.38 | FPS: 7869.0 | Var: dueling
Step: 1031168 | EPS: 0.75 | Rew: -0.37 | FPS: 8042.2 | Var: dueling
Step: 1032192 | EPS: 0.75 | Rew: -0.42 | FPS: 6995.0 | Var: dueling
Step: 1033216 | EPS: 0.75 | Rew: -0.43 | FPS: 8101.6 | Var: dueling
Step: 1034240 | EPS: 0.75 | Rew: -0.47 | FPS: 7959.5 | Var: dueling
Step: 1035264 | EPS: 0.75 | Rew: -0.45 | FPS: 7936.6 | Var: dueling
Step: 1036288 | EPS: 0.75 | Rew: -0.45 | FPS: 7948.3 | Var: dueling
Step: 1037312 | EPS: 0.75 | Rew: -0.42 | FPS: 8018.5 | Var: dueling
Step: 1038336 | EPS: 0.75 | Rew: -0.38 | FPS: 7876.9 | Var: dueling
Step: 1039360 | EPS: 0.75 | Rew: -0.36 | FPS: 7978.6 | Var: dueling
Step: 1040384 | EPS: 0.75 | Rew: -0.38 | FPS: 8054.9 | Var: dueling
Step: 1041408 | EPS: 0.74 | Rew: -0.41 | FPS: 7968.1 | Var: dueling
Step: 1042432 | EPS: 0.74 | Rew: -0.42 | FPS: 8116.1 | Var: dueling
Step: 1043456 | EPS: 0.74 | Rew: -0.41 | FPS: 7971.5 | Var: dueling
Step: 1044480 | EPS: 0.74 | Rew: -0.43 | FPS: 8026.1 | Var: dueling
Step: 1045504 | EPS: 0.74 | Rew: -0.39 | FPS: 8037.9 | Var: dueling
Step: 1046528 | EPS: 0.74 | Rew: -0.36 | FPS: 7957.1 | Var: dueling
Step: 1047552 | EPS: 0.74 | Rew: -0.36 | FPS: 8415.6 | Var: dueling
Step: 1048576 | EPS: 0.74 | Rew: -0.32 | FPS: 7989.3 | Var: dueling
Step: 1049600 | EPS: 0.74 | Rew: -0.32 | FPS: 8005.5 | Var: dueling
Step: 1050624 | EPS: 0.74 | Rew: -0.37 | FPS: 8028.5 | Var: dueling
Step: 1051648 | EPS: 0.74 | Rew: -0.39 | FPS: 8025.8 | Var: dueling
Step: 1052672 | EPS: 0.74 | Rew: -0.39 | FPS: 8040.6 | Var: dueling
Step: 1053696 | EPS: 0.74 | Rew: -0.41 | FPS: 5238.7 | Var: dueling
Step: 1054720 | EPS: 0.74 | Rew: -0.41 | FPS: 8147.1 | Var: dueling
Step: 1055744 | EPS: 0.74 | Rew: -0.36 | FPS: 7676.1 | Var: dueling
Step: 1056768 | EPS: 0.74 | Rew: -0.36 | FPS: 8488.6 | Var: dueling
Step: 1057792 | EPS: 0.74 | Rew: -0.37 | FPS: 8404.1 | Var: dueling
Step: 1058816 | EPS: 0.74 | Rew: -0.33 | FPS: 8500.7 | Var: dueling
Step: 1059840 | EPS: 0.74 | Rew: -0.36 | FPS: 8192.9 | Var: dueling
Step: 1060864 | EPS: 0.74 | Rew: -0.35 | FPS: 7002.2 | Var: dueling
Step: 1061888 | EPS: 0.74 | Rew: -0.30 | FPS: 7715.8 | Var: dueling
Step: 1062912 | EPS: 0.74 | Rew: -0.30 | FPS: 8113.5 | Var: dueling
Step: 1063936 | EPS: 0.74 | Rew: -0.31 | FPS: 8143.8 | Var: dueling
Step: 1064960 | EPS: 0.74 | Rew: -0.30 | FPS: 8022.2 | Var: dueling
Step: 1065984 | EPS: 0.74 | Rew: -0.29 | FPS: 8079.9 | Var: dueling
Step: 1067008 | EPS: 0.74 | Rew: -0.34 | FPS: 7869.9 | Var: dueling
Step: 1068032 | EPS: 0.74 | Rew: -0.36 | FPS: 8173.8 | Var: dueling
Step: 1069056 | EPS: 0.74 | Rew: -0.37 | FPS: 8027.2 | Var: dueling
Step: 1070080 | EPS: 0.74 | Rew: -0.41 | FPS: 7887.9 | Var: dueling
Step: 1071104 | EPS: 0.74 | Rew: -0.40 | FPS: 6747.6 | Var: dueling
Step: 1072128 | EPS: 0.74 | Rew: -0.40 | FPS: 6842.7 | Var: dueling
Step: 1073152 | EPS: 0.74 | Rew: -0.37 | FPS: 7900.7 | Var: dueling
Step: 1074176 | EPS: 0.74 | Rew: -0.33 | FPS: 7918.5 | Var: dueling
Step: 1075200 | EPS: 0.74 | Rew: -0.33 | FPS: 8495.9 | Var: dueling
Step: 1076224 | EPS: 0.74 | Rew: -0.33 | FPS: 8108.1 | Var: dueling
Step: 1077248 | EPS: 0.74 | Rew: -0.30 | FPS: 8060.4 | Var: dueling
Step: 1078272 | EPS: 0.74 | Rew: -0.33 | FPS: 8238.8 | Var: dueling
Step: 1079296 | EPS: 0.74 | Rew: -0.34 | FPS: 8553.1 | Var: dueling
Step: 1080320 | EPS: 0.74 | Rew: -0.30 | FPS: 7677.3 | Var: dueling
Step: 1081344 | EPS: 0.74 | Rew: -0.29 | FPS: 8094.1 | Var: dueling
Step: 1082368 | EPS: 0.73 | Rew: -0.30 | FPS: 8092.8 | Var: dueling
Step: 1083392 | EPS: 0.73 | Rew: -0.29 | FPS: 7930.1 | Var: dueling
Step: 1084416 | EPS: 0.73 | Rew: -0.31 | FPS: 7977.2 | Var: dueling
Step: 1085440 | EPS: 0.73 | Rew: -0.35 | FPS: 7355.1 | Var: dueling
Step: 1086464 | EPS: 0.73 | Rew: -0.38 | FPS: 7864.0 | Var: dueling
Step: 1087488 | EPS: 0.73 | Rew: -0.36 | FPS: 7756.8 | Var: dueling
Step: 1088512 | EPS: 0.73 | Rew: -0.39 | FPS: 7937.5 | Var: dueling
Step: 1089536 | EPS: 0.73 | Rew: -0.40 | FPS: 8224.5 | Var: dueling
Step: 1090560 | EPS: 0.73 | Rew: -0.39 | FPS: 8278.5 | Var: dueling
Step: 1091584 | EPS: 0.73 | Rew: -0.41 | FPS: 6517.4 | Var: dueling
Step: 1092608 | EPS: 0.73 | Rew: -0.43 | FPS: 8244.0 | Var: dueling
Step: 1093632 | EPS: 0.73 | Rew: -0.41 | FPS: 7827.0 | Var: dueling
Step: 1094656 | EPS: 0.73 | Rew: -0.37 | FPS: 8043.9 | Var: dueling
Step: 1095680 | EPS: 0.73 | Rew: -0.36 | FPS: 8303.5 | Var: dueling
Step: 1096704 | EPS: 0.73 | Rew: -0.31 | FPS: 7758.3 | Var: dueling
Step: 1097728 | EPS: 0.73 | Rew: -0.29 | FPS: 8023.9 | Var: dueling
Step: 1098752 | EPS: 0.73 | Rew: -0.29 | FPS: 7768.2 | Var: dueling
Step: 1099776 | EPS: 0.73 | Rew: -0.29 | FPS: 7938.7 | Var: dueling
Step: 1100800 | EPS: 0.73 | Rew: -0.29 | FPS: 7837.6 | Var: dueling
Step: 1101824 | EPS: 0.73 | Rew: -0.31 | FPS: 6780.4 | Var: dueling
Step: 1102848 | EPS: 0.73 | Rew: -0.37 | FPS: 7553.4 | Var: dueling
Step: 1103872 | EPS: 0.73 | Rew: -0.38 | FPS: 8596.3 | Var: dueling
Step: 1104896 | EPS: 0.73 | Rew: -0.36 | FPS: 8466.8 | Var: dueling
Step: 1105920 | EPS: 0.73 | Rew: -0.40 | FPS: 7775.7 | Var: dueling
Step: 1106944 | EPS: 0.73 | Rew: -0.37 | FPS: 7963.2 | Var: dueling
Step: 1107968 | EPS: 0.73 | Rew: -0.39 | FPS: 8136.1 | Var: dueling
Step: 1108992 | EPS: 0.73 | Rew: -0.37 | FPS: 8070.6 | Var: dueling
Step: 1110016 | EPS: 0.73 | Rew: -0.38 | FPS: 8083.3 | Var: dueling
Step: 1111040 | EPS: 0.73 | Rew: -0.40 | FPS: 8153.8 | Var: dueling
Step: 1112064 | EPS: 0.73 | Rew: -0.35 | FPS: 7944.7 | Var: dueling
Step: 1113088 | EPS: 0.73 | Rew: -0.34 | FPS: 8504.9 | Var: dueling
Step: 1114112 | EPS: 0.73 | Rew: -0.34 | FPS: 8590.8 | Var: dueling
Step: 1115136 | EPS: 0.73 | Rew: -0.32 | FPS: 8312.6 | Var: dueling
Step: 1116160 | EPS: 0.73 | Rew: -0.33 | FPS: 8173.5 | Var: dueling
Step: 1117184 | EPS: 0.73 | Rew: -0.35 | FPS: 8070.1 | Var: dueling
Step: 1118208 | EPS: 0.73 | Rew: -0.35 | FPS: 8048.5 | Var: dueling
Step: 1119232 | EPS: 0.73 | Rew: -0.37 | FPS: 5670.2 | Var: dueling
Step: 1120256 | EPS: 0.73 | Rew: -0.37 | FPS: 7887.8 | Var: dueling
Step: 1121280 | EPS: 0.73 | Rew: -0.37 | FPS: 8118.9 | Var: dueling
Step: 1122304 | EPS: 0.73 | Rew: -0.33 | FPS: 8089.1 | Var: dueling
Step: 1123328 | EPS: 0.72 | Rew: -0.31 | FPS: 7956.2 | Var: dueling
Step: 1124352 | EPS: 0.72 | Rew: -0.36 | FPS: 8200.9 | Var: dueling
Step: 1125376 | EPS: 0.72 | Rew: -0.32 | FPS: 7757.3 | Var: dueling
Step: 1126400 | EPS: 0.72 | Rew: -0.33 | FPS: 8023.1 | Var: dueling
Step: 1127424 | EPS: 0.72 | Rew: -0.38 | FPS: 8033.3 | Var: dueling
Step: 1128448 | EPS: 0.72 | Rew: -0.37 | FPS: 7799.3 | Var: dueling
Step: 1129472 | EPS: 0.72 | Rew: -0.33 | FPS: 8074.0 | Var: dueling
Step: 1130496 | EPS: 0.72 | Rew: -0.35 | FPS: 8010.5 | Var: dueling
Step: 1131520 | EPS: 0.72 | Rew: -0.35 | FPS: 8037.0 | Var: dueling
Step: 1132544 | EPS: 0.72 | Rew: -0.30 | FPS: 7714.8 | Var: dueling
Step: 1133568 | EPS: 0.72 | Rew: -0.28 | FPS: 6646.1 | Var: dueling
Step: 1134592 | EPS: 0.72 | Rew: -0.32 | FPS: 4959.7 | Var: dueling
Step: 1135616 | EPS: 0.72 | Rew: -0.31 | FPS: 6601.4 | Var: dueling
Step: 1136640 | EPS: 0.72 | Rew: -0.34 | FPS: 7195.5 | Var: dueling
Step: 1137664 | EPS: 0.72 | Rew: -0.36 | FPS: 8233.3 | Var: dueling
Step: 1138688 | EPS: 0.72 | Rew: -0.37 | FPS: 8096.3 | Var: dueling
Step: 1139712 | EPS: 0.72 | Rew: -0.35 | FPS: 7887.0 | Var: dueling
Step: 1140736 | EPS: 0.72 | Rew: -0.29 | FPS: 8392.6 | Var: dueling
Step: 1141760 | EPS: 0.72 | Rew: -0.29 | FPS: 8015.6 | Var: dueling
Step: 1142784 | EPS: 0.72 | Rew: -0.30 | FPS: 7880.0 | Var: dueling
Step: 1143808 | EPS: 0.72 | Rew: -0.30 | FPS: 7966.1 | Var: dueling
Step: 1144832 | EPS: 0.72 | Rew: -0.28 | FPS: 7841.8 | Var: dueling
Step: 1145856 | EPS: 0.72 | Rew: -0.32 | FPS: 7688.7 | Var: dueling
Step: 1146880 | EPS: 0.72 | Rew: -0.33 | FPS: 8497.7 | Var: dueling
Step: 1147904 | EPS: 0.72 | Rew: -0.27 | FPS: 8297.6 | Var: dueling
Step: 1148928 | EPS: 0.72 | Rew: -0.27 | FPS: 7643.8 | Var: dueling
Step: 1149952 | EPS: 0.72 | Rew: -0.29 | FPS: 8125.3 | Var: dueling
Step: 1150976 | EPS: 0.72 | Rew: -0.33 | FPS: 5105.6 | Var: dueling
Step: 1152000 | EPS: 0.72 | Rew: -0.35 | FPS: 8044.5 | Var: dueling
Step: 1153024 | EPS: 0.72 | Rew: -0.37 | FPS: 7774.1 | Var: dueling
Step: 1154048 | EPS: 0.72 | Rew: -0.38 | FPS: 8127.2 | Var: dueling
Step: 1155072 | EPS: 0.72 | Rew: -0.40 | FPS: 8036.1 | Var: dueling
Step: 1156096 | EPS: 0.72 | Rew: -0.37 | FPS: 8386.0 | Var: dueling
Step: 1157120 | EPS: 0.72 | Rew: -0.36 | FPS: 8089.9 | Var: dueling
Step: 1158144 | EPS: 0.72 | Rew: -0.39 | FPS: 8203.3 | Var: dueling
Step: 1159168 | EPS: 0.72 | Rew: -0.37 | FPS: 7947.0 | Var: dueling
Step: 1160192 | EPS: 0.72 | Rew: -0.31 | FPS: 8240.8 | Var: dueling
Step: 1161216 | EPS: 0.72 | Rew: -0.32 | FPS: 8315.2 | Var: dueling
Step: 1162240 | EPS: 0.72 | Rew: -0.28 | FPS: 8576.5 | Var: dueling
Step: 1163264 | EPS: 0.72 | Rew: -0.29 | FPS: 8273.7 | Var: dueling
Step: 1164288 | EPS: 0.71 | Rew: -0.31 | FPS: 8043.6 | Var: dueling
Step: 1165312 | EPS: 0.71 | Rew: -0.31 | FPS: 7916.5 | Var: dueling
Step: 1166336 | EPS: 0.71 | Rew: -0.28 | FPS: 7835.9 | Var: dueling
Step: 1167360 | EPS: 0.71 | Rew: -0.32 | FPS: 7975.2 | Var: dueling
Step: 1168384 | EPS: 0.71 | Rew: -0.32 | FPS: 8106.6 | Var: dueling
Step: 1169408 | EPS: 0.71 | Rew: -0.36 | FPS: 6774.3 | Var: dueling
Step: 1170432 | EPS: 0.71 | Rew: -0.34 | FPS: 7762.0 | Var: dueling
Step: 1171456 | EPS: 0.71 | Rew: -0.29 | FPS: 7731.2 | Var: dueling
Step: 1172480 | EPS: 0.71 | Rew: -0.27 | FPS: 8371.5 | Var: dueling
Step: 1173504 | EPS: 0.71 | Rew: -0.23 | FPS: 7931.6 | Var: dueling
Step: 1174528 | EPS: 0.71 | Rew: -0.24 | FPS: 6842.2 | Var: dueling
Step: 1175552 | EPS: 0.71 | Rew: -0.25 | FPS: 7915.4 | Var: dueling
Step: 1176576 | EPS: 0.71 | Rew: -0.25 | FPS: 7947.6 | Var: dueling
Step: 1177600 | EPS: 0.71 | Rew: -0.32 | FPS: 8193.1 | Var: dueling
Step: 1178624 | EPS: 0.71 | Rew: -0.35 | FPS: 8322.1 | Var: dueling
Step: 1179648 | EPS: 0.71 | Rew: -0.28 | FPS: 8082.8 | Var: dueling
Step: 1180672 | EPS: 0.71 | Rew: -0.27 | FPS: 7850.9 | Var: dueling
Step: 1181696 | EPS: 0.71 | Rew: -0.26 | FPS: 8151.3 | Var: dueling
Step: 1182720 | EPS: 0.71 | Rew: -0.23 | FPS: 5109.4 | Var: dueling
Step: 1183744 | EPS: 0.71 | Rew: -0.24 | FPS: 7714.3 | Var: dueling
Step: 1184768 | EPS: 0.71 | Rew: -0.29 | FPS: 8040.1 | Var: dueling
Step: 1185792 | EPS: 0.71 | Rew: -0.31 | FPS: 7591.3 | Var: dueling
Step: 1186816 | EPS: 0.71 | Rew: -0.31 | FPS: 8467.0 | Var: dueling
Step: 1187840 | EPS: 0.71 | Rew: -0.32 | FPS: 8131.4 | Var: dueling
Step: 1188864 | EPS: 0.71 | Rew: -0.34 | FPS: 7774.4 | Var: dueling
Step: 1189888 | EPS: 0.71 | Rew: -0.34 | FPS: 8082.0 | Var: dueling
Step: 1190912 | EPS: 0.71 | Rew: -0.27 | FPS: 8512.6 | Var: dueling
Step: 1191936 | EPS: 0.71 | Rew: -0.33 | FPS: 7758.7 | Var: dueling
Step: 1192960 | EPS: 0.71 | Rew: -0.29 | FPS: 7782.6 | Var: dueling
Step: 1193984 | EPS: 0.71 | Rew: -0.25 | FPS: 7977.3 | Var: dueling
Step: 1195008 | EPS: 0.71 | Rew: -0.25 | FPS: 7819.3 | Var: dueling
Step: 1196032 | EPS: 0.71 | Rew: -0.30 | FPS: 8039.8 | Var: dueling
Step: 1197056 | EPS: 0.71 | Rew: -0.25 | FPS: 7809.8 | Var: dueling
Step: 1198080 | EPS: 0.71 | Rew: -0.29 | FPS: 8087.2 | Var: dueling
Step: 1199104 | EPS: 0.71 | Rew: -0.32 | FPS: 5090.3 | Var: dueling
Step: 1200128 | EPS: 0.71 | Rew: -0.27 | FPS: 7843.9 | Var: dueling
Step: 1201152 | EPS: 0.71 | Rew: -0.29 | FPS: 8122.1 | Var: dueling
Step: 1202176 | EPS: 0.71 | Rew: -0.35 | FPS: 8068.7 | Var: dueling
Step: 1203200 | EPS: 0.71 | Rew: -0.31 | FPS: 7937.3 | Var: dueling
Step: 1204224 | EPS: 0.70 | Rew: -0.30 | FPS: 7901.9 | Var: dueling
Step: 1205248 | EPS: 0.70 | Rew: -0.35 | FPS: 7728.5 | Var: dueling
Step: 1206272 | EPS: 0.70 | Rew: -0.31 | FPS: 8078.1 | Var: dueling
Step: 1207296 | EPS: 0.70 | Rew: -0.33 | FPS: 8083.5 | Var: dueling
Step: 1208320 | EPS: 0.70 | Rew: -0.32 | FPS: 8192.9 | Var: dueling
Step: 1209344 | EPS: 0.70 | Rew: -0.28 | FPS: 7778.9 | Var: dueling
Step: 1210368 | EPS: 0.70 | Rew: -0.25 | FPS: 7954.6 | Var: dueling
Step: 1211392 | EPS: 0.70 | Rew: -0.28 | FPS: 7760.6 | Var: dueling
Step: 1212416 | EPS: 0.70 | Rew: -0.29 | FPS: 8028.0 | Var: dueling
Step: 1213440 | EPS: 0.70 | Rew: -0.31 | FPS: 7941.5 | Var: dueling
Step: 1214464 | EPS: 0.70 | Rew: -0.35 | FPS: 7729.7 | Var: dueling
Step: 1215488 | EPS: 0.70 | Rew: -0.35 | FPS: 8048.4 | Var: dueling
Step: 1216512 | EPS: 0.70 | Rew: -0.28 | FPS: 7840.8 | Var: dueling
Step: 1217536 | EPS: 0.70 | Rew: -0.26 | FPS: 7972.2 | Var: dueling
Step: 1218560 | EPS: 0.70 | Rew: -0.26 | FPS: 7767.1 | Var: dueling
Step: 1219584 | EPS: 0.70 | Rew: -0.25 | FPS: 8109.6 | Var: dueling
Step: 1220608 | EPS: 0.70 | Rew: -0.27 | FPS: 8004.1 | Var: dueling
Step: 1221632 | EPS: 0.70 | Rew: -0.25 | FPS: 8421.3 | Var: dueling
Step: 1222656 | EPS: 0.70 | Rew: -0.25 | FPS: 8187.1 | Var: dueling
Step: 1223680 | EPS: 0.70 | Rew: -0.27 | FPS: 7970.8 | Var: dueling
Step: 1224704 | EPS: 0.70 | Rew: -0.28 | FPS: 7589.9 | Var: dueling
Step: 1225728 | EPS: 0.70 | Rew: -0.29 | FPS: 7826.2 | Var: dueling
Step: 1226752 | EPS: 0.70 | Rew: -0.34 | FPS: 6570.7 | Var: dueling
Step: 1227776 | EPS: 0.70 | Rew: -0.32 | FPS: 7649.0 | Var: dueling
Step: 1228800 | EPS: 0.70 | Rew: -0.29 | FPS: 6214.5 | Var: dueling
Step: 1229824 | EPS: 0.70 | Rew: -0.26 | FPS: 6019.1 | Var: dueling
Step: 1230848 | EPS: 0.70 | Rew: -0.28 | FPS: 5052.4 | Var: dueling
Step: 1231872 | EPS: 0.70 | Rew: -0.18 | FPS: 8541.8 | Var: dueling
>>> [Best] Saved -> agent/checkpoints/dueling_pretrain.pth | Rew -0.18
Step: 1232896 | EPS: 0.70 | Rew: -0.24 | FPS: 7826.2 | Var: dueling
Step: 1233920 | EPS: 0.70 | Rew: -0.26 | FPS: 7850.7 | Var: dueling
Step: 1234944 | EPS: 0.70 | Rew: -0.23 | FPS: 8052.3 | Var: dueling
Step: 1235968 | EPS: 0.70 | Rew: -0.23 | FPS: 8089.8 | Var: dueling
Step: 1236992 | EPS: 0.70 | Rew: -0.28 | FPS: 8122.7 | Var: dueling
Step: 1238016 | EPS: 0.70 | Rew: -0.28 | FPS: 8003.8 | Var: dueling
Step: 1239040 | EPS: 0.70 | Rew: -0.30 | FPS: 8103.5 | Var: dueling
Step: 1240064 | EPS: 0.70 | Rew: -0.29 | FPS: 8102.9 | Var: dueling
Step: 1241088 | EPS: 0.70 | Rew: -0.32 | FPS: 8015.3 | Var: dueling
Step: 1242112 | EPS: 0.70 | Rew: -0.29 | FPS: 6972.5 | Var: dueling
Step: 1243136 | EPS: 0.70 | Rew: -0.28 | FPS: 7651.9 | Var: dueling
Step: 1244160 | EPS: 0.70 | Rew: -0.26 | FPS: 6656.4 | Var: dueling
Step: 1245184 | EPS: 0.69 | Rew: -0.22 | FPS: 7703.1 | Var: dueling
Step: 1246208 | EPS: 0.69 | Rew: -0.20 | FPS: 7366.6 | Var: dueling
Step: 1247232 | EPS: 0.69 | Rew: -0.21 | FPS: 6413.2 | Var: dueling
Step: 1248256 | EPS: 0.69 | Rew: -0.25 | FPS: 5776.7 | Var: dueling
Step: 1249280 | EPS: 0.69 | Rew: -0.22 | FPS: 7539.3 | Var: dueling
Step: 1250304 | EPS: 0.69 | Rew: -0.23 | FPS: 6869.4 | Var: dueling
Step: 1251328 | EPS: 0.69 | Rew: -0.26 | FPS: 8063.0 | Var: dueling
Step: 1252352 | EPS: 0.69 | Rew: -0.28 | FPS: 7969.6 | Var: dueling
Step: 1253376 | EPS: 0.69 | Rew: -0.30 | FPS: 8218.3 | Var: dueling
Step: 1254400 | EPS: 0.69 | Rew: -0.29 | FPS: 8010.1 | Var: dueling
Step: 1255424 | EPS: 0.69 | Rew: -0.34 | FPS: 7791.3 | Var: dueling
Step: 1256448 | EPS: 0.69 | Rew: -0.33 | FPS: 7977.8 | Var: dueling
Step: 1257472 | EPS: 0.69 | Rew: -0.28 | FPS: 7928.3 | Var: dueling
Step: 1258496 | EPS: 0.69 | Rew: -0.28 | FPS: 8204.5 | Var: dueling
Step: 1259520 | EPS: 0.69 | Rew: -0.29 | FPS: 8178.9 | Var: dueling
Step: 1260544 | EPS: 0.69 | Rew: -0.27 | FPS: 8245.9 | Var: dueling
Step: 1261568 | EPS: 0.69 | Rew: -0.27 | FPS: 7998.7 | Var: dueling
Step: 1262592 | EPS: 0.69 | Rew: -0.28 | FPS: 8410.2 | Var: dueling
Step: 1263616 | EPS: 0.69 | Rew: -0.27 | FPS: 5560.8 | Var: dueling
Step: 1264640 | EPS: 0.69 | Rew: -0.24 | FPS: 6493.2 | Var: dueling
Step: 1265664 | EPS: 0.69 | Rew: -0.24 | FPS: 9655.2 | Var: dueling
Step: 1266688 | EPS: 0.69 | Rew: -0.27 | FPS: 8496.3 | Var: dueling
Step: 1267712 | EPS: 0.69 | Rew: -0.29 | FPS: 8257.2 | Var: dueling
Step: 1268736 | EPS: 0.69 | Rew: -0.30 | FPS: 6830.6 | Var: dueling
Step: 1269760 | EPS: 0.69 | Rew: -0.28 | FPS: 8176.2 | Var: dueling
Step: 1270784 | EPS: 0.69 | Rew: -0.28 | FPS: 7547.4 | Var: dueling
Step: 1271808 | EPS: 0.69 | Rew: -0.28 | FPS: 8462.0 | Var: dueling
Step: 1272832 | EPS: 0.69 | Rew: -0.26 | FPS: 8287.7 | Var: dueling
Step: 1273856 | EPS: 0.69 | Rew: -0.25 | FPS: 8494.2 | Var: dueling
Step: 1274880 | EPS: 0.69 | Rew: -0.29 | FPS: 8311.2 | Var: dueling
Step: 1275904 | EPS: 0.69 | Rew: -0.30 | FPS: 8158.7 | Var: dueling
Step: 1276928 | EPS: 0.69 | Rew: -0.32 | FPS: 8207.1 | Var: dueling
Step: 1277952 | EPS: 0.69 | Rew: -0.29 | FPS: 8068.3 | Var: dueling
Step: 1278976 | EPS: 0.69 | Rew: -0.29 | FPS: 7738.7 | Var: dueling
Step: 1280000 | EPS: 0.69 | Rew: -0.22 | FPS: 5785.2 | Var: dueling
Step: 1281024 | EPS: 0.69 | Rew: -0.20 | FPS: 7240.4 | Var: dueling
Step: 1282048 | EPS: 0.69 | Rew: -0.21 | FPS: 7991.6 | Var: dueling
Step: 1283072 | EPS: 0.69 | Rew: -0.17 | FPS: 7942.8 | Var: dueling
Step: 1284096 | EPS: 0.69 | Rew: -0.20 | FPS: 7965.5 | Var: dueling
Step: 1285120 | EPS: 0.69 | Rew: -0.22 | FPS: 7840.8 | Var: dueling
Step: 1286144 | EPS: 0.68 | Rew: -0.21 | FPS: 8081.7 | Var: dueling
Step: 1287168 | EPS: 0.68 | Rew: -0.25 | FPS: 8181.7 | Var: dueling
Step: 1288192 | EPS: 0.68 | Rew: -0.24 | FPS: 7941.9 | Var: dueling
Step: 1289216 | EPS: 0.68 | Rew: -0.20 | FPS: 8056.1 | Var: dueling
Step: 1290240 | EPS: 0.68 | Rew: -0.22 | FPS: 7836.0 | Var: dueling
Step: 1291264 | EPS: 0.68 | Rew: -0.21 | FPS: 7877.3 | Var: dueling
Step: 1292288 | EPS: 0.68 | Rew: -0.19 | FPS: 7475.4 | Var: dueling
Step: 1293312 | EPS: 0.68 | Rew: -0.27 | FPS: 8247.4 | Var: dueling
Step: 1294336 | EPS: 0.68 | Rew: -0.29 | FPS: 7900.8 | Var: dueling
Step: 1295360 | EPS: 0.68 | Rew: -0.31 | FPS: 5481.5 | Var: dueling
Step: 1296384 | EPS: 0.68 | Rew: -0.36 | FPS: 7992.9 | Var: dueling
Step: 1297408 | EPS: 0.68 | Rew: -0.29 | FPS: 8113.4 | Var: dueling
Step: 1298432 | EPS: 0.68 | Rew: -0.30 | FPS: 8134.5 | Var: dueling
Step: 1299456 | EPS: 0.68 | Rew: -0.28 | FPS: 8100.5 | Var: dueling
Step: 1300480 | EPS: 0.68 | Rew: -0.28 | FPS: 8092.0 | Var: dueling
Step: 1301504 | EPS: 0.68 | Rew: -0.27 | FPS: 8061.6 | Var: dueling
Step: 1302528 | EPS: 0.68 | Rew: -0.30 | FPS: 7984.0 | Var: dueling
Step: 1303552 | EPS: 0.68 | Rew: -0.28 | FPS: 7913.2 | Var: dueling
Step: 1304576 | EPS: 0.68 | Rew: -0.25 | FPS: 7874.7 | Var: dueling
Step: 1305600 | EPS: 0.68 | Rew: -0.23 | FPS: 7701.4 | Var: dueling
Step: 1306624 | EPS: 0.68 | Rew: -0.26 | FPS: 7749.2 | Var: dueling
Step: 1307648 | EPS: 0.68 | Rew: -0.26 | FPS: 8065.6 | Var: dueling
Step: 1308672 | EPS: 0.68 | Rew: -0.26 | FPS: 8282.2 | Var: dueling
Step: 1309696 | EPS: 0.68 | Rew: -0.26 | FPS: 8161.2 | Var: dueling
Step: 1310720 | EPS: 0.68 | Rew: -0.25 | FPS: 7538.3 | Var: dueling
Step: 1311744 | EPS: 0.68 | Rew: -0.21 | FPS: 5501.1 | Var: dueling
Step: 1312768 | EPS: 0.68 | Rew: -0.23 | FPS: 8031.1 | Var: dueling
Step: 1313792 | EPS: 0.68 | Rew: -0.26 | FPS: 7775.0 | Var: dueling
Step: 1314816 | EPS: 0.68 | Rew: -0.29 | FPS: 7881.8 | Var: dueling
Step: 1315840 | EPS: 0.68 | Rew: -0.29 | FPS: 7912.1 | Var: dueling
Step: 1316864 | EPS: 0.68 | Rew: -0.28 | FPS: 7945.0 | Var: dueling
Step: 1317888 | EPS: 0.68 | Rew: -0.26 | FPS: 6906.2 | Var: dueling
Step: 1318912 | EPS: 0.68 | Rew: -0.24 | FPS: 8009.3 | Var: dueling
Step: 1319936 | EPS: 0.68 | Rew: -0.26 | FPS: 7717.7 | Var: dueling
Step: 1320960 | EPS: 0.68 | Rew: -0.33 | FPS: 8008.8 | Var: dueling
Step: 1321984 | EPS: 0.68 | Rew: -0.32 | FPS: 8070.2 | Var: dueling
Step: 1323008 | EPS: 0.68 | Rew: -0.24 | FPS: 7562.3 | Var: dueling
Step: 1324032 | EPS: 0.68 | Rew: -0.27 | FPS: 8271.1 | Var: dueling
Step: 1325056 | EPS: 0.68 | Rew: -0.24 | FPS: 8227.1 | Var: dueling
Step: 1326080 | EPS: 0.68 | Rew: -0.29 | FPS: 8017.1 | Var: dueling
Step: 1327104 | EPS: 0.67 | Rew: -0.31 | FPS: 5687.7 | Var: dueling
Step: 1328128 | EPS: 0.67 | Rew: -0.32 | FPS: 7237.7 | Var: dueling
Step: 1329152 | EPS: 0.67 | Rew: -0.29 | FPS: 8053.9 | Var: dueling
Step: 1330176 | EPS: 0.67 | Rew: -0.25 | FPS: 8117.8 | Var: dueling
Step: 1331200 | EPS: 0.67 | Rew: -0.24 | FPS: 8109.1 | Var: dueling
Step: 1332224 | EPS: 0.67 | Rew: -0.24 | FPS: 8043.0 | Var: dueling
Step: 1333248 | EPS: 0.67 | Rew: -0.19 | FPS: 7833.7 | Var: dueling
Step: 1334272 | EPS: 0.67 | Rew: -0.15 | FPS: 8145.6 | Var: dueling
Step: 1335296 | EPS: 0.67 | Rew: -0.16 | FPS: 7966.3 | Var: dueling
Step: 1336320 | EPS: 0.67 | Rew: -0.12 | FPS: 8108.9 | Var: dueling
Step: 1337344 | EPS: 0.67 | Rew: -0.17 | FPS: 8002.6 | Var: dueling
Step: 1338368 | EPS: 0.67 | Rew: -0.21 | FPS: 7637.8 | Var: dueling
Step: 1339392 | EPS: 0.67 | Rew: -0.28 | FPS: 7958.8 | Var: dueling
Step: 1340416 | EPS: 0.67 | Rew: -0.31 | FPS: 7788.5 | Var: dueling
Step: 1341440 | EPS: 0.67 | Rew: -0.32 | FPS: 7826.1 | Var: dueling
Step: 1342464 | EPS: 0.67 | Rew: -0.28 | FPS: 7917.3 | Var: dueling
Step: 1343488 | EPS: 0.67 | Rew: -0.28 | FPS: 7828.1 | Var: dueling
Step: 1344512 | EPS: 0.67 | Rew: -0.24 | FPS: 8083.9 | Var: dueling
Step: 1345536 | EPS: 0.67 | Rew: -0.18 | FPS: 8003.0 | Var: dueling
Step: 1346560 | EPS: 0.67 | Rew: -0.16 | FPS: 8216.4 | Var: dueling
Step: 1347584 | EPS: 0.67 | Rew: -0.17 | FPS: 8039.4 | Var: dueling
Step: 1348608 | EPS: 0.67 | Rew: -0.19 | FPS: 8059.4 | Var: dueling
Step: 1349632 | EPS: 0.67 | Rew: -0.24 | FPS: 7779.6 | Var: dueling
Step: 1350656 | EPS: 0.67 | Rew: -0.21 | FPS: 8025.7 | Var: dueling
Step: 1351680 | EPS: 0.67 | Rew: -0.24 | FPS: 7997.2 | Var: dueling
Step: 1352704 | EPS: 0.67 | Rew: -0.23 | FPS: 8114.7 | Var: dueling
Step: 1353728 | EPS: 0.67 | Rew: -0.21 | FPS: 7893.6 | Var: dueling
Step: 1354752 | EPS: 0.67 | Rew: -0.24 | FPS: 7991.0 | Var: dueling
Step: 1355776 | EPS: 0.67 | Rew: -0.22 | FPS: 8079.5 | Var: dueling
Step: 1356800 | EPS: 0.67 | Rew: -0.19 | FPS: 6638.1 | Var: dueling
Step: 1357824 | EPS: 0.67 | Rew: -0.22 | FPS: 7882.7 | Var: dueling
Step: 1358848 | EPS: 0.67 | Rew: -0.25 | FPS: 8139.4 | Var: dueling
Step: 1359872 | EPS: 0.67 | Rew: -0.22 | FPS: 4614.0 | Var: dueling
Step: 1360896 | EPS: 0.67 | Rew: -0.24 | FPS: 8115.0 | Var: dueling
Step: 1361920 | EPS: 0.67 | Rew: -0.27 | FPS: 7004.3 | Var: dueling
Step: 1362944 | EPS: 0.67 | Rew: -0.27 | FPS: 7707.8 | Var: dueling
Step: 1363968 | EPS: 0.67 | Rew: -0.19 | FPS: 7864.4 | Var: dueling
Step: 1364992 | EPS: 0.67 | Rew: -0.16 | FPS: 7797.2 | Var: dueling
Step: 1366016 | EPS: 0.67 | Rew: -0.11 | FPS: 7299.2 | Var: dueling
Step: 1367040 | EPS: 0.67 | Rew: -0.06 | FPS: 8137.7 | Var: dueling
Step: 1368064 | EPS: 0.66 | Rew: -0.12 | FPS: 7817.2 | Var: dueling
Step: 1369088 | EPS: 0.66 | Rew: -0.19 | FPS: 8171.5 | Var: dueling
Step: 1370112 | EPS: 0.66 | Rew: -0.22 | FPS: 8161.7 | Var: dueling
Step: 1371136 | EPS: 0.66 | Rew: -0.26 | FPS: 8284.2 | Var: dueling
Step: 1372160 | EPS: 0.66 | Rew: -0.20 | FPS: 8068.7 | Var: dueling
Step: 1373184 | EPS: 0.66 | Rew: -0.19 | FPS: 7780.9 | Var: dueling
Step: 1374208 | EPS: 0.66 | Rew: -0.16 | FPS: 7703.5 | Var: dueling
Step: 1375232 | EPS: 0.66 | Rew: -0.17 | FPS: 5183.1 | Var: dueling
Step: 1376256 | EPS: 0.66 | Rew: -0.17 | FPS: 7893.8 | Var: dueling
Step: 1377280 | EPS: 0.66 | Rew: -0.15 | FPS: 8196.8 | Var: dueling
Step: 1378304 | EPS: 0.66 | Rew: -0.17 | FPS: 7779.4 | Var: dueling
Step: 1379328 | EPS: 0.66 | Rew: -0.19 | FPS: 8067.2 | Var: dueling
Step: 1380352 | EPS: 0.66 | Rew: -0.20 | FPS: 8077.4 | Var: dueling
Step: 1381376 | EPS: 0.66 | Rew: -0.21 | FPS: 7991.9 | Var: dueling
Step: 1382400 | EPS: 0.66 | Rew: -0.26 | FPS: 7825.1 | Var: dueling
Step: 1383424 | EPS: 0.66 | Rew: -0.25 | FPS: 7924.2 | Var: dueling
Step: 1384448 | EPS: 0.66 | Rew: -0.24 | FPS: 7951.7 | Var: dueling
Step: 1385472 | EPS: 0.66 | Rew: -0.29 | FPS: 7653.2 | Var: dueling
Step: 1386496 | EPS: 0.66 | Rew: -0.27 | FPS: 7699.1 | Var: dueling
Step: 1387520 | EPS: 0.66 | Rew: -0.22 | FPS: 8219.8 | Var: dueling
Step: 1388544 | EPS: 0.66 | Rew: -0.20 | FPS: 8460.3 | Var: dueling
Step: 1389568 | EPS: 0.66 | Rew: -0.20 | FPS: 7684.4 | Var: dueling
Step: 1390592 | EPS: 0.66 | Rew: -0.19 | FPS: 8115.7 | Var: dueling
Step: 1391616 | EPS: 0.66 | Rew: -0.16 | FPS: 5127.5 | Var: dueling
Step: 1392640 | EPS: 0.66 | Rew: -0.16 | FPS: 8176.4 | Var: dueling
Step: 1393664 | EPS: 0.66 | Rew: -0.18 | FPS: 7930.9 | Var: dueling
Step: 1394688 | EPS: 0.66 | Rew: -0.16 | FPS: 8040.4 | Var: dueling
Step: 1395712 | EPS: 0.66 | Rew: -0.15 | FPS: 7865.2 | Var: dueling
Step: 1396736 | EPS: 0.66 | Rew: -0.20 | FPS: 8142.2 | Var: dueling
Step: 1397760 | EPS: 0.66 | Rew: -0.22 | FPS: 8123.6 | Var: dueling
Step: 1398784 | EPS: 0.66 | Rew: -0.20 | FPS: 8151.4 | Var: dueling
Step: 1399808 | EPS: 0.66 | Rew: -0.24 | FPS: 8026.5 | Var: dueling
Step: 1400832 | EPS: 0.66 | Rew: -0.24 | FPS: 8123.2 | Var: dueling
Step: 1401856 | EPS: 0.66 | Rew: -0.20 | FPS: 7813.0 | Var: dueling
Step: 1402880 | EPS: 0.66 | Rew: -0.17 | FPS: 8051.3 | Var: dueling
Step: 1403904 | EPS: 0.66 | Rew: -0.17 | FPS: 7801.0 | Var: dueling
Step: 1404928 | EPS: 0.66 | Rew: -0.12 | FPS: 7863.4 | Var: dueling
Step: 1405952 | EPS: 0.66 | Rew: -0.07 | FPS: 8026.9 | Var: dueling
Step: 1406976 | EPS: 0.66 | Rew: -0.13 | FPS: 7833.9 | Var: dueling
Step: 1408000 | EPS: 0.66 | Rew: -0.16 | FPS: 5266.2 | Var: dueling
Step: 1409024 | EPS: 0.65 | Rew: -0.17 | FPS: 7885.6 | Var: dueling
Step: 1410048 | EPS: 0.65 | Rew: -0.12 | FPS: 7991.5 | Var: dueling
Step: 1411072 | EPS: 0.65 | Rew: -0.13 | FPS: 8369.9 | Var: dueling
Step: 1412096 | EPS: 0.65 | Rew: -0.17 | FPS: 7910.6 | Var: dueling
Step: 1413120 | EPS: 0.65 | Rew: -0.17 | FPS: 7738.6 | Var: dueling
Step: 1414144 | EPS: 0.65 | Rew: -0.18 | FPS: 7977.2 | Var: dueling
Step: 1415168 | EPS: 0.65 | Rew: -0.25 | FPS: 8411.5 | Var: dueling
Step: 1416192 | EPS: 0.65 | Rew: -0.24 | FPS: 8194.1 | Var: dueling
Step: 1417216 | EPS: 0.65 | Rew: -0.20 | FPS: 7101.7 | Var: dueling
Step: 1418240 | EPS: 0.65 | Rew: -0.17 | FPS: 7883.4 | Var: dueling
Step: 1419264 | EPS: 0.65 | Rew: -0.20 | FPS: 8279.9 | Var: dueling
Step: 1420288 | EPS: 0.65 | Rew: -0.13 | FPS: 8255.4 | Var: dueling
Step: 1421312 | EPS: 0.65 | Rew: -0.09 | FPS: 7924.3 | Var: dueling
Step: 1422336 | EPS: 0.65 | Rew: -0.11 | FPS: 8001.3 | Var: dueling
Step: 1423360 | EPS: 0.65 | Rew: -0.15 | FPS: 5338.8 | Var: dueling
Step: 1424384 | EPS: 0.65 | Rew: -0.11 | FPS: 7847.0 | Var: dueling
Step: 1425408 | EPS: 0.65 | Rew: -0.17 | FPS: 7979.2 | Var: dueling
Step: 1426432 | EPS: 0.65 | Rew: -0.15 | FPS: 8106.3 | Var: dueling
Step: 1427456 | EPS: 0.65 | Rew: -0.16 | FPS: 7745.2 | Var: dueling
Step: 1428480 | EPS: 0.65 | Rew: -0.15 | FPS: 7861.4 | Var: dueling
Step: 1429504 | EPS: 0.65 | Rew: -0.14 | FPS: 8087.0 | Var: dueling
Step: 1430528 | EPS: 0.65 | Rew: -0.11 | FPS: 8048.7 | Var: dueling
Step: 1431552 | EPS: 0.65 | Rew: -0.16 | FPS: 7930.6 | Var: dueling
Step: 1432576 | EPS: 0.65 | Rew: -0.12 | FPS: 8047.3 | Var: dueling
Step: 1433600 | EPS: 0.65 | Rew: -0.14 | FPS: 8007.1 | Var: dueling
Step: 1434624 | EPS: 0.65 | Rew: -0.18 | FPS: 7855.8 | Var: dueling
Step: 1435648 | EPS: 0.65 | Rew: -0.22 | FPS: 7855.3 | Var: dueling
Step: 1436672 | EPS: 0.65 | Rew: -0.24 | FPS: 8089.5 | Var: dueling
Step: 1437696 | EPS: 0.65 | Rew: -0.22 | FPS: 8226.3 | Var: dueling
Step: 1438720 | EPS: 0.65 | Rew: -0.24 | FPS: 8215.8 | Var: dueling
Step: 1439744 | EPS: 0.65 | Rew: -0.22 | FPS: 5459.6 | Var: dueling
Step: 1440768 | EPS: 0.65 | Rew: -0.21 | FPS: 8029.5 | Var: dueling
Step: 1441792 | EPS: 0.65 | Rew: -0.29 | FPS: 8299.3 | Var: dueling
Step: 1442816 | EPS: 0.65 | Rew: -0.31 | FPS: 8021.0 | Var: dueling
Step: 1443840 | EPS: 0.65 | Rew: -0.33 | FPS: 8153.3 | Var: dueling
Step: 1444864 | EPS: 0.65 | Rew: -0.27 | FPS: 8127.9 | Var: dueling
Step: 1445888 | EPS: 0.65 | Rew: -0.25 | FPS: 8261.1 | Var: dueling
Step: 1446912 | EPS: 0.65 | Rew: -0.20 | FPS: 8163.6 | Var: dueling
Step: 1447936 | EPS: 0.65 | Rew: -0.17 | FPS: 7908.8 | Var: dueling
Step: 1448960 | EPS: 0.65 | Rew: -0.16 | FPS: 7966.9 | Var: dueling
Step: 1449984 | EPS: 0.64 | Rew: -0.13 | FPS: 8107.7 | Var: dueling
Step: 1451008 | EPS: 0.64 | Rew: -0.13 | FPS: 8172.4 | Var: dueling
Step: 1452032 | EPS: 0.64 | Rew: -0.14 | FPS: 8001.8 | Var: dueling
Step: 1453056 | EPS: 0.64 | Rew: -0.15 | FPS: 7999.2 | Var: dueling
Step: 1454080 | EPS: 0.64 | Rew: -0.16 | FPS: 8235.7 | Var: dueling
Step: 1455104 | EPS: 0.64 | Rew: -0.21 | FPS: 7961.5 | Var: dueling
Step: 1456128 | EPS: 0.64 | Rew: -0.22 | FPS: 4844.1 | Var: dueling
Step: 1457152 | EPS: 0.64 | Rew: -0.19 | FPS: 7960.2 | Var: dueling
Step: 1458176 | EPS: 0.64 | Rew: -0.25 | FPS: 8254.2 | Var: dueling
Step: 1459200 | EPS: 0.64 | Rew: -0.23 | FPS: 8132.8 | Var: dueling
Step: 1460224 | EPS: 0.64 | Rew: -0.22 | FPS: 7653.4 | Var: dueling
Step: 1461248 | EPS: 0.64 | Rew: -0.19 | FPS: 7481.5 | Var: dueling
Step: 1462272 | EPS: 0.64 | Rew: -0.16 | FPS: 7763.0 | Var: dueling
Step: 1463296 | EPS: 0.64 | Rew: -0.16 | FPS: 6769.2 | Var: dueling
Step: 1464320 | EPS: 0.64 | Rew: -0.17 | FPS: 7606.7 | Var: dueling
Step: 1465344 | EPS: 0.64 | Rew: -0.21 | FPS: 7887.9 | Var: dueling
Step: 1466368 | EPS: 0.64 | Rew: -0.20 | FPS: 8029.5 | Var: dueling
Step: 1467392 | EPS: 0.64 | Rew: -0.14 | FPS: 7761.8 | Var: dueling
Step: 1468416 | EPS: 0.64 | Rew: -0.15 | FPS: 7875.2 | Var: dueling
Step: 1469440 | EPS: 0.64 | Rew: -0.15 | FPS: 7482.4 | Var: dueling
Step: 1470464 | EPS: 0.64 | Rew: -0.12 | FPS: 8310.1 | Var: dueling
Step: 1471488 | EPS: 0.64 | Rew: -0.11 | FPS: 5291.2 | Var: dueling
Step: 1472512 | EPS: 0.64 | Rew: -0.10 | FPS: 7910.9 | Var: dueling
Step: 1473536 | EPS: 0.64 | Rew: -0.13 | FPS: 8170.3 | Var: dueling
Step: 1474560 | EPS: 0.64 | Rew: -0.18 | FPS: 7839.0 | Var: dueling
Step: 1475584 | EPS: 0.64 | Rew: -0.20 | FPS: 8368.0 | Var: dueling
Step: 1476608 | EPS: 0.64 | Rew: -0.17 | FPS: 8118.0 | Var: dueling
Step: 1477632 | EPS: 0.64 | Rew: -0.17 | FPS: 8192.2 | Var: dueling
Step: 1478656 | EPS: 0.64 | Rew: -0.15 | FPS: 7916.1 | Var: dueling
Step: 1479680 | EPS: 0.64 | Rew: -0.18 | FPS: 7124.8 | Var: dueling
Step: 1480704 | EPS: 0.64 | Rew: -0.20 | FPS: 8318.7 | Var: dueling
Step: 1481728 | EPS: 0.64 | Rew: -0.18 | FPS: 8189.9 | Var: dueling
Step: 1482752 | EPS: 0.64 | Rew: -0.22 | FPS: 8220.7 | Var: dueling
Step: 1483776 | EPS: 0.64 | Rew: -0.20 | FPS: 8276.3 | Var: dueling
Step: 1484800 | EPS: 0.64 | Rew: -0.17 | FPS: 8003.0 | Var: dueling
Step: 1485824 | EPS: 0.64 | Rew: -0.11 | FPS: 7747.0 | Var: dueling
Step: 1486848 | EPS: 0.64 | Rew: -0.12 | FPS: 8202.8 | Var: dueling
Step: 1487872 | EPS: 0.64 | Rew: -0.12 | FPS: 7875.5 | Var: dueling
Step: 1488896 | EPS: 0.64 | Rew: -0.11 | FPS: 8239.8 | Var: dueling
Step: 1489920 | EPS: 0.63 | Rew: -0.15 | FPS: 7966.6 | Var: dueling
Step: 1490944 | EPS: 0.63 | Rew: -0.17 | FPS: 7698.8 | Var: dueling
Step: 1491968 | EPS: 0.63 | Rew: -0.15 | FPS: 8221.8 | Var: dueling
Step: 1492992 | EPS: 0.63 | Rew: -0.18 | FPS: 8060.3 | Var: dueling
Step: 1494016 | EPS: 0.63 | Rew: -0.22 | FPS: 8006.0 | Var: dueling
Step: 1495040 | EPS: 0.63 | Rew: -0.15 | FPS: 8487.3 | Var: dueling
Step: 1496064 | EPS: 0.63 | Rew: -0.15 | FPS: 8210.3 | Var: dueling
Step: 1497088 | EPS: 0.63 | Rew: -0.12 | FPS: 10132.0 | Var: dueling
Step: 1498112 | EPS: 0.63 | Rew: -0.12 | FPS: 9865.0 | Var: dueling
Step: 1499136 | EPS: 0.63 | Rew: -0.06 | FPS: 9547.2 | Var: dueling
Step: 1500160 | EPS: 0.63 | Rew: -0.15 | FPS: 10004.6 | Var: dueling
Step: 1501184 | EPS: 0.63 | Rew: -0.08 | FPS: 9896.8 | Var: dueling
Step: 1502208 | EPS: 0.63 | Rew: -0.04 | FPS: 9628.8 | Var: dueling
Step: 1503232 | EPS: 0.63 | Rew: -0.05 | FPS: 6869.0 | Var: dueling
Step: 1504256 | EPS: 0.63 | Rew: -0.08 | FPS: 9070.5 | Var: dueling
Step: 1505280 | EPS: 0.63 | Rew: -0.05 | FPS: 5382.3 | Var: dueling
Step: 1506304 | EPS: 0.63 | Rew: -0.10 | FPS: 7706.7 | Var: dueling
Step: 1507328 | EPS: 0.63 | Rew: -0.14 | FPS: 8549.4 | Var: dueling
Step: 1508352 | EPS: 0.63 | Rew: -0.14 | FPS: 8567.0 | Var: dueling
Step: 1509376 | EPS: 0.63 | Rew: -0.13 | FPS: 7836.1 | Var: dueling
Step: 1510400 | EPS: 0.63 | Rew: -0.15 | FPS: 7766.3 | Var: dueling
Step: 1511424 | EPS: 0.63 | Rew: -0.10 | FPS: 7968.4 | Var: dueling
Step: 1512448 | EPS: 0.63 | Rew: -0.13 | FPS: 8100.3 | Var: dueling
Step: 1513472 | EPS: 0.63 | Rew: -0.12 | FPS: 7985.7 | Var: dueling
Step: 1514496 | EPS: 0.63 | Rew: -0.16 | FPS: 7678.9 | Var: dueling
Step: 1515520 | EPS: 0.63 | Rew: -0.19 | FPS: 8113.0 | Var: dueling
Step: 1516544 | EPS: 0.63 | Rew: -0.17 | FPS: 7982.0 | Var: dueling
Step: 1517568 | EPS: 0.63 | Rew: -0.08 | FPS: 7968.3 | Var: dueling
Step: 1518592 | EPS: 0.63 | Rew: -0.06 | FPS: 7605.8 | Var: dueling
Step: 1519616 | EPS: 0.63 | Rew: -0.02 | FPS: 7998.7 | Var: dueling
Step: 1520640 | EPS: 0.63 | Rew: -0.03 | FPS: 7708.5 | Var: dueling
Step: 1521664 | EPS: 0.63 | Rew: -0.10 | FPS: 5365.2 | Var: dueling
Step: 1522688 | EPS: 0.63 | Rew: -0.14 | FPS: 7797.3 | Var: dueling
Step: 1523712 | EPS: 0.63 | Rew: -0.11 | FPS: 7965.3 | Var: dueling
Step: 1524736 | EPS: 0.63 | Rew: -0.12 | FPS: 7775.4 | Var: dueling
Step: 1525760 | EPS: 0.63 | Rew: -0.10 | FPS: 7929.1 | Var: dueling
Step: 1526784 | EPS: 0.63 | Rew: -0.09 | FPS: 8023.5 | Var: dueling
Step: 1527808 | EPS: 0.63 | Rew: -0.07 | FPS: 8305.6 | Var: dueling
Step: 1528832 | EPS: 0.63 | Rew: -0.09 | FPS: 8454.5 | Var: dueling
Step: 1529856 | EPS: 0.63 | Rew: -0.02 | FPS: 8442.6 | Var: dueling
Step: 1530880 | EPS: 0.62 | Rew: -0.03 | FPS: 7760.8 | Var: dueling
Step: 1531904 | EPS: 0.62 | Rew: -0.06 | FPS: 9071.2 | Var: dueling
Step: 1532928 | EPS: 0.62 | Rew: -0.05 | FPS: 8021.5 | Var: dueling
Step: 1533952 | EPS: 0.62 | Rew: -0.06 | FPS: 7843.7 | Var: dueling
Step: 1534976 | EPS: 0.62 | Rew: -0.05 | FPS: 7678.8 | Var: dueling
Step: 1536000 | EPS: 0.62 | Rew: -0.11 | FPS: 7466.1 | Var: dueling
Step: 1537024 | EPS: 0.62 | Rew: -0.04 | FPS: 8002.7 | Var: dueling
Step: 1538048 | EPS: 0.62 | Rew: -0.10 | FPS: 5096.3 | Var: dueling
Step: 1539072 | EPS: 0.62 | Rew: -0.07 | FPS: 8110.0 | Var: dueling
Step: 1540096 | EPS: 0.62 | Rew: -0.08 | FPS: 6358.5 | Var: dueling
Step: 1541120 | EPS: 0.62 | Rew: -0.03 | FPS: 7884.9 | Var: dueling
Step: 1542144 | EPS: 0.62 | Rew: -0.01 | FPS: 8156.8 | Var: dueling
Step: 1543168 | EPS: 0.62 | Rew: 0.03 | FPS: 8203.0 | Var: dueling
Step: 1544192 | EPS: 0.62 | Rew: 0.05 | FPS: 7715.1 | Var: dueling
Step: 1545216 | EPS: 0.62 | Rew: 0.04 | FPS: 8089.0 | Var: dueling
Step: 1546240 | EPS: 0.62 | Rew: -0.09 | FPS: 8510.5 | Var: dueling
Step: 1547264 | EPS: 0.62 | Rew: -0.14 | FPS: 7581.0 | Var: dueling
Step: 1548288 | EPS: 0.62 | Rew: -0.15 | FPS: 7593.6 | Var: dueling
Step: 1549312 | EPS: 0.62 | Rew: -0.18 | FPS: 7992.9 | Var: dueling
Step: 1550336 | EPS: 0.62 | Rew: -0.20 | FPS: 7835.6 | Var: dueling
Step: 1551360 | EPS: 0.62 | Rew: -0.13 | FPS: 7774.9 | Var: dueling
Step: 1552384 | EPS: 0.62 | Rew: -0.08 | FPS: 7540.9 | Var: dueling
Step: 1553408 | EPS: 0.62 | Rew: -0.02 | FPS: 5161.3 | Var: dueling
Step: 1554432 | EPS: 0.62 | Rew: 0.03 | FPS: 8063.8 | Var: dueling
Step: 1555456 | EPS: 0.62 | Rew: 0.01 | FPS: 7912.6 | Var: dueling
Step: 1556480 | EPS: 0.62 | Rew: -0.02 | FPS: 7723.4 | Var: dueling
Step: 1557504 | EPS: 0.62 | Rew: -0.06 | FPS: 7990.5 | Var: dueling
Step: 1558528 | EPS: 0.62 | Rew: -0.12 | FPS: 7723.3 | Var: dueling
Step: 1559552 | EPS: 0.62 | Rew: -0.10 | FPS: 7947.2 | Var: dueling
Step: 1560576 | EPS: 0.62 | Rew: -0.11 | FPS: 7636.9 | Var: dueling
Step: 1561600 | EPS: 0.62 | Rew: -0.08 | FPS: 8021.2 | Var: dueling
Step: 1562624 | EPS: 0.62 | Rew: -0.09 | FPS: 8034.3 | Var: dueling
Step: 1563648 | EPS: 0.62 | Rew: -0.03 | FPS: 8180.8 | Var: dueling
Step: 1564672 | EPS: 0.62 | Rew: -0.03 | FPS: 7480.3 | Var: dueling
Step: 1565696 | EPS: 0.62 | Rew: 0.02 | FPS: 7938.4 | Var: dueling
Step: 1566720 | EPS: 0.62 | Rew: 0.05 | FPS: 7816.7 | Var: dueling
Step: 1567744 | EPS: 0.62 | Rew: 0.02 | FPS: 7765.9 | Var: dueling
Step: 1568768 | EPS: 0.62 | Rew: -0.06 | FPS: 5248.7 | Var: dueling
Step: 1569792 | EPS: 0.62 | Rew: -0.11 | FPS: 6993.4 | Var: dueling
Step: 1570816 | EPS: 0.62 | Rew: -0.12 | FPS: 7985.8 | Var: dueling
Step: 1571840 | EPS: 0.61 | Rew: -0.20 | FPS: 8215.0 | Var: dueling
Step: 1572864 | EPS: 0.61 | Rew: -0.11 | FPS: 7236.3 | Var: dueling
Step: 1573888 | EPS: 0.61 | Rew: -0.12 | FPS: 8032.5 | Var: dueling
Step: 1574912 | EPS: 0.61 | Rew: -0.15 | FPS: 8061.9 | Var: dueling
Step: 1575936 | EPS: 0.61 | Rew: -0.18 | FPS: 7734.8 | Var: dueling
Step: 1576960 | EPS: 0.61 | Rew: -0.05 | FPS: 7764.8 | Var: dueling
Step: 1577984 | EPS: 0.61 | Rew: -0.08 | FPS: 8084.9 | Var: dueling
Step: 1579008 | EPS: 0.61 | Rew: -0.08 | FPS: 7921.0 | Var: dueling
Step: 1580032 | EPS: 0.61 | Rew: -0.02 | FPS: 7988.6 | Var: dueling
Step: 1581056 | EPS: 0.61 | Rew: -0.03 | FPS: 8151.1 | Var: dueling
Step: 1582080 | EPS: 0.61 | Rew: -0.05 | FPS: 7813.5 | Var: dueling
Step: 1583104 | EPS: 0.61 | Rew: 0.03 | FPS: 8152.0 | Var: dueling
Step: 1584128 | EPS: 0.61 | Rew: -0.01 | FPS: 7935.6 | Var: dueling
Step: 1585152 | EPS: 0.61 | Rew: -0.03 | FPS: 5216.2 | Var: dueling
Step: 1586176 | EPS: 0.61 | Rew: -0.10 | FPS: 7850.4 | Var: dueling
Step: 1587200 | EPS: 0.61 | Rew: -0.11 | FPS: 7933.4 | Var: dueling
Step: 1588224 | EPS: 0.61 | Rew: -0.07 | FPS: 7980.6 | Var: dueling
Step: 1589248 | EPS: 0.61 | Rew: -0.08 | FPS: 8117.9 | Var: dueling
Step: 1590272 | EPS: 0.61 | Rew: -0.06 | FPS: 6475.2 | Var: dueling
Step: 1591296 | EPS: 0.61 | Rew: -0.03 | FPS: 6497.1 | Var: dueling
Step: 1592320 | EPS: 0.61 | Rew: -0.08 | FPS: 7686.2 | Var: dueling
Step: 1593344 | EPS: 0.61 | Rew: -0.09 | FPS: 7947.2 | Var: dueling
Step: 1594368 | EPS: 0.61 | Rew: -0.14 | FPS: 8018.2 | Var: dueling
Step: 1595392 | EPS: 0.61 | Rew: -0.11 | FPS: 7905.7 | Var: dueling
Step: 1596416 | EPS: 0.61 | Rew: -0.14 | FPS: 6257.5 | Var: dueling
Step: 1597440 | EPS: 0.61 | Rew: -0.14 | FPS: 5855.3 | Var: dueling
Step: 1598464 | EPS: 0.61 | Rew: -0.19 | FPS: 8282.5 | Var: dueling
Step: 1599488 | EPS: 0.61 | Rew: -0.18 | FPS: 5265.4 | Var: dueling
Step: 1600512 | EPS: 0.61 | Rew: -0.19 | FPS: 7196.4 | Var: dueling
Step: 1601536 | EPS: 0.61 | Rew: -0.19 | FPS: 8013.0 | Var: dueling
Step: 1602560 | EPS: 0.61 | Rew: -0.10 | FPS: 7902.3 | Var: dueling
Step: 1603584 | EPS: 0.61 | Rew: -0.12 | FPS: 7904.9 | Var: dueling
Step: 1604608 | EPS: 0.61 | Rew: -0.08 | FPS: 8297.8 | Var: dueling
Step: 1605632 | EPS: 0.61 | Rew: -0.03 | FPS: 8187.5 | Var: dueling
Step: 1606656 | EPS: 0.61 | Rew: 0.00 | FPS: 8099.7 | Var: dueling
Step: 1607680 | EPS: 0.61 | Rew: -0.13 | FPS: 8115.9 | Var: dueling
Step: 1608704 | EPS: 0.61 | Rew: -0.14 | FPS: 7881.7 | Var: dueling
Step: 1609728 | EPS: 0.61 | Rew: -0.09 | FPS: 8145.2 | Var: dueling
Step: 1610752 | EPS: 0.61 | Rew: -0.09 | FPS: 7998.1 | Var: dueling
Step: 1611776 | EPS: 0.61 | Rew: 0.00 | FPS: 8156.4 | Var: dueling
Step: 1612800 | EPS: 0.60 | Rew: 0.01 | FPS: 8106.0 | Var: dueling
Step: 1613824 | EPS: 0.60 | Rew: 0.02 | FPS: 7726.0 | Var: dueling
Step: 1614848 | EPS: 0.60 | Rew: -0.00 | FPS: 7761.8 | Var: dueling
Step: 1615872 | EPS: 0.60 | Rew: 0.01 | FPS: 8104.8 | Var: dueling
Step: 1616896 | EPS: 0.60 | Rew: -0.03 | FPS: 8309.2 | Var: dueling
Step: 1617920 | EPS: 0.60 | Rew: -0.06 | FPS: 7688.1 | Var: dueling
Step: 1618944 | EPS: 0.60 | Rew: -0.12 | FPS: 7760.6 | Var: dueling
Step: 1619968 | EPS: 0.60 | Rew: -0.07 | FPS: 7871.8 | Var: dueling
Step: 1620992 | EPS: 0.60 | Rew: -0.07 | FPS: 7974.2 | Var: dueling
Step: 1622016 | EPS: 0.60 | Rew: -0.06 | FPS: 8335.4 | Var: dueling
Step: 1623040 | EPS: 0.60 | Rew: 0.01 | FPS: 8088.1 | Var: dueling
Step: 1624064 | EPS: 0.60 | Rew: 0.09 | FPS: 8355.8 | Var: dueling
Step: 1625088 | EPS: 0.60 | Rew: 0.04 | FPS: 8032.8 | Var: dueling
Step: 1626112 | EPS: 0.60 | Rew: -0.02 | FPS: 8054.3 | Var: dueling
Step: 1627136 | EPS: 0.60 | Rew: -0.06 | FPS: 8072.0 | Var: dueling
Step: 1628160 | EPS: 0.60 | Rew: -0.12 | FPS: 7709.1 | Var: dueling
Step: 1629184 | EPS: 0.60 | Rew: -0.12 | FPS: 7773.4 | Var: dueling
Step: 1630208 | EPS: 0.60 | Rew: -0.08 | FPS: 7947.8 | Var: dueling
Step: 1631232 | EPS: 0.60 | Rew: -0.05 | FPS: 7476.9 | Var: dueling
Step: 1632256 | EPS: 0.60 | Rew: -0.01 | FPS: 5407.4 | Var: dueling
Step: 1633280 | EPS: 0.60 | Rew: 0.01 | FPS: 7555.5 | Var: dueling
Step: 1634304 | EPS: 0.60 | Rew: -0.04 | FPS: 7840.3 | Var: dueling
Step: 1635328 | EPS: 0.60 | Rew: -0.10 | FPS: 7930.4 | Var: dueling
Step: 1636352 | EPS: 0.60 | Rew: -0.13 | FPS: 8063.8 | Var: dueling
Step: 1637376 | EPS: 0.60 | Rew: -0.14 | FPS: 7898.0 | Var: dueling
Step: 1638400 | EPS: 0.60 | Rew: -0.15 | FPS: 7967.7 | Var: dueling
Step: 1639424 | EPS: 0.60 | Rew: -0.10 | FPS: 7253.2 | Var: dueling
Step: 1640448 | EPS: 0.60 | Rew: -0.02 | FPS: 7327.2 | Var: dueling
Step: 1641472 | EPS: 0.60 | Rew: -0.01 | FPS: 8002.3 | Var: dueling
Step: 1642496 | EPS: 0.60 | Rew: -0.00 | FPS: 7388.8 | Var: dueling
Step: 1643520 | EPS: 0.60 | Rew: 0.08 | FPS: 7883.3 | Var: dueling
Step: 1644544 | EPS: 0.60 | Rew: -0.01 | FPS: 7294.6 | Var: dueling
Step: 1645568 | EPS: 0.60 | Rew: 0.00 | FPS: 7525.3 | Var: dueling
Step: 1646592 | EPS: 0.60 | Rew: -0.03 | FPS: 7469.2 | Var: dueling
Step: 1647616 | EPS: 0.60 | Rew: -0.08 | FPS: 5651.5 | Var: dueling
Step: 1648640 | EPS: 0.60 | Rew: -0.06 | FPS: 6472.2 | Var: dueling
Step: 1649664 | EPS: 0.60 | Rew: -0.04 | FPS: 7748.3 | Var: dueling
Step: 1650688 | EPS: 0.60 | Rew: -0.04 | FPS: 8014.8 | Var: dueling
Step: 1651712 | EPS: 0.60 | Rew: -0.06 | FPS: 7874.2 | Var: dueling
Step: 1652736 | EPS: 0.60 | Rew: -0.03 | FPS: 7738.2 | Var: dueling
Step: 1653760 | EPS: 0.59 | Rew: 0.00 | FPS: 7669.3 | Var: dueling
Step: 1654784 | EPS: 0.59 | Rew: -0.03 | FPS: 7765.7 | Var: dueling
Step: 1655808 | EPS: 0.59 | Rew: -0.04 | FPS: 8020.8 | Var: dueling
Step: 1656832 | EPS: 0.59 | Rew: -0.01 | FPS: 7832.4 | Var: dueling
Step: 1657856 | EPS: 0.59 | Rew: -0.01 | FPS: 7666.9 | Var: dueling
Step: 1658880 | EPS: 0.59 | Rew: 0.00 | FPS: 8016.9 | Var: dueling
Step: 1659904 | EPS: 0.59 | Rew: 0.04 | FPS: 7768.1 | Var: dueling
Step: 1660928 | EPS: 0.59 | Rew: 0.00 | FPS: 8122.3 | Var: dueling
Step: 1661952 | EPS: 0.59 | Rew: 0.06 | FPS: 7712.6 | Var: dueling
Step: 1662976 | EPS: 0.59 | Rew: -0.06 | FPS: 7948.7 | Var: dueling
Step: 1664000 | EPS: 0.59 | Rew: -0.08 | FPS: 5031.3 | Var: dueling
Step: 1665024 | EPS: 0.59 | Rew: -0.13 | FPS: 7528.1 | Var: dueling
Step: 1666048 | EPS: 0.59 | Rew: -0.15 | FPS: 7815.1 | Var: dueling
Step: 1667072 | EPS: 0.59 | Rew: -0.15 | FPS: 8231.9 | Var: dueling
Step: 1668096 | EPS: 0.59 | Rew: -0.13 | FPS: 7975.4 | Var: dueling
Step: 1669120 | EPS: 0.59 | Rew: -0.03 | FPS: 8315.4 | Var: dueling
Step: 1670144 | EPS: 0.59 | Rew: -0.01 | FPS: 6266.2 | Var: dueling
Step: 1671168 | EPS: 0.59 | Rew: 0.01 | FPS: 6976.5 | Var: dueling
Step: 1672192 | EPS: 0.59 | Rew: 0.02 | FPS: 6726.5 | Var: dueling
Step: 1673216 | EPS: 0.59 | Rew: -0.03 | FPS: 8141.4 | Var: dueling
Step: 1674240 | EPS: 0.59 | Rew: -0.02 | FPS: 7910.1 | Var: dueling
Step: 1675264 | EPS: 0.59 | Rew: 0.04 | FPS: 7817.7 | Var: dueling
Step: 1676288 | EPS: 0.59 | Rew: -0.01 | FPS: 8017.2 | Var: dueling
Step: 1677312 | EPS: 0.59 | Rew: -0.07 | FPS: 8024.1 | Var: dueling
Step: 1678336 | EPS: 0.59 | Rew: -0.10 | FPS: 7810.2 | Var: dueling
Step: 1679360 | EPS: 0.59 | Rew: -0.03 | FPS: 4895.5 | Var: dueling
Step: 1680384 | EPS: 0.59 | Rew: -0.05 | FPS: 7861.4 | Var: dueling
Step: 1681408 | EPS: 0.59 | Rew: -0.03 | FPS: 7971.8 | Var: dueling
Step: 1682432 | EPS: 0.59 | Rew: -0.02 | FPS: 7935.7 | Var: dueling
Step: 1683456 | EPS: 0.59 | Rew: 0.01 | FPS: 7575.1 | Var: dueling
Step: 1684480 | EPS: 0.59 | Rew: -0.05 | FPS: 7976.2 | Var: dueling
Step: 1685504 | EPS: 0.59 | Rew: -0.06 | FPS: 7830.3 | Var: dueling
Step: 1686528 | EPS: 0.59 | Rew: -0.05 | FPS: 6400.5 | Var: dueling
Step: 1687552 | EPS: 0.59 | Rew: -0.01 | FPS: 7934.5 | Var: dueling
Step: 1688576 | EPS: 0.59 | Rew: 0.05 | FPS: 8032.1 | Var: dueling
Step: 1689600 | EPS: 0.59 | Rew: 0.07 | FPS: 8056.7 | Var: dueling
Step: 1690624 | EPS: 0.59 | Rew: 0.07 | FPS: 7749.3 | Var: dueling
Step: 1691648 | EPS: 0.59 | Rew: 0.13 | FPS: 7805.9 | Var: dueling
Step: 1692672 | EPS: 0.59 | Rew: 0.12 | FPS: 8048.2 | Var: dueling
Step: 1693696 | EPS: 0.59 | Rew: 0.04 | FPS: 8027.6 | Var: dueling
Step: 1694720 | EPS: 0.58 | Rew: 0.10 | FPS: 8101.1 | Var: dueling
Step: 1695744 | EPS: 0.58 | Rew: 0.01 | FPS: 5196.6 | Var: dueling
Step: 1696768 | EPS: 0.58 | Rew: -0.03 | FPS: 8193.2 | Var: dueling
Step: 1697792 | EPS: 0.58 | Rew: 0.01 | FPS: 8020.5 | Var: dueling
Step: 1698816 | EPS: 0.58 | Rew: -0.12 | FPS: 8081.2 | Var: dueling
Step: 1699840 | EPS: 0.58 | Rew: -0.07 | FPS: 8060.4 | Var: dueling
Step: 1700864 | EPS: 0.58 | Rew: -0.12 | FPS: 8327.6 | Var: dueling
Step: 1701888 | EPS: 0.58 | Rew: -0.12 | FPS: 8294.0 | Var: dueling
Step: 1702912 | EPS: 0.58 | Rew: -0.04 | FPS: 8205.6 | Var: dueling
Step: 1703936 | EPS: 0.58 | Rew: -0.01 | FPS: 7975.0 | Var: dueling
Step: 1704960 | EPS: 0.58 | Rew: 0.04 | FPS: 7791.6 | Var: dueling
Step: 1705984 | EPS: 0.58 | Rew: 0.08 | FPS: 7773.6 | Var: dueling
Step: 1707008 | EPS: 0.58 | Rew: 0.09 | FPS: 7669.9 | Var: dueling
Step: 1708032 | EPS: 0.58 | Rew: 0.02 | FPS: 7895.7 | Var: dueling
Step: 1709056 | EPS: 0.58 | Rew: 0.04 | FPS: 8247.3 | Var: dueling
Step: 1710080 | EPS: 0.58 | Rew: 0.00 | FPS: 7747.7 | Var: dueling
Step: 1711104 | EPS: 0.58 | Rew: -0.03 | FPS: 7507.1 | Var: dueling
Step: 1712128 | EPS: 0.58 | Rew: -0.03 | FPS: 4796.4 | Var: dueling
Step: 1713152 | EPS: 0.58 | Rew: 0.04 | FPS: 7762.2 | Var: dueling
Step: 1714176 | EPS: 0.58 | Rew: 0.02 | FPS: 7281.6 | Var: dueling
Step: 1715200 | EPS: 0.58 | Rew: 0.03 | FPS: 7819.8 | Var: dueling
Step: 1716224 | EPS: 0.58 | Rew: 0.04 | FPS: 7587.2 | Var: dueling
Step: 1717248 | EPS: 0.58 | Rew: 0.04 | FPS: 7657.8 | Var: dueling
Step: 1718272 | EPS: 0.58 | Rew: -0.00 | FPS: 7771.3 | Var: dueling
Step: 1719296 | EPS: 0.58 | Rew: 0.05 | FPS: 7743.5 | Var: dueling
Step: 1720320 | EPS: 0.58 | Rew: 0.04 | FPS: 8007.5 | Var: dueling
Step: 1721344 | EPS: 0.58 | Rew: 0.01 | FPS: 7806.3 | Var: dueling
Step: 1722368 | EPS: 0.58 | Rew: 0.05 | FPS: 8020.7 | Var: dueling
Step: 1723392 | EPS: 0.58 | Rew: 0.03 | FPS: 7984.4 | Var: dueling
Step: 1724416 | EPS: 0.58 | Rew: -0.04 | FPS: 8035.8 | Var: dueling
Step: 1725440 | EPS: 0.58 | Rew: -0.03 | FPS: 7958.8 | Var: dueling
Step: 1726464 | EPS: 0.58 | Rew: -0.05 | FPS: 7377.4 | Var: dueling
Step: 1727488 | EPS: 0.58 | Rew: -0.03 | FPS: 4976.0 | Var: dueling
Step: 1728512 | EPS: 0.58 | Rew: -0.02 | FPS: 8040.4 | Var: dueling
Step: 1729536 | EPS: 0.58 | Rew: 0.03 | FPS: 7984.0 | Var: dueling
Step: 1730560 | EPS: 0.58 | Rew: 0.04 | FPS: 8065.7 | Var: dueling
Step: 1731584 | EPS: 0.58 | Rew: 0.02 | FPS: 8249.0 | Var: dueling
Step: 1732608 | EPS: 0.58 | Rew: -0.03 | FPS: 8054.7 | Var: dueling
Step: 1733632 | EPS: 0.58 | Rew: 0.01 | FPS: 7784.7 | Var: dueling
Step: 1734656 | EPS: 0.58 | Rew: 0.00 | FPS: 6134.2 | Var: dueling
Step: 1735680 | EPS: 0.57 | Rew: 0.05 | FPS: 8464.3 | Var: dueling
Step: 1736704 | EPS: 0.57 | Rew: 0.02 | FPS: 7863.4 | Var: dueling
Step: 1737728 | EPS: 0.57 | Rew: -0.01 | FPS: 8226.3 | Var: dueling
Step: 1738752 | EPS: 0.57 | Rew: -0.05 | FPS: 8100.6 | Var: dueling
Step: 1739776 | EPS: 0.57 | Rew: -0.05 | FPS: 7516.2 | Var: dueling
Step: 1740800 | EPS: 0.57 | Rew: -0.07 | FPS: 7594.8 | Var: dueling
Step: 1741824 | EPS: 0.57 | Rew: 0.03 | FPS: 7857.7 | Var: dueling
Step: 1742848 | EPS: 0.57 | Rew: 0.02 | FPS: 7883.3 | Var: dueling
Step: 1743872 | EPS: 0.57 | Rew: -0.04 | FPS: 8399.5 | Var: dueling
Step: 1744896 | EPS: 0.57 | Rew: 0.02 | FPS: 7644.5 | Var: dueling
Step: 1745920 | EPS: 0.57 | Rew: -0.05 | FPS: 7612.5 | Var: dueling
Step: 1746944 | EPS: 0.57 | Rew: 0.07 | FPS: 7605.3 | Var: dueling
Step: 1747968 | EPS: 0.57 | Rew: 0.07 | FPS: 6318.1 | Var: dueling
Step: 1748992 | EPS: 0.57 | Rew: 0.08 | FPS: 7954.6 | Var: dueling
Step: 1750016 | EPS: 0.57 | Rew: 0.02 | FPS: 8230.4 | Var: dueling
Step: 1751040 | EPS: 0.57 | Rew: 0.08 | FPS: 8240.7 | Var: dueling
Step: 1752064 | EPS: 0.57 | Rew: 0.00 | FPS: 7182.4 | Var: dueling
Step: 1753088 | EPS: 0.57 | Rew: -0.04 | FPS: 6525.8 | Var: dueling
Step: 1754112 | EPS: 0.57 | Rew: 0.03 | FPS: 7862.2 | Var: dueling
Step: 1755136 | EPS: 0.57 | Rew: 0.07 | FPS: 8245.6 | Var: dueling
Step: 1756160 | EPS: 0.57 | Rew: 0.04 | FPS: 8101.0 | Var: dueling
Step: 1757184 | EPS: 0.57 | Rew: 0.01 | FPS: 7909.1 | Var: dueling
Step: 1758208 | EPS: 0.57 | Rew: 0.05 | FPS: 8454.6 | Var: dueling
Step: 1759232 | EPS: 0.57 | Rew: 0.02 | FPS: 7353.8 | Var: dueling
Step: 1760256 | EPS: 0.57 | Rew: 0.01 | FPS: 5160.2 | Var: dueling
Step: 1761280 | EPS: 0.57 | Rew: -0.00 | FPS: 8079.6 | Var: dueling
Step: 1762304 | EPS: 0.57 | Rew: 0.01 | FPS: 7984.3 | Var: dueling
Step: 1763328 | EPS: 0.57 | Rew: -0.00 | FPS: 7676.9 | Var: dueling
Step: 1764352 | EPS: 0.57 | Rew: -0.01 | FPS: 8204.3 | Var: dueling
Step: 1765376 | EPS: 0.57 | Rew: 0.02 | FPS: 8217.5 | Var: dueling
Step: 1766400 | EPS: 0.57 | Rew: 0.04 | FPS: 8187.1 | Var: dueling
Step: 1767424 | EPS: 0.57 | Rew: 0.03 | FPS: 7318.3 | Var: dueling
Step: 1768448 | EPS: 0.57 | Rew: 0.02 | FPS: 8103.1 | Var: dueling
Step: 1769472 | EPS: 0.57 | Rew: 0.03 | FPS: 8289.3 | Var: dueling
Step: 1770496 | EPS: 0.57 | Rew: 0.01 | FPS: 8038.3 | Var: dueling
Step: 1771520 | EPS: 0.57 | Rew: 0.06 | FPS: 7714.1 | Var: dueling
Step: 1772544 | EPS: 0.57 | Rew: 0.09 | FPS: 8025.8 | Var: dueling
Step: 1773568 | EPS: 0.57 | Rew: 0.10 | FPS: 8295.4 | Var: dueling
Step: 1774592 | EPS: 0.57 | Rew: 0.07 | FPS: 7906.2 | Var: dueling
Step: 1775616 | EPS: 0.56 | Rew: 0.05 | FPS: 7596.1 | Var: dueling
Step: 1776640 | EPS: 0.56 | Rew: 0.01 | FPS: 5088.8 | Var: dueling
Step: 1777664 | EPS: 0.56 | Rew: -0.01 | FPS: 8056.2 | Var: dueling
Step: 1778688 | EPS: 0.56 | Rew: -0.04 | FPS: 7927.5 | Var: dueling
Step: 1779712 | EPS: 0.56 | Rew: -0.01 | FPS: 8135.6 | Var: dueling
Step: 1780736 | EPS: 0.56 | Rew: -0.01 | FPS: 8118.7 | Var: dueling
Step: 1781760 | EPS: 0.56 | Rew: 0.03 | FPS: 8065.4 | Var: dueling
Step: 1782784 | EPS: 0.56 | Rew: 0.09 | FPS: 7998.8 | Var: dueling
Step: 1783808 | EPS: 0.56 | Rew: 0.12 | FPS: 7631.8 | Var: dueling
Step: 1784832 | EPS: 0.56 | Rew: 0.09 | FPS: 7643.6 | Var: dueling
Step: 1785856 | EPS: 0.56 | Rew: 0.15 | FPS: 7888.9 | Var: dueling
Step: 1786880 | EPS: 0.56 | Rew: 0.21 | FPS: 7986.6 | Var: dueling
Step: 1787904 | EPS: 0.56 | Rew: 0.20 | FPS: 8278.7 | Var: dueling
Step: 1788928 | EPS: 0.56 | Rew: 0.17 | FPS: 8160.8 | Var: dueling
Step: 1789952 | EPS: 0.56 | Rew: 0.19 | FPS: 8012.1 | Var: dueling
Step: 1790976 | EPS: 0.56 | Rew: 0.14 | FPS: 7513.3 | Var: dueling
Step: 1792000 | EPS: 0.56 | Rew: 0.14 | FPS: 5580.9 | Var: dueling
Step: 1793024 | EPS: 0.56 | Rew: 0.13 | FPS: 7645.6 | Var: dueling
Step: 1794048 | EPS: 0.56 | Rew: 0.13 | FPS: 7992.4 | Var: dueling
Step: 1795072 | EPS: 0.56 | Rew: 0.17 | FPS: 7668.7 | Var: dueling
Step: 1796096 | EPS: 0.56 | Rew: 0.06 | FPS: 8231.4 | Var: dueling
Step: 1797120 | EPS: 0.56 | Rew: 0.05 | FPS: 7830.5 | Var: dueling
Step: 1798144 | EPS: 0.56 | Rew: 0.03 | FPS: 7975.2 | Var: dueling
Step: 1799168 | EPS: 0.56 | Rew: 0.01 | FPS: 8024.2 | Var: dueling
Step: 1800192 | EPS: 0.56 | Rew: -0.03 | FPS: 7929.1 | Var: dueling
Step: 1801216 | EPS: 0.56 | Rew: 0.01 | FPS: 8053.1 | Var: dueling
Step: 1802240 | EPS: 0.56 | Rew: 0.03 | FPS: 7965.7 | Var: dueling
Step: 1803264 | EPS: 0.56 | Rew: 0.05 | FPS: 7786.7 | Var: dueling
Step: 1804288 | EPS: 0.56 | Rew: 0.01 | FPS: 8056.9 | Var: dueling
Step: 1805312 | EPS: 0.56 | Rew: 0.01 | FPS: 8057.8 | Var: dueling
Step: 1806336 | EPS: 0.56 | Rew: -0.05 | FPS: 8014.4 | Var: dueling
Step: 1807360 | EPS: 0.56 | Rew: -0.02 | FPS: 7981.0 | Var: dueling
Step: 1808384 | EPS: 0.56 | Rew: 0.01 | FPS: 4942.6 | Var: dueling
Step: 1809408 | EPS: 0.56 | Rew: -0.05 | FPS: 7709.7 | Var: dueling
Step: 1810432 | EPS: 0.56 | Rew: -0.03 | FPS: 6845.4 | Var: dueling
Step: 1811456 | EPS: 0.56 | Rew: -0.06 | FPS: 8001.1 | Var: dueling
Step: 1812480 | EPS: 0.56 | Rew: -0.04 | FPS: 8536.6 | Var: dueling
Step: 1813504 | EPS: 0.56 | Rew: 0.04 | FPS: 8574.9 | Var: dueling
Step: 1814528 | EPS: 0.56 | Rew: 0.13 | FPS: 8397.9 | Var: dueling
Step: 1815552 | EPS: 0.56 | Rew: 0.15 | FPS: 8538.1 | Var: dueling
Step: 1816576 | EPS: 0.55 | Rew: 0.20 | FPS: 8104.2 | Var: dueling
Step: 1817600 | EPS: 0.55 | Rew: 0.06 | FPS: 8432.8 | Var: dueling
Step: 1818624 | EPS: 0.55 | Rew: 0.06 | FPS: 8428.9 | Var: dueling
Step: 1819648 | EPS: 0.55 | Rew: 0.04 | FPS: 7783.1 | Var: dueling
Step: 1820672 | EPS: 0.55 | Rew: -0.03 | FPS: 7998.7 | Var: dueling
Step: 1821696 | EPS: 0.55 | Rew: 0.02 | FPS: 8048.4 | Var: dueling
Step: 1822720 | EPS: 0.55 | Rew: 0.03 | FPS: 7838.1 | Var: dueling
Step: 1823744 | EPS: 0.55 | Rew: 0.08 | FPS: 7781.4 | Var: dueling
Step: 1824768 | EPS: 0.55 | Rew: 0.08 | FPS: 4960.9 | Var: dueling
Step: 1825792 | EPS: 0.55 | Rew: 0.04 | FPS: 7536.1 | Var: dueling
Step: 1826816 | EPS: 0.55 | Rew: 0.06 | FPS: 8017.0 | Var: dueling
Step: 1827840 | EPS: 0.55 | Rew: 0.06 | FPS: 6623.4 | Var: dueling
Step: 1828864 | EPS: 0.55 | Rew: 0.06 | FPS: 7788.4 | Var: dueling
Step: 1829888 | EPS: 0.55 | Rew: 0.07 | FPS: 7827.0 | Var: dueling
Step: 1830912 | EPS: 0.55 | Rew: 0.06 | FPS: 7972.2 | Var: dueling
Step: 1831936 | EPS: 0.55 | Rew: -0.00 | FPS: 8019.3 | Var: dueling
Step: 1832960 | EPS: 0.55 | Rew: -0.02 | FPS: 8057.3 | Var: dueling
Step: 1833984 | EPS: 0.55 | Rew: -0.02 | FPS: 6335.4 | Var: dueling
Step: 1835008 | EPS: 0.55 | Rew: 0.10 | FPS: 7996.3 | Var: dueling
Step: 1836032 | EPS: 0.55 | Rew: 0.12 | FPS: 6807.1 | Var: dueling
Step: 1837056 | EPS: 0.55 | Rew: 0.14 | FPS: 8043.5 | Var: dueling
Step: 1838080 | EPS: 0.55 | Rew: 0.15 | FPS: 6404.8 | Var: dueling
Step: 1839104 | EPS: 0.55 | Rew: 0.13 | FPS: 7122.3 | Var: dueling
Step: 1840128 | EPS: 0.55 | Rew: 0.14 | FPS: 7026.1 | Var: dueling
Step: 1841152 | EPS: 0.55 | Rew: 0.12 | FPS: 7795.0 | Var: dueling
Step: 1842176 | EPS: 0.55 | Rew: 0.16 | FPS: 8024.9 | Var: dueling
Step: 1843200 | EPS: 0.55 | Rew: 0.21 | FPS: 7902.6 | Var: dueling
Step: 1844224 | EPS: 0.55 | Rew: 0.19 | FPS: 8106.5 | Var: dueling
Step: 1845248 | EPS: 0.55 | Rew: 0.12 | FPS: 7607.7 | Var: dueling
Step: 1846272 | EPS: 0.55 | Rew: 0.15 | FPS: 8075.1 | Var: dueling
Step: 1847296 | EPS: 0.55 | Rew: 0.07 | FPS: 7539.5 | Var: dueling
Step: 1848320 | EPS: 0.55 | Rew: 0.02 | FPS: 8078.4 | Var: dueling
Step: 1849344 | EPS: 0.55 | Rew: 0.10 | FPS: 7944.8 | Var: dueling
Step: 1850368 | EPS: 0.55 | Rew: 0.15 | FPS: 8072.3 | Var: dueling
Step: 1851392 | EPS: 0.55 | Rew: 0.13 | FPS: 8471.2 | Var: dueling
Step: 1852416 | EPS: 0.55 | Rew: 0.18 | FPS: 8140.6 | Var: dueling
Step: 1853440 | EPS: 0.55 | Rew: 0.21 | FPS: 7998.3 | Var: dueling
Step: 1854464 | EPS: 0.55 | Rew: 0.22 | FPS: 8241.2 | Var: dueling
Step: 1855488 | EPS: 0.55 | Rew: 0.15 | FPS: 5448.8 | Var: dueling
Step: 1856512 | EPS: 0.55 | Rew: 0.20 | FPS: 7754.2 | Var: dueling
Step: 1857536 | EPS: 0.54 | Rew: 0.18 | FPS: 8580.5 | Var: dueling
Step: 1858560 | EPS: 0.54 | Rew: 0.24 | FPS: 8046.1 | Var: dueling
Step: 1859584 | EPS: 0.54 | Rew: 0.27 | FPS: 8309.8 | Var: dueling
Step: 1860608 | EPS: 0.54 | Rew: 0.24 | FPS: 7583.6 | Var: dueling
Step: 1861632 | EPS: 0.54 | Rew: 0.26 | FPS: 6775.7 | Var: dueling
Step: 1862656 | EPS: 0.54 | Rew: 0.22 | FPS: 7992.3 | Var: dueling
Step: 1863680 | EPS: 0.54 | Rew: 0.21 | FPS: 6673.3 | Var: dueling
Step: 1864704 | EPS: 0.54 | Rew: 0.12 | FPS: 7408.0 | Var: dueling
Step: 1865728 | EPS: 0.54 | Rew: 0.11 | FPS: 7815.7 | Var: dueling
Step: 1866752 | EPS: 0.54 | Rew: 0.09 | FPS: 7534.9 | Var: dueling
Step: 1867776 | EPS: 0.54 | Rew: 0.09 | FPS: 8374.4 | Var: dueling
Step: 1868800 | EPS: 0.54 | Rew: 0.18 | FPS: 7683.2 | Var: dueling
Step: 1869824 | EPS: 0.54 | Rew: 0.19 | FPS: 8061.3 | Var: dueling
Step: 1870848 | EPS: 0.54 | Rew: 0.15 | FPS: 5010.8 | Var: dueling
Step: 1871872 | EPS: 0.54 | Rew: 0.20 | FPS: 7028.7 | Var: dueling
Step: 1872896 | EPS: 0.54 | Rew: 0.22 | FPS: 7825.1 | Var: dueling
Step: 1873920 | EPS: 0.54 | Rew: 0.19 | FPS: 7430.7 | Var: dueling
Step: 1874944 | EPS: 0.54 | Rew: 0.21 | FPS: 7820.6 | Var: dueling
Step: 1875968 | EPS: 0.54 | Rew: 0.16 | FPS: 8129.8 | Var: dueling
Step: 1876992 | EPS: 0.54 | Rew: 0.09 | FPS: 7952.6 | Var: dueling
Step: 1878016 | EPS: 0.54 | Rew: 0.14 | FPS: 7970.4 | Var: dueling
Step: 1879040 | EPS: 0.54 | Rew: 0.07 | FPS: 7740.7 | Var: dueling
Step: 1880064 | EPS: 0.54 | Rew: 0.02 | FPS: 8117.8 | Var: dueling
Step: 1881088 | EPS: 0.54 | Rew: 0.02 | FPS: 6623.4 | Var: dueling
Step: 1882112 | EPS: 0.54 | Rew: 0.07 | FPS: 7649.4 | Var: dueling
Step: 1883136 | EPS: 0.54 | Rew: 0.11 | FPS: 7736.3 | Var: dueling
Step: 1884160 | EPS: 0.54 | Rew: 0.17 | FPS: 7622.6 | Var: dueling
Step: 1885184 | EPS: 0.54 | Rew: 0.19 | FPS: 7623.4 | Var: dueling
Step: 1886208 | EPS: 0.54 | Rew: 0.14 | FPS: 8403.6 | Var: dueling
Step: 1887232 | EPS: 0.54 | Rew: 0.12 | FPS: 8124.6 | Var: dueling
Step: 1888256 | EPS: 0.54 | Rew: 0.08 | FPS: 5061.3 | Var: dueling
Step: 1889280 | EPS: 0.54 | Rew: 0.07 | FPS: 7749.8 | Var: dueling
Step: 1890304 | EPS: 0.54 | Rew: 0.05 | FPS: 8013.4 | Var: dueling
Step: 1891328 | EPS: 0.54 | Rew: 0.09 | FPS: 8099.4 | Var: dueling
Step: 1892352 | EPS: 0.54 | Rew: 0.09 | FPS: 8105.0 | Var: dueling
Step: 1893376 | EPS: 0.54 | Rew: 0.14 | FPS: 7845.3 | Var: dueling
Step: 1894400 | EPS: 0.54 | Rew: 0.13 | FPS: 8273.7 | Var: dueling
Step: 1895424 | EPS: 0.54 | Rew: 0.08 | FPS: 7916.6 | Var: dueling
Step: 1896448 | EPS: 0.54 | Rew: 0.12 | FPS: 8209.6 | Var: dueling
Step: 1897472 | EPS: 0.54 | Rew: 0.03 | FPS: 7952.8 | Var: dueling
Step: 1898496 | EPS: 0.53 | Rew: 0.10 | FPS: 6241.6 | Var: dueling
Step: 1899520 | EPS: 0.53 | Rew: 0.05 | FPS: 7339.7 | Var: dueling
Step: 1900544 | EPS: 0.53 | Rew: 0.05 | FPS: 8185.3 | Var: dueling
Step: 1901568 | EPS: 0.53 | Rew: 0.07 | FPS: 7825.7 | Var: dueling
Step: 1902592 | EPS: 0.53 | Rew: 0.21 | FPS: 6608.5 | Var: dueling
Step: 1903616 | EPS: 0.53 | Rew: 0.17 | FPS: 5482.4 | Var: dueling
Step: 1904640 | EPS: 0.53 | Rew: 0.21 | FPS: 7384.3 | Var: dueling
Step: 1905664 | EPS: 0.53 | Rew: 0.21 | FPS: 7769.4 | Var: dueling
Step: 1906688 | EPS: 0.53 | Rew: 0.14 | FPS: 7972.2 | Var: dueling
Step: 1907712 | EPS: 0.53 | Rew: 0.03 | FPS: 7858.4 | Var: dueling
Step: 1908736 | EPS: 0.53 | Rew: 0.15 | FPS: 7886.0 | Var: dueling
Step: 1909760 | EPS: 0.53 | Rew: 0.10 | FPS: 7872.7 | Var: dueling
Step: 1910784 | EPS: 0.53 | Rew: 0.16 | FPS: 7897.9 | Var: dueling
Step: 1911808 | EPS: 0.53 | Rew: 0.22 | FPS: 8487.8 | Var: dueling
Step: 1912832 | EPS: 0.53 | Rew: 0.20 | FPS: 8084.0 | Var: dueling
Step: 1913856 | EPS: 0.53 | Rew: 0.17 | FPS: 7818.9 | Var: dueling
Step: 1914880 | EPS: 0.53 | Rew: 0.12 | FPS: 8456.7 | Var: dueling
Step: 1915904 | EPS: 0.53 | Rew: 0.12 | FPS: 7874.1 | Var: dueling
Step: 1916928 | EPS: 0.53 | Rew: 0.11 | FPS: 8040.1 | Var: dueling
Step: 1917952 | EPS: 0.53 | Rew: 0.09 | FPS: 8099.2 | Var: dueling
Step: 1918976 | EPS: 0.53 | Rew: 0.15 | FPS: 6593.5 | Var: dueling
Step: 1920000 | EPS: 0.53 | Rew: 0.25 | FPS: 5243.8 | Var: dueling
Step: 1921024 | EPS: 0.53 | Rew: 0.27 | FPS: 7872.6 | Var: dueling
Step: 1922048 | EPS: 0.53 | Rew: 0.17 | FPS: 8029.1 | Var: dueling
Step: 1923072 | EPS: 0.53 | Rew: 0.16 | FPS: 7960.4 | Var: dueling
Step: 1924096 | EPS: 0.53 | Rew: 0.12 | FPS: 8523.5 | Var: dueling
Step: 1925120 | EPS: 0.53 | Rew: 0.07 | FPS: 8260.6 | Var: dueling
Step: 1926144 | EPS: 0.53 | Rew: 0.15 | FPS: 8142.2 | Var: dueling
Step: 1927168 | EPS: 0.53 | Rew: 0.23 | FPS: 8397.4 | Var: dueling
Step: 1928192 | EPS: 0.53 | Rew: 0.21 | FPS: 6933.2 | Var: dueling
Step: 1929216 | EPS: 0.53 | Rew: 0.26 | FPS: 7921.4 | Var: dueling
Step: 1930240 | EPS: 0.53 | Rew: 0.32 | FPS: 7968.5 | Var: dueling
Step: 1931264 | EPS: 0.53 | Rew: 0.28 | FPS: 7954.8 | Var: dueling
Step: 1932288 | EPS: 0.53 | Rew: 0.18 | FPS: 7728.4 | Var: dueling
Step: 1933312 | EPS: 0.53 | Rew: 0.05 | FPS: 8165.7 | Var: dueling
Step: 1934336 | EPS: 0.53 | Rew: -0.04 | FPS: 6739.1 | Var: dueling
Step: 1935360 | EPS: 0.53 | Rew: -0.05 | FPS: 6670.5 | Var: dueling
Step: 1936384 | EPS: 0.53 | Rew: 0.01 | FPS: 6566.7 | Var: dueling
Step: 1937408 | EPS: 0.53 | Rew: 0.03 | FPS: 7831.8 | Var: dueling
Step: 1938432 | EPS: 0.53 | Rew: 0.12 | FPS: 7877.6 | Var: dueling
Step: 1939456 | EPS: 0.52 | Rew: 0.20 | FPS: 7990.5 | Var: dueling
Step: 1940480 | EPS: 0.52 | Rew: 0.21 | FPS: 8401.8 | Var: dueling
Step: 1941504 | EPS: 0.52 | Rew: 0.17 | FPS: 8208.3 | Var: dueling
Step: 1942528 | EPS: 0.52 | Rew: 0.14 | FPS: 8288.6 | Var: dueling
Step: 1943552 | EPS: 0.52 | Rew: 0.20 | FPS: 7927.1 | Var: dueling
Step: 1944576 | EPS: 0.52 | Rew: 0.16 | FPS: 8003.3 | Var: dueling
Step: 1945600 | EPS: 0.52 | Rew: 0.10 | FPS: 7942.1 | Var: dueling
Step: 1946624 | EPS: 0.52 | Rew: 0.17 | FPS: 7966.3 | Var: dueling
Step: 1947648 | EPS: 0.52 | Rew: 0.18 | FPS: 7931.1 | Var: dueling
Step: 1948672 | EPS: 0.52 | Rew: 0.14 | FPS: 8360.0 | Var: dueling
Step: 1949696 | EPS: 0.52 | Rew: 0.15 | FPS: 8266.8 | Var: dueling
Step: 1950720 | EPS: 0.52 | Rew: 0.19 | FPS: 8459.2 | Var: dueling
Step: 1951744 | EPS: 0.52 | Rew: 0.22 | FPS: 8262.1 | Var: dueling
Step: 1952768 | EPS: 0.52 | Rew: 0.15 | FPS: 8170.7 | Var: dueling
Step: 1953792 | EPS: 0.52 | Rew: 0.20 | FPS: 4996.9 | Var: dueling
Step: 1954816 | EPS: 0.52 | Rew: 0.19 | FPS: 8218.6 | Var: dueling
Step: 1955840 | EPS: 0.52 | Rew: 0.18 | FPS: 8514.4 | Var: dueling
Step: 1956864 | EPS: 0.52 | Rew: 0.30 | FPS: 7833.5 | Var: dueling
Step: 1957888 | EPS: 0.52 | Rew: 0.30 | FPS: 6923.3 | Var: dueling
Step: 1958912 | EPS: 0.52 | Rew: 0.29 | FPS: 7511.0 | Var: dueling
Step: 1959936 | EPS: 0.52 | Rew: 0.27 | FPS: 8059.4 | Var: dueling
Step: 1960960 | EPS: 0.52 | Rew: 0.17 | FPS: 8351.6 | Var: dueling
Step: 1961984 | EPS: 0.52 | Rew: 0.16 | FPS: 6939.0 | Var: dueling
Step: 1963008 | EPS: 0.52 | Rew: 0.15 | FPS: 8574.4 | Var: dueling
Step: 1964032 | EPS: 0.52 | Rew: 0.16 | FPS: 7948.4 | Var: dueling
Step: 1965056 | EPS: 0.52 | Rew: 0.21 | FPS: 8061.9 | Var: dueling
Step: 1966080 | EPS: 0.52 | Rew: 0.17 | FPS: 8262.1 | Var: dueling
Step: 1967104 | EPS: 0.52 | Rew: 0.15 | FPS: 8305.7 | Var: dueling
Step: 1968128 | EPS: 0.52 | Rew: 0.27 | FPS: 7785.7 | Var: dueling
Step: 1969152 | EPS: 0.52 | Rew: 0.26 | FPS: 7948.5 | Var: dueling
Step: 1970176 | EPS: 0.52 | Rew: 0.31 | FPS: 8260.7 | Var: dueling
Step: 1971200 | EPS: 0.52 | Rew: 0.33 | FPS: 8500.0 | Var: dueling
>>> [Best] Saved -> agent/checkpoints/dueling_pretrain.pth | Rew 0.33
Step: 1972224 | EPS: 0.52 | Rew: 0.24 | FPS: 7695.0 | Var: dueling
Step: 1973248 | EPS: 0.52 | Rew: 0.19 | FPS: 8082.7 | Var: dueling
Step: 1974272 | EPS: 0.52 | Rew: 0.19 | FPS: 8057.1 | Var: dueling
Step: 1975296 | EPS: 0.52 | Rew: 0.10 | FPS: 8077.0 | Var: dueling
Step: 1976320 | EPS: 0.52 | Rew: 0.20 | FPS: 7926.9 | Var: dueling
Step: 1977344 | EPS: 0.52 | Rew: 0.20 | FPS: 7889.2 | Var: dueling
Step: 1978368 | EPS: 0.52 | Rew: 0.14 | FPS: 8134.4 | Var: dueling
Step: 1979392 | EPS: 0.52 | Rew: 0.14 | FPS: 8112.5 | Var: dueling
Step: 1980416 | EPS: 0.51 | Rew: 0.15 | FPS: 7977.3 | Var: dueling
Step: 1981440 | EPS: 0.51 | Rew: 0.11 | FPS: 7751.2 | Var: dueling
Step: 1982464 | EPS: 0.51 | Rew: 0.05 | FPS: 7751.3 | Var: dueling
Step: 1983488 | EPS: 0.51 | Rew: 0.06 | FPS: 8141.7 | Var: dueling
Step: 1984512 | EPS: 0.51 | Rew: 0.19 | FPS: 7973.5 | Var: dueling
Step: 1985536 | EPS: 0.51 | Rew: 0.21 | FPS: 7862.8 | Var: dueling
Step: 1986560 | EPS: 0.51 | Rew: 0.31 | FPS: 8007.1 | Var: dueling
Step: 1987584 | EPS: 0.51 | Rew: 0.35 | FPS: 6105.3 | Var: dueling
Step: 1988608 | EPS: 0.51 | Rew: 0.50 | FPS: 8076.8 | Var: dueling
Step: 1989632 | EPS: 0.51 | Rew: 0.40 | FPS: 7890.1 | Var: dueling
Step: 1990656 | EPS: 0.51 | Rew: 0.28 | FPS: 7996.9 | Var: dueling
Step: 1991680 | EPS: 0.51 | Rew: 0.19 | FPS: 8054.5 | Var: dueling
Step: 1992704 | EPS: 0.51 | Rew: 0.19 | FPS: 7832.3 | Var: dueling
Step: 1993728 | EPS: 0.51 | Rew: 0.29 | FPS: 7786.2 | Var: dueling
Step: 1994752 | EPS: 0.51 | Rew: 0.32 | FPS: 7957.8 | Var: dueling
Step: 1995776 | EPS: 0.51 | Rew: 0.42 | FPS: 7824.8 | Var: dueling
Step: 1996800 | EPS: 0.51 | Rew: 0.38 | FPS: 8425.9 | Var: dueling
Step: 1997824 | EPS: 0.51 | Rew: 0.33 | FPS: 8300.7 | Var: dueling
Step: 1998848 | EPS: 0.51 | Rew: 0.28 | FPS: 8257.9 | Var: dueling
Step: 1999872 | EPS: 0.51 | Rew: 0.20 | FPS: 8422.7 | Var: dueling
Step: 2000896 | EPS: 0.51 | Rew: 0.20 | FPS: 7777.9 | Var: dueling
Step: 2001920 | EPS: 0.51 | Rew: 0.20 | FPS: 8451.1 | Var: dueling
Step: 2002944 | EPS: 0.51 | Rew: 0.22 | FPS: 8372.0 | Var: dueling
Step: 2003968 | EPS: 0.51 | Rew: 0.17 | FPS: 7981.9 | Var: dueling
Step: 2004992 | EPS: 0.51 | Rew: 0.22 | FPS: 8344.8 | Var: dueling
Step: 2006016 | EPS: 0.51 | Rew: 0.23 | FPS: 7948.9 | Var: dueling
Step: 2007040 | EPS: 0.51 | Rew: 0.22 | FPS: 8049.8 | Var: dueling
Step: 2008064 | EPS: 0.51 | Rew: 0.30 | FPS: 7673.9 | Var: dueling
Step: 2009088 | EPS: 0.51 | Rew: 0.27 | FPS: 7772.0 | Var: dueling
Step: 2010112 | EPS: 0.51 | Rew: 0.27 | FPS: 6410.6 | Var: dueling
Step: 2011136 | EPS: 0.51 | Rew: 0.30 | FPS: 7941.5 | Var: dueling
Step: 2012160 | EPS: 0.51 | Rew: 0.28 | FPS: 8028.0 | Var: dueling
Step: 2013184 | EPS: 0.51 | Rew: 0.27 | FPS: 7051.7 | Var: dueling
Step: 2014208 | EPS: 0.51 | Rew: 0.25 | FPS: 8377.2 | Var: dueling
Step: 2015232 | EPS: 0.51 | Rew: 0.24 | FPS: 7665.1 | Var: dueling
Step: 2016256 | EPS: 0.51 | Rew: 0.31 | FPS: 7662.3 | Var: dueling
Step: 2017280 | EPS: 0.51 | Rew: 0.29 | FPS: 6670.1 | Var: dueling
Step: 2018304 | EPS: 0.51 | Rew: 0.29 | FPS: 7889.8 | Var: dueling
Step: 2019328 | EPS: 0.51 | Rew: 0.31 | FPS: 6136.3 | Var: dueling
Step: 2020352 | EPS: 0.51 | Rew: 0.31 | FPS: 8091.9 | Var: dueling
Step: 2021376 | EPS: 0.50 | Rew: 0.21 | FPS: 7993.2 | Var: dueling
Step: 2022400 | EPS: 0.50 | Rew: 0.28 | FPS: 8036.9 | Var: dueling
Step: 2023424 | EPS: 0.50 | Rew: 0.18 | FPS: 7997.9 | Var: dueling
Step: 2024448 | EPS: 0.50 | Rew: 0.22 | FPS: 7724.3 | Var: dueling
Step: 2025472 | EPS: 0.50 | Rew: 0.21 | FPS: 7850.9 | Var: dueling
Step: 2026496 | EPS: 0.50 | Rew: 0.10 | FPS: 8467.5 | Var: dueling
Step: 2027520 | EPS: 0.50 | Rew: 0.16 | FPS: 7919.5 | Var: dueling
Step: 2028544 | EPS: 0.50 | Rew: 0.16 | FPS: 7471.8 | Var: dueling
Step: 2029568 | EPS: 0.50 | Rew: 0.09 | FPS: 8318.0 | Var: dueling
Step: 2030592 | EPS: 0.50 | Rew: 0.11 | FPS: 8513.0 | Var: dueling
Step: 2031616 | EPS: 0.50 | Rew: 0.14 | FPS: 7900.8 | Var: dueling
Step: 2032640 | EPS: 0.50 | Rew: 0.12 | FPS: 8019.6 | Var: dueling
Step: 2033664 | EPS: 0.50 | Rew: 0.15 | FPS: 7927.5 | Var: dueling
Step: 2034688 | EPS: 0.50 | Rew: 0.23 | FPS: 8111.8 | Var: dueling
Step: 2035712 | EPS: 0.50 | Rew: 0.24 | FPS: 5901.0 | Var: dueling
Step: 2036736 | EPS: 0.50 | Rew: 0.21 | FPS: 8001.6 | Var: dueling
Step: 2037760 | EPS: 0.50 | Rew: 0.29 | FPS: 7780.6 | Var: dueling
Step: 2038784 | EPS: 0.50 | Rew: 0.24 | FPS: 8019.8 | Var: dueling
Step: 2039808 | EPS: 0.50 | Rew: 0.24 | FPS: 7789.3 | Var: dueling
Step: 2040832 | EPS: 0.50 | Rew: 0.28 | FPS: 8030.1 | Var: dueling
Step: 2041856 | EPS: 0.50 | Rew: 0.29 | FPS: 7669.5 | Var: dueling
Step: 2042880 | EPS: 0.50 | Rew: 0.31 | FPS: 8094.2 | Var: dueling
Step: 2043904 | EPS: 0.50 | Rew: 0.33 | FPS: 7948.3 | Var: dueling
Step: 2044928 | EPS: 0.50 | Rew: 0.36 | FPS: 8147.7 | Var: dueling
Step: 2045952 | EPS: 0.50 | Rew: 0.33 | FPS: 8103.0 | Var: dueling
Step: 2046976 | EPS: 0.50 | Rew: 0.21 | FPS: 8113.1 | Var: dueling
Step: 2048000 | EPS: 0.50 | Rew: 0.15 | FPS: 8131.1 | Var: dueling
Step: 2049024 | EPS: 0.50 | Rew: 0.06 | FPS: 7531.1 | Var: dueling
Step: 2050048 | EPS: 0.50 | Rew: 0.09 | FPS: 8062.1 | Var: dueling
Step: 2051072 | EPS: 0.50 | Rew: 0.10 | FPS: 8034.0 | Var: dueling
Step: 2052096 | EPS: 0.50 | Rew: 0.10 | FPS: 6187.4 | Var: dueling
Step: 2053120 | EPS: 0.50 | Rew: 0.17 | FPS: 8046.7 | Var: dueling
Step: 2054144 | EPS: 0.50 | Rew: 0.22 | FPS: 7975.8 | Var: dueling
Step: 2055168 | EPS: 0.50 | Rew: 0.25 | FPS: 7676.8 | Var: dueling
Step: 2056192 | EPS: 0.50 | Rew: 0.28 | FPS: 7513.7 | Var: dueling
Step: 2057216 | EPS: 0.50 | Rew: 0.25 | FPS: 8114.8 | Var: dueling
Step: 2058240 | EPS: 0.50 | Rew: 0.35 | FPS: 7865.5 | Var: dueling
Step: 2059264 | EPS: 0.50 | Rew: 0.30 | FPS: 7901.7 | Var: dueling
Step: 2060288 | EPS: 0.50 | Rew: 0.39 | FPS: 7542.8 | Var: dueling
Step: 2061312 | EPS: 0.49 | Rew: 0.35 | FPS: 8524.8 | Var: dueling
Step: 2062336 | EPS: 0.49 | Rew: 0.30 | FPS: 7869.6 | Var: dueling
Step: 2063360 | EPS: 0.49 | Rew: 0.33 | FPS: 8072.0 | Var: dueling
Step: 2064384 | EPS: 0.49 | Rew: 0.26 | FPS: 8048.4 | Var: dueling
Step: 2065408 | EPS: 0.49 | Rew: 0.26 | FPS: 7939.9 | Var: dueling
Step: 2066432 | EPS: 0.49 | Rew: 0.28 | FPS: 6984.6 | Var: dueling
Step: 2067456 | EPS: 0.49 | Rew: 0.22 | FPS: 5654.5 | Var: dueling
Step: 2068480 | EPS: 0.49 | Rew: 0.21 | FPS: 8025.4 | Var: dueling
Step: 2069504 | EPS: 0.49 | Rew: 0.25 | FPS: 7861.3 | Var: dueling
Step: 2070528 | EPS: 0.49 | Rew: 0.23 | FPS: 8104.4 | Var: dueling
Step: 2071552 | EPS: 0.49 | Rew: 0.24 | FPS: 8087.7 | Var: dueling
Step: 2072576 | EPS: 0.49 | Rew: 0.32 | FPS: 7942.8 | Var: dueling
Step: 2073600 | EPS: 0.49 | Rew: 0.26 | FPS: 8412.6 | Var: dueling
Step: 2074624 | EPS: 0.49 | Rew: 0.20 | FPS: 7508.9 | Var: dueling
Step: 2075648 | EPS: 0.49 | Rew: 0.25 | FPS: 8422.3 | Var: dueling
Step: 2076672 | EPS: 0.49 | Rew: 0.19 | FPS: 8248.6 | Var: dueling
Step: 2077696 | EPS: 0.49 | Rew: 0.16 | FPS: 8643.3 | Var: dueling
Step: 2078720 | EPS: 0.49 | Rew: 0.24 | FPS: 8086.9 | Var: dueling
Step: 2079744 | EPS: 0.49 | Rew: 0.33 | FPS: 7957.1 | Var: dueling
Step: 2080768 | EPS: 0.49 | Rew: 0.28 | FPS: 8192.1 | Var: dueling
Step: 2081792 | EPS: 0.49 | Rew: 0.27 | FPS: 8067.3 | Var: dueling
Step: 2082816 | EPS: 0.49 | Rew: 0.35 | FPS: 8092.5 | Var: dueling
Step: 2083840 | EPS: 0.49 | Rew: 0.31 | FPS: 6082.0 | Var: dueling
Step: 2084864 | EPS: 0.49 | Rew: 0.22 | FPS: 8417.1 | Var: dueling
Step: 2085888 | EPS: 0.49 | Rew: 0.27 | FPS: 7305.9 | Var: dueling
Step: 2086912 | EPS: 0.49 | Rew: 0.17 | FPS: 7850.1 | Var: dueling
Step: 2087936 | EPS: 0.49 | Rew: 0.15 | FPS: 7786.9 | Var: dueling
Step: 2088960 | EPS: 0.49 | Rew: 0.22 | FPS: 7150.0 | Var: dueling
Step: 2089984 | EPS: 0.49 | Rew: 0.28 | FPS: 7742.2 | Var: dueling
Step: 2091008 | EPS: 0.49 | Rew: 0.39 | FPS: 7804.6 | Var: dueling
Step: 2092032 | EPS: 0.49 | Rew: 0.34 | FPS: 7588.7 | Var: dueling
Step: 2093056 | EPS: 0.49 | Rew: 0.33 | FPS: 7575.5 | Var: dueling
Step: 2094080 | EPS: 0.49 | Rew: 0.30 | FPS: 7425.5 | Var: dueling
Step: 2095104 | EPS: 0.49 | Rew: 0.31 | FPS: 6349.5 | Var: dueling
Step: 2096128 | EPS: 0.49 | Rew: 0.25 | FPS: 7975.5 | Var: dueling
Step: 2097152 | EPS: 0.49 | Rew: 0.28 | FPS: 7883.4 | Var: dueling
Step: 2098176 | EPS: 0.49 | Rew: 0.25 | FPS: 8387.0 | Var: dueling
Step: 2099200 | EPS: 0.49 | Rew: 0.30 | FPS: 5041.8 | Var: dueling
Step: 2100224 | EPS: 0.49 | Rew: 0.35 | FPS: 8115.4 | Var: dueling
Step: 2101248 | EPS: 0.49 | Rew: 0.34 | FPS: 8031.2 | Var: dueling
Step: 2102272 | EPS: 0.48 | Rew: 0.36 | FPS: 8599.4 | Var: dueling
Step: 2103296 | EPS: 0.48 | Rew: 0.33 | FPS: 8336.2 | Var: dueling
Step: 2104320 | EPS: 0.48 | Rew: 0.24 | FPS: 7943.6 | Var: dueling
Step: 2105344 | EPS: 0.48 | Rew: 0.32 | FPS: 8087.6 | Var: dueling
Step: 2106368 | EPS: 0.48 | Rew: 0.26 | FPS: 7962.0 | Var: dueling
Step: 2107392 | EPS: 0.48 | Rew: 0.30 | FPS: 8654.2 | Var: dueling
Step: 2108416 | EPS: 0.48 | Rew: 0.41 | FPS: 8227.7 | Var: dueling
Step: 2109440 | EPS: 0.48 | Rew: 0.41 | FPS: 7943.4 | Var: dueling
Step: 2110464 | EPS: 0.48 | Rew: 0.34 | FPS: 6848.1 | Var: dueling
Step: 2111488 | EPS: 0.48 | Rew: 0.37 | FPS: 6683.0 | Var: dueling
Step: 2112512 | EPS: 0.48 | Rew: 0.32 | FPS: 7802.2 | Var: dueling
Step: 2113536 | EPS: 0.48 | Rew: 0.33 | FPS: 8022.8 | Var: dueling
Step: 2114560 | EPS: 0.48 | Rew: 0.27 | FPS: 5327.5 | Var: dueling
Step: 2115584 | EPS: 0.48 | Rew: 0.29 | FPS: 7888.8 | Var: dueling
Step: 2116608 | EPS: 0.48 | Rew: 0.29 | FPS: 7789.6 | Var: dueling
Step: 2117632 | EPS: 0.48 | Rew: 0.33 | FPS: 6314.5 | Var: dueling
Step: 2118656 | EPS: 0.48 | Rew: 0.27 | FPS: 7498.7 | Var: dueling
Step: 2119680 | EPS: 0.48 | Rew: 0.31 | FPS: 7594.5 | Var: dueling
Step: 2120704 | EPS: 0.48 | Rew: 0.29 | FPS: 7838.4 | Var: dueling
Step: 2121728 | EPS: 0.48 | Rew: 0.36 | FPS: 7614.9 | Var: dueling
Step: 2122752 | EPS: 0.48 | Rew: 0.35 | FPS: 7563.1 | Var: dueling
Step: 2123776 | EPS: 0.48 | Rew: 0.39 | FPS: 8134.0 | Var: dueling
Step: 2124800 | EPS: 0.48 | Rew: 0.46 | FPS: 7722.0 | Var: dueling
Step: 2125824 | EPS: 0.48 | Rew: 0.43 | FPS: 7535.0 | Var: dueling
Step: 2126848 | EPS: 0.48 | Rew: 0.39 | FPS: 7509.3 | Var: dueling
Step: 2127872 | EPS: 0.48 | Rew: 0.49 | FPS: 7508.5 | Var: dueling
Step: 2128896 | EPS: 0.48 | Rew: 0.41 | FPS: 7468.5 | Var: dueling
Step: 2129920 | EPS: 0.48 | Rew: 0.41 | FPS: 5328.5 | Var: dueling
Step: 2130944 | EPS: 0.48 | Rew: 0.49 | FPS: 7406.0 | Var: dueling
Step: 2131968 | EPS: 0.48 | Rew: 0.40 | FPS: 6421.1 | Var: dueling
Step: 2132992 | EPS: 0.48 | Rew: 0.35 | FPS: 8526.5 | Var: dueling
Step: 2134016 | EPS: 0.48 | Rew: 0.42 | FPS: 8104.4 | Var: dueling
Step: 2135040 | EPS: 0.48 | Rew: 0.43 | FPS: 7866.1 | Var: dueling
Step: 2136064 | EPS: 0.48 | Rew: 0.38 | FPS: 7930.8 | Var: dueling
Step: 2137088 | EPS: 0.48 | Rew: 0.41 | FPS: 6675.3 | Var: dueling
Step: 2138112 | EPS: 0.48 | Rew: 0.46 | FPS: 6824.2 | Var: dueling
Step: 2139136 | EPS: 0.48 | Rew: 0.48 | FPS: 8352.7 | Var: dueling
Step: 2140160 | EPS: 0.48 | Rew: 0.43 | FPS: 8078.7 | Var: dueling
Step: 2141184 | EPS: 0.48 | Rew: 0.43 | FPS: 8050.4 | Var: dueling
Step: 2142208 | EPS: 0.48 | Rew: 0.43 | FPS: 7810.0 | Var: dueling
Step: 2143232 | EPS: 0.47 | Rew: 0.38 | FPS: 8554.9 | Var: dueling
Step: 2144256 | EPS: 0.47 | Rew: 0.31 | FPS: 7995.6 | Var: dueling
Step: 2145280 | EPS: 0.47 | Rew: 0.31 | FPS: 5124.4 | Var: dueling
Step: 2146304 | EPS: 0.47 | Rew: 0.47 | FPS: 8096.4 | Var: dueling
Step: 2147328 | EPS: 0.47 | Rew: 0.41 | FPS: 7793.7 | Var: dueling
Step: 2148352 | EPS: 0.47 | Rew: 0.53 | FPS: 8150.9 | Var: dueling
Step: 2149376 | EPS: 0.47 | Rew: 0.53 | FPS: 8386.8 | Var: dueling
Step: 2150400 | EPS: 0.47 | Rew: 0.58 | FPS: 8168.2 | Var: dueling
Step: 2151424 | EPS: 0.47 | Rew: 0.59 | FPS: 8415.7 | Var: dueling
Step: 2152448 | EPS: 0.47 | Rew: 0.60 | FPS: 8135.7 | Var: dueling
Step: 2153472 | EPS: 0.47 | Rew: 0.56 | FPS: 8103.6 | Var: dueling
Step: 2154496 | EPS: 0.47 | Rew: 0.50 | FPS: 7841.9 | Var: dueling
Step: 2155520 | EPS: 0.47 | Rew: 0.41 | FPS: 8317.8 | Var: dueling
Step: 2156544 | EPS: 0.47 | Rew: 0.38 | FPS: 7866.4 | Var: dueling
Step: 2157568 | EPS: 0.47 | Rew: 0.40 | FPS: 7188.0 | Var: dueling
Step: 2158592 | EPS: 0.47 | Rew: 0.36 | FPS: 7963.5 | Var: dueling
Step: 2159616 | EPS: 0.47 | Rew: 0.31 | FPS: 7928.5 | Var: dueling
Step: 2160640 | EPS: 0.47 | Rew: 0.26 | FPS: 8062.4 | Var: dueling
Step: 2161664 | EPS: 0.47 | Rew: 0.22 | FPS: 5604.0 | Var: dueling
Step: 2162688 | EPS: 0.47 | Rew: 0.28 | FPS: 7960.3 | Var: dueling
Step: 2163712 | EPS: 0.47 | Rew: 0.27 | FPS: 8131.8 | Var: dueling
Step: 2164736 | EPS: 0.47 | Rew: 0.31 | FPS: 8039.6 | Var: dueling
Step: 2165760 | EPS: 0.47 | Rew: 0.38 | FPS: 8084.8 | Var: dueling
Step: 2166784 | EPS: 0.47 | Rew: 0.42 | FPS: 6929.8 | Var: dueling
Step: 2167808 | EPS: 0.47 | Rew: 0.40 | FPS: 7030.5 | Var: dueling
Step: 2168832 | EPS: 0.47 | Rew: 0.41 | FPS: 7851.6 | Var: dueling
Step: 2169856 | EPS: 0.47 | Rew: 0.50 | FPS: 7826.7 | Var: dueling
Step: 2170880 | EPS: 0.47 | Rew: 0.41 | FPS: 8198.5 | Var: dueling
Step: 2171904 | EPS: 0.47 | Rew: 0.36 | FPS: 7740.7 | Var: dueling
Step: 2172928 | EPS: 0.47 | Rew: 0.38 | FPS: 7663.1 | Var: dueling
Step: 2173952 | EPS: 0.47 | Rew: 0.51 | FPS: 6909.2 | Var: dueling
Step: 2174976 | EPS: 0.47 | Rew: 0.40 | FPS: 8667.3 | Var: dueling
Step: 2176000 | EPS: 0.47 | Rew: 0.46 | FPS: 8658.5 | Var: dueling
Step: 2177024 | EPS: 0.47 | Rew: 0.40 | FPS: 4948.3 | Var: dueling
Step: 2178048 | EPS: 0.47 | Rew: 0.40 | FPS: 7651.7 | Var: dueling
Step: 2179072 | EPS: 0.47 | Rew: 0.32 | FPS: 8208.2 | Var: dueling
Step: 2180096 | EPS: 0.47 | Rew: 0.43 | FPS: 7998.5 | Var: dueling
Step: 2181120 | EPS: 0.47 | Rew: 0.40 | FPS: 7977.0 | Var: dueling
Step: 2182144 | EPS: 0.47 | Rew: 0.41 | FPS: 7862.5 | Var: dueling
Step: 2183168 | EPS: 0.47 | Rew: 0.44 | FPS: 8497.8 | Var: dueling
Step: 2184192 | EPS: 0.46 | Rew: 0.31 | FPS: 8429.0 | Var: dueling
Step: 2185216 | EPS: 0.46 | Rew: 0.25 | FPS: 7693.0 | Var: dueling
Step: 2186240 | EPS: 0.46 | Rew: 0.27 | FPS: 7753.1 | Var: dueling
Step: 2187264 | EPS: 0.46 | Rew: 0.29 | FPS: 8375.7 | Var: dueling
Step: 2188288 | EPS: 0.46 | Rew: 0.29 | FPS: 8169.7 | Var: dueling
Step: 2189312 | EPS: 0.46 | Rew: 0.36 | FPS: 8269.0 | Var: dueling
Step: 2190336 | EPS: 0.46 | Rew: 0.37 | FPS: 6652.4 | Var: dueling
Step: 2191360 | EPS: 0.46 | Rew: 0.40 | FPS: 7754.0 | Var: dueling
Step: 2192384 | EPS: 0.46 | Rew: 0.43 | FPS: 8127.8 | Var: dueling
Step: 2193408 | EPS: 0.46 | Rew: 0.39 | FPS: 5149.7 | Var: dueling
Step: 2194432 | EPS: 0.46 | Rew: 0.43 | FPS: 8112.5 | Var: dueling
Step: 2195456 | EPS: 0.46 | Rew: 0.41 | FPS: 7907.3 | Var: dueling
Step: 2196480 | EPS: 0.46 | Rew: 0.43 | FPS: 7653.6 | Var: dueling
Step: 2197504 | EPS: 0.46 | Rew: 0.49 | FPS: 8488.8 | Var: dueling
Step: 2198528 | EPS: 0.46 | Rew: 0.52 | FPS: 8581.8 | Var: dueling
Step: 2199552 | EPS: 0.46 | Rew: 0.49 | FPS: 7914.2 | Var: dueling
Step: 2200576 | EPS: 0.46 | Rew: 0.49 | FPS: 8026.9 | Var: dueling
Step: 2201600 | EPS: 0.46 | Rew: 0.49 | FPS: 5832.5 | Var: dueling
Step: 2202624 | EPS: 0.46 | Rew: 0.51 | FPS: 7028.1 | Var: dueling
Step: 2203648 | EPS: 0.46 | Rew: 0.57 | FPS: 8179.4 | Var: dueling
Step: 2204672 | EPS: 0.46 | Rew: 0.61 | FPS: 7860.7 | Var: dueling
Step: 2205696 | EPS: 0.46 | Rew: 0.56 | FPS: 7867.9 | Var: dueling
Step: 2206720 | EPS: 0.46 | Rew: 0.36 | FPS: 7817.8 | Var: dueling
Step: 2207744 | EPS: 0.46 | Rew: 0.32 | FPS: 7734.6 | Var: dueling
Step: 2208768 | EPS: 0.46 | Rew: 0.26 | FPS: 5663.2 | Var: dueling
Step: 2209792 | EPS: 0.46 | Rew: 0.21 | FPS: 7979.0 | Var: dueling
Step: 2210816 | EPS: 0.46 | Rew: 0.28 | FPS: 8008.7 | Var: dueling
Step: 2211840 | EPS: 0.46 | Rew: 0.36 | FPS: 6820.5 | Var: dueling
Step: 2212864 | EPS: 0.46 | Rew: 0.40 | FPS: 7821.2 | Var: dueling
Step: 2213888 | EPS: 0.46 | Rew: 0.49 | FPS: 8247.7 | Var: dueling
Step: 2214912 | EPS: 0.46 | Rew: 0.44 | FPS: 7736.0 | Var: dueling
Step: 2215936 | EPS: 0.46 | Rew: 0.37 | FPS: 8347.6 | Var: dueling
Step: 2216960 | EPS: 0.46 | Rew: 0.44 | FPS: 8309.9 | Var: dueling
Step: 2217984 | EPS: 0.46 | Rew: 0.40 | FPS: 7836.9 | Var: dueling
Step: 2219008 | EPS: 0.46 | Rew: 0.29 | FPS: 8096.1 | Var: dueling
Step: 2220032 | EPS: 0.46 | Rew: 0.40 | FPS: 7714.3 | Var: dueling
Step: 2221056 | EPS: 0.46 | Rew: 0.30 | FPS: 7734.4 | Var: dueling
Step: 2222080 | EPS: 0.46 | Rew: 0.39 | FPS: 7684.9 | Var: dueling
Step: 2223104 | EPS: 0.46 | Rew: 0.38 | FPS: 8018.1 | Var: dueling
Step: 2224128 | EPS: 0.46 | Rew: 0.44 | FPS: 7760.5 | Var: dueling
Step: 2225152 | EPS: 0.45 | Rew: 0.45 | FPS: 8404.6 | Var: dueling
Step: 2226176 | EPS: 0.45 | Rew: 0.58 | FPS: 7350.5 | Var: dueling
Step: 2227200 | EPS: 0.45 | Rew: 0.62 | FPS: 7957.2 | Var: dueling
Step: 2228224 | EPS: 0.45 | Rew: 0.69 | FPS: 7896.2 | Var: dueling
Step: 2229248 | EPS: 0.45 | Rew: 0.61 | FPS: 7797.0 | Var: dueling
Step: 2230272 | EPS: 0.45 | Rew: 0.58 | FPS: 7940.6 | Var: dueling
Step: 2231296 | EPS: 0.45 | Rew: 0.41 | FPS: 8236.5 | Var: dueling
Step: 2232320 | EPS: 0.45 | Rew: 0.31 | FPS: 8438.4 | Var: dueling
Step: 2233344 | EPS: 0.45 | Rew: 0.35 | FPS: 8130.0 | Var: dueling
Step: 2234368 | EPS: 0.45 | Rew: 0.27 | FPS: 7762.1 | Var: dueling
Step: 2235392 | EPS: 0.45 | Rew: 0.31 | FPS: 8153.5 | Var: dueling
Step: 2236416 | EPS: 0.45 | Rew: 0.31 | FPS: 7491.3 | Var: dueling
Step: 2237440 | EPS: 0.45 | Rew: 0.35 | FPS: 8149.9 | Var: dueling
Step: 2238464 | EPS: 0.45 | Rew: 0.41 | FPS: 8024.0 | Var: dueling
Step: 2239488 | EPS: 0.45 | Rew: 0.46 | FPS: 7285.3 | Var: dueling
Step: 2240512 | EPS: 0.45 | Rew: 0.37 | FPS: 7688.2 | Var: dueling
Step: 2241536 | EPS: 0.45 | Rew: 0.31 | FPS: 4765.9 | Var: dueling
Step: 2242560 | EPS: 0.45 | Rew: 0.29 | FPS: 7842.8 | Var: dueling
Step: 2243584 | EPS: 0.45 | Rew: 0.28 | FPS: 7995.1 | Var: dueling
Step: 2244608 | EPS: 0.45 | Rew: 0.26 | FPS: 6839.7 | Var: dueling
Step: 2245632 | EPS: 0.45 | Rew: 0.33 | FPS: 7698.4 | Var: dueling
Step: 2246656 | EPS: 0.45 | Rew: 0.40 | FPS: 7864.0 | Var: dueling
Step: 2247680 | EPS: 0.45 | Rew: 0.42 | FPS: 8333.8 | Var: dueling
Step: 2248704 | EPS: 0.45 | Rew: 0.47 | FPS: 7385.8 | Var: dueling
Step: 2249728 | EPS: 0.45 | Rew: 0.50 | FPS: 7872.9 | Var: dueling
Step: 2250752 | EPS: 0.45 | Rew: 0.47 | FPS: 7938.0 | Var: dueling
Step: 2251776 | EPS: 0.45 | Rew: 0.53 | FPS: 7861.4 | Var: dueling
Step: 2252800 | EPS: 0.45 | Rew: 0.48 | FPS: 7970.9 | Var: dueling
Step: 2253824 | EPS: 0.45 | Rew: 0.42 | FPS: 7881.4 | Var: dueling
Step: 2254848 | EPS: 0.45 | Rew: 0.38 | FPS: 8086.7 | Var: dueling
Step: 2255872 | EPS: 0.45 | Rew: 0.38 | FPS: 8124.1 | Var: dueling
Step: 2256896 | EPS: 0.45 | Rew: 0.40 | FPS: 5088.9 | Var: dueling
Step: 2257920 | EPS: 0.45 | Rew: 0.38 | FPS: 8282.6 | Var: dueling
Step: 2258944 | EPS: 0.45 | Rew: 0.50 | FPS: 7869.6 | Var: dueling
Step: 2259968 | EPS: 0.45 | Rew: 0.58 | FPS: 8038.4 | Var: dueling
Step: 2260992 | EPS: 0.45 | Rew: 0.57 | FPS: 7776.6 | Var: dueling
Step: 2262016 | EPS: 0.45 | Rew: 0.51 | FPS: 8077.1 | Var: dueling
Step: 2263040 | EPS: 0.45 | Rew: 0.50 | FPS: 7572.0 | Var: dueling
Step: 2264064 | EPS: 0.45 | Rew: 0.35 | FPS: 7787.5 | Var: dueling
Step: 2265088 | EPS: 0.45 | Rew: 0.35 | FPS: 8066.0 | Var: dueling
Step: 2266112 | EPS: 0.44 | Rew: 0.45 | FPS: 8207.7 | Var: dueling
Step: 2267136 | EPS: 0.44 | Rew: 0.52 | FPS: 7769.0 | Var: dueling
Step: 2268160 | EPS: 0.44 | Rew: 0.40 | FPS: 7894.1 | Var: dueling
Step: 2269184 | EPS: 0.44 | Rew: 0.40 | FPS: 8039.4 | Var: dueling
Step: 2270208 | EPS: 0.44 | Rew: 0.35 | FPS: 7975.2 | Var: dueling
Step: 2271232 | EPS: 0.44 | Rew: 0.32 | FPS: 8132.8 | Var: dueling
Step: 2272256 | EPS: 0.44 | Rew: 0.31 | FPS: 5783.5 | Var: dueling
Step: 2273280 | EPS: 0.44 | Rew: 0.38 | FPS: 7189.6 | Var: dueling
Step: 2274304 | EPS: 0.44 | Rew: 0.38 | FPS: 8047.5 | Var: dueling
Step: 2275328 | EPS: 0.44 | Rew: 0.37 | FPS: 8095.3 | Var: dueling
Step: 2276352 | EPS: 0.44 | Rew: 0.41 | FPS: 8188.8 | Var: dueling
Step: 2277376 | EPS: 0.44 | Rew: 0.38 | FPS: 7939.0 | Var: dueling
Step: 2278400 | EPS: 0.44 | Rew: 0.34 | FPS: 8362.9 | Var: dueling
Step: 2279424 | EPS: 0.44 | Rew: 0.30 | FPS: 8546.1 | Var: dueling
Step: 2280448 | EPS: 0.44 | Rew: 0.33 | FPS: 8078.4 | Var: dueling
Step: 2281472 | EPS: 0.44 | Rew: 0.48 | FPS: 8202.2 | Var: dueling
Step: 2282496 | EPS: 0.44 | Rew: 0.47 | FPS: 7497.9 | Var: dueling
Step: 2283520 | EPS: 0.44 | Rew: 0.56 | FPS: 7681.6 | Var: dueling
Step: 2284544 | EPS: 0.44 | Rew: 0.58 | FPS: 6937.0 | Var: dueling
Step: 2285568 | EPS: 0.44 | Rew: 0.59 | FPS: 7378.3 | Var: dueling
Step: 2286592 | EPS: 0.44 | Rew: 0.55 | FPS: 7976.5 | Var: dueling
Step: 2287616 | EPS: 0.44 | Rew: 0.56 | FPS: 6491.8 | Var: dueling
Step: 2288640 | EPS: 0.44 | Rew: 0.41 | FPS: 4837.6 | Var: dueling
Step: 2289664 | EPS: 0.44 | Rew: 0.44 | FPS: 8291.3 | Var: dueling
Step: 2290688 | EPS: 0.44 | Rew: 0.42 | FPS: 6915.6 | Var: dueling
Step: 2291712 | EPS: 0.44 | Rew: 0.42 | FPS: 7509.0 | Var: dueling
Step: 2292736 | EPS: 0.44 | Rew: 0.53 | FPS: 8291.9 | Var: dueling
Step: 2293760 | EPS: 0.44 | Rew: 0.63 | FPS: 8368.1 | Var: dueling
Step: 2294784 | EPS: 0.44 | Rew: 0.63 | FPS: 8097.4 | Var: dueling
Step: 2295808 | EPS: 0.44 | Rew: 0.64 | FPS: 8336.5 | Var: dueling
Step: 2296832 | EPS: 0.44 | Rew: 0.63 | FPS: 8099.9 | Var: dueling
Step: 2297856 | EPS: 0.44 | Rew: 0.56 | FPS: 7946.9 | Var: dueling
Step: 2298880 | EPS: 0.44 | Rew: 0.60 | FPS: 7760.5 | Var: dueling
Step: 2299904 | EPS: 0.44 | Rew: 0.58 | FPS: 7802.6 | Var: dueling
Step: 2300928 | EPS: 0.44 | Rew: 0.62 | FPS: 7911.6 | Var: dueling
Step: 2301952 | EPS: 0.44 | Rew: 0.56 | FPS: 8135.1 | Var: dueling
Step: 2302976 | EPS: 0.44 | Rew: 0.66 | FPS: 8044.7 | Var: dueling
Step: 2304000 | EPS: 0.44 | Rew: 0.72 | FPS: 7899.3 | Var: dueling
Step: 2305024 | EPS: 0.44 | Rew: 0.65 | FPS: 7980.9 | Var: dueling
Step: 2306048 | EPS: 0.44 | Rew: 0.64 | FPS: 8438.2 | Var: dueling
Step: 2307072 | EPS: 0.43 | Rew: 0.67 | FPS: 8262.5 | Var: dueling
Step: 2308096 | EPS: 0.43 | Rew: 0.66 | FPS: 8476.3 | Var: dueling
Step: 2309120 | EPS: 0.43 | Rew: 0.68 | FPS: 8158.2 | Var: dueling
Step: 2310144 | EPS: 0.43 | Rew: 0.61 | FPS: 7900.6 | Var: dueling
Step: 2311168 | EPS: 0.43 | Rew: 0.63 | FPS: 8315.4 | Var: dueling
Step: 2312192 | EPS: 0.43 | Rew: 0.66 | FPS: 8417.5 | Var: dueling
Step: 2313216 | EPS: 0.43 | Rew: 0.65 | FPS: 8223.6 | Var: dueling
Step: 2314240 | EPS: 0.43 | Rew: 0.61 | FPS: 7797.1 | Var: dueling
Step: 2315264 | EPS: 0.43 | Rew: 0.66 | FPS: 8064.2 | Var: dueling
Step: 2316288 | EPS: 0.43 | Rew: 0.66 | FPS: 7645.5 | Var: dueling
Step: 2317312 | EPS: 0.43 | Rew: 0.52 | FPS: 8196.4 | Var: dueling
Step: 2318336 | EPS: 0.43 | Rew: 0.43 | FPS: 7827.1 | Var: dueling
Step: 2319360 | EPS: 0.43 | Rew: 0.38 | FPS: 8019.3 | Var: dueling
Step: 2320384 | EPS: 0.43 | Rew: 0.33 | FPS: 7863.3 | Var: dueling
Step: 2321408 | EPS: 0.43 | Rew: 0.25 | FPS: 7930.2 | Var: dueling
Step: 2322432 | EPS: 0.43 | Rew: 0.27 | FPS: 7814.5 | Var: dueling
Step: 2323456 | EPS: 0.43 | Rew: 0.43 | FPS: 8053.7 | Var: dueling
Step: 2324480 | EPS: 0.43 | Rew: 0.48 | FPS: 7374.0 | Var: dueling
Step: 2325504 | EPS: 0.43 | Rew: 0.61 | FPS: 8008.7 | Var: dueling
Step: 2326528 | EPS: 0.43 | Rew: 0.65 | FPS: 7423.0 | Var: dueling
Step: 2327552 | EPS: 0.43 | Rew: 0.76 | FPS: 8064.7 | Var: dueling
Step: 2328576 | EPS: 0.43 | Rew: 0.78 | FPS: 7620.7 | Var: dueling
Step: 2329600 | EPS: 0.43 | Rew: 0.76 | FPS: 8206.6 | Var: dueling
Step: 2330624 | EPS: 0.43 | Rew: 0.66 | FPS: 8289.5 | Var: dueling
Step: 2331648 | EPS: 0.43 | Rew: 0.56 | FPS: 8195.5 | Var: dueling
Step: 2332672 | EPS: 0.43 | Rew: 0.62 | FPS: 8000.9 | Var: dueling
Step: 2333696 | EPS: 0.43 | Rew: 0.56 | FPS: 7800.6 | Var: dueling
Step: 2334720 | EPS: 0.43 | Rew: 0.65 | FPS: 7884.4 | Var: dueling
Step: 2335744 | EPS: 0.43 | Rew: 0.72 | FPS: 8049.4 | Var: dueling
Step: 2336768 | EPS: 0.43 | Rew: 0.80 | FPS: 7915.3 | Var: dueling
Step: 2337792 | EPS: 0.43 | Rew: 0.72 | FPS: 7867.1 | Var: dueling
Step: 2338816 | EPS: 0.43 | Rew: 0.63 | FPS: 7989.3 | Var: dueling
Step: 2339840 | EPS: 0.43 | Rew: 0.59 | FPS: 7992.4 | Var: dueling
Step: 2340864 | EPS: 0.43 | Rew: 0.55 | FPS: 7747.1 | Var: dueling
Step: 2341888 | EPS: 0.43 | Rew: 0.49 | FPS: 8066.3 | Var: dueling
Step: 2342912 | EPS: 0.43 | Rew: 0.52 | FPS: 6488.7 | Var: dueling
Step: 2343936 | EPS: 0.43 | Rew: 0.48 | FPS: 8368.7 | Var: dueling
Step: 2344960 | EPS: 0.43 | Rew: 0.56 | FPS: 8123.1 | Var: dueling
Step: 2345984 | EPS: 0.43 | Rew: 0.57 | FPS: 7914.7 | Var: dueling
Step: 2347008 | EPS: 0.42 | Rew: 0.58 | FPS: 8047.1 | Var: dueling
Step: 2348032 | EPS: 0.42 | Rew: 0.47 | FPS: 8004.5 | Var: dueling
Step: 2349056 | EPS: 0.42 | Rew: 0.48 | FPS: 8349.4 | Var: dueling
Step: 2350080 | EPS: 0.42 | Rew: 0.62 | FPS: 7911.1 | Var: dueling
Step: 2351104 | EPS: 0.42 | Rew: 0.58 | FPS: 8312.1 | Var: dueling
Step: 2352128 | EPS: 0.42 | Rew: 0.62 | FPS: 7800.5 | Var: dueling
Step: 2353152 | EPS: 0.42 | Rew: 0.65 | FPS: 7958.3 | Var: dueling
Step: 2354176 | EPS: 0.42 | Rew: 0.68 | FPS: 5510.7 | Var: dueling
Step: 2355200 | EPS: 0.42 | Rew: 0.64 | FPS: 7679.5 | Var: dueling
Step: 2356224 | EPS: 0.42 | Rew: 0.56 | FPS: 8161.4 | Var: dueling
Step: 2357248 | EPS: 0.42 | Rew: 0.61 | FPS: 7922.8 | Var: dueling
Step: 2358272 | EPS: 0.42 | Rew: 0.66 | FPS: 8376.8 | Var: dueling
Step: 2359296 | EPS: 0.42 | Rew: 0.65 | FPS: 7776.3 | Var: dueling
Step: 2360320 | EPS: 0.42 | Rew: 0.66 | FPS: 7721.1 | Var: dueling
Step: 2361344 | EPS: 0.42 | Rew: 0.75 | FPS: 7980.1 | Var: dueling
Step: 2362368 | EPS: 0.42 | Rew: 0.73 | FPS: 7703.5 | Var: dueling
Step: 2363392 | EPS: 0.42 | Rew: 0.78 | FPS: 8039.0 | Var: dueling
Step: 2364416 | EPS: 0.42 | Rew: 0.82 | FPS: 8349.3 | Var: dueling
Step: 2365440 | EPS: 0.42 | Rew: 0.68 | FPS: 8317.3 | Var: dueling
Step: 2366464 | EPS: 0.42 | Rew: 0.66 | FPS: 7558.0 | Var: dueling
Step: 2367488 | EPS: 0.42 | Rew: 0.73 | FPS: 7806.9 | Var: dueling
Step: 2368512 | EPS: 0.42 | Rew: 0.76 | FPS: 8103.8 | Var: dueling
Step: 2369536 | EPS: 0.42 | Rew: 0.78 | FPS: 7954.4 | Var: dueling
Step: 2370560 | EPS: 0.42 | Rew: 0.76 | FPS: 8228.2 | Var: dueling
Step: 2371584 | EPS: 0.42 | Rew: 0.79 | FPS: 8047.1 | Var: dueling
Step: 2372608 | EPS: 0.42 | Rew: 0.67 | FPS: 8052.4 | Var: dueling
Step: 2373632 | EPS: 0.42 | Rew: 0.61 | FPS: 8451.6 | Var: dueling
Step: 2374656 | EPS: 0.42 | Rew: 0.56 | FPS: 8366.5 | Var: dueling
Step: 2375680 | EPS: 0.42 | Rew: 0.63 | FPS: 8468.0 | Var: dueling
Step: 2376704 | EPS: 0.42 | Rew: 0.65 | FPS: 8515.4 | Var: dueling
Step: 2377728 | EPS: 0.42 | Rew: 0.78 | FPS: 8414.3 | Var: dueling
Step: 2378752 | EPS: 0.42 | Rew: 0.81 | FPS: 7871.3 | Var: dueling
Step: 2379776 | EPS: 0.42 | Rew: 0.77 | FPS: 8021.2 | Var: dueling
Step: 2380800 | EPS: 0.42 | Rew: 0.75 | FPS: 8108.7 | Var: dueling
Step: 2381824 | EPS: 0.42 | Rew: 0.70 | FPS: 8121.1 | Var: dueling
Step: 2382848 | EPS: 0.42 | Rew: 0.53 | FPS: 7761.9 | Var: dueling
Step: 2383872 | EPS: 0.42 | Rew: 0.41 | FPS: 8368.3 | Var: dueling
Step: 2384896 | EPS: 0.42 | Rew: 0.39 | FPS: 8177.3 | Var: dueling
Step: 2385920 | EPS: 0.42 | Rew: 0.38 | FPS: 8139.9 | Var: dueling
Step: 2386944 | EPS: 0.42 | Rew: 0.53 | FPS: 7743.2 | Var: dueling
Step: 2387968 | EPS: 0.41 | Rew: 0.63 | FPS: 7979.0 | Var: dueling
Step: 2388992 | EPS: 0.41 | Rew: 0.64 | FPS: 8062.1 | Var: dueling
Step: 2390016 | EPS: 0.41 | Rew: 0.73 | FPS: 7659.9 | Var: dueling
Step: 2391040 | EPS: 0.41 | Rew: 0.66 | FPS: 8046.8 | Var: dueling
Step: 2392064 | EPS: 0.41 | Rew: 0.66 | FPS: 7917.2 | Var: dueling
Step: 2393088 | EPS: 0.41 | Rew: 0.65 | FPS: 7977.1 | Var: dueling
Step: 2394112 | EPS: 0.41 | Rew: 0.70 | FPS: 7617.5 | Var: dueling
Step: 2395136 | EPS: 0.41 | Rew: 0.65 | FPS: 8052.7 | Var: dueling
Step: 2396160 | EPS: 0.41 | Rew: 0.66 | FPS: 8109.4 | Var: dueling
Step: 2397184 | EPS: 0.41 | Rew: 0.72 | FPS: 7531.5 | Var: dueling
Step: 2398208 | EPS: 0.41 | Rew: 0.67 | FPS: 7977.5 | Var: dueling
Step: 2399232 | EPS: 0.41 | Rew: 0.77 | FPS: 8366.2 | Var: dueling
Step: 2400256 | EPS: 0.41 | Rew: 0.65 | FPS: 7809.9 | Var: dueling
Step: 2401280 | EPS: 0.41 | Rew: 0.64 | FPS: 7955.5 | Var: dueling
Step: 2402304 | EPS: 0.41 | Rew: 0.59 | FPS: 7859.1 | Var: dueling
Step: 2403328 | EPS: 0.41 | Rew: 0.56 | FPS: 6315.3 | Var: dueling
Step: 2404352 | EPS: 0.41 | Rew: 0.60 | FPS: 5704.3 | Var: dueling
Step: 2405376 | EPS: 0.41 | Rew: 0.56 | FPS: 8048.3 | Var: dueling
Step: 2406400 | EPS: 0.41 | Rew: 0.63 | FPS: 8015.2 | Var: dueling
Step: 2407424 | EPS: 0.41 | Rew: 0.67 | FPS: 7825.5 | Var: dueling
Step: 2408448 | EPS: 0.41 | Rew: 0.61 | FPS: 7882.5 | Var: dueling
Step: 2409472 | EPS: 0.41 | Rew: 0.66 | FPS: 7959.4 | Var: dueling
Step: 2410496 | EPS: 0.41 | Rew: 0.64 | FPS: 8231.2 | Var: dueling
Step: 2411520 | EPS: 0.41 | Rew: 0.54 | FPS: 7755.1 | Var: dueling
Step: 2412544 | EPS: 0.41 | Rew: 0.47 | FPS: 9165.9 | Var: dueling
Step: 2413568 | EPS: 0.41 | Rew: 0.64 | FPS: 9461.7 | Var: dueling
Step: 2414592 | EPS: 0.41 | Rew: 0.63 | FPS: 9418.4 | Var: dueling
Step: 2415616 | EPS: 0.41 | Rew: 0.66 | FPS: 8045.5 | Var: dueling
Step: 2416640 | EPS: 0.41 | Rew: 0.62 | FPS: 7287.3 | Var: dueling
Step: 2417664 | EPS: 0.41 | Rew: 0.60 | FPS: 7837.9 | Var: dueling
Step: 2418688 | EPS: 0.41 | Rew: 0.55 | FPS: 8247.1 | Var: dueling
Step: 2419712 | EPS: 0.41 | Rew: 0.59 | FPS: 8270.9 | Var: dueling
Step: 2420736 | EPS: 0.41 | Rew: 0.66 | FPS: 8088.4 | Var: dueling
Step: 2421760 | EPS: 0.41 | Rew: 0.60 | FPS: 6770.8 | Var: dueling
Step: 2422784 | EPS: 0.41 | Rew: 0.60 | FPS: 7939.0 | Var: dueling
Step: 2423808 | EPS: 0.41 | Rew: 0.72 | FPS: 7965.7 | Var: dueling
Step: 2424832 | EPS: 0.41 | Rew: 0.73 | FPS: 6848.6 | Var: dueling
Step: 2425856 | EPS: 0.41 | Rew: 0.67 | FPS: 7899.1 | Var: dueling
Step: 2426880 | EPS: 0.41 | Rew: 0.77 | FPS: 8312.8 | Var: dueling
Step: 2427904 | EPS: 0.41 | Rew: 0.80 | FPS: 8016.9 | Var: dueling
Step: 2428928 | EPS: 0.40 | Rew: 0.72 | FPS: 8074.0 | Var: dueling
Step: 2429952 | EPS: 0.40 | Rew: 0.70 | FPS: 7768.9 | Var: dueling
Step: 2430976 | EPS: 0.40 | Rew: 0.69 | FPS: 8225.8 | Var: dueling
Step: 2432000 | EPS: 0.40 | Rew: 0.57 | FPS: 7826.0 | Var: dueling
Step: 2433024 | EPS: 0.40 | Rew: 0.53 | FPS: 8454.3 | Var: dueling
Step: 2434048 | EPS: 0.40 | Rew: 0.54 | FPS: 10289.1 | Var: dueling
Step: 2435072 | EPS: 0.40 | Rew: 0.65 | FPS: 9464.8 | Var: dueling
Step: 2436096 | EPS: 0.40 | Rew: 0.67 | FPS: 8940.8 | Var: dueling
Step: 2437120 | EPS: 0.40 | Rew: 0.83 | FPS: 9775.2 | Var: dueling
Step: 2438144 | EPS: 0.40 | Rew: 0.79 | FPS: 5635.4 | Var: dueling
Step: 2439168 | EPS: 0.40 | Rew: 0.85 | FPS: 7674.3 | Var: dueling
>>> [Best] Saved -> agent/checkpoints/dueling_pretrain.pth | Rew 0.85
Step: 2440192 | EPS: 0.40 | Rew: 0.72 | FPS: 8204.0 | Var: dueling
Step: 2441216 | EPS: 0.40 | Rew: 0.69 | FPS: 7922.4 | Var: dueling
Step: 2442240 | EPS: 0.40 | Rew: 0.49 | FPS: 8128.9 | Var: dueling
Step: 2443264 | EPS: 0.40 | Rew: 0.59 | FPS: 8437.1 | Var: dueling
Step: 2444288 | EPS: 0.40 | Rew: 0.63 | FPS: 8386.2 | Var: dueling
Step: 2445312 | EPS: 0.40 | Rew: 0.52 | FPS: 7895.1 | Var: dueling
Step: 2446336 | EPS: 0.40 | Rew: 0.71 | FPS: 7591.0 | Var: dueling
Step: 2447360 | EPS: 0.40 | Rew: 0.77 | FPS: 7586.5 | Var: dueling
Step: 2448384 | EPS: 0.40 | Rew: 0.77 | FPS: 8016.4 | Var: dueling
Step: 2449408 | EPS: 0.40 | Rew: 0.75 | FPS: 8099.3 | Var: dueling
Step: 2450432 | EPS: 0.40 | Rew: 0.84 | FPS: 8173.1 | Var: dueling
Step: 2451456 | EPS: 0.40 | Rew: 0.85 | FPS: 8514.8 | Var: dueling
Step: 2452480 | EPS: 0.40 | Rew: 0.87 | FPS: 7905.3 | Var: dueling
Step: 2453504 | EPS: 0.40 | Rew: 0.89 | FPS: 7658.5 | Var: dueling
Step: 2454528 | EPS: 0.40 | Rew: 0.85 | FPS: 4959.2 | Var: dueling
Step: 2455552 | EPS: 0.40 | Rew: 0.78 | FPS: 8104.9 | Var: dueling
Step: 2456576 | EPS: 0.40 | Rew: 0.68 | FPS: 8188.1 | Var: dueling
Step: 2457600 | EPS: 0.40 | Rew: 0.59 | FPS: 8329.5 | Var: dueling
Step: 2458624 | EPS: 0.40 | Rew: 0.67 | FPS: 7856.5 | Var: dueling
Step: 2459648 | EPS: 0.40 | Rew: 0.69 | FPS: 7638.3 | Var: dueling
Step: 2460672 | EPS: 0.40 | Rew: 0.67 | FPS: 7613.8 | Var: dueling
Step: 2461696 | EPS: 0.40 | Rew: 0.69 | FPS: 7742.2 | Var: dueling
Step: 2462720 | EPS: 0.40 | Rew: 0.80 | FPS: 7760.3 | Var: dueling
Step: 2463744 | EPS: 0.40 | Rew: 0.72 | FPS: 7954.2 | Var: dueling
Step: 2464768 | EPS: 0.40 | Rew: 0.71 | FPS: 7803.0 | Var: dueling
Step: 2465792 | EPS: 0.40 | Rew: 0.60 | FPS: 6722.0 | Var: dueling
Step: 2466816 | EPS: 0.40 | Rew: 0.64 | FPS: 7661.5 | Var: dueling
Step: 2467840 | EPS: 0.40 | Rew: 0.53 | FPS: 6470.3 | Var: dueling
Step: 2468864 | EPS: 0.40 | Rew: 0.56 | FPS: 7838.7 | Var: dueling
Step: 2469888 | EPS: 0.39 | Rew: 0.56 | FPS: 4899.5 | Var: dueling
Step: 2470912 | EPS: 0.39 | Rew: 0.57 | FPS: 7790.1 | Var: dueling
Step: 2471936 | EPS: 0.39 | Rew: 0.59 | FPS: 7883.4 | Var: dueling
Step: 2472960 | EPS: 0.39 | Rew: 0.57 | FPS: 7762.1 | Var: dueling
Step: 2473984 | EPS: 0.39 | Rew: 0.76 | FPS: 7978.9 | Var: dueling
Step: 2475008 | EPS: 0.39 | Rew: 0.69 | FPS: 8136.4 | Var: dueling
Step: 2476032 | EPS: 0.39 | Rew: 0.71 | FPS: 7675.2 | Var: dueling
Step: 2477056 | EPS: 0.39 | Rew: 0.78 | FPS: 5578.3 | Var: dueling
Step: 2478080 | EPS: 0.39 | Rew: 0.77 | FPS: 8491.1 | Var: dueling
Step: 2479104 | EPS: 0.39 | Rew: 0.80 | FPS: 7568.5 | Var: dueling
Step: 2480128 | EPS: 0.39 | Rew: 0.80 | FPS: 7504.6 | Var: dueling
Step: 2481152 | EPS: 0.39 | Rew: 0.70 | FPS: 6728.6 | Var: dueling
Step: 2482176 | EPS: 0.39 | Rew: 0.67 | FPS: 8073.0 | Var: dueling
Step: 2483200 | EPS: 0.39 | Rew: 0.64 | FPS: 8142.4 | Var: dueling
Step: 2484224 | EPS: 0.39 | Rew: 0.61 | FPS: 5476.1 | Var: dueling
Step: 2485248 | EPS: 0.39 | Rew: 0.70 | FPS: 7060.6 | Var: dueling
Step: 2486272 | EPS: 0.39 | Rew: 0.69 | FPS: 7457.6 | Var: dueling
Step: 2487296 | EPS: 0.39 | Rew: 0.69 | FPS: 7488.6 | Var: dueling
Step: 2488320 | EPS: 0.39 | Rew: 0.72 | FPS: 7709.7 | Var: dueling
Step: 2489344 | EPS: 0.39 | Rew: 0.83 | FPS: 8188.2 | Var: dueling
Step: 2490368 | EPS: 0.39 | Rew: 0.82 | FPS: 7999.2 | Var: dueling
Step: 2491392 | EPS: 0.39 | Rew: 0.84 | FPS: 8297.0 | Var: dueling
Step: 2492416 | EPS: 0.39 | Rew: 0.93 | FPS: 7908.1 | Var: dueling
Step: 2493440 | EPS: 0.39 | Rew: 0.96 | FPS: 7438.9 | Var: dueling
Step: 2494464 | EPS: 0.39 | Rew: 0.91 | FPS: 7973.5 | Var: dueling
Step: 2495488 | EPS: 0.39 | Rew: 0.81 | FPS: 8261.2 | Var: dueling
Step: 2496512 | EPS: 0.39 | Rew: 0.80 | FPS: 8510.4 | Var: dueling
Step: 2497536 | EPS: 0.39 | Rew: 0.79 | FPS: 7889.4 | Var: dueling
Step: 2498560 | EPS: 0.39 | Rew: 0.73 | FPS: 7874.2 | Var: dueling
Step: 2499584 | EPS: 0.39 | Rew: 0.77 | FPS: 7883.0 | Var: dueling
Step: 2500608 | EPS: 0.39 | Rew: 0.84 | FPS: 5041.5 | Var: dueling
Step: 2501632 | EPS: 0.39 | Rew: 0.86 | FPS: 7373.5 | Var: dueling
Step: 2502656 | EPS: 0.39 | Rew: 1.02 | FPS: 8189.6 | Var: dueling
Step: 2503680 | EPS: 0.39 | Rew: 1.10 | FPS: 7949.9 | Var: dueling
Step: 2504704 | EPS: 0.39 | Rew: 0.99 | FPS: 8072.9 | Var: dueling
Step: 2505728 | EPS: 0.39 | Rew: 0.90 | FPS: 8058.0 | Var: dueling
Step: 2506752 | EPS: 0.39 | Rew: 1.06 | FPS: 7962.8 | Var: dueling
Step: 2507776 | EPS: 0.39 | Rew: 0.86 | FPS: 8197.8 | Var: dueling
Step: 2508800 | EPS: 0.39 | Rew: 0.86 | FPS: 7687.9 | Var: dueling
Step: 2509824 | EPS: 0.39 | Rew: 0.85 | FPS: 7964.6 | Var: dueling
Step: 2510848 | EPS: 0.38 | Rew: 0.74 | FPS: 7888.6 | Var: dueling
Step: 2511872 | EPS: 0.38 | Rew: 0.60 | FPS: 8062.7 | Var: dueling
Step: 2512896 | EPS: 0.38 | Rew: 0.63 | FPS: 8028.3 | Var: dueling
Step: 2513920 | EPS: 0.38 | Rew: 0.65 | FPS: 7823.1 | Var: dueling
Step: 2514944 | EPS: 0.38 | Rew: 0.72 | FPS: 7967.6 | Var: dueling
Step: 2515968 | EPS: 0.38 | Rew: 0.82 | FPS: 7529.9 | Var: dueling
Step: 2516992 | EPS: 0.38 | Rew: 0.93 | FPS: 7968.2 | Var: dueling
Step: 2518016 | EPS: 0.38 | Rew: 0.86 | FPS: 7526.9 | Var: dueling
Step: 2519040 | EPS: 0.38 | Rew: 0.88 | FPS: 7927.5 | Var: dueling
Step: 2520064 | EPS: 0.38 | Rew: 0.93 | FPS: 8064.0 | Var: dueling
Step: 2521088 | EPS: 0.38 | Rew: 0.96 | FPS: 7898.6 | Var: dueling
Step: 2522112 | EPS: 0.38 | Rew: 0.85 | FPS: 7627.9 | Var: dueling
Step: 2523136 | EPS: 0.38 | Rew: 0.91 | FPS: 7892.2 | Var: dueling
Step: 2524160 | EPS: 0.38 | Rew: 1.06 | FPS: 7678.9 | Var: dueling
Step: 2525184 | EPS: 0.38 | Rew: 0.91 | FPS: 7814.6 | Var: dueling
Step: 2526208 | EPS: 0.38 | Rew: 0.90 | FPS: 8110.0 | Var: dueling
Step: 2527232 | EPS: 0.38 | Rew: 0.86 | FPS: 8362.5 | Var: dueling
Step: 2528256 | EPS: 0.38 | Rew: 0.83 | FPS: 7828.9 | Var: dueling
Step: 2529280 | EPS: 0.38 | Rew: 0.82 | FPS: 7935.2 | Var: dueling
Step: 2530304 | EPS: 0.38 | Rew: 0.73 | FPS: 7995.3 | Var: dueling
Step: 2531328 | EPS: 0.38 | Rew: 0.87 | FPS: 6626.6 | Var: dueling
Step: 2532352 | EPS: 0.38 | Rew: 0.88 | FPS: 8147.4 | Var: dueling
Step: 2533376 | EPS: 0.38 | Rew: 0.87 | FPS: 6696.1 | Var: dueling
Step: 2534400 | EPS: 0.38 | Rew: 0.92 | FPS: 7676.0 | Var: dueling
Step: 2535424 | EPS: 0.38 | Rew: 1.01 | FPS: 8473.9 | Var: dueling
Step: 2536448 | EPS: 0.38 | Rew: 0.95 | FPS: 7988.3 | Var: dueling
Step: 2537472 | EPS: 0.38 | Rew: 0.94 | FPS: 7912.3 | Var: dueling
Step: 2538496 | EPS: 0.38 | Rew: 0.91 | FPS: 8144.4 | Var: dueling
Step: 2539520 | EPS: 0.38 | Rew: 0.88 | FPS: 7926.3 | Var: dueling
Step: 2540544 | EPS: 0.38 | Rew: 0.80 | FPS: 8060.9 | Var: dueling
Step: 2541568 | EPS: 0.38 | Rew: 0.77 | FPS: 7883.1 | Var: dueling
Step: 2542592 | EPS: 0.38 | Rew: 0.72 | FPS: 8198.1 | Var: dueling
Step: 2543616 | EPS: 0.38 | Rew: 0.65 | FPS: 8284.3 | Var: dueling
Step: 2544640 | EPS: 0.38 | Rew: 0.68 | FPS: 7714.3 | Var: dueling
Step: 2545664 | EPS: 0.38 | Rew: 0.65 | FPS: 7607.5 | Var: dueling
Step: 2546688 | EPS: 0.38 | Rew: 0.66 | FPS: 7952.5 | Var: dueling
Step: 2547712 | EPS: 0.38 | Rew: 0.66 | FPS: 7809.7 | Var: dueling
Step: 2548736 | EPS: 0.38 | Rew: 0.83 | FPS: 7811.6 | Var: dueling
Step: 2549760 | EPS: 0.38 | Rew: 0.95 | FPS: 8313.4 | Var: dueling
Step: 2550784 | EPS: 0.38 | Rew: 1.02 | FPS: 8227.2 | Var: dueling
Step: 2551808 | EPS: 0.37 | Rew: 1.18 | FPS: 8102.1 | Var: dueling
Step: 2552832 | EPS: 0.37 | Rew: 1.28 | FPS: 7819.0 | Var: dueling
Step: 2553856 | EPS: 0.37 | Rew: 1.16 | FPS: 8352.7 | Var: dueling
Step: 2554880 | EPS: 0.37 | Rew: 1.14 | FPS: 7880.9 | Var: dueling
Step: 2555904 | EPS: 0.37 | Rew: 1.08 | FPS: 7748.9 | Var: dueling
Step: 2556928 | EPS: 0.37 | Rew: 0.91 | FPS: 7638.8 | Var: dueling
Step: 2557952 | EPS: 0.37 | Rew: 0.99 | FPS: 7869.8 | Var: dueling
Step: 2558976 | EPS: 0.37 | Rew: 0.98 | FPS: 7855.6 | Var: dueling
Step: 2560000 | EPS: 0.37 | Rew: 0.88 | FPS: 8091.2 | Var: dueling
Step: 2561024 | EPS: 0.37 | Rew: 0.76 | FPS: 7924.2 | Var: dueling
Step: 2562048 | EPS: 0.37 | Rew: 0.60 | FPS: 8286.1 | Var: dueling
Step: 2563072 | EPS: 0.37 | Rew: 0.67 | FPS: 7733.2 | Var: dueling
Step: 2564096 | EPS: 0.37 | Rew: 0.67 | FPS: 7921.3 | Var: dueling
Step: 2565120 | EPS: 0.37 | Rew: 0.80 | FPS: 7706.7 | Var: dueling
Step: 2566144 | EPS: 0.37 | Rew: 0.89 | FPS: 8158.2 | Var: dueling
Step: 2567168 | EPS: 0.37 | Rew: 0.88 | FPS: 5313.7 | Var: dueling
Step: 2568192 | EPS: 0.37 | Rew: 0.82 | FPS: 8019.8 | Var: dueling
Step: 2569216 | EPS: 0.37 | Rew: 0.87 | FPS: 7596.0 | Var: dueling
Step: 2570240 | EPS: 0.37 | Rew: 0.82 | FPS: 8205.0 | Var: dueling
Step: 2571264 | EPS: 0.37 | Rew: 0.90 | FPS: 7838.1 | Var: dueling
Step: 2572288 | EPS: 0.37 | Rew: 0.87 | FPS: 7861.1 | Var: dueling
Step: 2573312 | EPS: 0.37 | Rew: 0.89 | FPS: 7078.5 | Var: dueling
Step: 2574336 | EPS: 0.37 | Rew: 0.79 | FPS: 7605.7 | Var: dueling
Step: 2575360 | EPS: 0.37 | Rew: 0.85 | FPS: 7765.2 | Var: dueling
Step: 2576384 | EPS: 0.37 | Rew: 0.88 | FPS: 8071.1 | Var: dueling
Step: 2577408 | EPS: 0.37 | Rew: 0.88 | FPS: 7815.9 | Var: dueling
Step: 2578432 | EPS: 0.37 | Rew: 0.93 | FPS: 7559.3 | Var: dueling
Step: 2579456 | EPS: 0.37 | Rew: 1.11 | FPS: 7733.1 | Var: dueling
Step: 2580480 | EPS: 0.37 | Rew: 1.10 | FPS: 8034.2 | Var: dueling
Step: 2581504 | EPS: 0.37 | Rew: 1.03 | FPS: 7696.8 | Var: dueling
Step: 2582528 | EPS: 0.37 | Rew: 1.04 | FPS: 4937.7 | Var: dueling
Step: 2583552 | EPS: 0.37 | Rew: 1.04 | FPS: 7853.4 | Var: dueling
Step: 2584576 | EPS: 0.37 | Rew: 0.89 | FPS: 7699.4 | Var: dueling
Step: 2585600 | EPS: 0.37 | Rew: 1.04 | FPS: 7618.7 | Var: dueling
Step: 2586624 | EPS: 0.37 | Rew: 1.10 | FPS: 6790.1 | Var: dueling
Step: 2587648 | EPS: 0.37 | Rew: 1.03 | FPS: 7949.9 | Var: dueling
Step: 2588672 | EPS: 0.37 | Rew: 1.02 | FPS: 7764.8 | Var: dueling
Step: 2589696 | EPS: 0.37 | Rew: 0.98 | FPS: 7952.5 | Var: dueling
Step: 2590720 | EPS: 0.37 | Rew: 0.82 | FPS: 8045.8 | Var: dueling
Step: 2591744 | EPS: 0.37 | Rew: 0.75 | FPS: 7939.0 | Var: dueling
Step: 2592768 | EPS: 0.36 | Rew: 0.81 | FPS: 6589.0 | Var: dueling
Step: 2593792 | EPS: 0.36 | Rew: 0.75 | FPS: 8357.1 | Var: dueling
Step: 2594816 | EPS: 0.36 | Rew: 0.80 | FPS: 8055.3 | Var: dueling
Step: 2595840 | EPS: 0.36 | Rew: 0.76 | FPS: 7746.0 | Var: dueling
Step: 2596864 | EPS: 0.36 | Rew: 0.79 | FPS: 8003.6 | Var: dueling
Step: 2597888 | EPS: 0.36 | Rew: 0.68 | FPS: 5264.7 | Var: dueling
Step: 2598912 | EPS: 0.36 | Rew: 0.85 | FPS: 8008.2 | Var: dueling
Step: 2599936 | EPS: 0.36 | Rew: 0.96 | FPS: 7852.2 | Var: dueling
Step: 2600960 | EPS: 0.36 | Rew: 1.00 | FPS: 7953.7 | Var: dueling
Step: 2601984 | EPS: 0.36 | Rew: 1.01 | FPS: 7882.8 | Var: dueling
Step: 2603008 | EPS: 0.36 | Rew: 0.99 | FPS: 8276.9 | Var: dueling
Step: 2604032 | EPS: 0.36 | Rew: 0.93 | FPS: 7777.1 | Var: dueling
Step: 2605056 | EPS: 0.36 | Rew: 0.85 | FPS: 8433.6 | Var: dueling
Step: 2606080 | EPS: 0.36 | Rew: 0.85 | FPS: 7690.9 | Var: dueling
Step: 2607104 | EPS: 0.36 | Rew: 0.80 | FPS: 7962.8 | Var: dueling
Step: 2608128 | EPS: 0.36 | Rew: 0.79 | FPS: 8453.1 | Var: dueling
Step: 2609152 | EPS: 0.36 | Rew: 0.78 | FPS: 8251.1 | Var: dueling
Step: 2610176 | EPS: 0.36 | Rew: 0.81 | FPS: 7760.8 | Var: dueling
Step: 2611200 | EPS: 0.36 | Rew: 0.83 | FPS: 7863.6 | Var: dueling
Step: 2612224 | EPS: 0.36 | Rew: 1.12 | FPS: 8255.3 | Var: dueling
Step: 2613248 | EPS: 0.36 | Rew: 1.25 | FPS: 7879.2 | Var: dueling
Step: 2614272 | EPS: 0.36 | Rew: 1.18 | FPS: 5106.2 | Var: dueling
Step: 2615296 | EPS: 0.36 | Rew: 1.23 | FPS: 8099.7 | Var: dueling
Step: 2616320 | EPS: 0.36 | Rew: 1.23 | FPS: 7994.0 | Var: dueling
Step: 2617344 | EPS: 0.36 | Rew: 1.06 | FPS: 8131.3 | Var: dueling
Step: 2618368 | EPS: 0.36 | Rew: 0.94 | FPS: 8024.9 | Var: dueling
Step: 2619392 | EPS: 0.36 | Rew: 0.94 | FPS: 7679.5 | Var: dueling
Step: 2620416 | EPS: 0.36 | Rew: 0.94 | FPS: 6652.8 | Var: dueling
Step: 2621440 | EPS: 0.36 | Rew: 0.87 | FPS: 8013.8 | Var: dueling
Step: 2622464 | EPS: 0.36 | Rew: 0.79 | FPS: 8144.3 | Var: dueling
Step: 2623488 | EPS: 0.36 | Rew: 0.73 | FPS: 8073.1 | Var: dueling
Step: 2624512 | EPS: 0.36 | Rew: 0.82 | FPS: 8106.1 | Var: dueling
Step: 2625536 | EPS: 0.36 | Rew: 0.83 | FPS: 7903.3 | Var: dueling
Step: 2626560 | EPS: 0.36 | Rew: 0.78 | FPS: 7526.5 | Var: dueling
Step: 2627584 | EPS: 0.36 | Rew: 0.83 | FPS: 7821.0 | Var: dueling
Step: 2628608 | EPS: 0.36 | Rew: 0.97 | FPS: 8119.5 | Var: dueling
Step: 2629632 | EPS: 0.36 | Rew: 1.02 | FPS: 4647.6 | Var: dueling
Step: 2630656 | EPS: 0.36 | Rew: 0.96 | FPS: 7760.6 | Var: dueling
Step: 2631680 | EPS: 0.36 | Rew: 1.10 | FPS: 6886.2 | Var: dueling
Step: 2632704 | EPS: 0.35 | Rew: 1.02 | FPS: 6495.7 | Var: dueling
Step: 2633728 | EPS: 0.35 | Rew: 0.91 | FPS: 8094.9 | Var: dueling
Step: 2634752 | EPS: 0.35 | Rew: 0.93 | FPS: 7799.9 | Var: dueling
Step: 2635776 | EPS: 0.35 | Rew: 0.79 | FPS: 8017.5 | Var: dueling
Step: 2636800 | EPS: 0.35 | Rew: 0.70 | FPS: 8115.7 | Var: dueling
Step: 2637824 | EPS: 0.35 | Rew: 0.84 | FPS: 7931.6 | Var: dueling
Step: 2638848 | EPS: 0.35 | Rew: 0.85 | FPS: 8019.9 | Var: dueling
Step: 2639872 | EPS: 0.35 | Rew: 0.86 | FPS: 8449.1 | Var: dueling
Step: 2640896 | EPS: 0.35 | Rew: 1.00 | FPS: 7811.5 | Var: dueling
Step: 2641920 | EPS: 0.35 | Rew: 1.08 | FPS: 8101.0 | Var: dueling
Step: 2642944 | EPS: 0.35 | Rew: 1.03 | FPS: 7905.7 | Var: dueling
Step: 2643968 | EPS: 0.35 | Rew: 1.07 | FPS: 7830.0 | Var: dueling
Step: 2644992 | EPS: 0.35 | Rew: 1.15 | FPS: 5124.7 | Var: dueling
Step: 2646016 | EPS: 0.35 | Rew: 1.39 | FPS: 8130.0 | Var: dueling
>>> [Best] Saved -> agent/checkpoints/dueling_pretrain.pth | Rew 1.39
Step: 2647040 | EPS: 0.35 | Rew: 1.30 | FPS: 8079.3 | Var: dueling
Step: 2648064 | EPS: 0.35 | Rew: 1.38 | FPS: 7947.2 | Var: dueling
Step: 2649088 | EPS: 0.35 | Rew: 1.38 | FPS: 7728.2 | Var: dueling
Step: 2650112 | EPS: 0.35 | Rew: 1.20 | FPS: 7847.2 | Var: dueling
Step: 2651136 | EPS: 0.35 | Rew: 1.10 | FPS: 6552.3 | Var: dueling
Step: 2652160 | EPS: 0.35 | Rew: 1.07 | FPS: 7912.8 | Var: dueling
Step: 2653184 | EPS: 0.35 | Rew: 0.89 | FPS: 7549.1 | Var: dueling
Step: 2654208 | EPS: 0.35 | Rew: 0.87 | FPS: 7662.0 | Var: dueling
Step: 2655232 | EPS: 0.35 | Rew: 0.96 | FPS: 8054.2 | Var: dueling
Step: 2656256 | EPS: 0.35 | Rew: 0.93 | FPS: 7542.1 | Var: dueling
Step: 2657280 | EPS: 0.35 | Rew: 1.03 | FPS: 7304.6 | Var: dueling
Step: 2658304 | EPS: 0.35 | Rew: 1.09 | FPS: 7633.8 | Var: dueling
Step: 2659328 | EPS: 0.35 | Rew: 1.04 | FPS: 7248.6 | Var: dueling
Step: 2660352 | EPS: 0.35 | Rew: 0.95 | FPS: 4754.2 | Var: dueling
Step: 2661376 | EPS: 0.35 | Rew: 0.88 | FPS: 7479.2 | Var: dueling
Step: 2662400 | EPS: 0.35 | Rew: 0.90 | FPS: 7758.8 | Var: dueling
Step: 2663424 | EPS: 0.35 | Rew: 0.98 | FPS: 6266.3 | Var: dueling
Step: 2664448 | EPS: 0.35 | Rew: 1.21 | FPS: 8143.3 | Var: dueling
Step: 2665472 | EPS: 0.35 | Rew: 1.28 | FPS: 7591.3 | Var: dueling
Step: 2666496 | EPS: 0.35 | Rew: 1.28 | FPS: 8407.1 | Var: dueling
Step: 2667520 | EPS: 0.35 | Rew: 1.38 | FPS: 7620.6 | Var: dueling
Step: 2668544 | EPS: 0.35 | Rew: 1.22 | FPS: 8050.1 | Var: dueling
Step: 2669568 | EPS: 0.35 | Rew: 1.17 | FPS: 8103.7 | Var: dueling
Step: 2670592 | EPS: 0.35 | Rew: 1.16 | FPS: 6659.2 | Var: dueling
Step: 2671616 | EPS: 0.35 | Rew: 1.00 | FPS: 6672.7 | Var: dueling
Step: 2672640 | EPS: 0.35 | Rew: 0.95 | FPS: 7227.6 | Var: dueling
Step: 2673664 | EPS: 0.34 | Rew: 0.77 | FPS: 8136.2 | Var: dueling
Step: 2674688 | EPS: 0.34 | Rew: 0.81 | FPS: 6905.1 | Var: dueling
Step: 2675712 | EPS: 0.34 | Rew: 0.84 | FPS: 4991.8 | Var: dueling
Step: 2676736 | EPS: 0.34 | Rew: 0.79 | FPS: 7994.3 | Var: dueling
Step: 2677760 | EPS: 0.34 | Rew: 1.03 | FPS: 8008.6 | Var: dueling
Step: 2678784 | EPS: 0.34 | Rew: 1.23 | FPS: 8076.3 | Var: dueling
Step: 2679808 | EPS: 0.34 | Rew: 1.16 | FPS: 7720.8 | Var: dueling
Step: 2680832 | EPS: 0.34 | Rew: 1.17 | FPS: 7404.3 | Var: dueling
Step: 2681856 | EPS: 0.34 | Rew: 1.19 | FPS: 7534.8 | Var: dueling
Step: 2682880 | EPS: 0.34 | Rew: 1.15 | FPS: 8035.2 | Var: dueling
Step: 2683904 | EPS: 0.34 | Rew: 1.12 | FPS: 7955.1 | Var: dueling
Step: 2684928 | EPS: 0.34 | Rew: 1.17 | FPS: 7225.6 | Var: dueling
Step: 2685952 | EPS: 0.34 | Rew: 1.20 | FPS: 7411.4 | Var: dueling
Step: 2686976 | EPS: 0.34 | Rew: 1.04 | FPS: 7587.7 | Var: dueling
Step: 2688000 | EPS: 0.34 | Rew: 1.05 | FPS: 7874.4 | Var: dueling
Step: 2689024 | EPS: 0.34 | Rew: 1.04 | FPS: 7628.4 | Var: dueling
Step: 2690048 | EPS: 0.34 | Rew: 1.03 | FPS: 8144.3 | Var: dueling
Step: 2691072 | EPS: 0.34 | Rew: 1.10 | FPS: 7916.9 | Var: dueling
Step: 2692096 | EPS: 0.34 | Rew: 1.08 | FPS: 7526.4 | Var: dueling
Step: 2693120 | EPS: 0.34 | Rew: 0.86 | FPS: 7822.2 | Var: dueling
Step: 2694144 | EPS: 0.34 | Rew: 0.97 | FPS: 7820.2 | Var: dueling
Step: 2695168 | EPS: 0.34 | Rew: 0.83 | FPS: 7579.6 | Var: dueling
Step: 2696192 | EPS: 0.34 | Rew: 0.76 | FPS: 7976.4 | Var: dueling
Step: 2697216 | EPS: 0.34 | Rew: 0.82 | FPS: 8103.1 | Var: dueling
Step: 2698240 | EPS: 0.34 | Rew: 0.95 | FPS: 7601.5 | Var: dueling
Step: 2699264 | EPS: 0.34 | Rew: 1.13 | FPS: 8336.4 | Var: dueling
Step: 2700288 | EPS: 0.34 | Rew: 1.08 | FPS: 7689.4 | Var: dueling
Step: 2701312 | EPS: 0.34 | Rew: 1.26 | FPS: 7650.8 | Var: dueling
Step: 2702336 | EPS: 0.34 | Rew: 1.38 | FPS: 8140.2 | Var: dueling
Step: 2703360 | EPS: 0.34 | Rew: 1.55 | FPS: 7575.5 | Var: dueling
Step: 2704384 | EPS: 0.34 | Rew: 1.46 | FPS: 7500.4 | Var: dueling
Step: 2705408 | EPS: 0.34 | Rew: 1.53 | FPS: 7743.9 | Var: dueling
Step: 2706432 | EPS: 0.34 | Rew: 1.42 | FPS: 4505.9 | Var: dueling
Step: 2707456 | EPS: 0.34 | Rew: 1.30 | FPS: 6796.1 | Var: dueling
Step: 2708480 | EPS: 0.34 | Rew: 1.09 | FPS: 7941.6 | Var: dueling
Step: 2709504 | EPS: 0.34 | Rew: 1.23 | FPS: 8043.8 | Var: dueling
Step: 2710528 | EPS: 0.34 | Rew: 1.20 | FPS: 7976.7 | Var: dueling
Step: 2711552 | EPS: 0.34 | Rew: 1.18 | FPS: 7372.9 | Var: dueling
Step: 2712576 | EPS: 0.34 | Rew: 1.18 | FPS: 7934.4 | Var: dueling
Step: 2713600 | EPS: 0.34 | Rew: 1.42 | FPS: 8192.5 | Var: dueling
Step: 2714624 | EPS: 0.33 | Rew: 1.16 | FPS: 8355.3 | Var: dueling
Step: 2715648 | EPS: 0.33 | Rew: 1.21 | FPS: 8440.0 | Var: dueling
Step: 2716672 | EPS: 0.33 | Rew: 1.07 | FPS: 8367.8 | Var: dueling
Step: 2717696 | EPS: 0.33 | Rew: 1.16 | FPS: 8274.3 | Var: dueling
Step: 2718720 | EPS: 0.33 | Rew: 1.08 | FPS: 8243.4 | Var: dueling
Step: 2719744 | EPS: 0.33 | Rew: 1.02 | FPS: 8341.6 | Var: dueling
Step: 2720768 | EPS: 0.33 | Rew: 1.05 | FPS: 7839.9 | Var: dueling
Step: 2721792 | EPS: 0.33 | Rew: 1.17 | FPS: 8060.4 | Var: dueling
Step: 2722816 | EPS: 0.33 | Rew: 1.16 | FPS: 8015.3 | Var: dueling
Step: 2723840 | EPS: 0.33 | Rew: 1.09 | FPS: 5559.7 | Var: dueling
Step: 2724864 | EPS: 0.33 | Rew: 1.01 | FPS: 6925.4 | Var: dueling
Step: 2725888 | EPS: 0.33 | Rew: 1.19 | FPS: 7997.3 | Var: dueling
Step: 2726912 | EPS: 0.33 | Rew: 1.07 | FPS: 7848.1 | Var: dueling
Step: 2727936 | EPS: 0.33 | Rew: 1.14 | FPS: 8222.4 | Var: dueling
Step: 2728960 | EPS: 0.33 | Rew: 1.14 | FPS: 8200.7 | Var: dueling
Step: 2729984 | EPS: 0.33 | Rew: 1.08 | FPS: 7251.6 | Var: dueling
Step: 2731008 | EPS: 0.33 | Rew: 1.04 | FPS: 7737.8 | Var: dueling
Step: 2732032 | EPS: 0.33 | Rew: 1.12 | FPS: 7959.3 | Var: dueling
Step: 2733056 | EPS: 0.33 | Rew: 1.01 | FPS: 7832.3 | Var: dueling
Step: 2734080 | EPS: 0.33 | Rew: 1.07 | FPS: 6681.5 | Var: dueling
Step: 2735104 | EPS: 0.33 | Rew: 1.15 | FPS: 8297.8 | Var: dueling
Step: 2736128 | EPS: 0.33 | Rew: 1.14 | FPS: 8199.5 | Var: dueling
Step: 2737152 | EPS: 0.33 | Rew: 1.08 | FPS: 8048.7 | Var: dueling
Step: 2738176 | EPS: 0.33 | Rew: 1.19 | FPS: 7670.2 | Var: dueling
Step: 2739200 | EPS: 0.33 | Rew: 1.17 | FPS: 6745.8 | Var: dueling
Step: 2740224 | EPS: 0.33 | Rew: 1.08 | FPS: 5045.7 | Var: dueling
Step: 2741248 | EPS: 0.33 | Rew: 1.29 | FPS: 8119.1 | Var: dueling
Step: 2742272 | EPS: 0.33 | Rew: 1.53 | FPS: 7871.1 | Var: dueling
Step: 2743296 | EPS: 0.33 | Rew: 1.54 | FPS: 8016.7 | Var: dueling
Step: 2744320 | EPS: 0.33 | Rew: 1.58 | FPS: 8136.9 | Var: dueling
Step: 2745344 | EPS: 0.33 | Rew: 1.65 | FPS: 7457.5 | Var: dueling
Step: 2746368 | EPS: 0.33 | Rew: 1.68 | FPS: 8283.6 | Var: dueling
Step: 2747392 | EPS: 0.33 | Rew: 1.30 | FPS: 7976.1 | Var: dueling
Step: 2748416 | EPS: 0.33 | Rew: 1.33 | FPS: 8111.5 | Var: dueling
Step: 2749440 | EPS: 0.33 | Rew: 1.22 | FPS: 6780.7 | Var: dueling
Step: 2750464 | EPS: 0.33 | Rew: 1.20 | FPS: 8135.6 | Var: dueling
Step: 2751488 | EPS: 0.33 | Rew: 1.16 | FPS: 8204.5 | Var: dueling
Step: 2752512 | EPS: 0.33 | Rew: 1.18 | FPS: 7964.6 | Var: dueling
Step: 2753536 | EPS: 0.33 | Rew: 1.32 | FPS: 8085.9 | Var: dueling
Step: 2754560 | EPS: 0.33 | Rew: 1.27 | FPS: 7692.4 | Var: dueling
Step: 2755584 | EPS: 0.32 | Rew: 1.19 | FPS: 8111.2 | Var: dueling
Step: 2756608 | EPS: 0.32 | Rew: 1.12 | FPS: 8200.3 | Var: dueling
Step: 2757632 | EPS: 0.32 | Rew: 0.97 | FPS: 8089.5 | Var: dueling
Step: 2758656 | EPS: 0.32 | Rew: 0.89 | FPS: 7927.1 | Var: dueling
Step: 2759680 | EPS: 0.32 | Rew: 0.93 | FPS: 7640.5 | Var: dueling
Step: 2760704 | EPS: 0.32 | Rew: 1.02 | FPS: 7749.3 | Var: dueling
Step: 2761728 | EPS: 0.32 | Rew: 1.21 | FPS: 7832.8 | Var: dueling
Step: 2762752 | EPS: 0.32 | Rew: 1.19 | FPS: 7453.5 | Var: dueling
Step: 2763776 | EPS: 0.32 | Rew: 1.27 | FPS: 7138.3 | Var: dueling
Step: 2764800 | EPS: 0.32 | Rew: 1.34 | FPS: 7170.3 | Var: dueling
Step: 2765824 | EPS: 0.32 | Rew: 1.25 | FPS: 7938.8 | Var: dueling
Step: 2766848 | EPS: 0.32 | Rew: 1.25 | FPS: 8050.4 | Var: dueling
Step: 2767872 | EPS: 0.32 | Rew: 1.15 | FPS: 8031.5 | Var: dueling
Step: 2768896 | EPS: 0.32 | Rew: 1.03 | FPS: 7868.1 | Var: dueling
Step: 2769920 | EPS: 0.32 | Rew: 1.14 | FPS: 7996.1 | Var: dueling
Step: 2770944 | EPS: 0.32 | Rew: 1.08 | FPS: 8000.1 | Var: dueling
Step: 2771968 | EPS: 0.32 | Rew: 1.06 | FPS: 5315.7 | Var: dueling
Step: 2772992 | EPS: 0.32 | Rew: 1.16 | FPS: 8085.2 | Var: dueling
Step: 2774016 | EPS: 0.32 | Rew: 1.29 | FPS: 7944.6 | Var: dueling
Step: 2775040 | EPS: 0.32 | Rew: 1.37 | FPS: 8115.0 | Var: dueling
Step: 2776064 | EPS: 0.32 | Rew: 1.34 | FPS: 6414.9 | Var: dueling
Step: 2777088 | EPS: 0.32 | Rew: 1.49 | FPS: 8196.5 | Var: dueling
Step: 2778112 | EPS: 0.32 | Rew: 1.26 | FPS: 8102.8 | Var: dueling
Step: 2779136 | EPS: 0.32 | Rew: 1.27 | FPS: 8174.1 | Var: dueling
Step: 2780160 | EPS: 0.32 | Rew: 1.14 | FPS: 8149.4 | Var: dueling
Step: 2781184 | EPS: 0.32 | Rew: 1.32 | FPS: 7729.4 | Var: dueling
Step: 2782208 | EPS: 0.32 | Rew: 1.22 | FPS: 8170.8 | Var: dueling
Step: 2783232 | EPS: 0.32 | Rew: 1.25 | FPS: 8328.4 | Var: dueling
Step: 2784256 | EPS: 0.32 | Rew: 1.30 | FPS: 8067.4 | Var: dueling
Step: 2785280 | EPS: 0.32 | Rew: 1.38 | FPS: 7795.6 | Var: dueling
Step: 2786304 | EPS: 0.32 | Rew: 1.43 | FPS: 8115.1 | Var: dueling
Step: 2787328 | EPS: 0.32 | Rew: 1.36 | FPS: 7565.3 | Var: dueling
Step: 2788352 | EPS: 0.32 | Rew: 1.36 | FPS: 7963.6 | Var: dueling
Step: 2789376 | EPS: 0.32 | Rew: 1.27 | FPS: 7988.6 | Var: dueling
Step: 2790400 | EPS: 0.32 | Rew: 1.38 | FPS: 7812.2 | Var: dueling
Step: 2791424 | EPS: 0.32 | Rew: 1.35 | FPS: 8245.2 | Var: dueling
Step: 2792448 | EPS: 0.32 | Rew: 1.31 | FPS: 7740.2 | Var: dueling
Step: 2793472 | EPS: 0.32 | Rew: 1.25 | FPS: 7994.6 | Var: dueling
Step: 2794496 | EPS: 0.32 | Rew: 1.29 | FPS: 7836.3 | Var: dueling
Step: 2795520 | EPS: 0.32 | Rew: 1.42 | FPS: 8092.2 | Var: dueling
Step: 2796544 | EPS: 0.31 | Rew: 1.39 | FPS: 7868.7 | Var: dueling
Step: 2797568 | EPS: 0.31 | Rew: 1.33 | FPS: 8302.2 | Var: dueling
Step: 2798592 | EPS: 0.31 | Rew: 1.33 | FPS: 8023.0 | Var: dueling
Step: 2799616 | EPS: 0.31 | Rew: 1.41 | FPS: 7872.0 | Var: dueling
Step: 2800640 | EPS: 0.31 | Rew: 1.37 | FPS: 8036.9 | Var: dueling
Step: 2801664 | EPS: 0.31 | Rew: 1.36 | FPS: 8015.4 | Var: dueling
Step: 2802688 | EPS: 0.31 | Rew: 1.43 | FPS: 7518.1 | Var: dueling
Step: 2803712 | EPS: 0.31 | Rew: 1.55 | FPS: 6748.8 | Var: dueling
Step: 2804736 | EPS: 0.31 | Rew: 1.51 | FPS: 7986.3 | Var: dueling
Step: 2805760 | EPS: 0.31 | Rew: 1.39 | FPS: 7060.6 | Var: dueling
Step: 2806784 | EPS: 0.31 | Rew: 1.35 | FPS: 8011.9 | Var: dueling
Step: 2807808 | EPS: 0.31 | Rew: 1.25 | FPS: 8137.2 | Var: dueling
Step: 2808832 | EPS: 0.31 | Rew: 1.10 | FPS: 8053.0 | Var: dueling
Step: 2809856 | EPS: 0.31 | Rew: 1.23 | FPS: 8321.7 | Var: dueling
Step: 2810880 | EPS: 0.31 | Rew: 1.28 | FPS: 8140.4 | Var: dueling
Step: 2811904 | EPS: 0.31 | Rew: 1.33 | FPS: 8252.2 | Var: dueling
Step: 2812928 | EPS: 0.31 | Rew: 1.39 | FPS: 8129.6 | Var: dueling
Step: 2813952 | EPS: 0.31 | Rew: 1.39 | FPS: 8223.9 | Var: dueling
Step: 2814976 | EPS: 0.31 | Rew: 1.44 | FPS: 8258.2 | Var: dueling
Step: 2816000 | EPS: 0.31 | Rew: 1.17 | FPS: 8023.8 | Var: dueling
Step: 2817024 | EPS: 0.31 | Rew: 1.21 | FPS: 8040.8 | Var: dueling
Step: 2818048 | EPS: 0.31 | Rew: 1.15 | FPS: 8089.5 | Var: dueling
Step: 2819072 | EPS: 0.31 | Rew: 1.11 | FPS: 8043.1 | Var: dueling
Step: 2820096 | EPS: 0.31 | Rew: 1.24 | FPS: 7925.1 | Var: dueling
Step: 2821120 | EPS: 0.31 | Rew: 1.25 | FPS: 4487.3 | Var: dueling
Step: 2822144 | EPS: 0.31 | Rew: 1.41 | FPS: 6901.4 | Var: dueling
Step: 2823168 | EPS: 0.31 | Rew: 1.40 | FPS: 8277.8 | Var: dueling
Step: 2824192 | EPS: 0.31 | Rew: 1.46 | FPS: 7867.7 | Var: dueling
Step: 2825216 | EPS: 0.31 | Rew: 1.23 | FPS: 8076.2 | Var: dueling
Step: 2826240 | EPS: 0.31 | Rew: 1.25 | FPS: 7849.0 | Var: dueling
Step: 2827264 | EPS: 0.31 | Rew: 1.17 | FPS: 7879.8 | Var: dueling
Step: 2828288 | EPS: 0.31 | Rew: 1.16 | FPS: 8192.3 | Var: dueling
Step: 2829312 | EPS: 0.31 | Rew: 1.23 | FPS: 7920.3 | Var: dueling
Step: 2830336 | EPS: 0.31 | Rew: 1.43 | FPS: 6963.8 | Var: dueling
Step: 2831360 | EPS: 0.31 | Rew: 1.35 | FPS: 7761.1 | Var: dueling
Step: 2832384 | EPS: 0.31 | Rew: 1.28 | FPS: 7904.5 | Var: dueling
Step: 2833408 | EPS: 0.31 | Rew: 1.33 | FPS: 7771.6 | Var: dueling
Step: 2834432 | EPS: 0.31 | Rew: 1.35 | FPS: 7841.2 | Var: dueling
Step: 2835456 | EPS: 0.31 | Rew: 1.37 | FPS: 6521.0 | Var: dueling
Step: 2836480 | EPS: 0.31 | Rew: 1.35 | FPS: 7845.7 | Var: dueling
Step: 2837504 | EPS: 0.30 | Rew: 1.32 | FPS: 7915.1 | Var: dueling
Step: 2838528 | EPS: 0.30 | Rew: 1.31 | FPS: 7935.9 | Var: dueling
Step: 2839552 | EPS: 0.30 | Rew: 1.22 | FPS: 7769.2 | Var: dueling
Step: 2840576 | EPS: 0.30 | Rew: 1.17 | FPS: 8038.8 | Var: dueling
Step: 2841600 | EPS: 0.30 | Rew: 1.14 | FPS: 7808.3 | Var: dueling
Step: 2842624 | EPS: 0.30 | Rew: 1.26 | FPS: 7910.8 | Var: dueling
Step: 2843648 | EPS: 0.30 | Rew: 1.26 | FPS: 8185.6 | Var: dueling
Step: 2844672 | EPS: 0.30 | Rew: 1.32 | FPS: 8222.0 | Var: dueling
Step: 2845696 | EPS: 0.30 | Rew: 1.42 | FPS: 7808.7 | Var: dueling
Step: 2846720 | EPS: 0.30 | Rew: 1.35 | FPS: 7755.6 | Var: dueling
Step: 2847744 | EPS: 0.30 | Rew: 1.36 | FPS: 8319.7 | Var: dueling
Step: 2848768 | EPS: 0.30 | Rew: 1.24 | FPS: 7952.0 | Var: dueling
Step: 2849792 | EPS: 0.30 | Rew: 1.29 | FPS: 8114.1 | Var: dueling
Step: 2850816 | EPS: 0.30 | Rew: 1.17 | FPS: 8186.9 | Var: dueling
Step: 2851840 | EPS: 0.30 | Rew: 1.12 | FPS: 7742.7 | Var: dueling
Step: 2852864 | EPS: 0.30 | Rew: 1.18 | FPS: 5811.0 | Var: dueling
Step: 2853888 | EPS: 0.30 | Rew: 1.28 | FPS: 7654.5 | Var: dueling
Step: 2854912 | EPS: 0.30 | Rew: 1.29 | FPS: 7964.6 | Var: dueling
Step: 2855936 | EPS: 0.30 | Rew: 1.32 | FPS: 7942.7 | Var: dueling
Step: 2856960 | EPS: 0.30 | Rew: 1.49 | FPS: 7938.8 | Var: dueling
Step: 2857984 | EPS: 0.30 | Rew: 1.57 | FPS: 8228.3 | Var: dueling
Step: 2859008 | EPS: 0.30 | Rew: 1.46 | FPS: 7549.1 | Var: dueling
Step: 2860032 | EPS: 0.30 | Rew: 1.44 | FPS: 7680.2 | Var: dueling
Step: 2861056 | EPS: 0.30 | Rew: 1.40 | FPS: 7667.9 | Var: dueling
Step: 2862080 | EPS: 0.30 | Rew: 1.35 | FPS: 8100.7 | Var: dueling
Step: 2863104 | EPS: 0.30 | Rew: 1.10 | FPS: 7650.1 | Var: dueling
Step: 2864128 | EPS: 0.30 | Rew: 1.26 | FPS: 8109.4 | Var: dueling
Step: 2865152 | EPS: 0.30 | Rew: 1.44 | FPS: 7683.8 | Var: dueling
Step: 2866176 | EPS: 0.30 | Rew: 1.46 | FPS: 8154.3 | Var: dueling
Step: 2867200 | EPS: 0.30 | Rew: 1.50 | FPS: 8174.2 | Var: dueling
Step: 2868224 | EPS: 0.30 | Rew: 1.48 | FPS: 5793.7 | Var: dueling
Step: 2869248 | EPS: 0.30 | Rew: 1.35 | FPS: 7225.5 | Var: dueling
Step: 2870272 | EPS: 0.30 | Rew: 1.14 | FPS: 8016.9 | Var: dueling
Step: 2871296 | EPS: 0.30 | Rew: 1.09 | FPS: 7930.3 | Var: dueling
Step: 2872320 | EPS: 0.30 | Rew: 1.11 | FPS: 8078.1 | Var: dueling
Step: 2873344 | EPS: 0.30 | Rew: 1.20 | FPS: 7994.7 | Var: dueling
Step: 2874368 | EPS: 0.30 | Rew: 1.18 | FPS: 7959.5 | Var: dueling
Step: 2875392 | EPS: 0.30 | Rew: 1.37 | FPS: 7921.5 | Var: dueling
Step: 2876416 | EPS: 0.30 | Rew: 1.43 | FPS: 7924.0 | Var: dueling
Step: 2877440 | EPS: 0.30 | Rew: 1.42 | FPS: 7830.4 | Var: dueling
Step: 2878464 | EPS: 0.29 | Rew: 1.27 | FPS: 7925.3 | Var: dueling
Step: 2879488 | EPS: 0.29 | Rew: 1.35 | FPS: 8022.2 | Var: dueling
Step: 2880512 | EPS: 0.29 | Rew: 1.53 | FPS: 7439.3 | Var: dueling
Step: 2881536 | EPS: 0.29 | Rew: 1.54 | FPS: 8095.0 | Var: dueling
Step: 2882560 | EPS: 0.29 | Rew: 1.38 | FPS: 7896.0 | Var: dueling
Step: 2883584 | EPS: 0.29 | Rew: 1.53 | FPS: 8017.8 | Var: dueling
Step: 2884608 | EPS: 0.29 | Rew: 1.58 | FPS: 5476.1 | Var: dueling
Step: 2885632 | EPS: 0.29 | Rew: 1.27 | FPS: 7772.0 | Var: dueling
Step: 2886656 | EPS: 0.29 | Rew: 1.36 | FPS: 7988.2 | Var: dueling
Step: 2887680 | EPS: 0.29 | Rew: 1.41 | FPS: 7919.5 | Var: dueling
Step: 2888704 | EPS: 0.29 | Rew: 1.52 | FPS: 8043.7 | Var: dueling
Step: 2889728 | EPS: 0.29 | Rew: 1.43 | FPS: 7699.6 | Var: dueling
Step: 2890752 | EPS: 0.29 | Rew: 1.62 | FPS: 7908.7 | Var: dueling
Step: 2891776 | EPS: 0.29 | Rew: 1.65 | FPS: 7927.6 | Var: dueling
Step: 2892800 | EPS: 0.29 | Rew: 1.60 | FPS: 7731.5 | Var: dueling
Step: 2893824 | EPS: 0.29 | Rew: 1.49 | FPS: 8052.8 | Var: dueling
Step: 2894848 | EPS: 0.29 | Rew: 1.53 | FPS: 8024.9 | Var: dueling
Step: 2895872 | EPS: 0.29 | Rew: 1.59 | FPS: 7558.8 | Var: dueling
Step: 2896896 | EPS: 0.29 | Rew: 1.52 | FPS: 7915.4 | Var: dueling
Step: 2897920 | EPS: 0.29 | Rew: 1.47 | FPS: 7867.7 | Var: dueling
Step: 2898944 | EPS: 0.29 | Rew: 1.58 | FPS: 7447.9 | Var: dueling
Step: 2899968 | EPS: 0.29 | Rew: 1.58 | FPS: 5233.5 | Var: dueling
Step: 2900992 | EPS: 0.29 | Rew: 1.56 | FPS: 7003.5 | Var: dueling
Step: 2902016 | EPS: 0.29 | Rew: 1.72 | FPS: 7992.1 | Var: dueling
Step: 2903040 | EPS: 0.29 | Rew: 1.74 | FPS: 6486.8 | Var: dueling
Step: 2904064 | EPS: 0.29 | Rew: 1.67 | FPS: 7684.4 | Var: dueling
Step: 2905088 | EPS: 0.29 | Rew: 1.72 | FPS: 8039.8 | Var: dueling
Step: 2906112 | EPS: 0.29 | Rew: 1.68 | FPS: 8522.6 | Var: dueling
Step: 2907136 | EPS: 0.29 | Rew: 1.49 | FPS: 8228.5 | Var: dueling
Step: 2908160 | EPS: 0.29 | Rew: 1.55 | FPS: 8123.7 | Var: dueling
Step: 2909184 | EPS: 0.29 | Rew: 1.41 | FPS: 7706.6 | Var: dueling
Step: 2910208 | EPS: 0.29 | Rew: 1.40 | FPS: 7963.4 | Var: dueling
Step: 2911232 | EPS: 0.29 | Rew: 1.44 | FPS: 8220.7 | Var: dueling
Step: 2912256 | EPS: 0.29 | Rew: 1.55 | FPS: 7758.5 | Var: dueling
Step: 2913280 | EPS: 0.29 | Rew: 1.63 | FPS: 7864.5 | Var: dueling
Step: 2914304 | EPS: 0.29 | Rew: 1.54 | FPS: 8182.7 | Var: dueling
Step: 2915328 | EPS: 0.29 | Rew: 1.60 | FPS: 8032.1 | Var: dueling
Step: 2916352 | EPS: 0.29 | Rew: 1.61 | FPS: 4957.5 | Var: dueling
Step: 2917376 | EPS: 0.29 | Rew: 1.57 | FPS: 8215.0 | Var: dueling
Step: 2918400 | EPS: 0.28 | Rew: 1.57 | FPS: 8019.5 | Var: dueling
Step: 2919424 | EPS: 0.28 | Rew: 1.42 | FPS: 8087.7 | Var: dueling
Step: 2920448 | EPS: 0.28 | Rew: 1.40 | FPS: 8040.3 | Var: dueling
Step: 2921472 | EPS: 0.28 | Rew: 1.50 | FPS: 8196.3 | Var: dueling
Step: 2922496 | EPS: 0.28 | Rew: 1.64 | FPS: 8053.6 | Var: dueling
Step: 2923520 | EPS: 0.28 | Rew: 1.68 | FPS: 7769.6 | Var: dueling
Step: 2924544 | EPS: 0.28 | Rew: 1.74 | FPS: 8433.8 | Var: dueling
Step: 2925568 | EPS: 0.28 | Rew: 1.67 | FPS: 8300.9 | Var: dueling
Step: 2926592 | EPS: 0.28 | Rew: 1.89 | FPS: 7616.8 | Var: dueling
Step: 2927616 | EPS: 0.28 | Rew: 1.90 | FPS: 7905.3 | Var: dueling
>>> [Best] Saved -> agent/checkpoints/dueling_pretrain.pth | Rew 1.90
Step: 2928640 | EPS: 0.28 | Rew: 1.81 | FPS: 7890.9 | Var: dueling
Step: 2929664 | EPS: 0.28 | Rew: 1.56 | FPS: 8078.6 | Var: dueling
Step: 2930688 | EPS: 0.28 | Rew: 1.59 | FPS: 7914.8 | Var: dueling
Step: 2931712 | EPS: 0.28 | Rew: 1.60 | FPS: 5802.5 | Var: dueling
Step: 2932736 | EPS: 0.28 | Rew: 1.50 | FPS: 7037.4 | Var: dueling
Step: 2933760 | EPS: 0.28 | Rew: 1.48 | FPS: 8242.4 | Var: dueling
Step: 2934784 | EPS: 0.28 | Rew: 1.41 | FPS: 8247.8 | Var: dueling
Step: 2935808 | EPS: 0.28 | Rew: 1.60 | FPS: 6869.8 | Var: dueling
Step: 2936832 | EPS: 0.28 | Rew: 1.53 | FPS: 7312.0 | Var: dueling
Step: 2937856 | EPS: 0.28 | Rew: 1.57 | FPS: 6182.8 | Var: dueling
Step: 2938880 | EPS: 0.28 | Rew: 1.45 | FPS: 7859.6 | Var: dueling
Step: 2939904 | EPS: 0.28 | Rew: 1.53 | FPS: 8013.8 | Var: dueling
Step: 2940928 | EPS: 0.28 | Rew: 1.37 | FPS: 7803.3 | Var: dueling
Step: 2941952 | EPS: 0.28 | Rew: 1.36 | FPS: 8130.1 | Var: dueling
Step: 2942976 | EPS: 0.28 | Rew: 1.35 | FPS: 8385.6 | Var: dueling
Step: 2944000 | EPS: 0.28 | Rew: 1.42 | FPS: 7724.2 | Var: dueling
Step: 2945024 | EPS: 0.28 | Rew: 1.53 | FPS: 7797.8 | Var: dueling
Step: 2946048 | EPS: 0.28 | Rew: 1.54 | FPS: 6568.3 | Var: dueling
Step: 2947072 | EPS: 0.28 | Rew: 1.51 | FPS: 4994.0 | Var: dueling
Step: 2948096 | EPS: 0.28 | Rew: 1.51 | FPS: 7568.3 | Var: dueling
Step: 2949120 | EPS: 0.28 | Rew: 1.55 | FPS: 8094.3 | Var: dueling
Step: 2950144 | EPS: 0.28 | Rew: 1.59 | FPS: 8028.8 | Var: dueling
Step: 2951168 | EPS: 0.28 | Rew: 1.64 | FPS: 7883.2 | Var: dueling
Step: 2952192 | EPS: 0.28 | Rew: 1.81 | FPS: 8069.5 | Var: dueling
Step: 2953216 | EPS: 0.28 | Rew: 1.60 | FPS: 8245.3 | Var: dueling
Step: 2954240 | EPS: 0.28 | Rew: 1.61 | FPS: 7634.0 | Var: dueling
Step: 2955264 | EPS: 0.28 | Rew: 1.43 | FPS: 7764.7 | Var: dueling
Step: 2956288 | EPS: 0.28 | Rew: 1.53 | FPS: 8175.9 | Var: dueling
Step: 2957312 | EPS: 0.28 | Rew: 1.48 | FPS: 8300.8 | Var: dueling
Step: 2958336 | EPS: 0.28 | Rew: 1.44 | FPS: 8189.3 | Var: dueling
Step: 2959360 | EPS: 0.27 | Rew: 1.52 | FPS: 8260.4 | Var: dueling
Step: 2960384 | EPS: 0.27 | Rew: 1.57 | FPS: 8181.1 | Var: dueling
Step: 2961408 | EPS: 0.27 | Rew: 1.69 | FPS: 8158.6 | Var: dueling
Step: 2962432 | EPS: 0.27 | Rew: 1.82 | FPS: 7770.1 | Var: dueling
Step: 2963456 | EPS: 0.27 | Rew: 1.86 | FPS: 5326.0 | Var: dueling
Step: 2964480 | EPS: 0.27 | Rew: 1.96 | FPS: 8106.0 | Var: dueling
Step: 2965504 | EPS: 0.27 | Rew: 2.10 | FPS: 7871.6 | Var: dueling
Step: 2966528 | EPS: 0.27 | Rew: 2.16 | FPS: 8063.8 | Var: dueling
Step: 2967552 | EPS: 0.27 | Rew: 2.16 | FPS: 8415.5 | Var: dueling
Step: 2968576 | EPS: 0.27 | Rew: 2.15 | FPS: 6983.6 | Var: dueling
Step: 2969600 | EPS: 0.27 | Rew: 2.09 | FPS: 8048.4 | Var: dueling
Step: 2970624 | EPS: 0.27 | Rew: 1.86 | FPS: 8182.2 | Var: dueling
Step: 2971648 | EPS: 0.27 | Rew: 1.82 | FPS: 8435.6 | Var: dueling
Step: 2972672 | EPS: 0.27 | Rew: 1.71 | FPS: 8028.4 | Var: dueling
Step: 2973696 | EPS: 0.27 | Rew: 1.57 | FPS: 7891.7 | Var: dueling
Step: 2974720 | EPS: 0.27 | Rew: 1.44 | FPS: 8105.2 | Var: dueling
Step: 2975744 | EPS: 0.27 | Rew: 1.43 | FPS: 7818.8 | Var: dueling
Step: 2976768 | EPS: 0.27 | Rew: 1.35 | FPS: 7876.4 | Var: dueling
Step: 2977792 | EPS: 0.27 | Rew: 1.12 | FPS: 7448.7 | Var: dueling
Step: 2978816 | EPS: 0.27 | Rew: 1.27 | FPS: 7934.3 | Var: dueling
Step: 2979840 | EPS: 0.27 | Rew: 1.33 | FPS: 5223.8 | Var: dueling
Step: 2980864 | EPS: 0.27 | Rew: 1.52 | FPS: 7911.7 | Var: dueling
Step: 2981888 | EPS: 0.27 | Rew: 1.55 | FPS: 8300.8 | Var: dueling
Step: 2982912 | EPS: 0.27 | Rew: 1.61 | FPS: 8305.5 | Var: dueling
Step: 2983936 | EPS: 0.27 | Rew: 1.52 | FPS: 8334.5 | Var: dueling
Step: 2984960 | EPS: 0.27 | Rew: 1.65 | FPS: 8275.0 | Var: dueling
Step: 2985984 | EPS: 0.27 | Rew: 1.45 | FPS: 8574.1 | Var: dueling
Step: 2987008 | EPS: 0.27 | Rew: 1.23 | FPS: 7952.8 | Var: dueling
Step: 2988032 | EPS: 0.27 | Rew: 1.45 | FPS: 8525.9 | Var: dueling
Step: 2989056 | EPS: 0.27 | Rew: 1.43 | FPS: 8327.9 | Var: dueling
Step: 2990080 | EPS: 0.27 | Rew: 1.54 | FPS: 8077.3 | Var: dueling
Step: 2991104 | EPS: 0.27 | Rew: 1.69 | FPS: 7935.2 | Var: dueling
Step: 2992128 | EPS: 0.27 | Rew: 1.82 | FPS: 8177.2 | Var: dueling
Step: 2993152 | EPS: 0.27 | Rew: 1.90 | FPS: 7928.2 | Var: dueling
Step: 2994176 | EPS: 0.27 | Rew: 1.70 | FPS: 8005.5 | Var: dueling
Step: 2995200 | EPS: 0.27 | Rew: 1.79 | FPS: 7955.7 | Var: dueling
Step: 2996224 | EPS: 0.27 | Rew: 1.63 | FPS: 5181.0 | Var: dueling
Step: 2997248 | EPS: 0.27 | Rew: 1.69 | FPS: 6415.6 | Var: dueling
Step: 2998272 | EPS: 0.27 | Rew: 1.49 | FPS: 8007.4 | Var: dueling
Step: 2999296 | EPS: 0.27 | Rew: 1.67 | FPS: 7626.8 | Var: dueling
Step: 3000320 | EPS: 0.26 | Rew: 1.57 | FPS: 8504.8 | Var: dueling
Step: 3001344 | EPS: 0.26 | Rew: 1.63 | FPS: 8471.6 | Var: dueling
Step: 3002368 | EPS: 0.26 | Rew: 1.65 | FPS: 7755.4 | Var: dueling
Step: 3003392 | EPS: 0.26 | Rew: 1.54 | FPS: 8076.3 | Var: dueling
Step: 3004416 | EPS: 0.26 | Rew: 1.84 | FPS: 7719.9 | Var: dueling
Step: 3005440 | EPS: 0.26 | Rew: 1.84 | FPS: 8076.9 | Var: dueling
Step: 3006464 | EPS: 0.26 | Rew: 1.80 | FPS: 7887.6 | Var: dueling
Step: 3007488 | EPS: 0.26 | Rew: 1.87 | FPS: 8101.7 | Var: dueling
Step: 3008512 | EPS: 0.26 | Rew: 1.89 | FPS: 8113.9 | Var: dueling
Step: 3009536 | EPS: 0.26 | Rew: 1.74 | FPS: 7571.5 | Var: dueling
Step: 3010560 | EPS: 0.26 | Rew: 1.50 | FPS: 7813.5 | Var: dueling
Step: 3011584 | EPS: 0.26 | Rew: 1.43 | FPS: 7657.8 | Var: dueling
Step: 3012608 | EPS: 0.26 | Rew: 1.51 | FPS: 7429.1 | Var: dueling
Step: 3013632 | EPS: 0.26 | Rew: 1.55 | FPS: 6219.7 | Var: dueling
Step: 3014656 | EPS: 0.26 | Rew: 1.49 | FPS: 7618.5 | Var: dueling
Step: 3015680 | EPS: 0.26 | Rew: 1.61 | FPS: 7950.5 | Var: dueling
Step: 3016704 | EPS: 0.26 | Rew: 1.73 | FPS: 8051.1 | Var: dueling
Step: 3017728 | EPS: 0.26 | Rew: 1.91 | FPS: 8416.4 | Var: dueling
Step: 3018752 | EPS: 0.26 | Rew: 1.78 | FPS: 8209.5 | Var: dueling
Step: 3019776 | EPS: 0.26 | Rew: 1.78 | FPS: 7859.6 | Var: dueling
Step: 3020800 | EPS: 0.26 | Rew: 1.72 | FPS: 8376.3 | Var: dueling
Step: 3021824 | EPS: 0.26 | Rew: 1.71 | FPS: 8091.9 | Var: dueling
Step: 3022848 | EPS: 0.26 | Rew: 2.04 | FPS: 7998.2 | Var: dueling
Step: 3023872 | EPS: 0.26 | Rew: 1.93 | FPS: 7681.3 | Var: dueling
Step: 3024896 | EPS: 0.26 | Rew: 1.90 | FPS: 8043.8 | Var: dueling
Step: 3025920 | EPS: 0.26 | Rew: 1.92 | FPS: 7839.4 | Var: dueling
Step: 3026944 | EPS: 0.26 | Rew: 2.12 | FPS: 8207.9 | Var: dueling
Step: 3027968 | EPS: 0.26 | Rew: 2.00 | FPS: 4687.0 | Var: dueling
Step: 3028992 | EPS: 0.26 | Rew: 1.74 | FPS: 7341.5 | Var: dueling
Step: 3030016 | EPS: 0.26 | Rew: 1.79 | FPS: 6569.2 | Var: dueling
Step: 3031040 | EPS: 0.26 | Rew: 1.77 | FPS: 7977.8 | Var: dueling
Step: 3032064 | EPS: 0.26 | Rew: 1.74 | FPS: 7844.4 | Var: dueling
Step: 3033088 | EPS: 0.26 | Rew: 1.70 | FPS: 7600.1 | Var: dueling
Step: 3034112 | EPS: 0.26 | Rew: 1.96 | FPS: 8335.8 | Var: dueling
Step: 3035136 | EPS: 0.26 | Rew: 2.07 | FPS: 7742.2 | Var: dueling
Step: 3036160 | EPS: 0.26 | Rew: 2.23 | FPS: 7937.8 | Var: dueling
Step: 3037184 | EPS: 0.26 | Rew: 2.24 | FPS: 7367.0 | Var: dueling
Step: 3038208 | EPS: 0.26 | Rew: 2.34 | FPS: 7863.8 | Var: dueling
Step: 3039232 | EPS: 0.26 | Rew: 2.46 | FPS: 7767.2 | Var: dueling
>>> [Best] Saved -> agent/checkpoints/dueling_pretrain.pth | Rew 2.46
Step: 3040256 | EPS: 0.26 | Rew: 2.12 | FPS: 7829.9 | Var: dueling
Step: 3041280 | EPS: 0.25 | Rew: 1.99 | FPS: 8099.8 | Var: dueling
Step: 3042304 | EPS: 0.25 | Rew: 1.95 | FPS: 7685.4 | Var: dueling
Step: 3043328 | EPS: 0.25 | Rew: 1.94 | FPS: 5306.8 | Var: dueling
Step: 3044352 | EPS: 0.25 | Rew: 1.97 | FPS: 7487.1 | Var: dueling
Step: 3045376 | EPS: 0.25 | Rew: 2.04 | FPS: 7659.8 | Var: dueling
Step: 3046400 | EPS: 0.25 | Rew: 2.00 | FPS: 7773.2 | Var: dueling
Step: 3047424 | EPS: 0.25 | Rew: 2.05 | FPS: 7835.7 | Var: dueling
Step: 3048448 | EPS: 0.25 | Rew: 2.02 | FPS: 8121.3 | Var: dueling
Step: 3049472 | EPS: 0.25 | Rew: 1.92 | FPS: 7774.1 | Var: dueling
Step: 3050496 | EPS: 0.25 | Rew: 2.00 | FPS: 7837.2 | Var: dueling
Step: 3051520 | EPS: 0.25 | Rew: 1.93 | FPS: 8225.2 | Var: dueling
Step: 3052544 | EPS: 0.25 | Rew: 2.22 | FPS: 8148.6 | Var: dueling
Step: 3053568 | EPS: 0.25 | Rew: 2.15 | FPS: 7810.5 | Var: dueling
Step: 3054592 | EPS: 0.25 | Rew: 2.30 | FPS: 7694.3 | Var: dueling
Step: 3055616 | EPS: 0.25 | Rew: 2.20 | FPS: 6268.4 | Var: dueling
Step: 3056640 | EPS: 0.25 | Rew: 1.91 | FPS: 6037.2 | Var: dueling
Step: 3057664 | EPS: 0.25 | Rew: 1.68 | FPS: 8306.3 | Var: dueling
Step: 3058688 | EPS: 0.25 | Rew: 1.73 | FPS: 4963.3 | Var: dueling
Step: 3059712 | EPS: 0.25 | Rew: 1.79 | FPS: 8304.0 | Var: dueling
Step: 3060736 | EPS: 0.25 | Rew: 1.62 | FPS: 7836.8 | Var: dueling
Step: 3061760 | EPS: 0.25 | Rew: 1.69 | FPS: 7739.0 | Var: dueling
Step: 3062784 | EPS: 0.25 | Rew: 1.73 | FPS: 7708.5 | Var: dueling
Step: 3063808 | EPS: 0.25 | Rew: 1.82 | FPS: 8003.9 | Var: dueling
Step: 3064832 | EPS: 0.25 | Rew: 1.93 | FPS: 6256.4 | Var: dueling
Step: 3065856 | EPS: 0.25 | Rew: 1.94 | FPS: 8184.9 | Var: dueling
Step: 3066880 | EPS: 0.25 | Rew: 2.08 | FPS: 7713.6 | Var: dueling
Step: 3067904 | EPS: 0.25 | Rew: 2.21 | FPS: 8053.4 | Var: dueling
Step: 3068928 | EPS: 0.25 | Rew: 2.29 | FPS: 7855.4 | Var: dueling
Step: 3069952 | EPS: 0.25 | Rew: 2.28 | FPS: 7897.7 | Var: dueling
Step: 3070976 | EPS: 0.25 | Rew: 2.15 | FPS: 7549.7 | Var: dueling
Step: 3072000 | EPS: 0.25 | Rew: 2.13 | FPS: 7769.9 | Var: dueling
Step: 3073024 | EPS: 0.25 | Rew: 2.01 | FPS: 7793.5 | Var: dueling
Step: 3074048 | EPS: 0.25 | Rew: 2.00 | FPS: 8806.9 | Var: dueling
Step: 3075072 | EPS: 0.25 | Rew: 1.88 | FPS: 7610.0 | Var: dueling
Step: 3076096 | EPS: 0.25 | Rew: 1.78 | FPS: 8025.1 | Var: dueling
Step: 3077120 | EPS: 0.25 | Rew: 1.79 | FPS: 7791.5 | Var: dueling
Step: 3078144 | EPS: 0.25 | Rew: 2.13 | FPS: 7660.6 | Var: dueling
Step: 3079168 | EPS: 0.25 | Rew: 1.97 | FPS: 7877.1 | Var: dueling
Step: 3080192 | EPS: 0.25 | Rew: 2.12 | FPS: 6874.0 | Var: dueling
Step: 3081216 | EPS: 0.25 | Rew: 1.91 | FPS: 8164.9 | Var: dueling
Step: 3082240 | EPS: 0.24 | Rew: 1.93 | FPS: 8060.8 | Var: dueling
Step: 3083264 | EPS: 0.24 | Rew: 2.08 | FPS: 7992.3 | Var: dueling
Step: 3084288 | EPS: 0.24 | Rew: 1.92 | FPS: 7850.6 | Var: dueling
Step: 3085312 | EPS: 0.24 | Rew: 1.86 | FPS: 8333.5 | Var: dueling
Step: 3086336 | EPS: 0.24 | Rew: 1.84 | FPS: 7981.2 | Var: dueling
Step: 3087360 | EPS: 0.24 | Rew: 2.02 | FPS: 8235.7 | Var: dueling
Step: 3088384 | EPS: 0.24 | Rew: 1.95 | FPS: 7796.8 | Var: dueling
Step: 3089408 | EPS: 0.24 | Rew: 1.89 | FPS: 8325.2 | Var: dueling
Step: 3090432 | EPS: 0.24 | Rew: 1.78 | FPS: 5186.0 | Var: dueling
Step: 3091456 | EPS: 0.24 | Rew: 1.78 | FPS: 7933.0 | Var: dueling
Step: 3092480 | EPS: 0.24 | Rew: 1.88 | FPS: 7717.3 | Var: dueling
Step: 3093504 | EPS: 0.24 | Rew: 1.81 | FPS: 8095.3 | Var: dueling
Step: 3094528 | EPS: 0.24 | Rew: 1.78 | FPS: 8022.7 | Var: dueling
Step: 3095552 | EPS: 0.24 | Rew: 2.05 | FPS: 8174.8 | Var: dueling
Step: 3096576 | EPS: 0.24 | Rew: 2.17 | FPS: 8165.7 | Var: dueling
Step: 3097600 | EPS: 0.24 | Rew: 2.49 | FPS: 7887.0 | Var: dueling
Step: 3098624 | EPS: 0.24 | Rew: 2.42 | FPS: 7988.2 | Var: dueling
Step: 3099648 | EPS: 0.24 | Rew: 2.43 | FPS: 7820.3 | Var: dueling
Step: 3100672 | EPS: 0.24 | Rew: 2.32 | FPS: 7864.1 | Var: dueling
Step: 3101696 | EPS: 0.24 | Rew: 2.14 | FPS: 7314.9 | Var: dueling
Step: 3102720 | EPS: 0.24 | Rew: 2.00 | FPS: 7510.5 | Var: dueling
Step: 3103744 | EPS: 0.24 | Rew: 1.66 | FPS: 7723.9 | Var: dueling
Step: 3104768 | EPS: 0.24 | Rew: 1.75 | FPS: 7970.4 | Var: dueling
Step: 3105792 | EPS: 0.24 | Rew: 1.60 | FPS: 5056.6 | Var: dueling
Step: 3106816 | EPS: 0.24 | Rew: 1.65 | FPS: 8437.1 | Var: dueling
Step: 3107840 | EPS: 0.24 | Rew: 1.63 | FPS: 7825.3 | Var: dueling
Step: 3108864 | EPS: 0.24 | Rew: 1.64 | FPS: 8149.7 | Var: dueling
Step: 3109888 | EPS: 0.24 | Rew: 1.82 | FPS: 7914.3 | Var: dueling
Step: 3110912 | EPS: 0.24 | Rew: 1.94 | FPS: 8072.8 | Var: dueling
Step: 3111936 | EPS: 0.24 | Rew: 2.09 | FPS: 7807.3 | Var: dueling
Step: 3112960 | EPS: 0.24 | Rew: 1.91 | FPS: 7092.2 | Var: dueling
Step: 3113984 | EPS: 0.24 | Rew: 1.96 | FPS: 7867.1 | Var: dueling
Step: 3115008 | EPS: 0.24 | Rew: 1.92 | FPS: 8149.1 | Var: dueling
Step: 3116032 | EPS: 0.24 | Rew: 1.80 | FPS: 8198.4 | Var: dueling
Step: 3117056 | EPS: 0.24 | Rew: 1.97 | FPS: 8191.9 | Var: dueling
Step: 3118080 | EPS: 0.24 | Rew: 2.15 | FPS: 7832.0 | Var: dueling
Step: 3119104 | EPS: 0.24 | Rew: 2.07 | FPS: 7388.2 | Var: dueling
Step: 3120128 | EPS: 0.24 | Rew: 2.30 | FPS: 7911.1 | Var: dueling
Step: 3121152 | EPS: 0.24 | Rew: 2.55 | FPS: 5849.6 | Var: dueling
Step: 3122176 | EPS: 0.24 | Rew: 2.58 | FPS: 5612.9 | Var: dueling
Step: 3123200 | EPS: 0.23 | Rew: 2.62 | FPS: 7558.3 | Var: dueling
Step: 3124224 | EPS: 0.23 | Rew: 2.31 | FPS: 7765.7 | Var: dueling
Step: 3125248 | EPS: 0.23 | Rew: 2.27 | FPS: 7626.3 | Var: dueling
Step: 3126272 | EPS: 0.23 | Rew: 2.13 | FPS: 7717.2 | Var: dueling
Step: 3127296 | EPS: 0.23 | Rew: 1.84 | FPS: 8099.8 | Var: dueling
Step: 3128320 | EPS: 0.23 | Rew: 1.91 | FPS: 7159.8 | Var: dueling
Step: 3129344 | EPS: 0.23 | Rew: 1.87 | FPS: 8179.3 | Var: dueling
Step: 3130368 | EPS: 0.23 | Rew: 1.84 | FPS: 7925.7 | Var: dueling
Step: 3131392 | EPS: 0.23 | Rew: 1.71 | FPS: 6401.0 | Var: dueling
Step: 3132416 | EPS: 0.23 | Rew: 1.74 | FPS: 8077.4 | Var: dueling
Step: 3133440 | EPS: 0.23 | Rew: 1.83 | FPS: 7930.4 | Var: dueling
Step: 3134464 | EPS: 0.23 | Rew: 1.62 | FPS: 7904.8 | Var: dueling
Step: 3135488 | EPS: 0.23 | Rew: 1.81 | FPS: 8182.8 | Var: dueling
Step: 3136512 | EPS: 0.23 | Rew: 2.01 | FPS: 8408.5 | Var: dueling
Step: 3137536 | EPS: 0.23 | Rew: 2.17 | FPS: 5082.5 | Var: dueling
Step: 3138560 | EPS: 0.23 | Rew: 2.25 | FPS: 7466.3 | Var: dueling
Step: 3139584 | EPS: 0.23 | Rew: 2.17 | FPS: 8144.0 | Var: dueling
Step: 3140608 | EPS: 0.23 | Rew: 2.30 | FPS: 8254.9 | Var: dueling
Step: 3141632 | EPS: 0.23 | Rew: 2.37 | FPS: 7620.9 | Var: dueling
Step: 3142656 | EPS: 0.23 | Rew: 2.21 | FPS: 7924.9 | Var: dueling
Step: 3143680 | EPS: 0.23 | Rew: 2.18 | FPS: 7937.5 | Var: dueling
Step: 3144704 | EPS: 0.23 | Rew: 2.35 | FPS: 8031.8 | Var: dueling
Step: 3145728 | EPS: 0.23 | Rew: 2.25 | FPS: 7728.7 | Var: dueling
Step: 3146752 | EPS: 0.23 | Rew: 2.12 | FPS: 8111.5 | Var: dueling
Step: 3147776 | EPS: 0.23 | Rew: 2.00 | FPS: 7817.4 | Var: dueling
Step: 3148800 | EPS: 0.23 | Rew: 1.90 | FPS: 8160.3 | Var: dueling
Step: 3149824 | EPS: 0.23 | Rew: 1.67 | FPS: 8276.5 | Var: dueling
Step: 3150848 | EPS: 0.23 | Rew: 1.59 | FPS: 8518.1 | Var: dueling
Step: 3151872 | EPS: 0.23 | Rew: 1.40 | FPS: 8220.3 | Var: dueling
Step: 3152896 | EPS: 0.23 | Rew: 1.69 | FPS: 8028.5 | Var: dueling
Step: 3153920 | EPS: 0.23 | Rew: 2.32 | FPS: 8341.7 | Var: dueling
Step: 3154944 | EPS: 0.23 | Rew: 2.43 | FPS: 5373.9 | Var: dueling
Step: 3155968 | EPS: 0.23 | Rew: 2.71 | FPS: 8211.3 | Var: dueling
Step: 3156992 | EPS: 0.23 | Rew: 2.87 | FPS: 7070.2 | Var: dueling
Step: 3158016 | EPS: 0.23 | Rew: 3.04 | FPS: 7639.3 | Var: dueling
>>> [Best] Saved -> agent/checkpoints/dueling_pretrain.pth | Rew 3.04
Step: 3159040 | EPS: 0.23 | Rew: 2.83 | FPS: 7933.7 | Var: dueling
Step: 3160064 | EPS: 0.23 | Rew: 2.42 | FPS: 8001.2 | Var: dueling
Step: 3161088 | EPS: 0.23 | Rew: 2.58 | FPS: 7980.4 | Var: dueling
Step: 3162112 | EPS: 0.23 | Rew: 2.44 | FPS: 8039.6 | Var: dueling
Step: 3163136 | EPS: 0.23 | Rew: 2.39 | FPS: 7872.4 | Var: dueling
Step: 3164160 | EPS: 0.22 | Rew: 2.40 | FPS: 7193.2 | Var: dueling
Step: 3165184 | EPS: 0.22 | Rew: 2.20 | FPS: 8229.1 | Var: dueling
Step: 3166208 | EPS: 0.22 | Rew: 2.23 | FPS: 6955.5 | Var: dueling
Step: 3167232 | EPS: 0.22 | Rew: 2.19 | FPS: 8347.4 | Var: dueling
Step: 3168256 | EPS: 0.22 | Rew: 2.20 | FPS: 7985.9 | Var: dueling
Step: 3169280 | EPS: 0.22 | Rew: 2.37 | FPS: 7770.1 | Var: dueling
Step: 3170304 | EPS: 0.22 | Rew: 2.33 | FPS: 8182.8 | Var: dueling
Step: 3171328 | EPS: 0.22 | Rew: 2.14 | FPS: 8025.0 | Var: dueling
Step: 3172352 | EPS: 0.22 | Rew: 2.18 | FPS: 8006.8 | Var: dueling
Step: 3173376 | EPS: 0.22 | Rew: 2.10 | FPS: 8020.7 | Var: dueling
Step: 3174400 | EPS: 0.22 | Rew: 2.00 | FPS: 8316.7 | Var: dueling
Step: 3175424 | EPS: 0.22 | Rew: 1.90 | FPS: 8028.7 | Var: dueling
Step: 3176448 | EPS: 0.22 | Rew: 1.98 | FPS: 7923.9 | Var: dueling
Step: 3177472 | EPS: 0.22 | Rew: 2.01 | FPS: 6935.7 | Var: dueling
Step: 3178496 | EPS: 0.22 | Rew: 1.96 | FPS: 7521.0 | Var: dueling
Step: 3179520 | EPS: 0.22 | Rew: 2.22 | FPS: 8105.8 | Var: dueling
Step: 3180544 | EPS: 0.22 | Rew: 2.23 | FPS: 8511.8 | Var: dueling
Step: 3181568 | EPS: 0.22 | Rew: 2.28 | FPS: 7857.7 | Var: dueling
Step: 3182592 | EPS: 0.22 | Rew: 2.24 | FPS: 6705.8 | Var: dueling
Step: 3183616 | EPS: 0.22 | Rew: 2.43 | FPS: 8021.9 | Var: dueling
Step: 3184640 | EPS: 0.22 | Rew: 2.42 | FPS: 6971.5 | Var: dueling
Step: 3185664 | EPS: 0.22 | Rew: 2.30 | FPS: 7466.1 | Var: dueling
Step: 3186688 | EPS: 0.22 | Rew: 2.55 | FPS: 5676.0 | Var: dueling
Step: 3187712 | EPS: 0.22 | Rew: 2.78 | FPS: 7859.0 | Var: dueling
Step: 3188736 | EPS: 0.22 | Rew: 2.73 | FPS: 7939.6 | Var: dueling
Step: 3189760 | EPS: 0.22 | Rew: 2.71 | FPS: 7976.5 | Var: dueling
Step: 3190784 | EPS: 0.22 | Rew: 2.78 | FPS: 8443.4 | Var: dueling
Step: 3191808 | EPS: 0.22 | Rew: 2.78 | FPS: 8180.6 | Var: dueling
Step: 3192832 | EPS: 0.22 | Rew: 2.54 | FPS: 8146.7 | Var: dueling
Step: 3193856 | EPS: 0.22 | Rew: 2.25 | FPS: 8110.7 | Var: dueling
Step: 3194880 | EPS: 0.22 | Rew: 2.27 | FPS: 8004.2 | Var: dueling
Step: 3195904 | EPS: 0.22 | Rew: 2.31 | FPS: 7907.8 | Var: dueling
Step: 3196928 | EPS: 0.22 | Rew: 2.07 | FPS: 7874.4 | Var: dueling
Step: 3197952 | EPS: 0.22 | Rew: 2.03 | FPS: 6676.3 | Var: dueling
Step: 3198976 | EPS: 0.22 | Rew: 2.15 | FPS: 7936.7 | Var: dueling
Step: 3200000 | EPS: 0.22 | Rew: 2.35 | FPS: 7946.7 | Var: dueling
Step: 3201024 | EPS: 0.22 | Rew: 2.33 | FPS: 8074.0 | Var: dueling
Step: 3202048 | EPS: 0.22 | Rew: 2.29 | FPS: 8063.5 | Var: dueling
Step: 3203072 | EPS: 0.22 | Rew: 2.14 | FPS: 7730.3 | Var: dueling
Step: 3204096 | EPS: 0.21 | Rew: 2.17 | FPS: 7839.4 | Var: dueling
Step: 3205120 | EPS: 0.21 | Rew: 2.24 | FPS: 7799.0 | Var: dueling
Step: 3206144 | EPS: 0.21 | Rew: 2.35 | FPS: 8062.2 | Var: dueling
Step: 3207168 | EPS: 0.21 | Rew: 2.30 | FPS: 8069.3 | Var: dueling
Step: 3208192 | EPS: 0.21 | Rew: 2.33 | FPS: 7374.8 | Var: dueling
Step: 3209216 | EPS: 0.21 | Rew: 2.51 | FPS: 7479.2 | Var: dueling
Step: 3210240 | EPS: 0.21 | Rew: 2.65 | FPS: 8173.2 | Var: dueling
Step: 3211264 | EPS: 0.21 | Rew: 2.68 | FPS: 8323.8 | Var: dueling
Step: 3212288 | EPS: 0.21 | Rew: 2.38 | FPS: 7886.9 | Var: dueling
Step: 3213312 | EPS: 0.21 | Rew: 2.48 | FPS: 8340.8 | Var: dueling
Step: 3214336 | EPS: 0.21 | Rew: 2.31 | FPS: 7814.2 | Var: dueling
Step: 3215360 | EPS: 0.21 | Rew: 2.16 | FPS: 8005.3 | Var: dueling
Step: 3216384 | EPS: 0.21 | Rew: 1.92 | FPS: 7759.0 | Var: dueling
Step: 3217408 | EPS: 0.21 | Rew: 2.06 | FPS: 7685.3 | Var: dueling
Step: 3218432 | EPS: 0.21 | Rew: 1.92 | FPS: 7871.5 | Var: dueling
Step: 3219456 | EPS: 0.21 | Rew: 1.83 | FPS: 9071.0 | Var: dueling
Step: 3220480 | EPS: 0.21 | Rew: 2.03 | FPS: 7499.5 | Var: dueling
Step: 3221504 | EPS: 0.21 | Rew: 2.19 | FPS: 8100.9 | Var: dueling
Step: 3222528 | EPS: 0.21 | Rew: 2.30 | FPS: 7568.1 | Var: dueling
Step: 3223552 | EPS: 0.21 | Rew: 2.33 | FPS: 7549.5 | Var: dueling
Step: 3224576 | EPS: 0.21 | Rew: 2.22 | FPS: 7894.4 | Var: dueling
Step: 3225600 | EPS: 0.21 | Rew: 2.27 | FPS: 7931.4 | Var: dueling
Step: 3226624 | EPS: 0.21 | Rew: 2.34 | FPS: 7505.8 | Var: dueling
Step: 3227648 | EPS: 0.21 | Rew: 2.30 | FPS: 7549.0 | Var: dueling
Step: 3228672 | EPS: 0.21 | Rew: 2.44 | FPS: 6780.0 | Var: dueling
Step: 3229696 | EPS: 0.21 | Rew: 2.24 | FPS: 8122.7 | Var: dueling
Step: 3230720 | EPS: 0.21 | Rew: 2.34 | FPS: 8115.6 | Var: dueling
Step: 3231744 | EPS: 0.21 | Rew: 2.36 | FPS: 8092.2 | Var: dueling
Step: 3232768 | EPS: 0.21 | Rew: 2.64 | FPS: 8071.0 | Var: dueling
Step: 3233792 | EPS: 0.21 | Rew: 2.54 | FPS: 8266.5 | Var: dueling
Step: 3234816 | EPS: 0.21 | Rew: 2.42 | FPS: 5007.0 | Var: dueling
Step: 3235840 | EPS: 0.21 | Rew: 2.45 | FPS: 7188.8 | Var: dueling
Step: 3236864 | EPS: 0.21 | Rew: 2.40 | FPS: 8275.8 | Var: dueling
Step: 3237888 | EPS: 0.21 | Rew: 2.33 | FPS: 7788.3 | Var: dueling
Step: 3238912 | EPS: 0.21 | Rew: 2.31 | FPS: 8350.7 | Var: dueling
Step: 3239936 | EPS: 0.21 | Rew: 2.15 | FPS: 8013.0 | Var: dueling
Step: 3240960 | EPS: 0.21 | Rew: 2.27 | FPS: 7980.9 | Var: dueling
Step: 3241984 | EPS: 0.21 | Rew: 2.33 | FPS: 7979.0 | Var: dueling
Step: 3243008 | EPS: 0.21 | Rew: 2.40 | FPS: 6343.6 | Var: dueling
Step: 3244032 | EPS: 0.21 | Rew: 2.59 | FPS: 7942.1 | Var: dueling
Step: 3245056 | EPS: 0.20 | Rew: 2.87 | FPS: 8083.8 | Var: dueling
Step: 3246080 | EPS: 0.20 | Rew: 3.08 | FPS: 7937.7 | Var: dueling
Step: 3247104 | EPS: 0.20 | Rew: 3.00 | FPS: 8182.6 | Var: dueling
Step: 3248128 | EPS: 0.20 | Rew: 3.04 | FPS: 7812.9 | Var: dueling
Step: 3249152 | EPS: 0.20 | Rew: 3.12 | FPS: 8185.2 | Var: dueling
Step: 3250176 | EPS: 0.20 | Rew: 3.03 | FPS: 8046.5 | Var: dueling
Step: 3251200 | EPS: 0.20 | Rew: 2.75 | FPS: 4858.6 | Var: dueling
Step: 3252224 | EPS: 0.20 | Rew: 2.84 | FPS: 8254.7 | Var: dueling
Step: 3253248 | EPS: 0.20 | Rew: 2.56 | FPS: 8158.4 | Var: dueling
Step: 3254272 | EPS: 0.20 | Rew: 2.43 | FPS: 7859.0 | Var: dueling
Step: 3255296 | EPS: 0.20 | Rew: 2.22 | FPS: 7997.3 | Var: dueling
Step: 3256320 | EPS: 0.20 | Rew: 2.07 | FPS: 7890.5 | Var: dueling
Step: 3257344 | EPS: 0.20 | Rew: 2.27 | FPS: 7924.8 | Var: dueling
Step: 3258368 | EPS: 0.20 | Rew: 2.17 | FPS: 8345.4 | Var: dueling
Step: 3259392 | EPS: 0.20 | Rew: 2.25 | FPS: 8430.9 | Var: dueling
Step: 3260416 | EPS: 0.20 | Rew: 2.32 | FPS: 7926.0 | Var: dueling
Step: 3261440 | EPS: 0.20 | Rew: 2.46 | FPS: 7514.3 | Var: dueling
Step: 3262464 | EPS: 0.20 | Rew: 2.55 | FPS: 7856.6 | Var: dueling
Step: 3263488 | EPS: 0.20 | Rew: 2.66 | FPS: 7913.3 | Var: dueling
Step: 3264512 | EPS: 0.20 | Rew: 2.48 | FPS: 7911.0 | Var: dueling
Step: 3265536 | EPS: 0.20 | Rew: 2.52 | FPS: 8165.1 | Var: dueling
Step: 3266560 | EPS: 0.20 | Rew: 2.36 | FPS: 6233.8 | Var: dueling
Step: 3267584 | EPS: 0.20 | Rew: 2.53 | FPS: 7559.0 | Var: dueling
Step: 3268608 | EPS: 0.20 | Rew: 2.32 | FPS: 8189.5 | Var: dueling
Step: 3269632 | EPS: 0.20 | Rew: 2.35 | FPS: 8021.7 | Var: dueling
Step: 3270656 | EPS: 0.20 | Rew: 2.30 | FPS: 7834.8 | Var: dueling
Step: 3271680 | EPS: 0.20 | Rew: 2.45 | FPS: 8059.8 | Var: dueling
Step: 3272704 | EPS: 0.20 | Rew: 2.55 | FPS: 8014.8 | Var: dueling
Step: 3273728 | EPS: 0.20 | Rew: 2.71 | FPS: 8147.0 | Var: dueling
Step: 3274752 | EPS: 0.20 | Rew: 2.96 | FPS: 6418.3 | Var: dueling
Step: 3275776 | EPS: 0.20 | Rew: 2.85 | FPS: 7943.9 | Var: dueling
Step: 3276800 | EPS: 0.20 | Rew: 3.21 | FPS: 7939.9 | Var: dueling
Step: 3277824 | EPS: 0.20 | Rew: 3.23 | FPS: 8225.2 | Var: dueling
Step: 3278848 | EPS: 0.20 | Rew: 3.15 | FPS: 6960.9 | Var: dueling
Step: 3279872 | EPS: 0.20 | Rew: 3.21 | FPS: 8405.6 | Var: dueling
Step: 3280896 | EPS: 0.20 | Rew: 3.29 | FPS: 6568.6 | Var: dueling
Step: 3281920 | EPS: 0.20 | Rew: 3.16 | FPS: 8197.2 | Var: dueling
Step: 3282944 | EPS: 0.20 | Rew: 3.23 | FPS: 4993.0 | Var: dueling
Step: 3283968 | EPS: 0.20 | Rew: 2.99 | FPS: 7627.1 | Var: dueling
Step: 3284992 | EPS: 0.20 | Rew: 3.02 | FPS: 6682.3 | Var: dueling
Step: 3286016 | EPS: 0.19 | Rew: 3.03 | FPS: 7822.8 | Var: dueling
Step: 3287040 | EPS: 0.19 | Rew: 3.00 | FPS: 8041.6 | Var: dueling
Step: 3288064 | EPS: 0.19 | Rew: 2.76 | FPS: 7591.4 | Var: dueling
Step: 3289088 | EPS: 0.19 | Rew: 2.64 | FPS: 7965.7 | Var: dueling
Step: 3290112 | EPS: 0.19 | Rew: 2.58 | FPS: 8036.4 | Var: dueling
Step: 3291136 | EPS: 0.19 | Rew: 2.52 | FPS: 7975.5 | Var: dueling
Step: 3292160 | EPS: 0.19 | Rew: 2.58 | FPS: 7922.1 | Var: dueling
Step: 3293184 | EPS: 0.19 | Rew: 2.52 | FPS: 7409.3 | Var: dueling
Step: 3294208 | EPS: 0.19 | Rew: 2.68 | FPS: 7646.8 | Var: dueling
Step: 3295232 | EPS: 0.19 | Rew: 2.74 | FPS: 7485.8 | Var: dueling
Step: 3296256 | EPS: 0.19 | Rew: 2.60 | FPS: 8091.5 | Var: dueling
Step: 3297280 | EPS: 0.19 | Rew: 2.75 | FPS: 7884.8 | Var: dueling
Step: 3298304 | EPS: 0.19 | Rew: 2.88 | FPS: 8104.5 | Var: dueling
Step: 3299328 | EPS: 0.19 | Rew: 2.75 | FPS: 7698.7 | Var: dueling
Step: 3300352 | EPS: 0.19 | Rew: 2.48 | FPS: 7896.2 | Var: dueling
Step: 3301376 | EPS: 0.19 | Rew: 2.45 | FPS: 7980.1 | Var: dueling
Step: 3302400 | EPS: 0.19 | Rew: 2.50 | FPS: 7932.2 | Var: dueling
Step: 3303424 | EPS: 0.19 | Rew: 2.51 | FPS: 8020.2 | Var: dueling
Step: 3304448 | EPS: 0.19 | Rew: 2.37 | FPS: 7714.2 | Var: dueling
Step: 3305472 | EPS: 0.19 | Rew: 2.40 | FPS: 7912.0 | Var: dueling
Step: 3306496 | EPS: 0.19 | Rew: 2.71 | FPS: 7738.8 | Var: dueling
Step: 3307520 | EPS: 0.19 | Rew: 2.76 | FPS: 7936.1 | Var: dueling
Step: 3308544 | EPS: 0.19 | Rew: 2.67 | FPS: 7744.1 | Var: dueling
Step: 3309568 | EPS: 0.19 | Rew: 2.84 | FPS: 8133.3 | Var: dueling
Step: 3310592 | EPS: 0.19 | Rew: 3.06 | FPS: 7703.7 | Var: dueling
Step: 3311616 | EPS: 0.19 | Rew: 3.24 | FPS: 7681.1 | Var: dueling
Step: 3312640 | EPS: 0.19 | Rew: 3.02 | FPS: 7633.3 | Var: dueling
Step: 3313664 | EPS: 0.19 | Rew: 3.02 | FPS: 7592.1 | Var: dueling
Step: 3314688 | EPS: 0.19 | Rew: 3.02 | FPS: 4746.2 | Var: dueling
Step: 3315712 | EPS: 0.19 | Rew: 2.82 | FPS: 7924.9 | Var: dueling
Step: 3316736 | EPS: 0.19 | Rew: 2.62 | FPS: 8111.9 | Var: dueling
Step: 3317760 | EPS: 0.19 | Rew: 2.61 | FPS: 7824.5 | Var: dueling
Step: 3318784 | EPS: 0.19 | Rew: 2.55 | FPS: 7549.6 | Var: dueling
Step: 3319808 | EPS: 0.19 | Rew: 2.43 | FPS: 7829.6 | Var: dueling
Step: 3320832 | EPS: 0.19 | Rew: 2.70 | FPS: 8058.2 | Var: dueling
Step: 3321856 | EPS: 0.19 | Rew: 2.66 | FPS: 7794.4 | Var: dueling
Step: 3322880 | EPS: 0.19 | Rew: 2.88 | FPS: 7887.4 | Var: dueling
Step: 3323904 | EPS: 0.19 | Rew: 2.85 | FPS: 7711.0 | Var: dueling
Step: 3324928 | EPS: 0.19 | Rew: 2.88 | FPS: 7885.4 | Var: dueling
Step: 3325952 | EPS: 0.19 | Rew: 2.97 | FPS: 7564.1 | Var: dueling
Step: 3326976 | EPS: 0.18 | Rew: 2.97 | FPS: 7942.8 | Var: dueling
Step: 3328000 | EPS: 0.18 | Rew: 3.04 | FPS: 8247.1 | Var: dueling
Step: 3329024 | EPS: 0.18 | Rew: 2.87 | FPS: 8169.5 | Var: dueling
Step: 3330048 | EPS: 0.18 | Rew: 2.70 | FPS: 7695.4 | Var: dueling
Step: 3331072 | EPS: 0.18 | Rew: 2.69 | FPS: 8061.7 | Var: dueling
Step: 3332096 | EPS: 0.18 | Rew: 2.51 | FPS: 7948.1 | Var: dueling
Step: 3333120 | EPS: 0.18 | Rew: 2.52 | FPS: 7977.7 | Var: dueling
Step: 3334144 | EPS: 0.18 | Rew: 2.39 | FPS: 7542.3 | Var: dueling
Step: 3335168 | EPS: 0.18 | Rew: 2.32 | FPS: 6232.5 | Var: dueling
Step: 3336192 | EPS: 0.18 | Rew: 2.62 | FPS: 7461.9 | Var: dueling
Step: 3337216 | EPS: 0.18 | Rew: 2.70 | FPS: 8137.8 | Var: dueling
Step: 3338240 | EPS: 0.18 | Rew: 2.66 | FPS: 7891.2 | Var: dueling
Step: 3339264 | EPS: 0.18 | Rew: 2.29 | FPS: 7747.0 | Var: dueling
Step: 3340288 | EPS: 0.18 | Rew: 2.53 | FPS: 7432.2 | Var: dueling
Step: 3341312 | EPS: 0.18 | Rew: 2.24 | FPS: 7855.1 | Var: dueling
Step: 3342336 | EPS: 0.18 | Rew: 2.24 | FPS: 8012.7 | Var: dueling
Step: 3343360 | EPS: 0.18 | Rew: 2.15 | FPS: 7920.7 | Var: dueling
Step: 3344384 | EPS: 0.18 | Rew: 2.26 | FPS: 7796.2 | Var: dueling
Step: 3345408 | EPS: 0.18 | Rew: 2.61 | FPS: 8253.4 | Var: dueling
Step: 3346432 | EPS: 0.18 | Rew: 2.55 | FPS: 5362.7 | Var: dueling
Step: 3347456 | EPS: 0.18 | Rew: 2.60 | FPS: 7923.8 | Var: dueling
Step: 3348480 | EPS: 0.18 | Rew: 2.72 | FPS: 7631.2 | Var: dueling
Step: 3349504 | EPS: 0.18 | Rew: 2.68 | FPS: 8087.5 | Var: dueling
Step: 3350528 | EPS: 0.18 | Rew: 2.47 | FPS: 7438.6 | Var: dueling
Step: 3351552 | EPS: 0.18 | Rew: 2.50 | FPS: 7943.2 | Var: dueling
Step: 3352576 | EPS: 0.18 | Rew: 2.40 | FPS: 7871.1 | Var: dueling
Step: 3353600 | EPS: 0.18 | Rew: 2.54 | FPS: 7977.5 | Var: dueling
Step: 3354624 | EPS: 0.18 | Rew: 2.53 | FPS: 7943.0 | Var: dueling
Step: 3355648 | EPS: 0.18 | Rew: 2.55 | FPS: 7076.6 | Var: dueling
Step: 3356672 | EPS: 0.18 | Rew: 2.59 | FPS: 6282.3 | Var: dueling
Step: 3357696 | EPS: 0.18 | Rew: 2.68 | FPS: 7634.1 | Var: dueling
Step: 3358720 | EPS: 0.18 | Rew: 2.59 | FPS: 8100.9 | Var: dueling
Step: 3359744 | EPS: 0.18 | Rew: 2.55 | FPS: 7132.4 | Var: dueling
Step: 3360768 | EPS: 0.18 | Rew: 2.51 | FPS: 7437.8 | Var: dueling
Step: 3361792 | EPS: 0.18 | Rew: 2.64 | FPS: 4909.3 | Var: dueling
Step: 3362816 | EPS: 0.18 | Rew: 2.38 | FPS: 7952.9 | Var: dueling
Step: 3363840 | EPS: 0.18 | Rew: 2.84 | FPS: 6762.4 | Var: dueling
Step: 3364864 | EPS: 0.18 | Rew: 3.16 | FPS: 7903.9 | Var: dueling
Step: 3365888 | EPS: 0.18 | Rew: 3.22 | FPS: 7779.7 | Var: dueling
Step: 3366912 | EPS: 0.18 | Rew: 3.31 | FPS: 7800.8 | Var: dueling
Step: 3367936 | EPS: 0.17 | Rew: 3.63 | FPS: 7957.0 | Var: dueling
>>> [Best] Saved -> agent/checkpoints/dueling_pretrain.pth | Rew 3.63
Step: 3368960 | EPS: 0.17 | Rew: 3.49 | FPS: 7564.8 | Var: dueling
Step: 3369984 | EPS: 0.17 | Rew: 3.36 | FPS: 7688.7 | Var: dueling
Step: 3371008 | EPS: 0.17 | Rew: 3.03 | FPS: 8151.1 | Var: dueling
Step: 3372032 | EPS: 0.17 | Rew: 3.11 | FPS: 7765.9 | Var: dueling
Step: 3373056 | EPS: 0.17 | Rew: 3.22 | FPS: 9389.8 | Var: dueling
Step: 3374080 | EPS: 0.17 | Rew: 3.10 | FPS: 7772.6 | Var: dueling
Step: 3375104 | EPS: 0.17 | Rew: 2.86 | FPS: 7973.9 | Var: dueling
Step: 3376128 | EPS: 0.17 | Rew: 2.90 | FPS: 7790.8 | Var: dueling
Step: 3377152 | EPS: 0.17 | Rew: 2.98 | FPS: 7931.4 | Var: dueling
Step: 3378176 | EPS: 0.17 | Rew: 3.13 | FPS: 7104.7 | Var: dueling
Step: 3379200 | EPS: 0.17 | Rew: 2.81 | FPS: 8138.4 | Var: dueling
Step: 3380224 | EPS: 0.17 | Rew: 2.72 | FPS: 7940.3 | Var: dueling
Step: 3381248 | EPS: 0.17 | Rew: 2.82 | FPS: 7931.2 | Var: dueling
Step: 3382272 | EPS: 0.17 | Rew: 3.00 | FPS: 7810.3 | Var: dueling
Step: 3383296 | EPS: 0.17 | Rew: 2.68 | FPS: 7563.3 | Var: dueling
Step: 3384320 | EPS: 0.17 | Rew: 2.59 | FPS: 8345.0 | Var: dueling
Step: 3385344 | EPS: 0.17 | Rew: 2.43 | FPS: 8004.2 | Var: dueling
Step: 3386368 | EPS: 0.17 | Rew: 2.32 | FPS: 7828.9 | Var: dueling
Step: 3387392 | EPS: 0.17 | Rew: 2.37 | FPS: 7784.1 | Var: dueling
Step: 3388416 | EPS: 0.17 | Rew: 2.34 | FPS: 8207.2 | Var: dueling
Step: 3389440 | EPS: 0.17 | Rew: 2.65 | FPS: 8260.3 | Var: dueling
Step: 3390464 | EPS: 0.17 | Rew: 3.02 | FPS: 8229.4 | Var: dueling
Step: 3391488 | EPS: 0.17 | Rew: 3.15 | FPS: 7654.8 | Var: dueling
Step: 3392512 | EPS: 0.17 | Rew: 3.16 | FPS: 7874.1 | Var: dueling
Step: 3393536 | EPS: 0.17 | Rew: 3.28 | FPS: 4674.8 | Var: dueling
Step: 3394560 | EPS: 0.17 | Rew: 3.45 | FPS: 7293.2 | Var: dueling
Step: 3395584 | EPS: 0.17 | Rew: 3.61 | FPS: 7789.4 | Var: dueling
Step: 3396608 | EPS: 0.17 | Rew: 3.79 | FPS: 8081.0 | Var: dueling
Step: 3397632 | EPS: 0.17 | Rew: 3.84 | FPS: 8006.7 | Var: dueling
Step: 3398656 | EPS: 0.17 | Rew: 3.63 | FPS: 8191.7 | Var: dueling
Step: 3399680 | EPS: 0.17 | Rew: 3.75 | FPS: 7752.1 | Var: dueling
Step: 3400704 | EPS: 0.17 | Rew: 3.83 | FPS: 8114.9 | Var: dueling
Step: 3401728 | EPS: 0.17 | Rew: 3.58 | FPS: 7666.5 | Var: dueling
Step: 3402752 | EPS: 0.17 | Rew: 3.54 | FPS: 8093.6 | Var: dueling
Step: 3403776 | EPS: 0.17 | Rew: 3.21 | FPS: 7879.5 | Var: dueling
Step: 3404800 | EPS: 0.17 | Rew: 2.95 | FPS: 8049.7 | Var: dueling
Step: 3405824 | EPS: 0.17 | Rew: 3.05 | FPS: 7897.7 | Var: dueling
Step: 3406848 | EPS: 0.17 | Rew: 3.00 | FPS: 8322.5 | Var: dueling
Step: 3407872 | EPS: 0.17 | Rew: 3.01 | FPS: 8126.9 | Var: dueling
Step: 3408896 | EPS: 0.16 | Rew: 2.98 | FPS: 5217.5 | Var: dueling
Step: 3409920 | EPS: 0.16 | Rew: 3.15 | FPS: 7897.9 | Var: dueling
Step: 3410944 | EPS: 0.16 | Rew: 3.15 | FPS: 8034.7 | Var: dueling
Step: 3411968 | EPS: 0.16 | Rew: 3.10 | FPS: 7641.9 | Var: dueling
Step: 3412992 | EPS: 0.16 | Rew: 3.21 | FPS: 7873.2 | Var: dueling
Step: 3414016 | EPS: 0.16 | Rew: 3.06 | FPS: 6951.9 | Var: dueling
Step: 3415040 | EPS: 0.16 | Rew: 3.03 | FPS: 8157.4 | Var: dueling
Step: 3416064 | EPS: 0.16 | Rew: 3.33 | FPS: 8019.3 | Var: dueling
Step: 3417088 | EPS: 0.16 | Rew: 3.36 | FPS: 7683.4 | Var: dueling
Step: 3418112 | EPS: 0.16 | Rew: 3.32 | FPS: 8126.8 | Var: dueling
Step: 3419136 | EPS: 0.16 | Rew: 3.11 | FPS: 7790.4 | Var: dueling
Step: 3420160 | EPS: 0.16 | Rew: 3.31 | FPS: 8302.7 | Var: dueling
Step: 3421184 | EPS: 0.16 | Rew: 3.45 | FPS: 8434.4 | Var: dueling
Step: 3422208 | EPS: 0.16 | Rew: 3.92 | FPS: 8393.8 | Var: dueling
Step: 3423232 | EPS: 0.16 | Rew: 3.84 | FPS: 7711.2 | Var: dueling
Step: 3424256 | EPS: 0.16 | Rew: 3.93 | FPS: 8149.4 | Var: dueling
Step: 3425280 | EPS: 0.16 | Rew: 4.01 | FPS: 4791.1 | Var: dueling
Step: 3426304 | EPS: 0.16 | Rew: 4.05 | FPS: 7243.0 | Var: dueling
Step: 3427328 | EPS: 0.16 | Rew: 4.23 | FPS: 6079.3 | Var: dueling
>>> [Best] Saved -> agent/checkpoints/dueling_pretrain.pth | Rew 4.23
Step: 3428352 | EPS: 0.16 | Rew: 4.05 | FPS: 8532.8 | Var: dueling
Step: 3429376 | EPS: 0.16 | Rew: 4.01 | FPS: 8248.0 | Var: dueling
Step: 3430400 | EPS: 0.16 | Rew: 4.01 | FPS: 7597.6 | Var: dueling
Step: 3431424 | EPS: 0.16 | Rew: 3.81 | FPS: 7717.3 | Var: dueling
Step: 3432448 | EPS: 0.16 | Rew: 3.57 | FPS: 8154.2 | Var: dueling
Step: 3433472 | EPS: 0.16 | Rew: 3.44 | FPS: 7728.1 | Var: dueling
Step: 3434496 | EPS: 0.16 | Rew: 3.39 | FPS: 8060.0 | Var: dueling
Step: 3435520 | EPS: 0.16 | Rew: 3.25 | FPS: 7920.0 | Var: dueling
Step: 3436544 | EPS: 0.16 | Rew: 3.17 | FPS: 7919.3 | Var: dueling
Step: 3437568 | EPS: 0.16 | Rew: 3.23 | FPS: 6902.5 | Var: dueling
Step: 3438592 | EPS: 0.16 | Rew: 3.22 | FPS: 7993.4 | Var: dueling
Step: 3439616 | EPS: 0.16 | Rew: 3.16 | FPS: 8050.1 | Var: dueling
Step: 3440640 | EPS: 0.16 | Rew: 3.32 | FPS: 7056.3 | Var: dueling
Step: 3441664 | EPS: 0.16 | Rew: 3.51 | FPS: 7883.5 | Var: dueling
Step: 3442688 | EPS: 0.16 | Rew: 3.56 | FPS: 7971.2 | Var: dueling
Step: 3443712 | EPS: 0.16 | Rew: 3.62 | FPS: 8245.5 | Var: dueling
Step: 3444736 | EPS: 0.16 | Rew: 3.64 | FPS: 7787.5 | Var: dueling
Step: 3445760 | EPS: 0.16 | Rew: 3.61 | FPS: 8181.6 | Var: dueling
Step: 3446784 | EPS: 0.16 | Rew: 3.74 | FPS: 8026.0 | Var: dueling
Step: 3447808 | EPS: 0.16 | Rew: 3.58 | FPS: 7852.8 | Var: dueling
Step: 3448832 | EPS: 0.16 | Rew: 3.59 | FPS: 8245.8 | Var: dueling
Step: 3449856 | EPS: 0.15 | Rew: 3.45 | FPS: 7883.3 | Var: dueling
Step: 3450880 | EPS: 0.15 | Rew: 3.72 | FPS: 8053.0 | Var: dueling
Step: 3451904 | EPS: 0.15 | Rew: 3.64 | FPS: 8387.3 | Var: dueling
Step: 3452928 | EPS: 0.15 | Rew: 4.04 | FPS: 7978.3 | Var: dueling
Step: 3453952 | EPS: 0.15 | Rew: 4.14 | FPS: 8233.0 | Var: dueling
Step: 3454976 | EPS: 0.15 | Rew: 4.51 | FPS: 7070.4 | Var: dueling
Step: 3456000 | EPS: 0.15 | Rew: 4.37 | FPS: 7756.5 | Var: dueling
Step: 3457024 | EPS: 0.15 | Rew: 4.36 | FPS: 5433.0 | Var: dueling
Step: 3458048 | EPS: 0.15 | Rew: 4.46 | FPS: 8132.3 | Var: dueling
Step: 3459072 | EPS: 0.15 | Rew: 4.48 | FPS: 7768.0 | Var: dueling
Step: 3460096 | EPS: 0.15 | Rew: 4.27 | FPS: 8306.8 | Var: dueling
Step: 3461120 | EPS: 0.15 | Rew: 3.80 | FPS: 8045.8 | Var: dueling
Step: 3462144 | EPS: 0.15 | Rew: 3.83 | FPS: 7849.8 | Var: dueling
Step: 3463168 | EPS: 0.15 | Rew: 3.68 | FPS: 8215.5 | Var: dueling
Step: 3464192 | EPS: 0.15 | Rew: 3.89 | FPS: 8310.7 | Var: dueling
Step: 3465216 | EPS: 0.15 | Rew: 4.20 | FPS: 8387.9 | Var: dueling
Step: 3466240 | EPS: 0.15 | Rew: 3.92 | FPS: 7962.5 | Var: dueling
Step: 3467264 | EPS: 0.15 | Rew: 4.02 | FPS: 8237.6 | Var: dueling
Step: 3468288 | EPS: 0.15 | Rew: 4.19 | FPS: 7672.7 | Var: dueling
Step: 3469312 | EPS: 0.15 | Rew: 4.09 | FPS: 8197.7 | Var: dueling
Step: 3470336 | EPS: 0.15 | Rew: 3.80 | FPS: 8012.8 | Var: dueling
Step: 3471360 | EPS: 0.15 | Rew: 3.47 | FPS: 8110.5 | Var: dueling
Step: 3472384 | EPS: 0.15 | Rew: 2.98 | FPS: 7683.7 | Var: dueling
Step: 3473408 | EPS: 0.15 | Rew: 2.98 | FPS: 5460.3 | Var: dueling
Step: 3474432 | EPS: 0.15 | Rew: 2.90 | FPS: 8053.7 | Var: dueling
Step: 3475456 | EPS: 0.15 | Rew: 2.63 | FPS: 8152.1 | Var: dueling
Step: 3476480 | EPS: 0.15 | Rew: 2.59 | FPS: 8120.2 | Var: dueling
Step: 3477504 | EPS: 0.15 | Rew: 2.63 | FPS: 7958.8 | Var: dueling
Step: 3478528 | EPS: 0.15 | Rew: 2.63 | FPS: 8060.3 | Var: dueling
Step: 3479552 | EPS: 0.15 | Rew: 2.67 | FPS: 8391.8 | Var: dueling
Step: 3480576 | EPS: 0.15 | Rew: 2.85 | FPS: 8009.0 | Var: dueling
Step: 3481600 | EPS: 0.15 | Rew: 2.92 | FPS: 7489.0 | Var: dueling
Step: 3482624 | EPS: 0.15 | Rew: 2.87 | FPS: 7761.8 | Var: dueling
Step: 3483648 | EPS: 0.15 | Rew: 3.00 | FPS: 7578.7 | Var: dueling
Step: 3484672 | EPS: 0.15 | Rew: 3.18 | FPS: 8064.3 | Var: dueling
Step: 3485696 | EPS: 0.15 | Rew: 3.21 | FPS: 8172.5 | Var: dueling
Step: 3486720 | EPS: 0.15 | Rew: 3.19 | FPS: 8289.1 | Var: dueling
Step: 3487744 | EPS: 0.15 | Rew: 3.54 | FPS: 7962.5 | Var: dueling
Step: 3488768 | EPS: 0.15 | Rew: 3.56 | FPS: 5923.6 | Var: dueling
Step: 3489792 | EPS: 0.15 | Rew: 3.92 | FPS: 5845.0 | Var: dueling
Step: 3490816 | EPS: 0.14 | Rew: 4.09 | FPS: 8001.1 | Var: dueling
Step: 3491840 | EPS: 0.14 | Rew: 4.25 | FPS: 8144.4 | Var: dueling
Step: 3492864 | EPS: 0.14 | Rew: 4.19 | FPS: 8101.2 | Var: dueling
Step: 3493888 | EPS: 0.14 | Rew: 3.90 | FPS: 7559.9 | Var: dueling
Step: 3494912 | EPS: 0.14 | Rew: 4.29 | FPS: 7970.5 | Var: dueling
Step: 3495936 | EPS: 0.14 | Rew: 4.36 | FPS: 8021.2 | Var: dueling
Step: 3496960 | EPS: 0.14 | Rew: 3.87 | FPS: 8016.6 | Var: dueling
Step: 3497984 | EPS: 0.14 | Rew: 3.77 | FPS: 8003.2 | Var: dueling
Step: 3499008 | EPS: 0.14 | Rew: 3.56 | FPS: 7781.3 | Var: dueling
Step: 3500032 | EPS: 0.14 | Rew: 3.46 | FPS: 8276.6 | Var: dueling
Step: 3501056 | EPS: 0.14 | Rew: 3.44 | FPS: 8291.7 | Var: dueling
Step: 3502080 | EPS: 0.14 | Rew: 3.48 | FPS: 7981.6 | Var: dueling
Step: 3503104 | EPS: 0.14 | Rew: 3.68 | FPS: 7920.2 | Var: dueling
Step: 3504128 | EPS: 0.14 | Rew: 3.62 | FPS: 7677.9 | Var: dueling
Step: 3505152 | EPS: 0.14 | Rew: 3.58 | FPS: 4938.1 | Var: dueling
Step: 3506176 | EPS: 0.14 | Rew: 4.01 | FPS: 8162.1 | Var: dueling
Step: 3507200 | EPS: 0.14 | Rew: 4.11 | FPS: 7965.8 | Var: dueling
Step: 3508224 | EPS: 0.14 | Rew: 4.05 | FPS: 6307.5 | Var: dueling
Step: 3509248 | EPS: 0.14 | Rew: 4.13 | FPS: 5868.4 | Var: dueling
Step: 3510272 | EPS: 0.14 | Rew: 4.15 | FPS: 6681.2 | Var: dueling
Step: 3511296 | EPS: 0.14 | Rew: 4.19 | FPS: 8141.4 | Var: dueling
Step: 3512320 | EPS: 0.14 | Rew: 4.37 | FPS: 7512.9 | Var: dueling
Step: 3513344 | EPS: 0.14 | Rew: 4.35 | FPS: 7772.7 | Var: dueling
Step: 3514368 | EPS: 0.14 | Rew: 4.67 | FPS: 7974.5 | Var: dueling
Step: 3515392 | EPS: 0.14 | Rew: 4.53 | FPS: 7956.8 | Var: dueling
Step: 3516416 | EPS: 0.14 | Rew: 4.83 | FPS: 7907.0 | Var: dueling
>>> [Best] Saved -> agent/checkpoints/dueling_pretrain.pth | Rew 4.83
Step: 3517440 | EPS: 0.14 | Rew: 4.73 | FPS: 7828.9 | Var: dueling
Step: 3518464 | EPS: 0.14 | Rew: 4.63 | FPS: 7845.9 | Var: dueling
Step: 3519488 | EPS: 0.14 | Rew: 4.58 | FPS: 5761.8 | Var: dueling
Step: 3520512 | EPS: 0.14 | Rew: 4.81 | FPS: 7312.3 | Var: dueling
Step: 3521536 | EPS: 0.14 | Rew: 4.87 | FPS: 8091.3 | Var: dueling
Step: 3522560 | EPS: 0.14 | Rew: 5.09 | FPS: 7711.0 | Var: dueling
Step: 3523584 | EPS: 0.14 | Rew: 5.10 | FPS: 7924.8 | Var: dueling
Step: 3524608 | EPS: 0.14 | Rew: 4.47 | FPS: 7662.0 | Var: dueling
Step: 3525632 | EPS: 0.14 | Rew: 4.37 | FPS: 7776.7 | Var: dueling
Step: 3526656 | EPS: 0.14 | Rew: 4.51 | FPS: 7951.0 | Var: dueling
Step: 3527680 | EPS: 0.14 | Rew: 4.81 | FPS: 8221.2 | Var: dueling
Step: 3528704 | EPS: 0.14 | Rew: 4.81 | FPS: 7770.8 | Var: dueling
Step: 3529728 | EPS: 0.14 | Rew: 4.59 | FPS: 7775.0 | Var: dueling
Step: 3530752 | EPS: 0.13 | Rew: 4.31 | FPS: 8103.7 | Var: dueling
Step: 3531776 | EPS: 0.13 | Rew: 4.22 | FPS: 7786.6 | Var: dueling
Step: 3532800 | EPS: 0.13 | Rew: 4.23 | FPS: 8276.9 | Var: dueling
Step: 3533824 | EPS: 0.13 | Rew: 4.22 | FPS: 7891.0 | Var: dueling
Step: 3534848 | EPS: 0.13 | Rew: 4.24 | FPS: 8051.1 | Var: dueling
Step: 3535872 | EPS: 0.13 | Rew: 4.29 | FPS: 5353.9 | Var: dueling
Step: 3536896 | EPS: 0.13 | Rew: 4.20 | FPS: 7629.1 | Var: dueling
Step: 3537920 | EPS: 0.13 | Rew: 4.57 | FPS: 7880.2 | Var: dueling
Step: 3538944 | EPS: 0.13 | Rew: 4.85 | FPS: 8045.0 | Var: dueling
Step: 3539968 | EPS: 0.13 | Rew: 4.78 | FPS: 8059.7 | Var: dueling
Step: 3540992 | EPS: 0.13 | Rew: 4.52 | FPS: 8015.2 | Var: dueling
Step: 3542016 | EPS: 0.13 | Rew: 4.34 | FPS: 7695.0 | Var: dueling
Step: 3543040 | EPS: 0.13 | Rew: 4.78 | FPS: 8131.3 | Var: dueling
Step: 3544064 | EPS: 0.13 | Rew: 4.68 | FPS: 8172.3 | Var: dueling
Step: 3545088 | EPS: 0.13 | Rew: 4.56 | FPS: 8039.0 | Var: dueling
Step: 3546112 | EPS: 0.13 | Rew: 4.62 | FPS: 6426.5 | Var: dueling
Step: 3547136 | EPS: 0.13 | Rew: 4.38 | FPS: 7677.6 | Var: dueling
Step: 3548160 | EPS: 0.13 | Rew: 4.23 | FPS: 8124.6 | Var: dueling
Step: 3549184 | EPS: 0.13 | Rew: 4.25 | FPS: 8424.6 | Var: dueling
Step: 3550208 | EPS: 0.13 | Rew: 4.46 | FPS: 8450.8 | Var: dueling
Step: 3551232 | EPS: 0.13 | Rew: 4.39 | FPS: 8237.2 | Var: dueling
Step: 3552256 | EPS: 0.13 | Rew: 4.38 | FPS: 4981.5 | Var: dueling
Step: 3553280 | EPS: 0.13 | Rew: 4.70 | FPS: 7992.8 | Var: dueling
Step: 3554304 | EPS: 0.13 | Rew: 4.82 | FPS: 7818.1 | Var: dueling
Step: 3555328 | EPS: 0.13 | Rew: 4.70 | FPS: 7957.0 | Var: dueling
Step: 3556352 | EPS: 0.13 | Rew: 4.53 | FPS: 7949.7 | Var: dueling
Step: 3557376 | EPS: 0.13 | Rew: 4.77 | FPS: 7836.8 | Var: dueling
Step: 3558400 | EPS: 0.13 | Rew: 4.80 | FPS: 7768.6 | Var: dueling
Step: 3559424 | EPS: 0.13 | Rew: 4.67 | FPS: 7925.0 | Var: dueling
Step: 3560448 | EPS: 0.13 | Rew: 4.69 | FPS: 7676.3 | Var: dueling
Step: 3561472 | EPS: 0.13 | Rew: 4.42 | FPS: 8106.5 | Var: dueling
Step: 3562496 | EPS: 0.13 | Rew: 4.26 | FPS: 7804.2 | Var: dueling
Step: 3563520 | EPS: 0.13 | Rew: 4.65 | FPS: 7731.4 | Var: dueling
Step: 3564544 | EPS: 0.13 | Rew: 4.44 | FPS: 7874.1 | Var: dueling
Step: 3565568 | EPS: 0.13 | Rew: 4.22 | FPS: 7986.6 | Var: dueling
Step: 3566592 | EPS: 0.13 | Rew: 4.40 | FPS: 7672.9 | Var: dueling
Step: 3567616 | EPS: 0.13 | Rew: 4.19 | FPS: 4999.3 | Var: dueling
Step: 3568640 | EPS: 0.13 | Rew: 4.41 | FPS: 8091.4 | Var: dueling
Step: 3569664 | EPS: 0.13 | Rew: 4.26 | FPS: 7786.0 | Var: dueling
Step: 3570688 | EPS: 0.13 | Rew: 4.20 | FPS: 8160.1 | Var: dueling
Step: 3571712 | EPS: 0.12 | Rew: 4.03 | FPS: 8286.2 | Var: dueling
Step: 3572736 | EPS: 0.12 | Rew: 4.10 | FPS: 8290.7 | Var: dueling
Step: 3573760 | EPS: 0.12 | Rew: 4.13 | FPS: 7560.9 | Var: dueling
Step: 3574784 | EPS: 0.12 | Rew: 4.00 | FPS: 8160.6 | Var: dueling
Step: 3575808 | EPS: 0.12 | Rew: 3.82 | FPS: 8121.7 | Var: dueling
Step: 3576832 | EPS: 0.12 | Rew: 3.88 | FPS: 7660.0 | Var: dueling
Step: 3577856 | EPS: 0.12 | Rew: 4.18 | FPS: 7627.8 | Var: dueling
Step: 3578880 | EPS: 0.12 | Rew: 3.99 | FPS: 8028.0 | Var: dueling
Step: 3579904 | EPS: 0.12 | Rew: 4.33 | FPS: 8228.0 | Var: dueling
Step: 3580928 | EPS: 0.12 | Rew: 4.11 | FPS: 7847.4 | Var: dueling
Step: 3581952 | EPS: 0.12 | Rew: 4.46 | FPS: 7946.7 | Var: dueling
Step: 3582976 | EPS: 0.12 | Rew: 4.64 | FPS: 8254.2 | Var: dueling
Step: 3584000 | EPS: 0.12 | Rew: 4.80 | FPS: 8029.0 | Var: dueling
Step: 3585024 | EPS: 0.12 | Rew: 5.00 | FPS: 6557.2 | Var: dueling
Step: 3586048 | EPS: 0.12 | Rew: 5.10 | FPS: 7669.2 | Var: dueling
Step: 3587072 | EPS: 0.12 | Rew: 5.02 | FPS: 7741.6 | Var: dueling
Step: 3588096 | EPS: 0.12 | Rew: 5.15 | FPS: 8352.2 | Var: dueling
Step: 3589120 | EPS: 0.12 | Rew: 5.03 | FPS: 7929.7 | Var: dueling
Step: 3590144 | EPS: 0.12 | Rew: 5.14 | FPS: 8325.8 | Var: dueling
Step: 3591168 | EPS: 0.12 | Rew: 4.89 | FPS: 8383.2 | Var: dueling
Step: 3592192 | EPS: 0.12 | Rew: 4.43 | FPS: 8402.4 | Var: dueling
Step: 3593216 | EPS: 0.12 | Rew: 4.34 | FPS: 8071.1 | Var: dueling
Step: 3594240 | EPS: 0.12 | Rew: 4.60 | FPS: 7916.7 | Var: dueling
Step: 3595264 | EPS: 0.12 | Rew: 4.29 | FPS: 6727.3 | Var: dueling
Step: 3596288 | EPS: 0.12 | Rew: 4.47 | FPS: 7682.6 | Var: dueling
Step: 3597312 | EPS: 0.12 | Rew: 4.43 | FPS: 8081.1 | Var: dueling
Step: 3598336 | EPS: 0.12 | Rew: 4.12 | FPS: 8006.0 | Var: dueling
Step: 3599360 | EPS: 0.12 | Rew: 3.92 | FPS: 8122.1 | Var: dueling
Step: 3600384 | EPS: 0.12 | Rew: 4.00 | FPS: 8006.0 | Var: dueling
Step: 3601408 | EPS: 0.12 | Rew: 4.05 | FPS: 5540.4 | Var: dueling
Step: 3602432 | EPS: 0.12 | Rew: 4.11 | FPS: 7770.2 | Var: dueling
Step: 3603456 | EPS: 0.12 | Rew: 4.26 | FPS: 8156.5 | Var: dueling
Step: 3604480 | EPS: 0.12 | Rew: 4.04 | FPS: 8001.8 | Var: dueling
Step: 3605504 | EPS: 0.12 | Rew: 4.05 | FPS: 8033.9 | Var: dueling
Step: 3606528 | EPS: 0.12 | Rew: 4.11 | FPS: 8060.4 | Var: dueling
Step: 3607552 | EPS: 0.12 | Rew: 4.30 | FPS: 7756.5 | Var: dueling
Step: 3608576 | EPS: 0.12 | Rew: 4.70 | FPS: 7855.4 | Var: dueling
Step: 3609600 | EPS: 0.12 | Rew: 5.14 | FPS: 7732.5 | Var: dueling
Step: 3610624 | EPS: 0.12 | Rew: 5.05 | FPS: 7941.6 | Var: dueling
Step: 3611648 | EPS: 0.12 | Rew: 5.29 | FPS: 8033.9 | Var: dueling
Step: 3612672 | EPS: 0.11 | Rew: 5.20 | FPS: 7060.0 | Var: dueling
Step: 3613696 | EPS: 0.11 | Rew: 5.32 | FPS: 8313.1 | Var: dueling
Step: 3614720 | EPS: 0.11 | Rew: 5.43 | FPS: 8158.3 | Var: dueling
>>> [Best] Saved -> agent/checkpoints/dueling_pretrain.pth | Rew 5.43
Step: 3615744 | EPS: 0.11 | Rew: 5.91 | FPS: 8037.1 | Var: dueling
Step: 3616768 | EPS: 0.11 | Rew: 6.01 | FPS: 8077.3 | Var: dueling
>>> [Best] Saved -> agent/checkpoints/dueling_pretrain.pth | Rew 6.01
Step: 3617792 | EPS: 0.11 | Rew: 5.78 | FPS: 7988.7 | Var: dueling
Step: 3618816 | EPS: 0.11 | Rew: 5.73 | FPS: 7717.1 | Var: dueling
Step: 3619840 | EPS: 0.11 | Rew: 5.55 | FPS: 8142.4 | Var: dueling
Step: 3620864 | EPS: 0.11 | Rew: 5.95 | FPS: 8103.7 | Var: dueling
Step: 3621888 | EPS: 0.11 | Rew: 6.01 | FPS: 7999.1 | Var: dueling
Step: 3622912 | EPS: 0.11 | Rew: 5.89 | FPS: 7650.1 | Var: dueling
Step: 3623936 | EPS: 0.11 | Rew: 6.13 | FPS: 7642.4 | Var: dueling
Step: 3624960 | EPS: 0.11 | Rew: 5.98 | FPS: 7783.6 | Var: dueling
Step: 3625984 | EPS: 0.11 | Rew: 5.87 | FPS: 8051.5 | Var: dueling
Step: 3627008 | EPS: 0.11 | Rew: 5.82 | FPS: 7887.5 | Var: dueling
Step: 3628032 | EPS: 0.11 | Rew: 5.78 | FPS: 7822.4 | Var: dueling
Step: 3629056 | EPS: 0.11 | Rew: 5.93 | FPS: 7979.4 | Var: dueling
Step: 3630080 | EPS: 0.11 | Rew: 5.53 | FPS: 8024.8 | Var: dueling
Step: 3631104 | EPS: 0.11 | Rew: 5.81 | FPS: 7827.2 | Var: dueling
Step: 3632128 | EPS: 0.11 | Rew: 5.61 | FPS: 8288.6 | Var: dueling
Step: 3633152 | EPS: 0.11 | Rew: 5.58 | FPS: 4963.5 | Var: dueling
Step: 3634176 | EPS: 0.11 | Rew: 5.37 | FPS: 8144.9 | Var: dueling
Step: 3635200 | EPS: 0.11 | Rew: 5.23 | FPS: 7991.8 | Var: dueling
Step: 3636224 | EPS: 0.11 | Rew: 5.26 | FPS: 7838.0 | Var: dueling
Step: 3637248 | EPS: 0.11 | Rew: 5.02 | FPS: 8379.9 | Var: dueling
Step: 3638272 | EPS: 0.11 | Rew: 5.16 | FPS: 8394.8 | Var: dueling
Step: 3639296 | EPS: 0.11 | Rew: 5.22 | FPS: 7959.6 | Var: dueling
Step: 3640320 | EPS: 0.11 | Rew: 5.15 | FPS: 7930.2 | Var: dueling
Step: 3641344 | EPS: 0.11 | Rew: 4.71 | FPS: 7649.1 | Var: dueling
Step: 3642368 | EPS: 0.11 | Rew: 4.84 | FPS: 8070.5 | Var: dueling
Step: 3643392 | EPS: 0.11 | Rew: 5.18 | FPS: 7731.3 | Var: dueling
Step: 3644416 | EPS: 0.11 | Rew: 5.11 | FPS: 7634.8 | Var: dueling
Step: 3645440 | EPS: 0.11 | Rew: 5.50 | FPS: 7766.7 | Var: dueling
Step: 3646464 | EPS: 0.11 | Rew: 5.59 | FPS: 8048.2 | Var: dueling
Step: 3647488 | EPS: 0.11 | Rew: 5.82 | FPS: 8242.6 | Var: dueling
Step: 3648512 | EPS: 0.11 | Rew: 5.57 | FPS: 8133.6 | Var: dueling
Step: 3649536 | EPS: 0.11 | Rew: 5.74 | FPS: 5072.2 | Var: dueling
Step: 3650560 | EPS: 0.11 | Rew: 5.43 | FPS: 7830.2 | Var: dueling
Step: 3651584 | EPS: 0.11 | Rew: 5.60 | FPS: 7981.2 | Var: dueling
Step: 3652608 | EPS: 0.11 | Rew: 5.62 | FPS: 8015.3 | Var: dueling
Step: 3653632 | EPS: 0.10 | Rew: 5.48 | FPS: 7981.3 | Var: dueling
Step: 3654656 | EPS: 0.10 | Rew: 5.29 | FPS: 8061.8 | Var: dueling
Step: 3655680 | EPS: 0.10 | Rew: 4.95 | FPS: 7885.1 | Var: dueling
Step: 3656704 | EPS: 0.10 | Rew: 5.28 | FPS: 8265.6 | Var: dueling
Step: 3657728 | EPS: 0.10 | Rew: 5.26 | FPS: 8137.9 | Var: dueling
Step: 3658752 | EPS: 0.10 | Rew: 5.40 | FPS: 8051.3 | Var: dueling
Step: 3659776 | EPS: 0.10 | Rew: 5.38 | FPS: 6563.4 | Var: dueling
Step: 3660800 | EPS: 0.10 | Rew: 5.73 | FPS: 7728.6 | Var: dueling
Step: 3661824 | EPS: 0.10 | Rew: 5.72 | FPS: 7860.6 | Var: dueling
Step: 3662848 | EPS: 0.10 | Rew: 5.67 | FPS: 8115.9 | Var: dueling
Step: 3663872 | EPS: 0.10 | Rew: 5.49 | FPS: 6364.4 | Var: dueling
Step: 3664896 | EPS: 0.10 | Rew: 5.64 | FPS: 4816.0 | Var: dueling
Step: 3665920 | EPS: 0.10 | Rew: 5.76 | FPS: 6083.0 | Var: dueling
Step: 3666944 | EPS: 0.10 | Rew: 5.50 | FPS: 7988.3 | Var: dueling
Step: 3667968 | EPS: 0.10 | Rew: 5.30 | FPS: 7935.5 | Var: dueling
Step: 3668992 | EPS: 0.10 | Rew: 5.00 | FPS: 7999.0 | Var: dueling
Step: 3670016 | EPS: 0.10 | Rew: 5.06 | FPS: 8298.6 | Var: dueling
Step: 3671040 | EPS: 0.10 | Rew: 5.06 | FPS: 8289.3 | Var: dueling
Step: 3672064 | EPS: 0.10 | Rew: 5.45 | FPS: 8123.2 | Var: dueling
Step: 3673088 | EPS: 0.10 | Rew: 5.63 | FPS: 8025.0 | Var: dueling
Step: 3674112 | EPS: 0.10 | Rew: 5.63 | FPS: 8121.4 | Var: dueling
Step: 3675136 | EPS: 0.10 | Rew: 5.14 | FPS: 8295.0 | Var: dueling
Step: 3676160 | EPS: 0.10 | Rew: 5.30 | FPS: 7870.4 | Var: dueling
Step: 3677184 | EPS: 0.10 | Rew: 5.23 | FPS: 7893.7 | Var: dueling
Step: 3678208 | EPS: 0.10 | Rew: 5.05 | FPS: 6793.0 | Var: dueling
Step: 3679232 | EPS: 0.10 | Rew: 5.16 | FPS: 7905.1 | Var: dueling
Step: 3680256 | EPS: 0.10 | Rew: 5.55 | FPS: 5282.4 | Var: dueling
Step: 3681280 | EPS: 0.10 | Rew: 5.82 | FPS: 7689.1 | Var: dueling
Step: 3682304 | EPS: 0.10 | Rew: 5.63 | FPS: 7031.0 | Var: dueling
Step: 3683328 | EPS: 0.10 | Rew: 5.39 | FPS: 8525.2 | Var: dueling
Step: 3684352 | EPS: 0.10 | Rew: 5.23 | FPS: 8235.8 | Var: dueling
Step: 3685376 | EPS: 0.10 | Rew: 5.10 | FPS: 8049.7 | Var: dueling
Step: 3686400 | EPS: 0.10 | Rew: 5.24 | FPS: 7991.7 | Var: dueling
Step: 3687424 | EPS: 0.10 | Rew: 5.33 | FPS: 8083.1 | Var: dueling
Step: 3688448 | EPS: 0.10 | Rew: 5.23 | FPS: 7842.6 | Var: dueling
Step: 3689472 | EPS: 0.10 | Rew: 5.23 | FPS: 7775.7 | Var: dueling
Step: 3690496 | EPS: 0.10 | Rew: 5.53 | FPS: 7709.5 | Var: dueling
Step: 3691520 | EPS: 0.10 | Rew: 5.96 | FPS: 7890.9 | Var: dueling
Step: 3692544 | EPS: 0.10 | Rew: 6.05 | FPS: 8016.3 | Var: dueling
Step: 3693568 | EPS: 0.10 | Rew: 5.86 | FPS: 7874.2 | Var: dueling
Step: 3694592 | EPS: 0.09 | Rew: 6.01 | FPS: 8158.3 | Var: dueling
Step: 3695616 | EPS: 0.09 | Rew: 5.87 | FPS: 8166.1 | Var: dueling
Step: 3696640 | EPS: 0.09 | Rew: 5.89 | FPS: 5516.5 | Var: dueling
Step: 3697664 | EPS: 0.09 | Rew: 6.33 | FPS: 8281.9 | Var: dueling
Step: 3698688 | EPS: 0.09 | Rew: 6.60 | FPS: 7649.5 | Var: dueling
>>> [Best] Saved -> agent/checkpoints/dueling_pretrain.pth | Rew 6.60
Step: 3699712 | EPS: 0.09 | Rew: 6.70 | FPS: 7793.9 | Var: dueling
Step: 3700736 | EPS: 0.09 | Rew: 6.67 | FPS: 8125.5 | Var: dueling
Step: 3701760 | EPS: 0.09 | Rew: 6.68 | FPS: 8041.8 | Var: dueling
Step: 3702784 | EPS: 0.09 | Rew: 6.55 | FPS: 7993.8 | Var: dueling
Step: 3703808 | EPS: 0.09 | Rew: 6.45 | FPS: 8036.0 | Var: dueling
Step: 3704832 | EPS: 0.09 | Rew: 6.46 | FPS: 8025.2 | Var: dueling
Step: 3705856 | EPS: 0.09 | Rew: 6.48 | FPS: 8017.7 | Var: dueling
Step: 3706880 | EPS: 0.09 | Rew: 6.41 | FPS: 8021.2 | Var: dueling
Step: 3707904 | EPS: 0.09 | Rew: 6.56 | FPS: 7870.1 | Var: dueling
Step: 3708928 | EPS: 0.09 | Rew: 6.51 | FPS: 8386.8 | Var: dueling
Step: 3709952 | EPS: 0.09 | Rew: 6.56 | FPS: 7998.8 | Var: dueling
Step: 3710976 | EPS: 0.09 | Rew: 6.68 | FPS: 7715.9 | Var: dueling
Step: 3712000 | EPS: 0.09 | Rew: 6.72 | FPS: 5133.9 | Var: dueling
Step: 3713024 | EPS: 0.09 | Rew: 6.85 | FPS: 7546.1 | Var: dueling
Step: 3714048 | EPS: 0.09 | Rew: 6.84 | FPS: 7713.0 | Var: dueling
Step: 3715072 | EPS: 0.09 | Rew: 6.89 | FPS: 7536.8 | Var: dueling
Step: 3716096 | EPS: 0.09 | Rew: 7.02 | FPS: 8359.3 | Var: dueling
Step: 3717120 | EPS: 0.09 | Rew: 6.97 | FPS: 7676.7 | Var: dueling
Step: 3718144 | EPS: 0.09 | Rew: 6.90 | FPS: 8188.7 | Var: dueling
Step: 3719168 | EPS: 0.09 | Rew: 7.00 | FPS: 7479.8 | Var: dueling
Step: 3720192 | EPS: 0.09 | Rew: 6.99 | FPS: 7973.4 | Var: dueling
Step: 3721216 | EPS: 0.09 | Rew: 6.81 | FPS: 7849.5 | Var: dueling
Step: 3722240 | EPS: 0.09 | Rew: 7.08 | FPS: 8076.9 | Var: dueling
Step: 3723264 | EPS: 0.09 | Rew: 7.11 | FPS: 7752.8 | Var: dueling
>>> [Best] Saved -> agent/checkpoints/dueling_pretrain.pth | Rew 7.11
Step: 3724288 | EPS: 0.09 | Rew: 6.78 | FPS: 6642.4 | Var: dueling
Step: 3725312 | EPS: 0.09 | Rew: 6.40 | FPS: 8086.5 | Var: dueling
Step: 3726336 | EPS: 0.09 | Rew: 7.01 | FPS: 8018.5 | Var: dueling
Step: 3727360 | EPS: 0.09 | Rew: 6.79 | FPS: 7932.7 | Var: dueling
Step: 3728384 | EPS: 0.09 | Rew: 6.93 | FPS: 8202.1 | Var: dueling
Step: 3729408 | EPS: 0.09 | Rew: 6.93 | FPS: 7987.9 | Var: dueling
Step: 3730432 | EPS: 0.09 | Rew: 7.02 | FPS: 6812.4 | Var: dueling
Step: 3731456 | EPS: 0.09 | Rew: 6.52 | FPS: 7954.3 | Var: dueling
Step: 3732480 | EPS: 0.09 | Rew: 6.87 | FPS: 7547.8 | Var: dueling
Step: 3733504 | EPS: 0.09 | Rew: 6.87 | FPS: 8080.7 | Var: dueling
Step: 3734528 | EPS: 0.09 | Rew: 6.74 | FPS: 7854.7 | Var: dueling
Step: 3735552 | EPS: 0.08 | Rew: 6.77 | FPS: 8243.1 | Var: dueling
Step: 3736576 | EPS: 0.08 | Rew: 6.90 | FPS: 8001.7 | Var: dueling
Step: 3737600 | EPS: 0.08 | Rew: 6.90 | FPS: 8105.5 | Var: dueling
Step: 3738624 | EPS: 0.08 | Rew: 6.31 | FPS: 8106.5 | Var: dueling
Step: 3739648 | EPS: 0.08 | Rew: 6.36 | FPS: 7921.8 | Var: dueling
Step: 3740672 | EPS: 0.08 | Rew: 6.47 | FPS: 7994.5 | Var: dueling
Step: 3741696 | EPS: 0.08 | Rew: 6.26 | FPS: 8056.5 | Var: dueling
Step: 3742720 | EPS: 0.08 | Rew: 6.17 | FPS: 6529.1 | Var: dueling
Step: 3743744 | EPS: 0.08 | Rew: 5.88 | FPS: 4880.6 | Var: dueling
Step: 3744768 | EPS: 0.08 | Rew: 5.84 | FPS: 7722.9 | Var: dueling
Step: 3745792 | EPS: 0.08 | Rew: 5.85 | FPS: 7956.2 | Var: dueling
Step: 3746816 | EPS: 0.08 | Rew: 5.43 | FPS: 7944.1 | Var: dueling
Step: 3747840 | EPS: 0.08 | Rew: 5.55 | FPS: 8067.4 | Var: dueling
Step: 3748864 | EPS: 0.08 | Rew: 5.62 | FPS: 7943.9 | Var: dueling
Step: 3749888 | EPS: 0.08 | Rew: 5.80 | FPS: 7755.1 | Var: dueling
Step: 3750912 | EPS: 0.08 | Rew: 5.90 | FPS: 7923.4 | Var: dueling
Step: 3751936 | EPS: 0.08 | Rew: 6.04 | FPS: 7891.9 | Var: dueling
Step: 3752960 | EPS: 0.08 | Rew: 6.04 | FPS: 8186.5 | Var: dueling
Step: 3753984 | EPS: 0.08 | Rew: 5.91 | FPS: 7904.4 | Var: dueling
Step: 3755008 | EPS: 0.08 | Rew: 6.13 | FPS: 7664.5 | Var: dueling
Step: 3756032 | EPS: 0.08 | Rew: 7.09 | FPS: 8154.1 | Var: dueling
Step: 3757056 | EPS: 0.08 | Rew: 7.16 | FPS: 8210.1 | Var: dueling
Step: 3758080 | EPS: 0.08 | Rew: 7.47 | FPS: 8501.9 | Var: dueling
Step: 3759104 | EPS: 0.08 | Rew: 8.15 | FPS: 8351.1 | Var: dueling
>>> [Best] Saved -> agent/checkpoints/dueling_pretrain.pth | Rew 8.15
Step: 3760128 | EPS: 0.08 | Rew: 8.16 | FPS: 5467.8 | Var: dueling
Step: 3761152 | EPS: 0.08 | Rew: 8.04 | FPS: 8077.2 | Var: dueling
Step: 3762176 | EPS: 0.08 | Rew: 7.80 | FPS: 7898.4 | Var: dueling
Step: 3763200 | EPS: 0.08 | Rew: 7.83 | FPS: 7982.7 | Var: dueling
Step: 3764224 | EPS: 0.08 | Rew: 7.85 | FPS: 7824.9 | Var: dueling
Step: 3765248 | EPS: 0.08 | Rew: 8.08 | FPS: 7974.1 | Var: dueling
Step: 3766272 | EPS: 0.08 | Rew: 8.27 | FPS: 8300.6 | Var: dueling
Step: 3767296 | EPS: 0.08 | Rew: 8.23 | FPS: 8058.5 | Var: dueling
Step: 3768320 | EPS: 0.08 | Rew: 7.24 | FPS: 7979.8 | Var: dueling
Step: 3769344 | EPS: 0.08 | Rew: 6.79 | FPS: 7812.5 | Var: dueling
Step: 3770368 | EPS: 0.08 | Rew: 6.91 | FPS: 7921.8 | Var: dueling
Step: 3771392 | EPS: 0.08 | Rew: 7.22 | FPS: 7940.1 | Var: dueling
Step: 3772416 | EPS: 0.08 | Rew: 7.28 | FPS: 7916.6 | Var: dueling
Step: 3773440 | EPS: 0.08 | Rew: 7.38 | FPS: 7992.5 | Var: dueling
Step: 3774464 | EPS: 0.08 | Rew: 7.47 | FPS: 7974.7 | Var: dueling
Step: 3775488 | EPS: 0.08 | Rew: 7.53 | FPS: 7888.3 | Var: dueling
Step: 3776512 | EPS: 0.07 | Rew: 7.24 | FPS: 5430.5 | Var: dueling
Step: 3777536 | EPS: 0.07 | Rew: 7.53 | FPS: 7006.6 | Var: dueling
Step: 3778560 | EPS: 0.07 | Rew: 7.62 | FPS: 7813.6 | Var: dueling
Step: 3779584 | EPS: 0.07 | Rew: 7.84 | FPS: 8449.4 | Var: dueling
Step: 3780608 | EPS: 0.07 | Rew: 7.86 | FPS: 8411.4 | Var: dueling
Step: 3781632 | EPS: 0.07 | Rew: 7.93 | FPS: 8247.1 | Var: dueling
Step: 3782656 | EPS: 0.07 | Rew: 8.09 | FPS: 8431.1 | Var: dueling
Step: 3783680 | EPS: 0.07 | Rew: 8.25 | FPS: 8424.0 | Var: dueling
Step: 3784704 | EPS: 0.07 | Rew: 8.61 | FPS: 8364.5 | Var: dueling
Step: 3785728 | EPS: 0.07 | Rew: 8.70 | FPS: 8066.0 | Var: dueling
>>> [Best] Saved -> agent/checkpoints/dueling_pretrain.pth | Rew 8.70
Step: 3786752 | EPS: 0.07 | Rew: 7.84 | FPS: 7831.7 | Var: dueling
Step: 3787776 | EPS: 0.07 | Rew: 7.90 | FPS: 8484.9 | Var: dueling
Step: 3788800 | EPS: 0.07 | Rew: 8.43 | FPS: 8222.2 | Var: dueling
Step: 3789824 | EPS: 0.07 | Rew: 8.38 | FPS: 8313.7 | Var: dueling
Step: 3790848 | EPS: 0.07 | Rew: 8.46 | FPS: 8126.3 | Var: dueling
Step: 3791872 | EPS: 0.07 | Rew: 8.23 | FPS: 8055.4 | Var: dueling
Step: 3792896 | EPS: 0.07 | Rew: 8.22 | FPS: 7723.9 | Var: dueling
Step: 3793920 | EPS: 0.07 | Rew: 8.32 | FPS: 7957.6 | Var: dueling
Step: 3794944 | EPS: 0.07 | Rew: 8.17 | FPS: 6493.1 | Var: dueling
Step: 3795968 | EPS: 0.07 | Rew: 8.22 | FPS: 7650.3 | Var: dueling
Step: 3796992 | EPS: 0.07 | Rew: 8.20 | FPS: 8117.5 | Var: dueling
Step: 3798016 | EPS: 0.07 | Rew: 7.88 | FPS: 6969.4 | Var: dueling
Step: 3799040 | EPS: 0.07 | Rew: 7.60 | FPS: 6819.8 | Var: dueling
Step: 3800064 | EPS: 0.07 | Rew: 8.23 | FPS: 8181.0 | Var: dueling
Step: 3801088 | EPS: 0.07 | Rew: 8.58 | FPS: 8204.6 | Var: dueling
Step: 3802112 | EPS: 0.07 | Rew: 8.00 | FPS: 7944.0 | Var: dueling
Step: 3803136 | EPS: 0.07 | Rew: 8.32 | FPS: 7953.4 | Var: dueling
Step: 3804160 | EPS: 0.07 | Rew: 8.48 | FPS: 8024.9 | Var: dueling
Step: 3805184 | EPS: 0.07 | Rew: 8.48 | FPS: 8053.5 | Var: dueling
Step: 3806208 | EPS: 0.07 | Rew: 8.20 | FPS: 8083.4 | Var: dueling
Step: 3807232 | EPS: 0.07 | Rew: 8.59 | FPS: 8039.7 | Var: dueling
Step: 3808256 | EPS: 0.07 | Rew: 8.46 | FPS: 8109.1 | Var: dueling
Step: 3809280 | EPS: 0.07 | Rew: 8.26 | FPS: 7280.2 | Var: dueling
Step: 3810304 | EPS: 0.07 | Rew: 8.32 | FPS: 8063.0 | Var: dueling
Step: 3811328 | EPS: 0.07 | Rew: 8.39 | FPS: 8200.1 | Var: dueling
Step: 3812352 | EPS: 0.07 | Rew: 7.66 | FPS: 8398.7 | Var: dueling
Step: 3813376 | EPS: 0.07 | Rew: 7.53 | FPS: 8266.4 | Var: dueling
Step: 3814400 | EPS: 0.07 | Rew: 7.53 | FPS: 7816.2 | Var: dueling
Step: 3815424 | EPS: 0.07 | Rew: 7.37 | FPS: 7898.4 | Var: dueling
Step: 3816448 | EPS: 0.06 | Rew: 7.46 | FPS: 8089.1 | Var: dueling
Step: 3817472 | EPS: 0.06 | Rew: 7.64 | FPS: 8201.2 | Var: dueling
Step: 3818496 | EPS: 0.06 | Rew: 7.67 | FPS: 7935.3 | Var: dueling
Step: 3819520 | EPS: 0.06 | Rew: 7.85 | FPS: 8312.8 | Var: dueling
Step: 3820544 | EPS: 0.06 | Rew: 7.57 | FPS: 8375.4 | Var: dueling
Step: 3821568 | EPS: 0.06 | Rew: 7.22 | FPS: 8480.1 | Var: dueling
Step: 3822592 | EPS: 0.06 | Rew: 7.15 | FPS: 8508.1 | Var: dueling
Step: 3823616 | EPS: 0.06 | Rew: 7.24 | FPS: 7791.0 | Var: dueling
Step: 3824640 | EPS: 0.06 | Rew: 7.53 | FPS: 8056.9 | Var: dueling
Step: 3825664 | EPS: 0.06 | Rew: 7.80 | FPS: 5343.1 | Var: dueling
Step: 3826688 | EPS: 0.06 | Rew: 7.94 | FPS: 6930.2 | Var: dueling
Step: 3827712 | EPS: 0.06 | Rew: 8.11 | FPS: 7847.4 | Var: dueling
Step: 3828736 | EPS: 0.06 | Rew: 8.16 | FPS: 8377.0 | Var: dueling
Step: 3829760 | EPS: 0.06 | Rew: 8.28 | FPS: 8017.8 | Var: dueling
Step: 3830784 | EPS: 0.06 | Rew: 8.34 | FPS: 7719.4 | Var: dueling
Step: 3831808 | EPS: 0.06 | Rew: 8.35 | FPS: 7742.2 | Var: dueling
Step: 3832832 | EPS: 0.06 | Rew: 8.48 | FPS: 7847.5 | Var: dueling
Step: 3833856 | EPS: 0.06 | Rew: 8.34 | FPS: 7739.4 | Var: dueling
Step: 3834880 | EPS: 0.06 | Rew: 8.27 | FPS: 8071.8 | Var: dueling
Step: 3835904 | EPS: 0.06 | Rew: 8.15 | FPS: 7411.4 | Var: dueling
Step: 3836928 | EPS: 0.06 | Rew: 8.41 | FPS: 8230.9 | Var: dueling
Step: 3837952 | EPS: 0.06 | Rew: 8.78 | FPS: 7909.0 | Var: dueling
Step: 3838976 | EPS: 0.06 | Rew: 8.79 | FPS: 7803.8 | Var: dueling
Step: 3840000 | EPS: 0.06 | Rew: 9.10 | FPS: 7892.1 | Var: dueling
Step: 3841024 | EPS: 0.06 | Rew: 9.07 | FPS: 8011.1 | Var: dueling
Step: 3842048 | EPS: 0.06 | Rew: 9.10 | FPS: 4957.1 | Var: dueling
Step: 3843072 | EPS: 0.06 | Rew: 8.97 | FPS: 7833.9 | Var: dueling
Step: 3844096 | EPS: 0.06 | Rew: 9.18 | FPS: 8030.6 | Var: dueling
Step: 3845120 | EPS: 0.06 | Rew: 9.22 | FPS: 7828.3 | Var: dueling
>>> [Best] Saved -> agent/checkpoints/dueling_pretrain.pth | Rew 9.22
Step: 3846144 | EPS: 0.06 | Rew: 8.92 | FPS: 7863.6 | Var: dueling
Step: 3847168 | EPS: 0.06 | Rew: 9.44 | FPS: 8138.2 | Var: dueling
Step: 3848192 | EPS: 0.06 | Rew: 9.30 | FPS: 7622.9 | Var: dueling
Step: 3849216 | EPS: 0.06 | Rew: 9.17 | FPS: 7460.3 | Var: dueling
Step: 3850240 | EPS: 0.06 | Rew: 9.42 | FPS: 7918.7 | Var: dueling
Step: 3851264 | EPS: 0.06 | Rew: 9.99 | FPS: 7701.6 | Var: dueling
>>> [Best] Saved -> agent/checkpoints/dueling_pretrain.pth | Rew 9.99
Step: 3852288 | EPS: 0.06 | Rew: 9.91 | FPS: 6876.9 | Var: dueling
Step: 3853312 | EPS: 0.06 | Rew: 9.76 | FPS: 6353.8 | Var: dueling
Step: 3854336 | EPS: 0.06 | Rew: 10.09 | FPS: 7815.9 | Var: dueling
Step: 3855360 | EPS: 0.06 | Rew: 9.91 | FPS: 8340.0 | Var: dueling
Step: 3856384 | EPS: 0.06 | Rew: 10.11 | FPS: 8022.0 | Var: dueling
Step: 3857408 | EPS: 0.05 | Rew: 10.22 | FPS: 5016.8 | Var: dueling
Step: 3858432 | EPS: 0.05 | Rew: 10.03 | FPS: 8027.3 | Var: dueling
Step: 3859456 | EPS: 0.05 | Rew: 10.06 | FPS: 8067.8 | Var: dueling
Step: 3860480 | EPS: 0.05 | Rew: 10.02 | FPS: 7984.1 | Var: dueling
Step: 3861504 | EPS: 0.05 | Rew: 10.03 | FPS: 7908.6 | Var: dueling
Step: 3862528 | EPS: 0.05 | Rew: 9.68 | FPS: 8417.3 | Var: dueling
Step: 3863552 | EPS: 0.05 | Rew: 9.61 | FPS: 8321.5 | Var: dueling
Step: 3864576 | EPS: 0.05 | Rew: 9.59 | FPS: 7046.3 | Var: dueling
Step: 3865600 | EPS: 0.05 | Rew: 10.12 | FPS: 8195.9 | Var: dueling
Step: 3866624 | EPS: 0.05 | Rew: 10.04 | FPS: 6559.6 | Var: dueling
Step: 3867648 | EPS: 0.05 | Rew: 9.52 | FPS: 8215.7 | Var: dueling
Step: 3868672 | EPS: 0.05 | Rew: 9.46 | FPS: 8437.7 | Var: dueling
Step: 3869696 | EPS: 0.05 | Rew: 9.58 | FPS: 8172.4 | Var: dueling
Step: 3870720 | EPS: 0.05 | Rew: 9.22 | FPS: 8345.4 | Var: dueling
Step: 3871744 | EPS: 0.05 | Rew: 9.13 | FPS: 8134.2 | Var: dueling
Step: 3872768 | EPS: 0.05 | Rew: 8.73 | FPS: 4729.8 | Var: dueling
Step: 3873792 | EPS: 0.05 | Rew: 9.12 | FPS: 8222.3 | Var: dueling
Step: 3874816 | EPS: 0.05 | Rew: 8.94 | FPS: 7833.7 | Var: dueling
Step: 3875840 | EPS: 0.05 | Rew: 9.49 | FPS: 8035.1 | Var: dueling
Step: 3876864 | EPS: 0.05 | Rew: 9.41 | FPS: 8201.6 | Var: dueling
Step: 3877888 | EPS: 0.05 | Rew: 9.33 | FPS: 8397.3 | Var: dueling
Step: 3878912 | EPS: 0.05 | Rew: 9.27 | FPS: 8101.7 | Var: dueling
Step: 3879936 | EPS: 0.05 | Rew: 9.20 | FPS: 8200.7 | Var: dueling
Step: 3880960 | EPS: 0.05 | Rew: 9.74 | FPS: 8031.7 | Var: dueling
Step: 3881984 | EPS: 0.05 | Rew: 10.02 | FPS: 8025.4 | Var: dueling
Step: 3883008 | EPS: 0.05 | Rew: 9.99 | FPS: 8320.7 | Var: dueling
Step: 3884032 | EPS: 0.05 | Rew: 9.51 | FPS: 8081.2 | Var: dueling
Step: 3885056 | EPS: 0.05 | Rew: 9.45 | FPS: 8018.1 | Var: dueling
Step: 3886080 | EPS: 0.05 | Rew: 9.44 | FPS: 7697.7 | Var: dueling
Step: 3887104 | EPS: 0.05 | Rew: 9.42 | FPS: 7808.3 | Var: dueling
Step: 3888128 | EPS: 0.05 | Rew: 9.44 | FPS: 7849.7 | Var: dueling
Step: 3889152 | EPS: 0.05 | Rew: 9.56 | FPS: 5078.8 | Var: dueling
Step: 3890176 | EPS: 0.05 | Rew: 9.67 | FPS: 7636.7 | Var: dueling
Step: 3891200 | EPS: 0.05 | Rew: 9.76 | FPS: 7767.5 | Var: dueling
Step: 3892224 | EPS: 0.05 | Rew: 9.16 | FPS: 8143.5 | Var: dueling
Step: 3893248 | EPS: 0.05 | Rew: 9.08 | FPS: 7310.7 | Var: dueling
Step: 3894272 | EPS: 0.05 | Rew: 9.18 | FPS: 7800.4 | Var: dueling
Step: 3895296 | EPS: 0.05 | Rew: 8.78 | FPS: 8086.0 | Var: dueling
Step: 3896320 | EPS: 0.05 | Rew: 9.26 | FPS: 7666.4 | Var: dueling
Step: 3897344 | EPS: 0.05 | Rew: 10.00 | FPS: 7768.2 | Var: dueling
Step: 3898368 | EPS: 0.04 | Rew: 10.24 | FPS: 7741.9 | Var: dueling
Step: 3899392 | EPS: 0.04 | Rew: 10.40 | FPS: 8039.8 | Var: dueling
Step: 3900416 | EPS: 0.04 | Rew: 10.62 | FPS: 7797.8 | Var: dueling
>>> [Best] Saved -> agent/checkpoints/dueling_pretrain.pth | Rew 10.62
Step: 3901440 | EPS: 0.04 | Rew: 10.49 | FPS: 7845.2 | Var: dueling
Step: 3902464 | EPS: 0.04 | Rew: 10.55 | FPS: 8072.1 | Var: dueling
Step: 3903488 | EPS: 0.04 | Rew: 10.51 | FPS: 8004.1 | Var: dueling
Step: 3904512 | EPS: 0.04 | Rew: 10.33 | FPS: 4877.1 | Var: dueling
Step: 3905536 | EPS: 0.04 | Rew: 10.95 | FPS: 7622.9 | Var: dueling
Step: 3906560 | EPS: 0.04 | Rew: 10.95 | FPS: 8225.3 | Var: dueling
Step: 3907584 | EPS: 0.04 | Rew: 10.95 | FPS: 8242.6 | Var: dueling
Step: 3908608 | EPS: 0.04 | Rew: 10.97 | FPS: 8296.5 | Var: dueling
Step: 3909632 | EPS: 0.04 | Rew: 11.32 | FPS: 8338.5 | Var: dueling
>>> [Best] Saved -> agent/checkpoints/dueling_pretrain.pth | Rew 11.32
Step: 3910656 | EPS: 0.04 | Rew: 11.94 | FPS: 7601.5 | Var: dueling
>>> [Best] Saved -> agent/checkpoints/dueling_pretrain.pth | Rew 11.94
Step: 3911680 | EPS: 0.04 | Rew: 12.15 | FPS: 7863.8 | Var: dueling
Step: 3912704 | EPS: 0.04 | Rew: 12.65 | FPS: 7486.4 | Var: dueling
>>> [Best] Saved -> agent/checkpoints/dueling_pretrain.pth | Rew 12.65
Step: 3913728 | EPS: 0.04 | Rew: 12.79 | FPS: 7568.7 | Var: dueling
Step: 3914752 | EPS: 0.04 | Rew: 13.23 | FPS: 7518.5 | Var: dueling
>>> [Best] Saved -> agent/checkpoints/dueling_pretrain.pth | Rew 13.23
Step: 3915776 | EPS: 0.04 | Rew: 13.44 | FPS: 7985.7 | Var: dueling
Step: 3916800 | EPS: 0.04 | Rew: 12.92 | FPS: 7825.9 | Var: dueling
Step: 3917824 | EPS: 0.04 | Rew: 12.70 | FPS: 7781.7 | Var: dueling
Step: 3918848 | EPS: 0.04 | Rew: 12.43 | FPS: 8087.1 | Var: dueling
Step: 3919872 | EPS: 0.04 | Rew: 12.44 | FPS: 5170.9 | Var: dueling
Step: 3920896 | EPS: 0.04 | Rew: 12.44 | FPS: 7743.9 | Var: dueling
Step: 3921920 | EPS: 0.04 | Rew: 12.19 | FPS: 7973.0 | Var: dueling
Step: 3922944 | EPS: 0.04 | Rew: 12.19 | FPS: 7854.4 | Var: dueling
Step: 3923968 | EPS: 0.04 | Rew: 11.87 | FPS: 7933.7 | Var: dueling
Step: 3924992 | EPS: 0.04 | Rew: 12.71 | FPS: 7956.5 | Var: dueling
Step: 3926016 | EPS: 0.04 | Rew: 12.84 | FPS: 7838.7 | Var: dueling
Step: 3927040 | EPS: 0.04 | Rew: 12.78 | FPS: 8308.0 | Var: dueling
Step: 3928064 | EPS: 0.04 | Rew: 13.20 | FPS: 7717.5 | Var: dueling
Step: 3929088 | EPS: 0.04 | Rew: 13.50 | FPS: 6487.1 | Var: dueling
Step: 3930112 | EPS: 0.04 | Rew: 13.75 | FPS: 7949.8 | Var: dueling
>>> [Best] Saved -> agent/checkpoints/dueling_pretrain.pth | Rew 13.75
Step: 3931136 | EPS: 0.04 | Rew: 14.44 | FPS: 7551.0 | Var: dueling
>>> [Best] Saved -> agent/checkpoints/dueling_pretrain.pth | Rew 14.44
Step: 3932160 | EPS: 0.04 | Rew: 14.54 | FPS: 7508.3 | Var: dueling
Step: 3933184 | EPS: 0.04 | Rew: 14.71 | FPS: 7975.9 | Var: dueling
Step: 3934208 | EPS: 0.04 | Rew: 15.43 | FPS: 7931.5 | Var: dueling
>>> [Best] Saved -> agent/checkpoints/dueling_pretrain.pth | Rew 15.43
Step: 3935232 | EPS: 0.04 | Rew: 15.47 | FPS: 5469.8 | Var: dueling
Step: 3936256 | EPS: 0.04 | Rew: 15.34 | FPS: 7775.6 | Var: dueling
Step: 3937280 | EPS: 0.04 | Rew: 15.47 | FPS: 7135.6 | Var: dueling
Step: 3938304 | EPS: 0.04 | Rew: 15.35 | FPS: 8452.2 | Var: dueling
Step: 3939328 | EPS: 0.03 | Rew: 15.42 | FPS: 7788.5 | Var: dueling
Step: 3940352 | EPS: 0.03 | Rew: 15.74 | FPS: 7984.8 | Var: dueling
Step: 3941376 | EPS: 0.03 | Rew: 15.44 | FPS: 8026.2 | Var: dueling
Step: 3942400 | EPS: 0.03 | Rew: 15.84 | FPS: 8054.4 | Var: dueling
Step: 3943424 | EPS: 0.03 | Rew: 16.12 | FPS: 7239.7 | Var: dueling
>>> [Best] Saved -> agent/checkpoints/dueling_pretrain.pth | Rew 16.12
Step: 3944448 | EPS: 0.03 | Rew: 16.19 | FPS: 7765.6 | Var: dueling
Step: 3945472 | EPS: 0.03 | Rew: 16.06 | FPS: 8335.4 | Var: dueling
Step: 3946496 | EPS: 0.03 | Rew: 15.51 | FPS: 7965.6 | Var: dueling
Step: 3947520 | EPS: 0.03 | Rew: 15.52 | FPS: 7872.0 | Var: dueling
Step: 3948544 | EPS: 0.03 | Rew: 15.31 | FPS: 8331.2 | Var: dueling
Step: 3949568 | EPS: 0.03 | Rew: 15.37 | FPS: 8316.4 | Var: dueling
Step: 3950592 | EPS: 0.03 | Rew: 14.64 | FPS: 8252.1 | Var: dueling
Step: 3951616 | EPS: 0.03 | Rew: 14.27 | FPS: 5187.2 | Var: dueling
Step: 3952640 | EPS: 0.03 | Rew: 13.75 | FPS: 8129.5 | Var: dueling
Step: 3953664 | EPS: 0.03 | Rew: 14.47 | FPS: 7724.4 | Var: dueling
Step: 3954688 | EPS: 0.03 | Rew: 14.20 | FPS: 8029.8 | Var: dueling
Step: 3955712 | EPS: 0.03 | Rew: 13.90 | FPS: 8183.8 | Var: dueling
Step: 3956736 | EPS: 0.03 | Rew: 13.21 | FPS: 8413.7 | Var: dueling
Step: 3957760 | EPS: 0.03 | Rew: 12.79 | FPS: 7647.7 | Var: dueling
Step: 3958784 | EPS: 0.03 | Rew: 12.22 | FPS: 7863.1 | Var: dueling
Step: 3959808 | EPS: 0.03 | Rew: 12.15 | FPS: 7980.9 | Var: dueling
Step: 3960832 | EPS: 0.03 | Rew: 11.93 | FPS: 7868.9 | Var: dueling
Step: 3961856 | EPS: 0.03 | Rew: 12.82 | FPS: 8115.9 | Var: dueling
Step: 3962880 | EPS: 0.03 | Rew: 12.88 | FPS: 8115.4 | Var: dueling
Step: 3963904 | EPS: 0.03 | Rew: 12.88 | FPS: 7890.6 | Var: dueling
Step: 3964928 | EPS: 0.03 | Rew: 13.16 | FPS: 8124.4 | Var: dueling
Step: 3965952 | EPS: 0.03 | Rew: 12.93 | FPS: 8293.1 | Var: dueling
Step: 3966976 | EPS: 0.03 | Rew: 12.74 | FPS: 7535.1 | Var: dueling
Step: 3968000 | EPS: 0.03 | Rew: 13.11 | FPS: 4957.9 | Var: dueling
Step: 3969024 | EPS: 0.03 | Rew: 13.27 | FPS: 8331.9 | Var: dueling
Step: 3970048 | EPS: 0.03 | Rew: 13.36 | FPS: 8363.8 | Var: dueling
Step: 3971072 | EPS: 0.03 | Rew: 13.38 | FPS: 7902.5 | Var: dueling
Step: 3972096 | EPS: 0.03 | Rew: 13.92 | FPS: 8376.3 | Var: dueling
Step: 3973120 | EPS: 0.03 | Rew: 14.00 | FPS: 8355.4 | Var: dueling
Step: 3974144 | EPS: 0.03 | Rew: 14.00 | FPS: 8342.5 | Var: dueling
Step: 3975168 | EPS: 0.03 | Rew: 14.00 | FPS: 8427.6 | Var: dueling
Step: 3976192 | EPS: 0.03 | Rew: 13.47 | FPS: 7777.7 | Var: dueling
Step: 3977216 | EPS: 0.03 | Rew: 12.77 | FPS: 7951.0 | Var: dueling
Step: 3978240 | EPS: 0.03 | Rew: 13.11 | FPS: 6803.6 | Var: dueling
Step: 3979264 | EPS: 0.03 | Rew: 13.35 | FPS: 8008.2 | Var: dueling
Step: 3980288 | EPS: 0.02 | Rew: 13.65 | FPS: 8145.2 | Var: dueling
Step: 3981312 | EPS: 0.02 | Rew: 13.78 | FPS: 7773.8 | Var: dueling
Step: 3982336 | EPS: 0.02 | Rew: 14.02 | FPS: 8106.8 | Var: dueling
Step: 3983360 | EPS: 0.02 | Rew: 14.08 | FPS: 8248.5 | Var: dueling
Step: 3984384 | EPS: 0.02 | Rew: 14.47 | FPS: 5104.9 | Var: dueling
Step: 3985408 | EPS: 0.02 | Rew: 14.46 | FPS: 6647.9 | Var: dueling
Step: 3986432 | EPS: 0.02 | Rew: 14.88 | FPS: 7529.4 | Var: dueling
Step: 3987456 | EPS: 0.02 | Rew: 15.21 | FPS: 6619.7 | Var: dueling
Step: 3988480 | EPS: 0.02 | Rew: 15.76 | FPS: 7780.8 | Var: dueling
Step: 3989504 | EPS: 0.02 | Rew: 15.58 | FPS: 7944.9 | Var: dueling
Step: 3990528 | EPS: 0.02 | Rew: 14.68 | FPS: 8105.1 | Var: dueling
Step: 3991552 | EPS: 0.02 | Rew: 15.17 | FPS: 8189.2 | Var: dueling
Step: 3992576 | EPS: 0.02 | Rew: 14.92 | FPS: 8034.3 | Var: dueling
Step: 3993600 | EPS: 0.02 | Rew: 15.00 | FPS: 7998.4 | Var: dueling
Step: 3994624 | EPS: 0.02 | Rew: 14.53 | FPS: 8023.7 | Var: dueling
Step: 3995648 | EPS: 0.02 | Rew: 15.16 | FPS: 7811.0 | Var: dueling
Step: 3996672 | EPS: 0.02 | Rew: 15.36 | FPS: 6995.1 | Var: dueling
Step: 3997696 | EPS: 0.02 | Rew: 15.48 | FPS: 8066.2 | Var: dueling
Step: 3998720 | EPS: 0.02 | Rew: 15.05 | FPS: 4972.1 | Var: dueling
Step: 3999744 | EPS: 0.02 | Rew: 15.60 | FPS: 6941.1 | Var: dueling
Step: 4000768 | EPS: 0.02 | Rew: 15.69 | FPS: 8002.5 | Var: dueling
Step: 4001792 | EPS: 0.02 | Rew: 15.99 | FPS: 6615.0 | Var: dueling
Step: 4002816 | EPS: 0.02 | Rew: 16.55 | FPS: 7601.9 | Var: dueling
Step: 4003840 | EPS: 0.02 | Rew: 16.37 | FPS: 7658.2 | Var: dueling
Step: 4004864 | EPS: 0.02 | Rew: 16.27 | FPS: 7382.6 | Var: dueling
Step: 4005888 | EPS: 0.02 | Rew: 16.58 | FPS: 7493.3 | Var: dueling
Step: 4006912 | EPS: 0.02 | Rew: 17.34 | FPS: 7863.2 | Var: dueling
>>> [Best] Saved -> agent/checkpoints/dueling_pretrain.pth | Rew 17.34
Step: 4007936 | EPS: 0.02 | Rew: 17.61 | FPS: 7718.7 | Var: dueling
Step: 4008960 | EPS: 0.02 | Rew: 18.13 | FPS: 8025.5 | Var: dueling
>>> [Best] Saved -> agent/checkpoints/dueling_pretrain.pth | Rew 18.13
Step: 4009984 | EPS: 0.02 | Rew: 18.12 | FPS: 7897.7 | Var: dueling
Step: 4011008 | EPS: 0.02 | Rew: 18.29 | FPS: 8109.0 | Var: dueling
Step: 4012032 | EPS: 0.02 | Rew: 18.46 | FPS: 7913.6 | Var: dueling
Step: 4013056 | EPS: 0.02 | Rew: 18.74 | FPS: 8316.8 | Var: dueling
>>> [Best] Saved -> agent/checkpoints/dueling_pretrain.pth | Rew 18.74
Step: 4014080 | EPS: 0.02 | Rew: 19.21 | FPS: 4955.6 | Var: dueling
Step: 4015104 | EPS: 0.02 | Rew: 19.49 | FPS: 8323.4 | Var: dueling
>>> [Best] Saved -> agent/checkpoints/dueling_pretrain.pth | Rew 19.49
Step: 4016128 | EPS: 0.02 | Rew: 19.11 | FPS: 6439.4 | Var: dueling
Step: 4017152 | EPS: 0.02 | Rew: 19.26 | FPS: 8047.5 | Var: dueling
Step: 4018176 | EPS: 0.02 | Rew: 18.75 | FPS: 8162.5 | Var: dueling
Step: 4019200 | EPS: 0.02 | Rew: 18.85 | FPS: 8301.3 | Var: dueling
Step: 4020224 | EPS: 0.02 | Rew: 19.05 | FPS: 7826.2 | Var: dueling
Step: 4021248 | EPS: 0.02 | Rew: 18.63 | FPS: 6851.0 | Var: dueling
Step: 4022272 | EPS: 0.02 | Rew: 19.34 | FPS: 7986.5 | Var: dueling
Step: 4023296 | EPS: 0.02 | Rew: 19.93 | FPS: 7866.2 | Var: dueling
Step: 4024320 | EPS: 0.02 | Rew: 19.43 | FPS: 7951.8 | Var: dueling
Step: 4025344 | EPS: 0.02 | Rew: 19.39 | FPS: 7797.8 | Var: dueling
Step: 4026368 | EPS: 0.02 | Rew: 18.39 | FPS: 8369.3 | Var: dueling
Step: 4027392 | EPS: 0.02 | Rew: 18.38 | FPS: 8019.4 | Var: dueling
Step: 4028416 | EPS: 0.02 | Rew: 18.02 | FPS: 8383.7 | Var: dueling
Step: 4029440 | EPS: 0.02 | Rew: 17.60 | FPS: 5530.9 | Var: dueling
Step: 4030464 | EPS: 0.02 | Rew: 17.44 | FPS: 8224.8 | Var: dueling
Step: 4031488 | EPS: 0.02 | Rew: 17.60 | FPS: 6894.2 | Var: dueling
Step: 4032512 | EPS: 0.02 | Rew: 17.76 | FPS: 7808.0 | Var: dueling
Step: 4033536 | EPS: 0.02 | Rew: 17.45 | FPS: 7624.1 | Var: dueling
Step: 4034560 | EPS: 0.02 | Rew: 17.05 | FPS: 7894.9 | Var: dueling
Step: 4035584 | EPS: 0.02 | Rew: 17.10 | FPS: 7836.4 | Var: dueling
Step: 4036608 | EPS: 0.02 | Rew: 16.63 | FPS: 7733.3 | Var: dueling
Step: 4037632 | EPS: 0.02 | Rew: 16.22 | FPS: 8009.8 | Var: dueling
Step: 4038656 | EPS: 0.02 | Rew: 15.91 | FPS: 8122.1 | Var: dueling
Step: 4039680 | EPS: 0.02 | Rew: 15.37 | FPS: 7470.4 | Var: dueling
Step: 4040704 | EPS: 0.02 | Rew: 15.58 | FPS: 8355.8 | Var: dueling
Step: 4041728 | EPS: 0.02 | Rew: 16.09 | FPS: 7988.3 | Var: dueling
Step: 4042752 | EPS: 0.02 | Rew: 16.09 | FPS: 8084.9 | Var: dueling
Step: 4043776 | EPS: 0.02 | Rew: 15.88 | FPS: 7711.1 | Var: dueling
Step: 4044800 | EPS: 0.02 | Rew: 15.98 | FPS: 8042.8 | Var: dueling
Step: 4045824 | EPS: 0.02 | Rew: 16.80 | FPS: 6689.0 | Var: dueling
Step: 4046848 | EPS: 0.02 | Rew: 16.77 | FPS: 7922.7 | Var: dueling
Step: 4047872 | EPS: 0.02 | Rew: 16.81 | FPS: 8189.5 | Var: dueling
Step: 4048896 | EPS: 0.02 | Rew: 15.82 | FPS: 7879.4 | Var: dueling
Step: 4049920 | EPS: 0.02 | Rew: 16.28 | FPS: 6777.8 | Var: dueling
Step: 4050944 | EPS: 0.02 | Rew: 16.12 | FPS: 8059.0 | Var: dueling
Step: 4051968 | EPS: 0.02 | Rew: 17.23 | FPS: 8154.8 | Var: dueling
Step: 4052992 | EPS: 0.02 | Rew: 17.25 | FPS: 8088.1 | Var: dueling
Step: 4054016 | EPS: 0.02 | Rew: 17.84 | FPS: 8165.4 | Var: dueling
Step: 4055040 | EPS: 0.02 | Rew: 17.92 | FPS: 8040.8 | Var: dueling
Step: 4056064 | EPS: 0.02 | Rew: 17.54 | FPS: 7700.9 | Var: dueling
Step: 4057088 | EPS: 0.02 | Rew: 17.80 | FPS: 8019.7 | Var: dueling
Step: 4058112 | EPS: 0.02 | Rew: 18.23 | FPS: 7764.0 | Var: dueling
Step: 4059136 | EPS: 0.02 | Rew: 18.52 | FPS: 7575.6 | Var: dueling
Step: 4060160 | EPS: 0.02 | Rew: 18.78 | FPS: 8079.8 | Var: dueling
Step: 4061184 | EPS: 0.02 | Rew: 18.76 | FPS: 4071.9 | Var: dueling
Step: 4062208 | EPS: 0.02 | Rew: 18.78 | FPS: 6139.0 | Var: dueling
Step: 4063232 | EPS: 0.02 | Rew: 19.08 | FPS: 7711.0 | Var: dueling
Step: 4064256 | EPS: 0.02 | Rew: 18.61 | FPS: 7472.9 | Var: dueling
Step: 4065280 | EPS: 0.02 | Rew: 18.71 | FPS: 7820.4 | Var: dueling
Step: 4066304 | EPS: 0.02 | Rew: 18.71 | FPS: 7304.2 | Var: dueling
Step: 4067328 | EPS: 0.02 | Rew: 18.77 | FPS: 7626.6 | Var: dueling
Step: 4068352 | EPS: 0.02 | Rew: 18.94 | FPS: 7907.2 | Var: dueling
Step: 4069376 | EPS: 0.02 | Rew: 18.99 | FPS: 7966.1 | Var: dueling
Step: 4070400 | EPS: 0.02 | Rew: 19.09 | FPS: 7933.0 | Var: dueling
Step: 4071424 | EPS: 0.02 | Rew: 19.18 | FPS: 7829.8 | Var: dueling
Step: 4072448 | EPS: 0.02 | Rew: 19.14 | FPS: 7723.7 | Var: dueling
Step: 4073472 | EPS: 0.02 | Rew: 19.49 | FPS: 7912.6 | Var: dueling
Step: 4074496 | EPS: 0.02 | Rew: 20.00 | FPS: 7777.1 | Var: dueling
>>> [Best] Saved -> agent/checkpoints/dueling_pretrain.pth | Rew 20.00
Step: 4075520 | EPS: 0.02 | Rew: 20.52 | FPS: 7885.1 | Var: dueling
>>> [Best] Saved -> agent/checkpoints/dueling_pretrain.pth | Rew 20.52
Step: 4076544 | EPS: 0.02 | Rew: 20.92 | FPS: 4978.4 | Var: dueling
Step: 4077568 | EPS: 0.02 | Rew: 21.13 | FPS: 6696.8 | Var: dueling
>>> [Best] Saved -> agent/checkpoints/dueling_pretrain.pth | Rew 21.13
Step: 4078592 | EPS: 0.02 | Rew: 21.42 | FPS: 6159.3 | Var: dueling
Step: 4079616 | EPS: 0.02 | Rew: 20.95 | FPS: 8055.7 | Var: dueling
Step: 4080640 | EPS: 0.02 | Rew: 20.81 | FPS: 7729.6 | Var: dueling
Step: 4081664 | EPS: 0.02 | Rew: 21.35 | FPS: 7690.7 | Var: dueling
Step: 4082688 | EPS: 0.02 | Rew: 21.35 | FPS: 8043.0 | Var: dueling
Step: 4083712 | EPS: 0.02 | Rew: 21.24 | FPS: 7935.4 | Var: dueling
Step: 4084736 | EPS: 0.02 | Rew: 22.19 | FPS: 7644.4 | Var: dueling
>>> [Best] Saved -> agent/checkpoints/dueling_pretrain.pth | Rew 22.19
Step: 4085760 | EPS: 0.02 | Rew: 21.68 | FPS: 6501.9 | Var: dueling
Step: 4086784 | EPS: 0.02 | Rew: 21.69 | FPS: 7775.3 | Var: dueling
Step: 4087808 | EPS: 0.02 | Rew: 21.47 | FPS: 7675.2 | Var: dueling
Step: 4088832 | EPS: 0.02 | Rew: 21.07 | FPS: 7727.0 | Var: dueling
Step: 4089856 | EPS: 0.02 | Rew: 21.35 | FPS: 7861.1 | Var: dueling
Step: 4090880 | EPS: 0.02 | Rew: 21.48 | FPS: 5619.0 | Var: dueling
Step: 4091904 | EPS: 0.02 | Rew: 21.62 | FPS: 7720.2 | Var: dueling
Step: 4092928 | EPS: 0.02 | Rew: 21.39 | FPS: 7883.3 | Var: dueling
Step: 4093952 | EPS: 0.02 | Rew: 20.53 | FPS: 7677.8 | Var: dueling
Step: 4094976 | EPS: 0.02 | Rew: 20.18 | FPS: 7573.6 | Var: dueling
Step: 4096000 | EPS: 0.02 | Rew: 20.33 | FPS: 7980.5 | Var: dueling
Step: 4097024 | EPS: 0.02 | Rew: 20.67 | FPS: 7799.8 | Var: dueling
Step: 4098048 | EPS: 0.02 | Rew: 20.86 | FPS: 8406.8 | Var: dueling
Step: 4099072 | EPS: 0.02 | Rew: 20.03 | FPS: 8249.8 | Var: dueling
Step: 4100096 | EPS: 0.02 | Rew: 19.79 | FPS: 8358.2 | Var: dueling
Step: 4101120 | EPS: 0.02 | Rew: 19.45 | FPS: 8283.4 | Var: dueling
Step: 4102144 | EPS: 0.02 | Rew: 19.20 | FPS: 7756.5 | Var: dueling
Step: 4103168 | EPS: 0.02 | Rew: 18.68 | FPS: 7742.7 | Var: dueling
Step: 4104192 | EPS: 0.02 | Rew: 17.80 | FPS: 6981.5 | Var: dueling
Step: 4105216 | EPS: 0.02 | Rew: 17.55 | FPS: 7404.3 | Var: dueling
Step: 4106240 | EPS: 0.02 | Rew: 17.17 | FPS: 7957.3 | Var: dueling
Step: 4107264 | EPS: 0.02 | Rew: 17.08 | FPS: 4976.5 | Var: dueling
Step: 4108288 | EPS: 0.02 | Rew: 17.19 | FPS: 8161.9 | Var: dueling
Step: 4109312 | EPS: 0.02 | Rew: 16.73 | FPS: 7565.0 | Var: dueling
Step: 4110336 | EPS: 0.02 | Rew: 17.02 | FPS: 8019.4 | Var: dueling
Step: 4111360 | EPS: 0.02 | Rew: 17.04 | FPS: 7515.1 | Var: dueling
Step: 4112384 | EPS: 0.02 | Rew: 16.78 | FPS: 6397.5 | Var: dueling
Step: 4113408 | EPS: 0.02 | Rew: 16.75 | FPS: 7283.9 | Var: dueling
Step: 4114432 | EPS: 0.02 | Rew: 17.71 | FPS: 7969.7 | Var: dueling
Step: 4115456 | EPS: 0.02 | Rew: 18.05 | FPS: 6475.2 | Var: dueling
Step: 4116480 | EPS: 0.02 | Rew: 17.98 | FPS: 7630.5 | Var: dueling
Step: 4117504 | EPS: 0.02 | Rew: 17.98 | FPS: 8056.6 | Var: dueling
Step: 4118528 | EPS: 0.02 | Rew: 18.18 | FPS: 7892.9 | Var: dueling
Step: 4119552 | EPS: 0.02 | Rew: 18.39 | FPS: 8205.9 | Var: dueling
Step: 4120576 | EPS: 0.02 | Rew: 19.09 | FPS: 8026.3 | Var: dueling
Step: 4121600 | EPS: 0.02 | Rew: 19.03 | FPS: 8043.2 | Var: dueling
Step: 4122624 | EPS: 0.02 | Rew: 19.15 | FPS: 5091.5 | Var: dueling
Step: 4123648 | EPS: 0.02 | Rew: 19.23 | FPS: 7968.7 | Var: dueling
Step: 4124672 | EPS: 0.02 | Rew: 19.61 | FPS: 7896.0 | Var: dueling
Step: 4125696 | EPS: 0.02 | Rew: 19.31 | FPS: 7873.7 | Var: dueling
Step: 4126720 | EPS: 0.02 | Rew: 19.72 | FPS: 7984.4 | Var: dueling
Step: 4127744 | EPS: 0.02 | Rew: 20.16 | FPS: 7660.8 | Var: dueling
Step: 4128768 | EPS: 0.02 | Rew: 19.51 | FPS: 8371.5 | Var: dueling
Step: 4129792 | EPS: 0.02 | Rew: 18.76 | FPS: 8137.6 | Var: dueling
Step: 4130816 | EPS: 0.02 | Rew: 18.75 | FPS: 7901.4 | Var: dueling
Step: 4131840 | EPS: 0.02 | Rew: 19.02 | FPS: 8025.7 | Var: dueling
Step: 4132864 | EPS: 0.02 | Rew: 19.31 | FPS: 7802.3 | Var: dueling
Step: 4133888 | EPS: 0.02 | Rew: 20.13 | FPS: 7981.5 | Var: dueling
Step: 4134912 | EPS: 0.02 | Rew: 21.14 | FPS: 7769.6 | Var: dueling
Step: 4135936 | EPS: 0.02 | Rew: 21.31 | FPS: 6382.9 | Var: dueling
Step: 4136960 | EPS: 0.02 | Rew: 21.48 | FPS: 7743.4 | Var: dueling
Step: 4137984 | EPS: 0.02 | Rew: 21.41 | FPS: 7727.0 | Var: dueling
Step: 4139008 | EPS: 0.02 | Rew: 21.62 | FPS: 6549.7 | Var: dueling
Step: 4140032 | EPS: 0.02 | Rew: 21.62 | FPS: 7558.0 | Var: dueling
Step: 4141056 | EPS: 0.02 | Rew: 21.50 | FPS: 8175.7 | Var: dueling
Step: 4142080 | EPS: 0.02 | Rew: 21.38 | FPS: 7477.5 | Var: dueling
Step: 4143104 | EPS: 0.02 | Rew: 21.69 | FPS: 7806.0 | Var: dueling
Step: 4144128 | EPS: 0.02 | Rew: 21.94 | FPS: 7845.9 | Var: dueling
Step: 4145152 | EPS: 0.02 | Rew: 21.91 | FPS: 8206.2 | Var: dueling
Step: 4146176 | EPS: 0.02 | Rew: 20.99 | FPS: 7893.7 | Var: dueling
Step: 4147200 | EPS: 0.02 | Rew: 20.59 | FPS: 5969.2 | Var: dueling
Step: 4148224 | EPS: 0.02 | Rew: 20.87 | FPS: 6607.5 | Var: dueling
Step: 4149248 | EPS: 0.02 | Rew: 20.80 | FPS: 6674.2 | Var: dueling
Step: 4150272 | EPS: 0.02 | Rew: 21.05 | FPS: 6119.8 | Var: dueling
Step: 4151296 | EPS: 0.02 | Rew: 21.08 | FPS: 6299.8 | Var: dueling
Step: 4152320 | EPS: 0.02 | Rew: 21.08 | FPS: 4421.8 | Var: dueling
Step: 4153344 | EPS: 0.02 | Rew: 21.03 | FPS: 7800.0 | Var: dueling
Step: 4154368 | EPS: 0.02 | Rew: 20.57 | FPS: 8063.8 | Var: dueling
Step: 4155392 | EPS: 0.02 | Rew: 20.51 | FPS: 8151.9 | Var: dueling
Step: 4156416 | EPS: 0.02 | Rew: 20.53 | FPS: 8124.4 | Var: dueling
Step: 4157440 | EPS: 0.02 | Rew: 20.73 | FPS: 7695.7 | Var: dueling
Step: 4158464 | EPS: 0.02 | Rew: 20.92 | FPS: 7965.5 | Var: dueling
Step: 4159488 | EPS: 0.02 | Rew: 20.45 | FPS: 7945.4 | Var: dueling
Step: 4160512 | EPS: 0.02 | Rew: 20.67 | FPS: 7379.2 | Var: dueling
Step: 4161536 | EPS: 0.02 | Rew: 20.48 | FPS: 7756.3 | Var: dueling
Step: 4162560 | EPS: 0.02 | Rew: 19.90 | FPS: 7542.9 | Var: dueling
Step: 4163584 | EPS: 0.02 | Rew: 20.25 | FPS: 7478.4 | Var: dueling
Step: 4164608 | EPS: 0.02 | Rew: 20.63 | FPS: 7887.0 | Var: dueling
Step: 4165632 | EPS: 0.02 | Rew: 20.37 | FPS: 6410.8 | Var: dueling
Step: 4166656 | EPS: 0.02 | Rew: 20.06 | FPS: 7581.6 | Var: dueling
Step: 4167680 | EPS: 0.02 | Rew: 20.12 | FPS: 8127.5 | Var: dueling
Step: 4168704 | EPS: 0.02 | Rew: 19.54 | FPS: 6927.1 | Var: dueling
Step: 4169728 | EPS: 0.02 | Rew: 19.84 | FPS: 8298.0 | Var: dueling
Step: 4170752 | EPS: 0.02 | Rew: 19.44 | FPS: 6794.9 | Var: dueling
Step: 4171776 | EPS: 0.02 | Rew: 19.77 | FPS: 7980.2 | Var: dueling
Step: 4172800 | EPS: 0.02 | Rew: 20.12 | FPS: 7945.9 | Var: dueling
Step: 4173824 | EPS: 0.02 | Rew: 20.12 | FPS: 7674.8 | Var: dueling
Step: 4174848 | EPS: 0.02 | Rew: 20.10 | FPS: 7742.4 | Var: dueling
Step: 4175872 | EPS: 0.02 | Rew: 20.70 | FPS: 7959.7 | Var: dueling
Step: 4176896 | EPS: 0.02 | Rew: 20.70 | FPS: 7981.6 | Var: dueling
Step: 4177920 | EPS: 0.02 | Rew: 20.17 | FPS: 7764.5 | Var: dueling
Step: 4178944 | EPS: 0.02 | Rew: 19.98 | FPS: 8124.7 | Var: dueling
Step: 4179968 | EPS: 0.02 | Rew: 20.40 | FPS: 7850.0 | Var: dueling
Step: 4180992 | EPS: 0.02 | Rew: 20.25 | FPS: 8179.3 | Var: dueling
Step: 4182016 | EPS: 0.02 | Rew: 19.75 | FPS: 7675.6 | Var: dueling
Step: 4183040 | EPS: 0.02 | Rew: 20.43 | FPS: 7704.9 | Var: dueling
Step: 4184064 | EPS: 0.02 | Rew: 20.42 | FPS: 5495.7 | Var: dueling
Step: 4185088 | EPS: 0.02 | Rew: 20.08 | FPS: 7964.8 | Var: dueling
Step: 4186112 | EPS: 0.02 | Rew: 19.90 | FPS: 7961.4 | Var: dueling
Step: 4187136 | EPS: 0.02 | Rew: 19.85 | FPS: 8253.3 | Var: dueling
Step: 4188160 | EPS: 0.02 | Rew: 19.97 | FPS: 6729.5 | Var: dueling
Step: 4189184 | EPS: 0.02 | Rew: 20.01 | FPS: 8171.1 | Var: dueling
Step: 4190208 | EPS: 0.02 | Rew: 19.71 | FPS: 7480.6 | Var: dueling
Step: 4191232 | EPS: 0.02 | Rew: 19.77 | FPS: 7815.6 | Var: dueling
Step: 4192256 | EPS: 0.02 | Rew: 19.78 | FPS: 7983.3 | Var: dueling
Step: 4193280 | EPS: 0.02 | Rew: 20.46 | FPS: 8224.2 | Var: dueling
Step: 4194304 | EPS: 0.02 | Rew: 21.07 | FPS: 7983.6 | Var: dueling
Step: 4195328 | EPS: 0.02 | Rew: 21.13 | FPS: 8246.6 | Var: dueling
Step: 4196352 | EPS: 0.02 | Rew: 21.38 | FPS: 7834.8 | Var: dueling
Step: 4197376 | EPS: 0.02 | Rew: 21.85 | FPS: 7962.3 | Var: dueling
Step: 4198400 | EPS: 0.02 | Rew: 22.04 | FPS: 7924.7 | Var: dueling
Step: 4199424 | EPS: 0.02 | Rew: 21.36 | FPS: 7988.1 | Var: dueling
Step: 4200448 | EPS: 0.02 | Rew: 21.27 | FPS: 5015.4 | Var: dueling
Step: 4201472 | EPS: 0.02 | Rew: 21.07 | FPS: 8003.1 | Var: dueling
Step: 4202496 | EPS: 0.02 | Rew: 20.95 | FPS: 7930.6 | Var: dueling
Step: 4203520 | EPS: 0.02 | Rew: 21.08 | FPS: 7955.0 | Var: dueling
Step: 4204544 | EPS: 0.02 | Rew: 20.95 | FPS: 7622.0 | Var: dueling
Step: 4205568 | EPS: 0.02 | Rew: 20.51 | FPS: 7800.7 | Var: dueling
Step: 4206592 | EPS: 0.02 | Rew: 20.85 | FPS: 7789.8 | Var: dueling
Step: 4207616 | EPS: 0.02 | Rew: 21.47 | FPS: 8381.1 | Var: dueling
Step: 4208640 | EPS: 0.02 | Rew: 21.49 | FPS: 8324.0 | Var: dueling
Step: 4209664 | EPS: 0.02 | Rew: 21.46 | FPS: 8259.3 | Var: dueling
Step: 4210688 | EPS: 0.02 | Rew: 21.21 | FPS: 7837.3 | Var: dueling
Step: 4211712 | EPS: 0.02 | Rew: 20.74 | FPS: 7654.4 | Var: dueling
Step: 4212736 | EPS: 0.02 | Rew: 20.87 | FPS: 7422.1 | Var: dueling
Step: 4213760 | EPS: 0.02 | Rew: 20.81 | FPS: 6337.4 | Var: dueling
Step: 4214784 | EPS: 0.02 | Rew: 21.62 | FPS: 6417.3 | Var: dueling
Step: 4215808 | EPS: 0.02 | Rew: 21.23 | FPS: 4730.3 | Var: dueling
Step: 4216832 | EPS: 0.02 | Rew: 20.95 | FPS: 7405.0 | Var: dueling
Step: 4217856 | EPS: 0.02 | Rew: 21.07 | FPS: 7229.9 | Var: dueling
Step: 4218880 | EPS: 0.02 | Rew: 20.79 | FPS: 7280.7 | Var: dueling
Step: 4219904 | EPS: 0.02 | Rew: 20.72 | FPS: 8039.4 | Var: dueling
Step: 4220928 | EPS: 0.02 | Rew: 20.70 | FPS: 7905.0 | Var: dueling
Step: 4221952 | EPS: 0.02 | Rew: 20.61 | FPS: 7972.5 | Var: dueling
Step: 4222976 | EPS: 0.02 | Rew: 19.94 | FPS: 7718.2 | Var: dueling
Step: 4224000 | EPS: 0.02 | Rew: 20.08 | FPS: 7740.7 | Var: dueling
Step: 4225024 | EPS: 0.02 | Rew: 20.09 | FPS: 8077.7 | Var: dueling
Step: 4226048 | EPS: 0.02 | Rew: 20.12 | FPS: 8294.7 | Var: dueling
Step: 4227072 | EPS: 0.02 | Rew: 19.84 | FPS: 7637.1 | Var: dueling
Step: 4228096 | EPS: 0.02 | Rew: 19.43 | FPS: 5413.4 | Var: dueling
Step: 4229120 | EPS: 0.02 | Rew: 19.64 | FPS: 7259.8 | Var: dueling
Step: 4230144 | EPS: 0.02 | Rew: 19.78 | FPS: 4724.4 | Var: dueling
Step: 4231168 | EPS: 0.02 | Rew: 20.16 | FPS: 6835.6 | Var: dueling
Step: 4232192 | EPS: 0.02 | Rew: 19.71 | FPS: 7973.9 | Var: dueling
Step: 4233216 | EPS: 0.02 | Rew: 20.29 | FPS: 7828.8 | Var: dueling
Step: 4234240 | EPS: 0.02 | Rew: 20.01 | FPS: 8048.9 | Var: dueling
Step: 4235264 | EPS: 0.02 | Rew: 20.18 | FPS: 7952.0 | Var: dueling
Step: 4236288 | EPS: 0.02 | Rew: 20.39 | FPS: 7969.4 | Var: dueling
Step: 4237312 | EPS: 0.02 | Rew: 20.89 | FPS: 8070.1 | Var: dueling
Step: 4238336 | EPS: 0.02 | Rew: 20.17 | FPS: 7857.4 | Var: dueling
Step: 4239360 | EPS: 0.02 | Rew: 19.77 | FPS: 8536.0 | Var: dueling
Step: 4240384 | EPS: 0.02 | Rew: 19.95 | FPS: 7808.2 | Var: dueling
Step: 4241408 | EPS: 0.02 | Rew: 20.26 | FPS: 7751.5 | Var: dueling
Step: 4242432 | EPS: 0.02 | Rew: 20.83 | FPS: 7818.6 | Var: dueling
Step: 4243456 | EPS: 0.02 | Rew: 21.03 | FPS: 8304.8 | Var: dueling
Step: 4244480 | EPS: 0.02 | Rew: 20.88 | FPS: 7846.7 | Var: dueling
Step: 4245504 | EPS: 0.02 | Rew: 21.42 | FPS: 8132.3 | Var: dueling
Step: 4246528 | EPS: 0.02 | Rew: 21.38 | FPS: 5554.8 | Var: dueling
Step: 4247552 | EPS: 0.02 | Rew: 21.39 | FPS: 8237.5 | Var: dueling
Step: 4248576 | EPS: 0.02 | Rew: 21.54 | FPS: 7868.8 | Var: dueling
Step: 4249600 | EPS: 0.02 | Rew: 21.62 | FPS: 8419.6 | Var: dueling
Step: 4250624 | EPS: 0.02 | Rew: 21.70 | FPS: 7679.5 | Var: dueling
Step: 4251648 | EPS: 0.02 | Rew: 22.23 | FPS: 7720.9 | Var: dueling
Step: 4252672 | EPS: 0.02 | Rew: 22.17 | FPS: 8172.5 | Var: dueling
Step: 4253696 | EPS: 0.02 | Rew: 21.83 | FPS: 8139.7 | Var: dueling
Step: 4254720 | EPS: 0.02 | Rew: 22.01 | FPS: 7765.7 | Var: dueling
Step: 4255744 | EPS: 0.02 | Rew: 21.72 | FPS: 7818.2 | Var: dueling
Step: 4256768 | EPS: 0.02 | Rew: 21.82 | FPS: 8160.2 | Var: dueling
Step: 4257792 | EPS: 0.02 | Rew: 21.66 | FPS: 7786.4 | Var: dueling
Step: 4258816 | EPS: 0.02 | Rew: 21.86 | FPS: 8072.6 | Var: dueling
Step: 4259840 | EPS: 0.02 | Rew: 21.94 | FPS: 7991.8 | Var: dueling
Step: 4260864 | EPS: 0.02 | Rew: 22.34 | FPS: 8142.5 | Var: dueling
Step: 4261888 | EPS: 0.02 | Rew: 21.53 | FPS: 4881.9 | Var: dueling
Step: 4262912 | EPS: 0.02 | Rew: 21.47 | FPS: 7912.2 | Var: dueling
Step: 4263936 | EPS: 0.02 | Rew: 21.81 | FPS: 8072.4 | Var: dueling
Step: 4264960 | EPS: 0.02 | Rew: 21.56 | FPS: 7943.7 | Var: dueling
Step: 4265984 | EPS: 0.02 | Rew: 21.55 | FPS: 7835.6 | Var: dueling
Step: 4267008 | EPS: 0.02 | Rew: 21.76 | FPS: 8039.4 | Var: dueling
Step: 4268032 | EPS: 0.02 | Rew: 21.80 | FPS: 8153.0 | Var: dueling
Step: 4269056 | EPS: 0.02 | Rew: 21.74 | FPS: 7983.8 | Var: dueling
Step: 4270080 | EPS: 0.02 | Rew: 21.28 | FPS: 6832.1 | Var: dueling
Step: 4271104 | EPS: 0.02 | Rew: 21.11 | FPS: 7767.7 | Var: dueling
Step: 4272128 | EPS: 0.02 | Rew: 21.05 | FPS: 8057.6 | Var: dueling
Step: 4273152 | EPS: 0.02 | Rew: 19.99 | FPS: 8022.6 | Var: dueling
Step: 4274176 | EPS: 0.02 | Rew: 20.15 | FPS: 7742.4 | Var: dueling
Step: 4275200 | EPS: 0.02 | Rew: 20.21 | FPS: 7966.1 | Var: dueling
Step: 4276224 | EPS: 0.02 | Rew: 20.37 | FPS: 7392.8 | Var: dueling
Step: 4277248 | EPS: 0.02 | Rew: 20.50 | FPS: 8130.6 | Var: dueling
Step: 4278272 | EPS: 0.02 | Rew: 20.43 | FPS: 4908.9 | Var: dueling
Step: 4279296 | EPS: 0.02 | Rew: 20.58 | FPS: 7734.8 | Var: dueling
Step: 4280320 | EPS: 0.02 | Rew: 20.52 | FPS: 8395.5 | Var: dueling
Step: 4281344 | EPS: 0.02 | Rew: 20.49 | FPS: 7729.9 | Var: dueling
Step: 4282368 | EPS: 0.02 | Rew: 19.38 | FPS: 7921.2 | Var: dueling
Step: 4283392 | EPS: 0.02 | Rew: 19.20 | FPS: 8421.8 | Var: dueling
Step: 4284416 | EPS: 0.02 | Rew: 19.17 | FPS: 7503.9 | Var: dueling
Step: 4285440 | EPS: 0.02 | Rew: 19.30 | FPS: 7746.5 | Var: dueling
Step: 4286464 | EPS: 0.02 | Rew: 19.48 | FPS: 7921.3 | Var: dueling
Step: 4287488 | EPS: 0.02 | Rew: 19.15 | FPS: 7879.1 | Var: dueling
Step: 4288512 | EPS: 0.02 | Rew: 18.94 | FPS: 7738.8 | Var: dueling
Step: 4289536 | EPS: 0.02 | Rew: 18.63 | FPS: 7938.4 | Var: dueling
Step: 4290560 | EPS: 0.02 | Rew: 18.41 | FPS: 8052.7 | Var: dueling
Step: 4291584 | EPS: 0.02 | Rew: 18.25 | FPS: 7766.5 | Var: dueling
Step: 4292608 | EPS: 0.02 | Rew: 18.83 | FPS: 7920.2 | Var: dueling
Step: 4293632 | EPS: 0.02 | Rew: 18.87 | FPS: 5245.2 | Var: dueling
Step: 4294656 | EPS: 0.02 | Rew: 18.17 | FPS: 6674.2 | Var: dueling
Step: 4295680 | EPS: 0.02 | Rew: 18.36 | FPS: 7684.0 | Var: dueling
Step: 4296704 | EPS: 0.02 | Rew: 18.78 | FPS: 6710.6 | Var: dueling
Step: 4297728 | EPS: 0.02 | Rew: 18.93 | FPS: 8296.7 | Var: dueling
Step: 4298752 | EPS: 0.02 | Rew: 19.08 | FPS: 7919.0 | Var: dueling
Step: 4299776 | EPS: 0.02 | Rew: 19.69 | FPS: 8335.7 | Var: dueling
Step: 4300800 | EPS: 0.02 | Rew: 19.85 | FPS: 8300.4 | Var: dueling
Step: 4301824 | EPS: 0.02 | Rew: 19.45 | FPS: 7930.1 | Var: dueling
Step: 4302848 | EPS: 0.02 | Rew: 19.22 | FPS: 6854.3 | Var: dueling
Step: 4303872 | EPS: 0.02 | Rew: 18.73 | FPS: 5990.6 | Var: dueling
Step: 4304896 | EPS: 0.02 | Rew: 18.51 | FPS: 7506.8 | Var: dueling
Step: 4305920 | EPS: 0.02 | Rew: 18.51 | FPS: 7602.0 | Var: dueling
Step: 4306944 | EPS: 0.02 | Rew: 18.49 | FPS: 7177.7 | Var: dueling
Step: 4307968 | EPS: 0.02 | Rew: 18.45 | FPS: 6815.4 | Var: dueling
Step: 4308992 | EPS: 0.02 | Rew: 18.35 | FPS: 7981.4 | Var: dueling
Step: 4310016 | EPS: 0.02 | Rew: 17.81 | FPS: 7661.6 | Var: dueling
Step: 4311040 | EPS: 0.02 | Rew: 18.17 | FPS: 8102.7 | Var: dueling
Step: 4312064 | EPS: 0.02 | Rew: 18.65 | FPS: 7941.9 | Var: dueling
Step: 4313088 | EPS: 0.02 | Rew: 19.05 | FPS: 7964.0 | Var: dueling
Step: 4314112 | EPS: 0.02 | Rew: 19.93 | FPS: 8163.3 | Var: dueling
Step: 4315136 | EPS: 0.02 | Rew: 19.73 | FPS: 8257.8 | Var: dueling
Step: 4316160 | EPS: 0.02 | Rew: 20.09 | FPS: 7797.6 | Var: dueling
Step: 4317184 | EPS: 0.02 | Rew: 20.23 | FPS: 8400.1 | Var: dueling
Step: 4318208 | EPS: 0.02 | Rew: 20.01 | FPS: 8306.8 | Var: dueling
Step: 4319232 | EPS: 0.02 | Rew: 19.87 | FPS: 7780.8 | Var: dueling
Step: 4320256 | EPS: 0.02 | Rew: 19.75 | FPS: 8198.0 | Var: dueling
Step: 4321280 | EPS: 0.02 | Rew: 19.55 | FPS: 6642.8 | Var: dueling
Step: 4322304 | EPS: 0.02 | Rew: 18.66 | FPS: 7917.7 | Var: dueling
Step: 4323328 | EPS: 0.02 | Rew: 18.68 | FPS: 8092.5 | Var: dueling
Step: 4324352 | EPS: 0.02 | Rew: 18.94 | FPS: 8369.6 | Var: dueling
Step: 4325376 | EPS: 0.02 | Rew: 18.95 | FPS: 7705.6 | Var: dueling
Step: 4326400 | EPS: 0.02 | Rew: 19.10 | FPS: 8315.0 | Var: dueling
Step: 4327424 | EPS: 0.02 | Rew: 19.03 | FPS: 8282.9 | Var: dueling
Step: 4328448 | EPS: 0.02 | Rew: 19.15 | FPS: 7767.0 | Var: dueling
Step: 4329472 | EPS: 0.02 | Rew: 19.39 | FPS: 7653.1 | Var: dueling
Step: 4330496 | EPS: 0.02 | Rew: 19.66 | FPS: 8112.1 | Var: dueling
Step: 4331520 | EPS: 0.02 | Rew: 20.09 | FPS: 8076.4 | Var: dueling
Step: 4332544 | EPS: 0.02 | Rew: 20.94 | FPS: 8380.8 | Var: dueling
Step: 4333568 | EPS: 0.02 | Rew: 20.76 | FPS: 7746.4 | Var: dueling
Step: 4334592 | EPS: 0.02 | Rew: 20.51 | FPS: 7986.2 | Var: dueling
Step: 4335616 | EPS: 0.02 | Rew: 20.03 | FPS: 7781.9 | Var: dueling
Step: 4336640 | EPS: 0.02 | Rew: 20.26 | FPS: 6179.4 | Var: dueling
Step: 4337664 | EPS: 0.02 | Rew: 20.23 | FPS: 8057.2 | Var: dueling
Step: 4338688 | EPS: 0.02 | Rew: 20.10 | FPS: 8111.2 | Var: dueling
Step: 4339712 | EPS: 0.02 | Rew: 19.68 | FPS: 8030.1 | Var: dueling
Step: 4340736 | EPS: 0.02 | Rew: 20.00 | FPS: 7676.7 | Var: dueling
Step: 4341760 | EPS: 0.02 | Rew: 19.46 | FPS: 7998.2 | Var: dueling
Step: 4342784 | EPS: 0.02 | Rew: 19.41 | FPS: 7559.3 | Var: dueling
Step: 4343808 | EPS: 0.02 | Rew: 19.10 | FPS: 8222.5 | Var: dueling
Step: 4344832 | EPS: 0.02 | Rew: 19.12 | FPS: 8143.1 | Var: dueling
Step: 4345856 | EPS: 0.02 | Rew: 19.18 | FPS: 7866.3 | Var: dueling
Step: 4346880 | EPS: 0.02 | Rew: 18.77 | FPS: 8182.4 | Var: dueling
Step: 4347904 | EPS: 0.02 | Rew: 18.70 | FPS: 7220.7 | Var: dueling
Step: 4348928 | EPS: 0.02 | Rew: 19.13 | FPS: 7905.4 | Var: dueling
Step: 4349952 | EPS: 0.02 | Rew: 19.42 | FPS: 5414.3 | Var: dueling
Step: 4350976 | EPS: 0.02 | Rew: 19.65 | FPS: 8022.2 | Var: dueling
Step: 4352000 | EPS: 0.02 | Rew: 19.65 | FPS: 7696.0 | Var: dueling
Step: 4353024 | EPS: 0.02 | Rew: 19.80 | FPS: 7650.2 | Var: dueling
Step: 4354048 | EPS: 0.02 | Rew: 20.04 | FPS: 8136.0 | Var: dueling
Step: 4355072 | EPS: 0.02 | Rew: 19.56 | FPS: 8251.5 | Var: dueling
Step: 4356096 | EPS: 0.02 | Rew: 19.43 | FPS: 8068.9 | Var: dueling
Step: 4357120 | EPS: 0.02 | Rew: 19.79 | FPS: 7949.0 | Var: dueling
Step: 4358144 | EPS: 0.02 | Rew: 20.14 | FPS: 7947.6 | Var: dueling
Step: 4359168 | EPS: 0.02 | Rew: 20.37 | FPS: 4911.3 | Var: dueling
Step: 4360192 | EPS: 0.02 | Rew: 19.96 | FPS: 6826.5 | Var: dueling
Step: 4361216 | EPS: 0.02 | Rew: 20.33 | FPS: 8146.0 | Var: dueling
Step: 4362240 | EPS: 0.02 | Rew: 19.47 | FPS: 7534.3 | Var: dueling
Step: 4363264 | EPS: 0.02 | Rew: 19.92 | FPS: 7995.8 | Var: dueling
Step: 4364288 | EPS: 0.02 | Rew: 20.38 | FPS: 8003.9 | Var: dueling
Step: 4365312 | EPS: 0.02 | Rew: 20.27 | FPS: 7702.0 | Var: dueling
Step: 4366336 | EPS: 0.02 | Rew: 20.23 | FPS: 7642.8 | Var: dueling
Step: 4367360 | EPS: 0.02 | Rew: 20.02 | FPS: 7971.9 | Var: dueling
Step: 4368384 | EPS: 0.02 | Rew: 20.22 | FPS: 7487.4 | Var: dueling
Step: 4369408 | EPS: 0.02 | Rew: 20.05 | FPS: 8034.3 | Var: dueling
Step: 4370432 | EPS: 0.02 | Rew: 19.77 | FPS: 7889.8 | Var: dueling
Step: 4371456 | EPS: 0.02 | Rew: 20.22 | FPS: 7999.3 | Var: dueling
Step: 4372480 | EPS: 0.02 | Rew: 20.30 | FPS: 6397.7 | Var: dueling
Step: 4373504 | EPS: 0.02 | Rew: 20.44 | FPS: 7765.1 | Var: dueling
Step: 4374528 | EPS: 0.02 | Rew: 20.25 | FPS: 8205.3 | Var: dueling
Step: 4375552 | EPS: 0.02 | Rew: 20.77 | FPS: 6634.6 | Var: dueling
Step: 4376576 | EPS: 0.02 | Rew: 20.73 | FPS: 8007.3 | Var: dueling
Step: 4377600 | EPS: 0.02 | Rew: 20.03 | FPS: 6625.8 | Var: dueling
Step: 4378624 | EPS: 0.02 | Rew: 20.55 | FPS: 7932.1 | Var: dueling
Step: 4379648 | EPS: 0.02 | Rew: 20.03 | FPS: 7946.3 | Var: dueling
Step: 4380672 | EPS: 0.02 | Rew: 20.15 | FPS: 7497.2 | Var: dueling
Step: 4381696 | EPS: 0.02 | Rew: 19.92 | FPS: 9611.7 | Var: dueling
Step: 4382720 | EPS: 0.02 | Rew: 20.04 | FPS: 10001.9 | Var: dueling
Step: 4383744 | EPS: 0.02 | Rew: 20.32 | FPS: 6364.7 | Var: dueling
Step: 4384768 | EPS: 0.02 | Rew: 20.56 | FPS: 8116.3 | Var: dueling
Step: 4385792 | EPS: 0.02 | Rew: 20.05 | FPS: 7944.3 | Var: dueling
Step: 4386816 | EPS: 0.02 | Rew: 20.33 | FPS: 7620.2 | Var: dueling
Step: 4387840 | EPS: 0.02 | Rew: 19.91 | FPS: 7073.0 | Var: dueling
Step: 4388864 | EPS: 0.02 | Rew: 19.69 | FPS: 7451.9 | Var: dueling
Step: 4389888 | EPS: 0.02 | Rew: 19.73 | FPS: 4737.4 | Var: dueling
Step: 4390912 | EPS: 0.02 | Rew: 19.84 | FPS: 7409.9 | Var: dueling
Step: 4391936 | EPS: 0.02 | Rew: 20.04 | FPS: 7540.8 | Var: dueling
Step: 4392960 | EPS: 0.02 | Rew: 19.85 | FPS: 5432.0 | Var: dueling
Step: 4393984 | EPS: 0.02 | Rew: 20.08 | FPS: 6859.5 | Var: dueling
Step: 4395008 | EPS: 0.02 | Rew: 20.28 | FPS: 7764.1 | Var: dueling
Step: 4396032 | EPS: 0.02 | Rew: 19.96 | FPS: 7725.1 | Var: dueling
Step: 4397056 | EPS: 0.02 | Rew: 19.52 | FPS: 7963.7 | Var: dueling
Step: 4398080 | EPS: 0.02 | Rew: 19.92 | FPS: 7231.6 | Var: dueling
Step: 4399104 | EPS: 0.02 | Rew: 19.58 | FPS: 6946.5 | Var: dueling
Step: 4400128 | EPS: 0.02 | Rew: 19.47 | FPS: 7891.4 | Var: dueling
Step: 4401152 | EPS: 0.02 | Rew: 19.25 | FPS: 7582.2 | Var: dueling
Step: 4402176 | EPS: 0.02 | Rew: 19.25 | FPS: 7712.0 | Var: dueling
Step: 4403200 | EPS: 0.02 | Rew: 19.92 | FPS: 7713.4 | Var: dueling
Step: 4404224 | EPS: 0.02 | Rew: 20.19 | FPS: 7514.8 | Var: dueling
Step: 4405248 | EPS: 0.02 | Rew: 20.46 | FPS: 5191.4 | Var: dueling
Step: 4406272 | EPS: 0.02 | Rew: 20.60 | FPS: 7419.6 | Var: dueling
Step: 4407296 | EPS: 0.02 | Rew: 21.10 | FPS: 6822.4 | Var: dueling
Step: 4408320 | EPS: 0.02 | Rew: 21.12 | FPS: 7841.8 | Var: dueling
Step: 4409344 | EPS: 0.02 | Rew: 21.51 | FPS: 8043.3 | Var: dueling
Step: 4410368 | EPS: 0.02 | Rew: 21.25 | FPS: 8250.1 | Var: dueling
Step: 4411392 | EPS: 0.02 | Rew: 21.44 | FPS: 8271.7 | Var: dueling
Step: 4412416 | EPS: 0.02 | Rew: 21.42 | FPS: 7763.2 | Var: dueling
Step: 4413440 | EPS: 0.02 | Rew: 20.36 | FPS: 8184.1 | Var: dueling
Step: 4414464 | EPS: 0.02 | Rew: 19.57 | FPS: 7778.4 | Var: dueling
Step: 4415488 | EPS: 0.02 | Rew: 19.57 | FPS: 7895.4 | Var: dueling
Step: 4416512 | EPS: 0.02 | Rew: 20.24 | FPS: 5817.4 | Var: dueling
Step: 4417536 | EPS: 0.02 | Rew: 20.20 | FPS: 6930.7 | Var: dueling
Step: 4418560 | EPS: 0.02 | Rew: 19.46 | FPS: 7045.5 | Var: dueling
Step: 4419584 | EPS: 0.02 | Rew: 19.85 | FPS: 5519.4 | Var: dueling
Step: 4420608 | EPS: 0.02 | Rew: 19.57 | FPS: 6672.2 | Var: dueling
Step: 4421632 | EPS: 0.02 | Rew: 20.01 | FPS: 7702.8 | Var: dueling
Step: 4422656 | EPS: 0.02 | Rew: 20.03 | FPS: 7470.6 | Var: dueling
Step: 4423680 | EPS: 0.02 | Rew: 20.03 | FPS: 7427.6 | Var: dueling
Step: 4424704 | EPS: 0.02 | Rew: 20.08 | FPS: 6908.1 | Var: dueling
Step: 4425728 | EPS: 0.02 | Rew: 19.80 | FPS: 6716.4 | Var: dueling
Step: 4426752 | EPS: 0.02 | Rew: 20.16 | FPS: 6788.2 | Var: dueling
Step: 4427776 | EPS: 0.02 | Rew: 20.54 | FPS: 6700.7 | Var: dueling
Step: 4428800 | EPS: 0.02 | Rew: 20.78 | FPS: 7938.4 | Var: dueling
Step: 4429824 | EPS: 0.02 | Rew: 20.55 | FPS: 8278.9 | Var: dueling
Step: 4430848 | EPS: 0.02 | Rew: 21.73 | FPS: 8229.5 | Var: dueling
Step: 4431872 | EPS: 0.02 | Rew: 22.10 | FPS: 8133.8 | Var: dueling
Step: 4432896 | EPS: 0.02 | Rew: 21.81 | FPS: 7885.0 | Var: dueling
Step: 4433920 | EPS: 0.02 | Rew: 21.65 | FPS: 7977.4 | Var: dueling
Step: 4434944 | EPS: 0.02 | Rew: 20.90 | FPS: 5083.1 | Var: dueling
Step: 4435968 | EPS: 0.02 | Rew: 19.86 | FPS: 7811.9 | Var: dueling
Step: 4436992 | EPS: 0.02 | Rew: 20.04 | FPS: 8044.0 | Var: dueling
Step: 4438016 | EPS: 0.02 | Rew: 20.14 | FPS: 7718.7 | Var: dueling
Step: 4439040 | EPS: 0.02 | Rew: 20.06 | FPS: 8193.8 | Var: dueling
Step: 4440064 | EPS: 0.02 | Rew: 20.06 | FPS: 8123.6 | Var: dueling
Step: 4441088 | EPS: 0.02 | Rew: 20.37 | FPS: 7971.9 | Var: dueling
Step: 4442112 | EPS: 0.02 | Rew: 20.75 | FPS: 7736.0 | Var: dueling
Step: 4443136 | EPS: 0.02 | Rew: 20.68 | FPS: 7812.7 | Var: dueling
Step: 4444160 | EPS: 0.02 | Rew: 21.44 | FPS: 8085.2 | Var: dueling
Step: 4445184 | EPS: 0.02 | Rew: 21.44 | FPS: 7698.8 | Var: dueling
Step: 4446208 | EPS: 0.02 | Rew: 21.84 | FPS: 7852.0 | Var: dueling
Step: 4447232 | EPS: 0.02 | Rew: 21.76 | FPS: 6527.4 | Var: dueling
Step: 4448256 | EPS: 0.02 | Rew: 21.97 | FPS: 6524.1 | Var: dueling
Step: 4449280 | EPS: 0.02 | Rew: 22.41 | FPS: 8241.5 | Var: dueling
Step: 4450304 | EPS: 0.02 | Rew: 22.99 | FPS: 4728.7 | Var: dueling
>>> [Best] Saved -> agent/checkpoints/dueling_pretrain.pth | Rew 22.99
Step: 4451328 | EPS: 0.02 | Rew: 23.12 | FPS: 6473.7 | Var: dueling
Step: 4452352 | EPS: 0.02 | Rew: 23.23 | FPS: 7495.0 | Var: dueling
Step: 4453376 | EPS: 0.02 | Rew: 21.88 | FPS: 7871.5 | Var: dueling
Step: 4454400 | EPS: 0.02 | Rew: 23.33 | FPS: 7544.3 | Var: dueling
Step: 4455424 | EPS: 0.02 | Rew: 23.75 | FPS: 8069.0 | Var: dueling
>>> [Best] Saved -> agent/checkpoints/dueling_pretrain.pth | Rew 23.75
Step: 4456448 | EPS: 0.02 | Rew: 23.44 | FPS: 8136.5 | Var: dueling
Step: 4457472 | EPS: 0.02 | Rew: 22.67 | FPS: 8088.1 | Var: dueling
Step: 4458496 | EPS: 0.02 | Rew: 22.10 | FPS: 8009.7 | Var: dueling
Step: 4459520 | EPS: 0.02 | Rew: 21.87 | FPS: 7994.0 | Var: dueling
Step: 4460544 | EPS: 0.02 | Rew: 22.19 | FPS: 8228.1 | Var: dueling
Step: 4461568 | EPS: 0.02 | Rew: 22.27 | FPS: 8109.7 | Var: dueling
Step: 4462592 | EPS: 0.02 | Rew: 22.71 | FPS: 7601.1 | Var: dueling
Step: 4463616 | EPS: 0.02 | Rew: 22.67 | FPS: 8058.4 | Var: dueling
Step: 4464640 | EPS: 0.02 | Rew: 23.24 | FPS: 7705.7 | Var: dueling
Step: 4465664 | EPS: 0.02 | Rew: 23.50 | FPS: 5032.0 | Var: dueling
Step: 4466688 | EPS: 0.02 | Rew: 23.13 | FPS: 7448.2 | Var: dueling
Step: 4467712 | EPS: 0.02 | Rew: 23.18 | FPS: 7527.8 | Var: dueling
Step: 4468736 | EPS: 0.02 | Rew: 23.09 | FPS: 6373.9 | Var: dueling
Step: 4469760 | EPS: 0.02 | Rew: 22.50 | FPS: 5947.2 | Var: dueling
Step: 4470784 | EPS: 0.02 | Rew: 22.08 | FPS: 5024.7 | Var: dueling
Step: 4471808 | EPS: 0.02 | Rew: 21.57 | FPS: 6122.5 | Var: dueling
Step: 4472832 | EPS: 0.02 | Rew: 21.89 | FPS: 7707.8 | Var: dueling
Step: 4473856 | EPS: 0.02 | Rew: 21.70 | FPS: 8249.0 | Var: dueling
Step: 4474880 | EPS: 0.02 | Rew: 21.37 | FPS: 8071.0 | Var: dueling
Step: 4475904 | EPS: 0.02 | Rew: 21.06 | FPS: 7878.5 | Var: dueling
Step: 4476928 | EPS: 0.02 | Rew: 20.79 | FPS: 8052.0 | Var: dueling
Step: 4477952 | EPS: 0.02 | Rew: 21.55 | FPS: 8106.1 | Var: dueling
Step: 4478976 | EPS: 0.02 | Rew: 21.90 | FPS: 7690.3 | Var: dueling
Step: 4480000 | EPS: 0.02 | Rew: 21.34 | FPS: 5311.5 | Var: dueling
Step: 4481024 | EPS: 0.02 | Rew: 20.82 | FPS: 7605.0 | Var: dueling
Step: 4482048 | EPS: 0.02 | Rew: 20.54 | FPS: 7626.8 | Var: dueling
Step: 4483072 | EPS: 0.02 | Rew: 20.25 | FPS: 7612.5 | Var: dueling
Step: 4484096 | EPS: 0.02 | Rew: 20.56 | FPS: 7878.9 | Var: dueling
Step: 4485120 | EPS: 0.02 | Rew: 20.90 | FPS: 7813.8 | Var: dueling
Step: 4486144 | EPS: 0.02 | Rew: 20.94 | FPS: 7968.5 | Var: dueling
Step: 4487168 | EPS: 0.02 | Rew: 21.08 | FPS: 7703.0 | Var: dueling
Step: 4488192 | EPS: 0.02 | Rew: 21.36 | FPS: 7915.4 | Var: dueling
Step: 4489216 | EPS: 0.02 | Rew: 21.25 | FPS: 8006.3 | Var: dueling
Step: 4490240 | EPS: 0.02 | Rew: 21.64 | FPS: 7751.1 | Var: dueling
Step: 4491264 | EPS: 0.02 | Rew: 22.06 | FPS: 7671.6 | Var: dueling
Step: 4492288 | EPS: 0.02 | Rew: 22.30 | FPS: 7490.9 | Var: dueling
Step: 4493312 | EPS: 0.02 | Rew: 22.05 | FPS: 7667.8 | Var: dueling
Step: 4494336 | EPS: 0.02 | Rew: 22.06 | FPS: 7831.8 | Var: dueling
Step: 4495360 | EPS: 0.02 | Rew: 21.56 | FPS: 7896.2 | Var: dueling
Step: 4496384 | EPS: 0.02 | Rew: 21.95 | FPS: 7951.1 | Var: dueling
Step: 4497408 | EPS: 0.02 | Rew: 22.19 | FPS: 7243.9 | Var: dueling
Step: 4498432 | EPS: 0.02 | Rew: 22.20 | FPS: 8021.9 | Var: dueling
Step: 4499456 | EPS: 0.02 | Rew: 23.18 | FPS: 7815.0 | Var: dueling
Step: 4500480 | EPS: 0.02 | Rew: 22.84 | FPS: 7841.8 | Var: dueling
Step: 4501504 | EPS: 0.02 | Rew: 22.87 | FPS: 7690.6 | Var: dueling
Step: 4502528 | EPS: 0.02 | Rew: 22.47 | FPS: 7471.2 | Var: dueling
Step: 4503552 | EPS: 0.02 | Rew: 22.60 | FPS: 7373.2 | Var: dueling
Step: 4504576 | EPS: 0.02 | Rew: 22.27 | FPS: 8035.8 | Var: dueling
Step: 4505600 | EPS: 0.02 | Rew: 22.16 | FPS: 7951.0 | Var: dueling
Step: 4506624 | EPS: 0.02 | Rew: 21.90 | FPS: 7929.1 | Var: dueling
Step: 4507648 | EPS: 0.02 | Rew: 22.01 | FPS: 8048.0 | Var: dueling
Step: 4508672 | EPS: 0.02 | Rew: 20.83 | FPS: 7771.9 | Var: dueling
Step: 4509696 | EPS: 0.02 | Rew: 21.01 | FPS: 7950.9 | Var: dueling
Step: 4510720 | EPS: 0.02 | Rew: 21.32 | FPS: 8173.5 | Var: dueling
Step: 4511744 | EPS: 0.02 | Rew: 20.42 | FPS: 7675.0 | Var: dueling
Step: 4512768 | EPS: 0.02 | Rew: 20.36 | FPS: 7699.4 | Var: dueling
Step: 4513792 | EPS: 0.02 | Rew: 20.40 | FPS: 7798.9 | Var: dueling
Step: 4514816 | EPS: 0.02 | Rew: 20.42 | FPS: 8150.1 | Var: dueling
Step: 4515840 | EPS: 0.02 | Rew: 20.09 | FPS: 7739.0 | Var: dueling
Step: 4516864 | EPS: 0.02 | Rew: 19.68 | FPS: 7608.0 | Var: dueling
Step: 4517888 | EPS: 0.02 | Rew: 19.55 | FPS: 7821.8 | Var: dueling
Step: 4518912 | EPS: 0.02 | Rew: 19.83 | FPS: 7969.2 | Var: dueling
Step: 4519936 | EPS: 0.02 | Rew: 20.28 | FPS: 7782.9 | Var: dueling
Step: 4520960 | EPS: 0.02 | Rew: 20.06 | FPS: 7703.8 | Var: dueling
Step: 4521984 | EPS: 0.02 | Rew: 20.23 | FPS: 8058.2 | Var: dueling
Step: 4523008 | EPS: 0.02 | Rew: 20.53 | FPS: 7626.9 | Var: dueling
Step: 4524032 | EPS: 0.02 | Rew: 20.47 | FPS: 7220.5 | Var: dueling
Step: 4525056 | EPS: 0.02 | Rew: 19.85 | FPS: 7878.6 | Var: dueling
Step: 4526080 | EPS: 0.02 | Rew: 19.94 | FPS: 7404.2 | Var: dueling
Step: 4527104 | EPS: 0.02 | Rew: 19.10 | FPS: 7613.2 | Var: dueling
Step: 4528128 | EPS: 0.02 | Rew: 19.29 | FPS: 4924.7 | Var: dueling
Step: 4529152 | EPS: 0.02 | Rew: 18.70 | FPS: 8046.4 | Var: dueling
Step: 4530176 | EPS: 0.02 | Rew: 18.78 | FPS: 7772.8 | Var: dueling
Step: 4531200 | EPS: 0.02 | Rew: 18.74 | FPS: 7754.1 | Var: dueling
Step: 4532224 | EPS: 0.02 | Rew: 19.20 | FPS: 7792.7 | Var: dueling
Step: 4533248 | EPS: 0.02 | Rew: 19.47 | FPS: 7538.4 | Var: dueling
Step: 4534272 | EPS: 0.02 | Rew: 19.03 | FPS: 7714.0 | Var: dueling
Step: 4535296 | EPS: 0.02 | Rew: 19.36 | FPS: 8096.3 | Var: dueling
Step: 4536320 | EPS: 0.02 | Rew: 20.00 | FPS: 8092.0 | Var: dueling
Step: 4537344 | EPS: 0.02 | Rew: 19.64 | FPS: 10082.4 | Var: dueling
Step: 4538368 | EPS: 0.02 | Rew: 19.82 | FPS: 9013.2 | Var: dueling
Step: 4539392 | EPS: 0.02 | Rew: 19.93 | FPS: 6343.2 | Var: dueling
Step: 4540416 | EPS: 0.02 | Rew: 19.76 | FPS: 7215.9 | Var: dueling
Step: 4541440 | EPS: 0.02 | Rew: 19.33 | FPS: 5448.2 | Var: dueling
Step: 4542464 | EPS: 0.02 | Rew: 19.40 | FPS: 7086.2 | Var: dueling
Step: 4543488 | EPS: 0.02 | Rew: 19.16 | FPS: 7642.5 | Var: dueling
Step: 4544512 | EPS: 0.02 | Rew: 18.63 | FPS: 8148.7 | Var: dueling
Step: 4545536 | EPS: 0.02 | Rew: 18.94 | FPS: 7628.4 | Var: dueling
Step: 4546560 | EPS: 0.02 | Rew: 18.90 | FPS: 8056.5 | Var: dueling
Step: 4547584 | EPS: 0.02 | Rew: 18.35 | FPS: 8123.2 | Var: dueling
Step: 4548608 | EPS: 0.02 | Rew: 18.77 | FPS: 7972.7 | Var: dueling
Step: 4549632 | EPS: 0.02 | Rew: 18.93 | FPS: 7993.9 | Var: dueling
Step: 4550656 | EPS: 0.02 | Rew: 19.36 | FPS: 7946.4 | Var: dueling
Step: 4551680 | EPS: 0.02 | Rew: 20.28 | FPS: 7792.3 | Var: dueling
Step: 4552704 | EPS: 0.02 | Rew: 20.12 | FPS: 8005.7 | Var: dueling
Step: 4553728 | EPS: 0.02 | Rew: 19.80 | FPS: 7942.7 | Var: dueling
Step: 4554752 | EPS: 0.02 | Rew: 19.88 | FPS: 8004.7 | Var: dueling
Step: 4555776 | EPS: 0.02 | Rew: 20.03 | FPS: 8003.8 | Var: dueling
Step: 4556800 | EPS: 0.02 | Rew: 19.42 | FPS: 7740.7 | Var: dueling
Step: 4557824 | EPS: 0.02 | Rew: 19.08 | FPS: 7978.8 | Var: dueling
Step: 4558848 | EPS: 0.02 | Rew: 19.19 | FPS: 8193.9 | Var: dueling
Step: 4559872 | EPS: 0.02 | Rew: 18.87 | FPS: 5333.9 | Var: dueling
Step: 4560896 | EPS: 0.02 | Rew: 19.22 | FPS: 8068.5 | Var: dueling
Step: 4561920 | EPS: 0.02 | Rew: 19.60 | FPS: 7887.7 | Var: dueling
Step: 4562944 | EPS: 0.02 | Rew: 19.74 | FPS: 8042.0 | Var: dueling
Step: 4563968 | EPS: 0.02 | Rew: 19.48 | FPS: 7305.6 | Var: dueling
Step: 4564992 | EPS: 0.02 | Rew: 19.81 | FPS: 7543.3 | Var: dueling
Step: 4566016 | EPS: 0.02 | Rew: 19.33 | FPS: 7844.3 | Var: dueling
Step: 4567040 | EPS: 0.02 | Rew: 19.27 | FPS: 8286.8 | Var: dueling
Step: 4568064 | EPS: 0.02 | Rew: 19.87 | FPS: 7914.0 | Var: dueling
Step: 4569088 | EPS: 0.02 | Rew: 19.48 | FPS: 7279.4 | Var: dueling
Step: 4570112 | EPS: 0.02 | Rew: 19.53 | FPS: 8284.1 | Var: dueling
Step: 4571136 | EPS: 0.02 | Rew: 19.71 | FPS: 8294.5 | Var: dueling
Step: 4572160 | EPS: 0.02 | Rew: 19.73 | FPS: 7866.3 | Var: dueling
Step: 4573184 | EPS: 0.02 | Rew: 19.22 | FPS: 7798.4 | Var: dueling
Step: 4574208 | EPS: 0.02 | Rew: 19.11 | FPS: 7825.4 | Var: dueling
Step: 4575232 | EPS: 0.02 | Rew: 18.81 | FPS: 5731.7 | Var: dueling
Step: 4576256 | EPS: 0.02 | Rew: 18.08 | FPS: 7290.4 | Var: dueling
Step: 4577280 | EPS: 0.02 | Rew: 17.91 | FPS: 7953.8 | Var: dueling
Step: 4578304 | EPS: 0.02 | Rew: 17.32 | FPS: 7544.5 | Var: dueling
Step: 4579328 | EPS: 0.02 | Rew: 16.63 | FPS: 7845.9 | Var: dueling
Step: 4580352 | EPS: 0.02 | Rew: 16.78 | FPS: 8075.3 | Var: dueling
Step: 4581376 | EPS: 0.02 | Rew: 16.51 | FPS: 7936.5 | Var: dueling
Step: 4582400 | EPS: 0.02 | Rew: 16.68 | FPS: 7586.5 | Var: dueling
Step: 4583424 | EPS: 0.02 | Rew: 16.69 | FPS: 7648.6 | Var: dueling
Step: 4584448 | EPS: 0.02 | Rew: 17.18 | FPS: 7809.5 | Var: dueling
Step: 4585472 | EPS: 0.02 | Rew: 17.37 | FPS: 8236.0 | Var: dueling
Step: 4586496 | EPS: 0.02 | Rew: 17.00 | FPS: 7666.8 | Var: dueling
Step: 4587520 | EPS: 0.02 | Rew: 17.57 | FPS: 7391.2 | Var: dueling
Step: 4588544 | EPS: 0.02 | Rew: 17.14 | FPS: 7845.6 | Var: dueling
Step: 4589568 | EPS: 0.02 | Rew: 17.14 | FPS: 7658.9 | Var: dueling
Step: 4590592 | EPS: 0.02 | Rew: 17.34 | FPS: 7723.5 | Var: dueling
Step: 4591616 | EPS: 0.02 | Rew: 17.62 | FPS: 5526.0 | Var: dueling
Step: 4592640 | EPS: 0.02 | Rew: 18.32 | FPS: 7645.8 | Var: dueling
Step: 4593664 | EPS: 0.02 | Rew: 19.32 | FPS: 8183.2 | Var: dueling
Step: 4594688 | EPS: 0.02 | Rew: 18.84 | FPS: 7748.1 | Var: dueling
Step: 4595712 | EPS: 0.02 | Rew: 18.89 | FPS: 6800.7 | Var: dueling
Step: 4596736 | EPS: 0.02 | Rew: 18.93 | FPS: 7975.7 | Var: dueling
Step: 4597760 | EPS: 0.02 | Rew: 18.37 | FPS: 7982.8 | Var: dueling
Step: 4598784 | EPS: 0.02 | Rew: 18.54 | FPS: 7645.4 | Var: dueling
Step: 4599808 | EPS: 0.02 | Rew: 18.47 | FPS: 7845.5 | Var: dueling
Step: 4600832 | EPS: 0.02 | Rew: 18.82 | FPS: 7883.9 | Var: dueling
Step: 4601856 | EPS: 0.02 | Rew: 19.06 | FPS: 7981.2 | Var: dueling
Step: 4602880 | EPS: 0.02 | Rew: 19.41 | FPS: 7437.8 | Var: dueling
Step: 4603904 | EPS: 0.02 | Rew: 19.27 | FPS: 7784.8 | Var: dueling
Step: 4604928 | EPS: 0.02 | Rew: 19.98 | FPS: 7635.2 | Var: dueling
Step: 4605952 | EPS: 0.02 | Rew: 20.40 | FPS: 7910.0 | Var: dueling
Step: 4606976 | EPS: 0.02 | Rew: 20.44 | FPS: 5154.3 | Var: dueling
Step: 4608000 | EPS: 0.02 | Rew: 20.90 | FPS: 8149.5 | Var: dueling
Step: 4609024 | EPS: 0.02 | Rew: 20.88 | FPS: 7712.5 | Var: dueling
Step: 4610048 | EPS: 0.02 | Rew: 21.33 | FPS: 7704.7 | Var: dueling
Step: 4611072 | EPS: 0.02 | Rew: 21.77 | FPS: 8016.9 | Var: dueling
Step: 4612096 | EPS: 0.02 | Rew: 21.68 | FPS: 6707.8 | Var: dueling
Step: 4613120 | EPS: 0.02 | Rew: 21.66 | FPS: 6388.3 | Var: dueling
Step: 4614144 | EPS: 0.02 | Rew: 21.91 | FPS: 5881.4 | Var: dueling
Step: 4615168 | EPS: 0.02 | Rew: 21.93 | FPS: 6752.9 | Var: dueling
Step: 4616192 | EPS: 0.02 | Rew: 22.14 | FPS: 6022.8 | Var: dueling
Step: 4617216 | EPS: 0.02 | Rew: 21.85 | FPS: 5662.9 | Var: dueling
Step: 4618240 | EPS: 0.02 | Rew: 21.84 | FPS: 7689.6 | Var: dueling
Step: 4619264 | EPS: 0.02 | Rew: 20.98 | FPS: 7429.7 | Var: dueling
Step: 4620288 | EPS: 0.02 | Rew: 21.28 | FPS: 7598.9 | Var: dueling
Step: 4621312 | EPS: 0.02 | Rew: 21.06 | FPS: 5328.2 | Var: dueling
Step: 4622336 | EPS: 0.02 | Rew: 22.08 | FPS: 7261.2 | Var: dueling
Step: 4623360 | EPS: 0.02 | Rew: 21.34 | FPS: 6852.7 | Var: dueling
Step: 4624384 | EPS: 0.02 | Rew: 21.33 | FPS: 8276.2 | Var: dueling
Step: 4625408 | EPS: 0.02 | Rew: 21.17 | FPS: 7755.1 | Var: dueling
Step: 4626432 | EPS: 0.02 | Rew: 20.97 | FPS: 8134.7 | Var: dueling
Step: 4627456 | EPS: 0.02 | Rew: 21.37 | FPS: 7919.9 | Var: dueling
Step: 4628480 | EPS: 0.02 | Rew: 21.59 | FPS: 7992.6 | Var: dueling
Step: 4629504 | EPS: 0.02 | Rew: 21.55 | FPS: 8097.9 | Var: dueling
Step: 4630528 | EPS: 0.02 | Rew: 21.64 | FPS: 8003.9 | Var: dueling
Step: 4631552 | EPS: 0.02 | Rew: 21.98 | FPS: 7841.3 | Var: dueling
Step: 4632576 | EPS: 0.02 | Rew: 21.68 | FPS: 8366.5 | Var: dueling
Step: 4633600 | EPS: 0.02 | Rew: 22.48 | FPS: 8005.4 | Var: dueling
Step: 4634624 | EPS: 0.02 | Rew: 22.40 | FPS: 7904.4 | Var: dueling
Step: 4635648 | EPS: 0.02 | Rew: 21.51 | FPS: 6407.9 | Var: dueling
Step: 4636672 | EPS: 0.02 | Rew: 21.54 | FPS: 4819.4 | Var: dueling
Step: 4637696 | EPS: 0.02 | Rew: 21.27 | FPS: 5654.5 | Var: dueling
Step: 4638720 | EPS: 0.02 | Rew: 21.51 | FPS: 5523.0 | Var: dueling
Step: 4639744 | EPS: 0.02 | Rew: 21.08 | FPS: 5870.6 | Var: dueling
Step: 4640768 | EPS: 0.02 | Rew: 21.21 | FPS: 5876.8 | Var: dueling
Step: 4641792 | EPS: 0.02 | Rew: 21.59 | FPS: 5769.7 | Var: dueling
Step: 4642816 | EPS: 0.02 | Rew: 22.00 | FPS: 7434.4 | Var: dueling
Step: 4643840 | EPS: 0.02 | Rew: 22.23 | FPS: 7961.3 | Var: dueling
Step: 4644864 | EPS: 0.02 | Rew: 22.53 | FPS: 8153.6 | Var: dueling
Step: 4645888 | EPS: 0.02 | Rew: 22.84 | FPS: 8180.0 | Var: dueling
Step: 4646912 | EPS: 0.02 | Rew: 23.04 | FPS: 7898.1 | Var: dueling
Step: 4647936 | EPS: 0.02 | Rew: 23.36 | FPS: 7905.8 | Var: dueling
Step: 4648960 | EPS: 0.02 | Rew: 23.26 | FPS: 7923.0 | Var: dueling
Step: 4649984 | EPS: 0.02 | Rew: 23.16 | FPS: 6021.1 | Var: dueling
Step: 4651008 | EPS: 0.02 | Rew: 22.01 | FPS: 7367.9 | Var: dueling
Step: 4652032 | EPS: 0.02 | Rew: 22.11 | FPS: 8143.8 | Var: dueling
Step: 4653056 | EPS: 0.02 | Rew: 22.44 | FPS: 8128.2 | Var: dueling
Step: 4654080 | EPS: 0.02 | Rew: 22.68 | FPS: 7489.7 | Var: dueling
Step: 4655104 | EPS: 0.02 | Rew: 22.61 | FPS: 8301.1 | Var: dueling
Step: 4656128 | EPS: 0.02 | Rew: 22.58 | FPS: 7918.9 | Var: dueling
Step: 4657152 | EPS: 0.02 | Rew: 22.00 | FPS: 7879.9 | Var: dueling
Step: 4658176 | EPS: 0.02 | Rew: 22.33 | FPS: 7945.7 | Var: dueling
Step: 4659200 | EPS: 0.02 | Rew: 22.41 | FPS: 8112.4 | Var: dueling
Step: 4660224 | EPS: 0.02 | Rew: 22.33 | FPS: 7724.0 | Var: dueling
Step: 4661248 | EPS: 0.02 | Rew: 22.22 | FPS: 7822.4 | Var: dueling
Step: 4662272 | EPS: 0.02 | Rew: 22.04 | FPS: 8085.6 | Var: dueling
Step: 4663296 | EPS: 0.02 | Rew: 22.13 | FPS: 8003.7 | Var: dueling
Step: 4664320 | EPS: 0.02 | Rew: 22.51 | FPS: 7938.7 | Var: dueling
Step: 4665344 | EPS: 0.02 | Rew: 22.24 | FPS: 8070.4 | Var: dueling
Step: 4666368 | EPS: 0.02 | Rew: 22.06 | FPS: 5488.5 | Var: dueling
Step: 4667392 | EPS: 0.02 | Rew: 22.17 | FPS: 7918.2 | Var: dueling
Step: 4668416 | EPS: 0.02 | Rew: 22.18 | FPS: 7911.4 | Var: dueling
Step: 4669440 | EPS: 0.02 | Rew: 21.67 | FPS: 8004.1 | Var: dueling
Step: 4670464 | EPS: 0.02 | Rew: 21.50 | FPS: 7948.3 | Var: dueling
Step: 4671488 | EPS: 0.02 | Rew: 20.78 | FPS: 8343.8 | Var: dueling
Step: 4672512 | EPS: 0.02 | Rew: 20.45 | FPS: 7879.7 | Var: dueling
Step: 4673536 | EPS: 0.02 | Rew: 20.63 | FPS: 7685.2 | Var: dueling
Step: 4674560 | EPS: 0.02 | Rew: 20.60 | FPS: 8261.4 | Var: dueling
Step: 4675584 | EPS: 0.02 | Rew: 19.52 | FPS: 7852.7 | Var: dueling
Step: 4676608 | EPS: 0.02 | Rew: 19.60 | FPS: 7704.3 | Var: dueling
Step: 4677632 | EPS: 0.02 | Rew: 19.81 | FPS: 8008.3 | Var: dueling
Step: 4678656 | EPS: 0.02 | Rew: 19.60 | FPS: 8016.1 | Var: dueling
Step: 4679680 | EPS: 0.02 | Rew: 20.00 | FPS: 7859.3 | Var: dueling
Step: 4680704 | EPS: 0.02 | Rew: 19.61 | FPS: 8074.4 | Var: dueling
Step: 4681728 | EPS: 0.02 | Rew: 19.35 | FPS: 6074.0 | Var: dueling
Step: 4682752 | EPS: 0.02 | Rew: 19.00 | FPS: 7336.9 | Var: dueling
Step: 4683776 | EPS: 0.02 | Rew: 18.89 | FPS: 7800.7 | Var: dueling
Step: 4684800 | EPS: 0.02 | Rew: 18.87 | FPS: 8260.8 | Var: dueling
Step: 4685824 | EPS: 0.02 | Rew: 19.80 | FPS: 7876.9 | Var: dueling
Step: 4686848 | EPS: 0.02 | Rew: 19.76 | FPS: 7746.1 | Var: dueling
Step: 4687872 | EPS: 0.02 | Rew: 19.36 | FPS: 7835.5 | Var: dueling
Step: 4688896 | EPS: 0.02 | Rew: 19.13 | FPS: 7895.3 | Var: dueling
Step: 4689920 | EPS: 0.02 | Rew: 19.27 | FPS: 7879.2 | Var: dueling
Step: 4690944 | EPS: 0.02 | Rew: 19.02 | FPS: 7862.7 | Var: dueling
Step: 4691968 | EPS: 0.02 | Rew: 19.15 | FPS: 7977.4 | Var: dueling
Step: 4692992 | EPS: 0.02 | Rew: 19.15 | FPS: 7836.5 | Var: dueling
Step: 4694016 | EPS: 0.02 | Rew: 19.52 | FPS: 8218.0 | Var: dueling
Step: 4695040 | EPS: 0.02 | Rew: 18.50 | FPS: 7633.3 | Var: dueling
Step: 4696064 | EPS: 0.02 | Rew: 19.16 | FPS: 8042.3 | Var: dueling
Step: 4697088 | EPS: 0.02 | Rew: 19.34 | FPS: 8079.1 | Var: dueling
Step: 4698112 | EPS: 0.02 | Rew: 19.27 | FPS: 7182.2 | Var: dueling
Step: 4699136 | EPS: 0.02 | Rew: 19.20 | FPS: 7982.3 | Var: dueling
Step: 4700160 | EPS: 0.02 | Rew: 18.93 | FPS: 8369.9 | Var: dueling
Step: 4701184 | EPS: 0.02 | Rew: 18.75 | FPS: 8400.0 | Var: dueling
Step: 4702208 | EPS: 0.02 | Rew: 18.69 | FPS: 8092.5 | Var: dueling
Step: 4703232 | EPS: 0.02 | Rew: 19.47 | FPS: 6568.4 | Var: dueling
Step: 4704256 | EPS: 0.02 | Rew: 19.90 | FPS: 6689.5 | Var: dueling
Step: 4705280 | EPS: 0.02 | Rew: 19.04 | FPS: 7468.5 | Var: dueling
Step: 4706304 | EPS: 0.02 | Rew: 19.13 | FPS: 7365.4 | Var: dueling
Step: 4707328 | EPS: 0.02 | Rew: 18.86 | FPS: 6800.1 | Var: dueling
Step: 4708352 | EPS: 0.02 | Rew: 19.15 | FPS: 7365.9 | Var: dueling
Step: 4709376 | EPS: 0.02 | Rew: 19.15 | FPS: 6538.0 | Var: dueling
Step: 4710400 | EPS: 0.02 | Rew: 19.23 | FPS: 7668.7 | Var: dueling
Step: 4711424 | EPS: 0.02 | Rew: 19.23 | FPS: 6583.5 | Var: dueling
Step: 4712448 | EPS: 0.02 | Rew: 19.44 | FPS: 7477.7 | Var: dueling
Step: 4713472 | EPS: 0.02 | Rew: 19.33 | FPS: 5015.1 | Var: dueling
Step: 4714496 | EPS: 0.02 | Rew: 19.27 | FPS: 7529.8 | Var: dueling
Step: 4715520 | EPS: 0.02 | Rew: 19.13 | FPS: 7334.0 | Var: dueling
Step: 4716544 | EPS: 0.02 | Rew: 19.21 | FPS: 7485.5 | Var: dueling
Step: 4717568 | EPS: 0.02 | Rew: 19.30 | FPS: 6165.7 | Var: dueling
Step: 4718592 | EPS: 0.02 | Rew: 19.50 | FPS: 6887.5 | Var: dueling
Step: 4719616 | EPS: 0.02 | Rew: 20.63 | FPS: 7374.2 | Var: dueling
Step: 4720640 | EPS: 0.02 | Rew: 20.34 | FPS: 6670.9 | Var: dueling
Step: 4721664 | EPS: 0.02 | Rew: 20.32 | FPS: 6447.3 | Var: dueling
Step: 4722688 | EPS: 0.02 | Rew: 19.94 | FPS: 6123.8 | Var: dueling
Step: 4723712 | EPS: 0.02 | Rew: 19.93 | FPS: 7639.8 | Var: dueling
Step: 4724736 | EPS: 0.02 | Rew: 19.93 | FPS: 8129.5 | Var: dueling
Step: 4725760 | EPS: 0.02 | Rew: 19.64 | FPS: 6974.4 | Var: dueling
Step: 4726784 | EPS: 0.02 | Rew: 20.42 | FPS: 7506.8 | Var: dueling
Step: 4727808 | EPS: 0.02 | Rew: 20.42 | FPS: 6174.1 | Var: dueling
Step: 4728832 | EPS: 0.02 | Rew: 20.41 | FPS: 8063.0 | Var: dueling
Step: 4729856 | EPS: 0.02 | Rew: 20.64 | FPS: 7721.8 | Var: dueling
Step: 4730880 | EPS: 0.02 | Rew: 20.82 | FPS: 6742.8 | Var: dueling
Step: 4731904 | EPS: 0.02 | Rew: 21.68 | FPS: 6889.4 | Var: dueling
Step: 4732928 | EPS: 0.02 | Rew: 22.23 | FPS: 8019.6 | Var: dueling
Step: 4733952 | EPS: 0.02 | Rew: 22.30 | FPS: 8086.6 | Var: dueling
Step: 4734976 | EPS: 0.02 | Rew: 22.11 | FPS: 4538.3 | Var: dueling
Step: 4736000 | EPS: 0.02 | Rew: 21.68 | FPS: 11159.7 | Var: dueling
Step: 4737024 | EPS: 0.02 | Rew: 22.06 | FPS: 11157.0 | Var: dueling
Step: 4738048 | EPS: 0.02 | Rew: 22.70 | FPS: 11158.8 | Var: dueling
Step: 4739072 | EPS: 0.02 | Rew: 23.19 | FPS: 11081.1 | Var: dueling
Step: 4740096 | EPS: 0.02 | Rew: 23.91 | FPS: 10781.6 | Var: dueling
Step: 4741120 | EPS: 0.02 | Rew: 23.36 | FPS: 1757.1 | Var: dueling
Step: 4742144 | EPS: 0.02 | Rew: 22.77 | FPS: 8422.7 | Var: dueling
Step: 4743168 | EPS: 0.02 | Rew: 22.77 | FPS: 8440.7 | Var: dueling
Step: 4744192 | EPS: 0.02 | Rew: 22.65 | FPS: 8373.5 | Var: dueling
Step: 4745216 | EPS: 0.02 | Rew: 23.12 | FPS: 8633.2 | Var: dueling
Step: 4746240 | EPS: 0.02 | Rew: 22.60 | FPS: 8142.3 | Var: dueling
Step: 4747264 | EPS: 0.02 | Rew: 21.93 | FPS: 7055.4 | Var: dueling
Step: 4748288 | EPS: 0.02 | Rew: 21.93 | FPS: 4614.8 | Var: dueling
Step: 4749312 | EPS: 0.02 | Rew: 22.05 | FPS: 7987.3 | Var: dueling
Step: 4750336 | EPS: 0.02 | Rew: 22.28 | FPS: 8085.8 | Var: dueling
Step: 4751360 | EPS: 0.02 | Rew: 22.27 | FPS: 8377.7 | Var: dueling
Step: 4752384 | EPS: 0.02 | Rew: 22.58 | FPS: 8084.3 | Var: dueling
Step: 4753408 | EPS: 0.02 | Rew: 22.26 | FPS: 8476.5 | Var: dueling
Step: 4754432 | EPS: 0.02 | Rew: 21.81 | FPS: 7941.3 | Var: dueling
Step: 4755456 | EPS: 0.02 | Rew: 21.40 | FPS: 8033.7 | Var: dueling
Step: 4756480 | EPS: 0.02 | Rew: 20.74 | FPS: 8370.9 | Var: dueling
Step: 4757504 | EPS: 0.02 | Rew: 20.79 | FPS: 8390.9 | Var: dueling
Step: 4758528 | EPS: 0.02 | Rew: 20.60 | FPS: 8708.9 | Var: dueling
Step: 4759552 | EPS: 0.02 | Rew: 21.37 | FPS: 8705.4 | Var: dueling
Step: 4760576 | EPS: 0.02 | Rew: 20.82 | FPS: 8173.4 | Var: dueling
Step: 4761600 | EPS: 0.02 | Rew: 21.11 | FPS: 8342.1 | Var: dueling
Step: 4762624 | EPS: 0.02 | Rew: 20.87 | FPS: 8708.3 | Var: dueling
Step: 4763648 | EPS: 0.02 | Rew: 20.54 | FPS: 8273.7 | Var: dueling
Step: 4764672 | EPS: 0.02 | Rew: 21.17 | FPS: 8560.3 | Var: dueling
Step: 4765696 | EPS: 0.02 | Rew: 21.04 | FPS: 1886.5 | Var: dueling
Step: 4766720 | EPS: 0.02 | Rew: 21.10 | FPS: 2531.1 | Var: dueling
Step: 4767744 | EPS: 0.02 | Rew: 20.53 | FPS: 10811.5 | Var: dueling
Step: 4768768 | EPS: 0.02 | Rew: 20.59 | FPS: 1471.4 | Var: dueling
Step: 4769792 | EPS: 0.02 | Rew: 20.22 | FPS: 7980.1 | Var: dueling
Step: 4770816 | EPS: 0.02 | Rew: 20.68 | FPS: 8433.0 | Var: dueling
Step: 4771840 | EPS: 0.02 | Rew: 20.78 | FPS: 8648.6 | Var: dueling
Step: 4772864 | EPS: 0.02 | Rew: 20.28 | FPS: 8650.7 | Var: dueling
Step: 4773888 | EPS: 0.02 | Rew: 19.83 | FPS: 8500.3 | Var: dueling
Step: 4774912 | EPS: 0.02 | Rew: 19.83 | FPS: 8510.3 | Var: dueling
Step: 4775936 | EPS: 0.02 | Rew: 20.07 | FPS: 8556.4 | Var: dueling
Step: 4776960 | EPS: 0.02 | Rew: 20.89 | FPS: 7926.9 | Var: dueling
Step: 4777984 | EPS: 0.02 | Rew: 20.81 | FPS: 8293.6 | Var: dueling
Step: 4779008 | EPS: 0.02 | Rew: 20.62 | FPS: 8526.3 | Var: dueling
Step: 4780032 | EPS: 0.02 | Rew: 20.45 | FPS: 8328.2 | Var: dueling
Step: 4781056 | EPS: 0.02 | Rew: 20.82 | FPS: 8545.7 | Var: dueling
Step: 4782080 | EPS: 0.02 | Rew: 20.82 | FPS: 8219.3 | Var: dueling
Step: 4783104 | EPS: 0.02 | Rew: 20.68 | FPS: 5045.2 | Var: dueling
Step: 4784128 | EPS: 0.02 | Rew: 20.46 | FPS: 4175.7 | Var: dueling
Step: 4785152 | EPS: 0.02 | Rew: 20.46 | FPS: 8805.6 | Var: dueling
Step: 4786176 | EPS: 0.02 | Rew: 21.85 | FPS: 8311.1 | Var: dueling
Step: 4787200 | EPS: 0.02 | Rew: 21.80 | FPS: 8684.9 | Var: dueling
Step: 4788224 | EPS: 0.02 | Rew: 21.39 | FPS: 6990.3 | Var: dueling
Step: 4789248 | EPS: 0.02 | Rew: 21.05 | FPS: 7271.8 | Var: dueling
Step: 4790272 | EPS: 0.02 | Rew: 20.99 | FPS: 8339.9 | Var: dueling
Step: 4791296 | EPS: 0.02 | Rew: 20.28 | FPS: 8140.8 | Var: dueling
Step: 4792320 | EPS: 0.02 | Rew: 20.26 | FPS: 3748.8 | Var: dueling
Step: 4793344 | EPS: 0.02 | Rew: 20.25 | FPS: 1534.8 | Var: dueling
Step: 4794368 | EPS: 0.02 | Rew: 19.75 | FPS: 8015.6 | Var: dueling
Step: 4795392 | EPS: 0.02 | Rew: 19.80 | FPS: 8538.1 | Var: dueling
Step: 4796416 | EPS: 0.02 | Rew: 20.01 | FPS: 8143.0 | Var: dueling
Step: 4797440 | EPS: 0.02 | Rew: 20.43 | FPS: 8367.4 | Var: dueling
Step: 4798464 | EPS: 0.02 | Rew: 20.61 | FPS: 8146.2 | Var: dueling
Step: 4799488 | EPS: 0.02 | Rew: 19.77 | FPS: 1953.4 | Var: dueling
Step: 4800512 | EPS: 0.02 | Rew: 20.02 | FPS: 2939.2 | Var: dueling
Step: 4801536 | EPS: 0.02 | Rew: 20.54 | FPS: 8211.2 | Var: dueling
Step: 4802560 | EPS: 0.02 | Rew: 20.39 | FPS: 8752.2 | Var: dueling
Step: 4803584 | EPS: 0.02 | Rew: 20.65 | FPS: 8700.8 | Var: dueling
Step: 4804608 | EPS: 0.02 | Rew: 21.52 | FPS: 5717.7 | Var: dueling
Step: 4805632 | EPS: 0.02 | Rew: 21.01 | FPS: 8696.3 | Var: dueling
Step: 4806656 | EPS: 0.02 | Rew: 20.08 | FPS: 8103.2 | Var: dueling
Step: 4807680 | EPS: 0.02 | Rew: 20.94 | FPS: 8123.5 | Var: dueling
Step: 4808704 | EPS: 0.02 | Rew: 20.94 | FPS: 8179.2 | Var: dueling
Step: 4809728 | EPS: 0.02 | Rew: 21.41 | FPS: 8324.8 | Var: dueling
Step: 4810752 | EPS: 0.02 | Rew: 21.98 | FPS: 8281.1 | Var: dueling
Step: 4811776 | EPS: 0.02 | Rew: 22.09 | FPS: 1445.9 | Var: dueling
Step: 4812800 | EPS: 0.02 | Rew: 22.04 | FPS: 7936.0 | Var: dueling
Step: 4813824 | EPS: 0.02 | Rew: 22.26 | FPS: 8202.6 | Var: dueling
Step: 4814848 | EPS: 0.02 | Rew: 22.52 | FPS: 8382.9 | Var: dueling
Step: 4815872 | EPS: 0.02 | Rew: 21.95 | FPS: 5159.6 | Var: dueling
Step: 4816896 | EPS: 0.02 | Rew: 21.55 | FPS: 7941.1 | Var: dueling
Step: 4817920 | EPS: 0.02 | Rew: 21.55 | FPS: 8326.1 | Var: dueling
Step: 4818944 | EPS: 0.02 | Rew: 21.22 | FPS: 8238.1 | Var: dueling
Step: 4819968 | EPS: 0.02 | Rew: 20.90 | FPS: 7917.2 | Var: dueling
Step: 4820992 | EPS: 0.02 | Rew: 20.94 | FPS: 8405.6 | Var: dueling
Step: 4822016 | EPS: 0.02 | Rew: 21.44 | FPS: 7288.1 | Var: dueling
Step: 4823040 | EPS: 0.02 | Rew: 22.08 | FPS: 8188.3 | Var: dueling
Step: 4824064 | EPS: 0.02 | Rew: 22.52 | FPS: 8394.0 | Var: dueling
Step: 4825088 | EPS: 0.02 | Rew: 23.48 | FPS: 8698.9 | Var: dueling
Step: 4826112 | EPS: 0.02 | Rew: 23.57 | FPS: 8245.2 | Var: dueling
Step: 4827136 | EPS: 0.02 | Rew: 22.88 | FPS: 8494.8 | Var: dueling
Step: 4828160 | EPS: 0.02 | Rew: 22.81 | FPS: 8091.1 | Var: dueling
Step: 4829184 | EPS: 0.02 | Rew: 22.96 | FPS: 8510.5 | Var: dueling
Step: 4830208 | EPS: 0.02 | Rew: 22.96 | FPS: 8579.2 | Var: dueling
Step: 4831232 | EPS: 0.02 | Rew: 23.46 | FPS: 8064.8 | Var: dueling
Step: 4832256 | EPS: 0.02 | Rew: 23.47 | FPS: 5058.3 | Var: dueling
Step: 4833280 | EPS: 0.02 | Rew: 23.90 | FPS: 8100.2 | Var: dueling
Step: 4834304 | EPS: 0.02 | Rew: 24.53 | FPS: 8006.6 | Var: dueling
>>> [Best] Saved -> agent/checkpoints/dueling_pretrain.pth | Rew 24.53
Step: 4835328 | EPS: 0.02 | Rew: 24.12 | FPS: 8609.2 | Var: dueling
Step: 4836352 | EPS: 0.02 | Rew: 24.55 | FPS: 8502.8 | Var: dueling
Step: 4837376 | EPS: 0.02 | Rew: 23.75 | FPS: 8441.3 | Var: dueling
Step: 4838400 | EPS: 0.02 | Rew: 24.05 | FPS: 8831.6 | Var: dueling
Step: 4839424 | EPS: 0.02 | Rew: 24.60 | FPS: 8521.6 | Var: dueling
Step: 4840448 | EPS: 0.02 | Rew: 24.35 | FPS: 8105.4 | Var: dueling
Step: 4841472 | EPS: 0.02 | Rew: 24.82 | FPS: 8547.0 | Var: dueling
Step: 4842496 | EPS: 0.02 | Rew: 24.50 | FPS: 7077.7 | Var: dueling
Step: 4843520 | EPS: 0.02 | Rew: 24.57 | FPS: 8612.7 | Var: dueling
Step: 4844544 | EPS: 0.02 | Rew: 23.88 | FPS: 8449.2 | Var: dueling
Step: 4845568 | EPS: 0.02 | Rew: 24.59 | FPS: 8238.0 | Var: dueling
Step: 4846592 | EPS: 0.02 | Rew: 24.42 | FPS: 8439.7 | Var: dueling
Step: 4847616 | EPS: 0.02 | Rew: 24.85 | FPS: 8611.3 | Var: dueling
Step: 4848640 | EPS: 0.02 | Rew: 24.69 | FPS: 5544.0 | Var: dueling
Step: 4849664 | EPS: 0.02 | Rew: 24.36 | FPS: 7571.0 | Var: dueling
Step: 4850688 | EPS: 0.02 | Rew: 23.72 | FPS: 8437.4 | Var: dueling
Step: 4851712 | EPS: 0.02 | Rew: 24.43 | FPS: 8138.5 | Var: dueling
Step: 4852736 | EPS: 0.02 | Rew: 24.42 | FPS: 8406.8 | Var: dueling
Step: 4853760 | EPS: 0.02 | Rew: 23.27 | FPS: 8524.2 | Var: dueling
Step: 4854784 | EPS: 0.02 | Rew: 22.78 | FPS: 8357.6 | Var: dueling
Step: 4855808 | EPS: 0.02 | Rew: 23.02 | FPS: 6954.5 | Var: dueling
Step: 4856832 | EPS: 0.02 | Rew: 22.89 | FPS: 8259.0 | Var: dueling
Step: 4857856 | EPS: 0.02 | Rew: 23.09 | FPS: 8062.4 | Var: dueling
Step: 4858880 | EPS: 0.02 | Rew: 23.27 | FPS: 8517.8 | Var: dueling
Step: 4859904 | EPS: 0.02 | Rew: 22.39 | FPS: 8109.6 | Var: dueling
Step: 4860928 | EPS: 0.02 | Rew: 22.00 | FPS: 7784.9 | Var: dueling
Step: 4861952 | EPS: 0.02 | Rew: 21.43 | FPS: 7295.5 | Var: dueling
Step: 4862976 | EPS: 0.02 | Rew: 20.77 | FPS: 8713.8 | Var: dueling
Step: 4864000 | EPS: 0.02 | Rew: 20.25 | FPS: 8648.0 | Var: dueling
Step: 4865024 | EPS: 0.02 | Rew: 20.12 | FPS: 5711.6 | Var: dueling
Step: 4866048 | EPS: 0.02 | Rew: 20.11 | FPS: 7433.5 | Var: dueling
Step: 4867072 | EPS: 0.02 | Rew: 19.69 | FPS: 8470.1 | Var: dueling
Step: 4868096 | EPS: 0.02 | Rew: 19.69 | FPS: 8336.7 | Var: dueling
Step: 4869120 | EPS: 0.02 | Rew: 19.20 | FPS: 8525.8 | Var: dueling
Step: 4870144 | EPS: 0.02 | Rew: 19.48 | FPS: 8246.8 | Var: dueling
Step: 4871168 | EPS: 0.02 | Rew: 19.38 | FPS: 8780.6 | Var: dueling
Step: 4872192 | EPS: 0.02 | Rew: 19.88 | FPS: 8708.1 | Var: dueling
Step: 4873216 | EPS: 0.02 | Rew: 19.35 | FPS: 8123.3 | Var: dueling
Step: 4874240 | EPS: 0.02 | Rew: 19.60 | FPS: 8445.3 | Var: dueling
Step: 4875264 | EPS: 0.02 | Rew: 19.57 | FPS: 8541.7 | Var: dueling
Step: 4876288 | EPS: 0.02 | Rew: 19.47 | FPS: 8472.2 | Var: dueling
Step: 4877312 | EPS: 0.02 | Rew: 19.11 | FPS: 8467.8 | Var: dueling
Step: 4878336 | EPS: 0.02 | Rew: 19.65 | FPS: 6863.6 | Var: dueling
Step: 4879360 | EPS: 0.02 | Rew: 20.18 | FPS: 8709.5 | Var: dueling
Step: 4880384 | EPS: 0.02 | Rew: 19.42 | FPS: 8455.3 | Var: dueling
Step: 4881408 | EPS: 0.02 | Rew: 19.54 | FPS: 8379.4 | Var: dueling
Step: 4882432 | EPS: 0.02 | Rew: 19.80 | FPS: 5595.6 | Var: dueling
Step: 4883456 | EPS: 0.02 | Rew: 20.44 | FPS: 8374.7 | Var: dueling
Step: 4884480 | EPS: 0.02 | Rew: 20.43 | FPS: 8561.2 | Var: dueling
Step: 4885504 | EPS: 0.02 | Rew: 20.07 | FPS: 8629.8 | Var: dueling
Step: 4886528 | EPS: 0.02 | Rew: 19.96 | FPS: 8701.1 | Var: dueling
Step: 4887552 | EPS: 0.02 | Rew: 19.87 | FPS: 8316.2 | Var: dueling
Step: 4888576 | EPS: 0.02 | Rew: 20.48 | FPS: 8589.9 | Var: dueling
Step: 4889600 | EPS: 0.02 | Rew: 21.12 | FPS: 8272.1 | Var: dueling
Step: 4890624 | EPS: 0.02 | Rew: 21.53 | FPS: 8313.3 | Var: dueling
Step: 4891648 | EPS: 0.02 | Rew: 21.57 | FPS: 8331.4 | Var: dueling
Step: 4892672 | EPS: 0.02 | Rew: 21.88 | FPS: 8601.1 | Var: dueling
Step: 4893696 | EPS: 0.02 | Rew: 21.88 | FPS: 8623.4 | Var: dueling
Step: 4894720 | EPS: 0.02 | Rew: 21.90 | FPS: 8591.5 | Var: dueling
Step: 4895744 | EPS: 0.02 | Rew: 22.31 | FPS: 8629.7 | Var: dueling
Step: 4896768 | EPS: 0.02 | Rew: 22.46 | FPS: 8283.9 | Var: dueling
Step: 4897792 | EPS: 0.02 | Rew: 22.44 | FPS: 8306.5 | Var: dueling
Step: 4898816 | EPS: 0.02 | Rew: 22.45 | FPS: 5659.3 | Var: dueling
Step: 4899840 | EPS: 0.02 | Rew: 22.83 | FPS: 7335.7 | Var: dueling
Step: 4900864 | EPS: 0.02 | Rew: 22.79 | FPS: 8470.2 | Var: dueling
Step: 4901888 | EPS: 0.02 | Rew: 23.07 | FPS: 8448.5 | Var: dueling
Step: 4902912 | EPS: 0.02 | Rew: 22.67 | FPS: 8414.3 | Var: dueling
Step: 4903936 | EPS: 0.02 | Rew: 22.44 | FPS: 8094.9 | Var: dueling
Step: 4904960 | EPS: 0.02 | Rew: 22.75 | FPS: 8254.0 | Var: dueling
Step: 4905984 | EPS: 0.02 | Rew: 23.46 | FPS: 8602.1 | Var: dueling
Step: 4907008 | EPS: 0.02 | Rew: 23.76 | FPS: 8784.9 | Var: dueling
Step: 4908032 | EPS: 0.02 | Rew: 23.83 | FPS: 8679.4 | Var: dueling
Step: 4909056 | EPS: 0.02 | Rew: 23.72 | FPS: 8420.4 | Var: dueling
Step: 4910080 | EPS: 0.02 | Rew: 23.36 | FPS: 8429.5 | Var: dueling
Step: 4911104 | EPS: 0.02 | Rew: 23.30 | FPS: 8346.8 | Var: dueling
Step: 4912128 | EPS: 0.02 | Rew: 23.15 | FPS: 8478.8 | Var: dueling
Step: 4913152 | EPS: 0.02 | Rew: 23.39 | FPS: 8124.4 | Var: dueling
Step: 4914176 | EPS: 0.02 | Rew: 22.64 | FPS: 8317.3 | Var: dueling
Step: 4915200 | EPS: 0.02 | Rew: 22.99 | FPS: 8453.7 | Var: dueling
Step: 4916224 | EPS: 0.02 | Rew: 23.00 | FPS: 8226.1 | Var: dueling
Step: 4917248 | EPS: 0.02 | Rew: 21.55 | FPS: 8727.2 | Var: dueling
Step: 4918272 | EPS: 0.02 | Rew: 21.58 | FPS: 8399.3 | Var: dueling
Step: 4919296 | EPS: 0.02 | Rew: 21.84 | FPS: 8621.3 | Var: dueling
Step: 4920320 | EPS: 0.02 | Rew: 21.72 | FPS: 8026.7 | Var: dueling
Step: 4921344 | EPS: 0.02 | Rew: 21.50 | FPS: 8714.5 | Var: dueling
Step: 4922368 | EPS: 0.02 | Rew: 21.24 | FPS: 8136.3 | Var: dueling
Step: 4923392 | EPS: 0.02 | Rew: 21.29 | FPS: 8166.8 | Var: dueling
Step: 4924416 | EPS: 0.02 | Rew: 21.01 | FPS: 8229.5 | Var: dueling
Step: 4925440 | EPS: 0.02 | Rew: 20.99 | FPS: 7446.6 | Var: dueling
Step: 4926464 | EPS: 0.02 | Rew: 20.91 | FPS: 7842.4 | Var: dueling
Step: 4927488 | EPS: 0.02 | Rew: 20.81 | FPS: 8740.6 | Var: dueling
Step: 4928512 | EPS: 0.02 | Rew: 21.56 | FPS: 7454.0 | Var: dueling
Step: 4929536 | EPS: 0.02 | Rew: 21.43 | FPS: 7883.1 | Var: dueling
Step: 4930560 | EPS: 0.02 | Rew: 21.56 | FPS: 8424.5 | Var: dueling
Step: 4931584 | EPS: 0.02 | Rew: 21.12 | FPS: 8396.0 | Var: dueling
Step: 4932608 | EPS: 0.02 | Rew: 21.19 | FPS: 8479.8 | Var: dueling
Step: 4933632 | EPS: 0.02 | Rew: 21.57 | FPS: 5213.1 | Var: dueling
Step: 4934656 | EPS: 0.02 | Rew: 21.38 | FPS: 8328.6 | Var: dueling
Step: 4935680 | EPS: 0.02 | Rew: 20.91 | FPS: 8462.9 | Var: dueling
Step: 4936704 | EPS: 0.02 | Rew: 21.01 | FPS: 7743.5 | Var: dueling
Step: 4937728 | EPS: 0.02 | Rew: 20.94 | FPS: 8473.1 | Var: dueling
Step: 4938752 | EPS: 0.02 | Rew: 20.47 | FPS: 8688.8 | Var: dueling
Step: 4939776 | EPS: 0.02 | Rew: 20.38 | FPS: 8757.3 | Var: dueling
Step: 4940800 | EPS: 0.02 | Rew: 20.88 | FPS: 8428.8 | Var: dueling
Step: 4941824 | EPS: 0.02 | Rew: 20.72 | FPS: 8692.7 | Var: dueling
Step: 4942848 | EPS: 0.02 | Rew: 21.14 | FPS: 8781.7 | Var: dueling
Step: 4943872 | EPS: 0.02 | Rew: 21.97 | FPS: 8484.2 | Var: dueling
Step: 4944896 | EPS: 0.02 | Rew: 21.46 | FPS: 8629.8 | Var: dueling
Step: 4945920 | EPS: 0.02 | Rew: 21.46 | FPS: 8364.8 | Var: dueling
Step: 4946944 | EPS: 0.02 | Rew: 21.28 | FPS: 8535.3 | Var: dueling
Step: 4947968 | EPS: 0.02 | Rew: 21.45 | FPS: 8412.5 | Var: dueling
Step: 4948992 | EPS: 0.02 | Rew: 21.42 | FPS: 8813.1 | Var: dueling
Step: 4950016 | EPS: 0.02 | Rew: 21.33 | FPS: 5412.7 | Var: dueling
Step: 4951040 | EPS: 0.02 | Rew: 21.25 | FPS: 7354.8 | Var: dueling
Step: 4952064 | EPS: 0.02 | Rew: 21.51 | FPS: 8646.9 | Var: dueling
Step: 4953088 | EPS: 0.02 | Rew: 21.58 | FPS: 8205.5 | Var: dueling
Step: 4954112 | EPS: 0.02 | Rew: 21.61 | FPS: 8230.3 | Var: dueling
Step: 4955136 | EPS: 0.02 | Rew: 20.82 | FPS: 8837.3 | Var: dueling
Step: 4956160 | EPS: 0.02 | Rew: 20.62 | FPS: 8620.0 | Var: dueling
Step: 4957184 | EPS: 0.02 | Rew: 20.77 | FPS: 8768.6 | Var: dueling
Step: 4958208 | EPS: 0.02 | Rew: 20.64 | FPS: 8517.4 | Var: dueling
Step: 4959232 | EPS: 0.02 | Rew: 20.69 | FPS: 8267.8 | Var: dueling
Step: 4960256 | EPS: 0.02 | Rew: 20.91 | FPS: 8099.4 | Var: dueling
Step: 4961280 | EPS: 0.02 | Rew: 20.26 | FPS: 8616.7 | Var: dueling
Step: 4962304 | EPS: 0.02 | Rew: 20.34 | FPS: 7113.3 | Var: dueling
Step: 4963328 | EPS: 0.02 | Rew: 20.18 | FPS: 8185.0 | Var: dueling
Step: 4964352 | EPS: 0.02 | Rew: 21.13 | FPS: 8797.1 | Var: dueling
Step: 4965376 | EPS: 0.02 | Rew: 21.03 | FPS: 8424.7 | Var: dueling
Step: 4966400 | EPS: 0.02 | Rew: 21.41 | FPS: 5591.9 | Var: dueling
Step: 4967424 | EPS: 0.02 | Rew: 20.96 | FPS: 7322.5 | Var: dueling
Step: 4968448 | EPS: 0.02 | Rew: 21.21 | FPS: 8897.8 | Var: dueling
Step: 4969472 | EPS: 0.02 | Rew: 21.61 | FPS: 8349.6 | Var: dueling
Step: 4970496 | EPS: 0.02 | Rew: 22.63 | FPS: 8829.4 | Var: dueling
Step: 4971520 | EPS: 0.02 | Rew: 22.73 | FPS: 8700.7 | Var: dueling
Step: 4972544 | EPS: 0.02 | Rew: 23.07 | FPS: 8230.0 | Var: dueling
Step: 4973568 | EPS: 0.02 | Rew: 23.16 | FPS: 8707.0 | Var: dueling
Step: 4974592 | EPS: 0.02 | Rew: 23.23 | FPS: 8328.7 | Var: dueling
Step: 4975616 | EPS: 0.02 | Rew: 23.14 | FPS: 8335.0 | Var: dueling
Step: 4976640 | EPS: 0.02 | Rew: 23.74 | FPS: 7959.6 | Var: dueling
Step: 4977664 | EPS: 0.02 | Rew: 23.92 | FPS: 8686.5 | Var: dueling
Step: 4978688 | EPS: 0.02 | Rew: 23.45 | FPS: 8153.4 | Var: dueling
Step: 4979712 | EPS: 0.02 | Rew: 24.51 | FPS: 8272.3 | Var: dueling
Step: 4980736 | EPS: 0.02 | Rew: 24.96 | FPS: 8389.0 | Var: dueling
Step: 4981760 | EPS: 0.02 | Rew: 24.65 | FPS: 8585.4 | Var: dueling
Step: 4982784 | EPS: 0.02 | Rew: 24.31 | FPS: 8746.8 | Var: dueling
Step: 4983808 | EPS: 0.02 | Rew: 24.30 | FPS: 5098.7 | Var: dueling
Step: 4984832 | EPS: 0.02 | Rew: 24.83 | FPS: 7999.0 | Var: dueling
Step: 4985856 | EPS: 0.02 | Rew: 25.23 | FPS: 8639.5 | Var: dueling
>>> [Best] Saved -> agent/checkpoints/dueling_pretrain.pth | Rew 25.23
Step: 4986880 | EPS: 0.02 | Rew: 24.93 | FPS: 8368.0 | Var: dueling
Step: 4987904 | EPS: 0.02 | Rew: 25.63 | FPS: 8306.8 | Var: dueling
Step: 4988928 | EPS: 0.02 | Rew: 25.43 | FPS: 8227.9 | Var: dueling
Step: 4989952 | EPS: 0.02 | Rew: 25.61 | FPS: 8454.0 | Var: dueling
Step: 4990976 | EPS: 0.02 | Rew: 25.59 | FPS: 8223.8 | Var: dueling
Step: 4992000 | EPS: 0.02 | Rew: 26.55 | FPS: 8494.9 | Var: dueling
>>> [Best] Saved -> agent/checkpoints/dueling_pretrain.pth | Rew 26.55
Step: 4993024 | EPS: 0.02 | Rew: 26.63 | FPS: 7793.0 | Var: dueling
Step: 4994048 | EPS: 0.02 | Rew: 25.14 | FPS: 8439.5 | Var: dueling
Step: 4995072 | EPS: 0.02 | Rew: 24.24 | FPS: 8609.7 | Var: dueling
Step: 4996096 | EPS: 0.02 | Rew: 24.34 | FPS: 8873.3 | Var: dueling
Step: 4997120 | EPS: 0.02 | Rew: 23.18 | FPS: 8671.1 | Var: dueling
Step: 4998144 | EPS: 0.02 | Rew: 23.05 | FPS: 8735.1 | Var: dueling
Step: 4999168 | EPS: 0.02 | Rew: 22.94 | FPS: 8528.4 | Var: dueling
>>> [Final] Saved -> agent/checkpoints/dueling_pretrain.final.pth
>>> [Curriculum] Phase completed successfully.

>>> [Curriculum] Starting Phase: 2. Fine-tuning (Battle Mode) -> agent/checkpoints/dueling_battle.pth
>>> Command: train_dqn_variants.py --variant dueling --load agent/checkpoints/dueling_pretrain.final.pth --steps 3000000 --save agent/checkpoints/dueling_battle.pth --num-envs 32 --sp-prob-start 0.7 --sp-prob-end 0.4 --sp-prob-frac 0.3 --finetune-lr-mult 0.35
>>> [V8.0 Asymmetric-Tuning] Variant: DUELING | LR: 0.0001 | Tau: 0.002 | GradClip: 0.5 | Buf: 200000
>>> [Explore] eps_start=0.40 eps_min=0.02 | [SelfPlay] prob=0.70->0.40 @ 0.30
>>> [V9.0 Battle] PHASE 2 | Kill: 2.0 | FoodDensity: 2
>>> [V18.3 Turbo] Initializing 32 Parallel Environments...
>>> [V18.3 Turbo] Environments Ready.
>>> Loading weights from agent/checkpoints/dueling_pretrain.final.pth...
>>> [V22.0] Fine-tuning mode: Lowered LR to 3.50e-05
>>> [DQN-Turbo] torch.compile() enabled.
>>> [V13.3 Heartbeat] Setup Finished. Buffer: 200000 | Device: cuda
>>> Starting DUELING Training (V21.0 Flash-Batch)...
skipping cudagraphs due to graph with symbolic shapes inputs and config.triton.cudagraph_skip_dynamic_graphs=True. Found from   File "/root/user/cs_tcci_hufuguang/machine/machineLearingCourseDevise/agent/dueling_dqn.py", line 59, in forward
    cnn_feat = self.conv(grid)


skipping cudagraphs due to graph with symbolic shapes inputs and config.triton.cudagraph_skip_dynamic_graphs=True. Found from   File "/root/user/cs_tcci_hufuguang/machine/machineLearingCourseDevise/agent/dueling_dqn.py", line 59, in forward
    cnn_feat = self.conv(grid)


Step: 1024 | EPS: 0.40 | Rew: 0.91 | Win%: 60.0 | S0: 318.5 | FPS: 55.1 | Var: dueling
>>> [Best] Saved -> agent/checkpoints/dueling_battle.pth | Win% 60.0 | S0 318.5
Step: 2048 | EPS: 0.40 | Rew: 0.30 | Win%: 42.9 | S0: 221.4 | FPS: 96.2 | Var: dueling
Step: 3072 | EPS: 0.40 | Rew: -0.05 | Win%: 27.7 | S0: 178.3 | FPS: 250.3 | Var: dueling
Step: 4096 | EPS: 0.40 | Rew: -0.25 | Win%: 23.0 | S0: 165.4 | FPS: 328.7 | Var: dueling
Step: 5120 | EPS: 0.40 | Rew: -0.38 | Win%: 21.5 | S0: 168.3 | FPS: 851.4 | Var: dueling
Step: 6144 | EPS: 0.40 | Rew: -0.62 | Win%: 18.4 | S0: 153.1 | FPS: 488.0 | Var: dueling
Step: 7168 | EPS: 0.40 | Rew: -0.69 | Win%: 18.4 | S0: 154.2 | FPS: 281.3 | Var: dueling
Step: 8192 | EPS: 0.40 | Rew: -0.76 | Win%: 16.2 | S0: 143.6 | FPS: 495.0 | Var: dueling
Step: 9216 | EPS: 0.40 | Rew: -0.83 | Win%: 14.5 | S0: 137.5 | FPS: 1663.1 | Var: dueling
Step: 10240 | EPS: 0.40 | Rew: -0.82 | Win%: 13.0 | S0: 130.3 | FPS: 1380.2 | Var: dueling
Step: 11264 | EPS: 0.40 | Rew: -0.77 | Win%: 10.5 | S0: 130.2 | FPS: 1441.4 | Var: dueling
Step: 12288 | EPS: 0.40 | Rew: -0.81 | Win%: 11.0 | S0: 129.2 | FPS: 1687.3 | Var: dueling
Step: 13312 | EPS: 0.40 | Rew: -0.83 | Win%: 11.5 | S0: 126.5 | FPS: 1947.4 | Var: dueling
Step: 14336 | EPS: 0.40 | Rew: -0.79 | Win%: 11.0 | S0: 121.7 | FPS: 1973.8 | Var: dueling
Step: 15360 | EPS: 0.40 | Rew: -0.84 | Win%: 11.0 | S0: 121.3 | FPS: 1802.7 | Var: dueling
Step: 16384 | EPS: 0.40 | Rew: -0.87 | Win%: 11.5 | S0: 122.0 | FPS: 1954.7 | Var: dueling
Step: 17408 | EPS: 0.40 | Rew: -0.86 | Win%: 10.5 | S0: 118.2 | FPS: 1902.0 | Var: dueling
Step: 18432 | EPS: 0.40 | Rew: -0.76 | Win%: 10.5 | S0: 126.2 | FPS: 1835.7 | Var: dueling
Step: 19456 | EPS: 0.40 | Rew: -0.64 | Win%: 12.0 | S0: 131.1 | FPS: 1689.0 | Var: dueling
Step: 20480 | EPS: 0.40 | Rew: -0.54 | Win%: 12.0 | S0: 129.2 | FPS: 1681.6 | Var: dueling
Step: 21504 | EPS: 0.40 | Rew: -0.61 | Win%: 12.0 | S0: 124.0 | FPS: 1747.9 | Var: dueling
Step: 22528 | EPS: 0.40 | Rew: -0.52 | Win%: 11.5 | S0: 123.3 | FPS: 1441.0 | Var: dueling
Step: 23552 | EPS: 0.40 | Rew: -0.45 | Win%: 10.5 | S0: 130.1 | FPS: 1302.2 | Var: dueling
Step: 24576 | EPS: 0.40 | Rew: -0.57 | Win%: 11.0 | S0: 131.1 | FPS: 1520.8 | Var: dueling
Step: 25600 | EPS: 0.40 | Rew: -0.51 | Win%: 12.0 | S0: 138.1 | FPS: 1692.6 | Var: dueling
Step: 26624 | EPS: 0.40 | Rew: -0.60 | Win%: 12.0 | S0: 135.5 | FPS: 1811.2 | Var: dueling
Step: 27648 | EPS: 0.40 | Rew: -0.65 | Win%: 12.0 | S0: 130.1 | FPS: 1780.3 | Var: dueling
Step: 28672 | EPS: 0.40 | Rew: -0.78 | Win%: 13.5 | S0: 134.1 | FPS: 1693.3 | Var: dueling
Step: 29696 | EPS: 0.40 | Rew: -0.76 | Win%: 15.0 | S0: 133.9 | FPS: 1770.7 | Var: dueling
Step: 30720 | EPS: 0.40 | Rew: -0.68 | Win%: 15.0 | S0: 135.8 | FPS: 1816.3 | Var: dueling
Step: 31744 | EPS: 0.40 | Rew: -0.72 | Win%: 14.5 | S0: 134.5 | FPS: 1379.8 | Var: dueling
Step: 32768 | EPS: 0.40 | Rew: -0.76 | Win%: 14.0 | S0: 130.0 | FPS: 1350.0 | Var: dueling
Step: 33792 | EPS: 0.40 | Rew: -0.67 | Win%: 14.0 | S0: 125.6 | FPS: 1480.5 | Var: dueling
Step: 34816 | EPS: 0.40 | Rew: -0.71 | Win%: 13.5 | S0: 116.4 | FPS: 1563.8 | Var: dueling
Step: 35840 | EPS: 0.39 | Rew: -0.66 | Win%: 13.5 | S0: 120.3 | FPS: 1510.8 | Var: dueling
Step: 36864 | EPS: 0.39 | Rew: -0.68 | Win%: 15.0 | S0: 128.5 | FPS: 1915.2 | Var: dueling
Step: 37888 | EPS: 0.39 | Rew: -0.92 | Win%: 12.5 | S0: 118.5 | FPS: 1786.6 | Var: dueling
Step: 38912 | EPS: 0.39 | Rew: -1.00 | Win%: 11.5 | S0: 116.2 | FPS: 1881.5 | Var: dueling
Step: 39936 | EPS: 0.39 | Rew: -1.03 | Win%: 12.0 | S0: 123.2 | FPS: 1729.2 | Var: dueling
Step: 40960 | EPS: 0.39 | Rew: -1.06 | Win%: 10.5 | S0: 109.8 | FPS: 2048.2 | Var: dueling
Step: 41984 | EPS: 0.39 | Rew: -1.07 | Win%: 10.0 | S0: 109.2 | FPS: 1811.6 | Var: dueling
Step: 43008 | EPS: 0.39 | Rew: -0.97 | Win%: 10.0 | S0: 103.8 | FPS: 1420.7 | Var: dueling
Step: 44032 | EPS: 0.39 | Rew: -0.87 | Win%: 11.5 | S0: 106.8 | FPS: 1817.2 | Var: dueling
Step: 45056 | EPS: 0.39 | Rew: -0.82 | Win%: 11.0 | S0: 106.5 | FPS: 1641.7 | Var: dueling
Step: 46080 | EPS: 0.39 | Rew: -0.63 | Win%: 13.0 | S0: 112.5 | FPS: 1757.7 | Var: dueling
Step: 47104 | EPS: 0.39 | Rew: -0.70 | Win%: 13.5 | S0: 114.2 | FPS: 1838.4 | Var: dueling
Step: 48128 | EPS: 0.39 | Rew: -0.75 | Win%: 12.5 | S0: 109.4 | FPS: 1903.6 | Var: dueling
Step: 49152 | EPS: 0.39 | Rew: -0.74 | Win%: 11.5 | S0: 105.3 | FPS: 2020.3 | Var: dueling
Step: 50176 | EPS: 0.39 | Rew: -0.79 | Win%: 13.5 | S0: 109.2 | FPS: 1847.7 | Var: dueling
Step: 51200 | EPS: 0.39 | Rew: -0.72 | Win%: 14.5 | S0: 115.5 | FPS: 481.0 | Var: dueling
Step: 52224 | EPS: 0.39 | Rew: -0.93 | Win%: 15.5 | S0: 121.2 | FPS: 813.9 | Var: dueling
Step: 53248 | EPS: 0.39 | Rew: -1.08 | Win%: 15.0 | S0: 122.1 | FPS: 1963.0 | Var: dueling
Step: 54272 | EPS: 0.39 | Rew: -1.03 | Win%: 15.5 | S0: 119.5 | FPS: 236.6 | Var: dueling
Step: 55296 | EPS: 0.39 | Rew: -0.98 | Win%: 16.0 | S0: 125.9 | FPS: 413.9 | Var: dueling
Step: 56320 | EPS: 0.39 | Rew: -1.03 | Win%: 15.5 | S0: 123.5 | FPS: 1639.7 | Var: dueling
Step: 57344 | EPS: 0.39 | Rew: -0.90 | Win%: 15.0 | S0: 116.0 | FPS: 1632.0 | Var: dueling
Step: 58368 | EPS: 0.39 | Rew: -0.62 | Win%: 15.5 | S0: 126.2 | FPS: 1643.1 | Var: dueling
Step: 59392 | EPS: 0.39 | Rew: -0.65 | Win%: 17.0 | S0: 127.9 | FPS: 1516.8 | Var: dueling
Step: 60416 | EPS: 0.39 | Rew: -0.68 | Win%: 17.0 | S0: 128.7 | FPS: 1504.3 | Var: dueling
Step: 61440 | EPS: 0.39 | Rew: -0.66 | Win%: 16.5 | S0: 130.3 | FPS: 1517.3 | Var: dueling
Step: 62464 | EPS: 0.39 | Rew: -0.84 | Win%: 16.0 | S0: 121.7 | FPS: 1427.1 | Var: dueling
Step: 63488 | EPS: 0.39 | Rew: -0.88 | Win%: 15.5 | S0: 120.7 | FPS: 1754.1 | Var: dueling
Step: 64512 | EPS: 0.39 | Rew: -1.05 | Win%: 15.5 | S0: 117.4 | FPS: 1780.2 | Var: dueling
Step: 65536 | EPS: 0.39 | Rew: -1.01 | Win%: 15.0 | S0: 116.3 | FPS: 1827.6 | Var: dueling
Step: 66560 | EPS: 0.39 | Rew: -1.00 | Win%: 13.5 | S0: 112.8 | FPS: 1803.8 | Var: dueling
Step: 67584 | EPS: 0.39 | Rew: -0.98 | Win%: 15.5 | S0: 119.5 | FPS: 1806.9 | Var: dueling
Step: 68608 | EPS: 0.39 | Rew: -0.75 | Win%: 15.0 | S0: 123.5 | FPS: 1444.0 | Var: dueling
Step: 69632 | EPS: 0.39 | Rew: -0.64 | Win%: 15.0 | S0: 116.2 | FPS: 1899.8 | Var: dueling
Step: 70656 | EPS: 0.39 | Rew: -0.61 | Win%: 13.0 | S0: 108.7 | FPS: 2046.2 | Var: dueling
Step: 71680 | EPS: 0.39 | Rew: -0.71 | Win%: 13.5 | S0: 113.3 | FPS: 1971.1 | Var: dueling
Step: 72704 | EPS: 0.39 | Rew: -0.63 | Win%: 14.5 | S0: 116.2 | FPS: 2023.0 | Var: dueling
Step: 73728 | EPS: 0.39 | Rew: -0.70 | Win%: 13.5 | S0: 113.5 | FPS: 1730.7 | Var: dueling
Step: 74752 | EPS: 0.39 | Rew: -0.71 | Win%: 13.0 | S0: 113.7 | FPS: 1870.9 | Var: dueling
Step: 75776 | EPS: 0.39 | Rew: -0.69 | Win%: 13.0 | S0: 117.5 | FPS: 2014.7 | Var: dueling
Step: 76800 | EPS: 0.39 | Rew: -0.69 | Win%: 14.0 | S0: 134.4 | FPS: 2077.8 | Var: dueling
Step: 77824 | EPS: 0.39 | Rew: -0.73 | Win%: 12.0 | S0: 127.1 | FPS: 1953.5 | Var: dueling
Step: 78848 | EPS: 0.39 | Rew: -0.73 | Win%: 13.0 | S0: 133.5 | FPS: 1748.0 | Var: dueling
Step: 79872 | EPS: 0.39 | Rew: -0.74 | Win%: 13.0 | S0: 131.3 | FPS: 2011.2 | Var: dueling
Step: 80896 | EPS: 0.39 | Rew: -0.90 | Win%: 11.0 | S0: 118.0 | FPS: 1623.6 | Var: dueling
Step: 81920 | EPS: 0.39 | Rew: -0.91 | Win%: 10.0 | S0: 116.1 | FPS: 1910.1 | Var: dueling
Step: 82944 | EPS: 0.39 | Rew: -0.96 | Win%: 10.5 | S0: 116.5 | FPS: 1807.1 | Var: dueling
Step: 83968 | EPS: 0.39 | Rew: -1.14 | Win%: 9.5 | S0: 115.9 | FPS: 1775.2 | Var: dueling
Step: 84992 | EPS: 0.39 | Rew: -0.95 | Win%: 12.5 | S0: 126.3 | FPS: 1779.9 | Var: dueling
Step: 86016 | EPS: 0.39 | Rew: -0.89 | Win%: 11.5 | S0: 125.3 | FPS: 1653.4 | Var: dueling
Step: 87040 | EPS: 0.39 | Rew: -0.86 | Win%: 12.0 | S0: 124.3 | FPS: 1960.6 | Var: dueling
Step: 88064 | EPS: 0.39 | Rew: -0.79 | Win%: 12.5 | S0: 114.5 | FPS: 1911.7 | Var: dueling
Step: 89088 | EPS: 0.39 | Rew: -0.79 | Win%: 13.0 | S0: 118.2 | FPS: 1754.6 | Var: dueling
Step: 90112 | EPS: 0.39 | Rew: -0.73 | Win%: 14.0 | S0: 117.0 | FPS: 1797.3 | Var: dueling
Step: 91136 | EPS: 0.39 | Rew: -0.86 | Win%: 14.0 | S0: 117.5 | FPS: 1789.8 | Var: dueling
Step: 92160 | EPS: 0.39 | Rew: -0.89 | Win%: 15.0 | S0: 127.3 | FPS: 1926.6 | Var: dueling
Step: 93184 | EPS: 0.39 | Rew: -0.91 | Win%: 16.0 | S0: 129.8 | FPS: 1653.0 | Var: dueling
Step: 94208 | EPS: 0.39 | Rew: -0.95 | Win%: 14.5 | S0: 126.8 | FPS: 1541.6 | Var: dueling
Step: 95232 | EPS: 0.39 | Rew: -0.94 | Win%: 15.5 | S0: 128.4 | FPS: 1633.9 | Var: dueling
Step: 96256 | EPS: 0.39 | Rew: -0.89 | Win%: 12.5 | S0: 120.2 | FPS: 1746.2 | Var: dueling
Step: 97280 | EPS: 0.39 | Rew: -0.86 | Win%: 13.5 | S0: 120.2 | FPS: 1791.6 | Var: dueling
Step: 98304 | EPS: 0.39 | Rew: -0.86 | Win%: 13.5 | S0: 117.5 | FPS: 812.7 | Var: dueling
Step: 99328 | EPS: 0.39 | Rew: -0.83 | Win%: 13.0 | S0: 117.6 | FPS: 1690.7 | Var: dueling
Step: 100352 | EPS: 0.39 | Rew: -0.74 | Win%: 13.0 | S0: 122.2 | FPS: 1977.4 | Var: dueling
Step: 101376 | EPS: 0.39 | Rew: -0.90 | Win%: 13.0 | S0: 121.1 | FPS: 2012.2 | Var: dueling
Step: 102400 | EPS: 0.39 | Rew: -0.93 | Win%: 12.0 | S0: 118.7 | FPS: 1546.7 | Var: dueling
Step: 103424 | EPS: 0.39 | Rew: -0.91 | Win%: 11.5 | S0: 110.2 | FPS: 1736.3 | Var: dueling
Step: 104448 | EPS: 0.39 | Rew: -0.94 | Win%: 11.0 | S0: 105.7 | FPS: 1562.3 | Var: dueling
Step: 105472 | EPS: 0.39 | Rew: -0.95 | Win%: 12.5 | S0: 110.0 | FPS: 1780.7 | Var: dueling
Step: 106496 | EPS: 0.39 | Rew: -0.86 | Win%: 12.0 | S0: 108.3 | FPS: 1402.7 | Var: dueling
Step: 107520 | EPS: 0.38 | Rew: -0.74 | Win%: 14.5 | S0: 113.8 | FPS: 1782.1 | Var: dueling
Step: 108544 | EPS: 0.38 | Rew: -0.63 | Win%: 16.0 | S0: 119.0 | FPS: 1692.8 | Var: dueling
Step: 109568 | EPS: 0.38 | Rew: -0.63 | Win%: 15.5 | S0: 117.3 | FPS: 1470.4 | Var: dueling
Step: 110592 | EPS: 0.38 | Rew: -0.56 | Win%: 17.5 | S0: 121.5 | FPS: 1866.2 | Var: dueling
Step: 111616 | EPS: 0.38 | Rew: -0.59 | Win%: 18.0 | S0: 118.9 | FPS: 1833.5 | Var: dueling
Step: 112640 | EPS: 0.38 | Rew: -0.69 | Win%: 17.5 | S0: 115.5 | FPS: 1865.6 | Var: dueling
Step: 113664 | EPS: 0.38 | Rew: -0.79 | Win%: 17.5 | S0: 117.7 | FPS: 1886.0 | Var: dueling
Step: 114688 | EPS: 0.38 | Rew: -0.80 | Win%: 18.0 | S0: 121.0 | FPS: 1912.2 | Var: dueling
Step: 115712 | EPS: 0.38 | Rew: -0.81 | Win%: 19.0 | S0: 127.2 | FPS: 1865.2 | Var: dueling
Step: 116736 | EPS: 0.38 | Rew: -0.73 | Win%: 19.5 | S0: 130.9 | FPS: 1778.7 | Var: dueling
Step: 117760 | EPS: 0.38 | Rew: -0.66 | Win%: 21.0 | S0: 132.5 | FPS: 1789.0 | Var: dueling
Step: 118784 | EPS: 0.38 | Rew: -0.70 | Win%: 18.5 | S0: 117.4 | FPS: 1786.3 | Var: dueling
Step: 119808 | EPS: 0.38 | Rew: -0.85 | Win%: 17.5 | S0: 111.1 | FPS: 1850.0 | Var: dueling
Step: 120832 | EPS: 0.38 | Rew: -0.77 | Win%: 18.0 | S0: 115.1 | FPS: 1804.2 | Var: dueling
Step: 121856 | EPS: 0.38 | Rew: -0.92 | Win%: 17.5 | S0: 114.1 | FPS: 1656.0 | Var: dueling
Step: 122880 | EPS: 0.38 | Rew: -1.02 | Win%: 16.5 | S0: 108.0 | FPS: 1608.5 | Var: dueling
Step: 123904 | EPS: 0.38 | Rew: -1.05 | Win%: 16.5 | S0: 107.9 | FPS: 1487.5 | Var: dueling
Step: 124928 | EPS: 0.38 | Rew: -0.78 | Win%: 17.5 | S0: 111.7 | FPS: 1563.2 | Var: dueling
Step: 125952 | EPS: 0.38 | Rew: -0.79 | Win%: 19.0 | S0: 111.5 | FPS: 1944.9 | Var: dueling
Step: 126976 | EPS: 0.38 | Rew: -0.75 | Win%: 18.0 | S0: 104.8 | FPS: 1807.1 | Var: dueling
Step: 128000 | EPS: 0.38 | Rew: -0.80 | Win%: 16.0 | S0: 97.4 | FPS: 1533.0 | Var: dueling
Step: 129024 | EPS: 0.38 | Rew: -0.84 | Win%: 13.5 | S0: 89.3 | FPS: 1832.9 | Var: dueling
Step: 130048 | EPS: 0.38 | Rew: -0.91 | Win%: 13.5 | S0: 96.9 | FPS: 1529.2 | Var: dueling
Step: 131072 | EPS: 0.38 | Rew: -0.74 | Win%: 16.5 | S0: 111.0 | FPS: 1662.0 | Var: dueling
Step: 132096 | EPS: 0.38 | Rew: -0.72 | Win%: 16.5 | S0: 110.9 | FPS: 1550.8 | Var: dueling
Step: 133120 | EPS: 0.38 | Rew: -0.74 | Win%: 16.0 | S0: 103.0 | FPS: 1726.6 | Var: dueling
Step: 134144 | EPS: 0.38 | Rew: -0.65 | Win%: 16.5 | S0: 110.5 | FPS: 1542.5 | Var: dueling
Step: 135168 | EPS: 0.38 | Rew: -0.64 | Win%: 17.5 | S0: 118.9 | FPS: 1763.0 | Var: dueling
Step: 136192 | EPS: 0.38 | Rew: -0.67 | Win%: 16.0 | S0: 109.2 | FPS: 1691.7 | Var: dueling
Step: 137216 | EPS: 0.38 | Rew: -0.83 | Win%: 14.0 | S0: 113.2 | FPS: 1864.5 | Var: dueling
Step: 138240 | EPS: 0.38 | Rew: -0.84 | Win%: 14.5 | S0: 116.5 | FPS: 1777.8 | Var: dueling
Step: 139264 | EPS: 0.38 | Rew: -0.68 | Win%: 16.0 | S0: 120.4 | FPS: 1648.9 | Var: dueling
Step: 140288 | EPS: 0.38 | Rew: -0.59 | Win%: 18.5 | S0: 140.8 | FPS: 1648.1 | Var: dueling
Step: 141312 | EPS: 0.38 | Rew: -0.67 | Win%: 18.0 | S0: 131.7 | FPS: 1750.3 | Var: dueling
Step: 142336 | EPS: 0.38 | Rew: -0.73 | Win%: 18.5 | S0: 131.1 | FPS: 1673.2 | Var: dueling
Step: 143360 | EPS: 0.38 | Rew: -0.64 | Win%: 18.0 | S0: 132.3 | FPS: 1635.3 | Var: dueling
Step: 144384 | EPS: 0.38 | Rew: -0.78 | Win%: 17.0 | S0: 135.7 | FPS: 1668.8 | Var: dueling
Step: 145408 | EPS: 0.38 | Rew: -0.82 | Win%: 18.5 | S0: 136.0 | FPS: 1733.9 | Var: dueling
Step: 146432 | EPS: 0.38 | Rew: -0.83 | Win%: 18.0 | S0: 131.5 | FPS: 1929.9 | Var: dueling
Step: 147456 | EPS: 0.38 | Rew: -0.70 | Win%: 18.5 | S0: 134.1 | FPS: 1870.0 | Var: dueling
Step: 148480 | EPS: 0.38 | Rew: -0.59 | Win%: 20.5 | S0: 140.4 | FPS: 1828.4 | Var: dueling
Step: 149504 | EPS: 0.38 | Rew: -0.45 | Win%: 21.5 | S0: 146.2 | FPS: 1880.8 | Var: dueling
Step: 150528 | EPS: 0.38 | Rew: -0.70 | Win%: 20.0 | S0: 143.1 | FPS: 2001.2 | Var: dueling
Step: 151552 | EPS: 0.38 | Rew: -0.74 | Win%: 19.0 | S0: 128.6 | FPS: 1694.3 | Var: dueling
Step: 152576 | EPS: 0.38 | Rew: -0.81 | Win%: 19.0 | S0: 130.1 | FPS: 1489.3 | Var: dueling
Step: 153600 | EPS: 0.38 | Rew: -0.82 | Win%: 17.5 | S0: 127.5 | FPS: 1771.4 | Var: dueling
Step: 154624 | EPS: 0.38 | Rew: -0.79 | Win%: 17.0 | S0: 135.4 | FPS: 1780.9 | Var: dueling
Step: 155648 | EPS: 0.38 | Rew: -0.81 | Win%: 16.5 | S0: 136.0 | FPS: 1658.5 | Var: dueling
Step: 156672 | EPS: 0.38 | Rew: -0.94 | Win%: 17.5 | S0: 136.1 | FPS: 1839.8 | Var: dueling
Step: 157696 | EPS: 0.38 | Rew: -0.81 | Win%: 16.5 | S0: 133.2 | FPS: 1976.8 | Var: dueling
Step: 158720 | EPS: 0.38 | Rew: -0.75 | Win%: 16.5 | S0: 142.7 | FPS: 1775.7 | Var: dueling
Step: 159744 | EPS: 0.38 | Rew: -0.74 | Win%: 16.0 | S0: 137.4 | FPS: 1878.5 | Var: dueling
Step: 160768 | EPS: 0.38 | Rew: -0.74 | Win%: 17.0 | S0: 141.9 | FPS: 1642.3 | Var: dueling
Step: 161792 | EPS: 0.38 | Rew: -0.62 | Win%: 17.5 | S0: 146.3 | FPS: 1935.9 | Var: dueling
Step: 162816 | EPS: 0.38 | Rew: -0.67 | Win%: 15.5 | S0: 133.8 | FPS: 1709.1 | Var: dueling
Step: 163840 | EPS: 0.38 | Rew: -0.73 | Win%: 16.0 | S0: 134.7 | FPS: 1816.2 | Var: dueling
Step: 164864 | EPS: 0.38 | Rew: -0.82 | Win%: 15.5 | S0: 134.8 | FPS: 1799.2 | Var: dueling
Step: 165888 | EPS: 0.38 | Rew: -0.80 | Win%: 16.0 | S0: 140.2 | FPS: 1726.3 | Var: dueling
Step: 166912 | EPS: 0.38 | Rew: -0.80 | Win%: 17.0 | S0: 139.9 | FPS: 1564.8 | Var: dueling
Step: 167936 | EPS: 0.38 | Rew: -0.83 | Win%: 17.5 | S0: 136.9 | FPS: 1527.4 | Var: dueling
Step: 168960 | EPS: 0.38 | Rew: -0.93 | Win%: 17.5 | S0: 138.6 | FPS: 1819.0 | Var: dueling
Step: 169984 | EPS: 0.38 | Rew: -0.89 | Win%: 16.0 | S0: 131.6 | FPS: 1538.7 | Var: dueling
Step: 171008 | EPS: 0.38 | Rew: -0.85 | Win%: 15.5 | S0: 136.0 | FPS: 1496.1 | Var: dueling
Step: 172032 | EPS: 0.38 | Rew: -0.74 | Win%: 16.0 | S0: 134.1 | FPS: 1674.3 | Var: dueling
Step: 173056 | EPS: 0.38 | Rew: -0.80 | Win%: 15.5 | S0: 130.1 | FPS: 1979.2 | Var: dueling
Step: 174080 | EPS: 0.38 | Rew: -0.76 | Win%: 15.5 | S0: 136.2 | FPS: 1670.2 | Var: dueling
Step: 175104 | EPS: 0.38 | Rew: -0.82 | Win%: 13.5 | S0: 124.5 | FPS: 1831.2 | Var: dueling
Step: 176128 | EPS: 0.38 | Rew: -0.84 | Win%: 14.0 | S0: 123.8 | FPS: 1854.4 | Var: dueling
Step: 177152 | EPS: 0.38 | Rew: -0.90 | Win%: 13.0 | S0: 118.6 | FPS: 1747.6 | Var: dueling
Step: 178176 | EPS: 0.37 | Rew: -0.96 | Win%: 12.5 | S0: 115.7 | FPS: 1697.5 | Var: dueling
Step: 179200 | EPS: 0.37 | Rew: -0.87 | Win%: 13.5 | S0: 114.7 | FPS: 1834.2 | Var: dueling
Step: 180224 | EPS: 0.37 | Rew: -0.91 | Win%: 13.5 | S0: 117.7 | FPS: 1618.8 | Var: dueling
Step: 181248 | EPS: 0.37 | Rew: -0.92 | Win%: 13.5 | S0: 119.5 | FPS: 1573.4 | Var: dueling
Step: 182272 | EPS: 0.37 | Rew: -0.92 | Win%: 15.0 | S0: 124.7 | FPS: 1510.0 | Var: dueling
Step: 183296 | EPS: 0.37 | Rew: -0.91 | Win%: 15.0 | S0: 122.4 | FPS: 2008.7 | Var: dueling
Step: 184320 | EPS: 0.37 | Rew: -0.93 | Win%: 15.5 | S0: 118.0 | FPS: 1859.8 | Var: dueling
Step: 185344 | EPS: 0.37 | Rew: -0.74 | Win%: 17.0 | S0: 130.9 | FPS: 1688.3 | Var: dueling
Step: 186368 | EPS: 0.37 | Rew: -0.80 | Win%: 17.5 | S0: 128.9 | FPS: 1925.2 | Var: dueling
Step: 187392 | EPS: 0.37 | Rew: -0.89 | Win%: 18.0 | S0: 130.7 | FPS: 1778.0 | Var: dueling
Step: 188416 | EPS: 0.37 | Rew: -0.97 | Win%: 18.5 | S0: 132.7 | FPS: 1533.5 | Var: dueling
Step: 189440 | EPS: 0.37 | Rew: -0.90 | Win%: 19.0 | S0: 137.6 | FPS: 1738.6 | Var: dueling
Step: 190464 | EPS: 0.37 | Rew: -0.96 | Win%: 19.5 | S0: 142.2 | FPS: 1752.7 | Var: dueling
Step: 191488 | EPS: 0.37 | Rew: -0.93 | Win%: 18.0 | S0: 138.7 | FPS: 1702.5 | Var: dueling
Step: 192512 | EPS: 0.37 | Rew: -1.02 | Win%: 17.5 | S0: 135.5 | FPS: 1862.1 | Var: dueling
Step: 193536 | EPS: 0.37 | Rew: -0.82 | Win%: 18.5 | S0: 133.8 | FPS: 1844.1 | Var: dueling
Step: 194560 | EPS: 0.37 | Rew: -0.72 | Win%: 19.0 | S0: 137.6 | FPS: 1723.9 | Var: dueling
Step: 195584 | EPS: 0.37 | Rew: -0.73 | Win%: 18.0 | S0: 134.2 | FPS: 1757.1 | Var: dueling
Step: 196608 | EPS: 0.37 | Rew: -0.76 | Win%: 15.5 | S0: 114.3 | FPS: 1956.6 | Var: dueling
Step: 197632 | EPS: 0.37 | Rew: -0.62 | Win%: 17.0 | S0: 127.8 | FPS: 1820.2 | Var: dueling
Step: 198656 | EPS: 0.37 | Rew: -0.70 | Win%: 16.0 | S0: 119.8 | FPS: 1745.6 | Var: dueling
Step: 199680 | EPS: 0.37 | Rew: -0.80 | Win%: 16.5 | S0: 117.4 | FPS: 2075.5 | Var: dueling
Step: 200704 | EPS: 0.37 | Rew: -0.82 | Win%: 15.5 | S0: 113.0 | FPS: 1563.2 | Var: dueling
Step: 201728 | EPS: 0.37 | Rew: -0.95 | Win%: 15.5 | S0: 114.5 | FPS: 2041.3 | Var: dueling
Step: 202752 | EPS: 0.37 | Rew: -0.93 | Win%: 15.5 | S0: 113.2 | FPS: 1983.8 | Var: dueling
Step: 203776 | EPS: 0.37 | Rew: -1.09 | Win%: 15.5 | S0: 111.0 | FPS: 2069.6 | Var: dueling
Step: 204800 | EPS: 0.37 | Rew: -1.06 | Win%: 14.0 | S0: 107.5 | FPS: 1665.3 | Var: dueling
Step: 205824 | EPS: 0.37 | Rew: -1.05 | Win%: 12.5 | S0: 105.2 | FPS: 2271.6 | Var: dueling
Step: 206848 | EPS: 0.37 | Rew: -0.96 | Win%: 12.5 | S0: 105.0 | FPS: 2003.3 | Var: dueling
Step: 207872 | EPS: 0.37 | Rew: -0.87 | Win%: 12.0 | S0: 105.7 | FPS: 1467.2 | Var: dueling
Step: 208896 | EPS: 0.37 | Rew: -0.84 | Win%: 10.5 | S0: 98.5 | FPS: 1874.8 | Var: dueling
Step: 209920 | EPS: 0.37 | Rew: -0.75 | Win%: 11.5 | S0: 105.0 | FPS: 1783.7 | Var: dueling
Step: 210944 | EPS: 0.37 | Rew: -0.77 | Win%: 11.5 | S0: 102.2 | FPS: 1737.4 | Var: dueling
Step: 211968 | EPS: 0.37 | Rew: -0.79 | Win%: 12.5 | S0: 107.3 | FPS: 1583.3 | Var: dueling
Step: 212992 | EPS: 0.37 | Rew: -0.75 | Win%: 12.5 | S0: 106.0 | FPS: 1668.6 | Var: dueling
Step: 214016 | EPS: 0.37 | Rew: -0.71 | Win%: 13.5 | S0: 112.7 | FPS: 1910.7 | Var: dueling
Step: 215040 | EPS: 0.37 | Rew: -0.64 | Win%: 16.0 | S0: 122.2 | FPS: 1593.7 | Var: dueling
Step: 216064 | EPS: 0.37 | Rew: -0.51 | Win%: 18.0 | S0: 134.2 | FPS: 1612.3 | Var: dueling
Step: 217088 | EPS: 0.37 | Rew: -0.45 | Win%: 18.5 | S0: 135.6 | FPS: 1816.9 | Var: dueling
Step: 218112 | EPS: 0.37 | Rew: -0.39 | Win%: 19.5 | S0: 137.2 | FPS: 1892.3 | Var: dueling
Step: 219136 | EPS: 0.37 | Rew: -0.46 | Win%: 20.5 | S0: 143.1 | FPS: 1892.4 | Var: dueling
Step: 220160 | EPS: 0.37 | Rew: -0.51 | Win%: 20.5 | S0: 144.1 | FPS: 1723.1 | Var: dueling
Step: 221184 | EPS: 0.37 | Rew: -0.56 | Win%: 21.5 | S0: 142.2 | FPS: 504.4 | Var: dueling
Step: 222208 | EPS: 0.37 | Rew: -0.55 | Win%: 22.5 | S0: 150.0 | FPS: 1919.9 | Var: dueling
Step: 223232 | EPS: 0.37 | Rew: -0.49 | Win%: 22.5 | S0: 152.2 | FPS: 1813.7 | Var: dueling
Step: 224256 | EPS: 0.37 | Rew: -0.38 | Win%: 25.0 | S0: 157.3 | FPS: 1559.7 | Var: dueling
Step: 225280 | EPS: 0.37 | Rew: -0.42 | Win%: 25.0 | S0: 156.3 | FPS: 1916.2 | Var: dueling
Step: 226304 | EPS: 0.37 | Rew: -0.38 | Win%: 24.5 | S0: 159.6 | FPS: 1826.6 | Var: dueling
Step: 227328 | EPS: 0.37 | Rew: -0.49 | Win%: 23.0 | S0: 151.4 | FPS: 1691.6 | Var: dueling
Step: 228352 | EPS: 0.37 | Rew: -0.51 | Win%: 22.0 | S0: 144.8 | FPS: 1604.6 | Var: dueling
Step: 229376 | EPS: 0.37 | Rew: -0.77 | Win%: 23.5 | S0: 148.7 | FPS: 1775.9 | Var: dueling
Step: 230400 | EPS: 0.37 | Rew: -0.86 | Win%: 23.5 | S0: 144.3 | FPS: 1886.7 | Var: dueling
Step: 231424 | EPS: 0.37 | Rew: -0.84 | Win%: 23.5 | S0: 144.7 | FPS: 1558.3 | Var: dueling
Step: 232448 | EPS: 0.37 | Rew: -0.73 | Win%: 25.0 | S0: 153.0 | FPS: 1822.3 | Var: dueling
Step: 233472 | EPS: 0.37 | Rew: -0.65 | Win%: 25.0 | S0: 154.7 | FPS: 1889.8 | Var: dueling
Step: 234496 | EPS: 0.37 | Rew: -0.58 | Win%: 23.5 | S0: 148.8 | FPS: 1606.1 | Var: dueling
Step: 235520 | EPS: 0.37 | Rew: -0.56 | Win%: 23.0 | S0: 147.0 | FPS: 1680.5 | Var: dueling
Step: 236544 | EPS: 0.37 | Rew: -0.69 | Win%: 20.0 | S0: 134.8 | FPS: 1803.2 | Var: dueling
Step: 237568 | EPS: 0.37 | Rew: -0.76 | Win%: 18.5 | S0: 128.1 | FPS: 1972.1 | Var: dueling
Step: 238592 | EPS: 0.37 | Rew: -0.88 | Win%: 18.5 | S0: 132.2 | FPS: 1794.6 | Var: dueling
Step: 239616 | EPS: 0.37 | Rew: -0.94 | Win%: 19.0 | S0: 128.5 | FPS: 1822.4 | Var: dueling
Step: 240640 | EPS: 0.37 | Rew: -0.86 | Win%: 18.5 | S0: 127.2 | FPS: 1921.1 | Var: dueling
Step: 241664 | EPS: 0.37 | Rew: -0.76 | Win%: 17.0 | S0: 125.2 | FPS: 1859.5 | Var: dueling
Step: 242688 | EPS: 0.37 | Rew: -0.64 | Win%: 17.5 | S0: 127.5 | FPS: 2020.7 | Var: dueling
Step: 243712 | EPS: 0.37 | Rew: -0.63 | Win%: 15.0 | S0: 117.5 | FPS: 1670.6 | Var: dueling
Step: 244736 | EPS: 0.37 | Rew: -0.61 | Win%: 14.5 | S0: 116.5 | FPS: 1696.6 | Var: dueling
Step: 245760 | EPS: 0.37 | Rew: -0.71 | Win%: 14.0 | S0: 112.5 | FPS: 1806.4 | Var: dueling
Step: 246784 | EPS: 0.37 | Rew: -0.63 | Win%: 15.5 | S0: 114.6 | FPS: 1901.0 | Var: dueling
Step: 247808 | EPS: 0.37 | Rew: -0.58 | Win%: 16.5 | S0: 121.2 | FPS: 1865.4 | Var: dueling
Step: 248832 | EPS: 0.36 | Rew: -0.66 | Win%: 17.0 | S0: 123.5 | FPS: 1898.7 | Var: dueling
Step: 249856 | EPS: 0.36 | Rew: -0.89 | Win%: 16.5 | S0: 122.3 | FPS: 1752.9 | Var: dueling
Step: 250880 | EPS: 0.36 | Rew: -0.88 | Win%: 16.5 | S0: 126.5 | FPS: 1699.7 | Var: dueling
Step: 251904 | EPS: 0.36 | Rew: -0.91 | Win%: 15.5 | S0: 119.0 | FPS: 1690.3 | Var: dueling
Step: 252928 | EPS: 0.36 | Rew: -0.97 | Win%: 17.0 | S0: 120.8 | FPS: 1799.9 | Var: dueling
Step: 253952 | EPS: 0.36 | Rew: -1.16 | Win%: 14.5 | S0: 107.7 | FPS: 1880.6 | Var: dueling
Step: 254976 | EPS: 0.36 | Rew: -1.13 | Win%: 15.5 | S0: 111.2 | FPS: 1525.0 | Var: dueling
Step: 256000 | EPS: 0.36 | Rew: -0.90 | Win%: 15.5 | S0: 107.5 | FPS: 1868.9 | Var: dueling
Step: 257024 | EPS: 0.36 | Rew: -0.86 | Win%: 17.0 | S0: 116.5 | FPS: 1586.8 | Var: dueling
Step: 258048 | EPS: 0.36 | Rew: -0.81 | Win%: 18.0 | S0: 116.3 | FPS: 1753.8 | Var: dueling
Step: 259072 | EPS: 0.36 | Rew: -0.86 | Win%: 16.0 | S0: 112.5 | FPS: 1689.2 | Var: dueling
Step: 260096 | EPS: 0.36 | Rew: -0.76 | Win%: 14.0 | S0: 106.5 | FPS: 1764.5 | Var: dueling
Step: 261120 | EPS: 0.36 | Rew: -0.77 | Win%: 14.0 | S0: 102.5 | FPS: 1797.9 | Var: dueling
Step: 262144 | EPS: 0.36 | Rew: -0.70 | Win%: 15.0 | S0: 109.9 | FPS: 1837.8 | Var: dueling
Step: 263168 | EPS: 0.36 | Rew: -0.62 | Win%: 17.0 | S0: 116.7 | FPS: 1814.2 | Var: dueling
Step: 264192 | EPS: 0.36 | Rew: -0.55 | Win%: 17.0 | S0: 123.5 | FPS: 1557.7 | Var: dueling
Step: 265216 | EPS: 0.36 | Rew: -0.53 | Win%: 16.5 | S0: 123.1 | FPS: 1704.1 | Var: dueling
Step: 266240 | EPS: 0.36 | Rew: -0.46 | Win%: 17.0 | S0: 127.4 | FPS: 1668.4 | Var: dueling
Step: 267264 | EPS: 0.36 | Rew: -0.60 | Win%: 15.5 | S0: 122.0 | FPS: 1540.7 | Var: dueling
Step: 268288 | EPS: 0.36 | Rew: -0.61 | Win%: 17.5 | S0: 128.7 | FPS: 1764.4 | Var: dueling
Step: 269312 | EPS: 0.36 | Rew: -0.70 | Win%: 16.0 | S0: 129.7 | FPS: 1869.5 | Var: dueling
Step: 270336 | EPS: 0.36 | Rew: -0.75 | Win%: 15.0 | S0: 126.3 | FPS: 1703.1 | Var: dueling
Step: 271360 | EPS: 0.36 | Rew: -0.64 | Win%: 17.0 | S0: 139.5 | FPS: 1633.9 | Var: dueling
Step: 272384 | EPS: 0.36 | Rew: -0.58 | Win%: 19.0 | S0: 150.1 | FPS: 1675.7 | Var: dueling
Step: 273408 | EPS: 0.36 | Rew: -0.64 | Win%: 19.5 | S0: 151.1 | FPS: 1652.9 | Var: dueling
Step: 274432 | EPS: 0.36 | Rew: -0.61 | Win%: 19.0 | S0: 153.2 | FPS: 1591.7 | Var: dueling
Step: 275456 | EPS: 0.36 | Rew: -0.60 | Win%: 19.0 | S0: 149.6 | FPS: 1719.9 | Var: dueling
Step: 276480 | EPS: 0.36 | Rew: -0.59 | Win%: 18.0 | S0: 150.7 | FPS: 1825.9 | Var: dueling
Step: 277504 | EPS: 0.36 | Rew: -0.64 | Win%: 16.5 | S0: 141.3 | FPS: 1747.9 | Var: dueling
Step: 278528 | EPS: 0.36 | Rew: -0.75 | Win%: 17.0 | S0: 141.4 | FPS: 1904.4 | Var: dueling
Step: 279552 | EPS: 0.36 | Rew: -0.76 | Win%: 18.0 | S0: 142.2 | FPS: 1680.5 | Var: dueling
Step: 280576 | EPS: 0.36 | Rew: -0.74 | Win%: 17.5 | S0: 141.7 | FPS: 1665.8 | Var: dueling
Step: 281600 | EPS: 0.36 | Rew: -0.79 | Win%: 16.5 | S0: 137.3 | FPS: 1518.7 | Var: dueling
Step: 282624 | EPS: 0.36 | Rew: -0.88 | Win%: 19.0 | S0: 136.1 | FPS: 1737.4 | Var: dueling
Step: 283648 | EPS: 0.36 | Rew: -0.92 | Win%: 18.0 | S0: 129.1 | FPS: 1931.9 | Var: dueling
Step: 284672 | EPS: 0.36 | Rew: -1.07 | Win%: 17.5 | S0: 122.9 | FPS: 1837.5 | Var: dueling
Step: 285696 | EPS: 0.36 | Rew: -1.03 | Win%: 17.5 | S0: 124.7 | FPS: 1649.3 | Var: dueling
Step: 286720 | EPS: 0.36 | Rew: -0.91 | Win%: 17.5 | S0: 120.5 | FPS: 1861.9 | Var: dueling
Step: 287744 | EPS: 0.36 | Rew: -0.93 | Win%: 17.0 | S0: 117.0 | FPS: 1916.9 | Var: dueling
Step: 288768 | EPS: 0.36 | Rew: -0.91 | Win%: 16.0 | S0: 109.4 | FPS: 1863.4 | Var: dueling
Step: 289792 | EPS: 0.36 | Rew: -0.88 | Win%: 17.0 | S0: 113.5 | FPS: 1795.8 | Var: dueling
Step: 290816 | EPS: 0.36 | Rew: -0.76 | Win%: 15.5 | S0: 105.5 | FPS: 1670.3 | Var: dueling
Step: 291840 | EPS: 0.36 | Rew: -0.93 | Win%: 15.0 | S0: 104.8 | FPS: 1606.9 | Var: dueling
Step: 292864 | EPS: 0.36 | Rew: -1.11 | Win%: 16.0 | S0: 108.2 | FPS: 1934.3 | Var: dueling
Step: 293888 | EPS: 0.36 | Rew: -1.22 | Win%: 17.0 | S0: 114.5 | FPS: 1912.5 | Var: dueling
Step: 294912 | EPS: 0.36 | Rew: -1.02 | Win%: 17.0 | S0: 119.5 | FPS: 1918.3 | Var: dueling
Step: 295936 | EPS: 0.36 | Rew: -1.04 | Win%: 16.5 | S0: 121.2 | FPS: 1953.8 | Var: dueling
Step: 296960 | EPS: 0.36 | Rew: -1.03 | Win%: 16.5 | S0: 121.6 | FPS: 1583.9 | Var: dueling
Step: 297984 | EPS: 0.36 | Rew: -0.94 | Win%: 16.0 | S0: 121.4 | FPS: 1930.9 | Var: dueling
Step: 299008 | EPS: 0.36 | Rew: -0.97 | Win%: 14.5 | S0: 111.7 | FPS: 1952.8 | Var: dueling
Step: 300032 | EPS: 0.36 | Rew: -0.65 | Win%: 15.5 | S0: 117.2 | FPS: 1869.9 | Var: dueling
Step: 301056 | EPS: 0.36 | Rew: -0.63 | Win%: 16.5 | S0: 121.4 | FPS: 1611.9 | Var: dueling
Step: 302080 | EPS: 0.36 | Rew: -0.69 | Win%: 17.0 | S0: 122.2 | FPS: 1903.6 | Var: dueling
Step: 303104 | EPS: 0.36 | Rew: -0.71 | Win%: 19.0 | S0: 125.6 | FPS: 1737.7 | Var: dueling
Step: 304128 | EPS: 0.36 | Rew: -0.73 | Win%: 18.0 | S0: 127.3 | FPS: 1701.7 | Var: dueling
Step: 305152 | EPS: 0.36 | Rew: -0.61 | Win%: 18.5 | S0: 129.5 | FPS: 1838.9 | Var: dueling
Step: 306176 | EPS: 0.36 | Rew: -0.85 | Win%: 18.5 | S0: 126.5 | FPS: 1873.3 | Var: dueling
Step: 307200 | EPS: 0.36 | Rew: -0.87 | Win%: 18.5 | S0: 125.1 | FPS: 1878.3 | Var: dueling
Step: 308224 | EPS: 0.36 | Rew: -0.88 | Win%: 17.5 | S0: 121.7 | FPS: 1543.4 | Var: dueling
Step: 309248 | EPS: 0.36 | Rew: -0.94 | Win%: 16.5 | S0: 116.8 | FPS: 1921.1 | Var: dueling
Step: 310272 | EPS: 0.36 | Rew: -0.95 | Win%: 17.5 | S0: 119.8 | FPS: 1680.1 | Var: dueling
Step: 311296 | EPS: 0.36 | Rew: -1.02 | Win%: 18.5 | S0: 117.1 | FPS: 1780.7 | Var: dueling
Step: 312320 | EPS: 0.36 | Rew: -1.14 | Win%: 16.5 | S0: 108.5 | FPS: 1705.8 | Var: dueling
Step: 313344 | EPS: 0.36 | Rew: -0.91 | Win%: 17.5 | S0: 108.8 | FPS: 1840.6 | Var: dueling
Step: 314368 | EPS: 0.36 | Rew: -0.86 | Win%: 17.5 | S0: 109.7 | FPS: 1799.0 | Var: dueling
Step: 315392 | EPS: 0.36 | Rew: -0.80 | Win%: 17.5 | S0: 110.5 | FPS: 1615.1 | Var: dueling
Step: 316416 | EPS: 0.36 | Rew: -0.68 | Win%: 18.5 | S0: 115.6 | FPS: 1972.8 | Var: dueling
Step: 317440 | EPS: 0.36 | Rew: -0.57 | Win%: 18.5 | S0: 120.7 | FPS: 1810.4 | Var: dueling
Step: 318464 | EPS: 0.36 | Rew: -0.61 | Win%: 18.0 | S0: 123.2 | FPS: 1938.6 | Var: dueling
Step: 319488 | EPS: 0.36 | Rew: -0.72 | Win%: 17.0 | S0: 121.2 | FPS: 1582.5 | Var: dueling
Step: 320512 | EPS: 0.35 | Rew: -0.72 | Win%: 17.0 | S0: 119.0 | FPS: 1941.7 | Var: dueling
Step: 321536 | EPS: 0.35 | Rew: -0.68 | Win%: 17.5 | S0: 123.5 | FPS: 1787.9 | Var: dueling
Step: 322560 | EPS: 0.35 | Rew: -0.70 | Win%: 17.5 | S0: 126.3 | FPS: 1869.5 | Var: dueling
Step: 323584 | EPS: 0.35 | Rew: -0.95 | Win%: 19.0 | S0: 134.4 | FPS: 1766.0 | Var: dueling
Step: 324608 | EPS: 0.35 | Rew: -0.90 | Win%: 18.0 | S0: 132.8 | FPS: 1863.3 | Var: dueling
Step: 325632 | EPS: 0.35 | Rew: -0.92 | Win%: 19.0 | S0: 138.1 | FPS: 1885.5 | Var: dueling
Step: 326656 | EPS: 0.35 | Rew: -0.87 | Win%: 18.0 | S0: 134.6 | FPS: 1670.9 | Var: dueling
Step: 327680 | EPS: 0.35 | Rew: -0.95 | Win%: 18.0 | S0: 131.7 | FPS: 1747.0 | Var: dueling
Step: 328704 | EPS: 0.35 | Rew: -0.91 | Win%: 18.0 | S0: 133.1 | FPS: 1644.8 | Var: dueling
Step: 329728 | EPS: 0.35 | Rew: -0.91 | Win%: 17.5 | S0: 127.5 | FPS: 1815.8 | Var: dueling
Step: 330752 | EPS: 0.35 | Rew: -0.68 | Win%: 18.0 | S0: 127.0 | FPS: 1766.6 | Var: dueling
Step: 331776 | EPS: 0.35 | Rew: -0.65 | Win%: 17.5 | S0: 124.2 | FPS: 1883.5 | Var: dueling
Step: 332800 | EPS: 0.35 | Rew: -0.65 | Win%: 17.5 | S0: 122.5 | FPS: 1690.7 | Var: dueling
Step: 333824 | EPS: 0.35 | Rew: -0.59 | Win%: 20.5 | S0: 130.1 | FPS: 1471.8 | Var: dueling
Step: 334848 | EPS: 0.35 | Rew: -0.55 | Win%: 20.5 | S0: 132.9 | FPS: 1572.3 | Var: dueling
Step: 335872 | EPS: 0.35 | Rew: -0.60 | Win%: 21.0 | S0: 129.4 | FPS: 1717.2 | Var: dueling
Step: 336896 | EPS: 0.35 | Rew: -0.74 | Win%: 21.0 | S0: 130.6 | FPS: 1780.6 | Var: dueling
Step: 337920 | EPS: 0.35 | Rew: -0.61 | Win%: 23.5 | S0: 141.2 | FPS: 2045.4 | Var: dueling
Step: 338944 | EPS: 0.35 | Rew: -0.67 | Win%: 23.0 | S0: 139.5 | FPS: 2020.8 | Var: dueling
Step: 339968 | EPS: 0.35 | Rew: -0.69 | Win%: 22.0 | S0: 134.4 | FPS: 1998.9 | Var: dueling
Step: 340992 | EPS: 0.35 | Rew: -0.73 | Win%: 21.5 | S0: 143.9 | FPS: 1814.7 | Var: dueling
Step: 342016 | EPS: 0.35 | Rew: -0.72 | Win%: 22.5 | S0: 146.5 | FPS: 1749.6 | Var: dueling
Step: 343040 | EPS: 0.35 | Rew: -0.63 | Win%: 22.5 | S0: 147.2 | FPS: 1925.2 | Var: dueling
Step: 344064 | EPS: 0.35 | Rew: -0.73 | Win%: 21.5 | S0: 140.1 | FPS: 1943.3 | Var: dueling
Step: 345088 | EPS: 0.35 | Rew: -0.81 | Win%: 22.5 | S0: 148.4 | FPS: 1850.4 | Var: dueling
Step: 346112 | EPS: 0.35 | Rew: -0.85 | Win%: 21.0 | S0: 142.4 | FPS: 1992.0 | Var: dueling
Step: 347136 | EPS: 0.35 | Rew: -0.84 | Win%: 20.5 | S0: 139.4 | FPS: 1772.7 | Var: dueling
Step: 348160 | EPS: 0.35 | Rew: -0.88 | Win%: 20.0 | S0: 140.4 | FPS: 1787.7 | Var: dueling
Step: 349184 | EPS: 0.35 | Rew: -1.02 | Win%: 19.5 | S0: 137.9 | FPS: 1497.7 | Var: dueling
Step: 350208 | EPS: 0.35 | Rew: -1.00 | Win%: 19.0 | S0: 141.6 | FPS: 1930.3 | Var: dueling
Step: 351232 | EPS: 0.35 | Rew: -1.08 | Win%: 18.0 | S0: 133.6 | FPS: 1948.2 | Var: dueling
Step: 352256 | EPS: 0.35 | Rew: -0.92 | Win%: 17.5 | S0: 131.4 | FPS: 1836.6 | Var: dueling
Step: 353280 | EPS: 0.35 | Rew: -0.93 | Win%: 18.0 | S0: 129.4 | FPS: 1529.9 | Var: dueling
Step: 354304 | EPS: 0.35 | Rew: -0.79 | Win%: 19.0 | S0: 133.8 | FPS: 1908.8 | Var: dueling
Step: 355328 | EPS: 0.35 | Rew: -0.76 | Win%: 18.5 | S0: 130.7 | FPS: 1855.6 | Var: dueling
Step: 356352 | EPS: 0.35 | Rew: -0.80 | Win%: 19.0 | S0: 130.3 | FPS: 1829.8 | Var: dueling
Step: 357376 | EPS: 0.35 | Rew: -0.87 | Win%: 18.0 | S0: 124.6 | FPS: 1993.4 | Var: dueling
Step: 358400 | EPS: 0.35 | Rew: -0.89 | Win%: 16.5 | S0: 119.2 | FPS: 1841.3 | Var: dueling
Step: 359424 | EPS: 0.35 | Rew: -0.83 | Win%: 16.5 | S0: 121.7 | FPS: 1589.2 | Var: dueling
Step: 360448 | EPS: 0.35 | Rew: -0.88 | Win%: 19.5 | S0: 133.7 | FPS: 1699.7 | Var: dueling
Step: 361472 | EPS: 0.35 | Rew: -0.99 | Win%: 20.0 | S0: 139.3 | FPS: 1984.2 | Var: dueling
Step: 362496 | EPS: 0.35 | Rew: -1.02 | Win%: 19.5 | S0: 135.5 | FPS: 1981.1 | Var: dueling
Step: 363520 | EPS: 0.35 | Rew: -0.95 | Win%: 20.0 | S0: 137.3 | FPS: 1708.0 | Var: dueling
Step: 364544 | EPS: 0.35 | Rew: -0.69 | Win%: 21.5 | S0: 137.0 | FPS: 1994.2 | Var: dueling
Step: 365568 | EPS: 0.35 | Rew: -0.77 | Win%: 21.0 | S0: 139.6 | FPS: 1784.6 | Var: dueling
Step: 366592 | EPS: 0.35 | Rew: -0.74 | Win%: 20.5 | S0: 136.8 | FPS: 2023.8 | Var: dueling
Step: 367616 | EPS: 0.35 | Rew: -0.67 | Win%: 21.5 | S0: 140.9 | FPS: 1687.9 | Var: dueling
Step: 368640 | EPS: 0.35 | Rew: -0.71 | Win%: 21.0 | S0: 132.8 | FPS: 1755.0 | Var: dueling
Step: 369664 | EPS: 0.35 | Rew: -0.65 | Win%: 21.0 | S0: 130.8 | FPS: 1639.1 | Var: dueling
Step: 370688 | EPS: 0.35 | Rew: -0.73 | Win%: 23.0 | S0: 135.9 | FPS: 1667.6 | Var: dueling
Step: 371712 | EPS: 0.35 | Rew: -0.68 | Win%: 24.5 | S0: 138.9 | FPS: 1625.1 | Var: dueling
Step: 372736 | EPS: 0.35 | Rew: -0.81 | Win%: 25.0 | S0: 138.9 | FPS: 1882.7 | Var: dueling
Step: 373760 | EPS: 0.35 | Rew: -0.91 | Win%: 24.0 | S0: 136.3 | FPS: 1771.6 | Var: dueling
Step: 374784 | EPS: 0.35 | Rew: -0.77 | Win%: 23.0 | S0: 132.5 | FPS: 2025.1 | Var: dueling
Step: 375808 | EPS: 0.35 | Rew: -0.84 | Win%: 23.0 | S0: 130.8 | FPS: 1966.5 | Var: dueling
Step: 376832 | EPS: 0.35 | Rew: -0.83 | Win%: 21.5 | S0: 128.8 | FPS: 2032.2 | Var: dueling
Step: 377856 | EPS: 0.35 | Rew: -0.96 | Win%: 21.0 | S0: 130.2 | FPS: 1801.7 | Var: dueling
Step: 378880 | EPS: 0.35 | Rew: -0.97 | Win%: 21.0 | S0: 128.1 | FPS: 1844.4 | Var: dueling
Step: 379904 | EPS: 0.35 | Rew: -0.82 | Win%: 19.5 | S0: 124.5 | FPS: 1705.3 | Var: dueling
Step: 380928 | EPS: 0.35 | Rew: -0.87 | Win%: 19.0 | S0: 123.8 | FPS: 1821.9 | Var: dueling
Step: 381952 | EPS: 0.35 | Rew: -0.79 | Win%: 20.5 | S0: 129.8 | FPS: 1868.5 | Var: dueling
Step: 382976 | EPS: 0.35 | Rew: -0.68 | Win%: 21.0 | S0: 130.1 | FPS: 1764.9 | Var: dueling
Step: 384000 | EPS: 0.35 | Rew: -0.54 | Win%: 21.5 | S0: 133.1 | FPS: 2028.5 | Var: dueling
Step: 385024 | EPS: 0.35 | Rew: -0.58 | Win%: 21.0 | S0: 129.8 | FPS: 2021.2 | Var: dueling
Step: 386048 | EPS: 0.35 | Rew: -0.55 | Win%: 21.5 | S0: 130.2 | FPS: 1936.6 | Var: dueling
Step: 387072 | EPS: 0.35 | Rew: -0.54 | Win%: 22.0 | S0: 133.2 | FPS: 2021.8 | Var: dueling
Step: 388096 | EPS: 0.35 | Rew: -0.49 | Win%: 21.5 | S0: 132.3 | FPS: 1923.6 | Var: dueling
Step: 389120 | EPS: 0.35 | Rew: -0.61 | Win%: 20.5 | S0: 128.0 | FPS: 1727.1 | Var: dueling
Step: 390144 | EPS: 0.35 | Rew: -0.77 | Win%: 21.5 | S0: 128.8 | FPS: 1920.1 | Var: dueling
Step: 391168 | EPS: 0.34 | Rew: -0.77 | Win%: 20.0 | S0: 123.6 | FPS: 2058.5 | Var: dueling
Step: 392192 | EPS: 0.34 | Rew: -0.69 | Win%: 22.0 | S0: 131.0 | FPS: 1716.5 | Var: dueling
Step: 393216 | EPS: 0.34 | Rew: -0.67 | Win%: 21.5 | S0: 130.8 | FPS: 1926.8 | Var: dueling
Step: 394240 | EPS: 0.34 | Rew: -0.69 | Win%: 22.5 | S0: 133.2 | FPS: 1726.3 | Var: dueling
Step: 395264 | EPS: 0.34 | Rew: -0.61 | Win%: 22.5 | S0: 130.7 | FPS: 1743.0 | Var: dueling
Step: 396288 | EPS: 0.34 | Rew: -0.55 | Win%: 19.5 | S0: 122.4 | FPS: 1856.2 | Var: dueling
Step: 397312 | EPS: 0.34 | Rew: -0.38 | Win%: 21.5 | S0: 138.7 | FPS: 1751.2 | Var: dueling
Step: 398336 | EPS: 0.34 | Rew: -0.62 | Win%: 21.0 | S0: 137.1 | FPS: 1870.8 | Var: dueling
Step: 399360 | EPS: 0.34 | Rew: -0.63 | Win%: 21.0 | S0: 136.6 | FPS: 1649.8 | Var: dueling
Step: 400384 | EPS: 0.34 | Rew: -0.54 | Win%: 21.0 | S0: 135.2 | FPS: 1810.8 | Var: dueling
Step: 401408 | EPS: 0.34 | Rew: -0.61 | Win%: 21.0 | S0: 132.1 | FPS: 1830.8 | Var: dueling
Step: 402432 | EPS: 0.34 | Rew: -0.71 | Win%: 21.5 | S0: 135.1 | FPS: 1944.2 | Var: dueling
Step: 403456 | EPS: 0.34 | Rew: -0.91 | Win%: 20.5 | S0: 132.1 | FPS: 1891.3 | Var: dueling
Step: 404480 | EPS: 0.34 | Rew: -0.77 | Win%: 21.5 | S0: 133.6 | FPS: 1824.5 | Var: dueling
Step: 405504 | EPS: 0.34 | Rew: -0.84 | Win%: 20.0 | S0: 130.8 | FPS: 1811.7 | Var: dueling
Step: 406528 | EPS: 0.34 | Rew: -0.79 | Win%: 21.0 | S0: 138.5 | FPS: 1708.9 | Var: dueling
Step: 407552 | EPS: 0.34 | Rew: -0.99 | Win%: 19.5 | S0: 137.0 | FPS: 2012.2 | Var: dueling
Step: 408576 | EPS: 0.34 | Rew: -0.85 | Win%: 19.5 | S0: 133.9 | FPS: 1685.1 | Var: dueling
Step: 409600 | EPS: 0.34 | Rew: -0.73 | Win%: 18.5 | S0: 124.2 | FPS: 1909.3 | Var: dueling
Step: 410624 | EPS: 0.34 | Rew: -0.77 | Win%: 17.5 | S0: 119.8 | FPS: 1610.6 | Var: dueling
Step: 411648 | EPS: 0.34 | Rew: -0.77 | Win%: 18.5 | S0: 124.5 | FPS: 1769.2 | Var: dueling
Step: 412672 | EPS: 0.34 | Rew: -0.75 | Win%: 18.0 | S0: 121.5 | FPS: 1807.4 | Var: dueling
Step: 413696 | EPS: 0.34 | Rew: -0.51 | Win%: 19.0 | S0: 129.6 | FPS: 1838.6 | Var: dueling
Step: 414720 | EPS: 0.34 | Rew: -0.54 | Win%: 19.0 | S0: 134.7 | FPS: 1856.3 | Var: dueling
Step: 415744 | EPS: 0.34 | Rew: -0.52 | Win%: 20.0 | S0: 137.9 | FPS: 1755.0 | Var: dueling
Step: 416768 | EPS: 0.34 | Rew: -0.50 | Win%: 19.0 | S0: 132.2 | FPS: 1945.9 | Var: dueling
Step: 417792 | EPS: 0.34 | Rew: -0.44 | Win%: 21.0 | S0: 135.8 | FPS: 1828.3 | Var: dueling
Step: 418816 | EPS: 0.34 | Rew: -0.49 | Win%: 20.0 | S0: 135.7 | FPS: 1916.4 | Var: dueling
Step: 419840 | EPS: 0.34 | Rew: -0.46 | Win%: 22.0 | S0: 140.8 | FPS: 1743.7 | Var: dueling
Step: 420864 | EPS: 0.34 | Rew: -0.47 | Win%: 22.5 | S0: 147.7 | FPS: 1832.7 | Var: dueling
Step: 421888 | EPS: 0.34 | Rew: -0.73 | Win%: 22.0 | S0: 143.3 | FPS: 1940.9 | Var: dueling
Step: 422912 | EPS: 0.34 | Rew: -0.79 | Win%: 21.5 | S0: 142.8 | FPS: 1964.9 | Var: dueling
Step: 423936 | EPS: 0.34 | Rew: -0.82 | Win%: 20.5 | S0: 144.3 | FPS: 1951.7 | Var: dueling
Step: 424960 | EPS: 0.34 | Rew: -0.75 | Win%: 20.0 | S0: 148.9 | FPS: 1863.8 | Var: dueling
Step: 425984 | EPS: 0.34 | Rew: -0.82 | Win%: 20.0 | S0: 146.8 | FPS: 1801.5 | Var: dueling
Step: 427008 | EPS: 0.34 | Rew: -1.08 | Win%: 18.0 | S0: 135.8 | FPS: 1957.7 | Var: dueling
Step: 428032 | EPS: 0.34 | Rew: -0.81 | Win%: 18.5 | S0: 134.2 | FPS: 1879.3 | Var: dueling
Step: 429056 | EPS: 0.34 | Rew: -1.02 | Win%: 17.5 | S0: 127.8 | FPS: 1901.2 | Var: dueling
Step: 430080 | EPS: 0.34 | Rew: -0.98 | Win%: 16.5 | S0: 134.2 | FPS: 1951.7 | Var: dueling
Step: 431104 | EPS: 0.34 | Rew: -1.01 | Win%: 17.0 | S0: 134.1 | FPS: 1917.5 | Var: dueling
Step: 432128 | EPS: 0.34 | Rew: -0.85 | Win%: 19.5 | S0: 139.4 | FPS: 2008.0 | Var: dueling
Step: 433152 | EPS: 0.34 | Rew: -0.82 | Win%: 18.0 | S0: 134.3 | FPS: 1880.8 | Var: dueling
Step: 434176 | EPS: 0.34 | Rew: -0.63 | Win%: 18.5 | S0: 135.2 | FPS: 1928.6 | Var: dueling
Step: 435200 | EPS: 0.34 | Rew: -0.43 | Win%: 18.5 | S0: 134.8 | FPS: 2031.6 | Var: dueling
Step: 436224 | EPS: 0.34 | Rew: -0.42 | Win%: 19.0 | S0: 141.1 | FPS: 1856.1 | Var: dueling
Step: 437248 | EPS: 0.34 | Rew: -0.46 | Win%: 18.0 | S0: 136.2 | FPS: 1798.1 | Var: dueling
Step: 438272 | EPS: 0.34 | Rew: -0.58 | Win%: 18.5 | S0: 140.9 | FPS: 1778.5 | Var: dueling
Step: 439296 | EPS: 0.34 | Rew: -0.54 | Win%: 20.5 | S0: 151.3 | FPS: 1641.1 | Var: dueling
Step: 440320 | EPS: 0.34 | Rew: -0.55 | Win%: 21.0 | S0: 149.7 | FPS: 1912.0 | Var: dueling
Step: 441344 | EPS: 0.34 | Rew: -0.71 | Win%: 20.5 | S0: 147.1 | FPS: 1885.5 | Var: dueling
Step: 442368 | EPS: 0.34 | Rew: -0.61 | Win%: 23.0 | S0: 146.8 | FPS: 1685.9 | Var: dueling
Step: 443392 | EPS: 0.34 | Rew: -0.71 | Win%: 22.0 | S0: 147.4 | FPS: 1758.2 | Var: dueling
Step: 444416 | EPS: 0.34 | Rew: -0.78 | Win%: 20.5 | S0: 141.0 | FPS: 1840.2 | Var: dueling
Step: 445440 | EPS: 0.34 | Rew: -0.75 | Win%: 19.5 | S0: 137.4 | FPS: 1942.6 | Var: dueling
Step: 446464 | EPS: 0.34 | Rew: -0.70 | Win%: 20.0 | S0: 142.3 | FPS: 1820.3 | Var: dueling
Step: 447488 | EPS: 0.34 | Rew: -0.50 | Win%: 22.0 | S0: 147.4 | FPS: 1965.6 | Var: dueling
Step: 448512 | EPS: 0.34 | Rew: -0.53 | Win%: 21.0 | S0: 144.1 | FPS: 1990.8 | Var: dueling
Step: 449536 | EPS: 0.34 | Rew: -0.53 | Win%: 21.5 | S0: 142.2 | FPS: 1915.4 | Var: dueling
Step: 450560 | EPS: 0.34 | Rew: -0.53 | Win%: 20.5 | S0: 140.8 | FPS: 1854.2 | Var: dueling
Step: 451584 | EPS: 0.34 | Rew: -0.59 | Win%: 21.5 | S0: 141.9 | FPS: 1688.5 | Var: dueling
Step: 452608 | EPS: 0.34 | Rew: -0.69 | Win%: 22.0 | S0: 146.3 | FPS: 1991.8 | Var: dueling
Step: 453632 | EPS: 0.34 | Rew: -0.60 | Win%: 20.5 | S0: 145.3 | FPS: 1838.2 | Var: dueling
Step: 454656 | EPS: 0.34 | Rew: -0.54 | Win%: 21.0 | S0: 144.5 | FPS: 2002.3 | Var: dueling
Step: 455680 | EPS: 0.34 | Rew: -0.62 | Win%: 20.5 | S0: 144.1 | FPS: 1904.2 | Var: dueling
Step: 456704 | EPS: 0.34 | Rew: -0.57 | Win%: 21.5 | S0: 148.8 | FPS: 1802.7 | Var: dueling
Step: 457728 | EPS: 0.34 | Rew: -0.53 | Win%: 21.5 | S0: 150.4 | FPS: 1864.6 | Var: dueling
Step: 458752 | EPS: 0.34 | Rew: -0.55 | Win%: 20.0 | S0: 143.3 | FPS: 1921.8 | Var: dueling
Step: 459776 | EPS: 0.34 | Rew: -0.55 | Win%: 18.5 | S0: 135.4 | FPS: 2004.1 | Var: dueling
Step: 460800 | EPS: 0.34 | Rew: -0.64 | Win%: 19.0 | S0: 139.8 | FPS: 1875.0 | Var: dueling
Step: 461824 | EPS: 0.34 | Rew: -0.54 | Win%: 21.5 | S0: 148.2 | FPS: 1999.8 | Var: dueling
Step: 462848 | EPS: 0.33 | Rew: -0.62 | Win%: 22.0 | S0: 145.3 | FPS: 2018.2 | Var: dueling
Step: 463872 | EPS: 0.33 | Rew: -0.78 | Win%: 19.0 | S0: 135.7 | FPS: 1998.6 | Var: dueling
Step: 464896 | EPS: 0.33 | Rew: -0.77 | Win%: 19.5 | S0: 143.1 | FPS: 1740.1 | Var: dueling
Step: 465920 | EPS: 0.33 | Rew: -0.74 | Win%: 19.5 | S0: 142.0 | FPS: 1833.7 | Var: dueling
Step: 466944 | EPS: 0.33 | Rew: -0.72 | Win%: 19.0 | S0: 139.3 | FPS: 1848.6 | Var: dueling
Step: 467968 | EPS: 0.33 | Rew: -0.88 | Win%: 18.5 | S0: 137.8 | FPS: 2094.8 | Var: dueling
Step: 468992 | EPS: 0.33 | Rew: -0.71 | Win%: 19.5 | S0: 142.4 | FPS: 1786.0 | Var: dueling
Step: 470016 | EPS: 0.33 | Rew: -0.70 | Win%: 18.0 | S0: 135.3 | FPS: 1690.9 | Var: dueling
Step: 471040 | EPS: 0.33 | Rew: -0.67 | Win%: 18.5 | S0: 138.1 | FPS: 1987.7 | Var: dueling
Step: 472064 | EPS: 0.33 | Rew: -0.69 | Win%: 18.5 | S0: 137.3 | FPS: 1738.4 | Var: dueling
Step: 473088 | EPS: 0.33 | Rew: -0.81 | Win%: 17.5 | S0: 128.2 | FPS: 1785.8 | Var: dueling
Step: 474112 | EPS: 0.33 | Rew: -0.81 | Win%: 16.5 | S0: 129.5 | FPS: 1894.4 | Var: dueling
Step: 475136 | EPS: 0.33 | Rew: -0.95 | Win%: 17.0 | S0: 130.2 | FPS: 1913.9 | Var: dueling
Step: 476160 | EPS: 0.33 | Rew: -0.83 | Win%: 17.5 | S0: 132.7 | FPS: 1839.5 | Var: dueling
Step: 477184 | EPS: 0.33 | Rew: -0.77 | Win%: 17.5 | S0: 140.2 | FPS: 1940.8 | Var: dueling
Step: 478208 | EPS: 0.33 | Rew: -0.67 | Win%: 17.5 | S0: 144.2 | FPS: 1868.5 | Var: dueling
Step: 479232 | EPS: 0.33 | Rew: -0.62 | Win%: 18.5 | S0: 145.8 | FPS: 1830.2 | Var: dueling
Step: 480256 | EPS: 0.33 | Rew: -0.63 | Win%: 17.0 | S0: 136.1 | FPS: 1860.0 | Var: dueling
Step: 481280 | EPS: 0.33 | Rew: -0.79 | Win%: 17.0 | S0: 133.2 | FPS: 1926.5 | Var: dueling
Step: 482304 | EPS: 0.33 | Rew: -0.98 | Win%: 16.0 | S0: 127.5 | FPS: 1965.8 | Var: dueling
Step: 483328 | EPS: 0.33 | Rew: -0.94 | Win%: 17.0 | S0: 136.3 | FPS: 1988.3 | Var: dueling
Step: 484352 | EPS: 0.33 | Rew: -0.85 | Win%: 17.5 | S0: 136.9 | FPS: 1779.7 | Var: dueling
Step: 485376 | EPS: 0.33 | Rew: -0.70 | Win%: 18.5 | S0: 143.1 | FPS: 1807.5 | Var: dueling
Step: 486400 | EPS: 0.33 | Rew: -0.37 | Win%: 18.5 | S0: 145.7 | FPS: 1960.8 | Var: dueling
Step: 487424 | EPS: 0.33 | Rew: -0.29 | Win%: 20.5 | S0: 144.2 | FPS: 1747.7 | Var: dueling
Step: 488448 | EPS: 0.33 | Rew: -0.29 | Win%: 21.0 | S0: 147.8 | FPS: 1837.9 | Var: dueling
Step: 489472 | EPS: 0.33 | Rew: -0.39 | Win%: 21.0 | S0: 148.8 | FPS: 1974.9 | Var: dueling
Step: 490496 | EPS: 0.33 | Rew: -0.49 | Win%: 20.0 | S0: 152.9 | FPS: 2015.6 | Var: dueling
Step: 491520 | EPS: 0.33 | Rew: -0.63 | Win%: 22.5 | S0: 158.8 | FPS: 2008.9 | Var: dueling
Step: 492544 | EPS: 0.33 | Rew: -0.58 | Win%: 23.0 | S0: 164.2 | FPS: 2003.7 | Var: dueling
Step: 493568 | EPS: 0.33 | Rew: -0.55 | Win%: 23.0 | S0: 166.0 | FPS: 1934.9 | Var: dueling
Step: 494592 | EPS: 0.33 | Rew: -0.58 | Win%: 23.0 | S0: 163.0 | FPS: 1977.1 | Var: dueling
Step: 495616 | EPS: 0.33 | Rew: -0.54 | Win%: 23.0 | S0: 157.4 | FPS: 1845.6 | Var: dueling
Step: 496640 | EPS: 0.33 | Rew: -0.50 | Win%: 23.5 | S0: 153.1 | FPS: 1972.2 | Var: dueling
Step: 497664 | EPS: 0.33 | Rew: -0.61 | Win%: 21.0 | S0: 144.1 | FPS: 2026.3 | Var: dueling
Step: 498688 | EPS: 0.33 | Rew: -0.52 | Win%: 23.0 | S0: 152.6 | FPS: 1972.1 | Var: dueling
Step: 499712 | EPS: 0.33 | Rew: -0.59 | Win%: 22.0 | S0: 148.7 | FPS: 1940.6 | Var: dueling
Step: 500736 | EPS: 0.33 | Rew: -0.47 | Win%: 23.0 | S0: 151.5 | FPS: 1713.7 | Var: dueling
Step: 501760 | EPS: 0.33 | Rew: -0.61 | Win%: 23.0 | S0: 147.8 | FPS: 1734.3 | Var: dueling
Step: 502784 | EPS: 0.33 | Rew: -0.55 | Win%: 23.0 | S0: 149.8 | FPS: 1746.1 | Var: dueling
Step: 503808 | EPS: 0.33 | Rew: -0.62 | Win%: 23.0 | S0: 149.9 | FPS: 1640.8 | Var: dueling
Step: 504832 | EPS: 0.33 | Rew: -0.69 | Win%: 22.0 | S0: 142.9 | FPS: 1607.6 | Var: dueling
Step: 505856 | EPS: 0.33 | Rew: -0.60 | Win%: 22.5 | S0: 149.8 | FPS: 1863.4 | Var: dueling
Step: 506880 | EPS: 0.33 | Rew: -0.53 | Win%: 23.0 | S0: 147.9 | FPS: 1661.7 | Var: dueling
Step: 507904 | EPS: 0.33 | Rew: -0.62 | Win%: 21.5 | S0: 140.2 | FPS: 1712.5 | Var: dueling
Step: 508928 | EPS: 0.33 | Rew: -0.68 | Win%: 22.5 | S0: 142.8 | FPS: 1693.8 | Var: dueling
Step: 509952 | EPS: 0.33 | Rew: -0.52 | Win%: 21.5 | S0: 135.5 | FPS: 1800.8 | Var: dueling
Step: 510976 | EPS: 0.33 | Rew: -0.60 | Win%: 21.0 | S0: 134.6 | FPS: 1753.8 | Var: dueling
Step: 512000 | EPS: 0.33 | Rew: -0.56 | Win%: 21.0 | S0: 142.6 | FPS: 1702.4 | Var: dueling
Step: 513024 | EPS: 0.33 | Rew: -0.46 | Win%: 22.5 | S0: 148.4 | FPS: 1644.1 | Var: dueling
Step: 514048 | EPS: 0.33 | Rew: -0.47 | Win%: 22.0 | S0: 149.4 | FPS: 1847.1 | Var: dueling
Step: 515072 | EPS: 0.33 | Rew: -0.55 | Win%: 21.0 | S0: 142.2 | FPS: 1677.5 | Var: dueling
Step: 516096 | EPS: 0.33 | Rew: -0.54 | Win%: 22.5 | S0: 146.1 | FPS: 1660.4 | Var: dueling
Step: 517120 | EPS: 0.33 | Rew: -0.44 | Win%: 24.0 | S0: 150.1 | FPS: 1696.6 | Var: dueling
Step: 518144 | EPS: 0.33 | Rew: -0.37 | Win%: 24.5 | S0: 154.8 | FPS: 1551.3 | Var: dueling
Step: 519168 | EPS: 0.33 | Rew: -0.51 | Win%: 23.0 | S0: 149.3 | FPS: 1731.2 | Var: dueling
Step: 520192 | EPS: 0.33 | Rew: -0.44 | Win%: 24.0 | S0: 155.6 | FPS: 1796.2 | Var: dueling
Step: 521216 | EPS: 0.33 | Rew: -0.36 | Win%: 24.0 | S0: 159.2 | FPS: 1771.0 | Var: dueling
Step: 522240 | EPS: 0.33 | Rew: -0.40 | Win%: 23.5 | S0: 154.6 | FPS: 1599.7 | Var: dueling
Step: 523264 | EPS: 0.33 | Rew: -0.41 | Win%: 24.5 | S0: 164.3 | FPS: 1784.7 | Var: dueling
Step: 524288 | EPS: 0.33 | Rew: -0.45 | Win%: 25.5 | S0: 163.0 | FPS: 1902.0 | Var: dueling
Step: 525312 | EPS: 0.33 | Rew: -0.59 | Win%: 25.5 | S0: 156.6 | FPS: 1736.4 | Var: dueling
Step: 526336 | EPS: 0.33 | Rew: -0.46 | Win%: 26.0 | S0: 156.5 | FPS: 1744.5 | Var: dueling
Step: 527360 | EPS: 0.33 | Rew: -0.40 | Win%: 27.0 | S0: 165.3 | FPS: 1673.0 | Var: dueling
Step: 528384 | EPS: 0.33 | Rew: -0.44 | Win%: 26.5 | S0: 165.2 | FPS: 1841.2 | Var: dueling
Step: 529408 | EPS: 0.33 | Rew: -0.60 | Win%: 24.0 | S0: 152.3 | FPS: 1585.0 | Var: dueling
Step: 530432 | EPS: 0.33 | Rew: -0.67 | Win%: 23.0 | S0: 149.9 | FPS: 1793.8 | Var: dueling
Step: 531456 | EPS: 0.33 | Rew: -0.51 | Win%: 23.5 | S0: 158.7 | FPS: 1960.1 | Var: dueling
Step: 532480 | EPS: 0.33 | Rew: -0.60 | Win%: 22.5 | S0: 158.2 | FPS: 1513.8 | Var: dueling
Step: 533504 | EPS: 0.32 | Rew: -0.64 | Win%: 23.5 | S0: 161.2 | FPS: 1856.1 | Var: dueling
Step: 534528 | EPS: 0.32 | Rew: -0.58 | Win%: 23.0 | S0: 154.6 | FPS: 1732.5 | Var: dueling
Step: 535552 | EPS: 0.32 | Rew: -0.49 | Win%: 23.5 | S0: 155.7 | FPS: 1883.4 | Var: dueling
Step: 536576 | EPS: 0.32 | Rew: -0.61 | Win%: 22.0 | S0: 145.8 | FPS: 1713.6 | Var: dueling
Step: 537600 | EPS: 0.32 | Rew: -0.61 | Win%: 21.5 | S0: 141.3 | FPS: 1836.3 | Var: dueling
Step: 538624 | EPS: 0.32 | Rew: -0.73 | Win%: 21.5 | S0: 143.2 | FPS: 1865.3 | Var: dueling
Step: 539648 | EPS: 0.32 | Rew: -0.73 | Win%: 21.0 | S0: 141.8 | FPS: 1959.0 | Var: dueling
Step: 540672 | EPS: 0.32 | Rew: -0.72 | Win%: 20.0 | S0: 134.9 | FPS: 1983.8 | Var: dueling
Step: 541696 | EPS: 0.32 | Rew: -0.72 | Win%: 21.0 | S0: 138.8 | FPS: 1909.5 | Var: dueling
Step: 542720 | EPS: 0.32 | Rew: -0.60 | Win%: 22.5 | S0: 143.3 | FPS: 1671.9 | Var: dueling
Step: 543744 | EPS: 0.32 | Rew: -0.52 | Win%: 22.0 | S0: 140.8 | FPS: 1788.1 | Var: dueling
Step: 544768 | EPS: 0.32 | Rew: -0.67 | Win%: 21.0 | S0: 133.4 | FPS: 2019.5 | Var: dueling
Step: 545792 | EPS: 0.32 | Rew: -0.73 | Win%: 20.5 | S0: 133.8 | FPS: 1938.4 | Var: dueling
Step: 546816 | EPS: 0.32 | Rew: -0.68 | Win%: 21.0 | S0: 134.1 | FPS: 1920.2 | Var: dueling
Step: 547840 | EPS: 0.32 | Rew: -0.65 | Win%: 22.0 | S0: 136.8 | FPS: 1691.1 | Var: dueling
Step: 548864 | EPS: 0.32 | Rew: -0.72 | Win%: 24.5 | S0: 147.5 | FPS: 1712.5 | Var: dueling
Step: 549888 | EPS: 0.32 | Rew: -0.73 | Win%: 25.0 | S0: 148.8 | FPS: 1790.5 | Var: dueling
Step: 550912 | EPS: 0.32 | Rew: -0.61 | Win%: 25.5 | S0: 148.5 | FPS: 1788.9 | Var: dueling
Step: 551936 | EPS: 0.32 | Rew: -0.58 | Win%: 25.0 | S0: 149.2 | FPS: 1686.0 | Var: dueling
Step: 552960 | EPS: 0.32 | Rew: -0.52 | Win%: 27.0 | S0: 157.2 | FPS: 1737.5 | Var: dueling
Step: 553984 | EPS: 0.32 | Rew: -0.57 | Win%: 25.0 | S0: 146.1 | FPS: 1649.3 | Var: dueling
Step: 555008 | EPS: 0.32 | Rew: -0.71 | Win%: 23.0 | S0: 140.8 | FPS: 1931.4 | Var: dueling
Step: 556032 | EPS: 0.32 | Rew: -0.76 | Win%: 23.0 | S0: 144.8 | FPS: 1718.6 | Var: dueling
Step: 557056 | EPS: 0.32 | Rew: -0.65 | Win%: 22.0 | S0: 148.4 | FPS: 1667.4 | Var: dueling
Step: 558080 | EPS: 0.32 | Rew: -0.64 | Win%: 23.0 | S0: 149.3 | FPS: 1930.1 | Var: dueling
Step: 559104 | EPS: 0.32 | Rew: -0.69 | Win%: 21.5 | S0: 141.3 | FPS: 1669.3 | Var: dueling
Step: 560128 | EPS: 0.32 | Rew: -0.79 | Win%: 20.5 | S0: 135.1 | FPS: 1852.9 | Var: dueling
Step: 561152 | EPS: 0.32 | Rew: -0.70 | Win%: 18.0 | S0: 133.9 | FPS: 1918.6 | Var: dueling
Step: 562176 | EPS: 0.32 | Rew: -0.51 | Win%: 18.5 | S0: 143.7 | FPS: 1922.0 | Var: dueling
Step: 563200 | EPS: 0.32 | Rew: -0.49 | Win%: 19.0 | S0: 151.1 | FPS: 1836.7 | Var: dueling
Step: 564224 | EPS: 0.32 | Rew: -0.51 | Win%: 18.5 | S0: 152.1 | FPS: 1945.9 | Var: dueling
Step: 565248 | EPS: 0.32 | Rew: -0.46 | Win%: 18.5 | S0: 152.9 | FPS: 1959.3 | Var: dueling
Step: 566272 | EPS: 0.32 | Rew: -0.36 | Win%: 17.5 | S0: 148.8 | FPS: 1691.3 | Var: dueling
Step: 567296 | EPS: 0.32 | Rew: -0.35 | Win%: 19.5 | S0: 154.5 | FPS: 1786.1 | Var: dueling
Step: 568320 | EPS: 0.32 | Rew: -0.41 | Win%: 20.0 | S0: 157.9 | FPS: 1941.9 | Var: dueling
Step: 569344 | EPS: 0.32 | Rew: -0.43 | Win%: 22.5 | S0: 166.1 | FPS: 1938.1 | Var: dueling
Step: 570368 | EPS: 0.32 | Rew: -0.45 | Win%: 21.5 | S0: 154.4 | FPS: 2003.0 | Var: dueling
Step: 571392 | EPS: 0.32 | Rew: -0.46 | Win%: 21.5 | S0: 151.7 | FPS: 1968.3 | Var: dueling
Step: 572416 | EPS: 0.32 | Rew: -0.47 | Win%: 23.5 | S0: 161.0 | FPS: 1938.1 | Var: dueling
Step: 573440 | EPS: 0.32 | Rew: -0.51 | Win%: 24.0 | S0: 161.2 | FPS: 1734.9 | Var: dueling
Step: 574464 | EPS: 0.32 | Rew: -0.63 | Win%: 22.5 | S0: 152.5 | FPS: 1844.6 | Var: dueling
Step: 575488 | EPS: 0.32 | Rew: -0.63 | Win%: 22.5 | S0: 151.4 | FPS: 1987.5 | Var: dueling
Step: 576512 | EPS: 0.32 | Rew: -0.59 | Win%: 22.5 | S0: 149.4 | FPS: 2064.6 | Var: dueling
Step: 577536 | EPS: 0.32 | Rew: -0.59 | Win%: 22.0 | S0: 146.8 | FPS: 2041.2 | Var: dueling
Step: 578560 | EPS: 0.32 | Rew: -0.66 | Win%: 22.0 | S0: 147.4 | FPS: 1927.4 | Var: dueling
Step: 579584 | EPS: 0.32 | Rew: -0.71 | Win%: 23.5 | S0: 152.1 | FPS: 1969.7 | Var: dueling
Step: 580608 | EPS: 0.32 | Rew: -0.78 | Win%: 23.0 | S0: 153.2 | FPS: 1857.4 | Var: dueling
Step: 581632 | EPS: 0.32 | Rew: -0.75 | Win%: 23.0 | S0: 152.2 | FPS: 1786.6 | Var: dueling
Step: 582656 | EPS: 0.32 | Rew: -0.63 | Win%: 23.5 | S0: 161.9 | FPS: 1998.3 | Var: dueling
Step: 583680 | EPS: 0.32 | Rew: -0.63 | Win%: 22.0 | S0: 159.9 | FPS: 1818.9 | Var: dueling
Step: 584704 | EPS: 0.32 | Rew: -0.66 | Win%: 23.0 | S0: 162.2 | FPS: 1895.2 | Var: dueling
Step: 585728 | EPS: 0.32 | Rew: -0.69 | Win%: 22.5 | S0: 159.8 | FPS: 1988.5 | Var: dueling
Step: 586752 | EPS: 0.32 | Rew: -0.65 | Win%: 23.0 | S0: 162.6 | FPS: 1702.8 | Var: dueling
Step: 587776 | EPS: 0.32 | Rew: -0.55 | Win%: 24.0 | S0: 162.2 | FPS: 1804.9 | Var: dueling
Step: 588800 | EPS: 0.32 | Rew: -0.62 | Win%: 23.5 | S0: 159.6 | FPS: 1653.8 | Var: dueling
Step: 589824 | EPS: 0.32 | Rew: -0.70 | Win%: 23.0 | S0: 158.9 | FPS: 1845.3 | Var: dueling
Step: 590848 | EPS: 0.32 | Rew: -0.84 | Win%: 23.5 | S0: 157.1 | FPS: 1936.5 | Var: dueling
Step: 591872 | EPS: 0.32 | Rew: -0.79 | Win%: 24.0 | S0: 154.3 | FPS: 1877.0 | Var: dueling
Step: 592896 | EPS: 0.32 | Rew: -0.76 | Win%: 24.0 | S0: 150.9 | FPS: 1816.2 | Var: dueling
Step: 593920 | EPS: 0.32 | Rew: -0.80 | Win%: 24.5 | S0: 148.8 | FPS: 1769.2 | Var: dueling
Step: 594944 | EPS: 0.32 | Rew: -0.72 | Win%: 24.5 | S0: 147.4 | FPS: 1711.9 | Var: dueling
Step: 595968 | EPS: 0.32 | Rew: -0.67 | Win%: 23.5 | S0: 141.8 | FPS: 1892.0 | Var: dueling
Step: 596992 | EPS: 0.32 | Rew: -0.63 | Win%: 22.0 | S0: 135.7 | FPS: 1978.6 | Var: dueling
Step: 598016 | EPS: 0.32 | Rew: -0.53 | Win%: 23.5 | S0: 132.2 | FPS: 2005.7 | Var: dueling
Step: 599040 | EPS: 0.32 | Rew: -0.50 | Win%: 23.5 | S0: 135.1 | FPS: 1795.5 | Var: dueling
Step: 600064 | EPS: 0.32 | Rew: -0.57 | Win%: 23.5 | S0: 134.8 | FPS: 1789.2 | Var: dueling
Step: 601088 | EPS: 0.32 | Rew: -0.86 | Win%: 21.0 | S0: 124.7 | FPS: 1861.9 | Var: dueling
Step: 602112 | EPS: 0.32 | Rew: -0.86 | Win%: 20.5 | S0: 125.5 | FPS: 1834.6 | Var: dueling
Step: 603136 | EPS: 0.32 | Rew: -0.80 | Win%: 23.5 | S0: 130.2 | FPS: 305.0 | Var: dueling
Step: 604160 | EPS: 0.31 | Rew: -0.86 | Win%: 22.5 | S0: 132.4 | FPS: 803.3 | Var: dueling
Step: 605184 | EPS: 0.31 | Rew: -0.93 | Win%: 21.5 | S0: 126.5 | FPS: 251.4 | Var: dueling
Step: 606208 | EPS: 0.31 | Rew: -0.92 | Win%: 20.0 | S0: 127.1 | FPS: 828.9 | Var: dueling
Step: 607232 | EPS: 0.31 | Rew: -0.72 | Win%: 18.0 | S0: 122.0 | FPS: 766.1 | Var: dueling
Step: 608256 | EPS: 0.31 | Rew: -0.63 | Win%: 19.0 | S0: 125.8 | FPS: 769.6 | Var: dueling
Step: 609280 | EPS: 0.31 | Rew: -0.73 | Win%: 18.5 | S0: 122.0 | FPS: 1968.9 | Var: dueling
Step: 610304 | EPS: 0.31 | Rew: -0.85 | Win%: 16.5 | S0: 112.3 | FPS: 832.8 | Var: dueling
Step: 611328 | EPS: 0.31 | Rew: -0.85 | Win%: 16.0 | S0: 112.0 | FPS: 840.2 | Var: dueling
Step: 612352 | EPS: 0.31 | Rew: -0.83 | Win%: 16.5 | S0: 112.5 | FPS: 2040.1 | Var: dueling
Step: 613376 | EPS: 0.31 | Rew: -0.75 | Win%: 16.0 | S0: 113.8 | FPS: 1787.0 | Var: dueling
Step: 614400 | EPS: 0.31 | Rew: -0.76 | Win%: 16.5 | S0: 114.9 | FPS: 2051.5 | Var: dueling
Step: 615424 | EPS: 0.31 | Rew: -0.65 | Win%: 17.5 | S0: 124.3 | FPS: 1965.6 | Var: dueling
Step: 616448 | EPS: 0.31 | Rew: -0.65 | Win%: 15.5 | S0: 120.9 | FPS: 2038.1 | Var: dueling
Step: 617472 | EPS: 0.31 | Rew: -0.69 | Win%: 15.5 | S0: 122.4 | FPS: 1779.2 | Var: dueling
Step: 618496 | EPS: 0.31 | Rew: -0.66 | Win%: 16.5 | S0: 126.7 | FPS: 1891.6 | Var: dueling
Step: 619520 | EPS: 0.31 | Rew: -0.68 | Win%: 16.5 | S0: 130.1 | FPS: 1907.5 | Var: dueling
Step: 620544 | EPS: 0.31 | Rew: -0.69 | Win%: 16.5 | S0: 131.5 | FPS: 1884.6 | Var: dueling
Step: 621568 | EPS: 0.31 | Rew: -0.72 | Win%: 16.5 | S0: 137.1 | FPS: 1557.7 | Var: dueling
Step: 622592 | EPS: 0.31 | Rew: -0.62 | Win%: 17.5 | S0: 141.1 | FPS: 1757.8 | Var: dueling
Step: 623616 | EPS: 0.31 | Rew: -0.64 | Win%: 16.5 | S0: 134.2 | FPS: 1849.4 | Var: dueling
Step: 624640 | EPS: 0.31 | Rew: -0.60 | Win%: 16.0 | S0: 135.7 | FPS: 1689.5 | Var: dueling
Step: 625664 | EPS: 0.31 | Rew: -0.66 | Win%: 16.5 | S0: 140.2 | FPS: 1974.8 | Var: dueling
Step: 626688 | EPS: 0.31 | Rew: -0.74 | Win%: 15.0 | S0: 142.1 | FPS: 1965.6 | Var: dueling
Step: 627712 | EPS: 0.31 | Rew: -0.72 | Win%: 15.5 | S0: 143.2 | FPS: 2024.4 | Var: dueling
Step: 628736 | EPS: 0.31 | Rew: -0.57 | Win%: 17.0 | S0: 146.2 | FPS: 1676.2 | Var: dueling
Step: 629760 | EPS: 0.31 | Rew: -0.51 | Win%: 19.0 | S0: 150.9 | FPS: 1868.8 | Var: dueling
Step: 630784 | EPS: 0.31 | Rew: -0.59 | Win%: 19.0 | S0: 148.2 | FPS: 1994.0 | Var: dueling
Step: 631808 | EPS: 0.31 | Rew: -0.44 | Win%: 21.0 | S0: 152.7 | FPS: 1890.1 | Var: dueling
Step: 632832 | EPS: 0.31 | Rew: -0.53 | Win%: 21.5 | S0: 151.1 | FPS: 840.7 | Var: dueling
Step: 633856 | EPS: 0.31 | Rew: -0.61 | Win%: 20.5 | S0: 145.2 | FPS: 1976.4 | Var: dueling
Step: 634880 | EPS: 0.31 | Rew: -0.65 | Win%: 20.5 | S0: 151.8 | FPS: 1961.2 | Var: dueling
Step: 635904 | EPS: 0.31 | Rew: -0.69 | Win%: 21.5 | S0: 158.2 | FPS: 1854.3 | Var: dueling
Step: 636928 | EPS: 0.31 | Rew: -0.67 | Win%: 23.0 | S0: 158.8 | FPS: 2031.3 | Var: dueling
Step: 637952 | EPS: 0.31 | Rew: -0.73 | Win%: 22.5 | S0: 154.8 | FPS: 2029.5 | Var: dueling
Step: 638976 | EPS: 0.31 | Rew: -0.63 | Win%: 22.5 | S0: 154.6 | FPS: 367.4 | Var: dueling
Step: 640000 | EPS: 0.31 | Rew: -0.61 | Win%: 22.5 | S0: 146.6 | FPS: 388.4 | Var: dueling
Step: 641024 | EPS: 0.31 | Rew: -0.64 | Win%: 21.0 | S0: 144.4 | FPS: 810.9 | Var: dueling
Step: 642048 | EPS: 0.31 | Rew: -0.71 | Win%: 18.0 | S0: 140.7 | FPS: 1699.8 | Var: dueling
Step: 643072 | EPS: 0.31 | Rew: -0.79 | Win%: 16.0 | S0: 135.7 | FPS: 1900.0 | Var: dueling
Step: 644096 | EPS: 0.31 | Rew: -0.86 | Win%: 14.5 | S0: 131.9 | FPS: 1720.1 | Var: dueling
Step: 645120 | EPS: 0.31 | Rew: -0.78 | Win%: 14.5 | S0: 137.6 | FPS: 1817.2 | Var: dueling
Step: 646144 | EPS: 0.31 | Rew: -0.75 | Win%: 15.0 | S0: 143.2 | FPS: 1845.3 | Var: dueling
Step: 647168 | EPS: 0.31 | Rew: -0.80 | Win%: 15.0 | S0: 135.8 | FPS: 1925.4 | Var: dueling
Step: 648192 | EPS: 0.31 | Rew: -0.78 | Win%: 14.5 | S0: 132.9 | FPS: 1920.9 | Var: dueling
Step: 649216 | EPS: 0.31 | Rew: -0.65 | Win%: 13.5 | S0: 140.6 | FPS: 1727.8 | Var: dueling
Step: 650240 | EPS: 0.31 | Rew: -0.58 | Win%: 14.0 | S0: 150.5 | FPS: 1872.9 | Var: dueling
Step: 651264 | EPS: 0.31 | Rew: -0.67 | Win%: 14.0 | S0: 147.8 | FPS: 1635.8 | Var: dueling
Step: 652288 | EPS: 0.31 | Rew: -0.63 | Win%: 16.0 | S0: 146.9 | FPS: 1759.7 | Var: dueling
Step: 653312 | EPS: 0.31 | Rew: -0.59 | Win%: 15.5 | S0: 142.0 | FPS: 1742.5 | Var: dueling
Step: 654336 | EPS: 0.31 | Rew: -0.66 | Win%: 16.5 | S0: 144.8 | FPS: 1934.2 | Var: dueling
Step: 655360 | EPS: 0.31 | Rew: -0.79 | Win%: 16.5 | S0: 140.4 | FPS: 1978.1 | Var: dueling
Step: 656384 | EPS: 0.31 | Rew: -0.78 | Win%: 18.0 | S0: 141.8 | FPS: 1737.8 | Var: dueling
Step: 657408 | EPS: 0.31 | Rew: -0.74 | Win%: 18.0 | S0: 142.9 | FPS: 1968.5 | Var: dueling
Step: 658432 | EPS: 0.31 | Rew: -0.69 | Win%: 19.0 | S0: 142.7 | FPS: 1984.3 | Var: dueling
Step: 659456 | EPS: 0.31 | Rew: -0.65 | Win%: 19.5 | S0: 145.2 | FPS: 1909.1 | Var: dueling
Step: 660480 | EPS: 0.31 | Rew: -0.54 | Win%: 20.0 | S0: 136.4 | FPS: 1695.9 | Var: dueling
Step: 661504 | EPS: 0.31 | Rew: -0.53 | Win%: 20.5 | S0: 130.0 | FPS: 1704.3 | Var: dueling
Step: 662528 | EPS: 0.31 | Rew: -0.47 | Win%: 22.0 | S0: 135.2 | FPS: 1860.2 | Var: dueling
Step: 663552 | EPS: 0.31 | Rew: -0.58 | Win%: 22.0 | S0: 133.2 | FPS: 1817.9 | Var: dueling
Step: 664576 | EPS: 0.31 | Rew: -0.50 | Win%: 23.0 | S0: 135.8 | FPS: 1650.6 | Var: dueling
Step: 665600 | EPS: 0.31 | Rew: -0.49 | Win%: 23.5 | S0: 139.2 | FPS: 1948.8 | Var: dueling
Step: 666624 | EPS: 0.31 | Rew: -0.51 | Win%: 23.5 | S0: 143.5 | FPS: 1945.2 | Var: dueling
Step: 667648 | EPS: 0.31 | Rew: -0.57 | Win%: 23.0 | S0: 145.4 | FPS: 1918.6 | Var: dueling
Step: 668672 | EPS: 0.31 | Rew: -0.48 | Win%: 22.5 | S0: 147.2 | FPS: 1740.8 | Var: dueling
Step: 669696 | EPS: 0.31 | Rew: -0.46 | Win%: 22.0 | S0: 146.3 | FPS: 1990.4 | Var: dueling
Step: 670720 | EPS: 0.31 | Rew: -0.56 | Win%: 22.0 | S0: 147.7 | FPS: 1933.7 | Var: dueling
Step: 671744 | EPS: 0.31 | Rew: -0.56 | Win%: 21.0 | S0: 140.0 | FPS: 1968.2 | Var: dueling
Step: 672768 | EPS: 0.31 | Rew: -0.60 | Win%: 19.5 | S0: 138.3 | FPS: 1691.3 | Var: dueling
Step: 673792 | EPS: 0.31 | Rew: -0.61 | Win%: 18.5 | S0: 136.0 | FPS: 1751.6 | Var: dueling
Step: 674816 | EPS: 0.31 | Rew: -0.58 | Win%: 19.0 | S0: 142.1 | FPS: 1732.7 | Var: dueling
Step: 675840 | EPS: 0.30 | Rew: -0.66 | Win%: 19.0 | S0: 142.1 | FPS: 1986.9 | Var: dueling
Step: 676864 | EPS: 0.30 | Rew: -0.66 | Win%: 17.5 | S0: 144.2 | FPS: 1952.3 | Var: dueling
Step: 677888 | EPS: 0.30 | Rew: -0.65 | Win%: 17.5 | S0: 142.3 | FPS: 1898.5 | Var: dueling
Step: 678912 | EPS: 0.30 | Rew: -0.57 | Win%: 19.0 | S0: 143.8 | FPS: 1853.8 | Var: dueling
Step: 679936 | EPS: 0.30 | Rew: -0.60 | Win%: 19.0 | S0: 142.0 | FPS: 1836.0 | Var: dueling
Step: 680960 | EPS: 0.30 | Rew: -0.61 | Win%: 20.0 | S0: 136.7 | FPS: 1794.7 | Var: dueling
Step: 681984 | EPS: 0.30 | Rew: -0.70 | Win%: 20.0 | S0: 134.3 | FPS: 1893.1 | Var: dueling
Step: 683008 | EPS: 0.30 | Rew: -0.68 | Win%: 20.0 | S0: 127.6 | FPS: 1781.4 | Var: dueling
Step: 684032 | EPS: 0.30 | Rew: -0.69 | Win%: 19.5 | S0: 127.0 | FPS: 1863.8 | Var: dueling
Step: 685056 | EPS: 0.30 | Rew: -0.65 | Win%: 20.0 | S0: 131.9 | FPS: 2009.6 | Var: dueling
Step: 686080 | EPS: 0.30 | Rew: -0.77 | Win%: 19.5 | S0: 129.2 | FPS: 1946.7 | Var: dueling
Step: 687104 | EPS: 0.30 | Rew: -0.75 | Win%: 20.5 | S0: 136.1 | FPS: 1909.4 | Var: dueling
Step: 688128 | EPS: 0.30 | Rew: -0.72 | Win%: 21.0 | S0: 133.7 | FPS: 2013.1 | Var: dueling
Step: 689152 | EPS: 0.30 | Rew: -0.65 | Win%: 22.5 | S0: 144.9 | FPS: 1992.8 | Var: dueling
Step: 690176 | EPS: 0.30 | Rew: -0.63 | Win%: 21.5 | S0: 136.3 | FPS: 1926.0 | Var: dueling
Step: 691200 | EPS: 0.30 | Rew: -0.62 | Win%: 21.5 | S0: 138.4 | FPS: 1597.4 | Var: dueling
Step: 692224 | EPS: 0.30 | Rew: -0.55 | Win%: 22.5 | S0: 148.4 | FPS: 1922.4 | Var: dueling
Step: 693248 | EPS: 0.30 | Rew: -0.71 | Win%: 22.5 | S0: 148.8 | FPS: 1607.1 | Var: dueling
Step: 694272 | EPS: 0.30 | Rew: -0.54 | Win%: 23.5 | S0: 151.1 | FPS: 1865.6 | Var: dueling
Step: 695296 | EPS: 0.30 | Rew: -0.45 | Win%: 25.5 | S0: 161.3 | FPS: 1923.4 | Var: dueling
Step: 696320 | EPS: 0.30 | Rew: -0.53 | Win%: 25.0 | S0: 157.5 | FPS: 1647.9 | Var: dueling
Step: 697344 | EPS: 0.30 | Rew: -0.66 | Win%: 22.0 | S0: 154.8 | FPS: 1667.6 | Var: dueling
Step: 698368 | EPS: 0.30 | Rew: -0.64 | Win%: 23.5 | S0: 159.3 | FPS: 1948.6 | Var: dueling
Step: 699392 | EPS: 0.30 | Rew: -0.68 | Win%: 23.0 | S0: 159.2 | FPS: 1699.8 | Var: dueling
Step: 700416 | EPS: 0.30 | Rew: -0.61 | Win%: 22.0 | S0: 154.8 | FPS: 1666.1 | Var: dueling
Step: 701440 | EPS: 0.30 | Rew: -0.68 | Win%: 21.5 | S0: 153.7 | FPS: 1704.4 | Var: dueling
Step: 702464 | EPS: 0.30 | Rew: -1.00 | Win%: 22.5 | S0: 153.9 | FPS: 1650.6 | Var: dueling
Step: 703488 | EPS: 0.30 | Rew: -1.04 | Win%: 21.5 | S0: 154.9 | FPS: 1918.9 | Var: dueling
Step: 704512 | EPS: 0.30 | Rew: -1.01 | Win%: 20.0 | S0: 150.3 | FPS: 1855.3 | Var: dueling
Step: 705536 | EPS: 0.30 | Rew: -0.95 | Win%: 21.0 | S0: 150.3 | FPS: 1891.3 | Var: dueling
Step: 706560 | EPS: 0.30 | Rew: -0.87 | Win%: 21.0 | S0: 143.1 | FPS: 1944.3 | Var: dueling
Step: 707584 | EPS: 0.30 | Rew: -0.84 | Win%: 22.5 | S0: 143.1 | FPS: 1964.8 | Var: dueling
Step: 708608 | EPS: 0.30 | Rew: -0.70 | Win%: 22.0 | S0: 137.6 | FPS: 1947.0 | Var: dueling
Step: 709632 | EPS: 0.30 | Rew: -0.58 | Win%: 20.0 | S0: 131.0 | FPS: 1885.8 | Var: dueling
Step: 710656 | EPS: 0.30 | Rew: -0.47 | Win%: 22.0 | S0: 135.7 | FPS: 1853.9 | Var: dueling
Step: 711680 | EPS: 0.30 | Rew: -0.39 | Win%: 25.0 | S0: 142.9 | FPS: 1926.3 | Var: dueling
Step: 712704 | EPS: 0.30 | Rew: -0.46 | Win%: 25.0 | S0: 144.6 | FPS: 1805.7 | Var: dueling
Step: 713728 | EPS: 0.30 | Rew: -0.49 | Win%: 25.5 | S0: 143.7 | FPS: 1512.5 | Var: dueling
Step: 714752 | EPS: 0.30 | Rew: -0.43 | Win%: 27.0 | S0: 149.4 | FPS: 1500.9 | Var: dueling
Step: 715776 | EPS: 0.30 | Rew: -0.39 | Win%: 29.0 | S0: 162.0 | FPS: 2006.3 | Var: dueling
Step: 716800 | EPS: 0.30 | Rew: -0.47 | Win%: 29.5 | S0: 156.3 | FPS: 1747.5 | Var: dueling
Step: 717824 | EPS: 0.30 | Rew: -0.61 | Win%: 29.0 | S0: 150.8 | FPS: 1851.1 | Var: dueling
Step: 718848 | EPS: 0.30 | Rew: -0.62 | Win%: 29.5 | S0: 150.6 | FPS: 1822.2 | Var: dueling
Step: 719872 | EPS: 0.30 | Rew: -0.66 | Win%: 28.0 | S0: 145.1 | FPS: 1912.5 | Var: dueling
Step: 720896 | EPS: 0.30 | Rew: -0.69 | Win%: 28.0 | S0: 148.0 | FPS: 1961.8 | Var: dueling
Step: 721920 | EPS: 0.30 | Rew: -0.55 | Win%: 29.5 | S0: 155.6 | FPS: 1664.7 | Var: dueling
Step: 722944 | EPS: 0.30 | Rew: -0.49 | Win%: 31.0 | S0: 160.2 | FPS: 1796.5 | Var: dueling
Step: 723968 | EPS: 0.30 | Rew: -0.55 | Win%: 30.5 | S0: 154.3 | FPS: 1911.6 | Var: dueling
Step: 724992 | EPS: 0.30 | Rew: -0.46 | Win%: 30.5 | S0: 155.7 | FPS: 1774.2 | Var: dueling
Step: 726016 | EPS: 0.30 | Rew: -0.42 | Win%: 29.5 | S0: 159.2 | FPS: 1770.2 | Var: dueling
Step: 727040 | EPS: 0.30 | Rew: -0.46 | Win%: 29.0 | S0: 157.1 | FPS: 1837.5 | Var: dueling
Step: 728064 | EPS: 0.30 | Rew: -0.34 | Win%: 30.5 | S0: 161.3 | FPS: 1799.3 | Var: dueling
Step: 729088 | EPS: 0.30 | Rew: -0.47 | Win%: 32.5 | S0: 165.4 | FPS: 1344.2 | Var: dueling
Step: 730112 | EPS: 0.30 | Rew: -0.66 | Win%: 32.0 | S0: 163.6 | FPS: 1725.6 | Var: dueling
Step: 731136 | EPS: 0.30 | Rew: -0.62 | Win%: 30.0 | S0: 155.7 | FPS: 1693.8 | Var: dueling
Step: 732160 | EPS: 0.30 | Rew: -0.78 | Win%: 29.5 | S0: 160.4 | FPS: 1797.7 | Var: dueling
Step: 733184 | EPS: 0.30 | Rew: -0.79 | Win%: 29.5 | S0: 164.8 | FPS: 1948.6 | Var: dueling
Step: 734208 | EPS: 0.30 | Rew: -0.61 | Win%: 31.0 | S0: 169.8 | FPS: 1902.2 | Var: dueling
Step: 735232 | EPS: 0.30 | Rew: -0.63 | Win%: 33.0 | S0: 177.9 | FPS: 1652.7 | Var: dueling
Step: 736256 | EPS: 0.30 | Rew: -0.79 | Win%: 33.0 | S0: 171.6 | FPS: 1580.0 | Var: dueling
Step: 737280 | EPS: 0.30 | Rew: -0.72 | Win%: 31.0 | S0: 164.4 | FPS: 1898.5 | Var: dueling
Step: 738304 | EPS: 0.30 | Rew: -0.73 | Win%: 30.5 | S0: 167.7 | FPS: 1811.4 | Var: dueling
Step: 739328 | EPS: 0.30 | Rew: -0.62 | Win%: 31.0 | S0: 174.6 | FPS: 1944.0 | Var: dueling
Step: 740352 | EPS: 0.30 | Rew: -0.48 | Win%: 29.5 | S0: 176.1 | FPS: 1858.9 | Var: dueling
Step: 741376 | EPS: 0.30 | Rew: -0.48 | Win%: 30.0 | S0: 175.7 | FPS: 1643.2 | Var: dueling
Step: 742400 | EPS: 0.30 | Rew: -0.57 | Win%: 29.0 | S0: 173.6 | FPS: 1808.1 | Var: dueling
Step: 743424 | EPS: 0.30 | Rew: -0.34 | Win%: 29.5 | S0: 174.9 | FPS: 1701.3 | Var: dueling
Step: 744448 | EPS: 0.30 | Rew: -0.34 | Win%: 27.0 | S0: 167.4 | FPS: 1847.4 | Var: dueling
Step: 745472 | EPS: 0.30 | Rew: -0.56 | Win%: 27.0 | S0: 165.4 | FPS: 1752.3 | Var: dueling
Step: 746496 | EPS: 0.29 | Rew: -0.57 | Win%: 27.0 | S0: 165.2 | FPS: 1670.6 | Var: dueling
Step: 747520 | EPS: 0.29 | Rew: -0.61 | Win%: 27.5 | S0: 166.6 | FPS: 1855.4 | Var: dueling
Step: 748544 | EPS: 0.29 | Rew: -0.62 | Win%: 27.5 | S0: 160.2 | FPS: 1793.8 | Var: dueling
Step: 749568 | EPS: 0.29 | Rew: -0.66 | Win%: 27.0 | S0: 153.4 | FPS: 1852.8 | Var: dueling
Step: 750592 | EPS: 0.29 | Rew: -0.73 | Win%: 27.5 | S0: 155.0 | FPS: 1816.9 | Var: dueling
Step: 751616 | EPS: 0.29 | Rew: -0.68 | Win%: 29.0 | S0: 164.1 | FPS: 1660.0 | Var: dueling
Step: 752640 | EPS: 0.29 | Rew: -0.57 | Win%: 26.5 | S0: 157.3 | FPS: 1748.1 | Var: dueling
Step: 753664 | EPS: 0.29 | Rew: -0.69 | Win%: 26.0 | S0: 151.5 | FPS: 1724.0 | Var: dueling
Step: 754688 | EPS: 0.29 | Rew: -0.60 | Win%: 26.5 | S0: 151.8 | FPS: 1656.7 | Var: dueling
Step: 755712 | EPS: 0.29 | Rew: -0.60 | Win%: 25.0 | S0: 148.1 | FPS: 1706.8 | Var: dueling
Step: 756736 | EPS: 0.29 | Rew: -0.63 | Win%: 24.5 | S0: 144.6 | FPS: 1824.7 | Var: dueling
Step: 757760 | EPS: 0.29 | Rew: -0.82 | Win%: 23.5 | S0: 140.4 | FPS: 1894.6 | Var: dueling
Step: 758784 | EPS: 0.29 | Rew: -0.88 | Win%: 22.5 | S0: 139.6 | FPS: 1910.3 | Var: dueling
Step: 759808 | EPS: 0.29 | Rew: -0.82 | Win%: 22.5 | S0: 144.3 | FPS: 1664.3 | Var: dueling
Step: 760832 | EPS: 0.29 | Rew: -0.62 | Win%: 24.0 | S0: 153.2 | FPS: 1863.1 | Var: dueling
Step: 761856 | EPS: 0.29 | Rew: -0.60 | Win%: 24.5 | S0: 156.1 | FPS: 1867.7 | Var: dueling
Step: 762880 | EPS: 0.29 | Rew: -0.63 | Win%: 25.5 | S0: 158.0 | FPS: 1747.1 | Var: dueling
Step: 763904 | EPS: 0.29 | Rew: -0.60 | Win%: 24.5 | S0: 156.6 | FPS: 1824.6 | Var: dueling
Step: 764928 | EPS: 0.29 | Rew: -0.52 | Win%: 23.0 | S0: 156.8 | FPS: 1763.7 | Var: dueling
Step: 765952 | EPS: 0.29 | Rew: -0.50 | Win%: 21.5 | S0: 155.6 | FPS: 1864.3 | Var: dueling
Step: 766976 | EPS: 0.29 | Rew: -0.47 | Win%: 21.5 | S0: 151.2 | FPS: 1978.2 | Var: dueling
Step: 768000 | EPS: 0.29 | Rew: -0.47 | Win%: 22.5 | S0: 153.0 | FPS: 1889.5 | Var: dueling
Step: 769024 | EPS: 0.29 | Rew: -0.61 | Win%: 21.5 | S0: 149.2 | FPS: 1850.1 | Var: dueling
Step: 770048 | EPS: 0.29 | Rew: -0.69 | Win%: 21.0 | S0: 148.3 | FPS: 1839.6 | Var: dueling
Step: 771072 | EPS: 0.29 | Rew: -0.64 | Win%: 21.5 | S0: 147.5 | FPS: 1904.6 | Var: dueling
Step: 772096 | EPS: 0.29 | Rew: -0.65 | Win%: 21.0 | S0: 147.5 | FPS: 1918.3 | Var: dueling
Step: 773120 | EPS: 0.29 | Rew: -0.61 | Win%: 21.0 | S0: 144.3 | FPS: 1708.4 | Var: dueling
Step: 774144 | EPS: 0.29 | Rew: -0.55 | Win%: 22.5 | S0: 156.8 | FPS: 1865.0 | Var: dueling
Step: 775168 | EPS: 0.29 | Rew: -0.63 | Win%: 22.5 | S0: 161.6 | FPS: 1884.0 | Var: dueling
Step: 776192 | EPS: 0.29 | Rew: -0.53 | Win%: 23.5 | S0: 162.7 | FPS: 1680.2 | Var: dueling
Step: 777216 | EPS: 0.29 | Rew: -0.59 | Win%: 22.5 | S0: 158.2 | FPS: 1519.1 | Var: dueling
Step: 778240 | EPS: 0.29 | Rew: -0.67 | Win%: 22.0 | S0: 157.8 | FPS: 2024.4 | Var: dueling
Step: 779264 | EPS: 0.29 | Rew: -0.79 | Win%: 20.5 | S0: 153.5 | FPS: 1807.5 | Var: dueling
Step: 780288 | EPS: 0.29 | Rew: -0.86 | Win%: 20.5 | S0: 153.5 | FPS: 1892.8 | Var: dueling
Step: 781312 | EPS: 0.29 | Rew: -0.82 | Win%: 21.0 | S0: 156.7 | FPS: 1953.0 | Var: dueling
Step: 782336 | EPS: 0.29 | Rew: -0.79 | Win%: 23.5 | S0: 159.3 | FPS: 1976.5 | Var: dueling
Step: 783360 | EPS: 0.29 | Rew: -0.92 | Win%: 21.5 | S0: 151.8 | FPS: 1961.7 | Var: dueling
Step: 784384 | EPS: 0.29 | Rew: -0.89 | Win%: 20.5 | S0: 151.8 | FPS: 1847.3 | Var: dueling
Step: 785408 | EPS: 0.29 | Rew: -0.99 | Win%: 20.5 | S0: 149.1 | FPS: 1942.0 | Var: dueling
Step: 786432 | EPS: 0.29 | Rew: -1.00 | Win%: 22.0 | S0: 152.8 | FPS: 1984.0 | Var: dueling
Step: 787456 | EPS: 0.29 | Rew: -0.90 | Win%: 22.5 | S0: 154.5 | FPS: 1808.1 | Var: dueling
Step: 788480 | EPS: 0.29 | Rew: -0.93 | Win%: 22.5 | S0: 148.9 | FPS: 1846.7 | Var: dueling
Step: 789504 | EPS: 0.29 | Rew: -0.97 | Win%: 22.5 | S0: 136.2 | FPS: 1903.8 | Var: dueling
Step: 790528 | EPS: 0.29 | Rew: -0.82 | Win%: 23.0 | S0: 134.6 | FPS: 1910.2 | Var: dueling
Step: 791552 | EPS: 0.29 | Rew: -0.73 | Win%: 22.0 | S0: 129.7 | FPS: 1899.7 | Var: dueling
Step: 792576 | EPS: 0.29 | Rew: -0.66 | Win%: 22.5 | S0: 130.9 | FPS: 1912.6 | Var: dueling
Step: 793600 | EPS: 0.29 | Rew: -0.61 | Win%: 21.5 | S0: 129.4 | FPS: 1722.9 | Var: dueling
Step: 794624 | EPS: 0.29 | Rew: -0.52 | Win%: 23.5 | S0: 131.6 | FPS: 1886.3 | Var: dueling
Step: 795648 | EPS: 0.29 | Rew: -0.51 | Win%: 22.5 | S0: 130.2 | FPS: 1810.8 | Var: dueling
Step: 796672 | EPS: 0.29 | Rew: -0.57 | Win%: 20.5 | S0: 126.8 | FPS: 1846.1 | Var: dueling
Step: 797696 | EPS: 0.29 | Rew: -0.50 | Win%: 21.5 | S0: 132.8 | FPS: 1937.1 | Var: dueling
Step: 798720 | EPS: 0.29 | Rew: -0.60 | Win%: 22.0 | S0: 138.9 | FPS: 1670.8 | Var: dueling
Step: 799744 | EPS: 0.29 | Rew: -0.59 | Win%: 21.5 | S0: 135.6 | FPS: 1820.2 | Var: dueling
Step: 800768 | EPS: 0.29 | Rew: -0.54 | Win%: 21.0 | S0: 141.2 | FPS: 1698.4 | Var: dueling
Step: 801792 | EPS: 0.29 | Rew: -0.65 | Win%: 20.5 | S0: 143.4 | FPS: 1877.2 | Var: dueling
Step: 802816 | EPS: 0.29 | Rew: -0.67 | Win%: 21.0 | S0: 148.3 | FPS: 1878.7 | Var: dueling
Step: 803840 | EPS: 0.29 | Rew: -0.60 | Win%: 22.0 | S0: 148.7 | FPS: 1789.3 | Var: dueling
Step: 804864 | EPS: 0.29 | Rew: -0.57 | Win%: 22.5 | S0: 150.0 | FPS: 1905.6 | Var: dueling
Step: 805888 | EPS: 0.29 | Rew: -0.61 | Win%: 21.0 | S0: 142.6 | FPS: 1632.1 | Var: dueling
Step: 806912 | EPS: 0.29 | Rew: -0.70 | Win%: 21.0 | S0: 141.2 | FPS: 1973.4 | Var: dueling
Step: 807936 | EPS: 0.29 | Rew: -0.64 | Win%: 22.5 | S0: 144.7 | FPS: 1573.3 | Var: dueling
Step: 808960 | EPS: 0.29 | Rew: -0.58 | Win%: 21.5 | S0: 143.5 | FPS: 1815.6 | Var: dueling
Step: 809984 | EPS: 0.29 | Rew: -0.79 | Win%: 23.0 | S0: 147.3 | FPS: 1933.3 | Var: dueling
Step: 811008 | EPS: 0.29 | Rew: -0.64 | Win%: 25.5 | S0: 157.8 | FPS: 1905.1 | Var: dueling
Step: 812032 | EPS: 0.29 | Rew: -0.60 | Win%: 25.5 | S0: 155.2 | FPS: 1619.1 | Var: dueling
Step: 813056 | EPS: 0.29 | Rew: -0.56 | Win%: 24.5 | S0: 150.2 | FPS: 1726.2 | Var: dueling
Step: 814080 | EPS: 0.29 | Rew: -0.58 | Win%: 25.0 | S0: 155.2 | FPS: 1736.5 | Var: dueling
Step: 815104 | EPS: 0.29 | Rew: -0.59 | Win%: 25.0 | S0: 152.2 | FPS: 1839.5 | Var: dueling
Step: 816128 | EPS: 0.29 | Rew: -0.43 | Win%: 23.0 | S0: 156.7 | FPS: 1933.6 | Var: dueling
Step: 817152 | EPS: 0.28 | Rew: -0.50 | Win%: 23.0 | S0: 157.1 | FPS: 1878.9 | Var: dueling
Step: 818176 | EPS: 0.28 | Rew: -0.47 | Win%: 24.0 | S0: 160.2 | FPS: 1687.8 | Var: dueling
Step: 819200 | EPS: 0.28 | Rew: -0.45 | Win%: 24.0 | S0: 163.0 | FPS: 1932.0 | Var: dueling
Step: 820224 | EPS: 0.28 | Rew: -0.45 | Win%: 23.5 | S0: 168.0 | FPS: 1914.2 | Var: dueling
Step: 821248 | EPS: 0.28 | Rew: -0.43 | Win%: 23.0 | S0: 166.2 | FPS: 1945.8 | Var: dueling
Step: 822272 | EPS: 0.28 | Rew: -0.46 | Win%: 23.0 | S0: 169.5 | FPS: 1695.7 | Var: dueling
Step: 823296 | EPS: 0.28 | Rew: -0.65 | Win%: 19.5 | S0: 154.2 | FPS: 1864.6 | Var: dueling
Step: 824320 | EPS: 0.28 | Rew: -0.72 | Win%: 20.0 | S0: 151.8 | FPS: 1854.1 | Var: dueling
Step: 825344 | EPS: 0.28 | Rew: -0.63 | Win%: 21.5 | S0: 159.9 | FPS: 1910.6 | Var: dueling
Step: 826368 | EPS: 0.28 | Rew: -0.59 | Win%: 21.5 | S0: 158.2 | FPS: 1696.4 | Var: dueling
Step: 827392 | EPS: 0.28 | Rew: -0.51 | Win%: 23.5 | S0: 163.8 | FPS: 1867.8 | Var: dueling
Step: 828416 | EPS: 0.28 | Rew: -0.45 | Win%: 24.5 | S0: 164.9 | FPS: 1815.6 | Var: dueling
Step: 829440 | EPS: 0.28 | Rew: -0.52 | Win%: 24.0 | S0: 164.0 | FPS: 1676.0 | Var: dueling
Step: 830464 | EPS: 0.28 | Rew: -0.43 | Win%: 24.5 | S0: 163.8 | FPS: 1642.9 | Var: dueling
Step: 831488 | EPS: 0.28 | Rew: -0.48 | Win%: 24.5 | S0: 163.9 | FPS: 1710.8 | Var: dueling
Step: 832512 | EPS: 0.28 | Rew: -0.57 | Win%: 23.0 | S0: 155.9 | FPS: 1979.9 | Var: dueling
Step: 833536 | EPS: 0.28 | Rew: -0.68 | Win%: 23.5 | S0: 161.8 | FPS: 1839.9 | Var: dueling
Step: 834560 | EPS: 0.28 | Rew: -0.70 | Win%: 24.0 | S0: 164.3 | FPS: 2021.6 | Var: dueling
Step: 835584 | EPS: 0.28 | Rew: -0.38 | Win%: 26.0 | S0: 173.7 | FPS: 1762.5 | Var: dueling
Step: 836608 | EPS: 0.28 | Rew: -0.43 | Win%: 25.0 | S0: 179.2 | FPS: 1775.0 | Var: dueling
Step: 837632 | EPS: 0.28 | Rew: -0.52 | Win%: 23.5 | S0: 167.6 | FPS: 1848.8 | Var: dueling
Step: 838656 | EPS: 0.28 | Rew: -0.47 | Win%: 22.5 | S0: 166.7 | FPS: 1913.9 | Var: dueling
Step: 839680 | EPS: 0.28 | Rew: -0.41 | Win%: 21.5 | S0: 165.2 | FPS: 1895.1 | Var: dueling
Step: 840704 | EPS: 0.28 | Rew: -0.53 | Win%: 20.5 | S0: 163.1 | FPS: 1932.8 | Var: dueling
Step: 841728 | EPS: 0.28 | Rew: -0.53 | Win%: 20.5 | S0: 160.9 | FPS: 1874.1 | Var: dueling
Step: 842752 | EPS: 0.28 | Rew: -0.41 | Win%: 21.5 | S0: 162.2 | FPS: 1605.8 | Var: dueling
Step: 843776 | EPS: 0.28 | Rew: -0.48 | Win%: 21.5 | S0: 161.8 | FPS: 1849.4 | Var: dueling
Step: 844800 | EPS: 0.28 | Rew: -0.43 | Win%: 23.5 | S0: 160.8 | FPS: 1793.7 | Var: dueling
Step: 845824 | EPS: 0.28 | Rew: -0.47 | Win%: 23.5 | S0: 156.2 | FPS: 1658.1 | Var: dueling
Step: 846848 | EPS: 0.28 | Rew: -0.42 | Win%: 22.5 | S0: 150.1 | FPS: 1822.6 | Var: dueling
Step: 847872 | EPS: 0.28 | Rew: -0.44 | Win%: 23.5 | S0: 143.2 | FPS: 1898.2 | Var: dueling
Step: 848896 | EPS: 0.28 | Rew: -0.37 | Win%: 24.5 | S0: 156.8 | FPS: 1932.1 | Var: dueling
Step: 849920 | EPS: 0.28 | Rew: -0.35 | Win%: 24.0 | S0: 157.1 | FPS: 1808.7 | Var: dueling
Step: 850944 | EPS: 0.28 | Rew: -0.37 | Win%: 24.0 | S0: 156.3 | FPS: 1890.7 | Var: dueling
Step: 851968 | EPS: 0.28 | Rew: -0.43 | Win%: 22.5 | S0: 151.5 | FPS: 1848.3 | Var: dueling
Step: 852992 | EPS: 0.28 | Rew: -0.51 | Win%: 21.5 | S0: 149.2 | FPS: 1950.2 | Var: dueling
Step: 854016 | EPS: 0.28 | Rew: -0.47 | Win%: 22.0 | S0: 152.9 | FPS: 1466.4 | Var: dueling
Step: 855040 | EPS: 0.28 | Rew: -0.52 | Win%: 21.0 | S0: 150.9 | FPS: 1956.0 | Var: dueling
Step: 856064 | EPS: 0.28 | Rew: -0.58 | Win%: 20.5 | S0: 152.2 | FPS: 1889.6 | Var: dueling
Step: 857088 | EPS: 0.28 | Rew: -0.55 | Win%: 22.0 | S0: 156.6 | FPS: 1521.4 | Var: dueling
Step: 858112 | EPS: 0.28 | Rew: -0.58 | Win%: 20.0 | S0: 149.1 | FPS: 1794.6 | Var: dueling
Step: 859136 | EPS: 0.28 | Rew: -0.74 | Win%: 19.0 | S0: 148.3 | FPS: 1914.3 | Var: dueling
Step: 860160 | EPS: 0.28 | Rew: -0.70 | Win%: 20.0 | S0: 150.6 | FPS: 1732.3 | Var: dueling
Step: 861184 | EPS: 0.28 | Rew: -0.63 | Win%: 20.0 | S0: 152.1 | FPS: 1883.5 | Var: dueling
Step: 862208 | EPS: 0.28 | Rew: -0.64 | Win%: 20.5 | S0: 144.0 | FPS: 1925.4 | Var: dueling
Step: 863232 | EPS: 0.28 | Rew: -0.59 | Win%: 21.5 | S0: 149.3 | FPS: 1683.4 | Var: dueling
Step: 864256 | EPS: 0.28 | Rew: -0.65 | Win%: 21.5 | S0: 149.7 | FPS: 1759.6 | Var: dueling
Step: 865280 | EPS: 0.28 | Rew: -0.43 | Win%: 23.0 | S0: 150.4 | FPS: 1646.9 | Var: dueling
Step: 866304 | EPS: 0.28 | Rew: -0.42 | Win%: 24.0 | S0: 158.8 | FPS: 1783.7 | Var: dueling
Step: 867328 | EPS: 0.28 | Rew: -0.45 | Win%: 26.0 | S0: 164.4 | FPS: 1883.8 | Var: dueling
Step: 868352 | EPS: 0.28 | Rew: -0.47 | Win%: 25.0 | S0: 161.3 | FPS: 1675.3 | Var: dueling
Step: 869376 | EPS: 0.28 | Rew: -0.42 | Win%: 24.0 | S0: 156.7 | FPS: 1922.8 | Var: dueling
Step: 870400 | EPS: 0.28 | Rew: -0.62 | Win%: 24.0 | S0: 153.3 | FPS: 1945.0 | Var: dueling
Step: 871424 | EPS: 0.28 | Rew: -0.64 | Win%: 24.5 | S0: 155.9 | FPS: 1743.8 | Var: dueling
Step: 872448 | EPS: 0.28 | Rew: -0.68 | Win%: 23.5 | S0: 153.6 | FPS: 1887.2 | Var: dueling
Step: 873472 | EPS: 0.28 | Rew: -0.79 | Win%: 22.0 | S0: 144.6 | FPS: 1710.5 | Var: dueling
Step: 874496 | EPS: 0.28 | Rew: -0.81 | Win%: 22.0 | S0: 145.3 | FPS: 1592.8 | Var: dueling
Step: 875520 | EPS: 0.28 | Rew: -0.89 | Win%: 20.5 | S0: 139.8 | FPS: 1583.6 | Var: dueling
Step: 876544 | EPS: 0.28 | Rew: -1.01 | Win%: 20.0 | S0: 134.0 | FPS: 1887.8 | Var: dueling
Step: 877568 | EPS: 0.28 | Rew: -0.85 | Win%: 18.5 | S0: 129.8 | FPS: 1860.2 | Var: dueling
Step: 878592 | EPS: 0.28 | Rew: -0.74 | Win%: 20.5 | S0: 137.4 | FPS: 1800.9 | Var: dueling
Step: 879616 | EPS: 0.28 | Rew: -0.66 | Win%: 19.0 | S0: 126.8 | FPS: 1705.1 | Var: dueling
Step: 880640 | EPS: 0.28 | Rew: -0.70 | Win%: 19.5 | S0: 128.2 | FPS: 1888.1 | Var: dueling
Step: 881664 | EPS: 0.28 | Rew: -0.60 | Win%: 18.5 | S0: 128.2 | FPS: 1869.0 | Var: dueling
Step: 882688 | EPS: 0.28 | Rew: -0.46 | Win%: 19.0 | S0: 134.1 | FPS: 2199.0 | Var: dueling
Step: 883712 | EPS: 0.28 | Rew: -0.45 | Win%: 20.0 | S0: 137.2 | FPS: 1894.4 | Var: dueling
Step: 884736 | EPS: 0.28 | Rew: -0.55 | Win%: 19.0 | S0: 137.6 | FPS: 1858.8 | Var: dueling
Step: 885760 | EPS: 0.28 | Rew: -0.49 | Win%: 20.5 | S0: 147.8 | FPS: 1852.0 | Var: dueling
Step: 886784 | EPS: 0.28 | Rew: -0.56 | Win%: 19.0 | S0: 144.2 | FPS: 1812.0 | Var: dueling
Step: 887808 | EPS: 0.28 | Rew: -0.56 | Win%: 21.0 | S0: 148.6 | FPS: 1962.6 | Var: dueling
Step: 888832 | EPS: 0.27 | Rew: -0.47 | Win%: 22.5 | S0: 157.6 | FPS: 1859.3 | Var: dueling
Step: 889856 | EPS: 0.27 | Rew: -0.42 | Win%: 23.0 | S0: 156.5 | FPS: 1911.5 | Var: dueling
Step: 890880 | EPS: 0.27 | Rew: -0.40 | Win%: 24.5 | S0: 160.2 | FPS: 1817.9 | Var: dueling
Step: 891904 | EPS: 0.27 | Rew: -0.45 | Win%: 23.5 | S0: 151.7 | FPS: 1742.5 | Var: dueling
Step: 892928 | EPS: 0.27 | Rew: -0.47 | Win%: 22.5 | S0: 150.5 | FPS: 1946.3 | Var: dueling
Step: 893952 | EPS: 0.27 | Rew: -0.58 | Win%: 25.0 | S0: 154.4 | FPS: 1961.5 | Var: dueling
Step: 894976 | EPS: 0.27 | Rew: -0.60 | Win%: 25.0 | S0: 149.7 | FPS: 1834.4 | Var: dueling
Step: 896000 | EPS: 0.27 | Rew: -0.70 | Win%: 25.0 | S0: 151.1 | FPS: 1949.3 | Var: dueling
Step: 897024 | EPS: 0.27 | Rew: -0.70 | Win%: 26.0 | S0: 153.0 | FPS: 1808.4 | Var: dueling
Step: 898048 | EPS: 0.27 | Rew: -0.74 | Win%: 24.5 | S0: 144.7 | FPS: 1877.7 | Var: dueling
Step: 899072 | EPS: 0.27 | Rew: -0.51 | Win%: 26.0 | S0: 154.3 | FPS: 1503.3 | Var: dueling
Step: 900096 | EPS: 0.27 | Rew: -0.53 | Win%: 25.5 | S0: 157.8 | FPS: 1610.0 | Var: dueling
Step: 901120 | EPS: 0.27 | Rew: -0.50 | Win%: 24.0 | S0: 155.6 | FPS: 1667.9 | Var: dueling
Step: 902144 | EPS: 0.27 | Rew: -0.49 | Win%: 24.0 | S0: 155.4 | FPS: 1726.6 | Var: dueling
Step: 903168 | EPS: 0.27 | Rew: -0.37 | Win%: 24.5 | S0: 154.8 | FPS: 1662.3 | Var: dueling
Step: 904192 | EPS: 0.27 | Rew: -0.38 | Win%: 24.5 | S0: 155.4 | FPS: 1771.8 | Var: dueling
Step: 905216 | EPS: 0.27 | Rew: -0.33 | Win%: 24.0 | S0: 160.7 | FPS: 1835.4 | Var: dueling
Step: 906240 | EPS: 0.27 | Rew: -0.15 | Win%: 26.0 | S0: 173.5 | FPS: 1750.2 | Var: dueling
Step: 907264 | EPS: 0.27 | Rew: -0.10 | Win%: 27.0 | S0: 179.1 | FPS: 1589.5 | Var: dueling
Step: 908288 | EPS: 0.27 | Rew: -0.18 | Win%: 28.0 | S0: 174.1 | FPS: 1525.0 | Var: dueling
Step: 909312 | EPS: 0.27 | Rew: -0.22 | Win%: 28.5 | S0: 174.6 | FPS: 1466.7 | Var: dueling
Step: 910336 | EPS: 0.27 | Rew: -0.25 | Win%: 28.0 | S0: 166.7 | FPS: 1776.6 | Var: dueling
Step: 911360 | EPS: 0.27 | Rew: -0.17 | Win%: 30.5 | S0: 178.7 | FPS: 1712.9 | Var: dueling
Step: 912384 | EPS: 0.27 | Rew: -0.23 | Win%: 32.5 | S0: 181.0 | FPS: 1797.1 | Var: dueling
Step: 913408 | EPS: 0.27 | Rew: -0.28 | Win%: 31.5 | S0: 176.3 | FPS: 1758.2 | Var: dueling
Step: 914432 | EPS: 0.27 | Rew: -0.09 | Win%: 34.0 | S0: 192.3 | FPS: 1985.4 | Var: dueling
Step: 915456 | EPS: 0.27 | Rew: -0.00 | Win%: 35.5 | S0: 195.0 | FPS: 1686.0 | Var: dueling
Step: 916480 | EPS: 0.27 | Rew: -0.12 | Win%: 33.5 | S0: 186.8 | FPS: 1842.3 | Var: dueling
Step: 917504 | EPS: 0.27 | Rew: -0.07 | Win%: 34.0 | S0: 191.0 | FPS: 1857.4 | Var: dueling
Step: 918528 | EPS: 0.27 | Rew: -0.12 | Win%: 33.0 | S0: 187.9 | FPS: 1934.1 | Var: dueling
Step: 919552 | EPS: 0.27 | Rew: -0.25 | Win%: 33.5 | S0: 189.4 | FPS: 1922.7 | Var: dueling
Step: 920576 | EPS: 0.27 | Rew: -0.20 | Win%: 36.5 | S0: 200.3 | FPS: 1885.2 | Var: dueling
Step: 921600 | EPS: 0.27 | Rew: -0.17 | Win%: 36.5 | S0: 189.8 | FPS: 1973.8 | Var: dueling
Step: 922624 | EPS: 0.27 | Rew: -0.28 | Win%: 36.0 | S0: 183.9 | FPS: 1698.5 | Var: dueling
Step: 923648 | EPS: 0.27 | Rew: -0.19 | Win%: 36.0 | S0: 188.2 | FPS: 1909.1 | Var: dueling
Step: 924672 | EPS: 0.27 | Rew: -0.16 | Win%: 36.0 | S0: 183.3 | FPS: 1992.4 | Var: dueling
Step: 925696 | EPS: 0.27 | Rew: -0.08 | Win%: 36.0 | S0: 186.4 | FPS: 1924.7 | Var: dueling
Step: 926720 | EPS: 0.27 | Rew: -0.23 | Win%: 34.5 | S0: 176.1 | FPS: 1990.2 | Var: dueling
Step: 927744 | EPS: 0.27 | Rew: -0.25 | Win%: 34.5 | S0: 182.6 | FPS: 1908.5 | Var: dueling
Step: 928768 | EPS: 0.27 | Rew: -0.17 | Win%: 34.0 | S0: 177.6 | FPS: 2027.8 | Var: dueling
Step: 929792 | EPS: 0.27 | Rew: -0.26 | Win%: 34.0 | S0: 176.9 | FPS: 1910.2 | Var: dueling
Step: 930816 | EPS: 0.27 | Rew: -0.16 | Win%: 36.0 | S0: 192.4 | FPS: 1788.4 | Var: dueling
Step: 931840 | EPS: 0.27 | Rew: -0.18 | Win%: 34.5 | S0: 191.2 | FPS: 1757.8 | Var: dueling
Step: 932864 | EPS: 0.27 | Rew: -0.17 | Win%: 34.0 | S0: 182.4 | FPS: 1974.6 | Var: dueling
Step: 933888 | EPS: 0.27 | Rew: -0.21 | Win%: 34.0 | S0: 186.1 | FPS: 1796.7 | Var: dueling
Step: 934912 | EPS: 0.27 | Rew: -0.11 | Win%: 33.5 | S0: 187.3 | FPS: 1961.2 | Var: dueling
Step: 935936 | EPS: 0.27 | Rew: -0.24 | Win%: 32.5 | S0: 183.8 | FPS: 1782.1 | Var: dueling
Step: 936960 | EPS: 0.27 | Rew: -0.25 | Win%: 32.0 | S0: 183.6 | FPS: 1920.9 | Var: dueling
Step: 937984 | EPS: 0.27 | Rew: -0.20 | Win%: 32.0 | S0: 183.8 | FPS: 1696.1 | Var: dueling
Step: 939008 | EPS: 0.27 | Rew: -0.23 | Win%: 32.5 | S0: 181.6 | FPS: 1761.4 | Var: dueling
Step: 940032 | EPS: 0.27 | Rew: -0.15 | Win%: 34.5 | S0: 190.6 | FPS: 1587.5 | Var: dueling
Step: 941056 | EPS: 0.27 | Rew: -0.22 | Win%: 34.5 | S0: 188.1 | FPS: 1847.2 | Var: dueling
Step: 942080 | EPS: 0.27 | Rew: -0.21 | Win%: 34.5 | S0: 179.9 | FPS: 1853.0 | Var: dueling
Step: 943104 | EPS: 0.27 | Rew: -0.14 | Win%: 35.0 | S0: 181.6 | FPS: 1929.4 | Var: dueling
Step: 944128 | EPS: 0.27 | Rew: -0.19 | Win%: 34.0 | S0: 185.6 | FPS: 1816.6 | Var: dueling
Step: 945152 | EPS: 0.27 | Rew: -0.25 | Win%: 33.5 | S0: 189.2 | FPS: 1825.2 | Var: dueling
Step: 946176 | EPS: 0.27 | Rew: -0.20 | Win%: 33.0 | S0: 184.2 | FPS: 1822.9 | Var: dueling
Step: 947200 | EPS: 0.27 | Rew: -0.21 | Win%: 35.0 | S0: 189.7 | FPS: 1900.5 | Var: dueling
Step: 948224 | EPS: 0.27 | Rew: -0.19 | Win%: 35.5 | S0: 189.7 | FPS: 1554.6 | Var: dueling
Step: 949248 | EPS: 0.27 | Rew: -0.13 | Win%: 35.0 | S0: 196.4 | FPS: 1755.2 | Var: dueling
Step: 950272 | EPS: 0.27 | Rew: -0.08 | Win%: 36.0 | S0: 195.9 | FPS: 1553.8 | Var: dueling
Step: 951296 | EPS: 0.27 | Rew: 0.00 | Win%: 35.5 | S0: 192.6 | FPS: 1671.8 | Var: dueling
Step: 952320 | EPS: 0.27 | Rew: -0.11 | Win%: 35.0 | S0: 190.3 | FPS: 1617.8 | Var: dueling
Step: 953344 | EPS: 0.27 | Rew: -0.12 | Win%: 34.0 | S0: 186.1 | FPS: 1646.8 | Var: dueling
Step: 954368 | EPS: 0.27 | Rew: -0.25 | Win%: 31.0 | S0: 179.9 | FPS: 1741.9 | Var: dueling
Step: 955392 | EPS: 0.27 | Rew: -0.17 | Win%: 34.0 | S0: 191.8 | FPS: 1637.6 | Var: dueling
Step: 956416 | EPS: 0.27 | Rew: -0.17 | Win%: 35.0 | S0: 195.4 | FPS: 1567.9 | Var: dueling
Step: 957440 | EPS: 0.27 | Rew: -0.12 | Win%: 34.0 | S0: 194.6 | FPS: 1751.5 | Var: dueling
Step: 958464 | EPS: 0.27 | Rew: -0.16 | Win%: 33.5 | S0: 190.6 | FPS: 1508.5 | Var: dueling
Step: 959488 | EPS: 0.26 | Rew: -0.10 | Win%: 33.0 | S0: 191.2 | FPS: 1769.0 | Var: dueling
Step: 960512 | EPS: 0.26 | Rew: -0.16 | Win%: 33.0 | S0: 188.8 | FPS: 1737.8 | Var: dueling
Step: 961536 | EPS: 0.26 | Rew: -0.33 | Win%: 31.5 | S0: 183.7 | FPS: 1834.9 | Var: dueling
Step: 962560 | EPS: 0.26 | Rew: -0.35 | Win%: 32.5 | S0: 181.4 | FPS: 1780.6 | Var: dueling
Step: 963584 | EPS: 0.26 | Rew: -0.45 | Win%: 31.0 | S0: 180.7 | FPS: 1804.3 | Var: dueling
Step: 964608 | EPS: 0.26 | Rew: -0.38 | Win%: 30.0 | S0: 181.8 | FPS: 1716.1 | Var: dueling
Step: 965632 | EPS: 0.26 | Rew: -0.49 | Win%: 30.5 | S0: 175.6 | FPS: 1602.2 | Var: dueling
Step: 966656 | EPS: 0.26 | Rew: -0.35 | Win%: 29.0 | S0: 168.6 | FPS: 1406.2 | Var: dueling
Step: 967680 | EPS: 0.26 | Rew: -0.26 | Win%: 31.5 | S0: 173.9 | FPS: 1779.3 | Var: dueling
Step: 968704 | EPS: 0.26 | Rew: -0.22 | Win%: 31.5 | S0: 170.4 | FPS: 1679.0 | Var: dueling
Step: 969728 | EPS: 0.26 | Rew: -0.25 | Win%: 30.0 | S0: 165.6 | FPS: 1419.8 | Var: dueling
Step: 970752 | EPS: 0.26 | Rew: -0.19 | Win%: 30.5 | S0: 164.0 | FPS: 1593.9 | Var: dueling
Step: 971776 | EPS: 0.26 | Rew: -0.17 | Win%: 33.0 | S0: 167.8 | FPS: 1774.8 | Var: dueling
Step: 972800 | EPS: 0.26 | Rew: -0.27 | Win%: 33.5 | S0: 167.9 | FPS: 1591.3 | Var: dueling
Step: 973824 | EPS: 0.26 | Rew: -0.30 | Win%: 32.5 | S0: 170.4 | FPS: 1537.1 | Var: dueling
Step: 974848 | EPS: 0.26 | Rew: -0.23 | Win%: 33.5 | S0: 172.4 | FPS: 1942.5 | Var: dueling
Step: 975872 | EPS: 0.26 | Rew: -0.10 | Win%: 34.5 | S0: 179.6 | FPS: 1703.2 | Var: dueling
Step: 976896 | EPS: 0.26 | Rew: -0.27 | Win%: 33.5 | S0: 177.6 | FPS: 1708.9 | Var: dueling
Step: 977920 | EPS: 0.26 | Rew: -0.31 | Win%: 32.0 | S0: 173.9 | FPS: 1692.7 | Var: dueling
Step: 978944 | EPS: 0.26 | Rew: -0.24 | Win%: 31.5 | S0: 175.8 | FPS: 1807.3 | Var: dueling
Step: 979968 | EPS: 0.26 | Rew: -0.16 | Win%: 33.5 | S0: 180.8 | FPS: 1698.5 | Var: dueling
Step: 980992 | EPS: 0.26 | Rew: -0.18 | Win%: 34.5 | S0: 181.5 | FPS: 1757.6 | Var: dueling
Step: 982016 | EPS: 0.26 | Rew: -0.10 | Win%: 35.0 | S0: 188.6 | FPS: 1917.4 | Var: dueling
Step: 983040 | EPS: 0.26 | Rew: 0.05 | Win%: 33.5 | S0: 192.0 | FPS: 1843.7 | Var: dueling
Step: 984064 | EPS: 0.26 | Rew: 0.04 | Win%: 33.0 | S0: 195.1 | FPS: 1690.6 | Var: dueling
Step: 985088 | EPS: 0.26 | Rew: -0.10 | Win%: 33.0 | S0: 188.2 | FPS: 1687.8 | Var: dueling
Step: 986112 | EPS: 0.26 | Rew: -0.17 | Win%: 32.0 | S0: 189.7 | FPS: 1831.3 | Var: dueling
Step: 987136 | EPS: 0.26 | Rew: -0.14 | Win%: 31.5 | S0: 187.5 | FPS: 1668.3 | Var: dueling
Step: 988160 | EPS: 0.26 | Rew: -0.29 | Win%: 30.5 | S0: 188.8 | FPS: 1763.4 | Var: dueling
Step: 989184 | EPS: 0.26 | Rew: -0.36 | Win%: 32.0 | S0: 190.3 | FPS: 1836.2 | Var: dueling
Step: 990208 | EPS: 0.26 | Rew: -0.34 | Win%: 33.0 | S0: 191.9 | FPS: 1702.9 | Var: dueling
Step: 991232 | EPS: 0.26 | Rew: -0.20 | Win%: 34.0 | S0: 198.8 | FPS: 1452.3 | Var: dueling
Step: 992256 | EPS: 0.26 | Rew: -0.06 | Win%: 33.0 | S0: 206.0 | FPS: 1395.0 | Var: dueling
Step: 993280 | EPS: 0.26 | Rew: -0.09 | Win%: 31.5 | S0: 210.0 | FPS: 1742.5 | Var: dueling
Step: 994304 | EPS: 0.26 | Rew: -0.21 | Win%: 30.0 | S0: 203.2 | FPS: 1798.2 | Var: dueling
Step: 995328 | EPS: 0.26 | Rew: -0.18 | Win%: 30.5 | S0: 195.8 | FPS: 1726.2 | Var: dueling
Step: 996352 | EPS: 0.26 | Rew: -0.19 | Win%: 30.5 | S0: 198.2 | FPS: 1732.3 | Var: dueling
Step: 997376 | EPS: 0.26 | Rew: -0.29 | Win%: 32.5 | S0: 197.1 | FPS: 1864.0 | Var: dueling
Step: 998400 | EPS: 0.26 | Rew: -0.39 | Win%: 31.0 | S0: 192.9 | FPS: 1698.2 | Var: dueling
Step: 999424 | EPS: 0.26 | Rew: -0.36 | Win%: 32.0 | S0: 194.5 | FPS: 1893.2 | Var: dueling
Step: 1000448 | EPS: 0.26 | Rew: -0.16 | Win%: 34.0 | S0: 199.8 | FPS: 1668.1 | Var: dueling
Step: 1001472 | EPS: 0.26 | Rew: -0.30 | Win%: 32.5 | S0: 195.2 | FPS: 1404.9 | Var: dueling
Step: 1002496 | EPS: 0.26 | Rew: -0.32 | Win%: 32.5 | S0: 196.6 | FPS: 1597.5 | Var: dueling
Step: 1003520 | EPS: 0.26 | Rew: -0.22 | Win%: 32.0 | S0: 189.9 | FPS: 1457.9 | Var: dueling
Step: 1004544 | EPS: 0.26 | Rew: -0.19 | Win%: 32.0 | S0: 179.2 | FPS: 1451.0 | Var: dueling
Step: 1005568 | EPS: 0.26 | Rew: -0.21 | Win%: 32.0 | S0: 174.4 | FPS: 1766.8 | Var: dueling
Step: 1006592 | EPS: 0.26 | Rew: -0.19 | Win%: 32.5 | S0: 180.8 | FPS: 1731.6 | Var: dueling
Step: 1007616 | EPS: 0.26 | Rew: -0.19 | Win%: 31.5 | S0: 174.2 | FPS: 1713.9 | Var: dueling
Step: 1008640 | EPS: 0.26 | Rew: -0.21 | Win%: 31.5 | S0: 172.5 | FPS: 1731.7 | Var: dueling
Step: 1009664 | EPS: 0.26 | Rew: -0.22 | Win%: 32.5 | S0: 181.4 | FPS: 1718.8 | Var: dueling
Step: 1010688 | EPS: 0.26 | Rew: -0.11 | Win%: 33.5 | S0: 183.5 | FPS: 1905.7 | Var: dueling
Step: 1011712 | EPS: 0.26 | Rew: -0.12 | Win%: 32.5 | S0: 186.3 | FPS: 1855.5 | Var: dueling
Step: 1012736 | EPS: 0.26 | Rew: -0.18 | Win%: 31.5 | S0: 177.0 | FPS: 1668.4 | Var: dueling
Step: 1013760 | EPS: 0.26 | Rew: -0.12 | Win%: 33.5 | S0: 188.1 | FPS: 1626.9 | Var: dueling
Step: 1014784 | EPS: 0.26 | Rew: -0.14 | Win%: 34.0 | S0: 188.0 | FPS: 1815.0 | Var: dueling
Step: 1015808 | EPS: 0.26 | Rew: -0.17 | Win%: 34.0 | S0: 186.9 | FPS: 1632.7 | Var: dueling
Step: 1016832 | EPS: 0.26 | Rew: -0.16 | Win%: 33.5 | S0: 187.6 | FPS: 1682.7 | Var: dueling
Step: 1017856 | EPS: 0.26 | Rew: -0.11 | Win%: 36.0 | S0: 194.8 | FPS: 1650.3 | Var: dueling
Step: 1018880 | EPS: 0.26 | Rew: -0.07 | Win%: 36.5 | S0: 197.8 | FPS: 1899.0 | Var: dueling
Step: 1019904 | EPS: 0.26 | Rew: -0.10 | Win%: 36.0 | S0: 198.4 | FPS: 1762.0 | Var: dueling
Step: 1020928 | EPS: 0.26 | Rew: -0.19 | Win%: 36.0 | S0: 195.8 | FPS: 1863.8 | Var: dueling
Step: 1021952 | EPS: 0.26 | Rew: -0.11 | Win%: 37.5 | S0: 202.0 | FPS: 1666.4 | Var: dueling
Step: 1022976 | EPS: 0.26 | Rew: -0.21 | Win%: 39.0 | S0: 201.2 | FPS: 1816.3 | Var: dueling
Step: 1024000 | EPS: 0.26 | Rew: -0.25 | Win%: 39.0 | S0: 200.6 | FPS: 1757.5 | Var: dueling
Step: 1025024 | EPS: 0.26 | Rew: -0.24 | Win%: 39.5 | S0: 198.8 | FPS: 1632.7 | Var: dueling
Step: 1026048 | EPS: 0.26 | Rew: -0.36 | Win%: 38.5 | S0: 190.7 | FPS: 1576.5 | Var: dueling
Step: 1027072 | EPS: 0.26 | Rew: -0.27 | Win%: 37.5 | S0: 190.6 | FPS: 1967.8 | Var: dueling
Step: 1028096 | EPS: 0.26 | Rew: -0.23 | Win%: 39.0 | S0: 197.8 | FPS: 1700.6 | Var: dueling
Step: 1029120 | EPS: 0.26 | Rew: -0.22 | Win%: 37.5 | S0: 201.3 | FPS: 1585.4 | Var: dueling
Step: 1030144 | EPS: 0.26 | Rew: -0.16 | Win%: 37.5 | S0: 203.7 | FPS: 1663.1 | Var: dueling
Step: 1031168 | EPS: 0.25 | Rew: -0.13 | Win%: 37.0 | S0: 202.9 | FPS: 1706.1 | Var: dueling
Step: 1032192 | EPS: 0.25 | Rew: -0.14 | Win%: 36.5 | S0: 194.9 | FPS: 1734.0 | Var: dueling
Step: 1033216 | EPS: 0.25 | Rew: -0.17 | Win%: 35.5 | S0: 189.2 | FPS: 1932.9 | Var: dueling
Step: 1034240 | EPS: 0.25 | Rew: -0.10 | Win%: 36.0 | S0: 196.1 | FPS: 1988.9 | Var: dueling
Step: 1035264 | EPS: 0.25 | Rew: -0.14 | Win%: 36.0 | S0: 197.3 | FPS: 1857.9 | Var: dueling
Step: 1036288 | EPS: 0.25 | Rew: -0.02 | Win%: 37.5 | S0: 205.1 | FPS: 1582.6 | Var: dueling
Step: 1037312 | EPS: 0.25 | Rew: -0.01 | Win%: 38.0 | S0: 211.5 | FPS: 1672.9 | Var: dueling
Step: 1038336 | EPS: 0.25 | Rew: -0.05 | Win%: 37.5 | S0: 209.1 | FPS: 1488.8 | Var: dueling
Step: 1039360 | EPS: 0.25 | Rew: 0.04 | Win%: 38.0 | S0: 216.1 | FPS: 1949.0 | Var: dueling
Step: 1040384 | EPS: 0.25 | Rew: -0.03 | Win%: 36.5 | S0: 205.8 | FPS: 1824.4 | Var: dueling
Step: 1041408 | EPS: 0.25 | Rew: -0.11 | Win%: 36.0 | S0: 199.8 | FPS: 1820.3 | Var: dueling
Step: 1042432 | EPS: 0.25 | Rew: -0.20 | Win%: 36.5 | S0: 203.5 | FPS: 1872.8 | Var: dueling
Step: 1043456 | EPS: 0.25 | Rew: -0.14 | Win%: 37.0 | S0: 206.3 | FPS: 1585.2 | Var: dueling
Step: 1044480 | EPS: 0.25 | Rew: -0.15 | Win%: 37.0 | S0: 215.4 | FPS: 1617.8 | Var: dueling
Step: 1045504 | EPS: 0.25 | Rew: -0.17 | Win%: 35.5 | S0: 213.2 | FPS: 1910.1 | Var: dueling
Step: 1046528 | EPS: 0.25 | Rew: -0.35 | Win%: 32.0 | S0: 194.8 | FPS: 1952.3 | Var: dueling
Step: 1047552 | EPS: 0.25 | Rew: -0.30 | Win%: 31.5 | S0: 190.8 | FPS: 1945.2 | Var: dueling
Step: 1048576 | EPS: 0.25 | Rew: -0.39 | Win%: 29.5 | S0: 180.4 | FPS: 1693.1 | Var: dueling
Step: 1049600 | EPS: 0.25 | Rew: -0.41 | Win%: 30.0 | S0: 185.7 | FPS: 1514.3 | Var: dueling
Step: 1050624 | EPS: 0.25 | Rew: -0.37 | Win%: 31.5 | S0: 186.7 | FPS: 1453.4 | Var: dueling
Step: 1051648 | EPS: 0.25 | Rew: -0.24 | Win%: 32.0 | S0: 191.2 | FPS: 1744.5 | Var: dueling
Step: 1052672 | EPS: 0.25 | Rew: -0.08 | Win%: 34.5 | S0: 196.2 | FPS: 1824.1 | Var: dueling
Step: 1053696 | EPS: 0.25 | Rew: -0.08 | Win%: 34.0 | S0: 196.8 | FPS: 1769.6 | Var: dueling
Step: 1054720 | EPS: 0.25 | Rew: -0.09 | Win%: 34.0 | S0: 191.2 | FPS: 1785.4 | Var: dueling
Step: 1055744 | EPS: 0.25 | Rew: -0.14 | Win%: 31.5 | S0: 182.2 | FPS: 1524.4 | Var: dueling
Step: 1056768 | EPS: 0.25 | Rew: -0.16 | Win%: 33.0 | S0: 186.6 | FPS: 1710.3 | Var: dueling
Step: 1057792 | EPS: 0.25 | Rew: -0.30 | Win%: 34.0 | S0: 190.8 | FPS: 1619.1 | Var: dueling
Step: 1058816 | EPS: 0.25 | Rew: -0.33 | Win%: 34.0 | S0: 196.8 | FPS: 1799.5 | Var: dueling
Step: 1059840 | EPS: 0.25 | Rew: -0.24 | Win%: 36.5 | S0: 204.9 | FPS: 1915.5 | Var: dueling
Step: 1060864 | EPS: 0.25 | Rew: -0.27 | Win%: 35.5 | S0: 207.8 | FPS: 1918.6 | Var: dueling
Step: 1061888 | EPS: 0.25 | Rew: -0.13 | Win%: 35.5 | S0: 206.2 | FPS: 1846.3 | Var: dueling
Step: 1062912 | EPS: 0.25 | Rew: -0.05 | Win%: 35.5 | S0: 203.8 | FPS: 1856.7 | Var: dueling
Step: 1063936 | EPS: 0.25 | Rew: 0.07 | Win%: 37.0 | S0: 208.7 | FPS: 1753.8 | Var: dueling
Step: 1064960 | EPS: 0.25 | Rew: 0.06 | Win%: 35.0 | S0: 205.8 | FPS: 1668.0 | Var: dueling
Step: 1065984 | EPS: 0.25 | Rew: -0.03 | Win%: 34.0 | S0: 207.3 | FPS: 1845.4 | Var: dueling
Step: 1067008 | EPS: 0.25 | Rew: -0.08 | Win%: 33.0 | S0: 202.9 | FPS: 1655.5 | Var: dueling
Step: 1068032 | EPS: 0.25 | Rew: -0.12 | Win%: 35.0 | S0: 202.8 | FPS: 1756.5 | Var: dueling
Step: 1069056 | EPS: 0.25 | Rew: -0.25 | Win%: 35.5 | S0: 202.1 | FPS: 1677.4 | Var: dueling
Step: 1070080 | EPS: 0.25 | Rew: -0.34 | Win%: 36.0 | S0: 200.2 | FPS: 1795.3 | Var: dueling
Step: 1071104 | EPS: 0.25 | Rew: -0.17 | Win%: 37.5 | S0: 206.2 | FPS: 1901.9 | Var: dueling
Step: 1072128 | EPS: 0.25 | Rew: -0.26 | Win%: 34.5 | S0: 203.8 | FPS: 1895.5 | Var: dueling
Step: 1073152 | EPS: 0.25 | Rew: -0.30 | Win%: 34.0 | S0: 189.2 | FPS: 1612.5 | Var: dueling
Step: 1074176 | EPS: 0.25 | Rew: -0.31 | Win%: 31.0 | S0: 173.3 | FPS: 1627.9 | Var: dueling
Step: 1075200 | EPS: 0.25 | Rew: -0.36 | Win%: 29.0 | S0: 163.3 | FPS: 1791.9 | Var: dueling
Step: 1076224 | EPS: 0.25 | Rew: -0.35 | Win%: 31.5 | S0: 170.7 | FPS: 1892.4 | Var: dueling
Step: 1077248 | EPS: 0.25 | Rew: -0.42 | Win%: 32.0 | S0: 171.2 | FPS: 1482.1 | Var: dueling
Step: 1078272 | EPS: 0.25 | Rew: -0.35 | Win%: 31.5 | S0: 172.3 | FPS: 1846.1 | Var: dueling
Step: 1079296 | EPS: 0.25 | Rew: -0.31 | Win%: 32.0 | S0: 171.6 | FPS: 1992.8 | Var: dueling
Step: 1080320 | EPS: 0.25 | Rew: -0.30 | Win%: 31.5 | S0: 173.7 | FPS: 1784.8 | Var: dueling
Step: 1081344 | EPS: 0.25 | Rew: -0.39 | Win%: 31.5 | S0: 175.2 | FPS: 1592.1 | Var: dueling
Step: 1082368 | EPS: 0.25 | Rew: -0.34 | Win%: 30.5 | S0: 167.0 | FPS: 1816.2 | Var: dueling
Step: 1083392 | EPS: 0.25 | Rew: -0.29 | Win%: 31.5 | S0: 168.3 | FPS: 1822.3 | Var: dueling
Step: 1084416 | EPS: 0.25 | Rew: -0.27 | Win%: 33.5 | S0: 174.9 | FPS: 1948.2 | Var: dueling
Step: 1085440 | EPS: 0.25 | Rew: -0.23 | Win%: 33.5 | S0: 186.2 | FPS: 1873.4 | Var: dueling
Step: 1086464 | EPS: 0.25 | Rew: -0.19 | Win%: 34.0 | S0: 191.9 | FPS: 1669.4 | Var: dueling
Step: 1087488 | EPS: 0.25 | Rew: -0.08 | Win%: 35.0 | S0: 196.7 | FPS: 1576.9 | Var: dueling
Step: 1088512 | EPS: 0.25 | Rew: -0.16 | Win%: 34.0 | S0: 184.9 | FPS: 1802.4 | Var: dueling
Step: 1089536 | EPS: 0.25 | Rew: -0.16 | Win%: 34.5 | S0: 186.6 | FPS: 1757.0 | Var: dueling
Step: 1090560 | EPS: 0.25 | Rew: -0.19 | Win%: 34.0 | S0: 183.5 | FPS: 1922.9 | Var: dueling
Step: 1091584 | EPS: 0.25 | Rew: -0.32 | Win%: 31.5 | S0: 176.8 | FPS: 1814.8 | Var: dueling
Step: 1092608 | EPS: 0.25 | Rew: -0.34 | Win%: 31.5 | S0: 184.8 | FPS: 1981.7 | Var: dueling
Step: 1093632 | EPS: 0.25 | Rew: -0.42 | Win%: 32.0 | S0: 191.1 | FPS: 1922.1 | Var: dueling
Step: 1094656 | EPS: 0.25 | Rew: -0.33 | Win%: 31.5 | S0: 188.8 | FPS: 1852.4 | Var: dueling
Step: 1095680 | EPS: 0.25 | Rew: -0.32 | Win%: 32.0 | S0: 183.1 | FPS: 1979.8 | Var: dueling
Step: 1096704 | EPS: 0.25 | Rew: -0.24 | Win%: 32.0 | S0: 179.8 | FPS: 1683.1 | Var: dueling
Step: 1097728 | EPS: 0.25 | Rew: -0.27 | Win%: 30.5 | S0: 174.2 | FPS: 1861.1 | Var: dueling
Step: 1098752 | EPS: 0.25 | Rew: -0.30 | Win%: 29.0 | S0: 171.2 | FPS: 1967.6 | Var: dueling
Step: 1099776 | EPS: 0.25 | Rew: -0.24 | Win%: 28.5 | S0: 178.8 | FPS: 1887.5 | Var: dueling
Step: 1100800 | EPS: 0.25 | Rew: -0.38 | Win%: 26.0 | S0: 170.3 | FPS: 1944.1 | Var: dueling
Step: 1101824 | EPS: 0.24 | Rew: -0.50 | Win%: 24.0 | S0: 166.9 | FPS: 1602.0 | Var: dueling
Step: 1102848 | EPS: 0.24 | Rew: -0.55 | Win%: 25.0 | S0: 171.1 | FPS: 1561.6 | Var: dueling
Step: 1103872 | EPS: 0.24 | Rew: -0.50 | Win%: 25.5 | S0: 168.7 | FPS: 1794.2 | Var: dueling
Step: 1104896 | EPS: 0.24 | Rew: -0.46 | Win%: 26.5 | S0: 165.6 | FPS: 1836.1 | Var: dueling
Step: 1105920 | EPS: 0.24 | Rew: -0.51 | Win%: 26.5 | S0: 161.4 | FPS: 1814.9 | Var: dueling
Step: 1106944 | EPS: 0.24 | Rew: -0.24 | Win%: 28.5 | S0: 169.2 | FPS: 1770.7 | Var: dueling
Step: 1107968 | EPS: 0.24 | Rew: -0.22 | Win%: 28.0 | S0: 164.2 | FPS: 1877.5 | Var: dueling
Step: 1108992 | EPS: 0.24 | Rew: -0.15 | Win%: 28.0 | S0: 172.0 | FPS: 1649.4 | Var: dueling
Step: 1110016 | EPS: 0.24 | Rew: -0.21 | Win%: 28.5 | S0: 166.3 | FPS: 1720.8 | Var: dueling
Step: 1111040 | EPS: 0.24 | Rew: -0.13 | Win%: 30.5 | S0: 165.8 | FPS: 1955.1 | Var: dueling
Step: 1112064 | EPS: 0.24 | Rew: -0.17 | Win%: 32.5 | S0: 174.1 | FPS: 2112.8 | Var: dueling
Step: 1113088 | EPS: 0.24 | Rew: -0.16 | Win%: 35.5 | S0: 184.5 | FPS: 1912.4 | Var: dueling
Step: 1114112 | EPS: 0.24 | Rew: -0.17 | Win%: 36.5 | S0: 180.2 | FPS: 1644.1 | Var: dueling
Step: 1115136 | EPS: 0.24 | Rew: -0.23 | Win%: 36.0 | S0: 180.0 | FPS: 1646.5 | Var: dueling
Step: 1116160 | EPS: 0.24 | Rew: -0.23 | Win%: 34.5 | S0: 179.3 | FPS: 1984.7 | Var: dueling
Step: 1117184 | EPS: 0.24 | Rew: -0.31 | Win%: 33.5 | S0: 174.1 | FPS: 1655.0 | Var: dueling
Step: 1118208 | EPS: 0.24 | Rew: -0.31 | Win%: 34.0 | S0: 176.3 | FPS: 1770.9 | Var: dueling
Step: 1119232 | EPS: 0.24 | Rew: -0.41 | Win%: 34.5 | S0: 176.8 | FPS: 1752.4 | Var: dueling
Step: 1120256 | EPS: 0.24 | Rew: -0.37 | Win%: 35.0 | S0: 177.2 | FPS: 1827.9 | Var: dueling
Step: 1121280 | EPS: 0.24 | Rew: -0.24 | Win%: 35.5 | S0: 175.5 | FPS: 1907.2 | Var: dueling
Step: 1122304 | EPS: 0.24 | Rew: -0.18 | Win%: 35.0 | S0: 182.2 | FPS: 1947.7 | Var: dueling
Step: 1123328 | EPS: 0.24 | Rew: -0.18 | Win%: 33.0 | S0: 179.8 | FPS: 1964.6 | Var: dueling
Step: 1124352 | EPS: 0.24 | Rew: -0.18 | Win%: 34.0 | S0: 181.1 | FPS: 1946.9 | Var: dueling
Step: 1125376 | EPS: 0.24 | Rew: -0.04 | Win%: 33.0 | S0: 183.5 | FPS: 1712.0 | Var: dueling
Step: 1126400 | EPS: 0.24 | Rew: -0.10 | Win%: 34.0 | S0: 185.1 | FPS: 1771.6 | Var: dueling
Step: 1127424 | EPS: 0.24 | Rew: -0.17 | Win%: 35.5 | S0: 184.0 | FPS: 1634.6 | Var: dueling
Step: 1128448 | EPS: 0.24 | Rew: -0.19 | Win%: 36.0 | S0: 184.6 | FPS: 1881.0 | Var: dueling
Step: 1129472 | EPS: 0.24 | Rew: -0.20 | Win%: 34.0 | S0: 180.9 | FPS: 1859.7 | Var: dueling
Step: 1130496 | EPS: 0.24 | Rew: -0.27 | Win%: 34.5 | S0: 184.9 | FPS: 1806.2 | Var: dueling
Step: 1131520 | EPS: 0.24 | Rew: -0.12 | Win%: 36.0 | S0: 194.7 | FPS: 1801.3 | Var: dueling
Step: 1132544 | EPS: 0.24 | Rew: -0.24 | Win%: 34.0 | S0: 188.0 | FPS: 1482.4 | Var: dueling
Step: 1133568 | EPS: 0.24 | Rew: -0.24 | Win%: 32.5 | S0: 182.4 | FPS: 1715.2 | Var: dueling
Step: 1134592 | EPS: 0.24 | Rew: -0.18 | Win%: 34.5 | S0: 183.0 | FPS: 1740.8 | Var: dueling
Step: 1135616 | EPS: 0.24 | Rew: -0.17 | Win%: 34.5 | S0: 177.4 | FPS: 1628.8 | Var: dueling
Step: 1136640 | EPS: 0.24 | Rew: -0.19 | Win%: 34.0 | S0: 175.4 | FPS: 1498.6 | Var: dueling
Step: 1137664 | EPS: 0.24 | Rew: -0.20 | Win%: 34.0 | S0: 167.5 | FPS: 1820.8 | Var: dueling
Step: 1138688 | EPS: 0.24 | Rew: -0.24 | Win%: 35.5 | S0: 175.9 | FPS: 1814.2 | Var: dueling
Step: 1139712 | EPS: 0.24 | Rew: -0.15 | Win%: 35.5 | S0: 173.8 | FPS: 1772.7 | Var: dueling
Step: 1140736 | EPS: 0.24 | Rew: -0.16 | Win%: 36.5 | S0: 177.2 | FPS: 1920.1 | Var: dueling
Step: 1141760 | EPS: 0.24 | Rew: -0.18 | Win%: 37.0 | S0: 177.2 | FPS: 1908.8 | Var: dueling
Step: 1142784 | EPS: 0.24 | Rew: -0.12 | Win%: 37.5 | S0: 183.9 | FPS: 1966.8 | Var: dueling
Step: 1143808 | EPS: 0.24 | Rew: -0.12 | Win%: 36.0 | S0: 178.3 | FPS: 1666.3 | Var: dueling
Step: 1144832 | EPS: 0.24 | Rew: -0.19 | Win%: 36.5 | S0: 180.7 | FPS: 1882.7 | Var: dueling
Step: 1145856 | EPS: 0.24 | Rew: -0.30 | Win%: 36.0 | S0: 176.2 | FPS: 1978.2 | Var: dueling
Step: 1146880 | EPS: 0.24 | Rew: -0.18 | Win%: 37.5 | S0: 181.8 | FPS: 1821.4 | Var: dueling
Step: 1147904 | EPS: 0.24 | Rew: -0.05 | Win%: 39.5 | S0: 190.9 | FPS: 1862.0 | Var: dueling
Step: 1148928 | EPS: 0.24 | Rew: -0.14 | Win%: 39.5 | S0: 190.1 | FPS: 1681.1 | Var: dueling
Step: 1149952 | EPS: 0.24 | Rew: -0.20 | Win%: 39.0 | S0: 188.2 | FPS: 1908.6 | Var: dueling
Step: 1150976 | EPS: 0.24 | Rew: -0.21 | Win%: 38.5 | S0: 186.1 | FPS: 1646.7 | Var: dueling
Step: 1152000 | EPS: 0.24 | Rew: -0.11 | Win%: 39.0 | S0: 188.4 | FPS: 1613.0 | Var: dueling
Step: 1153024 | EPS: 0.24 | Rew: -0.20 | Win%: 39.5 | S0: 192.8 | FPS: 1600.2 | Var: dueling
Step: 1154048 | EPS: 0.24 | Rew: -0.12 | Win%: 39.5 | S0: 192.1 | FPS: 1793.3 | Var: dueling
Step: 1155072 | EPS: 0.24 | Rew: -0.09 | Win%: 41.0 | S0: 194.3 | FPS: 1829.3 | Var: dueling
Step: 1156096 | EPS: 0.24 | Rew: 0.12 | Win%: 42.5 | S0: 197.5 | FPS: 1690.7 | Var: dueling
Step: 1157120 | EPS: 0.24 | Rew: -0.05 | Win%: 43.0 | S0: 199.8 | FPS: 2002.8 | Var: dueling
Step: 1158144 | EPS: 0.24 | Rew: -0.09 | Win%: 40.0 | S0: 191.0 | FPS: 1727.7 | Var: dueling
Step: 1159168 | EPS: 0.24 | Rew: -0.15 | Win%: 38.0 | S0: 188.1 | FPS: 1627.2 | Var: dueling
Step: 1160192 | EPS: 0.24 | Rew: -0.13 | Win%: 38.5 | S0: 193.2 | FPS: 1880.3 | Var: dueling
Step: 1161216 | EPS: 0.24 | Rew: -0.10 | Win%: 39.0 | S0: 202.7 | FPS: 1982.1 | Var: dueling
Step: 1162240 | EPS: 0.24 | Rew: -0.24 | Win%: 38.0 | S0: 197.2 | FPS: 1962.6 | Var: dueling
Step: 1163264 | EPS: 0.24 | Rew: -0.20 | Win%: 38.0 | S0: 193.8 | FPS: 1729.2 | Var: dueling
Step: 1164288 | EPS: 0.24 | Rew: -0.17 | Win%: 37.0 | S0: 191.5 | FPS: 1938.6 | Var: dueling
Step: 1165312 | EPS: 0.24 | Rew: -0.25 | Win%: 36.5 | S0: 189.8 | FPS: 1918.7 | Var: dueling
Step: 1166336 | EPS: 0.24 | Rew: -0.24 | Win%: 37.0 | S0: 189.7 | FPS: 1544.0 | Var: dueling
Step: 1167360 | EPS: 0.24 | Rew: -0.27 | Win%: 36.5 | S0: 183.1 | FPS: 1843.6 | Var: dueling
Step: 1168384 | EPS: 0.24 | Rew: -0.32 | Win%: 36.5 | S0: 182.8 | FPS: 1889.3 | Var: dueling
Step: 1169408 | EPS: 0.24 | Rew: -0.21 | Win%: 36.5 | S0: 180.3 | FPS: 1662.9 | Var: dueling
Step: 1170432 | EPS: 0.24 | Rew: -0.22 | Win%: 37.0 | S0: 186.3 | FPS: 1943.5 | Var: dueling
Step: 1171456 | EPS: 0.24 | Rew: -0.17 | Win%: 38.5 | S0: 185.2 | FPS: 1957.9 | Var: dueling
Step: 1172480 | EPS: 0.23 | Rew: -0.16 | Win%: 39.5 | S0: 183.8 | FPS: 1800.0 | Var: dueling
Step: 1173504 | EPS: 0.23 | Rew: -0.21 | Win%: 39.5 | S0: 180.5 | FPS: 1779.4 | Var: dueling
Step: 1174528 | EPS: 0.23 | Rew: -0.28 | Win%: 38.5 | S0: 168.7 | FPS: 1972.5 | Var: dueling
Step: 1175552 | EPS: 0.23 | Rew: -0.17 | Win%: 41.0 | S0: 179.5 | FPS: 1916.7 | Var: dueling
Step: 1176576 | EPS: 0.23 | Rew: -0.26 | Win%: 40.0 | S0: 180.2 | FPS: 1972.5 | Var: dueling
Step: 1177600 | EPS: 0.23 | Rew: -0.28 | Win%: 39.5 | S0: 175.8 | FPS: 1879.2 | Var: dueling
Step: 1178624 | EPS: 0.23 | Rew: -0.21 | Win%: 40.0 | S0: 180.3 | FPS: 1825.4 | Var: dueling
Step: 1179648 | EPS: 0.23 | Rew: -0.05 | Win%: 41.0 | S0: 181.7 | FPS: 1953.3 | Var: dueling
Step: 1180672 | EPS: 0.23 | Rew: -0.03 | Win%: 42.0 | S0: 183.1 | FPS: 1932.3 | Var: dueling
Step: 1181696 | EPS: 0.23 | Rew: -0.10 | Win%: 39.5 | S0: 181.2 | FPS: 1843.3 | Var: dueling
Step: 1182720 | EPS: 0.23 | Rew: 0.10 | Win%: 41.0 | S0: 193.4 | FPS: 1695.2 | Var: dueling
Step: 1183744 | EPS: 0.23 | Rew: 0.20 | Win%: 43.0 | S0: 201.1 | FPS: 1940.3 | Var: dueling
Step: 1184768 | EPS: 0.23 | Rew: 0.15 | Win%: 42.5 | S0: 201.7 | FPS: 1833.6 | Var: dueling
Step: 1185792 | EPS: 0.23 | Rew: 0.18 | Win%: 44.0 | S0: 212.7 | FPS: 1987.9 | Var: dueling
Step: 1186816 | EPS: 0.23 | Rew: 0.05 | Win%: 42.0 | S0: 202.8 | FPS: 1902.9 | Var: dueling
Step: 1187840 | EPS: 0.23 | Rew: 0.10 | Win%: 43.0 | S0: 209.2 | FPS: 1974.7 | Var: dueling
Step: 1188864 | EPS: 0.23 | Rew: 0.06 | Win%: 43.5 | S0: 217.1 | FPS: 1831.2 | Var: dueling
Step: 1189888 | EPS: 0.23 | Rew: -0.00 | Win%: 44.5 | S0: 218.6 | FPS: 1773.3 | Var: dueling
Step: 1190912 | EPS: 0.23 | Rew: -0.03 | Win%: 43.0 | S0: 216.3 | FPS: 1802.9 | Var: dueling
Step: 1191936 | EPS: 0.23 | Rew: -0.08 | Win%: 42.5 | S0: 212.7 | FPS: 1758.4 | Var: dueling
Step: 1192960 | EPS: 0.23 | Rew: -0.14 | Win%: 40.0 | S0: 205.7 | FPS: 1825.9 | Var: dueling
Step: 1193984 | EPS: 0.23 | Rew: -0.15 | Win%: 40.0 | S0: 202.3 | FPS: 1844.6 | Var: dueling
Step: 1195008 | EPS: 0.23 | Rew: -0.23 | Win%: 40.0 | S0: 201.8 | FPS: 1773.2 | Var: dueling
Step: 1196032 | EPS: 0.23 | Rew: -0.28 | Win%: 39.0 | S0: 195.9 | FPS: 2036.4 | Var: dueling
Step: 1197056 | EPS: 0.23 | Rew: -0.31 | Win%: 38.5 | S0: 195.4 | FPS: 1721.6 | Var: dueling
Step: 1198080 | EPS: 0.23 | Rew: -0.27 | Win%: 38.0 | S0: 195.9 | FPS: 1665.5 | Var: dueling
Step: 1199104 | EPS: 0.23 | Rew: -0.22 | Win%: 37.5 | S0: 193.5 | FPS: 1867.3 | Var: dueling
Step: 1200128 | EPS: 0.23 | Rew: -0.18 | Win%: 38.5 | S0: 198.5 | FPS: 1875.5 | Var: dueling
Step: 1201152 | EPS: 0.23 | Rew: -0.09 | Win%: 37.5 | S0: 190.4 | FPS: 1847.7 | Var: dueling
Step: 1202176 | EPS: 0.23 | Rew: -0.13 | Win%: 38.0 | S0: 194.5 | FPS: 1912.3 | Var: dueling
Step: 1203200 | EPS: 0.23 | Rew: -0.17 | Win%: 36.5 | S0: 188.3 | FPS: 1815.7 | Var: dueling
Step: 1204224 | EPS: 0.23 | Rew: -0.28 | Win%: 37.5 | S0: 192.2 | FPS: 1612.6 | Var: dueling
Step: 1205248 | EPS: 0.23 | Rew: -0.18 | Win%: 37.0 | S0: 201.4 | FPS: 1788.8 | Var: dueling
Step: 1206272 | EPS: 0.23 | Rew: -0.35 | Win%: 36.5 | S0: 199.3 | FPS: 1853.3 | Var: dueling
Step: 1207296 | EPS: 0.23 | Rew: -0.31 | Win%: 38.0 | S0: 203.6 | FPS: 1871.7 | Var: dueling
Step: 1208320 | EPS: 0.23 | Rew: -0.25 | Win%: 38.0 | S0: 201.3 | FPS: 1886.9 | Var: dueling
Step: 1209344 | EPS: 0.23 | Rew: -0.20 | Win%: 36.0 | S0: 198.8 | FPS: 1470.7 | Var: dueling
Step: 1210368 | EPS: 0.23 | Rew: -0.17 | Win%: 35.5 | S0: 202.3 | FPS: 1535.2 | Var: dueling
Step: 1211392 | EPS: 0.23 | Rew: -0.07 | Win%: 35.5 | S0: 200.0 | FPS: 1647.7 | Var: dueling
Step: 1212416 | EPS: 0.23 | Rew: -0.17 | Win%: 33.5 | S0: 188.7 | FPS: 1523.2 | Var: dueling
Step: 1213440 | EPS: 0.23 | Rew: -0.20 | Win%: 34.5 | S0: 191.0 | FPS: 1684.4 | Var: dueling
Step: 1214464 | EPS: 0.23 | Rew: -0.18 | Win%: 36.0 | S0: 192.6 | FPS: 1605.4 | Var: dueling
Step: 1215488 | EPS: 0.23 | Rew: -0.16 | Win%: 36.0 | S0: 190.9 | FPS: 1912.5 | Var: dueling
Step: 1216512 | EPS: 0.23 | Rew: -0.24 | Win%: 35.0 | S0: 178.4 | FPS: 1719.7 | Var: dueling
Step: 1217536 | EPS: 0.23 | Rew: -0.27 | Win%: 35.5 | S0: 179.9 | FPS: 1748.6 | Var: dueling
Step: 1218560 | EPS: 0.23 | Rew: -0.26 | Win%: 34.0 | S0: 174.5 | FPS: 1738.4 | Var: dueling
Step: 1219584 | EPS: 0.23 | Rew: -0.30 | Win%: 32.0 | S0: 173.1 | FPS: 1838.1 | Var: dueling
Step: 1220608 | EPS: 0.23 | Rew: -0.23 | Win%: 33.0 | S0: 179.6 | FPS: 1615.5 | Var: dueling
Step: 1221632 | EPS: 0.23 | Rew: -0.22 | Win%: 33.5 | S0: 176.3 | FPS: 1615.1 | Var: dueling
Step: 1222656 | EPS: 0.23 | Rew: -0.09 | Win%: 33.5 | S0: 183.6 | FPS: 1786.8 | Var: dueling
Step: 1223680 | EPS: 0.23 | Rew: 0.01 | Win%: 34.5 | S0: 197.8 | FPS: 2037.1 | Var: dueling
Step: 1224704 | EPS: 0.23 | Rew: 0.08 | Win%: 33.5 | S0: 192.0 | FPS: 1792.2 | Var: dueling
Step: 1225728 | EPS: 0.23 | Rew: -0.07 | Win%: 33.0 | S0: 194.1 | FPS: 1859.6 | Var: dueling
Step: 1226752 | EPS: 0.23 | Rew: 0.07 | Win%: 35.5 | S0: 204.7 | FPS: 1916.6 | Var: dueling
Step: 1227776 | EPS: 0.23 | Rew: -0.04 | Win%: 36.0 | S0: 211.2 | FPS: 1783.6 | Var: dueling
Step: 1228800 | EPS: 0.23 | Rew: -0.16 | Win%: 34.5 | S0: 209.4 | FPS: 2079.1 | Var: dueling
Step: 1229824 | EPS: 0.23 | Rew: -0.13 | Win%: 36.5 | S0: 219.8 | FPS: 1874.9 | Var: dueling
Step: 1230848 | EPS: 0.23 | Rew: -0.14 | Win%: 35.5 | S0: 208.2 | FPS: 2022.2 | Var: dueling
Step: 1231872 | EPS: 0.23 | Rew: -0.23 | Win%: 36.0 | S0: 210.1 | FPS: 1948.0 | Var: dueling
Step: 1232896 | EPS: 0.23 | Rew: -0.15 | Win%: 37.5 | S0: 200.3 | FPS: 1642.1 | Var: dueling
Step: 1233920 | EPS: 0.23 | Rew: -0.00 | Win%: 37.5 | S0: 202.1 | FPS: 2160.7 | Var: dueling
Step: 1234944 | EPS: 0.23 | Rew: -0.07 | Win%: 36.5 | S0: 201.8 | FPS: 1980.2 | Var: dueling
Step: 1235968 | EPS: 0.23 | Rew: -0.22 | Win%: 34.5 | S0: 197.1 | FPS: 2117.8 | Var: dueling
Step: 1236992 | EPS: 0.23 | Rew: -0.24 | Win%: 34.0 | S0: 195.1 | FPS: 2071.5 | Var: dueling
Step: 1238016 | EPS: 0.23 | Rew: -0.03 | Win%: 34.5 | S0: 193.1 | FPS: 2055.4 | Var: dueling
Step: 1239040 | EPS: 0.23 | Rew: -0.04 | Win%: 37.0 | S0: 198.4 | FPS: 2005.4 | Var: dueling
Step: 1240064 | EPS: 0.23 | Rew: -0.10 | Win%: 38.0 | S0: 199.3 | FPS: 2080.8 | Var: dueling
Step: 1241088 | EPS: 0.23 | Rew: -0.10 | Win%: 36.0 | S0: 192.3 | FPS: 1929.1 | Var: dueling
Step: 1242112 | EPS: 0.23 | Rew: 0.10 | Win%: 37.5 | S0: 189.3 | FPS: 1938.4 | Var: dueling
Step: 1243136 | EPS: 0.23 | Rew: -0.17 | Win%: 35.5 | S0: 188.4 | FPS: 1938.2 | Var: dueling
Step: 1244160 | EPS: 0.22 | Rew: -0.35 | Win%: 32.5 | S0: 177.8 | FPS: 1818.0 | Var: dueling
Step: 1245184 | EPS: 0.22 | Rew: -0.19 | Win%: 34.0 | S0: 181.3 | FPS: 1722.3 | Var: dueling
Step: 1246208 | EPS: 0.22 | Rew: -0.22 | Win%: 32.5 | S0: 180.4 | FPS: 1665.5 | Var: dueling
Step: 1247232 | EPS: 0.22 | Rew: -0.34 | Win%: 35.5 | S0: 188.1 | FPS: 1856.2 | Var: dueling
Step: 1248256 | EPS: 0.22 | Rew: -0.13 | Win%: 34.5 | S0: 182.9 | FPS: 2007.2 | Var: dueling
Step: 1249280 | EPS: 0.22 | Rew: 0.00 | Win%: 34.0 | S0: 184.8 | FPS: 1747.2 | Var: dueling
Step: 1250304 | EPS: 0.22 | Rew: -0.05 | Win%: 35.5 | S0: 192.2 | FPS: 1954.0 | Var: dueling
Step: 1251328 | EPS: 0.22 | Rew: -0.00 | Win%: 36.0 | S0: 192.6 | FPS: 1979.0 | Var: dueling
Step: 1252352 | EPS: 0.22 | Rew: 0.04 | Win%: 35.0 | S0: 188.9 | FPS: 1714.1 | Var: dueling
Step: 1253376 | EPS: 0.22 | Rew: 0.06 | Win%: 37.5 | S0: 194.1 | FPS: 1832.6 | Var: dueling
Step: 1254400 | EPS: 0.22 | Rew: -0.02 | Win%: 40.0 | S0: 204.3 | FPS: 1743.4 | Var: dueling
Step: 1255424 | EPS: 0.22 | Rew: -0.03 | Win%: 41.0 | S0: 209.2 | FPS: 1992.2 | Var: dueling
Step: 1256448 | EPS: 0.22 | Rew: 0.09 | Win%: 40.5 | S0: 211.3 | FPS: 1979.9 | Var: dueling
Step: 1257472 | EPS: 0.22 | Rew: 0.14 | Win%: 44.0 | S0: 219.9 | FPS: 1740.6 | Var: dueling
Step: 1258496 | EPS: 0.22 | Rew: 0.05 | Win%: 43.5 | S0: 216.9 | FPS: 1758.6 | Var: dueling
Step: 1259520 | EPS: 0.22 | Rew: 0.01 | Win%: 42.0 | S0: 207.5 | FPS: 1786.6 | Var: dueling
Step: 1260544 | EPS: 0.22 | Rew: 0.05 | Win%: 41.5 | S0: 202.8 | FPS: 1708.4 | Var: dueling
Step: 1261568 | EPS: 0.22 | Rew: 0.01 | Win%: 41.5 | S0: 203.8 | FPS: 1811.4 | Var: dueling
Step: 1262592 | EPS: 0.22 | Rew: -0.24 | Win%: 41.0 | S0: 200.8 | FPS: 1978.3 | Var: dueling
Step: 1263616 | EPS: 0.22 | Rew: -0.18 | Win%: 41.5 | S0: 202.8 | FPS: 1948.0 | Var: dueling
Step: 1264640 | EPS: 0.22 | Rew: -0.12 | Win%: 41.0 | S0: 205.1 | FPS: 1718.2 | Var: dueling
Step: 1265664 | EPS: 0.22 | Rew: -0.10 | Win%: 40.5 | S0: 202.8 | FPS: 1905.5 | Var: dueling
Step: 1266688 | EPS: 0.22 | Rew: -0.20 | Win%: 40.5 | S0: 204.7 | FPS: 2018.5 | Var: dueling
Step: 1267712 | EPS: 0.22 | Rew: -0.02 | Win%: 41.5 | S0: 202.7 | FPS: 1940.3 | Var: dueling
Step: 1268736 | EPS: 0.22 | Rew: -0.00 | Win%: 39.5 | S0: 198.1 | FPS: 1877.6 | Var: dueling
Step: 1269760 | EPS: 0.22 | Rew: 0.03 | Win%: 39.0 | S0: 199.8 | FPS: 1990.0 | Var: dueling
Step: 1270784 | EPS: 0.22 | Rew: -0.01 | Win%: 39.5 | S0: 203.1 | FPS: 1959.3 | Var: dueling
Step: 1271808 | EPS: 0.22 | Rew: 0.03 | Win%: 40.5 | S0: 215.1 | FPS: 1578.5 | Var: dueling
Step: 1272832 | EPS: 0.22 | Rew: -0.06 | Win%: 38.5 | S0: 203.7 | FPS: 1746.5 | Var: dueling
Step: 1273856 | EPS: 0.22 | Rew: -0.02 | Win%: 41.0 | S0: 218.0 | FPS: 1828.1 | Var: dueling
Step: 1274880 | EPS: 0.22 | Rew: -0.04 | Win%: 38.5 | S0: 211.3 | FPS: 1869.3 | Var: dueling
Step: 1275904 | EPS: 0.22 | Rew: -0.06 | Win%: 38.5 | S0: 212.9 | FPS: 1923.5 | Var: dueling
Step: 1276928 | EPS: 0.22 | Rew: 0.11 | Win%: 41.5 | S0: 214.5 | FPS: 1826.2 | Var: dueling
Step: 1277952 | EPS: 0.22 | Rew: 0.05 | Win%: 40.5 | S0: 209.2 | FPS: 1867.7 | Var: dueling
Step: 1278976 | EPS: 0.22 | Rew: 0.05 | Win%: 40.5 | S0: 207.2 | FPS: 1969.6 | Var: dueling
Step: 1280000 | EPS: 0.22 | Rew: -0.08 | Win%: 39.0 | S0: 197.7 | FPS: 1958.0 | Var: dueling
Step: 1281024 | EPS: 0.22 | Rew: -0.01 | Win%: 40.5 | S0: 202.4 | FPS: 1968.0 | Var: dueling
Step: 1282048 | EPS: 0.22 | Rew: -0.04 | Win%: 38.5 | S0: 194.4 | FPS: 1873.9 | Var: dueling
Step: 1283072 | EPS: 0.22 | Rew: -0.15 | Win%: 38.5 | S0: 188.9 | FPS: 1915.8 | Var: dueling
Step: 1284096 | EPS: 0.22 | Rew: -0.26 | Win%: 39.0 | S0: 188.1 | FPS: 1926.8 | Var: dueling
Step: 1285120 | EPS: 0.22 | Rew: -0.33 | Win%: 38.5 | S0: 186.6 | FPS: 1736.9 | Var: dueling
Step: 1286144 | EPS: 0.22 | Rew: -0.34 | Win%: 38.5 | S0: 185.5 | FPS: 1938.3 | Var: dueling
Step: 1287168 | EPS: 0.22 | Rew: -0.34 | Win%: 36.0 | S0: 178.6 | FPS: 1947.5 | Var: dueling
Step: 1288192 | EPS: 0.22 | Rew: -0.29 | Win%: 39.0 | S0: 184.7 | FPS: 1831.7 | Var: dueling
Step: 1289216 | EPS: 0.22 | Rew: -0.14 | Win%: 38.0 | S0: 185.7 | FPS: 1779.1 | Var: dueling
Step: 1290240 | EPS: 0.22 | Rew: -0.12 | Win%: 36.0 | S0: 182.6 | FPS: 1840.8 | Var: dueling
Step: 1291264 | EPS: 0.22 | Rew: 0.09 | Win%: 38.5 | S0: 192.9 | FPS: 1817.8 | Var: dueling
Step: 1292288 | EPS: 0.22 | Rew: -0.02 | Win%: 37.0 | S0: 183.9 | FPS: 1780.8 | Var: dueling
Step: 1293312 | EPS: 0.22 | Rew: -0.04 | Win%: 36.0 | S0: 183.5 | FPS: 2011.1 | Var: dueling
Step: 1294336 | EPS: 0.22 | Rew: -0.05 | Win%: 37.5 | S0: 191.8 | FPS: 1954.9 | Var: dueling
Step: 1295360 | EPS: 0.22 | Rew: -0.02 | Win%: 37.0 | S0: 191.6 | FPS: 1999.3 | Var: dueling
Step: 1296384 | EPS: 0.22 | Rew: -0.15 | Win%: 36.0 | S0: 186.1 | FPS: 1909.6 | Var: dueling
Step: 1297408 | EPS: 0.22 | Rew: -0.16 | Win%: 37.0 | S0: 192.3 | FPS: 1794.6 | Var: dueling
Step: 1298432 | EPS: 0.22 | Rew: -0.06 | Win%: 38.0 | S0: 198.2 | FPS: 1983.0 | Var: dueling
Step: 1299456 | EPS: 0.22 | Rew: -0.09 | Win%: 38.5 | S0: 194.3 | FPS: 1804.7 | Var: dueling
Step: 1300480 | EPS: 0.22 | Rew: -0.23 | Win%: 36.5 | S0: 185.8 | FPS: 1842.4 | Var: dueling
Step: 1301504 | EPS: 0.22 | Rew: -0.17 | Win%: 36.5 | S0: 185.7 | FPS: 1735.1 | Var: dueling
Step: 1302528 | EPS: 0.22 | Rew: -0.05 | Win%: 38.0 | S0: 186.2 | FPS: 1757.3 | Var: dueling
Step: 1303552 | EPS: 0.22 | Rew: -0.10 | Win%: 38.0 | S0: 188.1 | FPS: 1860.7 | Var: dueling
Step: 1304576 | EPS: 0.22 | Rew: -0.04 | Win%: 40.0 | S0: 201.8 | FPS: 1969.4 | Var: dueling
Step: 1305600 | EPS: 0.22 | Rew: -0.00 | Win%: 38.5 | S0: 195.3 | FPS: 1733.6 | Var: dueling
Step: 1306624 | EPS: 0.22 | Rew: 0.08 | Win%: 40.0 | S0: 195.0 | FPS: 1754.7 | Var: dueling
Step: 1307648 | EPS: 0.22 | Rew: 0.06 | Win%: 40.5 | S0: 204.1 | FPS: 1883.0 | Var: dueling
Step: 1308672 | EPS: 0.22 | Rew: 0.05 | Win%: 40.5 | S0: 206.4 | FPS: 1980.4 | Var: dueling
Step: 1309696 | EPS: 0.22 | Rew: -0.12 | Win%: 39.5 | S0: 200.4 | FPS: 1967.3 | Var: dueling
Step: 1310720 | EPS: 0.22 | Rew: -0.16 | Win%: 37.5 | S0: 190.3 | FPS: 1929.9 | Var: dueling
Step: 1311744 | EPS: 0.22 | Rew: -0.20 | Win%: 36.5 | S0: 193.1 | FPS: 1790.6 | Var: dueling
Step: 1312768 | EPS: 0.22 | Rew: -0.41 | Win%: 36.0 | S0: 192.6 | FPS: 1783.1 | Var: dueling
Step: 1313792 | EPS: 0.22 | Rew: -0.41 | Win%: 34.0 | S0: 189.3 | FPS: 1985.1 | Var: dueling
Step: 1314816 | EPS: 0.21 | Rew: -0.33 | Win%: 37.0 | S0: 196.4 | FPS: 1722.4 | Var: dueling
Step: 1315840 | EPS: 0.21 | Rew: -0.32 | Win%: 36.5 | S0: 195.4 | FPS: 1994.0 | Var: dueling
Step: 1316864 | EPS: 0.21 | Rew: -0.27 | Win%: 35.5 | S0: 193.1 | FPS: 1848.0 | Var: dueling
Step: 1317888 | EPS: 0.21 | Rew: -0.23 | Win%: 34.5 | S0: 183.9 | FPS: 1767.6 | Var: dueling
Step: 1318912 | EPS: 0.21 | Rew: -0.23 | Win%: 35.0 | S0: 186.2 | FPS: 1861.3 | Var: dueling
Step: 1319936 | EPS: 0.21 | Rew: -0.03 | Win%: 35.0 | S0: 188.9 | FPS: 1752.7 | Var: dueling
Step: 1320960 | EPS: 0.21 | Rew: -0.16 | Win%: 34.0 | S0: 185.6 | FPS: 1895.6 | Var: dueling
Step: 1321984 | EPS: 0.21 | Rew: -0.22 | Win%: 34.0 | S0: 184.5 | FPS: 1776.9 | Var: dueling
Step: 1323008 | EPS: 0.21 | Rew: -0.20 | Win%: 32.5 | S0: 184.1 | FPS: 1876.3 | Var: dueling
Step: 1324032 | EPS: 0.21 | Rew: -0.32 | Win%: 33.5 | S0: 187.1 | FPS: 1813.2 | Var: dueling
Step: 1325056 | EPS: 0.21 | Rew: -0.36 | Win%: 34.0 | S0: 185.1 | FPS: 1884.2 | Var: dueling
Step: 1326080 | EPS: 0.21 | Rew: -0.35 | Win%: 35.0 | S0: 187.7 | FPS: 1958.5 | Var: dueling
Step: 1327104 | EPS: 0.21 | Rew: -0.21 | Win%: 35.0 | S0: 189.2 | FPS: 1923.0 | Var: dueling
Step: 1328128 | EPS: 0.21 | Rew: -0.26 | Win%: 32.0 | S0: 180.8 | FPS: 1861.6 | Var: dueling
Step: 1329152 | EPS: 0.21 | Rew: -0.13 | Win%: 34.5 | S0: 196.3 | FPS: 1759.8 | Var: dueling
Step: 1330176 | EPS: 0.21 | Rew: -0.10 | Win%: 33.0 | S0: 187.8 | FPS: 1760.2 | Var: dueling
Step: 1331200 | EPS: 0.21 | Rew: 0.02 | Win%: 33.5 | S0: 192.2 | FPS: 1787.7 | Var: dueling
Step: 1332224 | EPS: 0.21 | Rew: 0.05 | Win%: 34.5 | S0: 192.9 | FPS: 1944.4 | Var: dueling
Step: 1333248 | EPS: 0.21 | Rew: -0.00 | Win%: 35.0 | S0: 191.8 | FPS: 1733.6 | Var: dueling
Step: 1334272 | EPS: 0.21 | Rew: 0.06 | Win%: 37.0 | S0: 194.2 | FPS: 1607.5 | Var: dueling
Step: 1335296 | EPS: 0.21 | Rew: 0.09 | Win%: 37.5 | S0: 199.3 | FPS: 1873.8 | Var: dueling
Step: 1336320 | EPS: 0.21 | Rew: 0.07 | Win%: 40.5 | S0: 203.9 | FPS: 1854.0 | Var: dueling
Step: 1337344 | EPS: 0.21 | Rew: 0.15 | Win%: 41.5 | S0: 211.6 | FPS: 1831.4 | Var: dueling
Step: 1338368 | EPS: 0.21 | Rew: 0.14 | Win%: 43.5 | S0: 218.8 | FPS: 1670.6 | Var: dueling
Step: 1339392 | EPS: 0.21 | Rew: 0.16 | Win%: 44.0 | S0: 219.7 | FPS: 1824.4 | Var: dueling
Step: 1340416 | EPS: 0.21 | Rew: 0.08 | Win%: 42.0 | S0: 215.2 | FPS: 1813.7 | Var: dueling
Step: 1341440 | EPS: 0.21 | Rew: -0.04 | Win%: 42.5 | S0: 214.4 | FPS: 2019.0 | Var: dueling
Step: 1342464 | EPS: 0.21 | Rew: -0.11 | Win%: 41.0 | S0: 207.5 | FPS: 1914.8 | Var: dueling
Step: 1343488 | EPS: 0.21 | Rew: -0.20 | Win%: 40.0 | S0: 206.2 | FPS: 1972.0 | Var: dueling
Step: 1344512 | EPS: 0.21 | Rew: -0.27 | Win%: 40.0 | S0: 203.3 | FPS: 1995.7 | Var: dueling
Step: 1345536 | EPS: 0.21 | Rew: -0.39 | Win%: 39.0 | S0: 199.4 | FPS: 1804.6 | Var: dueling
Step: 1346560 | EPS: 0.21 | Rew: -0.37 | Win%: 38.5 | S0: 197.4 | FPS: 1786.6 | Var: dueling
Step: 1347584 | EPS: 0.21 | Rew: -0.46 | Win%: 37.5 | S0: 198.1 | FPS: 1865.7 | Var: dueling
Step: 1348608 | EPS: 0.21 | Rew: -0.33 | Win%: 36.5 | S0: 192.7 | FPS: 1940.0 | Var: dueling
Step: 1349632 | EPS: 0.21 | Rew: -0.35 | Win%: 34.0 | S0: 185.4 | FPS: 1988.9 | Var: dueling
Step: 1350656 | EPS: 0.21 | Rew: -0.26 | Win%: 33.0 | S0: 181.2 | FPS: 1645.9 | Var: dueling
Step: 1351680 | EPS: 0.21 | Rew: -0.33 | Win%: 31.5 | S0: 170.9 | FPS: 1892.6 | Var: dueling
Step: 1352704 | EPS: 0.21 | Rew: -0.29 | Win%: 31.5 | S0: 170.4 | FPS: 1592.3 | Var: dueling
Step: 1353728 | EPS: 0.21 | Rew: -0.22 | Win%: 33.5 | S0: 174.7 | FPS: 1430.8 | Var: dueling
Step: 1354752 | EPS: 0.21 | Rew: -0.13 | Win%: 34.0 | S0: 179.2 | FPS: 1696.7 | Var: dueling
Step: 1355776 | EPS: 0.21 | Rew: -0.04 | Win%: 34.0 | S0: 186.8 | FPS: 1824.1 | Var: dueling
Step: 1356800 | EPS: 0.21 | Rew: -0.01 | Win%: 36.0 | S0: 198.2 | FPS: 1563.7 | Var: dueling
Step: 1357824 | EPS: 0.21 | Rew: 0.10 | Win%: 35.0 | S0: 198.7 | FPS: 1663.8 | Var: dueling
Step: 1358848 | EPS: 0.21 | Rew: 0.10 | Win%: 36.5 | S0: 204.1 | FPS: 1916.1 | Var: dueling
Step: 1359872 | EPS: 0.21 | Rew: 0.05 | Win%: 38.5 | S0: 208.2 | FPS: 1894.8 | Var: dueling
Step: 1360896 | EPS: 0.21 | Rew: 0.13 | Win%: 39.0 | S0: 215.8 | FPS: 1587.7 | Var: dueling
Step: 1361920 | EPS: 0.21 | Rew: 0.20 | Win%: 41.0 | S0: 224.6 | FPS: 1754.3 | Var: dueling
Step: 1362944 | EPS: 0.21 | Rew: 0.08 | Win%: 43.5 | S0: 230.5 | FPS: 1817.2 | Var: dueling
Step: 1363968 | EPS: 0.21 | Rew: 0.10 | Win%: 41.0 | S0: 225.3 | FPS: 1872.4 | Var: dueling
Step: 1364992 | EPS: 0.21 | Rew: 0.08 | Win%: 40.0 | S0: 221.9 | FPS: 1716.4 | Var: dueling
Step: 1366016 | EPS: 0.21 | Rew: 0.05 | Win%: 40.5 | S0: 221.6 | FPS: 1810.7 | Var: dueling
Step: 1367040 | EPS: 0.21 | Rew: -0.06 | Win%: 40.5 | S0: 216.8 | FPS: 1858.1 | Var: dueling
Step: 1368064 | EPS: 0.21 | Rew: -0.01 | Win%: 41.5 | S0: 220.6 | FPS: 1751.9 | Var: dueling
Step: 1369088 | EPS: 0.21 | Rew: 0.09 | Win%: 41.0 | S0: 222.1 | FPS: 1732.8 | Var: dueling
Step: 1370112 | EPS: 0.21 | Rew: 0.16 | Win%: 43.0 | S0: 222.4 | FPS: 1676.7 | Var: dueling
Step: 1371136 | EPS: 0.21 | Rew: 0.15 | Win%: 43.5 | S0: 226.5 | FPS: 1879.8 | Var: dueling
Step: 1372160 | EPS: 0.21 | Rew: 0.18 | Win%: 41.5 | S0: 221.4 | FPS: 1791.2 | Var: dueling
Step: 1373184 | EPS: 0.21 | Rew: 0.11 | Win%: 39.5 | S0: 219.8 | FPS: 1823.1 | Var: dueling
Step: 1374208 | EPS: 0.21 | Rew: -0.00 | Win%: 39.5 | S0: 217.8 | FPS: 1619.2 | Var: dueling
Step: 1375232 | EPS: 0.21 | Rew: -0.14 | Win%: 40.0 | S0: 217.5 | FPS: 1878.1 | Var: dueling
Step: 1376256 | EPS: 0.21 | Rew: -0.12 | Win%: 42.0 | S0: 226.3 | FPS: 1937.8 | Var: dueling
Step: 1377280 | EPS: 0.21 | Rew: 0.02 | Win%: 42.0 | S0: 226.2 | FPS: 1771.4 | Var: dueling
Step: 1378304 | EPS: 0.21 | Rew: 0.02 | Win%: 42.5 | S0: 223.6 | FPS: 1866.6 | Var: dueling
Step: 1379328 | EPS: 0.21 | Rew: 0.17 | Win%: 42.5 | S0: 219.2 | FPS: 1673.3 | Var: dueling
Step: 1380352 | EPS: 0.21 | Rew: 0.24 | Win%: 42.0 | S0: 216.5 | FPS: 1856.6 | Var: dueling
Step: 1381376 | EPS: 0.21 | Rew: 0.11 | Win%: 40.5 | S0: 211.1 | FPS: 1935.0 | Var: dueling
Step: 1382400 | EPS: 0.21 | Rew: 0.05 | Win%: 41.5 | S0: 209.3 | FPS: 1906.9 | Var: dueling
Step: 1383424 | EPS: 0.21 | Rew: -0.03 | Win%: 41.5 | S0: 207.9 | FPS: 1812.9 | Var: dueling
Step: 1384448 | EPS: 0.21 | Rew: -0.04 | Win%: 42.0 | S0: 203.6 | FPS: 1683.3 | Var: dueling
Step: 1385472 | EPS: 0.21 | Rew: 0.04 | Win%: 44.5 | S0: 211.4 | FPS: 1654.2 | Var: dueling
Step: 1386496 | EPS: 0.20 | Rew: -0.03 | Win%: 42.5 | S0: 212.3 | FPS: 1672.4 | Var: dueling
Step: 1387520 | EPS: 0.20 | Rew: -0.02 | Win%: 41.5 | S0: 207.4 | FPS: 1836.1 | Var: dueling
Step: 1388544 | EPS: 0.20 | Rew: -0.01 | Win%: 40.5 | S0: 201.1 | FPS: 1706.9 | Var: dueling
Step: 1389568 | EPS: 0.20 | Rew: 0.02 | Win%: 40.5 | S0: 202.2 | FPS: 1655.2 | Var: dueling
Step: 1390592 | EPS: 0.20 | Rew: 0.02 | Win%: 41.0 | S0: 201.4 | FPS: 1803.6 | Var: dueling
Step: 1391616 | EPS: 0.20 | Rew: -0.02 | Win%: 41.0 | S0: 201.6 | FPS: 1876.3 | Var: dueling
Step: 1392640 | EPS: 0.20 | Rew: 0.01 | Win%: 41.5 | S0: 206.6 | FPS: 1953.7 | Var: dueling
Step: 1393664 | EPS: 0.20 | Rew: -0.01 | Win%: 39.5 | S0: 205.1 | FPS: 1931.7 | Var: dueling
Step: 1394688 | EPS: 0.20 | Rew: 0.03 | Win%: 39.5 | S0: 207.4 | FPS: 1790.0 | Var: dueling
Step: 1395712 | EPS: 0.20 | Rew: 0.01 | Win%: 40.5 | S0: 210.1 | FPS: 1731.8 | Var: dueling
Step: 1396736 | EPS: 0.20 | Rew: 0.06 | Win%: 40.0 | S0: 209.1 | FPS: 1890.3 | Var: dueling
Step: 1397760 | EPS: 0.20 | Rew: 0.02 | Win%: 41.0 | S0: 205.2 | FPS: 1859.8 | Var: dueling
Step: 1398784 | EPS: 0.20 | Rew: 0.05 | Win%: 41.5 | S0: 204.3 | FPS: 1715.0 | Var: dueling
Step: 1399808 | EPS: 0.20 | Rew: 0.00 | Win%: 42.0 | S0: 208.7 | FPS: 1587.3 | Var: dueling
Step: 1400832 | EPS: 0.20 | Rew: -0.07 | Win%: 41.5 | S0: 206.7 | FPS: 1589.8 | Var: dueling
Step: 1401856 | EPS: 0.20 | Rew: 0.04 | Win%: 42.0 | S0: 205.8 | FPS: 1529.9 | Var: dueling
Step: 1402880 | EPS: 0.20 | Rew: -0.11 | Win%: 41.0 | S0: 199.1 | FPS: 1643.6 | Var: dueling
Step: 1403904 | EPS: 0.20 | Rew: -0.09 | Win%: 41.0 | S0: 200.6 | FPS: 1809.1 | Var: dueling
Step: 1404928 | EPS: 0.20 | Rew: -0.04 | Win%: 43.0 | S0: 200.6 | FPS: 1941.1 | Var: dueling
Step: 1405952 | EPS: 0.20 | Rew: -0.12 | Win%: 41.5 | S0: 199.0 | FPS: 1708.1 | Var: dueling
Step: 1406976 | EPS: 0.20 | Rew: -0.23 | Win%: 40.0 | S0: 192.9 | FPS: 1956.2 | Var: dueling
Step: 1408000 | EPS: 0.20 | Rew: -0.10 | Win%: 40.0 | S0: 194.3 | FPS: 1748.1 | Var: dueling
Step: 1409024 | EPS: 0.20 | Rew: -0.10 | Win%: 40.0 | S0: 198.9 | FPS: 1716.6 | Var: dueling
Step: 1410048 | EPS: 0.20 | Rew: -0.09 | Win%: 38.0 | S0: 202.1 | FPS: 1863.2 | Var: dueling
Step: 1411072 | EPS: 0.20 | Rew: -0.12 | Win%: 37.0 | S0: 202.7 | FPS: 1847.3 | Var: dueling
Step: 1412096 | EPS: 0.20 | Rew: -0.09 | Win%: 34.5 | S0: 200.7 | FPS: 1987.7 | Var: dueling
Step: 1413120 | EPS: 0.20 | Rew: -0.18 | Win%: 34.5 | S0: 198.7 | FPS: 1959.9 | Var: dueling
Step: 1414144 | EPS: 0.20 | Rew: -0.12 | Win%: 34.0 | S0: 199.1 | FPS: 1775.5 | Var: dueling
Step: 1415168 | EPS: 0.20 | Rew: -0.13 | Win%: 35.5 | S0: 207.6 | FPS: 2029.6 | Var: dueling
Step: 1416192 | EPS: 0.20 | Rew: -0.06 | Win%: 36.5 | S0: 215.2 | FPS: 1848.5 | Var: dueling
Step: 1417216 | EPS: 0.20 | Rew: -0.01 | Win%: 35.0 | S0: 217.4 | FPS: 1773.9 | Var: dueling
Step: 1418240 | EPS: 0.20 | Rew: 0.01 | Win%: 37.0 | S0: 221.0 | FPS: 1926.6 | Var: dueling
Step: 1419264 | EPS: 0.20 | Rew: 0.02 | Win%: 35.0 | S0: 219.3 | FPS: 1952.2 | Var: dueling
Step: 1420288 | EPS: 0.20 | Rew: 0.00 | Win%: 35.5 | S0: 220.4 | FPS: 1906.0 | Var: dueling
Step: 1421312 | EPS: 0.20 | Rew: -0.04 | Win%: 33.5 | S0: 226.2 | FPS: 2013.6 | Var: dueling
Step: 1422336 | EPS: 0.20 | Rew: -0.15 | Win%: 33.5 | S0: 217.0 | FPS: 1986.4 | Var: dueling
Step: 1423360 | EPS: 0.20 | Rew: -0.22 | Win%: 35.5 | S0: 212.6 | FPS: 1943.9 | Var: dueling
Step: 1424384 | EPS: 0.20 | Rew: -0.16 | Win%: 36.5 | S0: 209.3 | FPS: 1982.7 | Var: dueling
Step: 1425408 | EPS: 0.20 | Rew: -0.08 | Win%: 37.0 | S0: 214.8 | FPS: 1829.7 | Var: dueling
Step: 1426432 | EPS: 0.20 | Rew: -0.09 | Win%: 36.0 | S0: 212.8 | FPS: 1693.4 | Var: dueling
Step: 1427456 | EPS: 0.20 | Rew: -0.13 | Win%: 34.0 | S0: 211.8 | FPS: 2023.2 | Var: dueling
Step: 1428480 | EPS: 0.20 | Rew: -0.10 | Win%: 32.5 | S0: 198.4 | FPS: 1692.7 | Var: dueling
Step: 1429504 | EPS: 0.20 | Rew: -0.15 | Win%: 31.0 | S0: 191.9 | FPS: 1934.0 | Var: dueling
Step: 1430528 | EPS: 0.20 | Rew: -0.11 | Win%: 30.0 | S0: 190.4 | FPS: 2094.6 | Var: dueling
Step: 1431552 | EPS: 0.20 | Rew: -0.32 | Win%: 29.0 | S0: 188.7 | FPS: 1835.4 | Var: dueling
Step: 1432576 | EPS: 0.20 | Rew: -0.33 | Win%: 29.0 | S0: 189.3 | FPS: 1909.3 | Var: dueling
Step: 1433600 | EPS: 0.20 | Rew: -0.21 | Win%: 32.0 | S0: 186.3 | FPS: 2035.3 | Var: dueling
Step: 1434624 | EPS: 0.20 | Rew: -0.14 | Win%: 33.5 | S0: 196.8 | FPS: 1993.2 | Var: dueling
Step: 1435648 | EPS: 0.20 | Rew: -0.13 | Win%: 33.0 | S0: 199.4 | FPS: 2049.2 | Var: dueling
Step: 1436672 | EPS: 0.20 | Rew: -0.07 | Win%: 32.5 | S0: 200.9 | FPS: 1936.6 | Var: dueling
Step: 1437696 | EPS: 0.20 | Rew: -0.05 | Win%: 31.0 | S0: 201.0 | FPS: 1787.5 | Var: dueling
Step: 1438720 | EPS: 0.20 | Rew: -0.06 | Win%: 29.5 | S0: 203.2 | FPS: 1981.4 | Var: dueling
Step: 1439744 | EPS: 0.20 | Rew: -0.09 | Win%: 31.5 | S0: 203.0 | FPS: 1954.0 | Var: dueling
Step: 1440768 | EPS: 0.20 | Rew: -0.18 | Win%: 32.5 | S0: 207.7 | FPS: 1697.0 | Var: dueling
Step: 1441792 | EPS: 0.20 | Rew: -0.20 | Win%: 31.5 | S0: 200.7 | FPS: 1967.8 | Var: dueling
Step: 1442816 | EPS: 0.20 | Rew: -0.18 | Win%: 33.5 | S0: 204.9 | FPS: 1978.9 | Var: dueling
Step: 1443840 | EPS: 0.20 | Rew: -0.17 | Win%: 34.5 | S0: 204.8 | FPS: 1709.9 | Var: dueling
Step: 1444864 | EPS: 0.20 | Rew: -0.17 | Win%: 34.0 | S0: 200.7 | FPS: 1807.6 | Var: dueling
Step: 1445888 | EPS: 0.20 | Rew: -0.20 | Win%: 31.5 | S0: 196.4 | FPS: 1725.8 | Var: dueling
Step: 1446912 | EPS: 0.20 | Rew: -0.13 | Win%: 30.5 | S0: 193.1 | FPS: 1773.7 | Var: dueling
Step: 1447936 | EPS: 0.20 | Rew: 0.03 | Win%: 31.0 | S0: 204.8 | FPS: 1770.2 | Var: dueling
Step: 1448960 | EPS: 0.20 | Rew: 0.02 | Win%: 32.0 | S0: 205.6 | FPS: 2012.1 | Var: dueling
Step: 1449984 | EPS: 0.20 | Rew: 0.00 | Win%: 31.5 | S0: 201.0 | FPS: 1977.5 | Var: dueling
Step: 1451008 | EPS: 0.20 | Rew: -0.02 | Win%: 33.0 | S0: 200.4 | FPS: 2020.2 | Var: dueling
Step: 1452032 | EPS: 0.20 | Rew: 0.02 | Win%: 33.0 | S0: 208.0 | FPS: 1717.7 | Var: dueling
Step: 1453056 | EPS: 0.20 | Rew: -0.04 | Win%: 33.0 | S0: 206.6 | FPS: 1967.4 | Var: dueling
Step: 1454080 | EPS: 0.20 | Rew: -0.21 | Win%: 34.0 | S0: 207.1 | FPS: 1620.1 | Var: dueling
Step: 1455104 | EPS: 0.20 | Rew: -0.18 | Win%: 34.5 | S0: 213.2 | FPS: 1987.3 | Var: dueling
Step: 1456128 | EPS: 0.20 | Rew: -0.10 | Win%: 35.5 | S0: 217.7 | FPS: 1702.3 | Var: dueling
Step: 1457152 | EPS: 0.19 | Rew: 0.01 | Win%: 38.0 | S0: 225.5 | FPS: 1984.2 | Var: dueling
Step: 1458176 | EPS: 0.19 | Rew: -0.00 | Win%: 38.5 | S0: 225.3 | FPS: 2029.4 | Var: dueling
Step: 1459200 | EPS: 0.19 | Rew: 0.00 | Win%: 40.0 | S0: 229.4 | FPS: 1922.6 | Var: dueling
Step: 1460224 | EPS: 0.19 | Rew: 0.01 | Win%: 41.0 | S0: 224.1 | FPS: 1776.7 | Var: dueling
Step: 1461248 | EPS: 0.19 | Rew: 0.12 | Win%: 41.5 | S0: 221.4 | FPS: 2018.0 | Var: dueling
Step: 1462272 | EPS: 0.19 | Rew: 0.16 | Win%: 43.0 | S0: 217.9 | FPS: 2000.5 | Var: dueling
Step: 1463296 | EPS: 0.19 | Rew: 0.13 | Win%: 45.0 | S0: 228.5 | FPS: 1973.4 | Var: dueling
Step: 1464320 | EPS: 0.19 | Rew: 0.01 | Win%: 43.5 | S0: 219.9 | FPS: 1602.3 | Var: dueling
Step: 1465344 | EPS: 0.19 | Rew: -0.03 | Win%: 43.0 | S0: 212.7 | FPS: 1856.6 | Var: dueling
Step: 1466368 | EPS: 0.19 | Rew: 0.09 | Win%: 45.0 | S0: 219.8 | FPS: 1838.5 | Var: dueling
Step: 1467392 | EPS: 0.19 | Rew: -0.05 | Win%: 45.0 | S0: 217.3 | FPS: 1761.3 | Var: dueling
Step: 1468416 | EPS: 0.19 | Rew: -0.01 | Win%: 44.5 | S0: 215.2 | FPS: 1889.9 | Var: dueling
Step: 1469440 | EPS: 0.19 | Rew: -0.14 | Win%: 44.0 | S0: 211.8 | FPS: 2005.1 | Var: dueling
Step: 1470464 | EPS: 0.19 | Rew: -0.27 | Win%: 43.0 | S0: 205.9 | FPS: 1879.3 | Var: dueling
Step: 1471488 | EPS: 0.19 | Rew: -0.26 | Win%: 41.5 | S0: 205.8 | FPS: 2038.0 | Var: dueling
Step: 1472512 | EPS: 0.19 | Rew: -0.28 | Win%: 39.5 | S0: 201.4 | FPS: 2041.0 | Var: dueling
Step: 1473536 | EPS: 0.19 | Rew: -0.31 | Win%: 38.5 | S0: 198.7 | FPS: 1894.6 | Var: dueling
Step: 1474560 | EPS: 0.19 | Rew: -0.29 | Win%: 38.0 | S0: 198.2 | FPS: 2017.9 | Var: dueling
Step: 1475584 | EPS: 0.19 | Rew: -0.14 | Win%: 41.0 | S0: 212.3 | FPS: 1923.1 | Var: dueling
Step: 1476608 | EPS: 0.19 | Rew: -0.07 | Win%: 40.5 | S0: 206.6 | FPS: 1879.9 | Var: dueling
Step: 1477632 | EPS: 0.19 | Rew: 0.05 | Win%: 40.0 | S0: 203.1 | FPS: 2029.3 | Var: dueling
Step: 1478656 | EPS: 0.19 | Rew: -0.02 | Win%: 40.5 | S0: 204.3 | FPS: 1979.5 | Var: dueling
Step: 1479680 | EPS: 0.19 | Rew: 0.16 | Win%: 42.5 | S0: 213.4 | FPS: 1898.0 | Var: dueling
Step: 1480704 | EPS: 0.19 | Rew: 0.28 | Win%: 44.0 | S0: 214.1 | FPS: 1710.4 | Var: dueling
Step: 1481728 | EPS: 0.19 | Rew: 0.24 | Win%: 44.0 | S0: 219.3 | FPS: 1856.2 | Var: dueling
Step: 1482752 | EPS: 0.19 | Rew: 0.30 | Win%: 44.5 | S0: 225.4 | FPS: 1937.9 | Var: dueling
Step: 1483776 | EPS: 0.19 | Rew: 0.15 | Win%: 45.5 | S0: 224.2 | FPS: 1811.6 | Var: dueling
Step: 1484800 | EPS: 0.19 | Rew: 0.26 | Win%: 47.0 | S0: 226.3 | FPS: 1891.0 | Var: dueling
Step: 1485824 | EPS: 0.19 | Rew: 0.16 | Win%: 47.0 | S0: 225.7 | FPS: 1810.6 | Var: dueling
Step: 1486848 | EPS: 0.19 | Rew: 0.16 | Win%: 49.5 | S0: 235.4 | FPS: 2058.4 | Var: dueling
Step: 1487872 | EPS: 0.19 | Rew: 0.13 | Win%: 49.5 | S0: 234.3 | FPS: 1680.4 | Var: dueling
Step: 1488896 | EPS: 0.19 | Rew: 0.15 | Win%: 49.5 | S0: 232.9 | FPS: 1876.7 | Var: dueling
Step: 1489920 | EPS: 0.19 | Rew: 0.09 | Win%: 48.5 | S0: 224.5 | FPS: 2015.0 | Var: dueling
Step: 1490944 | EPS: 0.19 | Rew: 0.19 | Win%: 48.0 | S0: 226.2 | FPS: 1988.9 | Var: dueling
Step: 1491968 | EPS: 0.19 | Rew: 0.20 | Win%: 47.0 | S0: 227.8 | FPS: 2082.0 | Var: dueling
Step: 1492992 | EPS: 0.19 | Rew: 0.14 | Win%: 48.5 | S0: 231.9 | FPS: 1940.4 | Var: dueling
Step: 1494016 | EPS: 0.19 | Rew: 0.14 | Win%: 46.0 | S0: 224.2 | FPS: 1982.3 | Var: dueling
Step: 1495040 | EPS: 0.19 | Rew: 0.06 | Win%: 44.0 | S0: 218.4 | FPS: 2049.6 | Var: dueling
Step: 1496064 | EPS: 0.19 | Rew: 0.00 | Win%: 42.0 | S0: 216.8 | FPS: 2026.0 | Var: dueling
Step: 1497088 | EPS: 0.19 | Rew: -0.04 | Win%: 42.0 | S0: 208.5 | FPS: 2021.8 | Var: dueling
Step: 1498112 | EPS: 0.19 | Rew: -0.03 | Win%: 43.5 | S0: 216.8 | FPS: 1854.0 | Var: dueling
Step: 1499136 | EPS: 0.19 | Rew: -0.01 | Win%: 43.5 | S0: 221.1 | FPS: 1923.1 | Var: dueling
Step: 1500160 | EPS: 0.19 | Rew: -0.14 | Win%: 41.0 | S0: 214.4 | FPS: 1985.9 | Var: dueling
Step: 1501184 | EPS: 0.19 | Rew: -0.21 | Win%: 40.5 | S0: 213.2 | FPS: 1990.7 | Var: dueling
Step: 1502208 | EPS: 0.19 | Rew: -0.19 | Win%: 39.0 | S0: 211.6 | FPS: 1885.2 | Var: dueling
Step: 1503232 | EPS: 0.19 | Rew: -0.13 | Win%: 40.5 | S0: 213.4 | FPS: 1794.0 | Var: dueling
Step: 1504256 | EPS: 0.19 | Rew: -0.15 | Win%: 38.0 | S0: 208.7 | FPS: 1927.0 | Var: dueling
Step: 1505280 | EPS: 0.19 | Rew: -0.21 | Win%: 38.0 | S0: 211.2 | FPS: 1732.6 | Var: dueling
Step: 1506304 | EPS: 0.19 | Rew: -0.22 | Win%: 37.0 | S0: 210.7 | FPS: 1980.2 | Var: dueling
Step: 1507328 | EPS: 0.19 | Rew: -0.17 | Win%: 36.5 | S0: 210.1 | FPS: 1955.3 | Var: dueling
Step: 1508352 | EPS: 0.19 | Rew: -0.02 | Win%: 37.5 | S0: 212.7 | FPS: 1996.8 | Var: dueling
Step: 1509376 | EPS: 0.19 | Rew: -0.03 | Win%: 38.5 | S0: 214.8 | FPS: 1739.1 | Var: dueling
Step: 1510400 | EPS: 0.19 | Rew: 0.03 | Win%: 41.0 | S0: 219.6 | FPS: 1865.6 | Var: dueling
Step: 1511424 | EPS: 0.19 | Rew: -0.01 | Win%: 41.0 | S0: 220.9 | FPS: 1875.1 | Var: dueling
Step: 1512448 | EPS: 0.19 | Rew: 0.02 | Win%: 40.0 | S0: 212.3 | FPS: 1714.5 | Var: dueling
Step: 1513472 | EPS: 0.19 | Rew: 0.12 | Win%: 43.0 | S0: 215.3 | FPS: 1893.8 | Var: dueling
Step: 1514496 | EPS: 0.19 | Rew: 0.05 | Win%: 42.5 | S0: 215.1 | FPS: 1928.8 | Var: dueling
Step: 1515520 | EPS: 0.19 | Rew: -0.00 | Win%: 41.5 | S0: 205.6 | FPS: 1905.6 | Var: dueling
Step: 1516544 | EPS: 0.19 | Rew: -0.05 | Win%: 41.5 | S0: 205.9 | FPS: 1838.6 | Var: dueling
Step: 1517568 | EPS: 0.19 | Rew: -0.01 | Win%: 42.5 | S0: 207.1 | FPS: 1937.5 | Var: dueling
Step: 1518592 | EPS: 0.19 | Rew: -0.03 | Win%: 42.5 | S0: 205.8 | FPS: 1985.1 | Var: dueling
Step: 1519616 | EPS: 0.19 | Rew: 0.04 | Win%: 45.5 | S0: 211.8 | FPS: 2063.8 | Var: dueling
Step: 1520640 | EPS: 0.19 | Rew: -0.08 | Win%: 42.5 | S0: 204.4 | FPS: 1791.0 | Var: dueling
Step: 1521664 | EPS: 0.19 | Rew: 0.05 | Win%: 42.5 | S0: 201.8 | FPS: 1620.7 | Var: dueling
Step: 1522688 | EPS: 0.19 | Rew: 0.07 | Win%: 43.5 | S0: 205.6 | FPS: 1796.3 | Var: dueling
Step: 1523712 | EPS: 0.19 | Rew: 0.08 | Win%: 42.5 | S0: 210.4 | FPS: 1848.6 | Var: dueling
Step: 1524736 | EPS: 0.19 | Rew: 0.15 | Win%: 42.5 | S0: 214.3 | FPS: 1743.4 | Var: dueling
Step: 1525760 | EPS: 0.19 | Rew: 0.11 | Win%: 40.5 | S0: 207.2 | FPS: 1932.1 | Var: dueling
Step: 1526784 | EPS: 0.19 | Rew: 0.14 | Win%: 41.5 | S0: 214.0 | FPS: 1699.5 | Var: dueling
Step: 1527808 | EPS: 0.18 | Rew: 0.22 | Win%: 42.0 | S0: 218.2 | FPS: 1927.2 | Var: dueling
Step: 1528832 | EPS: 0.18 | Rew: 0.08 | Win%: 42.5 | S0: 223.8 | FPS: 1957.2 | Var: dueling
Step: 1529856 | EPS: 0.18 | Rew: 0.14 | Win%: 44.0 | S0: 231.6 | FPS: 1916.5 | Var: dueling
Step: 1530880 | EPS: 0.18 | Rew: 0.18 | Win%: 44.5 | S0: 234.3 | FPS: 1726.5 | Var: dueling
Step: 1531904 | EPS: 0.18 | Rew: 0.18 | Win%: 45.0 | S0: 234.2 | FPS: 1788.6 | Var: dueling
Step: 1532928 | EPS: 0.18 | Rew: 0.09 | Win%: 43.5 | S0: 231.0 | FPS: 1958.7 | Var: dueling
Step: 1533952 | EPS: 0.18 | Rew: -0.02 | Win%: 42.5 | S0: 225.3 | FPS: 1900.9 | Var: dueling
Step: 1534976 | EPS: 0.18 | Rew: -0.03 | Win%: 42.5 | S0: 217.9 | FPS: 1942.3 | Var: dueling
Step: 1536000 | EPS: 0.18 | Rew: -0.14 | Win%: 42.0 | S0: 212.7 | FPS: 1834.2 | Var: dueling
Step: 1537024 | EPS: 0.18 | Rew: -0.27 | Win%: 42.0 | S0: 206.1 | FPS: 1783.2 | Var: dueling
Step: 1538048 | EPS: 0.18 | Rew: -0.29 | Win%: 42.5 | S0: 206.2 | FPS: 1750.0 | Var: dueling
Step: 1539072 | EPS: 0.18 | Rew: -0.35 | Win%: 42.0 | S0: 201.9 | FPS: 1827.9 | Var: dueling
Step: 1540096 | EPS: 0.18 | Rew: -0.19 | Win%: 41.5 | S0: 201.3 | FPS: 1820.8 | Var: dueling
Step: 1541120 | EPS: 0.18 | Rew: -0.13 | Win%: 40.5 | S0: 196.9 | FPS: 2003.1 | Var: dueling
Step: 1542144 | EPS: 0.18 | Rew: -0.24 | Win%: 40.5 | S0: 193.3 | FPS: 2183.9 | Var: dueling
Step: 1543168 | EPS: 0.18 | Rew: -0.07 | Win%: 41.5 | S0: 201.8 | FPS: 2006.6 | Var: dueling
Step: 1544192 | EPS: 0.18 | Rew: -0.05 | Win%: 39.5 | S0: 197.9 | FPS: 1943.7 | Var: dueling
Step: 1545216 | EPS: 0.18 | Rew: 0.09 | Win%: 39.0 | S0: 200.2 | FPS: 2094.9 | Var: dueling
Step: 1546240 | EPS: 0.18 | Rew: 0.06 | Win%: 39.5 | S0: 203.2 | FPS: 2114.4 | Var: dueling
Step: 1547264 | EPS: 0.18 | Rew: 0.17 | Win%: 41.5 | S0: 212.3 | FPS: 1918.9 | Var: dueling
Step: 1548288 | EPS: 0.18 | Rew: 0.25 | Win%: 41.5 | S0: 216.3 | FPS: 1832.5 | Var: dueling
Step: 1549312 | EPS: 0.18 | Rew: 0.16 | Win%: 42.5 | S0: 221.7 | FPS: 1706.4 | Var: dueling
Step: 1550336 | EPS: 0.18 | Rew: 0.17 | Win%: 42.0 | S0: 226.2 | FPS: 1666.8 | Var: dueling
Step: 1551360 | EPS: 0.18 | Rew: 0.17 | Win%: 43.0 | S0: 231.2 | FPS: 1902.2 | Var: dueling
Step: 1552384 | EPS: 0.18 | Rew: 0.02 | Win%: 41.5 | S0: 218.3 | FPS: 2005.7 | Var: dueling
Step: 1553408 | EPS: 0.18 | Rew: 0.05 | Win%: 41.5 | S0: 216.5 | FPS: 1753.8 | Var: dueling
Step: 1554432 | EPS: 0.18 | Rew: 0.10 | Win%: 42.5 | S0: 222.9 | FPS: 1510.2 | Var: dueling
Step: 1555456 | EPS: 0.18 | Rew: 0.09 | Win%: 41.5 | S0: 220.2 | FPS: 1836.2 | Var: dueling
Step: 1556480 | EPS: 0.18 | Rew: 0.09 | Win%: 42.0 | S0: 217.4 | FPS: 1924.5 | Var: dueling
Step: 1557504 | EPS: 0.18 | Rew: -0.03 | Win%: 41.0 | S0: 210.8 | FPS: 1843.4 | Var: dueling
Step: 1558528 | EPS: 0.18 | Rew: -0.09 | Win%: 37.5 | S0: 195.6 | FPS: 1676.5 | Var: dueling
Step: 1559552 | EPS: 0.18 | Rew: -0.17 | Win%: 38.5 | S0: 192.2 | FPS: 1653.0 | Var: dueling
Step: 1560576 | EPS: 0.18 | Rew: -0.25 | Win%: 36.5 | S0: 188.1 | FPS: 1712.7 | Var: dueling
Step: 1561600 | EPS: 0.18 | Rew: -0.23 | Win%: 37.5 | S0: 188.3 | FPS: 1912.3 | Var: dueling
Step: 1562624 | EPS: 0.18 | Rew: -0.30 | Win%: 36.0 | S0: 185.4 | FPS: 1916.3 | Var: dueling
Step: 1563648 | EPS: 0.18 | Rew: -0.18 | Win%: 37.0 | S0: 186.3 | FPS: 1744.3 | Var: dueling
Step: 1564672 | EPS: 0.18 | Rew: -0.10 | Win%: 36.5 | S0: 189.6 | FPS: 1807.2 | Var: dueling
Step: 1565696 | EPS: 0.18 | Rew: -0.11 | Win%: 35.0 | S0: 185.4 | FPS: 1716.4 | Var: dueling
Step: 1566720 | EPS: 0.18 | Rew: 0.01 | Win%: 34.5 | S0: 189.0 | FPS: 1959.0 | Var: dueling
Step: 1567744 | EPS: 0.18 | Rew: 0.01 | Win%: 35.0 | S0: 192.4 | FPS: 1943.8 | Var: dueling
Step: 1568768 | EPS: 0.18 | Rew: 0.13 | Win%: 38.0 | S0: 202.4 | FPS: 1964.2 | Var: dueling
Step: 1569792 | EPS: 0.18 | Rew: 0.08 | Win%: 38.5 | S0: 209.3 | FPS: 1943.3 | Var: dueling
Step: 1570816 | EPS: 0.18 | Rew: 0.01 | Win%: 38.0 | S0: 208.8 | FPS: 1917.1 | Var: dueling
Step: 1571840 | EPS: 0.18 | Rew: 0.13 | Win%: 38.0 | S0: 221.7 | FPS: 1903.1 | Var: dueling
Step: 1572864 | EPS: 0.18 | Rew: 0.11 | Win%: 39.0 | S0: 228.7 | FPS: 1767.3 | Var: dueling
Step: 1573888 | EPS: 0.18 | Rew: 0.08 | Win%: 38.5 | S0: 235.8 | FPS: 1815.1 | Var: dueling
Step: 1574912 | EPS: 0.18 | Rew: 0.06 | Win%: 39.5 | S0: 241.2 | FPS: 1988.6 | Var: dueling
Step: 1575936 | EPS: 0.18 | Rew: 0.14 | Win%: 38.0 | S0: 232.7 | FPS: 1899.7 | Var: dueling
Step: 1576960 | EPS: 0.18 | Rew: 0.13 | Win%: 39.5 | S0: 238.7 | FPS: 1741.2 | Var: dueling
Step: 1577984 | EPS: 0.18 | Rew: 0.22 | Win%: 40.5 | S0: 241.8 | FPS: 1695.8 | Var: dueling
Step: 1579008 | EPS: 0.18 | Rew: 0.18 | Win%: 38.5 | S0: 237.7 | FPS: 1950.5 | Var: dueling
Step: 1580032 | EPS: 0.18 | Rew: 0.12 | Win%: 38.0 | S0: 227.3 | FPS: 1751.0 | Var: dueling
Step: 1581056 | EPS: 0.18 | Rew: 0.14 | Win%: 39.0 | S0: 227.2 | FPS: 1727.4 | Var: dueling
Step: 1582080 | EPS: 0.18 | Rew: 0.05 | Win%: 38.0 | S0: 231.6 | FPS: 1728.9 | Var: dueling
Step: 1583104 | EPS: 0.18 | Rew: 0.02 | Win%: 39.0 | S0: 234.4 | FPS: 1631.7 | Var: dueling
Step: 1584128 | EPS: 0.18 | Rew: 0.10 | Win%: 38.5 | S0: 227.2 | FPS: 1687.5 | Var: dueling
Step: 1585152 | EPS: 0.18 | Rew: 0.08 | Win%: 38.0 | S0: 224.8 | FPS: 1586.7 | Var: dueling
Step: 1586176 | EPS: 0.18 | Rew: 0.03 | Win%: 38.0 | S0: 224.4 | FPS: 1894.1 | Var: dueling
Step: 1587200 | EPS: 0.18 | Rew: -0.00 | Win%: 36.5 | S0: 221.2 | FPS: 1917.3 | Var: dueling
Step: 1588224 | EPS: 0.18 | Rew: 0.08 | Win%: 37.5 | S0: 221.3 | FPS: 1718.9 | Var: dueling
Step: 1589248 | EPS: 0.18 | Rew: 0.09 | Win%: 38.5 | S0: 225.6 | FPS: 1920.7 | Var: dueling
Step: 1590272 | EPS: 0.18 | Rew: -0.04 | Win%: 37.0 | S0: 214.4 | FPS: 1981.5 | Var: dueling
Step: 1591296 | EPS: 0.18 | Rew: -0.06 | Win%: 36.0 | S0: 215.6 | FPS: 1750.1 | Var: dueling
Step: 1592320 | EPS: 0.18 | Rew: 0.02 | Win%: 37.0 | S0: 215.4 | FPS: 1892.0 | Var: dueling
Step: 1593344 | EPS: 0.18 | Rew: 0.07 | Win%: 40.5 | S0: 222.3 | FPS: 1959.5 | Var: dueling
Step: 1594368 | EPS: 0.18 | Rew: 0.14 | Win%: 42.0 | S0: 220.8 | FPS: 1967.2 | Var: dueling
Step: 1595392 | EPS: 0.18 | Rew: 0.23 | Win%: 40.5 | S0: 216.6 | FPS: 1938.8 | Var: dueling
Step: 1596416 | EPS: 0.18 | Rew: 0.27 | Win%: 42.5 | S0: 219.7 | FPS: 1871.9 | Var: dueling
Step: 1597440 | EPS: 0.18 | Rew: 0.31 | Win%: 43.0 | S0: 223.2 | FPS: 1945.5 | Var: dueling
Step: 1598464 | EPS: 0.18 | Rew: 0.22 | Win%: 42.5 | S0: 221.6 | FPS: 1652.9 | Var: dueling
Step: 1599488 | EPS: 0.17 | Rew: 0.15 | Win%: 41.0 | S0: 222.3 | FPS: 1581.1 | Var: dueling
Step: 1600512 | EPS: 0.17 | Rew: 0.10 | Win%: 41.5 | S0: 219.1 | FPS: 1849.9 | Var: dueling
Step: 1601536 | EPS: 0.17 | Rew: 0.07 | Win%: 41.0 | S0: 223.2 | FPS: 1752.4 | Var: dueling
Step: 1602560 | EPS: 0.17 | Rew: 0.12 | Win%: 42.5 | S0: 231.4 | FPS: 1812.1 | Var: dueling
Step: 1603584 | EPS: 0.17 | Rew: 0.14 | Win%: 43.0 | S0: 232.1 | FPS: 1499.9 | Var: dueling
Step: 1604608 | EPS: 0.17 | Rew: 0.08 | Win%: 41.5 | S0: 223.2 | FPS: 1894.4 | Var: dueling
Step: 1605632 | EPS: 0.17 | Rew: 0.08 | Win%: 41.0 | S0: 218.8 | FPS: 1832.6 | Var: dueling
Step: 1606656 | EPS: 0.17 | Rew: 0.18 | Win%: 41.0 | S0: 226.9 | FPS: 1833.1 | Var: dueling
Step: 1607680 | EPS: 0.17 | Rew: 0.21 | Win%: 40.5 | S0: 225.1 | FPS: 1632.6 | Var: dueling
Step: 1608704 | EPS: 0.17 | Rew: 0.17 | Win%: 42.0 | S0: 229.1 | FPS: 1604.9 | Var: dueling
Step: 1609728 | EPS: 0.17 | Rew: 0.11 | Win%: 41.0 | S0: 224.3 | FPS: 1738.7 | Var: dueling
Step: 1610752 | EPS: 0.17 | Rew: 0.08 | Win%: 40.0 | S0: 223.1 | FPS: 1620.2 | Var: dueling
Step: 1611776 | EPS: 0.17 | Rew: 0.10 | Win%: 41.0 | S0: 219.7 | FPS: 1874.5 | Var: dueling
Step: 1612800 | EPS: 0.17 | Rew: 0.09 | Win%: 41.5 | S0: 221.9 | FPS: 1787.3 | Var: dueling
Step: 1613824 | EPS: 0.17 | Rew: 0.11 | Win%: 43.5 | S0: 228.3 | FPS: 1393.8 | Var: dueling
Step: 1614848 | EPS: 0.17 | Rew: 0.03 | Win%: 42.0 | S0: 217.7 | FPS: 1946.4 | Var: dueling
Step: 1615872 | EPS: 0.17 | Rew: 0.04 | Win%: 41.5 | S0: 213.8 | FPS: 1791.6 | Var: dueling
Step: 1616896 | EPS: 0.17 | Rew: 0.09 | Win%: 41.5 | S0: 209.6 | FPS: 1623.4 | Var: dueling
Step: 1617920 | EPS: 0.17 | Rew: 0.14 | Win%: 42.5 | S0: 217.8 | FPS: 1747.5 | Var: dueling
Step: 1618944 | EPS: 0.17 | Rew: 0.20 | Win%: 43.0 | S0: 221.2 | FPS: 1796.0 | Var: dueling
Step: 1619968 | EPS: 0.17 | Rew: -0.03 | Win%: 41.0 | S0: 208.8 | FPS: 1931.7 | Var: dueling
Step: 1620992 | EPS: 0.17 | Rew: -0.06 | Win%: 41.0 | S0: 209.3 | FPS: 1954.7 | Var: dueling
Step: 1622016 | EPS: 0.17 | Rew: -0.06 | Win%: 40.5 | S0: 206.9 | FPS: 1672.3 | Var: dueling
Step: 1623040 | EPS: 0.17 | Rew: 0.03 | Win%: 41.0 | S0: 213.3 | FPS: 1835.6 | Var: dueling
Step: 1624064 | EPS: 0.17 | Rew: 0.10 | Win%: 41.5 | S0: 221.8 | FPS: 1907.3 | Var: dueling
Step: 1625088 | EPS: 0.17 | Rew: 0.11 | Win%: 43.0 | S0: 226.4 | FPS: 1752.7 | Var: dueling
Step: 1626112 | EPS: 0.17 | Rew: 0.06 | Win%: 42.5 | S0: 226.9 | FPS: 1814.9 | Var: dueling
Step: 1627136 | EPS: 0.17 | Rew: 0.17 | Win%: 40.5 | S0: 219.4 | FPS: 1958.9 | Var: dueling
Step: 1628160 | EPS: 0.17 | Rew: 0.19 | Win%: 42.5 | S0: 227.8 | FPS: 1894.9 | Var: dueling
Step: 1629184 | EPS: 0.17 | Rew: 0.18 | Win%: 43.5 | S0: 238.9 | FPS: 1943.5 | Var: dueling
Step: 1630208 | EPS: 0.17 | Rew: 0.24 | Win%: 43.5 | S0: 243.8 | FPS: 1899.8 | Var: dueling
Step: 1631232 | EPS: 0.17 | Rew: 0.19 | Win%: 44.0 | S0: 244.6 | FPS: 1973.1 | Var: dueling
Step: 1632256 | EPS: 0.17 | Rew: 0.29 | Win%: 45.0 | S0: 246.4 | FPS: 1935.3 | Var: dueling
Step: 1633280 | EPS: 0.17 | Rew: 0.33 | Win%: 45.0 | S0: 245.2 | FPS: 1953.4 | Var: dueling
Step: 1634304 | EPS: 0.17 | Rew: 0.30 | Win%: 45.5 | S0: 243.2 | FPS: 2040.9 | Var: dueling
Step: 1635328 | EPS: 0.17 | Rew: 0.26 | Win%: 44.5 | S0: 239.8 | FPS: 1974.9 | Var: dueling
Step: 1636352 | EPS: 0.17 | Rew: 0.26 | Win%: 46.0 | S0: 247.9 | FPS: 2211.3 | Var: dueling
Step: 1637376 | EPS: 0.17 | Rew: 0.17 | Win%: 44.5 | S0: 248.2 | FPS: 1903.6 | Var: dueling
Step: 1638400 | EPS: 0.17 | Rew: 0.24 | Win%: 46.5 | S0: 254.5 | FPS: 1713.1 | Var: dueling
Step: 1639424 | EPS: 0.17 | Rew: 0.21 | Win%: 45.5 | S0: 248.8 | FPS: 1828.2 | Var: dueling
Step: 1640448 | EPS: 0.17 | Rew: 0.25 | Win%: 45.5 | S0: 250.4 | FPS: 2045.2 | Var: dueling
Step: 1641472 | EPS: 0.17 | Rew: 0.15 | Win%: 43.5 | S0: 238.8 | FPS: 2392.8 | Var: dueling
Step: 1642496 | EPS: 0.17 | Rew: 0.12 | Win%: 41.5 | S0: 231.7 | FPS: 2000.9 | Var: dueling
Step: 1643520 | EPS: 0.17 | Rew: 0.06 | Win%: 39.5 | S0: 236.1 | FPS: 1980.2 | Var: dueling
Step: 1644544 | EPS: 0.17 | Rew: 0.04 | Win%: 38.5 | S0: 236.2 | FPS: 1871.0 | Var: dueling
Step: 1645568 | EPS: 0.17 | Rew: -0.02 | Win%: 38.5 | S0: 245.8 | FPS: 2177.6 | Var: dueling
Step: 1646592 | EPS: 0.17 | Rew: -0.00 | Win%: 39.0 | S0: 250.4 | FPS: 2291.8 | Var: dueling
Step: 1647616 | EPS: 0.17 | Rew: -0.03 | Win%: 38.5 | S0: 249.8 | FPS: 1920.3 | Var: dueling
Step: 1648640 | EPS: 0.17 | Rew: 0.05 | Win%: 36.5 | S0: 241.8 | FPS: 2089.7 | Var: dueling
Step: 1649664 | EPS: 0.17 | Rew: 0.08 | Win%: 36.5 | S0: 241.2 | FPS: 2029.3 | Var: dueling
Step: 1650688 | EPS: 0.17 | Rew: 0.08 | Win%: 35.0 | S0: 238.1 | FPS: 1817.5 | Var: dueling
Step: 1651712 | EPS: 0.17 | Rew: 0.14 | Win%: 34.0 | S0: 235.8 | FPS: 2150.2 | Var: dueling
Step: 1652736 | EPS: 0.17 | Rew: 0.11 | Win%: 34.5 | S0: 245.2 | FPS: 2099.0 | Var: dueling
Step: 1653760 | EPS: 0.17 | Rew: 0.12 | Win%: 35.0 | S0: 251.2 | FPS: 2233.5 | Var: dueling
Step: 1654784 | EPS: 0.17 | Rew: 0.19 | Win%: 37.0 | S0: 258.1 | FPS: 2129.6 | Var: dueling
Step: 1655808 | EPS: 0.17 | Rew: 0.15 | Win%: 37.5 | S0: 253.2 | FPS: 2251.6 | Var: dueling
Step: 1656832 | EPS: 0.17 | Rew: 0.18 | Win%: 37.0 | S0: 249.8 | FPS: 2000.5 | Var: dueling
Step: 1657856 | EPS: 0.17 | Rew: 0.13 | Win%: 36.5 | S0: 239.8 | FPS: 1895.3 | Var: dueling
Step: 1658880 | EPS: 0.17 | Rew: 0.04 | Win%: 35.5 | S0: 233.7 | FPS: 2190.2 | Var: dueling
Step: 1659904 | EPS: 0.17 | Rew: -0.08 | Win%: 33.5 | S0: 228.2 | FPS: 2186.1 | Var: dueling
Step: 1660928 | EPS: 0.17 | Rew: 0.04 | Win%: 35.0 | S0: 239.2 | FPS: 2053.5 | Var: dueling
Step: 1661952 | EPS: 0.17 | Rew: 0.00 | Win%: 35.5 | S0: 234.8 | FPS: 1927.7 | Var: dueling
Step: 1662976 | EPS: 0.17 | Rew: 0.04 | Win%: 37.0 | S0: 237.7 | FPS: 1718.4 | Var: dueling
Step: 1664000 | EPS: 0.17 | Rew: 0.06 | Win%: 36.0 | S0: 237.7 | FPS: 1934.9 | Var: dueling
Step: 1665024 | EPS: 0.17 | Rew: 0.02 | Win%: 34.5 | S0: 229.0 | FPS: 1953.3 | Var: dueling
Step: 1666048 | EPS: 0.17 | Rew: 0.13 | Win%: 34.5 | S0: 224.9 | FPS: 1878.1 | Var: dueling
Step: 1667072 | EPS: 0.17 | Rew: 0.05 | Win%: 34.5 | S0: 225.7 | FPS: 1828.4 | Var: dueling
Step: 1668096 | EPS: 0.17 | Rew: -0.01 | Win%: 32.5 | S0: 216.7 | FPS: 1760.8 | Var: dueling
Step: 1669120 | EPS: 0.17 | Rew: -0.10 | Win%: 32.0 | S0: 208.6 | FPS: 1767.6 | Var: dueling
Step: 1670144 | EPS: 0.16 | Rew: -0.02 | Win%: 33.0 | S0: 216.4 | FPS: 1643.8 | Var: dueling
Step: 1671168 | EPS: 0.16 | Rew: 0.06 | Win%: 33.5 | S0: 217.3 | FPS: 1814.7 | Var: dueling
Step: 1672192 | EPS: 0.16 | Rew: -0.10 | Win%: 34.0 | S0: 219.2 | FPS: 1726.0 | Var: dueling
Step: 1673216 | EPS: 0.16 | Rew: -0.08 | Win%: 32.5 | S0: 210.3 | FPS: 2000.2 | Var: dueling
Step: 1674240 | EPS: 0.16 | Rew: -0.05 | Win%: 32.5 | S0: 210.4 | FPS: 1647.9 | Var: dueling
Step: 1675264 | EPS: 0.16 | Rew: -0.09 | Win%: 32.0 | S0: 206.5 | FPS: 1880.6 | Var: dueling
Step: 1676288 | EPS: 0.16 | Rew: -0.14 | Win%: 34.0 | S0: 205.3 | FPS: 2027.8 | Var: dueling
Step: 1677312 | EPS: 0.16 | Rew: -0.09 | Win%: 34.5 | S0: 209.5 | FPS: 1959.6 | Var: dueling
Step: 1678336 | EPS: 0.16 | Rew: -0.06 | Win%: 34.0 | S0: 205.4 | FPS: 1877.7 | Var: dueling
Step: 1679360 | EPS: 0.16 | Rew: -0.03 | Win%: 36.0 | S0: 206.7 | FPS: 1955.1 | Var: dueling
Step: 1680384 | EPS: 0.16 | Rew: -0.06 | Win%: 35.5 | S0: 206.8 | FPS: 1792.3 | Var: dueling
Step: 1681408 | EPS: 0.16 | Rew: -0.07 | Win%: 34.0 | S0: 203.7 | FPS: 1927.6 | Var: dueling
Step: 1682432 | EPS: 0.16 | Rew: -0.04 | Win%: 36.0 | S0: 209.2 | FPS: 1954.0 | Var: dueling
Step: 1683456 | EPS: 0.16 | Rew: 0.13 | Win%: 39.5 | S0: 218.1 | FPS: 1887.1 | Var: dueling
Step: 1684480 | EPS: 0.16 | Rew: 0.17 | Win%: 40.5 | S0: 219.8 | FPS: 1665.6 | Var: dueling
Step: 1685504 | EPS: 0.16 | Rew: 0.25 | Win%: 41.0 | S0: 225.5 | FPS: 2016.1 | Var: dueling
Step: 1686528 | EPS: 0.16 | Rew: 0.19 | Win%: 39.5 | S0: 223.2 | FPS: 2006.4 | Var: dueling
Step: 1687552 | EPS: 0.16 | Rew: 0.17 | Win%: 36.5 | S0: 225.2 | FPS: 1845.9 | Var: dueling
Step: 1688576 | EPS: 0.16 | Rew: 0.20 | Win%: 39.0 | S0: 224.1 | FPS: 1936.3 | Var: dueling
Step: 1689600 | EPS: 0.16 | Rew: 0.12 | Win%: 39.5 | S0: 231.6 | FPS: 1687.4 | Var: dueling
Step: 1690624 | EPS: 0.16 | Rew: 0.02 | Win%: 38.0 | S0: 233.8 | FPS: 2287.3 | Var: dueling
Step: 1691648 | EPS: 0.16 | Rew: 0.02 | Win%: 38.5 | S0: 227.2 | FPS: 1976.9 | Var: dueling
Step: 1692672 | EPS: 0.16 | Rew: 0.02 | Win%: 39.0 | S0: 235.8 | FPS: 2018.2 | Var: dueling
Step: 1693696 | EPS: 0.16 | Rew: 0.15 | Win%: 39.0 | S0: 235.1 | FPS: 2063.6 | Var: dueling
Step: 1694720 | EPS: 0.16 | Rew: 0.12 | Win%: 39.0 | S0: 235.1 | FPS: 2282.3 | Var: dueling
Step: 1695744 | EPS: 0.16 | Rew: 0.09 | Win%: 38.0 | S0: 231.8 | FPS: 1927.5 | Var: dueling
Step: 1696768 | EPS: 0.16 | Rew: 0.24 | Win%: 38.0 | S0: 233.6 | FPS: 1771.2 | Var: dueling
Step: 1697792 | EPS: 0.16 | Rew: 0.13 | Win%: 35.0 | S0: 226.8 | FPS: 1996.6 | Var: dueling
Step: 1698816 | EPS: 0.16 | Rew: 0.22 | Win%: 37.0 | S0: 231.1 | FPS: 1854.0 | Var: dueling
Step: 1699840 | EPS: 0.16 | Rew: 0.14 | Win%: 38.0 | S0: 230.8 | FPS: 1962.1 | Var: dueling
Step: 1700864 | EPS: 0.16 | Rew: 0.04 | Win%: 35.5 | S0: 228.2 | FPS: 2204.1 | Var: dueling
Step: 1701888 | EPS: 0.16 | Rew: 0.15 | Win%: 37.0 | S0: 236.1 | FPS: 2197.3 | Var: dueling
Step: 1702912 | EPS: 0.16 | Rew: 0.13 | Win%: 36.5 | S0: 248.0 | FPS: 1743.0 | Var: dueling
Step: 1703936 | EPS: 0.16 | Rew: 0.11 | Win%: 35.5 | S0: 234.6 | FPS: 1943.6 | Var: dueling
Step: 1704960 | EPS: 0.16 | Rew: 0.13 | Win%: 36.0 | S0: 238.1 | FPS: 2182.3 | Var: dueling
Step: 1705984 | EPS: 0.16 | Rew: 0.20 | Win%: 38.5 | S0: 246.2 | FPS: 2092.4 | Var: dueling
Step: 1707008 | EPS: 0.16 | Rew: 0.26 | Win%: 37.0 | S0: 244.2 | FPS: 1901.1 | Var: dueling
Step: 1708032 | EPS: 0.16 | Rew: 0.32 | Win%: 37.5 | S0: 244.9 | FPS: 2210.0 | Var: dueling
Step: 1709056 | EPS: 0.16 | Rew: 0.29 | Win%: 38.5 | S0: 251.1 | FPS: 2292.6 | Var: dueling
Step: 1710080 | EPS: 0.16 | Rew: 0.40 | Win%: 40.5 | S0: 255.6 | FPS: 1918.7 | Var: dueling
Step: 1711104 | EPS: 0.16 | Rew: 0.36 | Win%: 39.5 | S0: 254.2 | FPS: 1569.0 | Var: dueling
Step: 1712128 | EPS: 0.16 | Rew: 0.29 | Win%: 40.5 | S0: 253.2 | FPS: 1633.3 | Var: dueling
Step: 1713152 | EPS: 0.16 | Rew: 0.37 | Win%: 43.5 | S0: 252.2 | FPS: 1899.8 | Var: dueling
Step: 1714176 | EPS: 0.16 | Rew: 0.24 | Win%: 44.5 | S0: 258.1 | FPS: 1887.5 | Var: dueling
Step: 1715200 | EPS: 0.16 | Rew: 0.23 | Win%: 43.5 | S0: 247.5 | FPS: 1750.0 | Var: dueling
Step: 1716224 | EPS: 0.16 | Rew: 0.19 | Win%: 45.0 | S0: 249.8 | FPS: 1781.8 | Var: dueling
Step: 1717248 | EPS: 0.16 | Rew: 0.18 | Win%: 44.0 | S0: 244.8 | FPS: 1693.4 | Var: dueling
Step: 1718272 | EPS: 0.16 | Rew: 0.11 | Win%: 43.5 | S0: 241.4 | FPS: 1830.7 | Var: dueling
Step: 1719296 | EPS: 0.16 | Rew: 0.01 | Win%: 41.5 | S0: 235.8 | FPS: 2004.4 | Var: dueling
Step: 1720320 | EPS: 0.16 | Rew: 0.09 | Win%: 41.0 | S0: 231.1 | FPS: 2001.3 | Var: dueling
Step: 1721344 | EPS: 0.16 | Rew: 0.09 | Win%: 41.0 | S0: 228.3 | FPS: 1994.2 | Var: dueling
Step: 1722368 | EPS: 0.16 | Rew: 0.13 | Win%: 40.5 | S0: 234.4 | FPS: 1884.6 | Var: dueling
Step: 1723392 | EPS: 0.16 | Rew: 0.17 | Win%: 41.0 | S0: 235.7 | FPS: 2064.1 | Var: dueling
Step: 1724416 | EPS: 0.16 | Rew: 0.09 | Win%: 38.5 | S0: 229.5 | FPS: 1842.9 | Var: dueling
Step: 1725440 | EPS: 0.16 | Rew: 0.22 | Win%: 39.0 | S0: 227.8 | FPS: 1758.7 | Var: dueling
Step: 1726464 | EPS: 0.16 | Rew: 0.13 | Win%: 36.5 | S0: 221.6 | FPS: 1873.6 | Var: dueling
Step: 1727488 | EPS: 0.16 | Rew: 0.01 | Win%: 37.0 | S0: 218.8 | FPS: 1831.5 | Var: dueling
Step: 1728512 | EPS: 0.16 | Rew: -0.05 | Win%: 35.5 | S0: 217.2 | FPS: 1686.3 | Var: dueling
Step: 1729536 | EPS: 0.16 | Rew: -0.04 | Win%: 35.5 | S0: 218.6 | FPS: 1916.3 | Var: dueling
Step: 1730560 | EPS: 0.16 | Rew: -0.03 | Win%: 35.5 | S0: 219.1 | FPS: 1936.9 | Var: dueling
Step: 1731584 | EPS: 0.16 | Rew: 0.06 | Win%: 36.5 | S0: 229.2 | FPS: 2008.5 | Var: dueling
Step: 1732608 | EPS: 0.16 | Rew: 0.12 | Win%: 37.0 | S0: 230.8 | FPS: 2041.9 | Var: dueling
Step: 1733632 | EPS: 0.16 | Rew: 0.12 | Win%: 36.0 | S0: 229.2 | FPS: 1877.7 | Var: dueling
Step: 1734656 | EPS: 0.16 | Rew: 0.20 | Win%: 36.0 | S0: 231.3 | FPS: 1746.0 | Var: dueling
Step: 1735680 | EPS: 0.16 | Rew: 0.17 | Win%: 34.0 | S0: 222.2 | FPS: 2006.1 | Var: dueling
Step: 1736704 | EPS: 0.16 | Rew: 0.19 | Win%: 34.5 | S0: 223.7 | FPS: 1979.4 | Var: dueling
Step: 1737728 | EPS: 0.16 | Rew: 0.23 | Win%: 37.0 | S0: 230.4 | FPS: 2056.3 | Var: dueling
Step: 1738752 | EPS: 0.16 | Rew: 0.10 | Win%: 37.0 | S0: 229.6 | FPS: 1947.9 | Var: dueling
Step: 1739776 | EPS: 0.16 | Rew: 0.12 | Win%: 37.5 | S0: 234.9 | FPS: 1925.5 | Var: dueling
Step: 1740800 | EPS: 0.15 | Rew: 0.09 | Win%: 37.5 | S0: 236.1 | FPS: 1907.1 | Var: dueling
Step: 1741824 | EPS: 0.15 | Rew: 0.08 | Win%: 39.0 | S0: 243.7 | FPS: 1938.1 | Var: dueling
Step: 1742848 | EPS: 0.15 | Rew: 0.20 | Win%: 41.0 | S0: 245.2 | FPS: 1818.2 | Var: dueling
Step: 1743872 | EPS: 0.15 | Rew: -0.02 | Win%: 37.5 | S0: 233.2 | FPS: 1951.2 | Var: dueling
Step: 1744896 | EPS: 0.15 | Rew: -0.07 | Win%: 37.5 | S0: 228.2 | FPS: 1965.7 | Var: dueling
Step: 1745920 | EPS: 0.15 | Rew: -0.13 | Win%: 34.0 | S0: 214.7 | FPS: 2006.9 | Var: dueling
Step: 1746944 | EPS: 0.15 | Rew: -0.08 | Win%: 35.5 | S0: 218.9 | FPS: 1907.0 | Var: dueling
Step: 1747968 | EPS: 0.15 | Rew: -0.09 | Win%: 35.5 | S0: 216.6 | FPS: 1619.4 | Var: dueling
Step: 1748992 | EPS: 0.15 | Rew: -0.12 | Win%: 36.5 | S0: 220.8 | FPS: 1978.6 | Var: dueling
Step: 1750016 | EPS: 0.15 | Rew: -0.13 | Win%: 35.0 | S0: 213.8 | FPS: 2037.6 | Var: dueling
Step: 1751040 | EPS: 0.15 | Rew: -0.05 | Win%: 33.5 | S0: 212.6 | FPS: 1909.2 | Var: dueling
Step: 1752064 | EPS: 0.15 | Rew: -0.02 | Win%: 34.0 | S0: 216.2 | FPS: 1880.0 | Var: dueling
Step: 1753088 | EPS: 0.15 | Rew: 0.05 | Win%: 34.5 | S0: 220.4 | FPS: 1765.3 | Var: dueling
Step: 1754112 | EPS: 0.15 | Rew: 0.05 | Win%: 34.0 | S0: 217.7 | FPS: 1585.5 | Var: dueling
Step: 1755136 | EPS: 0.15 | Rew: 0.09 | Win%: 33.5 | S0: 222.5 | FPS: 1895.2 | Var: dueling
Step: 1756160 | EPS: 0.15 | Rew: 0.20 | Win%: 36.0 | S0: 233.3 | FPS: 1835.5 | Var: dueling
Step: 1757184 | EPS: 0.15 | Rew: 0.23 | Win%: 37.0 | S0: 239.7 | FPS: 1943.3 | Var: dueling
Step: 1758208 | EPS: 0.15 | Rew: 0.32 | Win%: 39.0 | S0: 249.0 | FPS: 1976.2 | Var: dueling
Step: 1759232 | EPS: 0.15 | Rew: 0.35 | Win%: 40.5 | S0: 253.4 | FPS: 1929.5 | Var: dueling
Step: 1760256 | EPS: 0.15 | Rew: 0.34 | Win%: 40.5 | S0: 250.2 | FPS: 1738.5 | Var: dueling
Step: 1761280 | EPS: 0.15 | Rew: 0.32 | Win%: 42.0 | S0: 255.4 | FPS: 1621.1 | Var: dueling
Step: 1762304 | EPS: 0.15 | Rew: 0.20 | Win%: 41.5 | S0: 250.9 | FPS: 1953.6 | Var: dueling
Step: 1763328 | EPS: 0.15 | Rew: 0.14 | Win%: 42.5 | S0: 253.6 | FPS: 1783.9 | Var: dueling
Step: 1764352 | EPS: 0.15 | Rew: 0.19 | Win%: 43.5 | S0: 257.2 | FPS: 1922.0 | Var: dueling
Step: 1765376 | EPS: 0.15 | Rew: 0.11 | Win%: 42.5 | S0: 250.7 | FPS: 1562.8 | Var: dueling
Step: 1766400 | EPS: 0.15 | Rew: 0.08 | Win%: 43.0 | S0: 248.8 | FPS: 1882.6 | Var: dueling
Step: 1767424 | EPS: 0.15 | Rew: 0.03 | Win%: 43.0 | S0: 252.1 | FPS: 1732.2 | Var: dueling
Step: 1768448 | EPS: 0.15 | Rew: 0.14 | Win%: 43.5 | S0: 247.6 | FPS: 1585.3 | Var: dueling
Step: 1769472 | EPS: 0.15 | Rew: 0.19 | Win%: 42.5 | S0: 244.2 | FPS: 1935.3 | Var: dueling
Step: 1770496 | EPS: 0.15 | Rew: 0.21 | Win%: 44.5 | S0: 248.6 | FPS: 1865.3 | Var: dueling
Step: 1771520 | EPS: 0.15 | Rew: 0.18 | Win%: 43.5 | S0: 241.1 | FPS: 1824.5 | Var: dueling
Step: 1772544 | EPS: 0.15 | Rew: 0.20 | Win%: 42.0 | S0: 237.4 | FPS: 1764.5 | Var: dueling
Step: 1773568 | EPS: 0.15 | Rew: 0.32 | Win%: 43.0 | S0: 246.2 | FPS: 1912.2 | Var: dueling
Step: 1774592 | EPS: 0.15 | Rew: 0.32 | Win%: 42.0 | S0: 248.4 | FPS: 2039.7 | Var: dueling
Step: 1775616 | EPS: 0.15 | Rew: 0.39 | Win%: 45.0 | S0: 261.4 | FPS: 1939.7 | Var: dueling
Step: 1776640 | EPS: 0.15 | Rew: 0.39 | Win%: 45.5 | S0: 267.6 | FPS: 1977.8 | Var: dueling
Step: 1777664 | EPS: 0.15 | Rew: 0.46 | Win%: 46.0 | S0: 269.9 | FPS: 1908.0 | Var: dueling
Step: 1778688 | EPS: 0.15 | Rew: 0.40 | Win%: 45.5 | S0: 265.1 | FPS: 1752.6 | Var: dueling
Step: 1779712 | EPS: 0.15 | Rew: 0.35 | Win%: 45.0 | S0: 269.6 | FPS: 1881.1 | Var: dueling
Step: 1780736 | EPS: 0.15 | Rew: 0.13 | Win%: 42.0 | S0: 258.2 | FPS: 1912.6 | Var: dueling
Step: 1781760 | EPS: 0.15 | Rew: -0.11 | Win%: 41.0 | S0: 256.9 | FPS: 1966.9 | Var: dueling
Step: 1782784 | EPS: 0.15 | Rew: -0.11 | Win%: 39.0 | S0: 248.1 | FPS: 1923.4 | Var: dueling
Step: 1783808 | EPS: 0.15 | Rew: -0.15 | Win%: 40.0 | S0: 253.1 | FPS: 1587.7 | Var: dueling
Step: 1784832 | EPS: 0.15 | Rew: -0.23 | Win%: 37.5 | S0: 240.3 | FPS: 1859.6 | Var: dueling
Step: 1785856 | EPS: 0.15 | Rew: -0.11 | Win%: 39.5 | S0: 245.2 | FPS: 1909.5 | Var: dueling
Step: 1786880 | EPS: 0.15 | Rew: 0.04 | Win%: 37.0 | S0: 247.8 | FPS: 1981.5 | Var: dueling
Step: 1787904 | EPS: 0.15 | Rew: 0.17 | Win%: 36.5 | S0: 239.2 | FPS: 1779.2 | Var: dueling
Step: 1788928 | EPS: 0.15 | Rew: 0.24 | Win%: 35.0 | S0: 235.8 | FPS: 1894.3 | Var: dueling
Step: 1789952 | EPS: 0.15 | Rew: 0.30 | Win%: 36.5 | S0: 241.8 | FPS: 2068.2 | Var: dueling
Step: 1790976 | EPS: 0.15 | Rew: 0.37 | Win%: 36.0 | S0: 241.4 | FPS: 1916.6 | Var: dueling
Step: 1792000 | EPS: 0.15 | Rew: 0.41 | Win%: 38.5 | S0: 250.0 | FPS: 1937.4 | Var: dueling
Step: 1793024 | EPS: 0.15 | Rew: 0.38 | Win%: 41.0 | S0: 258.3 | FPS: 1710.3 | Var: dueling
Step: 1794048 | EPS: 0.15 | Rew: 0.39 | Win%: 42.0 | S0: 263.1 | FPS: 1843.5 | Var: dueling
Step: 1795072 | EPS: 0.15 | Rew: 0.37 | Win%: 40.5 | S0: 261.1 | FPS: 1736.8 | Var: dueling
Step: 1796096 | EPS: 0.15 | Rew: 0.36 | Win%: 41.0 | S0: 267.2 | FPS: 1639.6 | Var: dueling
Step: 1797120 | EPS: 0.15 | Rew: 0.28 | Win%: 41.5 | S0: 266.1 | FPS: 1857.2 | Var: dueling
Step: 1798144 | EPS: 0.15 | Rew: 0.13 | Win%: 40.0 | S0: 256.6 | FPS: 1775.3 | Var: dueling
Step: 1799168 | EPS: 0.15 | Rew: 0.11 | Win%: 40.5 | S0: 247.3 | FPS: 1911.8 | Var: dueling
Step: 1800192 | EPS: 0.15 | Rew: 0.01 | Win%: 39.0 | S0: 238.3 | FPS: 1980.7 | Var: dueling
Step: 1801216 | EPS: 0.15 | Rew: -0.05 | Win%: 38.0 | S0: 232.9 | FPS: 2007.0 | Var: dueling
Step: 1802240 | EPS: 0.15 | Rew: -0.02 | Win%: 37.0 | S0: 234.5 | FPS: 1860.8 | Var: dueling
Step: 1803264 | EPS: 0.15 | Rew: 0.09 | Win%: 36.0 | S0: 229.9 | FPS: 1561.2 | Var: dueling
Step: 1804288 | EPS: 0.15 | Rew: 0.19 | Win%: 36.0 | S0: 237.1 | FPS: 2027.4 | Var: dueling
Step: 1805312 | EPS: 0.15 | Rew: 0.15 | Win%: 35.0 | S0: 230.8 | FPS: 2089.6 | Var: dueling
Step: 1806336 | EPS: 0.15 | Rew: 0.22 | Win%: 36.0 | S0: 237.3 | FPS: 1994.5 | Var: dueling
Step: 1807360 | EPS: 0.15 | Rew: 0.22 | Win%: 34.5 | S0: 231.4 | FPS: 2075.3 | Var: dueling
Step: 1808384 | EPS: 0.15 | Rew: 0.25 | Win%: 37.0 | S0: 240.8 | FPS: 1978.7 | Var: dueling
Step: 1809408 | EPS: 0.15 | Rew: 0.24 | Win%: 37.0 | S0: 244.0 | FPS: 2046.7 | Var: dueling
Step: 1810432 | EPS: 0.15 | Rew: 0.18 | Win%: 37.0 | S0: 244.8 | FPS: 1998.7 | Var: dueling
Step: 1811456 | EPS: 0.15 | Rew: 0.20 | Win%: 39.0 | S0: 251.6 | FPS: 2054.5 | Var: dueling
Step: 1812480 | EPS: 0.14 | Rew: 0.24 | Win%: 40.0 | S0: 256.6 | FPS: 1743.1 | Var: dueling
Step: 1813504 | EPS: 0.14 | Rew: 0.25 | Win%: 40.0 | S0: 249.8 | FPS: 1911.7 | Var: dueling
Step: 1814528 | EPS: 0.14 | Rew: 0.22 | Win%: 38.0 | S0: 242.8 | FPS: 1936.7 | Var: dueling
Step: 1815552 | EPS: 0.14 | Rew: 0.16 | Win%: 40.0 | S0: 247.7 | FPS: 2111.0 | Var: dueling
Step: 1816576 | EPS: 0.14 | Rew: 0.17 | Win%: 39.0 | S0: 235.8 | FPS: 1976.0 | Var: dueling
Step: 1817600 | EPS: 0.14 | Rew: 0.03 | Win%: 37.0 | S0: 227.7 | FPS: 1862.1 | Var: dueling
Step: 1818624 | EPS: 0.14 | Rew: -0.05 | Win%: 36.5 | S0: 220.3 | FPS: 1967.4 | Var: dueling
Step: 1819648 | EPS: 0.14 | Rew: 0.05 | Win%: 39.0 | S0: 231.7 | FPS: 1936.9 | Var: dueling
Step: 1820672 | EPS: 0.14 | Rew: 0.09 | Win%: 38.0 | S0: 226.8 | FPS: 1907.1 | Var: dueling
Step: 1821696 | EPS: 0.14 | Rew: 0.04 | Win%: 36.5 | S0: 226.9 | FPS: 1823.6 | Var: dueling
Step: 1822720 | EPS: 0.14 | Rew: 0.06 | Win%: 36.0 | S0: 221.8 | FPS: 1666.7 | Var: dueling
Step: 1823744 | EPS: 0.14 | Rew: 0.13 | Win%: 35.5 | S0: 219.3 | FPS: 1846.9 | Var: dueling
Step: 1824768 | EPS: 0.14 | Rew: 0.19 | Win%: 35.5 | S0: 219.5 | FPS: 1847.4 | Var: dueling
Step: 1825792 | EPS: 0.14 | Rew: 0.08 | Win%: 34.5 | S0: 223.6 | FPS: 2023.1 | Var: dueling
Step: 1826816 | EPS: 0.14 | Rew: 0.07 | Win%: 35.0 | S0: 224.2 | FPS: 1981.2 | Var: dueling
Step: 1827840 | EPS: 0.14 | Rew: 0.09 | Win%: 36.0 | S0: 226.2 | FPS: 1939.5 | Var: dueling
Step: 1828864 | EPS: 0.14 | Rew: 0.16 | Win%: 35.0 | S0: 225.5 | FPS: 2089.9 | Var: dueling
Step: 1829888 | EPS: 0.14 | Rew: 0.12 | Win%: 36.0 | S0: 232.2 | FPS: 1906.0 | Var: dueling
Step: 1830912 | EPS: 0.14 | Rew: 0.10 | Win%: 37.0 | S0: 234.2 | FPS: 2032.6 | Var: dueling
Step: 1831936 | EPS: 0.14 | Rew: 0.07 | Win%: 36.5 | S0: 233.8 | FPS: 1621.7 | Var: dueling
Step: 1832960 | EPS: 0.14 | Rew: 0.10 | Win%: 36.0 | S0: 233.9 | FPS: 1956.2 | Var: dueling
Step: 1833984 | EPS: 0.14 | Rew: -0.06 | Win%: 33.5 | S0: 227.3 | FPS: 1856.5 | Var: dueling
Step: 1835008 | EPS: 0.14 | Rew: -0.00 | Win%: 34.0 | S0: 227.7 | FPS: 1900.7 | Var: dueling
Step: 1836032 | EPS: 0.14 | Rew: 0.03 | Win%: 35.5 | S0: 234.5 | FPS: 1994.1 | Var: dueling
Step: 1837056 | EPS: 0.14 | Rew: -0.03 | Win%: 35.5 | S0: 229.4 | FPS: 2038.1 | Var: dueling
Step: 1838080 | EPS: 0.14 | Rew: 0.04 | Win%: 36.0 | S0: 233.8 | FPS: 2004.8 | Var: dueling
Step: 1839104 | EPS: 0.14 | Rew: 0.22 | Win%: 37.5 | S0: 240.7 | FPS: 2088.6 | Var: dueling
Step: 1840128 | EPS: 0.14 | Rew: 0.24 | Win%: 37.5 | S0: 240.7 | FPS: 2023.8 | Var: dueling
Step: 1841152 | EPS: 0.14 | Rew: 0.26 | Win%: 37.5 | S0: 240.2 | FPS: 1935.2 | Var: dueling
Step: 1842176 | EPS: 0.14 | Rew: 0.42 | Win%: 38.5 | S0: 244.9 | FPS: 1891.8 | Var: dueling
Step: 1843200 | EPS: 0.14 | Rew: 0.39 | Win%: 39.5 | S0: 254.4 | FPS: 1827.9 | Var: dueling
Step: 1844224 | EPS: 0.14 | Rew: 0.39 | Win%: 40.0 | S0: 252.9 | FPS: 1970.6 | Var: dueling
Step: 1845248 | EPS: 0.14 | Rew: 0.43 | Win%: 43.5 | S0: 266.9 | FPS: 1853.2 | Var: dueling
Step: 1846272 | EPS: 0.14 | Rew: 0.36 | Win%: 43.0 | S0: 256.6 | FPS: 1794.9 | Var: dueling
Step: 1847296 | EPS: 0.14 | Rew: 0.21 | Win%: 42.5 | S0: 253.6 | FPS: 1902.1 | Var: dueling
Step: 1848320 | EPS: 0.14 | Rew: 0.17 | Win%: 42.0 | S0: 246.9 | FPS: 1911.9 | Var: dueling
Step: 1849344 | EPS: 0.14 | Rew: 0.16 | Win%: 42.0 | S0: 244.2 | FPS: 1798.4 | Var: dueling
Step: 1850368 | EPS: 0.14 | Rew: 0.04 | Win%: 41.0 | S0: 242.1 | FPS: 1821.8 | Var: dueling
Step: 1851392 | EPS: 0.14 | Rew: -0.02 | Win%: 39.5 | S0: 240.0 | FPS: 1843.3 | Var: dueling
Step: 1852416 | EPS: 0.14 | Rew: -0.09 | Win%: 38.0 | S0: 229.4 | FPS: 2012.0 | Var: dueling
Step: 1853440 | EPS: 0.14 | Rew: -0.09 | Win%: 36.0 | S0: 222.5 | FPS: 1964.8 | Var: dueling
Step: 1854464 | EPS: 0.14 | Rew: -0.05 | Win%: 36.5 | S0: 217.8 | FPS: 1920.0 | Var: dueling
Step: 1855488 | EPS: 0.14 | Rew: 0.14 | Win%: 39.0 | S0: 225.8 | FPS: 1943.7 | Var: dueling
Step: 1856512 | EPS: 0.14 | Rew: 0.13 | Win%: 36.5 | S0: 218.9 | FPS: 1929.5 | Var: dueling
Step: 1857536 | EPS: 0.14 | Rew: 0.02 | Win%: 34.5 | S0: 209.2 | FPS: 1919.2 | Var: dueling
Step: 1858560 | EPS: 0.14 | Rew: 0.18 | Win%: 36.0 | S0: 214.8 | FPS: 1946.5 | Var: dueling
Step: 1859584 | EPS: 0.14 | Rew: 0.24 | Win%: 36.0 | S0: 217.0 | FPS: 2035.5 | Var: dueling
Step: 1860608 | EPS: 0.14 | Rew: 0.02 | Win%: 36.0 | S0: 216.7 | FPS: 1706.2 | Var: dueling
Step: 1861632 | EPS: 0.14 | Rew: -0.00 | Win%: 37.5 | S0: 218.1 | FPS: 1831.2 | Var: dueling
Step: 1862656 | EPS: 0.14 | Rew: 0.12 | Win%: 39.0 | S0: 214.2 | FPS: 1919.4 | Var: dueling
Step: 1863680 | EPS: 0.14 | Rew: 0.09 | Win%: 41.0 | S0: 222.3 | FPS: 1765.6 | Var: dueling
Step: 1864704 | EPS: 0.14 | Rew: 0.20 | Win%: 44.0 | S0: 229.7 | FPS: 1925.4 | Var: dueling
Step: 1865728 | EPS: 0.14 | Rew: 0.32 | Win%: 44.0 | S0: 231.3 | FPS: 1859.0 | Var: dueling
Step: 1866752 | EPS: 0.14 | Rew: 0.39 | Win%: 42.5 | S0: 227.7 | FPS: 1824.7 | Var: dueling
Step: 1867776 | EPS: 0.14 | Rew: 0.43 | Win%: 43.0 | S0: 229.7 | FPS: 2005.4 | Var: dueling
Step: 1868800 | EPS: 0.14 | Rew: 0.26 | Win%: 43.0 | S0: 234.3 | FPS: 1802.6 | Var: dueling
Step: 1869824 | EPS: 0.14 | Rew: 0.17 | Win%: 40.0 | S0: 226.6 | FPS: 1780.2 | Var: dueling
Step: 1870848 | EPS: 0.14 | Rew: 0.10 | Win%: 41.5 | S0: 231.9 | FPS: 1708.5 | Var: dueling
Step: 1871872 | EPS: 0.14 | Rew: 0.14 | Win%: 43.5 | S0: 244.9 | FPS: 1700.9 | Var: dueling
Step: 1872896 | EPS: 0.14 | Rew: 0.13 | Win%: 42.5 | S0: 243.0 | FPS: 1893.1 | Var: dueling
Step: 1873920 | EPS: 0.14 | Rew: 0.26 | Win%: 42.0 | S0: 245.8 | FPS: 1825.9 | Var: dueling
Step: 1874944 | EPS: 0.14 | Rew: 0.25 | Win%: 40.0 | S0: 237.8 | FPS: 1683.6 | Var: dueling
Step: 1875968 | EPS: 0.14 | Rew: 0.18 | Win%: 37.5 | S0: 234.4 | FPS: 1877.7 | Var: dueling
Step: 1876992 | EPS: 0.14 | Rew: 0.11 | Win%: 34.5 | S0: 225.7 | FPS: 1928.9 | Var: dueling
Step: 1878016 | EPS: 0.14 | Rew: 0.11 | Win%: 36.0 | S0: 224.0 | FPS: 1885.1 | Var: dueling
Step: 1879040 | EPS: 0.14 | Rew: 0.11 | Win%: 35.5 | S0: 221.4 | FPS: 1629.1 | Var: dueling
Step: 1880064 | EPS: 0.14 | Rew: 0.14 | Win%: 36.0 | S0: 238.4 | FPS: 1935.9 | Var: dueling
Step: 1881088 | EPS: 0.14 | Rew: 0.24 | Win%: 38.5 | S0: 247.7 | FPS: 1632.1 | Var: dueling
Step: 1882112 | EPS: 0.14 | Rew: 0.27 | Win%: 38.5 | S0: 249.5 | FPS: 1616.8 | Var: dueling
Step: 1883136 | EPS: 0.13 | Rew: 0.42 | Win%: 36.5 | S0: 249.4 | FPS: 1921.6 | Var: dueling
Step: 1884160 | EPS: 0.13 | Rew: 0.37 | Win%: 37.5 | S0: 250.5 | FPS: 1921.3 | Var: dueling
Step: 1885184 | EPS: 0.13 | Rew: 0.32 | Win%: 37.0 | S0: 250.3 | FPS: 1915.2 | Var: dueling
Step: 1886208 | EPS: 0.13 | Rew: 0.31 | Win%: 37.0 | S0: 244.4 | FPS: 1651.3 | Var: dueling
Step: 1887232 | EPS: 0.13 | Rew: 0.33 | Win%: 40.0 | S0: 257.4 | FPS: 2007.0 | Var: dueling
Step: 1888256 | EPS: 0.13 | Rew: 0.26 | Win%: 41.0 | S0: 257.4 | FPS: 2037.6 | Var: dueling
Step: 1889280 | EPS: 0.13 | Rew: 0.25 | Win%: 41.0 | S0: 250.6 | FPS: 1887.6 | Var: dueling
Step: 1890304 | EPS: 0.13 | Rew: 0.23 | Win%: 41.0 | S0: 257.8 | FPS: 1682.0 | Var: dueling
Step: 1891328 | EPS: 0.13 | Rew: 0.23 | Win%: 39.5 | S0: 240.2 | FPS: 1907.7 | Var: dueling
Step: 1892352 | EPS: 0.13 | Rew: 0.09 | Win%: 38.0 | S0: 235.5 | FPS: 1946.6 | Var: dueling
Step: 1893376 | EPS: 0.13 | Rew: 0.05 | Win%: 37.0 | S0: 228.7 | FPS: 2033.6 | Var: dueling
Step: 1894400 | EPS: 0.13 | Rew: -0.02 | Win%: 36.5 | S0: 228.3 | FPS: 1722.5 | Var: dueling
Step: 1895424 | EPS: 0.13 | Rew: -0.05 | Win%: 34.5 | S0: 224.5 | FPS: 1923.2 | Var: dueling
Step: 1896448 | EPS: 0.13 | Rew: 0.13 | Win%: 37.0 | S0: 234.4 | FPS: 2038.6 | Var: dueling
Step: 1897472 | EPS: 0.13 | Rew: 0.05 | Win%: 34.0 | S0: 227.1 | FPS: 1959.5 | Var: dueling
Step: 1898496 | EPS: 0.13 | Rew: 0.07 | Win%: 34.5 | S0: 230.7 | FPS: 1652.9 | Var: dueling
Step: 1899520 | EPS: 0.13 | Rew: 0.05 | Win%: 33.5 | S0: 221.1 | FPS: 1832.9 | Var: dueling
Step: 1900544 | EPS: 0.13 | Rew: 0.27 | Win%: 35.5 | S0: 232.7 | FPS: 2000.0 | Var: dueling
Step: 1901568 | EPS: 0.13 | Rew: 0.33 | Win%: 38.0 | S0: 241.4 | FPS: 1952.5 | Var: dueling
Step: 1902592 | EPS: 0.13 | Rew: 0.35 | Win%: 40.0 | S0: 250.1 | FPS: 1817.8 | Var: dueling
Step: 1903616 | EPS: 0.13 | Rew: 0.40 | Win%: 39.5 | S0: 255.1 | FPS: 1801.3 | Var: dueling
Step: 1904640 | EPS: 0.13 | Rew: 0.36 | Win%: 40.5 | S0: 250.6 | FPS: 1904.8 | Var: dueling
Step: 1905664 | EPS: 0.13 | Rew: 0.34 | Win%: 41.0 | S0: 257.6 | FPS: 1842.5 | Var: dueling
Step: 1906688 | EPS: 0.13 | Rew: 0.36 | Win%: 42.0 | S0: 268.9 | FPS: 1885.7 | Var: dueling
Step: 1907712 | EPS: 0.13 | Rew: 0.34 | Win%: 43.0 | S0: 271.5 | FPS: 1879.9 | Var: dueling
Step: 1908736 | EPS: 0.13 | Rew: 0.34 | Win%: 43.5 | S0: 271.4 | FPS: 1690.2 | Var: dueling
Step: 1909760 | EPS: 0.13 | Rew: 0.42 | Win%: 45.0 | S0: 280.1 | FPS: 1502.2 | Var: dueling
Step: 1910784 | EPS: 0.13 | Rew: 0.38 | Win%: 44.5 | S0: 275.9 | FPS: 1852.0 | Var: dueling
Step: 1911808 | EPS: 0.13 | Rew: 0.41 | Win%: 44.5 | S0: 271.0 | FPS: 1902.9 | Var: dueling
Step: 1912832 | EPS: 0.13 | Rew: 0.37 | Win%: 43.5 | S0: 268.1 | FPS: 1748.5 | Var: dueling
Step: 1913856 | EPS: 0.13 | Rew: 0.25 | Win%: 43.5 | S0: 266.4 | FPS: 1806.4 | Var: dueling
Step: 1914880 | EPS: 0.13 | Rew: 0.29 | Win%: 44.0 | S0: 260.0 | FPS: 1853.9 | Var: dueling
Step: 1915904 | EPS: 0.13 | Rew: 0.20 | Win%: 43.5 | S0: 259.6 | FPS: 1901.3 | Var: dueling
Step: 1916928 | EPS: 0.13 | Rew: 0.29 | Win%: 45.0 | S0: 259.8 | FPS: 1664.7 | Var: dueling
Step: 1917952 | EPS: 0.13 | Rew: 0.31 | Win%: 46.5 | S0: 255.6 | FPS: 1849.5 | Var: dueling
Step: 1918976 | EPS: 0.13 | Rew: 0.38 | Win%: 45.5 | S0: 250.6 | FPS: 1889.4 | Var: dueling
Step: 1920000 | EPS: 0.13 | Rew: 0.27 | Win%: 44.0 | S0: 237.7 | FPS: 1943.2 | Var: dueling
Step: 1921024 | EPS: 0.13 | Rew: 0.29 | Win%: 44.0 | S0: 243.2 | FPS: 1714.9 | Var: dueling
Step: 1922048 | EPS: 0.13 | Rew: 0.27 | Win%: 43.0 | S0: 243.3 | FPS: 1894.0 | Var: dueling
Step: 1923072 | EPS: 0.13 | Rew: 0.26 | Win%: 42.5 | S0: 240.6 | FPS: 1989.2 | Var: dueling
Step: 1924096 | EPS: 0.13 | Rew: 0.29 | Win%: 42.5 | S0: 241.2 | FPS: 1920.5 | Var: dueling
Step: 1925120 | EPS: 0.13 | Rew: 0.25 | Win%: 43.5 | S0: 250.3 | FPS: 1941.5 | Var: dueling
Step: 1926144 | EPS: 0.13 | Rew: 0.34 | Win%: 44.5 | S0: 250.8 | FPS: 1916.1 | Var: dueling
Step: 1927168 | EPS: 0.13 | Rew: 0.29 | Win%: 43.0 | S0: 250.8 | FPS: 1980.5 | Var: dueling
Step: 1928192 | EPS: 0.13 | Rew: 0.40 | Win%: 43.5 | S0: 254.4 | FPS: 1719.4 | Var: dueling
Step: 1929216 | EPS: 0.13 | Rew: 0.40 | Win%: 43.0 | S0: 253.3 | FPS: 1828.8 | Var: dueling
Step: 1930240 | EPS: 0.13 | Rew: 0.48 | Win%: 43.5 | S0: 258.4 | FPS: 1965.0 | Var: dueling
Step: 1931264 | EPS: 0.13 | Rew: 0.32 | Win%: 43.5 | S0: 252.9 | FPS: 1807.2 | Var: dueling
Step: 1932288 | EPS: 0.13 | Rew: 0.35 | Win%: 43.0 | S0: 256.9 | FPS: 1817.4 | Var: dueling
Step: 1933312 | EPS: 0.13 | Rew: 0.35 | Win%: 44.0 | S0: 259.1 | FPS: 1925.0 | Var: dueling
Step: 1934336 | EPS: 0.13 | Rew: 0.34 | Win%: 44.5 | S0: 265.6 | FPS: 1835.9 | Var: dueling
Step: 1935360 | EPS: 0.13 | Rew: 0.27 | Win%: 44.5 | S0: 262.2 | FPS: 1996.4 | Var: dueling
Step: 1936384 | EPS: 0.13 | Rew: 0.25 | Win%: 43.5 | S0: 260.2 | FPS: 1935.4 | Var: dueling
Step: 1937408 | EPS: 0.13 | Rew: 0.31 | Win%: 43.0 | S0: 260.1 | FPS: 1682.2 | Var: dueling
Step: 1938432 | EPS: 0.13 | Rew: 0.20 | Win%: 42.0 | S0: 253.8 | FPS: 1793.0 | Var: dueling
Step: 1939456 | EPS: 0.13 | Rew: 0.17 | Win%: 42.0 | S0: 254.1 | FPS: 1723.3 | Var: dueling
Step: 1940480 | EPS: 0.13 | Rew: 0.14 | Win%: 41.5 | S0: 247.3 | FPS: 1767.8 | Var: dueling
Step: 1941504 | EPS: 0.13 | Rew: 0.13 | Win%: 39.5 | S0: 244.7 | FPS: 1844.4 | Var: dueling
Step: 1942528 | EPS: 0.13 | Rew: 0.19 | Win%: 41.0 | S0: 249.3 | FPS: 1930.0 | Var: dueling
Step: 1943552 | EPS: 0.13 | Rew: 0.09 | Win%: 41.5 | S0: 247.1 | FPS: 1859.6 | Var: dueling
Step: 1944576 | EPS: 0.13 | Rew: 0.24 | Win%: 41.5 | S0: 251.1 | FPS: 1908.7 | Var: dueling
Step: 1945600 | EPS: 0.13 | Rew: 0.34 | Win%: 42.0 | S0: 254.3 | FPS: 1848.6 | Var: dueling
Step: 1946624 | EPS: 0.13 | Rew: 0.36 | Win%: 43.0 | S0: 255.8 | FPS: 1956.9 | Var: dueling
Step: 1947648 | EPS: 0.13 | Rew: 0.41 | Win%: 42.0 | S0: 264.1 | FPS: 1922.8 | Var: dueling
Step: 1948672 | EPS: 0.13 | Rew: 0.40 | Win%: 43.0 | S0: 266.2 | FPS: 1921.2 | Var: dueling
Step: 1949696 | EPS: 0.13 | Rew: 0.51 | Win%: 43.5 | S0: 270.8 | FPS: 1938.9 | Var: dueling
Step: 1950720 | EPS: 0.13 | Rew: 0.51 | Win%: 46.0 | S0: 272.7 | FPS: 1939.4 | Var: dueling
Step: 1951744 | EPS: 0.13 | Rew: 0.46 | Win%: 46.5 | S0: 286.8 | FPS: 1699.2 | Var: dueling
Step: 1952768 | EPS: 0.13 | Rew: 0.54 | Win%: 48.0 | S0: 296.6 | FPS: 1827.4 | Var: dueling
Step: 1953792 | EPS: 0.13 | Rew: 0.57 | Win%: 49.5 | S0: 302.8 | FPS: 1840.6 | Var: dueling
Step: 1954816 | EPS: 0.12 | Rew: 0.59 | Win%: 48.5 | S0: 293.7 | FPS: 1923.1 | Var: dueling
Step: 1955840 | EPS: 0.12 | Rew: 0.51 | Win%: 49.5 | S0: 303.1 | FPS: 1944.6 | Var: dueling
Step: 1956864 | EPS: 0.12 | Rew: 0.44 | Win%: 49.0 | S0: 288.6 | FPS: 1991.7 | Var: dueling
Step: 1957888 | EPS: 0.12 | Rew: 0.44 | Win%: 49.0 | S0: 289.1 | FPS: 1909.4 | Var: dueling
Step: 1958912 | EPS: 0.12 | Rew: 0.44 | Win%: 49.0 | S0: 289.1 | FPS: 1952.6 | Var: dueling
Step: 1959936 | EPS: 0.12 | Rew: 0.46 | Win%: 51.0 | S0: 290.6 | FPS: 1726.8 | Var: dueling
Step: 1960960 | EPS: 0.12 | Rew: 0.45 | Win%: 51.0 | S0: 285.1 | FPS: 1935.5 | Var: dueling
Step: 1961984 | EPS: 0.12 | Rew: 0.55 | Win%: 51.0 | S0: 285.9 | FPS: 2032.6 | Var: dueling
Step: 1963008 | EPS: 0.12 | Rew: 0.55 | Win%: 51.0 | S0: 281.9 | FPS: 1889.6 | Var: dueling
Step: 1964032 | EPS: 0.12 | Rew: 0.50 | Win%: 51.5 | S0: 274.3 | FPS: 1851.8 | Var: dueling
Step: 1965056 | EPS: 0.12 | Rew: 0.54 | Win%: 49.5 | S0: 266.4 | FPS: 1859.6 | Var: dueling
Step: 1966080 | EPS: 0.12 | Rew: 0.54 | Win%: 50.5 | S0: 271.4 | FPS: 1857.5 | Var: dueling
Step: 1967104 | EPS: 0.12 | Rew: 0.45 | Win%: 49.5 | S0: 269.4 | FPS: 1823.6 | Var: dueling
Step: 1968128 | EPS: 0.12 | Rew: 0.48 | Win%: 50.5 | S0: 268.6 | FPS: 1701.6 | Var: dueling
Step: 1969152 | EPS: 0.12 | Rew: 0.40 | Win%: 50.5 | S0: 267.6 | FPS: 1787.1 | Var: dueling
Step: 1970176 | EPS: 0.12 | Rew: 0.34 | Win%: 50.5 | S0: 265.9 | FPS: 1753.4 | Var: dueling
Step: 1971200 | EPS: 0.12 | Rew: 0.28 | Win%: 49.5 | S0: 253.9 | FPS: 1560.9 | Var: dueling
Step: 1972224 | EPS: 0.12 | Rew: 0.23 | Win%: 48.0 | S0: 255.8 | FPS: 2009.0 | Var: dueling
Step: 1973248 | EPS: 0.12 | Rew: 0.14 | Win%: 45.5 | S0: 243.4 | FPS: 1955.1 | Var: dueling
Step: 1974272 | EPS: 0.12 | Rew: 0.08 | Win%: 44.5 | S0: 243.2 | FPS: 1913.6 | Var: dueling
Step: 1975296 | EPS: 0.12 | Rew: 0.18 | Win%: 44.0 | S0: 243.4 | FPS: 1992.4 | Var: dueling
Step: 1976320 | EPS: 0.12 | Rew: 0.07 | Win%: 41.5 | S0: 231.1 | FPS: 1850.8 | Var: dueling
Step: 1977344 | EPS: 0.12 | Rew: 0.08 | Win%: 41.0 | S0: 231.8 | FPS: 1848.7 | Var: dueling
Step: 1978368 | EPS: 0.12 | Rew: 0.22 | Win%: 42.0 | S0: 238.4 | FPS: 1909.3 | Var: dueling
Step: 1979392 | EPS: 0.12 | Rew: 0.25 | Win%: 42.0 | S0: 232.8 | FPS: 1847.0 | Var: dueling
Step: 1980416 | EPS: 0.12 | Rew: 0.27 | Win%: 42.0 | S0: 233.3 | FPS: 1766.3 | Var: dueling
Step: 1981440 | EPS: 0.12 | Rew: 0.36 | Win%: 42.5 | S0: 236.8 | FPS: 1722.2 | Var: dueling
Step: 1982464 | EPS: 0.12 | Rew: 0.36 | Win%: 42.5 | S0: 247.3 | FPS: 1861.8 | Var: dueling
Step: 1983488 | EPS: 0.12 | Rew: 0.34 | Win%: 42.0 | S0: 245.4 | FPS: 1936.1 | Var: dueling
Step: 1984512 | EPS: 0.12 | Rew: 0.39 | Win%: 43.5 | S0: 248.9 | FPS: 1687.6 | Var: dueling
Step: 1985536 | EPS: 0.12 | Rew: 0.20 | Win%: 41.5 | S0: 247.4 | FPS: 1951.3 | Var: dueling
Step: 1986560 | EPS: 0.12 | Rew: 0.24 | Win%: 42.0 | S0: 250.3 | FPS: 1863.8 | Var: dueling
Step: 1987584 | EPS: 0.12 | Rew: 0.12 | Win%: 42.0 | S0: 247.2 | FPS: 1924.7 | Var: dueling
Step: 1988608 | EPS: 0.12 | Rew: 0.13 | Win%: 42.5 | S0: 248.6 | FPS: 1793.4 | Var: dueling
Step: 1989632 | EPS: 0.12 | Rew: -0.01 | Win%: 42.0 | S0: 245.4 | FPS: 1442.9 | Var: dueling
Step: 1990656 | EPS: 0.12 | Rew: 0.04 | Win%: 41.5 | S0: 245.9 | FPS: 1709.3 | Var: dueling
Step: 1991680 | EPS: 0.12 | Rew: 0.18 | Win%: 42.0 | S0: 253.6 | FPS: 1603.7 | Var: dueling
Step: 1992704 | EPS: 0.12 | Rew: 0.11 | Win%: 39.5 | S0: 241.7 | FPS: 1566.8 | Var: dueling
Step: 1993728 | EPS: 0.12 | Rew: 0.27 | Win%: 41.5 | S0: 251.8 | FPS: 1765.7 | Var: dueling
Step: 1994752 | EPS: 0.12 | Rew: 0.27 | Win%: 40.5 | S0: 243.4 | FPS: 1744.3 | Var: dueling
Step: 1995776 | EPS: 0.12 | Rew: 0.34 | Win%: 39.0 | S0: 237.2 | FPS: 1952.7 | Var: dueling
Step: 1996800 | EPS: 0.12 | Rew: 0.46 | Win%: 39.5 | S0: 242.6 | FPS: 1554.8 | Var: dueling
Step: 1997824 | EPS: 0.12 | Rew: 0.42 | Win%: 39.5 | S0: 245.2 | FPS: 1889.4 | Var: dueling
Step: 1998848 | EPS: 0.12 | Rew: 0.35 | Win%: 40.0 | S0: 241.0 | FPS: 1788.6 | Var: dueling
Step: 1999872 | EPS: 0.12 | Rew: 0.40 | Win%: 41.0 | S0: 244.2 | FPS: 1772.6 | Var: dueling
Step: 2000896 | EPS: 0.12 | Rew: 0.32 | Win%: 43.0 | S0: 253.3 | FPS: 1581.3 | Var: dueling
Step: 2001920 | EPS: 0.12 | Rew: 0.43 | Win%: 43.5 | S0: 259.0 | FPS: 1819.4 | Var: dueling
Step: 2002944 | EPS: 0.12 | Rew: 0.40 | Win%: 44.5 | S0: 268.4 | FPS: 1600.2 | Var: dueling
Step: 2003968 | EPS: 0.12 | Rew: 0.41 | Win%: 45.5 | S0: 265.4 | FPS: 1938.7 | Var: dueling
Step: 2004992 | EPS: 0.12 | Rew: 0.47 | Win%: 46.0 | S0: 261.6 | FPS: 1766.2 | Var: dueling
Step: 2006016 | EPS: 0.12 | Rew: 0.52 | Win%: 47.5 | S0: 272.8 | FPS: 1783.1 | Var: dueling
Step: 2007040 | EPS: 0.12 | Rew: 0.50 | Win%: 46.0 | S0: 266.0 | FPS: 1661.7 | Var: dueling
Step: 2008064 | EPS: 0.12 | Rew: 0.42 | Win%: 46.5 | S0: 262.7 | FPS: 1769.0 | Var: dueling
Step: 2009088 | EPS: 0.12 | Rew: 0.38 | Win%: 47.0 | S0: 260.4 | FPS: 1979.2 | Var: dueling
Step: 2010112 | EPS: 0.12 | Rew: 0.43 | Win%: 48.5 | S0: 265.3 | FPS: 1910.3 | Var: dueling
Step: 2011136 | EPS: 0.12 | Rew: 0.40 | Win%: 48.5 | S0: 260.9 | FPS: 1757.6 | Var: dueling
Step: 2012160 | EPS: 0.12 | Rew: 0.39 | Win%: 49.5 | S0: 264.6 | FPS: 1836.5 | Var: dueling
Step: 2013184 | EPS: 0.12 | Rew: 0.38 | Win%: 50.0 | S0: 263.4 | FPS: 1840.3 | Var: dueling
Step: 2014208 | EPS: 0.12 | Rew: 0.48 | Win%: 51.0 | S0: 268.8 | FPS: 1806.3 | Var: dueling
Step: 2015232 | EPS: 0.12 | Rew: 0.52 | Win%: 50.5 | S0: 257.4 | FPS: 1721.9 | Var: dueling
Step: 2016256 | EPS: 0.12 | Rew: 0.57 | Win%: 51.5 | S0: 257.9 | FPS: 1892.0 | Var: dueling
Step: 2017280 | EPS: 0.12 | Rew: 0.45 | Win%: 49.0 | S0: 250.2 | FPS: 2044.8 | Var: dueling
Step: 2018304 | EPS: 0.12 | Rew: 0.52 | Win%: 50.5 | S0: 262.9 | FPS: 1805.9 | Var: dueling
Step: 2019328 | EPS: 0.12 | Rew: 0.58 | Win%: 49.5 | S0: 264.3 | FPS: 1840.3 | Var: dueling
Step: 2020352 | EPS: 0.12 | Rew: 0.61 | Win%: 50.5 | S0: 267.6 | FPS: 1912.6 | Var: dueling
Step: 2021376 | EPS: 0.12 | Rew: 0.46 | Win%: 50.0 | S0: 262.9 | FPS: 1899.3 | Var: dueling
Step: 2022400 | EPS: 0.12 | Rew: 0.48 | Win%: 51.0 | S0: 265.4 | FPS: 2041.8 | Var: dueling
Step: 2023424 | EPS: 0.12 | Rew: 0.49 | Win%: 50.0 | S0: 267.2 | FPS: 2070.0 | Var: dueling
Step: 2024448 | EPS: 0.12 | Rew: 0.52 | Win%: 50.5 | S0: 273.2 | FPS: 1959.5 | Var: dueling
Step: 2025472 | EPS: 0.11 | Rew: 0.63 | Win%: 50.5 | S0: 276.2 | FPS: 1982.0 | Var: dueling
Step: 2026496 | EPS: 0.11 | Rew: 0.60 | Win%: 51.5 | S0: 280.5 | FPS: 1901.8 | Var: dueling
Step: 2027520 | EPS: 0.11 | Rew: 0.62 | Win%: 52.0 | S0: 286.3 | FPS: 1748.8 | Var: dueling
Step: 2028544 | EPS: 0.11 | Rew: 0.60 | Win%: 52.0 | S0: 290.1 | FPS: 1714.9 | Var: dueling
Step: 2029568 | EPS: 0.11 | Rew: 0.58 | Win%: 49.5 | S0: 282.9 | FPS: 1900.3 | Var: dueling
Step: 2030592 | EPS: 0.11 | Rew: 0.62 | Win%: 48.5 | S0: 282.4 | FPS: 1987.6 | Var: dueling
Step: 2031616 | EPS: 0.11 | Rew: 0.66 | Win%: 48.5 | S0: 284.1 | FPS: 2075.3 | Var: dueling
Step: 2032640 | EPS: 0.11 | Rew: 0.63 | Win%: 48.5 | S0: 289.5 | FPS: 1918.2 | Var: dueling
Step: 2033664 | EPS: 0.11 | Rew: 0.64 | Win%: 50.0 | S0: 295.4 | FPS: 1876.6 | Var: dueling
Step: 2034688 | EPS: 0.11 | Rew: 0.54 | Win%: 50.5 | S0: 293.5 | FPS: 1840.6 | Var: dueling
Step: 2035712 | EPS: 0.11 | Rew: 0.50 | Win%: 49.5 | S0: 290.1 | FPS: 1866.2 | Var: dueling
Step: 2036736 | EPS: 0.11 | Rew: 0.43 | Win%: 49.5 | S0: 293.0 | FPS: 1995.3 | Var: dueling
Step: 2037760 | EPS: 0.11 | Rew: 0.48 | Win%: 48.5 | S0: 289.5 | FPS: 1862.2 | Var: dueling
Step: 2038784 | EPS: 0.11 | Rew: 0.50 | Win%: 49.0 | S0: 290.9 | FPS: 1755.5 | Var: dueling
Step: 2039808 | EPS: 0.11 | Rew: 0.44 | Win%: 49.0 | S0: 292.2 | FPS: 1903.6 | Var: dueling
Step: 2040832 | EPS: 0.11 | Rew: 0.35 | Win%: 49.0 | S0: 290.4 | FPS: 1726.8 | Var: dueling
Step: 2041856 | EPS: 0.11 | Rew: 0.31 | Win%: 48.5 | S0: 288.3 | FPS: 2053.6 | Var: dueling
Step: 2042880 | EPS: 0.11 | Rew: 0.38 | Win%: 50.0 | S0: 291.1 | FPS: 1744.5 | Var: dueling
Step: 2043904 | EPS: 0.11 | Rew: 0.40 | Win%: 48.0 | S0: 284.9 | FPS: 1838.7 | Var: dueling
Step: 2044928 | EPS: 0.11 | Rew: 0.44 | Win%: 47.0 | S0: 290.0 | FPS: 2047.8 | Var: dueling
Step: 2045952 | EPS: 0.11 | Rew: 0.35 | Win%: 45.5 | S0: 282.9 | FPS: 1791.4 | Var: dueling
Step: 2046976 | EPS: 0.11 | Rew: 0.28 | Win%: 46.0 | S0: 283.0 | FPS: 1580.4 | Var: dueling
Step: 2048000 | EPS: 0.11 | Rew: 0.18 | Win%: 46.0 | S0: 285.3 | FPS: 1895.3 | Var: dueling
Step: 2049024 | EPS: 0.11 | Rew: 0.32 | Win%: 47.5 | S0: 292.1 | FPS: 1940.3 | Var: dueling
Step: 2050048 | EPS: 0.11 | Rew: 0.37 | Win%: 46.0 | S0: 286.4 | FPS: 1909.1 | Var: dueling
Step: 2051072 | EPS: 0.11 | Rew: 0.35 | Win%: 46.5 | S0: 287.9 | FPS: 1903.3 | Var: dueling
Step: 2052096 | EPS: 0.11 | Rew: 0.33 | Win%: 46.5 | S0: 291.9 | FPS: 1940.5 | Var: dueling
Step: 2053120 | EPS: 0.11 | Rew: 0.31 | Win%: 46.5 | S0: 285.6 | FPS: 1859.5 | Var: dueling
Step: 2054144 | EPS: 0.11 | Rew: 0.36 | Win%: 45.5 | S0: 279.6 | FPS: 1829.5 | Var: dueling
Step: 2055168 | EPS: 0.11 | Rew: 0.42 | Win%: 45.0 | S0: 277.9 | FPS: 1462.3 | Var: dueling
Step: 2056192 | EPS: 0.11 | Rew: 0.32 | Win%: 43.0 | S0: 273.6 | FPS: 1763.4 | Var: dueling
Step: 2057216 | EPS: 0.11 | Rew: 0.29 | Win%: 43.0 | S0: 274.4 | FPS: 1870.0 | Var: dueling
Step: 2058240 | EPS: 0.11 | Rew: 0.16 | Win%: 39.5 | S0: 259.7 | FPS: 1813.6 | Var: dueling
Step: 2059264 | EPS: 0.11 | Rew: 0.15 | Win%: 39.0 | S0: 257.1 | FPS: 1680.2 | Var: dueling
Step: 2060288 | EPS: 0.11 | Rew: 0.12 | Win%: 41.0 | S0: 254.7 | FPS: 1729.6 | Var: dueling
Step: 2061312 | EPS: 0.11 | Rew: 0.09 | Win%: 40.5 | S0: 257.6 | FPS: 1891.3 | Var: dueling
Step: 2062336 | EPS: 0.11 | Rew: 0.10 | Win%: 40.5 | S0: 258.4 | FPS: 1576.6 | Var: dueling
Step: 2063360 | EPS: 0.11 | Rew: 0.08 | Win%: 38.0 | S0: 246.5 | FPS: 1820.3 | Var: dueling
Step: 2064384 | EPS: 0.11 | Rew: 0.15 | Win%: 37.0 | S0: 244.2 | FPS: 1857.6 | Var: dueling
Step: 2065408 | EPS: 0.11 | Rew: 0.26 | Win%: 38.0 | S0: 245.8 | FPS: 1723.0 | Var: dueling
Step: 2066432 | EPS: 0.11 | Rew: 0.33 | Win%: 39.0 | S0: 251.6 | FPS: 1736.6 | Var: dueling
Step: 2067456 | EPS: 0.11 | Rew: 0.34 | Win%: 38.5 | S0: 253.2 | FPS: 1681.5 | Var: dueling
Step: 2068480 | EPS: 0.11 | Rew: 0.43 | Win%: 40.0 | S0: 255.7 | FPS: 1802.3 | Var: dueling
Step: 2069504 | EPS: 0.11 | Rew: 0.48 | Win%: 41.5 | S0: 261.9 | FPS: 1841.4 | Var: dueling
Step: 2070528 | EPS: 0.11 | Rew: 0.49 | Win%: 43.5 | S0: 270.4 | FPS: 1946.5 | Var: dueling
Step: 2071552 | EPS: 0.11 | Rew: 0.51 | Win%: 44.5 | S0: 271.0 | FPS: 1801.8 | Var: dueling
Step: 2072576 | EPS: 0.11 | Rew: 0.44 | Win%: 44.0 | S0: 268.2 | FPS: 1843.6 | Var: dueling
Step: 2073600 | EPS: 0.11 | Rew: 0.32 | Win%: 43.5 | S0: 261.8 | FPS: 1703.6 | Var: dueling
Step: 2074624 | EPS: 0.11 | Rew: 0.33 | Win%: 45.5 | S0: 263.6 | FPS: 1720.7 | Var: dueling
Step: 2075648 | EPS: 0.11 | Rew: 0.44 | Win%: 48.0 | S0: 270.8 | FPS: 1839.8 | Var: dueling
Step: 2076672 | EPS: 0.11 | Rew: 0.33 | Win%: 47.0 | S0: 268.6 | FPS: 1994.2 | Var: dueling
Step: 2077696 | EPS: 0.11 | Rew: 0.39 | Win%: 49.5 | S0: 274.4 | FPS: 1993.0 | Var: dueling
Step: 2078720 | EPS: 0.11 | Rew: 0.41 | Win%: 48.5 | S0: 267.9 | FPS: 1730.4 | Var: dueling
Step: 2079744 | EPS: 0.11 | Rew: 0.50 | Win%: 49.0 | S0: 271.4 | FPS: 1958.5 | Var: dueling
Step: 2080768 | EPS: 0.11 | Rew: 0.58 | Win%: 50.0 | S0: 267.6 | FPS: 1712.1 | Var: dueling
Step: 2081792 | EPS: 0.11 | Rew: 0.51 | Win%: 49.5 | S0: 268.4 | FPS: 1922.7 | Var: dueling
Step: 2082816 | EPS: 0.11 | Rew: 0.47 | Win%: 49.5 | S0: 264.5 | FPS: 1729.8 | Var: dueling
Step: 2083840 | EPS: 0.11 | Rew: 0.46 | Win%: 47.5 | S0: 266.0 | FPS: 1729.0 | Var: dueling
Step: 2084864 | EPS: 0.11 | Rew: 0.51 | Win%: 48.5 | S0: 268.6 | FPS: 1948.6 | Var: dueling
Step: 2085888 | EPS: 0.11 | Rew: 0.55 | Win%: 50.0 | S0: 278.4 | FPS: 1762.2 | Var: dueling
Step: 2086912 | EPS: 0.11 | Rew: 0.59 | Win%: 51.0 | S0: 287.5 | FPS: 1849.6 | Var: dueling
Step: 2087936 | EPS: 0.11 | Rew: 0.59 | Win%: 52.0 | S0: 298.2 | FPS: 1891.3 | Var: dueling
Step: 2088960 | EPS: 0.11 | Rew: 0.56 | Win%: 48.5 | S0: 290.3 | FPS: 1956.6 | Var: dueling
Step: 2089984 | EPS: 0.11 | Rew: 0.53 | Win%: 48.0 | S0: 293.4 | FPS: 1842.5 | Var: dueling
Step: 2091008 | EPS: 0.11 | Rew: 0.54 | Win%: 46.5 | S0: 288.4 | FPS: 1859.9 | Var: dueling
Step: 2092032 | EPS: 0.11 | Rew: 0.52 | Win%: 46.5 | S0: 286.9 | FPS: 1791.8 | Var: dueling
Step: 2093056 | EPS: 0.11 | Rew: 0.40 | Win%: 43.5 | S0: 285.1 | FPS: 1641.5 | Var: dueling
Step: 2094080 | EPS: 0.11 | Rew: 0.42 | Win%: 42.5 | S0: 278.0 | FPS: 1786.0 | Var: dueling
Step: 2095104 | EPS: 0.11 | Rew: 0.32 | Win%: 42.5 | S0: 277.6 | FPS: 1859.4 | Var: dueling
Step: 2096128 | EPS: 0.10 | Rew: 0.24 | Win%: 40.5 | S0: 270.1 | FPS: 1913.4 | Var: dueling
Step: 2097152 | EPS: 0.10 | Rew: 0.20 | Win%: 42.0 | S0: 273.4 | FPS: 1852.0 | Var: dueling
Step: 2098176 | EPS: 0.10 | Rew: 0.16 | Win%: 40.5 | S0: 257.4 | FPS: 1802.5 | Var: dueling
Step: 2099200 | EPS: 0.10 | Rew: 0.31 | Win%: 41.5 | S0: 266.9 | FPS: 1827.1 | Var: dueling
Step: 2100224 | EPS: 0.10 | Rew: 0.35 | Win%: 42.5 | S0: 268.2 | FPS: 1641.3 | Var: dueling
Step: 2101248 | EPS: 0.10 | Rew: 0.38 | Win%: 42.0 | S0: 257.6 | FPS: 1814.6 | Var: dueling
Step: 2102272 | EPS: 0.10 | Rew: 0.50 | Win%: 44.5 | S0: 261.4 | FPS: 1515.7 | Var: dueling
Step: 2103296 | EPS: 0.10 | Rew: 0.46 | Win%: 41.5 | S0: 253.9 | FPS: 1816.0 | Var: dueling
Step: 2104320 | EPS: 0.10 | Rew: 0.34 | Win%: 42.5 | S0: 257.1 | FPS: 1660.5 | Var: dueling
Step: 2105344 | EPS: 0.10 | Rew: 0.40 | Win%: 44.5 | S0: 261.9 | FPS: 1928.3 | Var: dueling
Step: 2106368 | EPS: 0.10 | Rew: 0.37 | Win%: 45.5 | S0: 264.2 | FPS: 1809.8 | Var: dueling
Step: 2107392 | EPS: 0.10 | Rew: 0.44 | Win%: 46.5 | S0: 269.1 | FPS: 1817.9 | Var: dueling
Step: 2108416 | EPS: 0.10 | Rew: 0.43 | Win%: 46.5 | S0: 267.7 | FPS: 1904.7 | Var: dueling
Step: 2109440 | EPS: 0.10 | Rew: 0.42 | Win%: 46.0 | S0: 268.3 | FPS: 1804.7 | Var: dueling
Step: 2110464 | EPS: 0.10 | Rew: 0.64 | Win%: 46.5 | S0: 272.5 | FPS: 1641.3 | Var: dueling
Step: 2111488 | EPS: 0.10 | Rew: 0.64 | Win%: 46.5 | S0: 275.6 | FPS: 1934.4 | Var: dueling
Step: 2112512 | EPS: 0.10 | Rew: 0.62 | Win%: 47.0 | S0: 276.5 | FPS: 1969.9 | Var: dueling
Step: 2113536 | EPS: 0.10 | Rew: 0.59 | Win%: 46.5 | S0: 270.1 | FPS: 1994.0 | Var: dueling
Step: 2114560 | EPS: 0.10 | Rew: 0.55 | Win%: 47.0 | S0: 280.4 | FPS: 1749.5 | Var: dueling
Step: 2115584 | EPS: 0.10 | Rew: 0.60 | Win%: 48.0 | S0: 287.4 | FPS: 1906.2 | Var: dueling
Step: 2116608 | EPS: 0.10 | Rew: 0.40 | Win%: 48.0 | S0: 286.3 | FPS: 1822.5 | Var: dueling
Step: 2117632 | EPS: 0.10 | Rew: 0.48 | Win%: 48.5 | S0: 283.8 | FPS: 1810.9 | Var: dueling
Step: 2118656 | EPS: 0.10 | Rew: 0.49 | Win%: 49.0 | S0: 291.9 | FPS: 1498.1 | Var: dueling
Step: 2119680 | EPS: 0.10 | Rew: 0.54 | Win%: 50.5 | S0: 291.9 | FPS: 1905.4 | Var: dueling
Step: 2120704 | EPS: 0.10 | Rew: 0.41 | Win%: 48.5 | S0: 280.5 | FPS: 1843.6 | Var: dueling
Step: 2121728 | EPS: 0.10 | Rew: 0.46 | Win%: 49.0 | S0: 283.8 | FPS: 1596.8 | Var: dueling
Step: 2122752 | EPS: 0.10 | Rew: 0.47 | Win%: 47.5 | S0: 275.6 | FPS: 1602.5 | Var: dueling
Step: 2123776 | EPS: 0.10 | Rew: 0.45 | Win%: 47.0 | S0: 270.8 | FPS: 1576.2 | Var: dueling
Step: 2124800 | EPS: 0.10 | Rew: 0.43 | Win%: 47.5 | S0: 268.4 | FPS: 1722.3 | Var: dueling
Step: 2125824 | EPS: 0.10 | Rew: 0.33 | Win%: 44.5 | S0: 266.9 | FPS: 1864.4 | Var: dueling
Step: 2126848 | EPS: 0.10 | Rew: 0.21 | Win%: 43.5 | S0: 257.9 | FPS: 1794.6 | Var: dueling
Step: 2127872 | EPS: 0.10 | Rew: 0.33 | Win%: 44.0 | S0: 265.3 | FPS: 1703.2 | Var: dueling
Step: 2128896 | EPS: 0.10 | Rew: 0.29 | Win%: 46.0 | S0: 271.9 | FPS: 1803.1 | Var: dueling
Step: 2129920 | EPS: 0.10 | Rew: 0.30 | Win%: 46.0 | S0: 271.6 | FPS: 1975.5 | Var: dueling
Step: 2130944 | EPS: 0.10 | Rew: 0.36 | Win%: 45.0 | S0: 271.6 | FPS: 1683.4 | Var: dueling
Step: 2131968 | EPS: 0.10 | Rew: 0.56 | Win%: 45.5 | S0: 284.4 | FPS: 1741.2 | Var: dueling
Step: 2132992 | EPS: 0.10 | Rew: 0.65 | Win%: 45.5 | S0: 291.9 | FPS: 1977.0 | Var: dueling
Step: 2134016 | EPS: 0.10 | Rew: 0.76 | Win%: 48.0 | S0: 305.8 | FPS: 1947.9 | Var: dueling
Step: 2135040 | EPS: 0.10 | Rew: 0.80 | Win%: 48.0 | S0: 309.9 | FPS: 1867.9 | Var: dueling
Step: 2136064 | EPS: 0.10 | Rew: 0.76 | Win%: 47.5 | S0: 308.1 | FPS: 1971.5 | Var: dueling
Step: 2137088 | EPS: 0.10 | Rew: 0.71 | Win%: 47.5 | S0: 301.9 | FPS: 1988.5 | Var: dueling
Step: 2138112 | EPS: 0.10 | Rew: 0.70 | Win%: 48.0 | S0: 302.4 | FPS: 1921.0 | Var: dueling
Step: 2139136 | EPS: 0.10 | Rew: 0.62 | Win%: 49.5 | S0: 313.6 | FPS: 1730.0 | Var: dueling
Step: 2140160 | EPS: 0.10 | Rew: 0.61 | Win%: 51.5 | S0: 315.4 | FPS: 1895.7 | Var: dueling
Step: 2141184 | EPS: 0.10 | Rew: 0.66 | Win%: 53.0 | S0: 320.9 | FPS: 1633.7 | Var: dueling
Step: 2142208 | EPS: 0.10 | Rew: 0.56 | Win%: 51.5 | S0: 323.2 | FPS: 1750.4 | Var: dueling
Step: 2143232 | EPS: 0.10 | Rew: 0.61 | Win%: 51.5 | S0: 326.3 | FPS: 1884.1 | Var: dueling
>>> [Best] Saved -> agent/checkpoints/dueling_battle.pth | Win% 51.5 | S0 326.3
Step: 2144256 | EPS: 0.10 | Rew: 0.48 | Win%: 49.0 | S0: 313.9 | FPS: 1832.6 | Var: dueling
Step: 2145280 | EPS: 0.10 | Rew: 0.46 | Win%: 45.0 | S0: 290.7 | FPS: 1891.7 | Var: dueling
Step: 2146304 | EPS: 0.10 | Rew: 0.39 | Win%: 46.5 | S0: 285.9 | FPS: 1907.9 | Var: dueling
Step: 2147328 | EPS: 0.10 | Rew: 0.29 | Win%: 46.0 | S0: 277.1 | FPS: 1932.1 | Var: dueling
Step: 2148352 | EPS: 0.10 | Rew: 0.31 | Win%: 45.0 | S0: 276.0 | FPS: 1896.0 | Var: dueling
Step: 2149376 | EPS: 0.10 | Rew: 0.22 | Win%: 43.0 | S0: 272.9 | FPS: 1823.9 | Var: dueling
Step: 2150400 | EPS: 0.10 | Rew: 0.42 | Win%: 43.5 | S0: 283.1 | FPS: 1922.0 | Var: dueling
Step: 2151424 | EPS: 0.10 | Rew: 0.44 | Win%: 43.5 | S0: 282.8 | FPS: 1905.1 | Var: dueling
Step: 2152448 | EPS: 0.10 | Rew: 0.36 | Win%: 40.5 | S0: 271.8 | FPS: 1670.0 | Var: dueling
Step: 2153472 | EPS: 0.10 | Rew: 0.42 | Win%: 40.5 | S0: 268.4 | FPS: 1764.7 | Var: dueling
Step: 2154496 | EPS: 0.10 | Rew: 0.45 | Win%: 41.0 | S0: 269.4 | FPS: 1744.7 | Var: dueling
Step: 2155520 | EPS: 0.10 | Rew: 0.63 | Win%: 42.5 | S0: 273.2 | FPS: 1577.9 | Var: dueling
Step: 2156544 | EPS: 0.10 | Rew: 0.78 | Win%: 47.5 | S0: 295.6 | FPS: 1686.8 | Var: dueling
Step: 2157568 | EPS: 0.10 | Rew: 0.78 | Win%: 48.5 | S0: 304.9 | FPS: 1532.5 | Var: dueling
Step: 2158592 | EPS: 0.10 | Rew: 0.87 | Win%: 47.5 | S0: 310.6 | FPS: 1841.6 | Var: dueling
Step: 2159616 | EPS: 0.10 | Rew: 0.81 | Win%: 46.0 | S0: 313.7 | FPS: 1577.3 | Var: dueling
Step: 2160640 | EPS: 0.10 | Rew: 0.78 | Win%: 48.0 | S0: 313.9 | FPS: 2045.0 | Var: dueling
Step: 2161664 | EPS: 0.10 | Rew: 0.77 | Win%: 49.0 | S0: 320.1 | FPS: 1901.0 | Var: dueling
Step: 2162688 | EPS: 0.10 | Rew: 0.68 | Win%: 49.0 | S0: 314.4 | FPS: 1863.4 | Var: dueling
Step: 2163712 | EPS: 0.10 | Rew: 0.51 | Win%: 48.5 | S0: 309.4 | FPS: 1758.9 | Var: dueling
Step: 2164736 | EPS: 0.10 | Rew: 0.58 | Win%: 51.0 | S0: 318.8 | FPS: 1819.7 | Var: dueling
Step: 2165760 | EPS: 0.10 | Rew: 0.55 | Win%: 51.5 | S0: 313.2 | FPS: 1941.2 | Var: dueling
Step: 2166784 | EPS: 0.10 | Rew: 0.56 | Win%: 52.5 | S0: 314.0 | FPS: 1778.2 | Var: dueling
Step: 2167808 | EPS: 0.09 | Rew: 0.58 | Win%: 51.5 | S0: 306.8 | FPS: 1685.1 | Var: dueling
Step: 2168832 | EPS: 0.09 | Rew: 0.57 | Win%: 50.5 | S0: 300.0 | FPS: 1880.2 | Var: dueling
Step: 2169856 | EPS: 0.09 | Rew: 0.64 | Win%: 49.5 | S0: 293.7 | FPS: 1898.6 | Var: dueling
Step: 2170880 | EPS: 0.09 | Rew: 0.61 | Win%: 49.0 | S0: 283.2 | FPS: 1605.6 | Var: dueling
Step: 2171904 | EPS: 0.09 | Rew: 0.65 | Win%: 51.0 | S0: 280.7 | FPS: 1478.4 | Var: dueling
Step: 2172928 | EPS: 0.09 | Rew: 0.61 | Win%: 51.0 | S0: 278.4 | FPS: 1662.8 | Var: dueling
Step: 2173952 | EPS: 0.09 | Rew: 0.66 | Win%: 50.5 | S0: 287.5 | FPS: 1459.7 | Var: dueling
Step: 2174976 | EPS: 0.09 | Rew: 0.71 | Win%: 51.0 | S0: 286.9 | FPS: 1945.3 | Var: dueling
Step: 2176000 | EPS: 0.09 | Rew: 0.62 | Win%: 52.0 | S0: 285.5 | FPS: 1861.1 | Var: dueling
Step: 2177024 | EPS: 0.09 | Rew: 0.69 | Win%: 52.5 | S0: 289.0 | FPS: 2060.3 | Var: dueling
Step: 2178048 | EPS: 0.09 | Rew: 0.80 | Win%: 54.0 | S0: 297.4 | FPS: 1911.6 | Var: dueling
Step: 2179072 | EPS: 0.09 | Rew: 0.92 | Win%: 54.5 | S0: 300.9 | FPS: 1988.0 | Var: dueling
Step: 2180096 | EPS: 0.09 | Rew: 0.85 | Win%: 54.0 | S0: 306.4 | FPS: 1621.0 | Var: dueling
Step: 2181120 | EPS: 0.09 | Rew: 0.86 | Win%: 54.5 | S0: 309.0 | FPS: 1950.4 | Var: dueling
Step: 2182144 | EPS: 0.09 | Rew: 0.85 | Win%: 55.0 | S0: 314.9 | FPS: 1493.7 | Var: dueling
Step: 2183168 | EPS: 0.09 | Rew: 0.87 | Win%: 54.5 | S0: 313.8 | FPS: 1940.6 | Var: dueling
Step: 2184192 | EPS: 0.09 | Rew: 0.83 | Win%: 55.5 | S0: 313.4 | FPS: 1895.2 | Var: dueling
Step: 2185216 | EPS: 0.09 | Rew: 0.80 | Win%: 56.5 | S0: 316.3 | FPS: 1940.7 | Var: dueling
Step: 2186240 | EPS: 0.09 | Rew: 0.65 | Win%: 54.0 | S0: 313.5 | FPS: 1782.4 | Var: dueling
Step: 2187264 | EPS: 0.09 | Rew: 0.62 | Win%: 53.5 | S0: 307.0 | FPS: 1938.0 | Var: dueling
Step: 2188288 | EPS: 0.09 | Rew: 0.64 | Win%: 54.0 | S0: 303.2 | FPS: 1721.1 | Var: dueling
Step: 2189312 | EPS: 0.09 | Rew: 0.63 | Win%: 52.0 | S0: 303.6 | FPS: 1743.2 | Var: dueling
Step: 2190336 | EPS: 0.09 | Rew: 0.51 | Win%: 50.5 | S0: 298.8 | FPS: 1991.1 | Var: dueling
Step: 2191360 | EPS: 0.09 | Rew: 0.39 | Win%: 49.5 | S0: 289.5 | FPS: 2019.0 | Var: dueling
Step: 2192384 | EPS: 0.09 | Rew: 0.41 | Win%: 49.0 | S0: 278.2 | FPS: 1876.0 | Var: dueling
Step: 2193408 | EPS: 0.09 | Rew: 0.49 | Win%: 49.5 | S0: 279.6 | FPS: 1686.7 | Var: dueling
Step: 2194432 | EPS: 0.09 | Rew: 0.59 | Win%: 49.5 | S0: 283.8 | FPS: 1855.7 | Var: dueling
Step: 2195456 | EPS: 0.09 | Rew: 0.54 | Win%: 48.5 | S0: 276.2 | FPS: 1932.3 | Var: dueling
Step: 2196480 | EPS: 0.09 | Rew: 0.44 | Win%: 49.0 | S0: 274.6 | FPS: 1584.1 | Var: dueling
Step: 2197504 | EPS: 0.09 | Rew: 0.49 | Win%: 47.0 | S0: 270.6 | FPS: 1762.6 | Var: dueling
Step: 2198528 | EPS: 0.09 | Rew: 0.60 | Win%: 47.0 | S0: 269.4 | FPS: 1955.3 | Var: dueling
Step: 2199552 | EPS: 0.09 | Rew: 0.75 | Win%: 48.0 | S0: 280.4 | FPS: 1886.1 | Var: dueling
Step: 2200576 | EPS: 0.09 | Rew: 0.65 | Win%: 49.0 | S0: 287.9 | FPS: 1595.2 | Var: dueling
Step: 2201600 | EPS: 0.09 | Rew: 0.54 | Win%: 48.0 | S0: 287.2 | FPS: 1766.2 | Var: dueling
Step: 2202624 | EPS: 0.09 | Rew: 0.50 | Win%: 48.0 | S0: 285.8 | FPS: 1972.6 | Var: dueling
Step: 2203648 | EPS: 0.09 | Rew: 0.56 | Win%: 48.0 | S0: 282.6 | FPS: 1669.7 | Var: dueling
Step: 2204672 | EPS: 0.09 | Rew: 0.58 | Win%: 49.0 | S0: 288.6 | FPS: 1740.7 | Var: dueling
Step: 2205696 | EPS: 0.09 | Rew: 0.54 | Win%: 48.5 | S0: 291.8 | FPS: 1753.9 | Var: dueling
Step: 2206720 | EPS: 0.09 | Rew: 0.44 | Win%: 47.0 | S0: 297.9 | FPS: 1764.6 | Var: dueling
Step: 2207744 | EPS: 0.09 | Rew: 0.37 | Win%: 44.5 | S0: 290.9 | FPS: 1929.9 | Var: dueling
Step: 2208768 | EPS: 0.09 | Rew: 0.50 | Win%: 45.0 | S0: 290.1 | FPS: 1876.5 | Var: dueling
Step: 2209792 | EPS: 0.09 | Rew: 0.61 | Win%: 46.5 | S0: 293.6 | FPS: 1746.2 | Var: dueling
Step: 2210816 | EPS: 0.09 | Rew: 0.57 | Win%: 46.5 | S0: 298.9 | FPS: 1927.1 | Var: dueling
Step: 2211840 | EPS: 0.09 | Rew: 0.49 | Win%: 45.5 | S0: 293.9 | FPS: 1848.7 | Var: dueling
Step: 2212864 | EPS: 0.09 | Rew: 0.66 | Win%: 46.0 | S0: 297.5 | FPS: 1973.3 | Var: dueling
Step: 2213888 | EPS: 0.09 | Rew: 0.67 | Win%: 45.0 | S0: 296.6 | FPS: 1836.9 | Var: dueling
Step: 2214912 | EPS: 0.09 | Rew: 0.65 | Win%: 44.5 | S0: 287.5 | FPS: 1692.2 | Var: dueling
Step: 2215936 | EPS: 0.09 | Rew: 0.54 | Win%: 43.0 | S0: 281.3 | FPS: 1579.2 | Var: dueling
Step: 2216960 | EPS: 0.09 | Rew: 0.51 | Win%: 44.0 | S0: 293.1 | FPS: 2059.1 | Var: dueling
Step: 2217984 | EPS: 0.09 | Rew: 0.49 | Win%: 44.0 | S0: 288.5 | FPS: 1960.5 | Var: dueling
Step: 2219008 | EPS: 0.09 | Rew: 0.57 | Win%: 43.5 | S0: 286.6 | FPS: 1772.7 | Var: dueling
Step: 2220032 | EPS: 0.09 | Rew: 0.41 | Win%: 44.0 | S0: 283.7 | FPS: 1903.3 | Var: dueling
Step: 2221056 | EPS: 0.09 | Rew: 0.61 | Win%: 47.5 | S0: 288.6 | FPS: 1944.6 | Var: dueling
Step: 2222080 | EPS: 0.09 | Rew: 0.69 | Win%: 48.5 | S0: 293.1 | FPS: 1793.6 | Var: dueling
Step: 2223104 | EPS: 0.09 | Rew: 0.75 | Win%: 47.0 | S0: 292.3 | FPS: 1670.2 | Var: dueling
Step: 2224128 | EPS: 0.09 | Rew: 0.74 | Win%: 46.5 | S0: 295.6 | FPS: 1872.5 | Var: dueling
Step: 2225152 | EPS: 0.09 | Rew: 0.69 | Win%: 47.0 | S0: 295.4 | FPS: 1927.9 | Var: dueling
Step: 2226176 | EPS: 0.09 | Rew: 0.71 | Win%: 47.0 | S0: 290.1 | FPS: 1849.9 | Var: dueling
Step: 2227200 | EPS: 0.09 | Rew: 0.73 | Win%: 48.5 | S0: 296.3 | FPS: 1759.8 | Var: dueling
Step: 2228224 | EPS: 0.09 | Rew: 0.57 | Win%: 48.0 | S0: 287.0 | FPS: 1510.1 | Var: dueling
Step: 2229248 | EPS: 0.09 | Rew: 0.52 | Win%: 48.5 | S0: 285.9 | FPS: 1965.3 | Var: dueling
Step: 2230272 | EPS: 0.09 | Rew: 0.39 | Win%: 48.0 | S0: 277.0 | FPS: 1971.2 | Var: dueling
Step: 2231296 | EPS: 0.09 | Rew: 0.46 | Win%: 49.0 | S0: 281.6 | FPS: 1809.4 | Var: dueling
Step: 2232320 | EPS: 0.09 | Rew: 0.45 | Win%: 49.5 | S0: 283.1 | FPS: 1925.8 | Var: dueling
Step: 2233344 | EPS: 0.09 | Rew: 0.38 | Win%: 49.5 | S0: 278.5 | FPS: 1984.6 | Var: dueling
Step: 2234368 | EPS: 0.09 | Rew: 0.35 | Win%: 48.0 | S0: 278.9 | FPS: 1905.7 | Var: dueling
Step: 2235392 | EPS: 0.09 | Rew: 0.42 | Win%: 47.5 | S0: 276.4 | FPS: 2126.6 | Var: dueling
Step: 2236416 | EPS: 0.09 | Rew: 0.42 | Win%: 47.5 | S0: 279.9 | FPS: 1942.5 | Var: dueling
Step: 2237440 | EPS: 0.09 | Rew: 0.45 | Win%: 45.5 | S0: 270.9 | FPS: 1991.8 | Var: dueling
Step: 2238464 | EPS: 0.08 | Rew: 0.54 | Win%: 48.0 | S0: 285.9 | FPS: 1757.0 | Var: dueling
Step: 2239488 | EPS: 0.08 | Rew: 0.47 | Win%: 46.5 | S0: 279.1 | FPS: 1941.5 | Var: dueling
Step: 2240512 | EPS: 0.08 | Rew: 0.40 | Win%: 45.0 | S0: 270.3 | FPS: 1804.9 | Var: dueling
Step: 2241536 | EPS: 0.08 | Rew: 0.44 | Win%: 46.5 | S0: 282.1 | FPS: 1693.1 | Var: dueling
Step: 2242560 | EPS: 0.08 | Rew: 0.41 | Win%: 46.0 | S0: 277.6 | FPS: 1681.6 | Var: dueling
Step: 2243584 | EPS: 0.08 | Rew: 0.43 | Win%: 45.5 | S0: 285.7 | FPS: 1911.0 | Var: dueling
Step: 2244608 | EPS: 0.08 | Rew: 0.44 | Win%: 46.0 | S0: 288.6 | FPS: 1955.8 | Var: dueling
Step: 2245632 | EPS: 0.08 | Rew: 0.44 | Win%: 46.5 | S0: 296.1 | FPS: 1931.2 | Var: dueling
Step: 2246656 | EPS: 0.08 | Rew: 0.69 | Win%: 48.0 | S0: 306.1 | FPS: 1608.5 | Var: dueling
Step: 2247680 | EPS: 0.08 | Rew: 0.66 | Win%: 48.0 | S0: 307.0 | FPS: 1824.2 | Var: dueling
Step: 2248704 | EPS: 0.08 | Rew: 0.54 | Win%: 45.0 | S0: 289.2 | FPS: 1856.6 | Var: dueling
Step: 2249728 | EPS: 0.08 | Rew: 0.67 | Win%: 45.0 | S0: 297.5 | FPS: 1750.6 | Var: dueling
Step: 2250752 | EPS: 0.08 | Rew: 0.69 | Win%: 45.0 | S0: 300.9 | FPS: 1848.8 | Var: dueling
Step: 2251776 | EPS: 0.08 | Rew: 0.71 | Win%: 44.5 | S0: 293.6 | FPS: 1770.0 | Var: dueling
Step: 2252800 | EPS: 0.08 | Rew: 0.58 | Win%: 44.5 | S0: 296.4 | FPS: 1886.9 | Var: dueling
Step: 2253824 | EPS: 0.08 | Rew: 0.44 | Win%: 43.5 | S0: 299.7 | FPS: 1898.7 | Var: dueling
Step: 2254848 | EPS: 0.08 | Rew: 0.51 | Win%: 42.5 | S0: 298.1 | FPS: 1828.1 | Var: dueling
Step: 2255872 | EPS: 0.08 | Rew: 0.45 | Win%: 41.5 | S0: 300.9 | FPS: 1616.0 | Var: dueling
Step: 2256896 | EPS: 0.08 | Rew: 0.35 | Win%: 40.5 | S0: 294.1 | FPS: 1701.6 | Var: dueling
Step: 2257920 | EPS: 0.08 | Rew: 0.26 | Win%: 40.0 | S0: 294.1 | FPS: 1431.2 | Var: dueling
Step: 2258944 | EPS: 0.08 | Rew: 0.36 | Win%: 39.0 | S0: 294.5 | FPS: 1681.4 | Var: dueling
Step: 2259968 | EPS: 0.08 | Rew: 0.27 | Win%: 34.5 | S0: 268.1 | FPS: 1855.3 | Var: dueling
Step: 2260992 | EPS: 0.08 | Rew: 0.27 | Win%: 36.0 | S0: 277.8 | FPS: 1626.1 | Var: dueling
Step: 2262016 | EPS: 0.08 | Rew: 0.42 | Win%: 38.5 | S0: 286.6 | FPS: 1830.6 | Var: dueling
Step: 2263040 | EPS: 0.08 | Rew: 0.56 | Win%: 39.5 | S0: 280.9 | FPS: 1883.1 | Var: dueling
Step: 2264064 | EPS: 0.08 | Rew: 0.54 | Win%: 38.5 | S0: 275.8 | FPS: 1770.9 | Var: dueling
Step: 2265088 | EPS: 0.08 | Rew: 0.45 | Win%: 37.5 | S0: 266.9 | FPS: 1885.4 | Var: dueling
Step: 2266112 | EPS: 0.08 | Rew: 0.46 | Win%: 37.0 | S0: 264.1 | FPS: 1745.7 | Var: dueling
Step: 2267136 | EPS: 0.08 | Rew: 0.55 | Win%: 37.0 | S0: 263.9 | FPS: 1791.5 | Var: dueling
Step: 2268160 | EPS: 0.08 | Rew: 0.50 | Win%: 36.0 | S0: 271.6 | FPS: 1494.7 | Var: dueling
Step: 2269184 | EPS: 0.08 | Rew: 0.53 | Win%: 38.0 | S0: 277.1 | FPS: 1862.9 | Var: dueling
Step: 2270208 | EPS: 0.08 | Rew: 0.46 | Win%: 40.0 | S0: 285.0 | FPS: 1952.7 | Var: dueling
Step: 2271232 | EPS: 0.08 | Rew: 0.33 | Win%: 39.0 | S0: 273.8 | FPS: 1852.8 | Var: dueling
Step: 2272256 | EPS: 0.08 | Rew: 0.41 | Win%: 40.0 | S0: 270.1 | FPS: 1916.3 | Var: dueling
Step: 2273280 | EPS: 0.08 | Rew: 0.46 | Win%: 41.5 | S0: 276.1 | FPS: 1828.4 | Var: dueling
Step: 2274304 | EPS: 0.08 | Rew: 0.32 | Win%: 38.5 | S0: 266.8 | FPS: 1870.2 | Var: dueling
Step: 2275328 | EPS: 0.08 | Rew: 0.17 | Win%: 36.5 | S0: 260.1 | FPS: 1687.2 | Var: dueling
Step: 2276352 | EPS: 0.08 | Rew: 0.22 | Win%: 35.5 | S0: 261.2 | FPS: 1878.1 | Var: dueling
Step: 2277376 | EPS: 0.08 | Rew: 0.41 | Win%: 37.5 | S0: 267.7 | FPS: 1485.5 | Var: dueling
Step: 2278400 | EPS: 0.08 | Rew: 0.33 | Win%: 38.5 | S0: 271.0 | FPS: 1693.7 | Var: dueling
Step: 2279424 | EPS: 0.08 | Rew: 0.49 | Win%: 40.0 | S0: 272.3 | FPS: 1765.2 | Var: dueling
Step: 2280448 | EPS: 0.08 | Rew: 0.44 | Win%: 40.5 | S0: 267.4 | FPS: 1751.8 | Var: dueling
Step: 2281472 | EPS: 0.08 | Rew: 0.55 | Win%: 39.0 | S0: 262.3 | FPS: 1960.3 | Var: dueling
Step: 2282496 | EPS: 0.08 | Rew: 0.47 | Win%: 38.5 | S0: 260.5 | FPS: 1524.2 | Var: dueling
Step: 2283520 | EPS: 0.08 | Rew: 0.46 | Win%: 41.0 | S0: 269.9 | FPS: 1656.6 | Var: dueling
Step: 2284544 | EPS: 0.08 | Rew: 0.54 | Win%: 40.5 | S0: 271.9 | FPS: 1815.8 | Var: dueling
Step: 2285568 | EPS: 0.08 | Rew: 0.47 | Win%: 39.5 | S0: 271.8 | FPS: 1809.6 | Var: dueling
Step: 2286592 | EPS: 0.08 | Rew: 0.46 | Win%: 40.0 | S0: 274.2 | FPS: 1443.5 | Var: dueling
Step: 2287616 | EPS: 0.08 | Rew: 0.37 | Win%: 38.5 | S0: 273.9 | FPS: 1861.4 | Var: dueling
Step: 2288640 | EPS: 0.08 | Rew: 0.30 | Win%: 38.5 | S0: 267.3 | FPS: 1884.0 | Var: dueling
Step: 2289664 | EPS: 0.08 | Rew: 0.38 | Win%: 38.5 | S0: 273.4 | FPS: 1906.5 | Var: dueling
Step: 2290688 | EPS: 0.08 | Rew: 0.24 | Win%: 37.5 | S0: 267.1 | FPS: 1641.4 | Var: dueling
Step: 2291712 | EPS: 0.08 | Rew: 0.31 | Win%: 38.5 | S0: 277.0 | FPS: 1586.0 | Var: dueling
Step: 2292736 | EPS: 0.08 | Rew: 0.42 | Win%: 38.5 | S0: 279.4 | FPS: 1760.1 | Var: dueling
Step: 2293760 | EPS: 0.08 | Rew: 0.58 | Win%: 41.0 | S0: 283.7 | FPS: 1535.9 | Var: dueling
Step: 2294784 | EPS: 0.08 | Rew: 0.68 | Win%: 41.0 | S0: 284.6 | FPS: 1499.0 | Var: dueling
Step: 2295808 | EPS: 0.08 | Rew: 0.77 | Win%: 43.0 | S0: 298.2 | FPS: 1692.8 | Var: dueling
Step: 2296832 | EPS: 0.08 | Rew: 0.77 | Win%: 40.0 | S0: 288.4 | FPS: 1541.1 | Var: dueling
Step: 2297856 | EPS: 0.08 | Rew: 0.79 | Win%: 41.0 | S0: 300.9 | FPS: 1802.0 | Var: dueling
Step: 2298880 | EPS: 0.08 | Rew: 0.84 | Win%: 42.5 | S0: 308.9 | FPS: 1709.1 | Var: dueling
Step: 2299904 | EPS: 0.08 | Rew: 0.70 | Win%: 43.5 | S0: 320.2 | FPS: 1957.9 | Var: dueling
Step: 2300928 | EPS: 0.08 | Rew: 0.77 | Win%: 44.5 | S0: 325.2 | FPS: 2302.8 | Var: dueling
Step: 2301952 | EPS: 0.08 | Rew: 0.75 | Win%: 45.5 | S0: 327.6 | FPS: 1790.4 | Var: dueling
Step: 2302976 | EPS: 0.08 | Rew: 0.69 | Win%: 45.5 | S0: 332.9 | FPS: 2029.1 | Var: dueling
>>> [Best] Saved -> agent/checkpoints/dueling_battle.pth | Win% 45.5 | S0 332.9
Step: 2304000 | EPS: 0.08 | Rew: 0.70 | Win%: 45.5 | S0: 339.3 | FPS: 1773.2 | Var: dueling
>>> [Best] Saved -> agent/checkpoints/dueling_battle.pth | Win% 45.5 | S0 339.3
Step: 2305024 | EPS: 0.08 | Rew: 0.58 | Win%: 43.5 | S0: 326.9 | FPS: 1897.4 | Var: dueling
Step: 2306048 | EPS: 0.08 | Rew: 0.54 | Win%: 42.5 | S0: 324.0 | FPS: 1841.5 | Var: dueling
Step: 2307072 | EPS: 0.08 | Rew: 0.61 | Win%: 42.0 | S0: 318.6 | FPS: 1219.6 | Var: dueling
Step: 2308096 | EPS: 0.08 | Rew: 0.50 | Win%: 41.0 | S0: 317.7 | FPS: 1776.0 | Var: dueling
Step: 2309120 | EPS: 0.08 | Rew: 0.50 | Win%: 40.5 | S0: 312.4 | FPS: 2000.4 | Var: dueling
Step: 2310144 | EPS: 0.07 | Rew: 0.45 | Win%: 40.0 | S0: 306.1 | FPS: 1649.3 | Var: dueling
Step: 2311168 | EPS: 0.07 | Rew: 0.53 | Win%: 41.0 | S0: 304.8 | FPS: 1891.7 | Var: dueling
Step: 2312192 | EPS: 0.07 | Rew: 0.53 | Win%: 41.0 | S0: 290.1 | FPS: 2061.3 | Var: dueling
Step: 2313216 | EPS: 0.07 | Rew: 0.46 | Win%: 40.5 | S0: 288.3 | FPS: 2024.2 | Var: dueling
Step: 2314240 | EPS: 0.07 | Rew: 0.47 | Win%: 40.5 | S0: 285.8 | FPS: 1922.4 | Var: dueling
Step: 2315264 | EPS: 0.07 | Rew: 0.55 | Win%: 40.5 | S0: 285.3 | FPS: 2127.2 | Var: dueling
Step: 2316288 | EPS: 0.07 | Rew: 0.65 | Win%: 42.5 | S0: 287.1 | FPS: 1865.9 | Var: dueling
Step: 2317312 | EPS: 0.07 | Rew: 0.66 | Win%: 43.5 | S0: 295.2 | FPS: 1900.6 | Var: dueling
Step: 2318336 | EPS: 0.07 | Rew: 0.73 | Win%: 44.5 | S0: 304.9 | FPS: 1820.4 | Var: dueling
Step: 2319360 | EPS: 0.07 | Rew: 0.88 | Win%: 45.0 | S0: 311.1 | FPS: 1489.2 | Var: dueling
Step: 2320384 | EPS: 0.07 | Rew: 1.06 | Win%: 48.5 | S0: 326.9 | FPS: 1869.8 | Var: dueling
Step: 2321408 | EPS: 0.07 | Rew: 1.09 | Win%: 50.5 | S0: 340.4 | FPS: 1515.7 | Var: dueling
>>> [Best] Saved -> agent/checkpoints/dueling_battle.pth | Win% 50.5 | S0 340.4
Step: 2322432 | EPS: 0.07 | Rew: 1.17 | Win%: 54.0 | S0: 352.9 | FPS: 1674.6 | Var: dueling
>>> [Best] Saved -> agent/checkpoints/dueling_battle.pth | Win% 54.0 | S0 352.9
Step: 2323456 | EPS: 0.07 | Rew: 1.09 | Win%: 54.0 | S0: 358.7 | FPS: 1903.4 | Var: dueling
>>> [Best] Saved -> agent/checkpoints/dueling_battle.pth | Win% 54.0 | S0 358.7
Step: 2324480 | EPS: 0.07 | Rew: 0.98 | Win%: 54.5 | S0: 353.1 | FPS: 1933.9 | Var: dueling
Step: 2325504 | EPS: 0.07 | Rew: 0.82 | Win%: 54.0 | S0: 351.4 | FPS: 1940.0 | Var: dueling
Step: 2326528 | EPS: 0.07 | Rew: 0.68 | Win%: 53.5 | S0: 344.4 | FPS: 1833.9 | Var: dueling
Step: 2327552 | EPS: 0.07 | Rew: 0.44 | Win%: 51.0 | S0: 328.9 | FPS: 1856.1 | Var: dueling
Step: 2328576 | EPS: 0.07 | Rew: 0.45 | Win%: 49.5 | S0: 333.4 | FPS: 1698.8 | Var: dueling
Step: 2329600 | EPS: 0.07 | Rew: 0.48 | Win%: 49.5 | S0: 323.8 | FPS: 1785.8 | Var: dueling
Step: 2330624 | EPS: 0.07 | Rew: 0.64 | Win%: 50.0 | S0: 314.9 | FPS: 1687.3 | Var: dueling
Step: 2331648 | EPS: 0.07 | Rew: 0.72 | Win%: 48.5 | S0: 317.1 | FPS: 1706.6 | Var: dueling
Step: 2332672 | EPS: 0.07 | Rew: 0.74 | Win%: 46.5 | S0: 302.6 | FPS: 1907.6 | Var: dueling
Step: 2333696 | EPS: 0.07 | Rew: 0.78 | Win%: 45.0 | S0: 293.6 | FPS: 1771.9 | Var: dueling
Step: 2334720 | EPS: 0.07 | Rew: 0.86 | Win%: 43.5 | S0: 299.1 | FPS: 1313.5 | Var: dueling
Step: 2335744 | EPS: 0.07 | Rew: 0.72 | Win%: 44.0 | S0: 299.8 | FPS: 1891.9 | Var: dueling
Step: 2336768 | EPS: 0.07 | Rew: 0.72 | Win%: 47.0 | S0: 314.5 | FPS: 1738.2 | Var: dueling
Step: 2337792 | EPS: 0.07 | Rew: 0.73 | Win%: 47.0 | S0: 319.9 | FPS: 1635.8 | Var: dueling
Step: 2338816 | EPS: 0.07 | Rew: 0.71 | Win%: 49.0 | S0: 314.1 | FPS: 1563.6 | Var: dueling
Step: 2339840 | EPS: 0.07 | Rew: 0.77 | Win%: 51.0 | S0: 321.2 | FPS: 1564.9 | Var: dueling
Step: 2340864 | EPS: 0.07 | Rew: 0.89 | Win%: 51.0 | S0: 325.2 | FPS: 1778.4 | Var: dueling
Step: 2341888 | EPS: 0.07 | Rew: 0.88 | Win%: 49.0 | S0: 322.6 | FPS: 1896.1 | Var: dueling
Step: 2342912 | EPS: 0.07 | Rew: 0.82 | Win%: 48.5 | S0: 321.5 | FPS: 1891.8 | Var: dueling
Step: 2343936 | EPS: 0.07 | Rew: 0.83 | Win%: 50.0 | S0: 324.4 | FPS: 1434.9 | Var: dueling
Step: 2344960 | EPS: 0.07 | Rew: 0.89 | Win%: 49.0 | S0: 336.6 | FPS: 1838.6 | Var: dueling
Step: 2345984 | EPS: 0.07 | Rew: 0.80 | Win%: 49.0 | S0: 332.1 | FPS: 1604.4 | Var: dueling
Step: 2347008 | EPS: 0.07 | Rew: 0.69 | Win%: 49.5 | S0: 336.3 | FPS: 1658.5 | Var: dueling
Step: 2348032 | EPS: 0.07 | Rew: 0.68 | Win%: 49.0 | S0: 333.0 | FPS: 1672.3 | Var: dueling
Step: 2349056 | EPS: 0.07 | Rew: 0.80 | Win%: 48.0 | S0: 327.6 | FPS: 1643.2 | Var: dueling
Step: 2350080 | EPS: 0.07 | Rew: 0.60 | Win%: 47.5 | S0: 326.4 | FPS: 1764.4 | Var: dueling
Step: 2351104 | EPS: 0.07 | Rew: 0.61 | Win%: 46.5 | S0: 324.5 | FPS: 1826.4 | Var: dueling
Step: 2352128 | EPS: 0.07 | Rew: 0.70 | Win%: 46.5 | S0: 322.9 | FPS: 1788.3 | Var: dueling
Step: 2353152 | EPS: 0.07 | Rew: 0.71 | Win%: 48.0 | S0: 326.8 | FPS: 1544.2 | Var: dueling
Step: 2354176 | EPS: 0.07 | Rew: 0.73 | Win%: 48.5 | S0: 314.4 | FPS: 1726.8 | Var: dueling
Step: 2355200 | EPS: 0.07 | Rew: 0.84 | Win%: 51.5 | S0: 327.7 | FPS: 1664.0 | Var: dueling
Step: 2356224 | EPS: 0.07 | Rew: 0.90 | Win%: 51.5 | S0: 323.0 | FPS: 1852.1 | Var: dueling
Step: 2357248 | EPS: 0.07 | Rew: 0.99 | Win%: 52.0 | S0: 327.4 | FPS: 1888.1 | Var: dueling
Step: 2358272 | EPS: 0.07 | Rew: 0.94 | Win%: 52.0 | S0: 329.1 | FPS: 1556.9 | Var: dueling
Step: 2359296 | EPS: 0.07 | Rew: 0.85 | Win%: 52.5 | S0: 327.9 | FPS: 1493.4 | Var: dueling
Step: 2360320 | EPS: 0.07 | Rew: 1.00 | Win%: 53.5 | S0: 338.1 | FPS: 1703.0 | Var: dueling
Step: 2361344 | EPS: 0.07 | Rew: 1.00 | Win%: 54.0 | S0: 344.1 | FPS: 1700.5 | Var: dueling
Step: 2362368 | EPS: 0.07 | Rew: 0.89 | Win%: 53.0 | S0: 337.3 | FPS: 1464.8 | Var: dueling
Step: 2363392 | EPS: 0.07 | Rew: 0.81 | Win%: 52.5 | S0: 340.2 | FPS: 1700.6 | Var: dueling
Step: 2364416 | EPS: 0.07 | Rew: 0.81 | Win%: 52.5 | S0: 339.8 | FPS: 1654.0 | Var: dueling
Step: 2365440 | EPS: 0.07 | Rew: 0.84 | Win%: 52.5 | S0: 338.4 | FPS: 1857.9 | Var: dueling
Step: 2366464 | EPS: 0.07 | Rew: 0.90 | Win%: 51.5 | S0: 336.2 | FPS: 1690.2 | Var: dueling
Step: 2367488 | EPS: 0.07 | Rew: 0.71 | Win%: 50.5 | S0: 332.1 | FPS: 1508.9 | Var: dueling
Step: 2368512 | EPS: 0.07 | Rew: 0.85 | Win%: 50.0 | S0: 339.2 | FPS: 1885.8 | Var: dueling
Step: 2369536 | EPS: 0.07 | Rew: 0.89 | Win%: 49.0 | S0: 337.4 | FPS: 1733.1 | Var: dueling
Step: 2370560 | EPS: 0.07 | Rew: 0.99 | Win%: 49.5 | S0: 336.7 | FPS: 1923.1 | Var: dueling
Step: 2371584 | EPS: 0.07 | Rew: 0.98 | Win%: 50.0 | S0: 332.1 | FPS: 1902.6 | Var: dueling
Step: 2372608 | EPS: 0.07 | Rew: 0.96 | Win%: 50.5 | S0: 333.7 | FPS: 1683.4 | Var: dueling
Step: 2373632 | EPS: 0.07 | Rew: 1.08 | Win%: 50.5 | S0: 333.7 | FPS: 1605.5 | Var: dueling
Step: 2374656 | EPS: 0.07 | Rew: 1.08 | Win%: 50.0 | S0: 329.4 | FPS: 1603.6 | Var: dueling
Step: 2375680 | EPS: 0.07 | Rew: 0.99 | Win%: 49.5 | S0: 336.8 | FPS: 1764.8 | Var: dueling
Step: 2376704 | EPS: 0.07 | Rew: 1.13 | Win%: 52.0 | S0: 345.8 | FPS: 1699.2 | Var: dueling
Step: 2377728 | EPS: 0.07 | Rew: 0.94 | Win%: 52.5 | S0: 345.1 | FPS: 1693.0 | Var: dueling
Step: 2378752 | EPS: 0.07 | Rew: 0.94 | Win%: 53.0 | S0: 348.1 | FPS: 1827.6 | Var: dueling
Step: 2379776 | EPS: 0.07 | Rew: 1.04 | Win%: 53.0 | S0: 349.0 | FPS: 1436.8 | Var: dueling
Step: 2380800 | EPS: 0.06 | Rew: 0.87 | Win%: 53.5 | S0: 353.1 | FPS: 1837.0 | Var: dueling
Step: 2381824 | EPS: 0.06 | Rew: 1.00 | Win%: 53.0 | S0: 347.8 | FPS: 1504.7 | Var: dueling
Step: 2382848 | EPS: 0.06 | Rew: 0.90 | Win%: 52.0 | S0: 350.6 | FPS: 1872.6 | Var: dueling
Step: 2383872 | EPS: 0.06 | Rew: 0.94 | Win%: 50.0 | S0: 340.6 | FPS: 1896.0 | Var: dueling
Step: 2384896 | EPS: 0.06 | Rew: 0.74 | Win%: 49.0 | S0: 332.9 | FPS: 1771.2 | Var: dueling
Step: 2385920 | EPS: 0.06 | Rew: 0.73 | Win%: 49.5 | S0: 326.1 | FPS: 1983.4 | Var: dueling
Step: 2386944 | EPS: 0.06 | Rew: 0.71 | Win%: 48.5 | S0: 315.9 | FPS: 1470.2 | Var: dueling
Step: 2387968 | EPS: 0.06 | Rew: 0.69 | Win%: 48.0 | S0: 313.8 | FPS: 1852.0 | Var: dueling
Step: 2388992 | EPS: 0.06 | Rew: 0.82 | Win%: 50.5 | S0: 327.8 | FPS: 1713.5 | Var: dueling
Step: 2390016 | EPS: 0.06 | Rew: 0.91 | Win%: 52.5 | S0: 335.1 | FPS: 1680.4 | Var: dueling
Step: 2391040 | EPS: 0.06 | Rew: 0.92 | Win%: 50.5 | S0: 337.9 | FPS: 1803.5 | Var: dueling
Step: 2392064 | EPS: 0.06 | Rew: 0.89 | Win%: 50.0 | S0: 338.1 | FPS: 1773.6 | Var: dueling
Step: 2393088 | EPS: 0.06 | Rew: 0.93 | Win%: 48.5 | S0: 333.4 | FPS: 1765.3 | Var: dueling
Step: 2394112 | EPS: 0.06 | Rew: 0.95 | Win%: 48.5 | S0: 322.9 | FPS: 1574.0 | Var: dueling
Step: 2395136 | EPS: 0.06 | Rew: 1.00 | Win%: 48.5 | S0: 330.6 | FPS: 1754.6 | Var: dueling
Step: 2396160 | EPS: 0.06 | Rew: 0.95 | Win%: 48.0 | S0: 332.6 | FPS: 1825.8 | Var: dueling
Step: 2397184 | EPS: 0.06 | Rew: 0.90 | Win%: 49.0 | S0: 345.7 | FPS: 1562.0 | Var: dueling
Step: 2398208 | EPS: 0.06 | Rew: 0.84 | Win%: 49.5 | S0: 341.9 | FPS: 1696.7 | Var: dueling
Step: 2399232 | EPS: 0.06 | Rew: 0.86 | Win%: 50.0 | S0: 347.0 | FPS: 1858.5 | Var: dueling
Step: 2400256 | EPS: 0.06 | Rew: 1.03 | Win%: 51.0 | S0: 365.6 | FPS: 1668.2 | Var: dueling
>>> [Best] Saved -> agent/checkpoints/dueling_battle.pth | Win% 51.0 | S0 365.6
Step: 2401280 | EPS: 0.06 | Rew: 1.06 | Win%: 52.5 | S0: 372.2 | FPS: 1669.1 | Var: dueling
>>> [Best] Saved -> agent/checkpoints/dueling_battle.pth | Win% 52.5 | S0 372.2
Step: 2402304 | EPS: 0.06 | Rew: 1.03 | Win%: 52.0 | S0: 367.9 | FPS: 1658.7 | Var: dueling
Step: 2403328 | EPS: 0.06 | Rew: 0.88 | Win%: 50.0 | S0: 354.4 | FPS: 1671.2 | Var: dueling
Step: 2404352 | EPS: 0.06 | Rew: 0.78 | Win%: 47.0 | S0: 345.6 | FPS: 1782.6 | Var: dueling
Step: 2405376 | EPS: 0.06 | Rew: 0.79 | Win%: 47.0 | S0: 338.0 | FPS: 1582.9 | Var: dueling
Step: 2406400 | EPS: 0.06 | Rew: 0.83 | Win%: 49.0 | S0: 341.8 | FPS: 1721.8 | Var: dueling
Step: 2407424 | EPS: 0.06 | Rew: 0.72 | Win%: 50.0 | S0: 346.9 | FPS: 1514.1 | Var: dueling
Step: 2408448 | EPS: 0.06 | Rew: 0.69 | Win%: 50.0 | S0: 349.1 | FPS: 1868.3 | Var: dueling
Step: 2409472 | EPS: 0.06 | Rew: 0.72 | Win%: 48.0 | S0: 339.2 | FPS: 1819.0 | Var: dueling
Step: 2410496 | EPS: 0.06 | Rew: 0.69 | Win%: 48.0 | S0: 320.5 | FPS: 1913.7 | Var: dueling
Step: 2411520 | EPS: 0.06 | Rew: 0.73 | Win%: 48.5 | S0: 324.0 | FPS: 1920.9 | Var: dueling
Step: 2412544 | EPS: 0.06 | Rew: 0.72 | Win%: 49.0 | S0: 325.1 | FPS: 1651.0 | Var: dueling
Step: 2413568 | EPS: 0.06 | Rew: 0.81 | Win%: 48.0 | S0: 327.9 | FPS: 1610.2 | Var: dueling
Step: 2414592 | EPS: 0.06 | Rew: 0.82 | Win%: 47.5 | S0: 327.9 | FPS: 1738.0 | Var: dueling
Step: 2415616 | EPS: 0.06 | Rew: 0.80 | Win%: 47.5 | S0: 331.3 | FPS: 1348.7 | Var: dueling
Step: 2416640 | EPS: 0.06 | Rew: 0.92 | Win%: 47.0 | S0: 329.2 | FPS: 1783.8 | Var: dueling
Step: 2417664 | EPS: 0.06 | Rew: 0.83 | Win%: 48.5 | S0: 341.2 | FPS: 1588.5 | Var: dueling
Step: 2418688 | EPS: 0.06 | Rew: 0.84 | Win%: 49.0 | S0: 344.6 | FPS: 1554.9 | Var: dueling
Step: 2419712 | EPS: 0.06 | Rew: 0.67 | Win%: 45.5 | S0: 339.2 | FPS: 1635.8 | Var: dueling
Step: 2420736 | EPS: 0.06 | Rew: 0.59 | Win%: 42.0 | S0: 327.1 | FPS: 1618.8 | Var: dueling
Step: 2421760 | EPS: 0.06 | Rew: 0.56 | Win%: 45.0 | S0: 331.4 | FPS: 1828.9 | Var: dueling
Step: 2422784 | EPS: 0.06 | Rew: 0.58 | Win%: 46.5 | S0: 339.9 | FPS: 1771.5 | Var: dueling
Step: 2423808 | EPS: 0.06 | Rew: 0.55 | Win%: 42.5 | S0: 335.8 | FPS: 1598.6 | Var: dueling
Step: 2424832 | EPS: 0.06 | Rew: 0.33 | Win%: 40.0 | S0: 327.6 | FPS: 1868.5 | Var: dueling
Step: 2425856 | EPS: 0.06 | Rew: 0.44 | Win%: 39.5 | S0: 328.1 | FPS: 1621.6 | Var: dueling
Step: 2426880 | EPS: 0.06 | Rew: 0.52 | Win%: 39.5 | S0: 321.9 | FPS: 1756.7 | Var: dueling
Step: 2427904 | EPS: 0.06 | Rew: 0.46 | Win%: 39.0 | S0: 313.9 | FPS: 1603.9 | Var: dueling
Step: 2428928 | EPS: 0.06 | Rew: 0.49 | Win%: 40.0 | S0: 316.1 | FPS: 1888.8 | Var: dueling
Step: 2429952 | EPS: 0.06 | Rew: 0.59 | Win%: 39.5 | S0: 319.4 | FPS: 1665.5 | Var: dueling
Step: 2430976 | EPS: 0.06 | Rew: 0.66 | Win%: 39.0 | S0: 301.6 | FPS: 1818.1 | Var: dueling
Step: 2432000 | EPS: 0.06 | Rew: 0.67 | Win%: 41.0 | S0: 308.9 | FPS: 1674.1 | Var: dueling
Step: 2433024 | EPS: 0.06 | Rew: 0.57 | Win%: 41.5 | S0: 307.2 | FPS: 1740.1 | Var: dueling
Step: 2434048 | EPS: 0.06 | Rew: 0.50 | Win%: 38.0 | S0: 296.9 | FPS: 1691.4 | Var: dueling
Step: 2435072 | EPS: 0.06 | Rew: 0.48 | Win%: 38.0 | S0: 296.9 | FPS: 1834.0 | Var: dueling
Step: 2436096 | EPS: 0.06 | Rew: 0.40 | Win%: 38.5 | S0: 295.0 | FPS: 1560.5 | Var: dueling
Step: 2437120 | EPS: 0.06 | Rew: 0.33 | Win%: 39.5 | S0: 291.4 | FPS: 1590.6 | Var: dueling
Step: 2438144 | EPS: 0.06 | Rew: 0.42 | Win%: 40.5 | S0: 291.8 | FPS: 1714.9 | Var: dueling
Step: 2439168 | EPS: 0.06 | Rew: 0.64 | Win%: 41.0 | S0: 297.9 | FPS: 1785.6 | Var: dueling
Step: 2440192 | EPS: 0.06 | Rew: 0.72 | Win%: 40.0 | S0: 305.8 | FPS: 1731.3 | Var: dueling
Step: 2441216 | EPS: 0.06 | Rew: 0.97 | Win%: 42.5 | S0: 321.4 | FPS: 1819.6 | Var: dueling
Step: 2442240 | EPS: 0.06 | Rew: 0.94 | Win%: 43.0 | S0: 325.4 | FPS: 1961.0 | Var: dueling
Step: 2443264 | EPS: 0.06 | Rew: 0.98 | Win%: 41.0 | S0: 329.7 | FPS: 1993.7 | Var: dueling
Step: 2444288 | EPS: 0.06 | Rew: 0.98 | Win%: 42.5 | S0: 332.1 | FPS: 1707.1 | Var: dueling
Step: 2445312 | EPS: 0.06 | Rew: 0.84 | Win%: 45.5 | S0: 339.9 | FPS: 1945.4 | Var: dueling
Step: 2446336 | EPS: 0.06 | Rew: 0.88 | Win%: 47.0 | S0: 347.1 | FPS: 1607.4 | Var: dueling
Step: 2447360 | EPS: 0.06 | Rew: 0.80 | Win%: 48.0 | S0: 360.2 | FPS: 1521.8 | Var: dueling
Step: 2448384 | EPS: 0.06 | Rew: 0.93 | Win%: 48.5 | S0: 381.5 | FPS: 1689.7 | Var: dueling
>>> [Best] Saved -> agent/checkpoints/dueling_battle.pth | Win% 48.5 | S0 381.5
Step: 2449408 | EPS: 0.06 | Rew: 0.90 | Win%: 47.5 | S0: 374.9 | FPS: 1726.4 | Var: dueling
Step: 2450432 | EPS: 0.06 | Rew: 0.89 | Win%: 48.5 | S0: 374.1 | FPS: 1898.4 | Var: dueling
Step: 2451456 | EPS: 0.05 | Rew: 0.80 | Win%: 46.0 | S0: 352.2 | FPS: 1718.6 | Var: dueling
Step: 2452480 | EPS: 0.05 | Rew: 0.66 | Win%: 45.5 | S0: 342.2 | FPS: 1445.2 | Var: dueling
Step: 2453504 | EPS: 0.05 | Rew: 0.71 | Win%: 44.0 | S0: 329.6 | FPS: 1730.8 | Var: dueling
Step: 2454528 | EPS: 0.05 | Rew: 0.69 | Win%: 44.0 | S0: 330.1 | FPS: 1797.4 | Var: dueling
Step: 2455552 | EPS: 0.05 | Rew: 0.68 | Win%: 45.0 | S0: 335.2 | FPS: 1785.4 | Var: dueling
Step: 2456576 | EPS: 0.05 | Rew: 0.62 | Win%: 45.0 | S0: 330.1 | FPS: 1747.5 | Var: dueling
Step: 2457600 | EPS: 0.05 | Rew: 0.76 | Win%: 45.0 | S0: 335.9 | FPS: 1735.4 | Var: dueling
Step: 2458624 | EPS: 0.05 | Rew: 0.89 | Win%: 45.5 | S0: 337.6 | FPS: 1782.9 | Var: dueling
Step: 2459648 | EPS: 0.05 | Rew: 0.85 | Win%: 45.0 | S0: 338.9 | FPS: 1901.5 | Var: dueling
Step: 2460672 | EPS: 0.05 | Rew: 0.86 | Win%: 46.5 | S0: 334.7 | FPS: 1709.4 | Var: dueling
Step: 2461696 | EPS: 0.05 | Rew: 0.98 | Win%: 49.0 | S0: 336.0 | FPS: 1602.6 | Var: dueling
Step: 2462720 | EPS: 0.05 | Rew: 0.96 | Win%: 47.0 | S0: 327.2 | FPS: 1851.6 | Var: dueling
Step: 2463744 | EPS: 0.05 | Rew: 0.87 | Win%: 47.5 | S0: 329.6 | FPS: 1712.7 | Var: dueling
Step: 2464768 | EPS: 0.05 | Rew: 0.83 | Win%: 49.0 | S0: 335.8 | FPS: 1780.4 | Var: dueling
Step: 2465792 | EPS: 0.05 | Rew: 0.98 | Win%: 51.5 | S0: 339.1 | FPS: 1969.7 | Var: dueling
Step: 2466816 | EPS: 0.05 | Rew: 1.06 | Win%: 53.5 | S0: 348.4 | FPS: 1631.9 | Var: dueling
Step: 2467840 | EPS: 0.05 | Rew: 0.95 | Win%: 53.0 | S0: 335.2 | FPS: 1771.0 | Var: dueling
Step: 2468864 | EPS: 0.05 | Rew: 1.00 | Win%: 53.5 | S0: 338.7 | FPS: 1855.4 | Var: dueling
Step: 2469888 | EPS: 0.05 | Rew: 1.01 | Win%: 53.0 | S0: 341.7 | FPS: 1623.8 | Var: dueling
Step: 2470912 | EPS: 0.05 | Rew: 1.11 | Win%: 53.5 | S0: 340.1 | FPS: 1785.3 | Var: dueling
Step: 2471936 | EPS: 0.05 | Rew: 0.91 | Win%: 55.0 | S0: 335.2 | FPS: 1689.2 | Var: dueling
Step: 2472960 | EPS: 0.05 | Rew: 0.86 | Win%: 54.0 | S0: 329.8 | FPS: 1575.9 | Var: dueling
Step: 2473984 | EPS: 0.05 | Rew: 0.98 | Win%: 54.5 | S0: 331.9 | FPS: 1889.2 | Var: dueling
Step: 2475008 | EPS: 0.05 | Rew: 1.00 | Win%: 55.0 | S0: 341.3 | FPS: 1620.0 | Var: dueling
Step: 2476032 | EPS: 0.05 | Rew: 1.00 | Win%: 55.0 | S0: 356.1 | FPS: 1582.7 | Var: dueling
Step: 2477056 | EPS: 0.05 | Rew: 1.02 | Win%: 55.5 | S0: 363.6 | FPS: 1718.5 | Var: dueling
Step: 2478080 | EPS: 0.05 | Rew: 1.13 | Win%: 52.5 | S0: 359.7 | FPS: 1670.5 | Var: dueling
Step: 2479104 | EPS: 0.05 | Rew: 1.16 | Win%: 53.5 | S0: 369.2 | FPS: 1834.4 | Var: dueling
Step: 2480128 | EPS: 0.05 | Rew: 1.18 | Win%: 52.5 | S0: 373.4 | FPS: 1616.4 | Var: dueling
Step: 2481152 | EPS: 0.05 | Rew: 1.03 | Win%: 53.0 | S0: 377.1 | FPS: 1826.2 | Var: dueling
>>> [Best] Saved -> agent/checkpoints/dueling_battle.pth | Win% 53.0 | S0 377.1
Step: 2482176 | EPS: 0.05 | Rew: 1.19 | Win%: 54.0 | S0: 392.4 | FPS: 1736.6 | Var: dueling
>>> [Best] Saved -> agent/checkpoints/dueling_battle.pth | Win% 54.0 | S0 392.4
Step: 2483200 | EPS: 0.05 | Rew: 1.15 | Win%: 55.0 | S0: 390.5 | FPS: 1939.4 | Var: dueling
>>> [Best] Saved -> agent/checkpoints/dueling_battle.pth | Win% 55.0 | S0 390.5
Step: 2484224 | EPS: 0.05 | Rew: 1.21 | Win%: 54.0 | S0: 390.1 | FPS: 1628.2 | Var: dueling
Step: 2485248 | EPS: 0.05 | Rew: 1.26 | Win%: 57.0 | S0: 414.4 | FPS: 1898.4 | Var: dueling
>>> [Best] Saved -> agent/checkpoints/dueling_battle.pth | Win% 57.0 | S0 414.4
Step: 2486272 | EPS: 0.05 | Rew: 1.15 | Win%: 57.0 | S0: 405.6 | FPS: 1860.0 | Var: dueling
Step: 2487296 | EPS: 0.05 | Rew: 1.10 | Win%: 55.0 | S0: 396.9 | FPS: 1567.8 | Var: dueling
Step: 2488320 | EPS: 0.05 | Rew: 1.21 | Win%: 57.5 | S0: 415.2 | FPS: 1564.9 | Var: dueling
Step: 2489344 | EPS: 0.05 | Rew: 1.18 | Win%: 57.5 | S0: 409.3 | FPS: 1795.2 | Var: dueling
Step: 2490368 | EPS: 0.05 | Rew: 1.15 | Win%: 56.5 | S0: 398.8 | FPS: 1826.5 | Var: dueling
Step: 2491392 | EPS: 0.05 | Rew: 1.13 | Win%: 57.5 | S0: 393.9 | FPS: 1552.4 | Var: dueling
Step: 2492416 | EPS: 0.05 | Rew: 1.11 | Win%: 57.0 | S0: 393.8 | FPS: 1969.0 | Var: dueling
Step: 2493440 | EPS: 0.05 | Rew: 1.20 | Win%: 57.0 | S0: 389.7 | FPS: 1790.6 | Var: dueling
Step: 2494464 | EPS: 0.05 | Rew: 1.09 | Win%: 57.5 | S0: 383.9 | FPS: 1713.6 | Var: dueling
Step: 2495488 | EPS: 0.05 | Rew: 1.07 | Win%: 58.0 | S0: 383.1 | FPS: 1459.7 | Var: dueling
Step: 2496512 | EPS: 0.05 | Rew: 1.28 | Win%: 58.0 | S0: 389.0 | FPS: 1818.1 | Var: dueling
Step: 2497536 | EPS: 0.05 | Rew: 1.19 | Win%: 56.5 | S0: 388.9 | FPS: 1677.7 | Var: dueling
Step: 2498560 | EPS: 0.05 | Rew: 1.21 | Win%: 56.0 | S0: 382.5 | FPS: 1773.1 | Var: dueling
Step: 2499584 | EPS: 0.05 | Rew: 1.28 | Win%: 56.5 | S0: 387.4 | FPS: 1793.1 | Var: dueling
Step: 2500608 | EPS: 0.05 | Rew: 1.21 | Win%: 55.5 | S0: 384.1 | FPS: 1902.3 | Var: dueling
Step: 2501632 | EPS: 0.05 | Rew: 1.26 | Win%: 56.0 | S0: 367.1 | FPS: 1623.3 | Var: dueling
Step: 2502656 | EPS: 0.05 | Rew: 1.16 | Win%: 56.5 | S0: 380.3 | FPS: 1635.2 | Var: dueling
Step: 2503680 | EPS: 0.05 | Rew: 1.05 | Win%: 55.0 | S0: 379.3 | FPS: 1693.0 | Var: dueling
Step: 2504704 | EPS: 0.05 | Rew: 1.16 | Win%: 57.0 | S0: 392.1 | FPS: 1631.4 | Var: dueling
Step: 2505728 | EPS: 0.05 | Rew: 1.07 | Win%: 56.5 | S0: 381.9 | FPS: 1767.9 | Var: dueling
Step: 2506752 | EPS: 0.05 | Rew: 1.00 | Win%: 54.5 | S0: 376.4 | FPS: 1910.9 | Var: dueling
Step: 2507776 | EPS: 0.05 | Rew: 0.89 | Win%: 53.0 | S0: 369.8 | FPS: 1812.6 | Var: dueling
Step: 2508800 | EPS: 0.05 | Rew: 0.88 | Win%: 51.5 | S0: 370.0 | FPS: 1477.0 | Var: dueling
Step: 2509824 | EPS: 0.05 | Rew: 0.90 | Win%: 53.0 | S0: 365.4 | FPS: 1643.1 | Var: dueling
Step: 2510848 | EPS: 0.05 | Rew: 0.90 | Win%: 52.0 | S0: 370.4 | FPS: 1656.4 | Var: dueling
Step: 2511872 | EPS: 0.05 | Rew: 0.80 | Win%: 51.5 | S0: 366.3 | FPS: 1603.6 | Var: dueling
Step: 2512896 | EPS: 0.05 | Rew: 1.02 | Win%: 51.5 | S0: 376.7 | FPS: 1771.1 | Var: dueling
Step: 2513920 | EPS: 0.05 | Rew: 1.06 | Win%: 51.0 | S0: 377.3 | FPS: 1514.4 | Var: dueling
Step: 2514944 | EPS: 0.05 | Rew: 1.13 | Win%: 48.5 | S0: 367.1 | FPS: 1825.2 | Var: dueling
Step: 2515968 | EPS: 0.05 | Rew: 0.99 | Win%: 48.0 | S0: 355.9 | FPS: 1528.1 | Var: dueling
Step: 2516992 | EPS: 0.05 | Rew: 1.10 | Win%: 49.5 | S0: 367.4 | FPS: 1789.8 | Var: dueling
Step: 2518016 | EPS: 0.05 | Rew: 1.10 | Win%: 49.0 | S0: 357.3 | FPS: 1782.9 | Var: dueling
Step: 2519040 | EPS: 0.05 | Rew: 1.12 | Win%: 49.5 | S0: 368.1 | FPS: 1625.5 | Var: dueling
Step: 2520064 | EPS: 0.05 | Rew: 1.00 | Win%: 51.0 | S0: 374.1 | FPS: 1660.4 | Var: dueling
Step: 2521088 | EPS: 0.05 | Rew: 1.04 | Win%: 50.5 | S0: 379.1 | FPS: 1762.0 | Var: dueling
Step: 2522112 | EPS: 0.05 | Rew: 1.21 | Win%: 52.5 | S0: 386.1 | FPS: 1498.8 | Var: dueling
Step: 2523136 | EPS: 0.04 | Rew: 1.27 | Win%: 54.0 | S0: 387.4 | FPS: 1721.3 | Var: dueling
Step: 2524160 | EPS: 0.04 | Rew: 1.08 | Win%: 53.0 | S0: 371.8 | FPS: 1679.5 | Var: dueling
Step: 2525184 | EPS: 0.04 | Rew: 1.07 | Win%: 54.0 | S0: 368.9 | FPS: 1972.0 | Var: dueling
Step: 2526208 | EPS: 0.04 | Rew: 1.08 | Win%: 53.5 | S0: 365.4 | FPS: 1666.5 | Var: dueling
Step: 2527232 | EPS: 0.04 | Rew: 1.10 | Win%: 56.0 | S0: 372.1 | FPS: 1936.1 | Var: dueling
Step: 2528256 | EPS: 0.04 | Rew: 1.01 | Win%: 56.5 | S0: 378.6 | FPS: 2131.0 | Var: dueling
Step: 2529280 | EPS: 0.04 | Rew: 0.86 | Win%: 54.0 | S0: 368.4 | FPS: 1497.6 | Var: dueling
Step: 2530304 | EPS: 0.04 | Rew: 1.04 | Win%: 54.0 | S0: 370.0 | FPS: 1642.0 | Var: dueling
Step: 2531328 | EPS: 0.04 | Rew: 1.05 | Win%: 54.0 | S0: 366.1 | FPS: 1623.5 | Var: dueling
Step: 2532352 | EPS: 0.04 | Rew: 1.05 | Win%: 53.0 | S0: 365.1 | FPS: 1648.4 | Var: dueling
Step: 2533376 | EPS: 0.04 | Rew: 0.91 | Win%: 53.5 | S0: 360.1 | FPS: 1683.7 | Var: dueling
Step: 2534400 | EPS: 0.04 | Rew: 1.16 | Win%: 55.0 | S0: 375.8 | FPS: 1712.8 | Var: dueling
Step: 2535424 | EPS: 0.04 | Rew: 1.11 | Win%: 53.0 | S0: 367.5 | FPS: 1533.2 | Var: dueling
Step: 2536448 | EPS: 0.04 | Rew: 1.13 | Win%: 52.0 | S0: 362.9 | FPS: 1580.2 | Var: dueling
Step: 2537472 | EPS: 0.04 | Rew: 1.13 | Win%: 54.0 | S0: 376.8 | FPS: 1823.4 | Var: dueling
Step: 2538496 | EPS: 0.04 | Rew: 1.23 | Win%: 53.0 | S0: 383.1 | FPS: 1849.8 | Var: dueling
Step: 2539520 | EPS: 0.04 | Rew: 1.17 | Win%: 52.5 | S0: 376.7 | FPS: 1807.4 | Var: dueling
Step: 2540544 | EPS: 0.04 | Rew: 1.20 | Win%: 51.5 | S0: 380.1 | FPS: 1702.4 | Var: dueling
Step: 2541568 | EPS: 0.04 | Rew: 1.20 | Win%: 53.5 | S0: 392.9 | FPS: 1522.9 | Var: dueling
Step: 2542592 | EPS: 0.04 | Rew: 1.29 | Win%: 55.5 | S0: 399.1 | FPS: 1783.7 | Var: dueling
Step: 2543616 | EPS: 0.04 | Rew: 1.37 | Win%: 57.0 | S0: 399.9 | FPS: 1813.1 | Var: dueling
Step: 2544640 | EPS: 0.04 | Rew: 1.22 | Win%: 56.0 | S0: 397.2 | FPS: 1752.9 | Var: dueling
Step: 2545664 | EPS: 0.04 | Rew: 1.23 | Win%: 57.0 | S0: 396.3 | FPS: 1569.8 | Var: dueling
Step: 2546688 | EPS: 0.04 | Rew: 1.30 | Win%: 57.0 | S0: 395.6 | FPS: 1595.6 | Var: dueling
Step: 2547712 | EPS: 0.04 | Rew: 1.53 | Win%: 58.0 | S0: 407.1 | FPS: 1628.2 | Var: dueling
Step: 2548736 | EPS: 0.04 | Rew: 1.43 | Win%: 56.5 | S0: 403.7 | FPS: 1590.1 | Var: dueling
Step: 2549760 | EPS: 0.04 | Rew: 1.43 | Win%: 58.0 | S0: 412.3 | FPS: 1585.3 | Var: dueling
Step: 2550784 | EPS: 0.04 | Rew: 1.24 | Win%: 56.0 | S0: 409.2 | FPS: 1481.0 | Var: dueling
Step: 2551808 | EPS: 0.04 | Rew: 1.26 | Win%: 54.5 | S0: 401.2 | FPS: 1659.4 | Var: dueling
Step: 2552832 | EPS: 0.04 | Rew: 1.17 | Win%: 54.5 | S0: 392.8 | FPS: 1385.4 | Var: dueling
Step: 2553856 | EPS: 0.04 | Rew: 1.14 | Win%: 55.5 | S0: 396.8 | FPS: 1502.1 | Var: dueling
Step: 2554880 | EPS: 0.04 | Rew: 1.00 | Win%: 55.5 | S0: 390.6 | FPS: 1716.3 | Var: dueling
Step: 2555904 | EPS: 0.04 | Rew: 1.16 | Win%: 56.5 | S0: 396.6 | FPS: 1751.7 | Var: dueling
Step: 2556928 | EPS: 0.04 | Rew: 1.25 | Win%: 57.0 | S0: 392.4 | FPS: 1597.3 | Var: dueling
Step: 2557952 | EPS: 0.04 | Rew: 1.19 | Win%: 55.0 | S0: 385.7 | FPS: 1715.0 | Var: dueling
Step: 2558976 | EPS: 0.04 | Rew: 1.36 | Win%: 54.0 | S0: 390.1 | FPS: 1480.7 | Var: dueling
Step: 2560000 | EPS: 0.04 | Rew: 1.25 | Win%: 53.5 | S0: 382.5 | FPS: 1611.4 | Var: dueling
Step: 2561024 | EPS: 0.04 | Rew: 1.25 | Win%: 52.5 | S0: 370.1 | FPS: 1529.4 | Var: dueling
Step: 2562048 | EPS: 0.04 | Rew: 1.11 | Win%: 51.5 | S0: 365.7 | FPS: 1720.2 | Var: dueling
Step: 2563072 | EPS: 0.04 | Rew: 1.03 | Win%: 54.5 | S0: 365.1 | FPS: 1541.4 | Var: dueling
Step: 2564096 | EPS: 0.04 | Rew: 1.08 | Win%: 55.0 | S0: 369.2 | FPS: 1542.4 | Var: dueling
Step: 2565120 | EPS: 0.04 | Rew: 1.08 | Win%: 54.5 | S0: 374.6 | FPS: 1765.2 | Var: dueling
Step: 2566144 | EPS: 0.04 | Rew: 1.21 | Win%: 55.5 | S0: 384.0 | FPS: 1669.2 | Var: dueling
Step: 2567168 | EPS: 0.04 | Rew: 1.26 | Win%: 56.0 | S0: 380.6 | FPS: 1837.2 | Var: dueling
Step: 2568192 | EPS: 0.04 | Rew: 1.26 | Win%: 58.0 | S0: 392.2 | FPS: 1697.6 | Var: dueling
Step: 2569216 | EPS: 0.04 | Rew: 1.37 | Win%: 56.5 | S0: 374.6 | FPS: 1521.4 | Var: dueling
Step: 2570240 | EPS: 0.04 | Rew: 1.40 | Win%: 56.0 | S0: 377.0 | FPS: 1655.1 | Var: dueling
Step: 2571264 | EPS: 0.04 | Rew: 1.42 | Win%: 56.5 | S0: 390.6 | FPS: 1547.6 | Var: dueling
Step: 2572288 | EPS: 0.04 | Rew: 1.52 | Win%: 59.0 | S0: 402.1 | FPS: 1638.9 | Var: dueling
Step: 2573312 | EPS: 0.04 | Rew: 1.49 | Win%: 60.0 | S0: 409.6 | FPS: 1502.6 | Var: dueling
>>> [Best] Saved -> agent/checkpoints/dueling_battle.pth | Win% 60.0 | S0 409.6
Step: 2574336 | EPS: 0.04 | Rew: 1.31 | Win%: 56.5 | S0: 393.7 | FPS: 1646.4 | Var: dueling
Step: 2575360 | EPS: 0.04 | Rew: 1.20 | Win%: 57.5 | S0: 389.4 | FPS: 1359.4 | Var: dueling
Step: 2576384 | EPS: 0.04 | Rew: 1.26 | Win%: 57.5 | S0: 399.4 | FPS: 1542.4 | Var: dueling
Step: 2577408 | EPS: 0.04 | Rew: 1.32 | Win%: 59.5 | S0: 407.1 | FPS: 1531.2 | Var: dueling
Step: 2578432 | EPS: 0.04 | Rew: 1.15 | Win%: 61.0 | S0: 402.0 | FPS: 1857.0 | Var: dueling
Step: 2579456 | EPS: 0.04 | Rew: 1.23 | Win%: 61.5 | S0: 405.7 | FPS: 1877.3 | Var: dueling
>>> [Best] Saved -> agent/checkpoints/dueling_battle.pth | Win% 61.5 | S0 405.7
Step: 2580480 | EPS: 0.04 | Rew: 1.27 | Win%: 58.5 | S0: 398.9 | FPS: 1440.7 | Var: dueling
Step: 2581504 | EPS: 0.04 | Rew: 1.20 | Win%: 56.0 | S0: 387.9 | FPS: 1791.9 | Var: dueling
Step: 2582528 | EPS: 0.04 | Rew: 1.10 | Win%: 53.5 | S0: 376.8 | FPS: 1632.7 | Var: dueling
Step: 2583552 | EPS: 0.04 | Rew: 1.02 | Win%: 53.5 | S0: 373.2 | FPS: 1451.6 | Var: dueling
Step: 2584576 | EPS: 0.04 | Rew: 0.95 | Win%: 53.5 | S0: 369.4 | FPS: 1674.1 | Var: dueling
Step: 2585600 | EPS: 0.04 | Rew: 0.99 | Win%: 52.5 | S0: 360.4 | FPS: 1681.6 | Var: dueling
Step: 2586624 | EPS: 0.04 | Rew: 1.08 | Win%: 52.5 | S0: 361.9 | FPS: 1318.8 | Var: dueling
Step: 2587648 | EPS: 0.04 | Rew: 1.29 | Win%: 53.5 | S0: 379.6 | FPS: 1678.3 | Var: dueling
Step: 2588672 | EPS: 0.04 | Rew: 1.30 | Win%: 55.5 | S0: 389.4 | FPS: 1846.6 | Var: dueling
Step: 2589696 | EPS: 0.04 | Rew: 1.36 | Win%: 55.0 | S0: 389.6 | FPS: 1698.5 | Var: dueling
Step: 2590720 | EPS: 0.04 | Rew: 1.48 | Win%: 55.0 | S0: 391.8 | FPS: 1443.5 | Var: dueling
Step: 2591744 | EPS: 0.04 | Rew: 1.36 | Win%: 51.5 | S0: 372.3 | FPS: 1539.8 | Var: dueling
Step: 2592768 | EPS: 0.04 | Rew: 1.46 | Win%: 52.5 | S0: 385.2 | FPS: 1756.2 | Var: dueling
Step: 2593792 | EPS: 0.03 | Rew: 1.33 | Win%: 51.5 | S0: 382.3 | FPS: 1538.4 | Var: dueling
Step: 2594816 | EPS: 0.03 | Rew: 1.26 | Win%: 53.0 | S0: 406.9 | FPS: 1893.2 | Var: dueling
Step: 2595840 | EPS: 0.03 | Rew: 1.37 | Win%: 55.0 | S0: 413.4 | FPS: 1666.4 | Var: dueling
>>> [Best] Saved -> agent/checkpoints/dueling_battle.pth | Win% 55.0 | S0 413.4
Step: 2596864 | EPS: 0.03 | Rew: 1.27 | Win%: 54.0 | S0: 403.6 | FPS: 1794.1 | Var: dueling
Step: 2597888 | EPS: 0.03 | Rew: 1.31 | Win%: 52.5 | S0: 406.6 | FPS: 1700.8 | Var: dueling
Step: 2598912 | EPS: 0.03 | Rew: 1.20 | Win%: 53.0 | S0: 405.2 | FPS: 1798.6 | Var: dueling
Step: 2599936 | EPS: 0.03 | Rew: 1.32 | Win%: 52.5 | S0: 400.8 | FPS: 1515.0 | Var: dueling
Step: 2600960 | EPS: 0.03 | Rew: 1.21 | Win%: 51.5 | S0: 391.3 | FPS: 1475.8 | Var: dueling
Step: 2601984 | EPS: 0.03 | Rew: 1.16 | Win%: 53.5 | S0: 392.8 | FPS: 1544.3 | Var: dueling
Step: 2603008 | EPS: 0.03 | Rew: 1.32 | Win%: 54.5 | S0: 397.9 | FPS: 1567.7 | Var: dueling
Step: 2604032 | EPS: 0.03 | Rew: 1.46 | Win%: 55.5 | S0: 396.1 | FPS: 1639.8 | Var: dueling
Step: 2605056 | EPS: 0.03 | Rew: 1.45 | Win%: 56.5 | S0: 403.9 | FPS: 1919.6 | Var: dueling
Step: 2606080 | EPS: 0.03 | Rew: 1.40 | Win%: 52.5 | S0: 394.9 | FPS: 1793.7 | Var: dueling
Step: 2607104 | EPS: 0.03 | Rew: 1.45 | Win%: 55.0 | S0: 412.6 | FPS: 1786.3 | Var: dueling
Step: 2608128 | EPS: 0.03 | Rew: 1.35 | Win%: 54.5 | S0: 395.4 | FPS: 1461.0 | Var: dueling
Step: 2609152 | EPS: 0.03 | Rew: 1.32 | Win%: 53.5 | S0: 385.1 | FPS: 1814.9 | Var: dueling
Step: 2610176 | EPS: 0.03 | Rew: 1.25 | Win%: 54.5 | S0: 396.0 | FPS: 1909.9 | Var: dueling
Step: 2611200 | EPS: 0.03 | Rew: 1.34 | Win%: 59.0 | S0: 420.0 | FPS: 1823.4 | Var: dueling
>>> [Best] Saved -> agent/checkpoints/dueling_battle.pth | Win% 59.0 | S0 420.0
Step: 2612224 | EPS: 0.03 | Rew: 1.38 | Win%: 60.0 | S0: 427.9 | FPS: 1637.2 | Var: dueling
>>> [Best] Saved -> agent/checkpoints/dueling_battle.pth | Win% 60.0 | S0 427.9
Step: 2613248 | EPS: 0.03 | Rew: 1.35 | Win%: 59.5 | S0: 423.6 | FPS: 1645.4 | Var: dueling
Step: 2614272 | EPS: 0.03 | Rew: 1.31 | Win%: 59.5 | S0: 426.8 | FPS: 1881.8 | Var: dueling
Step: 2615296 | EPS: 0.03 | Rew: 1.24 | Win%: 57.5 | S0: 422.2 | FPS: 1816.2 | Var: dueling
Step: 2616320 | EPS: 0.03 | Rew: 1.36 | Win%: 57.5 | S0: 425.2 | FPS: 1753.9 | Var: dueling
Step: 2617344 | EPS: 0.03 | Rew: 1.29 | Win%: 54.5 | S0: 417.4 | FPS: 1747.6 | Var: dueling
Step: 2618368 | EPS: 0.03 | Rew: 1.20 | Win%: 53.5 | S0: 422.1 | FPS: 1779.6 | Var: dueling
Step: 2619392 | EPS: 0.03 | Rew: 1.18 | Win%: 56.0 | S0: 412.1 | FPS: 1633.1 | Var: dueling
Step: 2620416 | EPS: 0.03 | Rew: 1.14 | Win%: 55.5 | S0: 404.6 | FPS: 1882.2 | Var: dueling
Step: 2621440 | EPS: 0.03 | Rew: 1.24 | Win%: 54.0 | S0: 409.8 | FPS: 1754.4 | Var: dueling
Step: 2622464 | EPS: 0.03 | Rew: 1.27 | Win%: 55.0 | S0: 415.4 | FPS: 1842.0 | Var: dueling
Step: 2623488 | EPS: 0.03 | Rew: 1.31 | Win%: 55.0 | S0: 429.9 | FPS: 1655.1 | Var: dueling
Step: 2624512 | EPS: 0.03 | Rew: 1.32 | Win%: 54.0 | S0: 420.2 | FPS: 1727.3 | Var: dueling
Step: 2625536 | EPS: 0.03 | Rew: 1.31 | Win%: 52.0 | S0: 412.5 | FPS: 1873.5 | Var: dueling
Step: 2626560 | EPS: 0.03 | Rew: 1.29 | Win%: 52.0 | S0: 410.5 | FPS: 1864.4 | Var: dueling
Step: 2627584 | EPS: 0.03 | Rew: 1.30 | Win%: 52.5 | S0: 419.9 | FPS: 1688.3 | Var: dueling
Step: 2628608 | EPS: 0.03 | Rew: 1.28 | Win%: 52.5 | S0: 414.3 | FPS: 1723.1 | Var: dueling
Step: 2629632 | EPS: 0.03 | Rew: 1.30 | Win%: 53.0 | S0: 412.8 | FPS: 1784.1 | Var: dueling
Step: 2630656 | EPS: 0.03 | Rew: 1.29 | Win%: 53.5 | S0: 418.1 | FPS: 1710.6 | Var: dueling
Step: 2631680 | EPS: 0.03 | Rew: 1.50 | Win%: 55.5 | S0: 442.9 | FPS: 1723.3 | Var: dueling
>>> [Best] Saved -> agent/checkpoints/dueling_battle.pth | Win% 55.5 | S0 442.9
Step: 2632704 | EPS: 0.03 | Rew: 1.68 | Win%: 57.0 | S0: 456.5 | FPS: 1637.9 | Var: dueling
>>> [Best] Saved -> agent/checkpoints/dueling_battle.pth | Win% 57.0 | S0 456.5
Step: 2633728 | EPS: 0.03 | Rew: 1.62 | Win%: 56.5 | S0: 453.1 | FPS: 1847.9 | Var: dueling
Step: 2634752 | EPS: 0.03 | Rew: 1.64 | Win%: 54.5 | S0: 457.0 | FPS: 1926.1 | Var: dueling
Step: 2635776 | EPS: 0.03 | Rew: 1.47 | Win%: 53.0 | S0: 446.1 | FPS: 1720.9 | Var: dueling
Step: 2636800 | EPS: 0.03 | Rew: 1.38 | Win%: 53.5 | S0: 439.2 | FPS: 1708.3 | Var: dueling
Step: 2637824 | EPS: 0.03 | Rew: 1.57 | Win%: 54.0 | S0: 444.6 | FPS: 1824.4 | Var: dueling
Step: 2638848 | EPS: 0.03 | Rew: 1.52 | Win%: 55.0 | S0: 453.6 | FPS: 1904.8 | Var: dueling
Step: 2639872 | EPS: 0.03 | Rew: 1.40 | Win%: 55.5 | S0: 457.4 | FPS: 1834.2 | Var: dueling
Step: 2640896 | EPS: 0.03 | Rew: 1.40 | Win%: 55.5 | S0: 459.6 | FPS: 1803.6 | Var: dueling
Step: 2641920 | EPS: 0.03 | Rew: 1.48 | Win%: 55.5 | S0: 457.0 | FPS: 1701.2 | Var: dueling
Step: 2642944 | EPS: 0.03 | Rew: 1.45 | Win%: 56.0 | S0: 454.5 | FPS: 1713.1 | Var: dueling
Step: 2643968 | EPS: 0.03 | Rew: 1.68 | Win%: 55.5 | S0: 461.2 | FPS: 1416.9 | Var: dueling
Step: 2644992 | EPS: 0.03 | Rew: 1.77 | Win%: 56.0 | S0: 460.1 | FPS: 1885.1 | Var: dueling
Step: 2646016 | EPS: 0.03 | Rew: 1.62 | Win%: 58.0 | S0: 463.1 | FPS: 1687.7 | Var: dueling
>>> [Best] Saved -> agent/checkpoints/dueling_battle.pth | Win% 58.0 | S0 463.1
Step: 2647040 | EPS: 0.03 | Rew: 1.67 | Win%: 58.5 | S0: 455.9 | FPS: 1865.7 | Var: dueling
Step: 2648064 | EPS: 0.03 | Rew: 1.65 | Win%: 57.5 | S0: 447.2 | FPS: 1496.6 | Var: dueling
Step: 2649088 | EPS: 0.03 | Rew: 1.74 | Win%: 58.5 | S0: 453.2 | FPS: 1754.7 | Var: dueling
Step: 2650112 | EPS: 0.03 | Rew: 1.58 | Win%: 58.5 | S0: 459.1 | FPS: 1838.0 | Var: dueling
Step: 2651136 | EPS: 0.03 | Rew: 1.48 | Win%: 59.0 | S0: 464.6 | FPS: 1603.4 | Var: dueling
>>> [Best] Saved -> agent/checkpoints/dueling_battle.pth | Win% 59.0 | S0 464.6
Step: 2652160 | EPS: 0.03 | Rew: 1.49 | Win%: 57.5 | S0: 458.8 | FPS: 1519.6 | Var: dueling
Step: 2653184 | EPS: 0.03 | Rew: 1.27 | Win%: 58.0 | S0: 446.3 | FPS: 1629.7 | Var: dueling
Step: 2654208 | EPS: 0.03 | Rew: 1.27 | Win%: 58.0 | S0: 446.9 | FPS: 1427.6 | Var: dueling
Step: 2655232 | EPS: 0.03 | Rew: 1.28 | Win%: 60.0 | S0: 448.4 | FPS: 1881.9 | Var: dueling
Step: 2656256 | EPS: 0.03 | Rew: 1.33 | Win%: 61.5 | S0: 446.4 | FPS: 1622.4 | Var: dueling
Step: 2657280 | EPS: 0.03 | Rew: 1.24 | Win%: 57.5 | S0: 421.3 | FPS: 1619.2 | Var: dueling
Step: 2658304 | EPS: 0.03 | Rew: 1.26 | Win%: 57.0 | S0: 429.2 | FPS: 1777.5 | Var: dueling
Step: 2659328 | EPS: 0.03 | Rew: 1.30 | Win%: 56.0 | S0: 414.6 | FPS: 1537.0 | Var: dueling
Step: 2660352 | EPS: 0.03 | Rew: 1.42 | Win%: 57.0 | S0: 430.4 | FPS: 1658.2 | Var: dueling
Step: 2661376 | EPS: 0.03 | Rew: 1.28 | Win%: 56.0 | S0: 421.8 | FPS: 1657.8 | Var: dueling
Step: 2662400 | EPS: 0.03 | Rew: 1.23 | Win%: 55.5 | S0: 413.4 | FPS: 1579.8 | Var: dueling
Step: 2663424 | EPS: 0.03 | Rew: 1.23 | Win%: 54.5 | S0: 402.4 | FPS: 1735.8 | Var: dueling
Step: 2664448 | EPS: 0.03 | Rew: 1.41 | Win%: 55.5 | S0: 416.1 | FPS: 1476.3 | Var: dueling
Step: 2665472 | EPS: 0.02 | Rew: 1.30 | Win%: 54.0 | S0: 408.9 | FPS: 1770.8 | Var: dueling
Step: 2666496 | EPS: 0.02 | Rew: 1.28 | Win%: 53.5 | S0: 409.9 | FPS: 1669.5 | Var: dueling
Step: 2667520 | EPS: 0.02 | Rew: 1.14 | Win%: 51.5 | S0: 404.4 | FPS: 1347.7 | Var: dueling
Step: 2668544 | EPS: 0.02 | Rew: 1.22 | Win%: 50.5 | S0: 396.6 | FPS: 1620.3 | Var: dueling
Step: 2669568 | EPS: 0.02 | Rew: 1.09 | Win%: 49.0 | S0: 389.6 | FPS: 1704.1 | Var: dueling
Step: 2670592 | EPS: 0.02 | Rew: 1.38 | Win%: 51.5 | S0: 406.4 | FPS: 1754.1 | Var: dueling
Step: 2671616 | EPS: 0.02 | Rew: 1.32 | Win%: 52.5 | S0: 413.9 | FPS: 1715.7 | Var: dueling
Step: 2672640 | EPS: 0.02 | Rew: 1.46 | Win%: 52.5 | S0: 420.9 | FPS: 1722.3 | Var: dueling
Step: 2673664 | EPS: 0.02 | Rew: 1.38 | Win%: 50.5 | S0: 416.6 | FPS: 1757.9 | Var: dueling
Step: 2674688 | EPS: 0.02 | Rew: 1.36 | Win%: 49.5 | S0: 405.7 | FPS: 1673.7 | Var: dueling
Step: 2675712 | EPS: 0.02 | Rew: 1.30 | Win%: 48.5 | S0: 400.6 | FPS: 1852.2 | Var: dueling
Step: 2676736 | EPS: 0.02 | Rew: 1.36 | Win%: 47.5 | S0: 396.4 | FPS: 1767.2 | Var: dueling
Step: 2677760 | EPS: 0.02 | Rew: 1.12 | Win%: 47.5 | S0: 404.0 | FPS: 1550.5 | Var: dueling
Step: 2678784 | EPS: 0.02 | Rew: 1.15 | Win%: 48.0 | S0: 397.9 | FPS: 1863.3 | Var: dueling
Step: 2679808 | EPS: 0.02 | Rew: 1.05 | Win%: 48.5 | S0: 403.4 | FPS: 1542.6 | Var: dueling
Step: 2680832 | EPS: 0.02 | Rew: 1.12 | Win%: 47.0 | S0: 396.8 | FPS: 1766.7 | Var: dueling
Step: 2681856 | EPS: 0.02 | Rew: 1.16 | Win%: 49.0 | S0: 403.6 | FPS: 1669.5 | Var: dueling
Step: 2682880 | EPS: 0.02 | Rew: 1.39 | Win%: 48.5 | S0: 413.1 | FPS: 1707.2 | Var: dueling
Step: 2683904 | EPS: 0.02 | Rew: 1.37 | Win%: 47.5 | S0: 406.6 | FPS: 1560.5 | Var: dueling
Step: 2684928 | EPS: 0.02 | Rew: 1.42 | Win%: 48.0 | S0: 413.1 | FPS: 1557.6 | Var: dueling
Step: 2685952 | EPS: 0.02 | Rew: 1.34 | Win%: 46.0 | S0: 390.9 | FPS: 1697.7 | Var: dueling
Step: 2686976 | EPS: 0.02 | Rew: 1.34 | Win%: 48.5 | S0: 397.2 | FPS: 1540.5 | Var: dueling
Step: 2688000 | EPS: 0.02 | Rew: 1.18 | Win%: 46.5 | S0: 384.1 | FPS: 1825.5 | Var: dueling
Step: 2689024 | EPS: 0.02 | Rew: 1.11 | Win%: 47.5 | S0: 392.9 | FPS: 1854.5 | Var: dueling
Step: 2690048 | EPS: 0.02 | Rew: 1.21 | Win%: 48.5 | S0: 392.8 | FPS: 1810.7 | Var: dueling
Step: 2691072 | EPS: 0.02 | Rew: 1.22 | Win%: 49.5 | S0: 406.7 | FPS: 1680.8 | Var: dueling
Step: 2692096 | EPS: 0.02 | Rew: 1.35 | Win%: 50.0 | S0: 409.6 | FPS: 1738.4 | Var: dueling
Step: 2693120 | EPS: 0.02 | Rew: 1.45 | Win%: 49.5 | S0: 413.1 | FPS: 1613.0 | Var: dueling
Step: 2694144 | EPS: 0.02 | Rew: 1.46 | Win%: 50.0 | S0: 412.6 | FPS: 1737.9 | Var: dueling
Step: 2695168 | EPS: 0.02 | Rew: 1.46 | Win%: 51.0 | S0: 415.7 | FPS: 1507.9 | Var: dueling
Step: 2696192 | EPS: 0.02 | Rew: 1.61 | Win%: 52.5 | S0: 428.9 | FPS: 1779.6 | Var: dueling
Step: 2697216 | EPS: 0.02 | Rew: 1.37 | Win%: 52.5 | S0: 428.3 | FPS: 1878.0 | Var: dueling
Step: 2698240 | EPS: 0.02 | Rew: 1.43 | Win%: 52.5 | S0: 431.8 | FPS: 1652.4 | Var: dueling
Step: 2699264 | EPS: 0.02 | Rew: 1.35 | Win%: 53.5 | S0: 437.4 | FPS: 1730.1 | Var: dueling
Step: 2700288 | EPS: 0.02 | Rew: 1.47 | Win%: 57.0 | S0: 454.7 | FPS: 1710.9 | Var: dueling
Step: 2701312 | EPS: 0.02 | Rew: 1.20 | Win%: 55.5 | S0: 428.4 | FPS: 1586.3 | Var: dueling
Step: 2702336 | EPS: 0.02 | Rew: 1.19 | Win%: 54.0 | S0: 412.9 | FPS: 1510.6 | Var: dueling
Step: 2703360 | EPS: 0.02 | Rew: 1.15 | Win%: 54.5 | S0: 410.4 | FPS: 1547.2 | Var: dueling
Step: 2704384 | EPS: 0.02 | Rew: 1.15 | Win%: 53.0 | S0: 395.1 | FPS: 1704.5 | Var: dueling
Step: 2705408 | EPS: 0.02 | Rew: 1.07 | Win%: 55.0 | S0: 402.4 | FPS: 1545.1 | Var: dueling
Step: 2706432 | EPS: 0.02 | Rew: 1.22 | Win%: 54.0 | S0: 384.4 | FPS: 1516.2 | Var: dueling
Step: 2707456 | EPS: 0.02 | Rew: 1.35 | Win%: 56.0 | S0: 387.0 | FPS: 1762.6 | Var: dueling
Step: 2708480 | EPS: 0.02 | Rew: 1.47 | Win%: 56.0 | S0: 385.4 | FPS: 1891.0 | Var: dueling
Step: 2709504 | EPS: 0.02 | Rew: 1.47 | Win%: 55.5 | S0: 384.3 | FPS: 1509.9 | Var: dueling
Step: 2710528 | EPS: 0.02 | Rew: 1.59 | Win%: 56.5 | S0: 396.6 | FPS: 1644.8 | Var: dueling
Step: 2711552 | EPS: 0.02 | Rew: 1.48 | Win%: 56.0 | S0: 386.1 | FPS: 1837.9 | Var: dueling
Step: 2712576 | EPS: 0.02 | Rew: 1.48 | Win%: 57.5 | S0: 404.7 | FPS: 1846.4 | Var: dueling
Step: 2713600 | EPS: 0.02 | Rew: 1.60 | Win%: 58.5 | S0: 415.9 | FPS: 1911.0 | Var: dueling
Step: 2714624 | EPS: 0.02 | Rew: 1.70 | Win%: 60.5 | S0: 425.7 | FPS: 2047.0 | Var: dueling
Step: 2715648 | EPS: 0.02 | Rew: 1.68 | Win%: 61.0 | S0: 431.9 | FPS: 2067.6 | Var: dueling
Step: 2716672 | EPS: 0.02 | Rew: 1.74 | Win%: 61.0 | S0: 434.9 | FPS: 2094.5 | Var: dueling
Step: 2717696 | EPS: 0.02 | Rew: 1.90 | Win%: 62.0 | S0: 452.6 | FPS: 1789.0 | Var: dueling
Step: 2718720 | EPS: 0.02 | Rew: 1.97 | Win%: 64.0 | S0: 470.9 | FPS: 1933.2 | Var: dueling
>>> [Best] Saved -> agent/checkpoints/dueling_battle.pth | Win% 64.0 | S0 470.9
Step: 2719744 | EPS: 0.02 | Rew: 2.12 | Win%: 63.5 | S0: 471.4 | FPS: 2001.1 | Var: dueling
Step: 2720768 | EPS: 0.02 | Rew: 2.19 | Win%: 61.5 | S0: 480.9 | FPS: 2116.1 | Var: dueling
>>> [Best] Saved -> agent/checkpoints/dueling_battle.pth | Win% 61.5 | S0 480.9
Step: 2721792 | EPS: 0.02 | Rew: 2.17 | Win%: 61.0 | S0: 480.1 | FPS: 1749.9 | Var: dueling
Step: 2722816 | EPS: 0.02 | Rew: 2.11 | Win%: 60.5 | S0: 487.6 | FPS: 1924.2 | Var: dueling
>>> [Best] Saved -> agent/checkpoints/dueling_battle.pth | Win% 60.5 | S0 487.6
Step: 2723840 | EPS: 0.02 | Rew: 2.09 | Win%: 60.0 | S0: 486.9 | FPS: 1999.5 | Var: dueling
Step: 2724864 | EPS: 0.02 | Rew: 2.15 | Win%: 59.5 | S0: 497.6 | FPS: 1747.2 | Var: dueling
>>> [Best] Saved -> agent/checkpoints/dueling_battle.pth | Win% 59.5 | S0 497.6
Step: 2725888 | EPS: 0.02 | Rew: 2.14 | Win%: 60.5 | S0: 518.6 | FPS: 1850.8 | Var: dueling
>>> [Best] Saved -> agent/checkpoints/dueling_battle.pth | Win% 60.5 | S0 518.6
Step: 2726912 | EPS: 0.02 | Rew: 2.20 | Win%: 60.0 | S0: 525.3 | FPS: 1953.7 | Var: dueling
>>> [Best] Saved -> agent/checkpoints/dueling_battle.pth | Win% 60.0 | S0 525.3
Step: 2727936 | EPS: 0.02 | Rew: 2.07 | Win%: 60.0 | S0: 536.0 | FPS: 2013.4 | Var: dueling
>>> [Best] Saved -> agent/checkpoints/dueling_battle.pth | Win% 60.0 | S0 536.0
Step: 2728960 | EPS: 0.02 | Rew: 2.01 | Win%: 59.0 | S0: 531.3 | FPS: 1777.6 | Var: dueling
Step: 2729984 | EPS: 0.02 | Rew: 2.07 | Win%: 58.0 | S0: 534.5 | FPS: 2002.7 | Var: dueling
Step: 2731008 | EPS: 0.02 | Rew: 2.00 | Win%: 57.0 | S0: 533.8 | FPS: 1779.5 | Var: dueling
Step: 2732032 | EPS: 0.02 | Rew: 1.92 | Win%: 58.5 | S0: 548.2 | FPS: 1940.5 | Var: dueling
>>> [Best] Saved -> agent/checkpoints/dueling_battle.pth | Win% 58.5 | S0 548.2
Step: 2733056 | EPS: 0.02 | Rew: 2.00 | Win%: 59.5 | S0: 554.4 | FPS: 1663.3 | Var: dueling
>>> [Best] Saved -> agent/checkpoints/dueling_battle.pth | Win% 59.5 | S0 554.4
Step: 2734080 | EPS: 0.02 | Rew: 1.87 | Win%: 57.5 | S0: 537.0 | FPS: 1944.3 | Var: dueling
Step: 2735104 | EPS: 0.02 | Rew: 1.86 | Win%: 57.0 | S0: 534.4 | FPS: 1809.9 | Var: dueling
Step: 2736128 | EPS: 0.02 | Rew: 1.96 | Win%: 59.0 | S0: 535.1 | FPS: 1758.5 | Var: dueling
Step: 2737152 | EPS: 0.02 | Rew: 2.00 | Win%: 58.5 | S0: 536.5 | FPS: 1900.6 | Var: dueling
Step: 2738176 | EPS: 0.02 | Rew: 2.16 | Win%: 62.0 | S0: 551.4 | FPS: 1930.8 | Var: dueling
>>> [Best] Saved -> agent/checkpoints/dueling_battle.pth | Win% 62.0 | S0 551.4
Step: 2739200 | EPS: 0.02 | Rew: 2.02 | Win%: 58.5 | S0: 520.1 | FPS: 1940.5 | Var: dueling
Step: 2740224 | EPS: 0.02 | Rew: 1.92 | Win%: 60.0 | S0: 517.0 | FPS: 1741.4 | Var: dueling
Step: 2741248 | EPS: 0.02 | Rew: 1.97 | Win%: 61.0 | S0: 515.8 | FPS: 1961.2 | Var: dueling
Step: 2742272 | EPS: 0.02 | Rew: 2.07 | Win%: 62.0 | S0: 520.5 | FPS: 1947.6 | Var: dueling
Step: 2743296 | EPS: 0.02 | Rew: 2.25 | Win%: 62.5 | S0: 526.8 | FPS: 1958.5 | Var: dueling
Step: 2744320 | EPS: 0.02 | Rew: 2.39 | Win%: 64.0 | S0: 542.9 | FPS: 1745.4 | Var: dueling
Step: 2745344 | EPS: 0.02 | Rew: 2.44 | Win%: 65.5 | S0: 553.7 | FPS: 2036.8 | Var: dueling
>>> [Best] Saved -> agent/checkpoints/dueling_battle.pth | Win% 65.5 | S0 553.7
Step: 2746368 | EPS: 0.02 | Rew: 2.38 | Win%: 66.5 | S0: 562.6 | FPS: 2039.0 | Var: dueling
>>> [Best] Saved -> agent/checkpoints/dueling_battle.pth | Win% 66.5 | S0 562.6
Step: 2747392 | EPS: 0.02 | Rew: 2.58 | Win%: 66.0 | S0: 559.7 | FPS: 1995.0 | Var: dueling
Step: 2748416 | EPS: 0.02 | Rew: 2.61 | Win%: 65.5 | S0: 560.5 | FPS: 2030.6 | Var: dueling
Step: 2749440 | EPS: 0.02 | Rew: 2.30 | Win%: 67.0 | S0: 555.8 | FPS: 1974.5 | Var: dueling
Step: 2750464 | EPS: 0.02 | Rew: 2.27 | Win%: 69.5 | S0: 571.9 | FPS: 2047.6 | Var: dueling
>>> [Best] Saved -> agent/checkpoints/dueling_battle.pth | Win% 69.5 | S0 571.9
Step: 2751488 | EPS: 0.02 | Rew: 2.22 | Win%: 71.0 | S0: 589.5 | FPS: 2030.1 | Var: dueling
>>> [Best] Saved -> agent/checkpoints/dueling_battle.pth | Win% 71.0 | S0 589.5
Step: 2752512 | EPS: 0.02 | Rew: 2.12 | Win%: 68.5 | S0: 575.6 | FPS: 1911.6 | Var: dueling
Step: 2753536 | EPS: 0.02 | Rew: 2.00 | Win%: 68.5 | S0: 577.0 | FPS: 2034.1 | Var: dueling
Step: 2754560 | EPS: 0.02 | Rew: 2.08 | Win%: 68.5 | S0: 590.6 | FPS: 1775.4 | Var: dueling
Step: 2755584 | EPS: 0.02 | Rew: 2.20 | Win%: 69.0 | S0: 595.5 | FPS: 1933.2 | Var: dueling
>>> [Best] Saved -> agent/checkpoints/dueling_battle.pth | Win% 69.0 | S0 595.5
Step: 2756608 | EPS: 0.02 | Rew: 2.26 | Win%: 67.5 | S0: 583.9 | FPS: 1842.8 | Var: dueling
Step: 2757632 | EPS: 0.02 | Rew: 2.13 | Win%: 65.5 | S0: 574.0 | FPS: 1840.7 | Var: dueling
Step: 2758656 | EPS: 0.02 | Rew: 2.05 | Win%: 62.5 | S0: 555.0 | FPS: 1789.7 | Var: dueling
Step: 2759680 | EPS: 0.02 | Rew: 2.09 | Win%: 61.0 | S0: 553.8 | FPS: 1877.3 | Var: dueling
Step: 2760704 | EPS: 0.02 | Rew: 2.04 | Win%: 60.0 | S0: 546.9 | FPS: 1658.7 | Var: dueling
Step: 2761728 | EPS: 0.02 | Rew: 2.16 | Win%: 59.0 | S0: 547.5 | FPS: 2040.0 | Var: dueling
Step: 2762752 | EPS: 0.02 | Rew: 1.98 | Win%: 57.5 | S0: 544.5 | FPS: 1884.7 | Var: dueling
Step: 2763776 | EPS: 0.02 | Rew: 2.09 | Win%: 58.0 | S0: 547.6 | FPS: 1681.3 | Var: dueling
Step: 2764800 | EPS: 0.02 | Rew: 2.10 | Win%: 59.0 | S0: 581.6 | FPS: 1924.3 | Var: dueling
Step: 2765824 | EPS: 0.02 | Rew: 2.12 | Win%: 55.5 | S0: 564.1 | FPS: 1946.9 | Var: dueling
Step: 2766848 | EPS: 0.02 | Rew: 1.99 | Win%: 54.0 | S0: 552.2 | FPS: 1899.0 | Var: dueling
Step: 2767872 | EPS: 0.02 | Rew: 1.98 | Win%: 53.5 | S0: 548.5 | FPS: 1752.4 | Var: dueling
Step: 2768896 | EPS: 0.02 | Rew: 1.89 | Win%: 53.0 | S0: 544.7 | FPS: 2031.1 | Var: dueling
Step: 2769920 | EPS: 0.02 | Rew: 1.90 | Win%: 52.0 | S0: 534.8 | FPS: 1827.0 | Var: dueling
Step: 2770944 | EPS: 0.02 | Rew: 1.74 | Win%: 52.0 | S0: 531.5 | FPS: 1846.0 | Var: dueling
Step: 2771968 | EPS: 0.02 | Rew: 1.62 | Win%: 49.5 | S0: 513.5 | FPS: 1676.1 | Var: dueling
Step: 2772992 | EPS: 0.02 | Rew: 1.35 | Win%: 48.5 | S0: 501.9 | FPS: 1927.3 | Var: dueling
Step: 2774016 | EPS: 0.02 | Rew: 1.52 | Win%: 50.0 | S0: 525.5 | FPS: 1983.3 | Var: dueling
Step: 2775040 | EPS: 0.02 | Rew: 1.60 | Win%: 52.0 | S0: 526.8 | FPS: 1967.8 | Var: dueling
Step: 2776064 | EPS: 0.02 | Rew: 1.86 | Win%: 51.5 | S0: 530.7 | FPS: 1719.1 | Var: dueling
Step: 2777088 | EPS: 0.02 | Rew: 1.94 | Win%: 53.5 | S0: 533.4 | FPS: 1967.0 | Var: dueling
Step: 2778112 | EPS: 0.02 | Rew: 1.94 | Win%: 51.0 | S0: 511.8 | FPS: 1807.6 | Var: dueling
Step: 2779136 | EPS: 0.02 | Rew: 2.15 | Win%: 52.0 | S0: 498.6 | FPS: 1957.5 | Var: dueling
Step: 2780160 | EPS: 0.02 | Rew: 2.10 | Win%: 52.0 | S0: 495.1 | FPS: 1766.1 | Var: dueling
Step: 2781184 | EPS: 0.02 | Rew: 1.96 | Win%: 53.0 | S0: 490.5 | FPS: 1830.4 | Var: dueling
Step: 2782208 | EPS: 0.02 | Rew: 1.93 | Win%: 56.0 | S0: 511.1 | FPS: 1904.1 | Var: dueling
Step: 2783232 | EPS: 0.02 | Rew: 1.82 | Win%: 56.0 | S0: 509.1 | FPS: 1635.9 | Var: dueling
Step: 2784256 | EPS: 0.02 | Rew: 1.92 | Win%: 57.0 | S0: 510.1 | FPS: 1874.6 | Var: dueling
Step: 2785280 | EPS: 0.02 | Rew: 1.87 | Win%: 58.0 | S0: 533.3 | FPS: 1807.3 | Var: dueling
Step: 2786304 | EPS: 0.02 | Rew: 1.91 | Win%: 60.0 | S0: 534.4 | FPS: 1878.9 | Var: dueling
Step: 2787328 | EPS: 0.02 | Rew: 2.08 | Win%: 61.5 | S0: 538.5 | FPS: 1714.4 | Var: dueling
Step: 2788352 | EPS: 0.02 | Rew: 2.09 | Win%: 62.0 | S0: 535.0 | FPS: 1948.7 | Var: dueling
Step: 2789376 | EPS: 0.02 | Rew: 1.98 | Win%: 62.0 | S0: 524.0 | FPS: 1936.2 | Var: dueling
Step: 2790400 | EPS: 0.02 | Rew: 2.04 | Win%: 60.5 | S0: 513.7 | FPS: 1930.2 | Var: dueling
Step: 2791424 | EPS: 0.02 | Rew: 2.06 | Win%: 59.0 | S0: 521.4 | FPS: 1742.1 | Var: dueling
Step: 2792448 | EPS: 0.02 | Rew: 2.07 | Win%: 61.0 | S0: 538.0 | FPS: 1934.2 | Var: dueling
Step: 2793472 | EPS: 0.02 | Rew: 2.15 | Win%: 59.0 | S0: 528.8 | FPS: 1948.0 | Var: dueling
Step: 2794496 | EPS: 0.02 | Rew: 2.05 | Win%: 59.5 | S0: 532.7 | FPS: 2041.1 | Var: dueling
Step: 2795520 | EPS: 0.02 | Rew: 1.98 | Win%: 59.5 | S0: 545.2 | FPS: 1842.1 | Var: dueling
Step: 2796544 | EPS: 0.02 | Rew: 2.06 | Win%: 59.0 | S0: 548.5 | FPS: 2109.2 | Var: dueling
Step: 2797568 | EPS: 0.02 | Rew: 2.18 | Win%: 58.5 | S0: 548.2 | FPS: 1926.4 | Var: dueling
Step: 2798592 | EPS: 0.02 | Rew: 2.22 | Win%: 57.0 | S0: 557.9 | FPS: 1919.6 | Var: dueling
Step: 2799616 | EPS: 0.02 | Rew: 2.33 | Win%: 57.5 | S0: 582.5 | FPS: 1532.1 | Var: dueling
Step: 2800640 | EPS: 0.02 | Rew: 2.30 | Win%: 57.0 | S0: 573.5 | FPS: 1777.8 | Var: dueling
Step: 2801664 | EPS: 0.02 | Rew: 2.31 | Win%: 54.5 | S0: 564.1 | FPS: 1965.7 | Var: dueling
Step: 2802688 | EPS: 0.02 | Rew: 2.44 | Win%: 55.0 | S0: 570.7 | FPS: 1656.6 | Var: dueling
Step: 2803712 | EPS: 0.02 | Rew: 2.13 | Win%: 55.0 | S0: 563.1 | FPS: 1895.4 | Var: dueling
Step: 2804736 | EPS: 0.02 | Rew: 2.07 | Win%: 56.0 | S0: 570.0 | FPS: 2010.5 | Var: dueling
Step: 2805760 | EPS: 0.02 | Rew: 2.00 | Win%: 56.5 | S0: 572.6 | FPS: 1878.2 | Var: dueling
Step: 2806784 | EPS: 0.02 | Rew: 2.19 | Win%: 57.5 | S0: 582.8 | FPS: 1699.1 | Var: dueling
Step: 2807808 | EPS: 0.02 | Rew: 2.14 | Win%: 57.0 | S0: 590.9 | FPS: 1852.4 | Var: dueling
Step: 2808832 | EPS: 0.02 | Rew: 2.18 | Win%: 56.5 | S0: 591.4 | FPS: 1990.2 | Var: dueling
Step: 2809856 | EPS: 0.02 | Rew: 2.31 | Win%: 56.5 | S0: 585.2 | FPS: 1901.8 | Var: dueling
Step: 2810880 | EPS: 0.02 | Rew: 2.31 | Win%: 56.0 | S0: 595.1 | FPS: 1876.1 | Var: dueling
Step: 2811904 | EPS: 0.02 | Rew: 2.37 | Win%: 57.5 | S0: 600.8 | FPS: 1785.8 | Var: dueling
>>> [Best] Saved -> agent/checkpoints/dueling_battle.pth | Win% 57.5 | S0 600.8
Step: 2812928 | EPS: 0.02 | Rew: 2.39 | Win%: 55.0 | S0: 571.3 | FPS: 1766.5 | Var: dueling
Step: 2813952 | EPS: 0.02 | Rew: 2.62 | Win%: 58.5 | S0: 587.6 | FPS: 1740.9 | Var: dueling
Step: 2814976 | EPS: 0.02 | Rew: 2.54 | Win%: 59.0 | S0: 575.0 | FPS: 2006.3 | Var: dueling
Step: 2816000 | EPS: 0.02 | Rew: 2.48 | Win%: 59.0 | S0: 574.4 | FPS: 1948.8 | Var: dueling
Step: 2817024 | EPS: 0.02 | Rew: 2.45 | Win%: 59.0 | S0: 575.5 | FPS: 1991.2 | Var: dueling
Step: 2818048 | EPS: 0.02 | Rew: 2.49 | Win%: 59.5 | S0: 580.0 | FPS: 1757.1 | Var: dueling
Step: 2819072 | EPS: 0.02 | Rew: 2.29 | Win%: 59.0 | S0: 567.8 | FPS: 1993.6 | Var: dueling
Step: 2820096 | EPS: 0.02 | Rew: 2.21 | Win%: 58.0 | S0: 562.4 | FPS: 1946.8 | Var: dueling
Step: 2821120 | EPS: 0.02 | Rew: 2.29 | Win%: 59.0 | S0: 591.0 | FPS: 1935.1 | Var: dueling
Step: 2822144 | EPS: 0.02 | Rew: 2.37 | Win%: 59.5 | S0: 612.2 | FPS: 1742.4 | Var: dueling
>>> [Best] Saved -> agent/checkpoints/dueling_battle.pth | Win% 59.5 | S0 612.2
Step: 2823168 | EPS: 0.02 | Rew: 2.35 | Win%: 58.5 | S0: 598.9 | FPS: 1879.2 | Var: dueling
Step: 2824192 | EPS: 0.02 | Rew: 2.34 | Win%: 56.5 | S0: 592.9 | FPS: 1916.2 | Var: dueling
Step: 2825216 | EPS: 0.02 | Rew: 2.34 | Win%: 56.5 | S0: 590.3 | FPS: 1945.3 | Var: dueling
Step: 2826240 | EPS: 0.02 | Rew: 2.50 | Win%: 58.0 | S0: 602.2 | FPS: 1735.7 | Var: dueling
Step: 2827264 | EPS: 0.02 | Rew: 2.57 | Win%: 59.0 | S0: 603.0 | FPS: 1945.7 | Var: dueling
Step: 2828288 | EPS: 0.02 | Rew: 2.73 | Win%: 60.0 | S0: 614.0 | FPS: 1964.1 | Var: dueling
Step: 2829312 | EPS: 0.02 | Rew: 2.86 | Win%: 60.5 | S0: 621.8 | FPS: 1925.7 | Var: dueling
>>> [Best] Saved -> agent/checkpoints/dueling_battle.pth | Win% 60.5 | S0 621.8
Step: 2830336 | EPS: 0.02 | Rew: 3.03 | Win%: 61.0 | S0: 638.5 | FPS: 2120.7 | Var: dueling
>>> [Best] Saved -> agent/checkpoints/dueling_battle.pth | Win% 61.0 | S0 638.5
Step: 2831360 | EPS: 0.02 | Rew: 2.78 | Win%: 59.5 | S0: 628.8 | FPS: 1946.9 | Var: dueling
Step: 2832384 | EPS: 0.02 | Rew: 2.88 | Win%: 60.5 | S0: 632.9 | FPS: 1851.8 | Var: dueling
Step: 2833408 | EPS: 0.02 | Rew: 3.03 | Win%: 61.5 | S0: 649.2 | FPS: 1960.1 | Var: dueling
>>> [Best] Saved -> agent/checkpoints/dueling_battle.pth | Win% 61.5 | S0 649.2
Step: 2834432 | EPS: 0.02 | Rew: 2.92 | Win%: 62.0 | S0: 654.0 | FPS: 2097.1 | Var: dueling
Step: 2835456 | EPS: 0.02 | Rew: 2.90 | Win%: 60.0 | S0: 634.2 | FPS: 2103.8 | Var: dueling
Step: 2836480 | EPS: 0.02 | Rew: 2.81 | Win%: 59.5 | S0: 642.2 | FPS: 1998.1 | Var: dueling
Step: 2837504 | EPS: 0.02 | Rew: 2.77 | Win%: 59.5 | S0: 654.7 | FPS: 2002.1 | Var: dueling
>>> [Best] Saved -> agent/checkpoints/dueling_battle.pth | Win% 59.5 | S0 654.7
Step: 2838528 | EPS: 0.02 | Rew: 2.68 | Win%: 60.0 | S0: 657.4 | FPS: 1745.9 | Var: dueling
Step: 2839552 | EPS: 0.02 | Rew: 2.60 | Win%: 61.5 | S0: 671.3 | FPS: 2023.7 | Var: dueling
>>> [Best] Saved -> agent/checkpoints/dueling_battle.pth | Win% 61.5 | S0 671.3
Step: 2840576 | EPS: 0.02 | Rew: 2.53 | Win%: 61.0 | S0: 645.2 | FPS: 2060.7 | Var: dueling
Step: 2841600 | EPS: 0.02 | Rew: 2.56 | Win%: 62.0 | S0: 652.2 | FPS: 1962.9 | Var: dueling
Step: 2842624 | EPS: 0.02 | Rew: 2.46 | Win%: 63.5 | S0: 649.5 | FPS: 1947.8 | Var: dueling
Step: 2843648 | EPS: 0.02 | Rew: 2.39 | Win%: 64.0 | S0: 636.7 | FPS: 1930.9 | Var: dueling
Step: 2844672 | EPS: 0.02 | Rew: 2.47 | Win%: 63.5 | S0: 635.8 | FPS: 1820.6 | Var: dueling
Step: 2845696 | EPS: 0.02 | Rew: 2.55 | Win%: 62.5 | S0: 635.0 | FPS: 1960.8 | Var: dueling
Step: 2846720 | EPS: 0.02 | Rew: 2.44 | Win%: 62.0 | S0: 616.5 | FPS: 2074.8 | Var: dueling
Step: 2847744 | EPS: 0.02 | Rew: 2.23 | Win%: 59.5 | S0: 589.5 | FPS: 1992.6 | Var: dueling
Step: 2848768 | EPS: 0.02 | Rew: 2.09 | Win%: 57.0 | S0: 569.2 | FPS: 1861.4 | Var: dueling
Step: 2849792 | EPS: 0.02 | Rew: 2.10 | Win%: 57.5 | S0: 569.8 | FPS: 1910.5 | Var: dueling
Step: 2850816 | EPS: 0.02 | Rew: 2.21 | Win%: 58.0 | S0: 563.2 | FPS: 1867.6 | Var: dueling
Step: 2851840 | EPS: 0.02 | Rew: 2.14 | Win%: 58.0 | S0: 566.5 | FPS: 2052.3 | Var: dueling
Step: 2852864 | EPS: 0.02 | Rew: 2.19 | Win%: 59.0 | S0: 575.0 | FPS: 2001.2 | Var: dueling
Step: 2853888 | EPS: 0.02 | Rew: 2.12 | Win%: 60.5 | S0: 574.1 | FPS: 1878.1 | Var: dueling
Step: 2854912 | EPS: 0.02 | Rew: 2.31 | Win%: 61.0 | S0: 585.0 | FPS: 2001.6 | Var: dueling
Step: 2855936 | EPS: 0.02 | Rew: 2.32 | Win%: 61.0 | S0: 577.8 | FPS: 1966.2 | Var: dueling
Step: 2856960 | EPS: 0.02 | Rew: 2.50 | Win%: 58.5 | S0: 570.3 | FPS: 1956.8 | Var: dueling
Step: 2857984 | EPS: 0.02 | Rew: 2.55 | Win%: 58.5 | S0: 569.8 | FPS: 1851.7 | Var: dueling
Step: 2859008 | EPS: 0.02 | Rew: 2.61 | Win%: 59.0 | S0: 576.0 | FPS: 1948.4 | Var: dueling
Step: 2860032 | EPS: 0.02 | Rew: 2.45 | Win%: 58.0 | S0: 567.3 | FPS: 1980.7 | Var: dueling
Step: 2861056 | EPS: 0.02 | Rew: 2.47 | Win%: 58.0 | S0: 581.4 | FPS: 1890.5 | Var: dueling
Step: 2862080 | EPS: 0.02 | Rew: 2.37 | Win%: 57.0 | S0: 570.0 | FPS: 1812.5 | Var: dueling
Step: 2863104 | EPS: 0.02 | Rew: 2.37 | Win%: 57.5 | S0: 579.0 | FPS: 1659.7 | Var: dueling
Step: 2864128 | EPS: 0.02 | Rew: 2.28 | Win%: 57.0 | S0: 581.4 | FPS: 1900.1 | Var: dueling
Step: 2865152 | EPS: 0.02 | Rew: 2.35 | Win%: 60.5 | S0: 602.5 | FPS: 1996.4 | Var: dueling
Step: 2866176 | EPS: 0.02 | Rew: 2.46 | Win%: 60.5 | S0: 613.4 | FPS: 1811.0 | Var: dueling
Step: 2867200 | EPS: 0.02 | Rew: 2.59 | Win%: 60.5 | S0: 618.5 | FPS: 1999.3 | Var: dueling
Step: 2868224 | EPS: 0.02 | Rew: 2.53 | Win%: 61.0 | S0: 617.6 | FPS: 1947.0 | Var: dueling
Step: 2869248 | EPS: 0.02 | Rew: 2.49 | Win%: 61.0 | S0: 615.1 | FPS: 1979.5 | Var: dueling
Step: 2870272 | EPS: 0.02 | Rew: 2.64 | Win%: 60.5 | S0: 623.0 | FPS: 1839.1 | Var: dueling
Step: 2871296 | EPS: 0.02 | Rew: 2.57 | Win%: 59.5 | S0: 610.1 | FPS: 2107.5 | Var: dueling
Step: 2872320 | EPS: 0.02 | Rew: 2.70 | Win%: 61.5 | S0: 627.4 | FPS: 2127.6 | Var: dueling
Step: 2873344 | EPS: 0.02 | Rew: 2.61 | Win%: 58.5 | S0: 603.5 | FPS: 2113.7 | Var: dueling
Step: 2874368 | EPS: 0.02 | Rew: 2.63 | Win%: 60.0 | S0: 612.0 | FPS: 1822.4 | Var: dueling
Step: 2875392 | EPS: 0.02 | Rew: 2.44 | Win%: 60.5 | S0: 603.4 | FPS: 1998.8 | Var: dueling
Step: 2876416 | EPS: 0.02 | Rew: 2.54 | Win%: 60.0 | S0: 605.7 | FPS: 1874.4 | Var: dueling
Step: 2877440 | EPS: 0.02 | Rew: 2.42 | Win%: 57.5 | S0: 589.1 | FPS: 1940.1 | Var: dueling
Step: 2878464 | EPS: 0.02 | Rew: 2.17 | Win%: 57.0 | S0: 573.5 | FPS: 1701.2 | Var: dueling
Step: 2879488 | EPS: 0.02 | Rew: 1.98 | Win%: 55.0 | S0: 565.3 | FPS: 1950.9 | Var: dueling
Step: 2880512 | EPS: 0.02 | Rew: 2.10 | Win%: 56.5 | S0: 573.2 | FPS: 2117.9 | Var: dueling
Step: 2881536 | EPS: 0.02 | Rew: 2.13 | Win%: 56.0 | S0: 577.2 | FPS: 1860.8 | Var: dueling
Step: 2882560 | EPS: 0.02 | Rew: 2.22 | Win%: 55.0 | S0: 578.9 | FPS: 1865.5 | Var: dueling
Step: 2883584 | EPS: 0.02 | Rew: 2.07 | Win%: 56.0 | S0: 567.5 | FPS: 1892.2 | Var: dueling
Step: 2884608 | EPS: 0.02 | Rew: 1.91 | Win%: 53.0 | S0: 546.5 | FPS: 1942.5 | Var: dueling
Step: 2885632 | EPS: 0.02 | Rew: 2.01 | Win%: 51.5 | S0: 533.5 | FPS: 1941.1 | Var: dueling
Step: 2886656 | EPS: 0.02 | Rew: 2.23 | Win%: 52.5 | S0: 531.9 | FPS: 1963.1 | Var: dueling
Step: 2887680 | EPS: 0.02 | Rew: 2.26 | Win%: 53.0 | S0: 537.2 | FPS: 2021.2 | Var: dueling
Step: 2888704 | EPS: 0.02 | Rew: 2.08 | Win%: 52.0 | S0: 529.5 | FPS: 1960.6 | Var: dueling
Step: 2889728 | EPS: 0.02 | Rew: 2.13 | Win%: 51.5 | S0: 532.5 | FPS: 1937.6 | Var: dueling
Step: 2890752 | EPS: 0.02 | Rew: 1.96 | Win%: 51.5 | S0: 525.2 | FPS: 1971.3 | Var: dueling
Step: 2891776 | EPS: 0.02 | Rew: 2.03 | Win%: 50.5 | S0: 532.3 | FPS: 1924.7 | Var: dueling
Step: 2892800 | EPS: 0.02 | Rew: 2.07 | Win%: 51.0 | S0: 528.4 | FPS: 1939.9 | Var: dueling
Step: 2893824 | EPS: 0.02 | Rew: 2.29 | Win%: 52.0 | S0: 535.1 | FPS: 1688.9 | Var: dueling
Step: 2894848 | EPS: 0.02 | Rew: 2.47 | Win%: 55.0 | S0: 555.9 | FPS: 1904.7 | Var: dueling
Step: 2895872 | EPS: 0.02 | Rew: 2.45 | Win%: 55.5 | S0: 569.7 | FPS: 1886.2 | Var: dueling
Step: 2896896 | EPS: 0.02 | Rew: 2.61 | Win%: 56.0 | S0: 589.0 | FPS: 1887.9 | Var: dueling
Step: 2897920 | EPS: 0.02 | Rew: 2.65 | Win%: 55.0 | S0: 590.2 | FPS: 1761.7 | Var: dueling
Step: 2898944 | EPS: 0.02 | Rew: 2.64 | Win%: 54.5 | S0: 584.0 | FPS: 2160.8 | Var: dueling
Step: 2899968 | EPS: 0.02 | Rew: 2.60 | Win%: 52.5 | S0: 566.0 | FPS: 2090.5 | Var: dueling
Step: 2900992 | EPS: 0.02 | Rew: 2.48 | Win%: 54.0 | S0: 580.4 | FPS: 2059.4 | Var: dueling
Step: 2902016 | EPS: 0.02 | Rew: 2.33 | Win%: 55.0 | S0: 575.8 | FPS: 1866.8 | Var: dueling
Step: 2903040 | EPS: 0.02 | Rew: 2.42 | Win%: 55.5 | S0: 586.0 | FPS: 1801.9 | Var: dueling
Step: 2904064 | EPS: 0.02 | Rew: 2.23 | Win%: 55.0 | S0: 584.9 | FPS: 1812.2 | Var: dueling
Step: 2905088 | EPS: 0.02 | Rew: 2.34 | Win%: 57.0 | S0: 609.0 | FPS: 1894.7 | Var: dueling
Step: 2906112 | EPS: 0.02 | Rew: 2.40 | Win%: 58.0 | S0: 614.0 | FPS: 1645.4 | Var: dueling
Step: 2907136 | EPS: 0.02 | Rew: 2.39 | Win%: 58.0 | S0: 606.1 | FPS: 1749.4 | Var: dueling
Step: 2908160 | EPS: 0.02 | Rew: 2.29 | Win%: 57.5 | S0: 598.2 | FPS: 1909.0 | Var: dueling
Step: 2909184 | EPS: 0.02 | Rew: 2.36 | Win%: 56.0 | S0: 583.7 | FPS: 1862.1 | Var: dueling
Step: 2910208 | EPS: 0.02 | Rew: 2.28 | Win%: 56.5 | S0: 578.8 | FPS: 2108.4 | Var: dueling
Step: 2911232 | EPS: 0.02 | Rew: 2.36 | Win%: 58.0 | S0: 578.0 | FPS: 2037.9 | Var: dueling
Step: 2912256 | EPS: 0.02 | Rew: 2.30 | Win%: 58.0 | S0: 581.5 | FPS: 2004.3 | Var: dueling
Step: 2913280 | EPS: 0.02 | Rew: 2.26 | Win%: 59.0 | S0: 589.4 | FPS: 1761.1 | Var: dueling
Step: 2914304 | EPS: 0.02 | Rew: 2.28 | Win%: 60.0 | S0: 591.0 | FPS: 1959.4 | Var: dueling
Step: 2915328 | EPS: 0.02 | Rew: 2.48 | Win%: 60.5 | S0: 603.9 | FPS: 2050.0 | Var: dueling
Step: 2916352 | EPS: 0.02 | Rew: 2.74 | Win%: 61.5 | S0: 616.2 | FPS: 1879.3 | Var: dueling
Step: 2917376 | EPS: 0.02 | Rew: 2.33 | Win%: 58.5 | S0: 597.0 | FPS: 2146.2 | Var: dueling
Step: 2918400 | EPS: 0.02 | Rew: 2.28 | Win%: 58.5 | S0: 576.5 | FPS: 2054.0 | Var: dueling
Step: 2919424 | EPS: 0.02 | Rew: 2.07 | Win%: 57.0 | S0: 570.0 | FPS: 1829.1 | Var: dueling
Step: 2920448 | EPS: 0.02 | Rew: 2.08 | Win%: 58.0 | S0: 572.5 | FPS: 1881.7 | Var: dueling
Step: 2921472 | EPS: 0.02 | Rew: 2.05 | Win%: 60.0 | S0: 585.9 | FPS: 1748.4 | Var: dueling
Step: 2922496 | EPS: 0.02 | Rew: 1.91 | Win%: 60.0 | S0: 599.1 | FPS: 2006.9 | Var: dueling
Step: 2923520 | EPS: 0.02 | Rew: 2.13 | Win%: 58.5 | S0: 574.7 | FPS: 1959.2 | Var: dueling
Step: 2924544 | EPS: 0.02 | Rew: 2.19 | Win%: 60.0 | S0: 578.7 | FPS: 1927.9 | Var: dueling
Step: 2925568 | EPS: 0.02 | Rew: 2.31 | Win%: 61.0 | S0: 570.4 | FPS: 1704.8 | Var: dueling
Step: 2926592 | EPS: 0.02 | Rew: 2.41 | Win%: 60.5 | S0: 566.1 | FPS: 1994.4 | Var: dueling
Step: 2927616 | EPS: 0.02 | Rew: 2.35 | Win%: 61.5 | S0: 573.5 | FPS: 2150.3 | Var: dueling
Step: 2928640 | EPS: 0.02 | Rew: 2.45 | Win%: 61.5 | S0: 587.1 | FPS: 2079.5 | Var: dueling
Step: 2929664 | EPS: 0.02 | Rew: 2.31 | Win%: 58.5 | S0: 558.7 | FPS: 1757.8 | Var: dueling
Step: 2930688 | EPS: 0.02 | Rew: 2.03 | Win%: 59.5 | S0: 553.0 | FPS: 2169.3 | Var: dueling
Step: 2931712 | EPS: 0.02 | Rew: 2.02 | Win%: 58.5 | S0: 564.6 | FPS: 2138.0 | Var: dueling
Step: 2932736 | EPS: 0.02 | Rew: 2.34 | Win%: 61.0 | S0: 602.5 | FPS: 2196.2 | Var: dueling
Step: 2933760 | EPS: 0.02 | Rew: 2.29 | Win%: 61.5 | S0: 602.4 | FPS: 2075.0 | Var: dueling
Step: 2934784 | EPS: 0.02 | Rew: 2.25 | Win%: 60.5 | S0: 615.4 | FPS: 2009.0 | Var: dueling
Step: 2935808 | EPS: 0.02 | Rew: 2.26 | Win%: 60.0 | S0: 604.8 | FPS: 2090.4 | Var: dueling
Step: 2936832 | EPS: 0.02 | Rew: 2.46 | Win%: 60.0 | S0: 595.5 | FPS: 2112.4 | Var: dueling
Step: 2937856 | EPS: 0.02 | Rew: 2.52 | Win%: 61.0 | S0: 596.6 | FPS: 1859.6 | Var: dueling
Step: 2938880 | EPS: 0.02 | Rew: 2.58 | Win%: 59.5 | S0: 606.0 | FPS: 2087.4 | Var: dueling
Step: 2939904 | EPS: 0.02 | Rew: 2.28 | Win%: 60.0 | S0: 596.1 | FPS: 2090.4 | Var: dueling
Step: 2940928 | EPS: 0.02 | Rew: 2.34 | Win%: 59.0 | S0: 598.1 | FPS: 2034.0 | Var: dueling
Step: 2941952 | EPS: 0.02 | Rew: 2.30 | Win%: 57.0 | S0: 579.5 | FPS: 1778.4 | Var: dueling
Step: 2942976 | EPS: 0.02 | Rew: 2.63 | Win%: 61.0 | S0: 645.6 | FPS: 1868.1 | Var: dueling
Step: 2944000 | EPS: 0.02 | Rew: 2.76 | Win%: 62.0 | S0: 663.3 | FPS: 1938.7 | Var: dueling
Step: 2945024 | EPS: 0.02 | Rew: 2.74 | Win%: 63.5 | S0: 662.2 | FPS: 1890.0 | Var: dueling
Step: 2946048 | EPS: 0.02 | Rew: 2.87 | Win%: 62.0 | S0: 650.4 | FPS: 1612.8 | Var: dueling
Step: 2947072 | EPS: 0.02 | Rew: 2.99 | Win%: 61.0 | S0: 655.8 | FPS: 2036.8 | Var: dueling
Step: 2948096 | EPS: 0.02 | Rew: 2.96 | Win%: 63.5 | S0: 670.7 | FPS: 2052.2 | Var: dueling
>>> [Best] Saved -> agent/checkpoints/dueling_battle.pth | Win% 63.5 | S0 670.7
Step: 2949120 | EPS: 0.02 | Rew: 2.71 | Win%: 64.5 | S0: 676.2 | FPS: 2113.4 | Var: dueling
>>> [Best] Saved -> agent/checkpoints/dueling_battle.pth | Win% 64.5 | S0 676.2
Step: 2950144 | EPS: 0.02 | Rew: 2.76 | Win%: 65.0 | S0: 693.3 | FPS: 1915.9 | Var: dueling
>>> [Best] Saved -> agent/checkpoints/dueling_battle.pth | Win% 65.0 | S0 693.3
Step: 2951168 | EPS: 0.02 | Rew: 2.67 | Win%: 63.5 | S0: 686.9 | FPS: 1941.2 | Var: dueling
Step: 2952192 | EPS: 0.02 | Rew: 2.73 | Win%: 64.5 | S0: 698.1 | FPS: 1939.4 | Var: dueling
Step: 2953216 | EPS: 0.02 | Rew: 2.91 | Win%: 66.5 | S0: 742.0 | FPS: 1941.2 | Var: dueling
>>> [Best] Saved -> agent/checkpoints/dueling_battle.pth | Win% 66.5 | S0 742.0
Step: 2954240 | EPS: 0.02 | Rew: 2.74 | Win%: 67.5 | S0: 734.8 | FPS: 1983.4 | Var: dueling
Step: 2955264 | EPS: 0.02 | Rew: 2.62 | Win%: 67.0 | S0: 711.1 | FPS: 1956.2 | Var: dueling
Step: 2956288 | EPS: 0.02 | Rew: 2.54 | Win%: 66.0 | S0: 680.1 | FPS: 2018.1 | Var: dueling
Step: 2957312 | EPS: 0.02 | Rew: 2.52 | Win%: 67.5 | S0: 685.5 | FPS: 2032.1 | Var: dueling
Step: 2958336 | EPS: 0.02 | Rew: 2.36 | Win%: 66.5 | S0: 673.9 | FPS: 1761.4 | Var: dueling
Step: 2959360 | EPS: 0.02 | Rew: 2.50 | Win%: 64.5 | S0: 680.3 | FPS: 2061.5 | Var: dueling
Step: 2960384 | EPS: 0.02 | Rew: 2.28 | Win%: 64.0 | S0: 671.5 | FPS: 2056.6 | Var: dueling
Step: 2961408 | EPS: 0.02 | Rew: 2.53 | Win%: 64.5 | S0: 667.6 | FPS: 2053.7 | Var: dueling
Step: 2962432 | EPS: 0.02 | Rew: 2.50 | Win%: 62.0 | S0: 649.1 | FPS: 2168.8 | Var: dueling
Step: 2963456 | EPS: 0.02 | Rew: 2.34 | Win%: 60.0 | S0: 635.2 | FPS: 2104.8 | Var: dueling
Step: 2964480 | EPS: 0.02 | Rew: 2.31 | Win%: 60.0 | S0: 624.1 | FPS: 2138.9 | Var: dueling
Step: 2965504 | EPS: 0.02 | Rew: 2.54 | Win%: 60.0 | S0: 629.4 | FPS: 2101.5 | Var: dueling
Step: 2966528 | EPS: 0.02 | Rew: 2.40 | Win%: 58.5 | S0: 624.9 | FPS: 2069.3 | Var: dueling
Step: 2967552 | EPS: 0.02 | Rew: 2.36 | Win%: 57.5 | S0: 606.5 | FPS: 2035.3 | Var: dueling
Step: 2968576 | EPS: 0.02 | Rew: 2.44 | Win%: 56.5 | S0: 598.6 | FPS: 1979.4 | Var: dueling
Step: 2969600 | EPS: 0.02 | Rew: 2.28 | Win%: 55.0 | S0: 600.2 | FPS: 2094.5 | Var: dueling
Step: 2970624 | EPS: 0.02 | Rew: 2.42 | Win%: 56.0 | S0: 615.4 | FPS: 2036.9 | Var: dueling
Step: 2971648 | EPS: 0.02 | Rew: 2.52 | Win%: 55.0 | S0: 610.2 | FPS: 2087.0 | Var: dueling
Step: 2972672 | EPS: 0.02 | Rew: 2.48 | Win%: 53.5 | S0: 602.2 | FPS: 2140.9 | Var: dueling
Step: 2973696 | EPS: 0.02 | Rew: 2.54 | Win%: 54.0 | S0: 619.9 | FPS: 2145.4 | Var: dueling
Step: 2974720 | EPS: 0.02 | Rew: 2.47 | Win%: 54.0 | S0: 619.9 | FPS: 2094.1 | Var: dueling
Step: 2975744 | EPS: 0.02 | Rew: 2.60 | Win%: 54.0 | S0: 619.1 | FPS: 2111.8 | Var: dueling
Step: 2976768 | EPS: 0.02 | Rew: 2.63 | Win%: 54.0 | S0: 614.1 | FPS: 2164.7 | Var: dueling
Step: 2977792 | EPS: 0.02 | Rew: 2.44 | Win%: 55.0 | S0: 618.7 | FPS: 2219.7 | Var: dueling
Step: 2978816 | EPS: 0.02 | Rew: 2.34 | Win%: 54.0 | S0: 608.2 | FPS: 2092.6 | Var: dueling
Step: 2979840 | EPS: 0.02 | Rew: 2.19 | Win%: 51.0 | S0: 589.0 | FPS: 2095.8 | Var: dueling
Step: 2980864 | EPS: 0.02 | Rew: 2.08 | Win%: 52.5 | S0: 596.2 | FPS: 2104.6 | Var: dueling
Step: 2981888 | EPS: 0.02 | Rew: 2.32 | Win%: 53.0 | S0: 613.1 | FPS: 2094.4 | Var: dueling
Step: 2982912 | EPS: 0.02 | Rew: 2.42 | Win%: 51.5 | S0: 616.1 | FPS: 2129.5 | Var: dueling
Step: 2983936 | EPS: 0.02 | Rew: 2.12 | Win%: 52.0 | S0: 605.1 | FPS: 2209.3 | Var: dueling
Step: 2984960 | EPS: 0.02 | Rew: 2.23 | Win%: 50.5 | S0: 599.9 | FPS: 2176.1 | Var: dueling
Step: 2985984 | EPS: 0.02 | Rew: 2.12 | Win%: 51.0 | S0: 614.1 | FPS: 2158.9 | Var: dueling
Step: 2987008 | EPS: 0.02 | Rew: 2.06 | Win%: 50.0 | S0: 588.9 | FPS: 1794.2 | Var: dueling
Step: 2988032 | EPS: 0.02 | Rew: 2.22 | Win%: 49.5 | S0: 589.9 | FPS: 1761.5 | Var: dueling
Step: 2989056 | EPS: 0.02 | Rew: 2.16 | Win%: 48.5 | S0: 581.5 | FPS: 2044.2 | Var: dueling
Step: 2990080 | EPS: 0.02 | Rew: 2.04 | Win%: 49.5 | S0: 577.9 | FPS: 1975.0 | Var: dueling
Step: 2991104 | EPS: 0.02 | Rew: 1.79 | Win%: 49.5 | S0: 575.5 | FPS: 2057.0 | Var: dueling
Step: 2992128 | EPS: 0.02 | Rew: 1.79 | Win%: 48.0 | S0: 539.6 | FPS: 2109.0 | Var: dueling
Step: 2993152 | EPS: 0.02 | Rew: 1.78 | Win%: 49.0 | S0: 547.9 | FPS: 2029.3 | Var: dueling
Step: 2994176 | EPS: 0.02 | Rew: 1.88 | Win%: 48.5 | S0: 538.5 | FPS: 1904.7 | Var: dueling
Step: 2995200 | EPS: 0.02 | Rew: 2.09 | Win%: 48.5 | S0: 546.8 | FPS: 2024.1 | Var: dueling
Step: 2996224 | EPS: 0.02 | Rew: 2.08 | Win%: 50.5 | S0: 567.8 | FPS: 2096.8 | Var: dueling
Step: 2997248 | EPS: 0.02 | Rew: 2.08 | Win%: 52.0 | S0: 572.8 | FPS: 2010.7 | Var: dueling
Step: 2998272 | EPS: 0.02 | Rew: 2.17 | Win%: 49.5 | S0: 563.4 | FPS: 1869.0 | Var: dueling
Step: 2999296 | EPS: 0.02 | Rew: 2.29 | Win%: 49.5 | S0: 566.9 | FPS: 1929.3 | Var: dueling
>>> [Final] Saved -> agent/checkpoints/dueling_battle.final.pth
>>> [Curriculum] Phase completed successfully.

=== Curriculum Completed ===
Best Model: agent/checkpoints/dueling_battle.pth
Final Snapshot: agent/checkpoints/dueling_battle.final.pth
Test it: python gui_game.py --mode battle --algo dueling --model agent/checkpoints/dueling_battle.pth
