=== Snake AI Curriculum Training [PER] ===

>>> [Curriculum] Starting Phase: 1. Pre-training (Single Snake) -> agent/checkpoints/per_pretrain.pth
>>> Command: train_dqn_variants.py --variant per --single --steps 5000000 --save agent/checkpoints/per_pretrain.pth --num-envs 128
>>> [V8.0 Asymmetric-Tuning] Variant: PER | LR: 0.0002 | Tau: 0.005 | GradClip: 0.5 | Buf: 200000
>>> [Explore] eps_start=1.00 eps_min=0.02 | [SelfPlay] prob=0.70->0.40 @ 0.30
>>> [V18.3 Turbo] PHASE 1 (Single) | FoodDensity: 5 | FoodRew: 1.0
>>> [V18.3 Turbo] Initializing 128 Parallel Environments...
>>> [V18.3 Turbo] Environments Ready.
>>> [DQN-Turbo] torch.compile() enabled.
>>> [V13.3 Heartbeat] Setup Finished. Buffer: 200000 | Device: cuda
>>> Starting PER Training (V21.0 Flash-Batch)...
skipping cudagraphs due to graph with symbolic shapes inputs and config.triton.cudagraph_skip_dynamic_graphs=True. Found from   File "/root/user/cs_tcci_hufuguang/machine/machineLearingCourseDevise/agent/ddqn.py", line 51, in forward
    cnn_feat = self.conv(grid)


skipping cudagraphs due to graph with symbolic shapes inputs and config.triton.cudagraph_skip_dynamic_graphs=True. Found from   File "/root/user/cs_tcci_hufuguang/machine/machineLearingCourseDevise/agent/ddqn.py", line 51, in forward
    cnn_feat = self.conv(grid)


Step: 1024 | EPS: 1.00 | Rew: -0.71 | FPS: 130.2 | Var: per
>>> [Best] Saved -> agent/checkpoints/per_pretrain.pth | Rew -0.71
Step: 2048 | EPS: 1.00 | Rew: -0.68 | FPS: 7800.0 | Var: per
Step: 3072 | EPS: 1.00 | Rew: -0.67 | FPS: 8754.2 | Var: per
Step: 4096 | EPS: 1.00 | Rew: -0.68 | FPS: 8982.0 | Var: per
Step: 5120 | EPS: 1.00 | Rew: -0.67 | FPS: 9053.0 | Var: per
Step: 6144 | EPS: 1.00 | Rew: -0.66 | FPS: 8278.9 | Var: per
Step: 7168 | EPS: 1.00 | Rew: -0.67 | FPS: 9435.2 | Var: per
Step: 8192 | EPS: 1.00 | Rew: -0.68 | FPS: 9357.5 | Var: per
Step: 9216 | EPS: 1.00 | Rew: -0.70 | FPS: 9660.5 | Var: per
Step: 10240 | EPS: 1.00 | Rew: -0.69 | FPS: 9504.5 | Var: per
Step: 11264 | EPS: 1.00 | Rew: -0.69 | FPS: 9535.4 | Var: per
Step: 12288 | EPS: 1.00 | Rew: -0.69 | FPS: 7766.8 | Var: per
Step: 13312 | EPS: 1.00 | Rew: -0.69 | FPS: 9051.6 | Var: per
Step: 14336 | EPS: 1.00 | Rew: -0.69 | FPS: 9729.3 | Var: per
Step: 15360 | EPS: 1.00 | Rew: -0.70 | FPS: 9682.7 | Var: per
Step: 16384 | EPS: 1.00 | Rew: -0.70 | FPS: 9925.7 | Var: per
Step: 17408 | EPS: 1.00 | Rew: -0.69 | FPS: 9852.7 | Var: per
Step: 18432 | EPS: 1.00 | Rew: -0.69 | FPS: 9801.3 | Var: per
Step: 19456 | EPS: 1.00 | Rew: -0.69 | FPS: 9853.8 | Var: per
Step: 20480 | EPS: 0.99 | Rew: -0.69 | FPS: 9546.1 | Var: per
Step: 21504 | EPS: 0.99 | Rew: -0.70 | FPS: 6977.4 | Var: per
Step: 22528 | EPS: 0.99 | Rew: -0.69 | FPS: 9778.7 | Var: per
Step: 23552 | EPS: 0.99 | Rew: -0.69 | FPS: 9972.2 | Var: per
Step: 24576 | EPS: 0.99 | Rew: -0.70 | FPS: 9873.7 | Var: per
Step: 25600 | EPS: 0.99 | Rew: -0.71 | FPS: 9953.5 | Var: per
Step: 26624 | EPS: 0.99 | Rew: -0.70 | FPS: 9016.0 | Var: per
Step: 27648 | EPS: 0.99 | Rew: -0.69 | FPS: 9286.7 | Var: per
Step: 28672 | EPS: 0.99 | Rew: -0.70 | FPS: 8701.4 | Var: per
Step: 29696 | EPS: 0.99 | Rew: -0.69 | FPS: 8944.0 | Var: per
Step: 30720 | EPS: 0.99 | Rew: -0.71 | FPS: 8773.9 | Var: per
Step: 31744 | EPS: 0.99 | Rew: -0.72 | FPS: 8390.7 | Var: per
Step: 32768 | EPS: 0.99 | Rew: -0.73 | FPS: 8540.3 | Var: per
Step: 33792 | EPS: 0.99 | Rew: -0.72 | FPS: 8560.8 | Var: per
Step: 34816 | EPS: 0.99 | Rew: -0.71 | FPS: 8822.5 | Var: per
Step: 35840 | EPS: 0.99 | Rew: -0.70 | FPS: 8325.4 | Var: per
Step: 36864 | EPS: 0.99 | Rew: -0.70 | FPS: 8655.8 | Var: per
Step: 37888 | EPS: 0.99 | Rew: -0.69 | FPS: 8476.5 | Var: per
Step: 38912 | EPS: 0.99 | Rew: -0.69 | FPS: 8218.3 | Var: per
Step: 39936 | EPS: 0.99 | Rew: -0.70 | FPS: 8022.5 | Var: per
Step: 40960 | EPS: 0.99 | Rew: -0.69 | FPS: 8351.7 | Var: per
Step: 41984 | EPS: 0.99 | Rew: -0.70 | FPS: 8264.4 | Var: per
Step: 43008 | EPS: 0.99 | Rew: -0.67 | FPS: 6075.3 | Var: per
Step: 44032 | EPS: 0.99 | Rew: -0.67 | FPS: 8099.4 | Var: per
Step: 45056 | EPS: 0.99 | Rew: -0.66 | FPS: 8151.6 | Var: per
Step: 46080 | EPS: 0.99 | Rew: -0.69 | FPS: 7747.8 | Var: per
Step: 47104 | EPS: 0.99 | Rew: -0.70 | FPS: 7808.6 | Var: per
Step: 48128 | EPS: 0.99 | Rew: -0.70 | FPS: 7820.4 | Var: per
Step: 49152 | EPS: 0.99 | Rew: -0.70 | FPS: 7494.5 | Var: per
Step: 50176 | EPS: 0.99 | Rew: -0.67 | FPS: 7492.1 | Var: per
Step: 51200 | EPS: 0.99 | Rew: -0.68 | FPS: 7685.2 | Var: per
Step: 52224 | EPS: 0.99 | Rew: -0.69 | FPS: 8012.8 | Var: per
Step: 53248 | EPS: 0.99 | Rew: -0.68 | FPS: 7860.4 | Var: per
Step: 54272 | EPS: 0.99 | Rew: -0.70 | FPS: 7835.5 | Var: per
Step: 55296 | EPS: 0.99 | Rew: -0.70 | FPS: 7820.8 | Var: per
Step: 56320 | EPS: 0.99 | Rew: -0.70 | FPS: 7908.1 | Var: per
Step: 57344 | EPS: 0.99 | Rew: -0.68 | FPS: 7858.9 | Var: per
Step: 58368 | EPS: 0.99 | Rew: -0.66 | FPS: 7989.7 | Var: per
Step: 59392 | EPS: 0.99 | Rew: -0.67 | FPS: 7349.0 | Var: per
Step: 60416 | EPS: 0.99 | Rew: -0.68 | FPS: 7939.0 | Var: per
Step: 61440 | EPS: 0.98 | Rew: -0.70 | FPS: 8379.8 | Var: per
Step: 62464 | EPS: 0.98 | Rew: -0.70 | FPS: 8491.9 | Var: per
Step: 63488 | EPS: 0.98 | Rew: -0.70 | FPS: 6782.7 | Var: per
Step: 64512 | EPS: 0.98 | Rew: -0.72 | FPS: 7418.0 | Var: per
Step: 65536 | EPS: 0.98 | Rew: -0.71 | FPS: 8502.8 | Var: per
Step: 66560 | EPS: 0.98 | Rew: -0.70 | FPS: 5899.1 | Var: per
Step: 67584 | EPS: 0.98 | Rew: -0.70 | FPS: 8646.3 | Var: per
Step: 68608 | EPS: 0.98 | Rew: -0.70 | FPS: 8299.4 | Var: per
Step: 69632 | EPS: 0.98 | Rew: -0.71 | FPS: 8678.8 | Var: per
Step: 70656 | EPS: 0.98 | Rew: -0.72 | FPS: 8308.1 | Var: per
Step: 71680 | EPS: 0.98 | Rew: -0.70 | FPS: 8456.4 | Var: per
Step: 72704 | EPS: 0.98 | Rew: -0.70 | FPS: 8373.5 | Var: per
Step: 73728 | EPS: 0.98 | Rew: -0.69 | FPS: 8368.5 | Var: per
Step: 74752 | EPS: 0.98 | Rew: -0.69 | FPS: 8545.3 | Var: per
Step: 75776 | EPS: 0.98 | Rew: -0.66 | FPS: 8587.3 | Var: per
Step: 76800 | EPS: 0.98 | Rew: -0.66 | FPS: 8699.0 | Var: per
Step: 77824 | EPS: 0.98 | Rew: -0.66 | FPS: 8077.3 | Var: per
Step: 78848 | EPS: 0.98 | Rew: -0.70 | FPS: 8540.2 | Var: per
Step: 79872 | EPS: 0.98 | Rew: -0.70 | FPS: 8580.8 | Var: per
Step: 80896 | EPS: 0.98 | Rew: -0.71 | FPS: 9176.4 | Var: per
Step: 81920 | EPS: 0.98 | Rew: -0.70 | FPS: 8465.7 | Var: per
Step: 82944 | EPS: 0.98 | Rew: -0.67 | FPS: 8591.7 | Var: per
Step: 83968 | EPS: 0.98 | Rew: -0.65 | FPS: 8582.7 | Var: per
Step: 84992 | EPS: 0.98 | Rew: -0.64 | FPS: 8613.5 | Var: per
Step: 86016 | EPS: 0.98 | Rew: -0.64 | FPS: 8416.4 | Var: per
Step: 87040 | EPS: 0.98 | Rew: -0.67 | FPS: 8793.6 | Var: per
Step: 88064 | EPS: 0.98 | Rew: -0.69 | FPS: 8600.2 | Var: per
Step: 89088 | EPS: 0.98 | Rew: -0.70 | FPS: 7702.3 | Var: per
Step: 90112 | EPS: 0.98 | Rew: -0.70 | FPS: 8172.7 | Var: per
Step: 91136 | EPS: 0.98 | Rew: -0.70 | FPS: 8523.6 | Var: per
Step: 92160 | EPS: 0.98 | Rew: -0.72 | FPS: 7855.9 | Var: per
Step: 93184 | EPS: 0.98 | Rew: -0.72 | FPS: 8056.9 | Var: per
Step: 94208 | EPS: 0.98 | Rew: -0.73 | FPS: 8596.3 | Var: per
Step: 95232 | EPS: 0.98 | Rew: -0.72 | FPS: 8200.3 | Var: per
Step: 96256 | EPS: 0.98 | Rew: -0.70 | FPS: 8084.6 | Var: per
Step: 97280 | EPS: 0.98 | Rew: -0.70 | FPS: 8562.8 | Var: per
Step: 98304 | EPS: 0.98 | Rew: -0.70 | FPS: 8897.3 | Var: per
Step: 99328 | EPS: 0.98 | Rew: -0.69 | FPS: 8141.2 | Var: per
Step: 100352 | EPS: 0.98 | Rew: -0.68 | FPS: 8067.4 | Var: per
Step: 101376 | EPS: 0.98 | Rew: -0.66 | FPS: 8032.7 | Var: per
Step: 102400 | EPS: 0.97 | Rew: -0.67 | FPS: 7957.6 | Var: per
Step: 103424 | EPS: 0.97 | Rew: -0.66 | FPS: 8003.8 | Var: per
Step: 104448 | EPS: 0.97 | Rew: -0.67 | FPS: 7970.6 | Var: per
Step: 105472 | EPS: 0.97 | Rew: -0.70 | FPS: 7154.8 | Var: per
Step: 106496 | EPS: 0.97 | Rew: -0.68 | FPS: 8057.5 | Var: per
Step: 107520 | EPS: 0.97 | Rew: -0.69 | FPS: 6976.5 | Var: per
Step: 108544 | EPS: 0.97 | Rew: -0.68 | FPS: 8469.4 | Var: per
Step: 109568 | EPS: 0.97 | Rew: -0.69 | FPS: 8424.4 | Var: per
Step: 110592 | EPS: 0.97 | Rew: -0.71 | FPS: 8770.0 | Var: per
Step: 111616 | EPS: 0.97 | Rew: -0.70 | FPS: 8377.2 | Var: per
Step: 112640 | EPS: 0.97 | Rew: -0.71 | FPS: 8749.0 | Var: per
Step: 113664 | EPS: 0.97 | Rew: -0.69 | FPS: 8213.0 | Var: per
Step: 114688 | EPS: 0.97 | Rew: -0.68 | FPS: 8857.2 | Var: per
Step: 115712 | EPS: 0.97 | Rew: -0.69 | FPS: 9486.3 | Var: per
Step: 116736 | EPS: 0.97 | Rew: -0.68 | FPS: 8781.4 | Var: per
Step: 117760 | EPS: 0.97 | Rew: -0.68 | FPS: 8415.8 | Var: per
Step: 118784 | EPS: 0.97 | Rew: -0.67 | FPS: 8572.2 | Var: per
Step: 119808 | EPS: 0.97 | Rew: -0.67 | FPS: 8422.9 | Var: per
Step: 120832 | EPS: 0.97 | Rew: -0.67 | FPS: 8652.0 | Var: per
Step: 121856 | EPS: 0.97 | Rew: -0.68 | FPS: 8110.5 | Var: per
Step: 122880 | EPS: 0.97 | Rew: -0.68 | FPS: 8464.2 | Var: per
Step: 123904 | EPS: 0.97 | Rew: -0.68 | FPS: 8492.8 | Var: per
Step: 124928 | EPS: 0.97 | Rew: -0.67 | FPS: 8204.2 | Var: per
Step: 125952 | EPS: 0.97 | Rew: -0.69 | FPS: 8392.9 | Var: per
Step: 126976 | EPS: 0.97 | Rew: -0.67 | FPS: 6786.8 | Var: per
Step: 128000 | EPS: 0.97 | Rew: -0.68 | FPS: 7763.3 | Var: per
Step: 129024 | EPS: 0.97 | Rew: -0.68 | FPS: 8889.3 | Var: per
Step: 130048 | EPS: 0.97 | Rew: -0.67 | FPS: 8591.3 | Var: per
Step: 131072 | EPS: 0.97 | Rew: -0.67 | FPS: 8162.9 | Var: per
Step: 132096 | EPS: 0.97 | Rew: -0.67 | FPS: 8654.7 | Var: per
Step: 133120 | EPS: 0.97 | Rew: -0.68 | FPS: 9163.5 | Var: per
Step: 134144 | EPS: 0.97 | Rew: -0.70 | FPS: 8756.9 | Var: per
Step: 135168 | EPS: 0.97 | Rew: -0.69 | FPS: 8176.4 | Var: per
Step: 136192 | EPS: 0.97 | Rew: -0.71 | FPS: 8008.7 | Var: per
Step: 137216 | EPS: 0.97 | Rew: -0.71 | FPS: 8108.6 | Var: per
Step: 138240 | EPS: 0.97 | Rew: -0.71 | FPS: 8027.9 | Var: per
Step: 139264 | EPS: 0.97 | Rew: -0.71 | FPS: 8381.8 | Var: per
Step: 140288 | EPS: 0.97 | Rew: -0.72 | FPS: 8771.7 | Var: per
Step: 141312 | EPS: 0.97 | Rew: -0.69 | FPS: 8294.1 | Var: per
Step: 142336 | EPS: 0.97 | Rew: -0.68 | FPS: 8474.5 | Var: per
Step: 143360 | EPS: 0.96 | Rew: -0.66 | FPS: 8426.2 | Var: per
Step: 144384 | EPS: 0.96 | Rew: -0.67 | FPS: 8100.6 | Var: per
Step: 145408 | EPS: 0.96 | Rew: -0.69 | FPS: 8301.3 | Var: per
Step: 146432 | EPS: 0.96 | Rew: -0.70 | FPS: 8596.5 | Var: per
Step: 147456 | EPS: 0.96 | Rew: -0.70 | FPS: 8296.2 | Var: per
Step: 148480 | EPS: 0.96 | Rew: -0.70 | FPS: 8658.5 | Var: per
Step: 149504 | EPS: 0.96 | Rew: -0.69 | FPS: 8362.2 | Var: per
Step: 150528 | EPS: 0.96 | Rew: -0.68 | FPS: 9432.2 | Var: per
Step: 151552 | EPS: 0.96 | Rew: -0.68 | FPS: 8284.7 | Var: per
Step: 152576 | EPS: 0.96 | Rew: -0.69 | FPS: 8352.1 | Var: per
Step: 153600 | EPS: 0.96 | Rew: -0.71 | FPS: 8733.6 | Var: per
Step: 154624 | EPS: 0.96 | Rew: -0.72 | FPS: 8843.3 | Var: per
Step: 155648 | EPS: 0.96 | Rew: -0.70 | FPS: 8991.4 | Var: per
Step: 156672 | EPS: 0.96 | Rew: -0.69 | FPS: 8557.6 | Var: per
Step: 157696 | EPS: 0.96 | Rew: -0.68 | FPS: 8913.6 | Var: per
Step: 158720 | EPS: 0.96 | Rew: -0.69 | FPS: 8476.1 | Var: per
Step: 159744 | EPS: 0.96 | Rew: -0.69 | FPS: 8385.7 | Var: per
Step: 160768 | EPS: 0.96 | Rew: -0.70 | FPS: 8122.3 | Var: per
Step: 161792 | EPS: 0.96 | Rew: -0.70 | FPS: 8081.8 | Var: per
Step: 162816 | EPS: 0.96 | Rew: -0.69 | FPS: 8567.1 | Var: per
Step: 163840 | EPS: 0.96 | Rew: -0.70 | FPS: 8577.0 | Var: per
Step: 164864 | EPS: 0.96 | Rew: -0.68 | FPS: 8681.2 | Var: per
Step: 165888 | EPS: 0.96 | Rew: -0.68 | FPS: 8568.2 | Var: per
Step: 166912 | EPS: 0.96 | Rew: -0.69 | FPS: 8014.9 | Var: per
Step: 167936 | EPS: 0.96 | Rew: -0.66 | FPS: 8463.3 | Var: per
Step: 168960 | EPS: 0.96 | Rew: -0.66 | FPS: 9309.5 | Var: per
Step: 169984 | EPS: 0.96 | Rew: -0.67 | FPS: 8878.7 | Var: per
Step: 171008 | EPS: 0.96 | Rew: -0.69 | FPS: 8148.0 | Var: per
Step: 172032 | EPS: 0.96 | Rew: -0.69 | FPS: 8049.9 | Var: per
Step: 173056 | EPS: 0.96 | Rew: -0.67 | FPS: 8417.4 | Var: per
Step: 174080 | EPS: 0.96 | Rew: -0.67 | FPS: 8613.7 | Var: per
Step: 175104 | EPS: 0.96 | Rew: -0.67 | FPS: 8556.9 | Var: per
Step: 176128 | EPS: 0.96 | Rew: -0.68 | FPS: 8426.3 | Var: per
Step: 177152 | EPS: 0.96 | Rew: -0.70 | FPS: 8516.5 | Var: per
Step: 178176 | EPS: 0.96 | Rew: -0.71 | FPS: 8684.5 | Var: per
Step: 179200 | EPS: 0.96 | Rew: -0.69 | FPS: 8088.7 | Var: per
Step: 180224 | EPS: 0.96 | Rew: -0.67 | FPS: 8237.7 | Var: per
Step: 181248 | EPS: 0.96 | Rew: -0.66 | FPS: 7958.4 | Var: per
Step: 182272 | EPS: 0.96 | Rew: -0.67 | FPS: 8179.2 | Var: per
Step: 183296 | EPS: 0.96 | Rew: -0.67 | FPS: 8508.3 | Var: per
Step: 184320 | EPS: 0.95 | Rew: -0.68 | FPS: 8487.9 | Var: per
Step: 185344 | EPS: 0.95 | Rew: -0.69 | FPS: 7975.5 | Var: per
Step: 186368 | EPS: 0.95 | Rew: -0.67 | FPS: 7861.0 | Var: per
Step: 187392 | EPS: 0.95 | Rew: -0.67 | FPS: 7875.3 | Var: per
Step: 188416 | EPS: 0.95 | Rew: -0.67 | FPS: 8230.3 | Var: per
Step: 189440 | EPS: 0.95 | Rew: -0.66 | FPS: 8076.2 | Var: per
Step: 190464 | EPS: 0.95 | Rew: -0.64 | FPS: 8026.2 | Var: per
Step: 191488 | EPS: 0.95 | Rew: -0.66 | FPS: 8173.8 | Var: per
Step: 192512 | EPS: 0.95 | Rew: -0.66 | FPS: 8054.1 | Var: per
Step: 193536 | EPS: 0.95 | Rew: -0.67 | FPS: 8216.9 | Var: per
Step: 194560 | EPS: 0.95 | Rew: -0.68 | FPS: 8002.6 | Var: per
Step: 195584 | EPS: 0.95 | Rew: -0.69 | FPS: 8463.3 | Var: per
Step: 196608 | EPS: 0.95 | Rew: -0.68 | FPS: 8540.3 | Var: per
Step: 197632 | EPS: 0.95 | Rew: -0.67 | FPS: 8495.0 | Var: per
Step: 198656 | EPS: 0.95 | Rew: -0.68 | FPS: 8576.4 | Var: per
Step: 199680 | EPS: 0.95 | Rew: -0.69 | FPS: 8472.3 | Var: per
Step: 200704 | EPS: 0.95 | Rew: -0.70 | FPS: 6861.1 | Var: per
Step: 201728 | EPS: 0.95 | Rew: -0.69 | FPS: 8124.8 | Var: per
Step: 202752 | EPS: 0.95 | Rew: -0.72 | FPS: 8516.9 | Var: per
Step: 203776 | EPS: 0.95 | Rew: -0.70 | FPS: 8715.9 | Var: per
Step: 204800 | EPS: 0.95 | Rew: -0.71 | FPS: 8310.4 | Var: per
Step: 205824 | EPS: 0.95 | Rew: -0.70 | FPS: 8304.9 | Var: per
Step: 206848 | EPS: 0.95 | Rew: -0.69 | FPS: 8683.5 | Var: per
Step: 207872 | EPS: 0.95 | Rew: -0.68 | FPS: 8533.4 | Var: per
Step: 208896 | EPS: 0.95 | Rew: -0.66 | FPS: 8316.5 | Var: per
Step: 209920 | EPS: 0.95 | Rew: -0.67 | FPS: 8460.3 | Var: per
Step: 210944 | EPS: 0.95 | Rew: -0.66 | FPS: 8092.9 | Var: per
Step: 211968 | EPS: 0.95 | Rew: -0.67 | FPS: 8348.7 | Var: per
Step: 212992 | EPS: 0.95 | Rew: -0.69 | FPS: 8435.2 | Var: per
Step: 214016 | EPS: 0.95 | Rew: -0.67 | FPS: 8448.8 | Var: per
Step: 215040 | EPS: 0.95 | Rew: -0.66 | FPS: 8121.8 | Var: per
Step: 216064 | EPS: 0.95 | Rew: -0.65 | FPS: 8272.6 | Var: per
Step: 217088 | EPS: 0.95 | Rew: -0.66 | FPS: 8575.5 | Var: per
Step: 218112 | EPS: 0.95 | Rew: -0.66 | FPS: 8604.2 | Var: per
Step: 219136 | EPS: 0.95 | Rew: -0.67 | FPS: 8118.6 | Var: per
Step: 220160 | EPS: 0.95 | Rew: -0.65 | FPS: 8093.8 | Var: per
Step: 221184 | EPS: 0.95 | Rew: -0.63 | FPS: 9380.3 | Var: per
Step: 222208 | EPS: 0.95 | Rew: -0.63 | FPS: 8326.4 | Var: per
Step: 223232 | EPS: 0.95 | Rew: -0.64 | FPS: 8495.4 | Var: per
Step: 224256 | EPS: 0.95 | Rew: -0.66 | FPS: 9000.4 | Var: per
Step: 225280 | EPS: 0.94 | Rew: -0.66 | FPS: 8723.2 | Var: per
Step: 226304 | EPS: 0.94 | Rew: -0.68 | FPS: 9024.6 | Var: per
Step: 227328 | EPS: 0.94 | Rew: -0.68 | FPS: 8613.2 | Var: per
Step: 228352 | EPS: 0.94 | Rew: -0.66 | FPS: 8572.5 | Var: per
Step: 229376 | EPS: 0.94 | Rew: -0.67 | FPS: 8363.6 | Var: per
Step: 230400 | EPS: 0.94 | Rew: -0.66 | FPS: 8640.5 | Var: per
Step: 231424 | EPS: 0.94 | Rew: -0.66 | FPS: 8514.1 | Var: per
Step: 232448 | EPS: 0.94 | Rew: -0.67 | FPS: 8977.7 | Var: per
Step: 233472 | EPS: 0.94 | Rew: -0.67 | FPS: 8478.7 | Var: per
Step: 234496 | EPS: 0.94 | Rew: -0.67 | FPS: 8210.5 | Var: per
Step: 235520 | EPS: 0.94 | Rew: -0.67 | FPS: 8210.0 | Var: per
Step: 236544 | EPS: 0.94 | Rew: -0.66 | FPS: 8631.2 | Var: per
Step: 237568 | EPS: 0.94 | Rew: -0.65 | FPS: 8341.1 | Var: per
Step: 238592 | EPS: 0.94 | Rew: -0.65 | FPS: 8999.1 | Var: per
Step: 239616 | EPS: 0.94 | Rew: -0.65 | FPS: 8832.9 | Var: per
Step: 240640 | EPS: 0.94 | Rew: -0.65 | FPS: 7695.8 | Var: per
Step: 241664 | EPS: 0.94 | Rew: -0.66 | FPS: 8783.9 | Var: per
Step: 242688 | EPS: 0.94 | Rew: -0.65 | FPS: 8749.6 | Var: per
Step: 243712 | EPS: 0.94 | Rew: -0.66 | FPS: 8960.0 | Var: per
Step: 244736 | EPS: 0.94 | Rew: -0.65 | FPS: 8216.7 | Var: per
Step: 245760 | EPS: 0.94 | Rew: -0.63 | FPS: 7465.6 | Var: per
Step: 246784 | EPS: 0.94 | Rew: -0.67 | FPS: 7172.6 | Var: per
Step: 247808 | EPS: 0.94 | Rew: -0.67 | FPS: 8482.0 | Var: per
Step: 248832 | EPS: 0.94 | Rew: -0.66 | FPS: 8489.1 | Var: per
Step: 249856 | EPS: 0.94 | Rew: -0.65 | FPS: 8568.4 | Var: per
Step: 250880 | EPS: 0.94 | Rew: -0.64 | FPS: 8769.9 | Var: per
Step: 251904 | EPS: 0.94 | Rew: -0.67 | FPS: 8439.3 | Var: per
Step: 252928 | EPS: 0.94 | Rew: -0.68 | FPS: 8959.9 | Var: per
Step: 253952 | EPS: 0.94 | Rew: -0.68 | FPS: 9051.3 | Var: per
Step: 254976 | EPS: 0.94 | Rew: -0.68 | FPS: 8260.0 | Var: per
Step: 256000 | EPS: 0.94 | Rew: -0.67 | FPS: 9218.9 | Var: per
Step: 257024 | EPS: 0.94 | Rew: -0.66 | FPS: 9061.8 | Var: per
Step: 258048 | EPS: 0.94 | Rew: -0.65 | FPS: 8709.4 | Var: per
Step: 259072 | EPS: 0.94 | Rew: -0.66 | FPS: 8095.5 | Var: per
Step: 260096 | EPS: 0.94 | Rew: -0.66 | FPS: 8570.0 | Var: per
Step: 261120 | EPS: 0.94 | Rew: -0.68 | FPS: 8383.4 | Var: per
Step: 262144 | EPS: 0.94 | Rew: -0.67 | FPS: 8461.5 | Var: per
Step: 263168 | EPS: 0.94 | Rew: -0.66 | FPS: 8612.8 | Var: per
Step: 264192 | EPS: 0.94 | Rew: -0.62 | FPS: 8401.7 | Var: per
Step: 265216 | EPS: 0.94 | Rew: -0.61 | FPS: 8373.8 | Var: per
Step: 266240 | EPS: 0.93 | Rew: -0.63 | FPS: 8906.2 | Var: per
Step: 267264 | EPS: 0.93 | Rew: -0.66 | FPS: 8093.3 | Var: per
Step: 268288 | EPS: 0.93 | Rew: -0.66 | FPS: 8167.2 | Var: per
Step: 269312 | EPS: 0.93 | Rew: -0.71 | FPS: 8137.5 | Var: per
Step: 270336 | EPS: 0.93 | Rew: -0.69 | FPS: 8366.4 | Var: per
Step: 271360 | EPS: 0.93 | Rew: -0.67 | FPS: 8177.4 | Var: per
Step: 272384 | EPS: 0.93 | Rew: -0.64 | FPS: 8126.2 | Var: per
Step: 273408 | EPS: 0.93 | Rew: -0.65 | FPS: 8378.1 | Var: per
Step: 274432 | EPS: 0.93 | Rew: -0.67 | FPS: 8944.5 | Var: per
Step: 275456 | EPS: 0.93 | Rew: -0.65 | FPS: 8496.2 | Var: per
Step: 276480 | EPS: 0.93 | Rew: -0.68 | FPS: 8117.2 | Var: per
Step: 277504 | EPS: 0.93 | Rew: -0.68 | FPS: 8143.7 | Var: per
Step: 278528 | EPS: 0.93 | Rew: -0.65 | FPS: 8186.0 | Var: per
Step: 279552 | EPS: 0.93 | Rew: -0.63 | FPS: 8186.1 | Var: per
Step: 280576 | EPS: 0.93 | Rew: -0.63 | FPS: 8146.6 | Var: per
Step: 281600 | EPS: 0.93 | Rew: -0.64 | FPS: 8181.6 | Var: per
Step: 282624 | EPS: 0.93 | Rew: -0.68 | FPS: 8407.8 | Var: per
Step: 283648 | EPS: 0.93 | Rew: -0.69 | FPS: 8072.2 | Var: per
Step: 284672 | EPS: 0.93 | Rew: -0.67 | FPS: 8006.7 | Var: per
Step: 285696 | EPS: 0.93 | Rew: -0.66 | FPS: 8031.9 | Var: per
Step: 286720 | EPS: 0.93 | Rew: -0.64 | FPS: 8405.3 | Var: per
Step: 287744 | EPS: 0.93 | Rew: -0.64 | FPS: 8161.9 | Var: per
Step: 288768 | EPS: 0.93 | Rew: -0.63 | FPS: 7232.5 | Var: per
Step: 289792 | EPS: 0.93 | Rew: -0.65 | FPS: 8290.3 | Var: per
Step: 290816 | EPS: 0.93 | Rew: -0.65 | FPS: 8215.2 | Var: per
Step: 291840 | EPS: 0.93 | Rew: -0.63 | FPS: 8193.1 | Var: per
Step: 292864 | EPS: 0.93 | Rew: -0.65 | FPS: 8346.0 | Var: per
Step: 293888 | EPS: 0.93 | Rew: -0.64 | FPS: 8121.3 | Var: per
Step: 294912 | EPS: 0.93 | Rew: -0.64 | FPS: 8438.2 | Var: per
Step: 295936 | EPS: 0.93 | Rew: -0.67 | FPS: 8355.8 | Var: per
Step: 296960 | EPS: 0.93 | Rew: -0.65 | FPS: 8424.5 | Var: per
Step: 297984 | EPS: 0.93 | Rew: -0.67 | FPS: 8452.2 | Var: per
Step: 299008 | EPS: 0.93 | Rew: -0.65 | FPS: 8461.6 | Var: per
Step: 300032 | EPS: 0.93 | Rew: -0.65 | FPS: 8608.5 | Var: per
Step: 301056 | EPS: 0.93 | Rew: -0.64 | FPS: 7266.4 | Var: per
Step: 302080 | EPS: 0.93 | Rew: -0.65 | FPS: 7938.8 | Var: per
Step: 303104 | EPS: 0.93 | Rew: -0.65 | FPS: 8444.6 | Var: per
Step: 304128 | EPS: 0.93 | Rew: -0.65 | FPS: 8581.1 | Var: per
Step: 305152 | EPS: 0.93 | Rew: -0.66 | FPS: 8739.4 | Var: per
Step: 306176 | EPS: 0.92 | Rew: -0.64 | FPS: 8511.6 | Var: per
Step: 307200 | EPS: 0.92 | Rew: -0.63 | FPS: 8507.3 | Var: per
Step: 308224 | EPS: 0.92 | Rew: -0.66 | FPS: 8545.4 | Var: per
Step: 309248 | EPS: 0.92 | Rew: -0.67 | FPS: 8814.8 | Var: per
Step: 310272 | EPS: 0.92 | Rew: -0.68 | FPS: 8623.0 | Var: per
Step: 311296 | EPS: 0.92 | Rew: -0.65 | FPS: 8731.7 | Var: per
Step: 312320 | EPS: 0.92 | Rew: -0.65 | FPS: 8743.3 | Var: per
Step: 313344 | EPS: 0.92 | Rew: -0.64 | FPS: 8517.1 | Var: per
Step: 314368 | EPS: 0.92 | Rew: -0.63 | FPS: 8504.8 | Var: per
Step: 315392 | EPS: 0.92 | Rew: -0.67 | FPS: 8845.7 | Var: per
Step: 316416 | EPS: 0.92 | Rew: -0.67 | FPS: 7973.9 | Var: per
Step: 317440 | EPS: 0.92 | Rew: -0.67 | FPS: 8497.9 | Var: per
Step: 318464 | EPS: 0.92 | Rew: -0.67 | FPS: 8603.6 | Var: per
Step: 319488 | EPS: 0.92 | Rew: -0.66 | FPS: 8964.4 | Var: per
Step: 320512 | EPS: 0.92 | Rew: -0.67 | FPS: 8204.9 | Var: per
Step: 321536 | EPS: 0.92 | Rew: -0.67 | FPS: 7187.2 | Var: per
Step: 322560 | EPS: 0.92 | Rew: -0.66 | FPS: 8759.8 | Var: per
Step: 323584 | EPS: 0.92 | Rew: -0.64 | FPS: 9358.0 | Var: per
Step: 324608 | EPS: 0.92 | Rew: -0.64 | FPS: 7060.8 | Var: per
Step: 325632 | EPS: 0.92 | Rew: -0.65 | FPS: 8099.1 | Var: per
Step: 326656 | EPS: 0.92 | Rew: -0.67 | FPS: 8358.5 | Var: per
Step: 327680 | EPS: 0.92 | Rew: -0.67 | FPS: 9056.7 | Var: per
Step: 328704 | EPS: 0.92 | Rew: -0.65 | FPS: 8507.8 | Var: per
Step: 329728 | EPS: 0.92 | Rew: -0.64 | FPS: 8668.2 | Var: per
Step: 330752 | EPS: 0.92 | Rew: -0.63 | FPS: 8635.2 | Var: per
Step: 331776 | EPS: 0.92 | Rew: -0.65 | FPS: 8546.9 | Var: per
Step: 332800 | EPS: 0.92 | Rew: -0.65 | FPS: 8111.3 | Var: per
Step: 333824 | EPS: 0.92 | Rew: -0.64 | FPS: 7975.4 | Var: per
Step: 334848 | EPS: 0.92 | Rew: -0.65 | FPS: 8639.8 | Var: per
Step: 335872 | EPS: 0.92 | Rew: -0.64 | FPS: 8684.1 | Var: per
Step: 336896 | EPS: 0.92 | Rew: -0.64 | FPS: 7930.1 | Var: per
Step: 337920 | EPS: 0.92 | Rew: -0.62 | FPS: 8002.2 | Var: per
Step: 338944 | EPS: 0.92 | Rew: -0.61 | FPS: 8688.2 | Var: per
Step: 339968 | EPS: 0.92 | Rew: -0.62 | FPS: 8425.3 | Var: per
Step: 340992 | EPS: 0.92 | Rew: -0.63 | FPS: 8551.9 | Var: per
Step: 342016 | EPS: 0.92 | Rew: -0.66 | FPS: 8076.4 | Var: per
Step: 343040 | EPS: 0.92 | Rew: -0.66 | FPS: 8573.6 | Var: per
Step: 344064 | EPS: 0.92 | Rew: -0.64 | FPS: 8832.9 | Var: per
Step: 345088 | EPS: 0.92 | Rew: -0.63 | FPS: 8703.7 | Var: per
Step: 346112 | EPS: 0.92 | Rew: -0.66 | FPS: 8240.5 | Var: per
Step: 347136 | EPS: 0.91 | Rew: -0.66 | FPS: 8530.7 | Var: per
Step: 348160 | EPS: 0.91 | Rew: -0.67 | FPS: 8670.2 | Var: per
Step: 349184 | EPS: 0.91 | Rew: -0.66 | FPS: 8618.8 | Var: per
Step: 350208 | EPS: 0.91 | Rew: -0.64 | FPS: 8476.6 | Var: per
Step: 351232 | EPS: 0.91 | Rew: -0.63 | FPS: 8547.6 | Var: per
Step: 352256 | EPS: 0.91 | Rew: -0.63 | FPS: 8185.0 | Var: per
Step: 353280 | EPS: 0.91 | Rew: -0.65 | FPS: 8282.2 | Var: per
Step: 354304 | EPS: 0.91 | Rew: -0.68 | FPS: 6830.2 | Var: per
Step: 355328 | EPS: 0.91 | Rew: -0.70 | FPS: 8829.7 | Var: per
Step: 356352 | EPS: 0.91 | Rew: -0.71 | FPS: 8054.2 | Var: per
Step: 357376 | EPS: 0.91 | Rew: -0.72 | FPS: 8704.8 | Var: per
Step: 358400 | EPS: 0.91 | Rew: -0.68 | FPS: 8619.9 | Var: per
Step: 359424 | EPS: 0.91 | Rew: -0.67 | FPS: 8581.6 | Var: per
Step: 360448 | EPS: 0.91 | Rew: -0.65 | FPS: 8791.8 | Var: per
Step: 361472 | EPS: 0.91 | Rew: -0.65 | FPS: 8910.5 | Var: per
Step: 362496 | EPS: 0.91 | Rew: -0.66 | FPS: 8296.3 | Var: per
Step: 363520 | EPS: 0.91 | Rew: -0.65 | FPS: 8181.2 | Var: per
Step: 364544 | EPS: 0.91 | Rew: -0.64 | FPS: 8555.0 | Var: per
Step: 365568 | EPS: 0.91 | Rew: -0.64 | FPS: 8558.4 | Var: per
Step: 366592 | EPS: 0.91 | Rew: -0.61 | FPS: 8464.0 | Var: per
Step: 367616 | EPS: 0.91 | Rew: -0.64 | FPS: 8733.4 | Var: per
Step: 368640 | EPS: 0.91 | Rew: -0.63 | FPS: 8729.6 | Var: per
Step: 369664 | EPS: 0.91 | Rew: -0.62 | FPS: 8499.6 | Var: per
Step: 370688 | EPS: 0.91 | Rew: -0.63 | FPS: 8197.1 | Var: per
Step: 371712 | EPS: 0.91 | Rew: -0.60 | FPS: 8459.9 | Var: per
Step: 372736 | EPS: 0.91 | Rew: -0.62 | FPS: 8000.6 | Var: per
Step: 373760 | EPS: 0.91 | Rew: -0.64 | FPS: 10179.5 | Var: per
Step: 374784 | EPS: 0.91 | Rew: -0.65 | FPS: 8268.7 | Var: per
Step: 375808 | EPS: 0.91 | Rew: -0.65 | FPS: 8408.0 | Var: per
Step: 376832 | EPS: 0.91 | Rew: -0.63 | FPS: 8306.8 | Var: per
Step: 377856 | EPS: 0.91 | Rew: -0.64 | FPS: 8013.1 | Var: per
Step: 378880 | EPS: 0.91 | Rew: -0.59 | FPS: 8250.4 | Var: per
Step: 379904 | EPS: 0.91 | Rew: -0.61 | FPS: 8213.6 | Var: per
Step: 380928 | EPS: 0.91 | Rew: -0.59 | FPS: 8222.2 | Var: per
Step: 381952 | EPS: 0.91 | Rew: -0.58 | FPS: 8067.2 | Var: per
Step: 382976 | EPS: 0.91 | Rew: -0.61 | FPS: 8144.2 | Var: per
Step: 384000 | EPS: 0.91 | Rew: -0.60 | FPS: 8228.7 | Var: per
Step: 385024 | EPS: 0.91 | Rew: -0.62 | FPS: 8266.7 | Var: per
Step: 386048 | EPS: 0.91 | Rew: -0.65 | FPS: 8291.1 | Var: per
Step: 387072 | EPS: 0.91 | Rew: -0.64 | FPS: 8212.9 | Var: per
Step: 388096 | EPS: 0.90 | Rew: -0.65 | FPS: 8137.0 | Var: per
Step: 389120 | EPS: 0.90 | Rew: -0.65 | FPS: 7947.6 | Var: per
Step: 390144 | EPS: 0.90 | Rew: -0.65 | FPS: 8460.1 | Var: per
Step: 391168 | EPS: 0.90 | Rew: -0.64 | FPS: 8358.3 | Var: per
Step: 392192 | EPS: 0.90 | Rew: -0.63 | FPS: 8015.6 | Var: per
Step: 393216 | EPS: 0.90 | Rew: -0.65 | FPS: 7926.0 | Var: per
Step: 394240 | EPS: 0.90 | Rew: -0.66 | FPS: 8674.5 | Var: per
Step: 395264 | EPS: 0.90 | Rew: -0.64 | FPS: 9050.2 | Var: per
Step: 396288 | EPS: 0.90 | Rew: -0.64 | FPS: 8575.1 | Var: per
Step: 397312 | EPS: 0.90 | Rew: -0.63 | FPS: 8150.9 | Var: per
Step: 398336 | EPS: 0.90 | Rew: -0.61 | FPS: 8372.3 | Var: per
Step: 399360 | EPS: 0.90 | Rew: -0.64 | FPS: 8159.7 | Var: per
Step: 400384 | EPS: 0.90 | Rew: -0.65 | FPS: 8873.5 | Var: per
Step: 401408 | EPS: 0.90 | Rew: -0.66 | FPS: 8676.2 | Var: per
Step: 402432 | EPS: 0.90 | Rew: -0.65 | FPS: 8769.9 | Var: per
Step: 403456 | EPS: 0.90 | Rew: -0.64 | FPS: 8306.1 | Var: per
Step: 404480 | EPS: 0.90 | Rew: -0.66 | FPS: 8189.0 | Var: per
Step: 405504 | EPS: 0.90 | Rew: -0.67 | FPS: 8624.6 | Var: per
Step: 406528 | EPS: 0.90 | Rew: -0.67 | FPS: 8588.3 | Var: per
Step: 407552 | EPS: 0.90 | Rew: -0.65 | FPS: 8452.8 | Var: per
Step: 408576 | EPS: 0.90 | Rew: -0.63 | FPS: 8213.6 | Var: per
Step: 409600 | EPS: 0.90 | Rew: -0.63 | FPS: 8180.5 | Var: per
Step: 410624 | EPS: 0.90 | Rew: -0.60 | FPS: 8249.2 | Var: per
Step: 411648 | EPS: 0.90 | Rew: -0.58 | FPS: 8420.3 | Var: per
Step: 412672 | EPS: 0.90 | Rew: -0.59 | FPS: 8561.2 | Var: per
Step: 413696 | EPS: 0.90 | Rew: -0.60 | FPS: 8481.2 | Var: per
Step: 414720 | EPS: 0.90 | Rew: -0.62 | FPS: 8535.7 | Var: per
Step: 415744 | EPS: 0.90 | Rew: -0.61 | FPS: 8261.7 | Var: per
Step: 416768 | EPS: 0.90 | Rew: -0.61 | FPS: 8281.6 | Var: per
Step: 417792 | EPS: 0.90 | Rew: -0.60 | FPS: 7949.0 | Var: per
Step: 418816 | EPS: 0.90 | Rew: -0.61 | FPS: 8623.3 | Var: per
Step: 419840 | EPS: 0.90 | Rew: -0.64 | FPS: 8771.6 | Var: per
Step: 420864 | EPS: 0.90 | Rew: -0.64 | FPS: 8487.3 | Var: per
Step: 421888 | EPS: 0.90 | Rew: -0.63 | FPS: 8106.0 | Var: per
Step: 422912 | EPS: 0.90 | Rew: -0.63 | FPS: 8554.6 | Var: per
Step: 423936 | EPS: 0.90 | Rew: -0.61 | FPS: 8929.1 | Var: per
Step: 424960 | EPS: 0.90 | Rew: -0.60 | FPS: 8705.2 | Var: per
Step: 425984 | EPS: 0.90 | Rew: -0.61 | FPS: 8583.5 | Var: per
Step: 427008 | EPS: 0.90 | Rew: -0.63 | FPS: 8569.0 | Var: per
Step: 428032 | EPS: 0.90 | Rew: -0.64 | FPS: 8286.2 | Var: per
Step: 429056 | EPS: 0.89 | Rew: -0.65 | FPS: 8106.3 | Var: per
Step: 430080 | EPS: 0.89 | Rew: -0.64 | FPS: 8909.2 | Var: per
Step: 431104 | EPS: 0.89 | Rew: -0.63 | FPS: 8908.7 | Var: per
Step: 432128 | EPS: 0.89 | Rew: -0.64 | FPS: 8054.5 | Var: per
Step: 433152 | EPS: 0.89 | Rew: -0.62 | FPS: 8349.1 | Var: per
Step: 434176 | EPS: 0.89 | Rew: -0.60 | FPS: 8655.1 | Var: per
Step: 435200 | EPS: 0.89 | Rew: -0.61 | FPS: 7981.6 | Var: per
Step: 436224 | EPS: 0.89 | Rew: -0.59 | FPS: 8261.6 | Var: per
Step: 437248 | EPS: 0.89 | Rew: -0.62 | FPS: 8539.4 | Var: per
Step: 438272 | EPS: 0.89 | Rew: -0.65 | FPS: 7798.0 | Var: per
Step: 439296 | EPS: 0.89 | Rew: -0.63 | FPS: 8686.0 | Var: per
Step: 440320 | EPS: 0.89 | Rew: -0.63 | FPS: 8687.4 | Var: per
Step: 441344 | EPS: 0.89 | Rew: -0.59 | FPS: 8657.1 | Var: per
Step: 442368 | EPS: 0.89 | Rew: -0.57 | FPS: 8558.4 | Var: per
Step: 443392 | EPS: 0.89 | Rew: -0.58 | FPS: 8583.2 | Var: per
Step: 444416 | EPS: 0.89 | Rew: -0.59 | FPS: 8475.5 | Var: per
Step: 445440 | EPS: 0.89 | Rew: -0.59 | FPS: 8783.0 | Var: per
Step: 446464 | EPS: 0.89 | Rew: -0.61 | FPS: 8609.7 | Var: per
Step: 447488 | EPS: 0.89 | Rew: -0.61 | FPS: 8706.0 | Var: per
Step: 448512 | EPS: 0.89 | Rew: -0.60 | FPS: 9369.9 | Var: per
Step: 449536 | EPS: 0.89 | Rew: -0.60 | FPS: 8480.9 | Var: per
Step: 450560 | EPS: 0.89 | Rew: -0.59 | FPS: 8271.3 | Var: per
Step: 451584 | EPS: 0.89 | Rew: -0.59 | FPS: 8157.1 | Var: per
Step: 452608 | EPS: 0.89 | Rew: -0.61 | FPS: 8234.6 | Var: per
Step: 453632 | EPS: 0.89 | Rew: -0.60 | FPS: 8708.5 | Var: per
Step: 454656 | EPS: 0.89 | Rew: -0.62 | FPS: 8549.1 | Var: per
Step: 455680 | EPS: 0.89 | Rew: -0.62 | FPS: 8637.5 | Var: per
Step: 456704 | EPS: 0.89 | Rew: -0.60 | FPS: 8314.7 | Var: per
Step: 457728 | EPS: 0.89 | Rew: -0.62 | FPS: 8541.0 | Var: per
Step: 458752 | EPS: 0.89 | Rew: -0.58 | FPS: 8691.6 | Var: per
Step: 459776 | EPS: 0.89 | Rew: -0.60 | FPS: 8415.3 | Var: per
Step: 460800 | EPS: 0.89 | Rew: -0.58 | FPS: 8499.5 | Var: per
Step: 461824 | EPS: 0.89 | Rew: -0.56 | FPS: 8483.4 | Var: per
Step: 462848 | EPS: 0.89 | Rew: -0.57 | FPS: 8380.2 | Var: per
Step: 463872 | EPS: 0.89 | Rew: -0.57 | FPS: 8312.8 | Var: per
Step: 464896 | EPS: 0.89 | Rew: -0.58 | FPS: 8637.0 | Var: per
Step: 465920 | EPS: 0.89 | Rew: -0.60 | FPS: 8416.1 | Var: per
Step: 466944 | EPS: 0.89 | Rew: -0.64 | FPS: 8102.4 | Var: per
Step: 467968 | EPS: 0.89 | Rew: -0.63 | FPS: 8466.5 | Var: per
Step: 468992 | EPS: 0.89 | Rew: -0.65 | FPS: 8051.2 | Var: per
Step: 470016 | EPS: 0.88 | Rew: -0.64 | FPS: 8398.2 | Var: per
Step: 471040 | EPS: 0.88 | Rew: -0.62 | FPS: 8676.2 | Var: per
Step: 472064 | EPS: 0.88 | Rew: -0.61 | FPS: 8306.9 | Var: per
Step: 473088 | EPS: 0.88 | Rew: -0.62 | FPS: 8650.5 | Var: per
Step: 474112 | EPS: 0.88 | Rew: -0.64 | FPS: 8224.0 | Var: per
Step: 475136 | EPS: 0.88 | Rew: -0.63 | FPS: 8559.2 | Var: per
Step: 476160 | EPS: 0.88 | Rew: -0.62 | FPS: 8458.3 | Var: per
Step: 477184 | EPS: 0.88 | Rew: -0.57 | FPS: 7939.4 | Var: per
Step: 478208 | EPS: 0.88 | Rew: -0.55 | FPS: 8000.2 | Var: per
Step: 479232 | EPS: 0.88 | Rew: -0.59 | FPS: 8532.2 | Var: per
Step: 480256 | EPS: 0.88 | Rew: -0.62 | FPS: 8543.8 | Var: per
Step: 481280 | EPS: 0.88 | Rew: -0.61 | FPS: 7335.9 | Var: per
Step: 482304 | EPS: 0.88 | Rew: -0.58 | FPS: 8345.7 | Var: per
Step: 483328 | EPS: 0.88 | Rew: -0.57 | FPS: 8978.7 | Var: per
Step: 484352 | EPS: 0.88 | Rew: -0.57 | FPS: 7055.7 | Var: per
Step: 485376 | EPS: 0.88 | Rew: -0.56 | FPS: 8382.0 | Var: per
Step: 486400 | EPS: 0.88 | Rew: -0.59 | FPS: 8205.5 | Var: per
Step: 487424 | EPS: 0.88 | Rew: -0.62 | FPS: 8184.4 | Var: per
Step: 488448 | EPS: 0.88 | Rew: -0.60 | FPS: 8170.4 | Var: per
Step: 489472 | EPS: 0.88 | Rew: -0.63 | FPS: 8176.1 | Var: per
Step: 490496 | EPS: 0.88 | Rew: -0.63 | FPS: 8112.5 | Var: per
Step: 491520 | EPS: 0.88 | Rew: -0.64 | FPS: 8250.1 | Var: per
Step: 492544 | EPS: 0.88 | Rew: -0.66 | FPS: 7948.4 | Var: per
Step: 493568 | EPS: 0.88 | Rew: -0.65 | FPS: 8683.6 | Var: per
Step: 494592 | EPS: 0.88 | Rew: -0.65 | FPS: 8006.0 | Var: per
Step: 495616 | EPS: 0.88 | Rew: -0.65 | FPS: 8160.5 | Var: per
Step: 496640 | EPS: 0.88 | Rew: -0.64 | FPS: 8070.7 | Var: per
Step: 497664 | EPS: 0.88 | Rew: -0.61 | FPS: 8035.2 | Var: per
Step: 498688 | EPS: 0.88 | Rew: -0.61 | FPS: 6820.9 | Var: per
Step: 499712 | EPS: 0.88 | Rew: -0.60 | FPS: 8920.7 | Var: per
Step: 500736 | EPS: 0.88 | Rew: -0.62 | FPS: 8873.4 | Var: per
Step: 501760 | EPS: 0.88 | Rew: -0.63 | FPS: 8086.4 | Var: per
Step: 502784 | EPS: 0.88 | Rew: -0.59 | FPS: 8619.8 | Var: per
Step: 503808 | EPS: 0.88 | Rew: -0.62 | FPS: 8132.2 | Var: per
Step: 504832 | EPS: 0.88 | Rew: -0.62 | FPS: 8689.3 | Var: per
Step: 505856 | EPS: 0.88 | Rew: -0.63 | FPS: 8283.7 | Var: per
Step: 506880 | EPS: 0.88 | Rew: -0.64 | FPS: 8458.1 | Var: per
Step: 507904 | EPS: 0.88 | Rew: -0.62 | FPS: 8214.3 | Var: per
Step: 508928 | EPS: 0.88 | Rew: -0.59 | FPS: 8897.9 | Var: per
Step: 509952 | EPS: 0.88 | Rew: -0.60 | FPS: 8480.4 | Var: per
Step: 510976 | EPS: 0.87 | Rew: -0.61 | FPS: 8495.5 | Var: per
Step: 512000 | EPS: 0.87 | Rew: -0.60 | FPS: 8591.9 | Var: per
Step: 513024 | EPS: 0.87 | Rew: -0.59 | FPS: 8254.5 | Var: per
Step: 514048 | EPS: 0.87 | Rew: -0.59 | FPS: 8530.9 | Var: per
Step: 515072 | EPS: 0.87 | Rew: -0.57 | FPS: 8650.2 | Var: per
Step: 516096 | EPS: 0.87 | Rew: -0.57 | FPS: 9563.5 | Var: per
Step: 517120 | EPS: 0.87 | Rew: -0.58 | FPS: 10257.7 | Var: per
Step: 518144 | EPS: 0.87 | Rew: -0.58 | FPS: 10245.0 | Var: per
Step: 519168 | EPS: 0.87 | Rew: -0.59 | FPS: 9707.0 | Var: per
Step: 520192 | EPS: 0.87 | Rew: -0.56 | FPS: 9849.0 | Var: per
Step: 521216 | EPS: 0.87 | Rew: -0.53 | FPS: 10109.9 | Var: per
Step: 522240 | EPS: 0.87 | Rew: -0.54 | FPS: 9615.2 | Var: per
Step: 523264 | EPS: 0.87 | Rew: -0.52 | FPS: 8691.3 | Var: per
Step: 524288 | EPS: 0.87 | Rew: -0.55 | FPS: 8028.2 | Var: per
Step: 525312 | EPS: 0.87 | Rew: -0.58 | FPS: 8200.4 | Var: per
Step: 526336 | EPS: 0.87 | Rew: -0.60 | FPS: 8521.4 | Var: per
Step: 527360 | EPS: 0.87 | Rew: -0.63 | FPS: 8432.0 | Var: per
Step: 528384 | EPS: 0.87 | Rew: -0.63 | FPS: 8264.1 | Var: per
Step: 529408 | EPS: 0.87 | Rew: -0.61 | FPS: 8496.6 | Var: per
Step: 530432 | EPS: 0.87 | Rew: -0.58 | FPS: 8318.1 | Var: per
Step: 531456 | EPS: 0.87 | Rew: -0.58 | FPS: 8509.3 | Var: per
Step: 532480 | EPS: 0.87 | Rew: -0.60 | FPS: 8405.7 | Var: per
Step: 533504 | EPS: 0.87 | Rew: -0.63 | FPS: 8043.0 | Var: per
Step: 534528 | EPS: 0.87 | Rew: -0.58 | FPS: 8221.1 | Var: per
Step: 535552 | EPS: 0.87 | Rew: -0.54 | FPS: 8643.7 | Var: per
Step: 536576 | EPS: 0.87 | Rew: -0.52 | FPS: 9047.8 | Var: per
Step: 537600 | EPS: 0.87 | Rew: -0.50 | FPS: 7689.4 | Var: per
Step: 538624 | EPS: 0.87 | Rew: -0.54 | FPS: 8805.5 | Var: per
Step: 539648 | EPS: 0.87 | Rew: -0.57 | FPS: 9507.3 | Var: per
Step: 540672 | EPS: 0.87 | Rew: -0.58 | FPS: 10126.5 | Var: per
Step: 541696 | EPS: 0.87 | Rew: -0.61 | FPS: 9956.9 | Var: per
Step: 542720 | EPS: 0.87 | Rew: -0.57 | FPS: 10060.1 | Var: per
Step: 543744 | EPS: 0.87 | Rew: -0.57 | FPS: 10082.6 | Var: per
Step: 544768 | EPS: 0.87 | Rew: -0.56 | FPS: 9953.9 | Var: per
Step: 545792 | EPS: 0.87 | Rew: -0.57 | FPS: 10048.0 | Var: per
Step: 546816 | EPS: 0.87 | Rew: -0.61 | FPS: 9973.4 | Var: per
Step: 547840 | EPS: 0.87 | Rew: -0.61 | FPS: 10066.9 | Var: per
Step: 548864 | EPS: 0.87 | Rew: -0.59 | FPS: 9425.3 | Var: per
Step: 549888 | EPS: 0.87 | Rew: -0.59 | FPS: 9756.9 | Var: per
Step: 550912 | EPS: 0.87 | Rew: -0.58 | FPS: 10126.1 | Var: per
Step: 551936 | EPS: 0.86 | Rew: -0.57 | FPS: 8200.3 | Var: per
Step: 552960 | EPS: 0.86 | Rew: -0.59 | FPS: 8147.9 | Var: per
Step: 553984 | EPS: 0.86 | Rew: -0.59 | FPS: 8091.9 | Var: per
Step: 555008 | EPS: 0.86 | Rew: -0.58 | FPS: 8043.4 | Var: per
Step: 556032 | EPS: 0.86 | Rew: -0.56 | FPS: 8060.5 | Var: per
Step: 557056 | EPS: 0.86 | Rew: -0.57 | FPS: 7984.4 | Var: per
Step: 558080 | EPS: 0.86 | Rew: -0.55 | FPS: 8205.0 | Var: per
Step: 559104 | EPS: 0.86 | Rew: -0.58 | FPS: 8115.4 | Var: per
Step: 560128 | EPS: 0.86 | Rew: -0.58 | FPS: 7802.7 | Var: per
Step: 561152 | EPS: 0.86 | Rew: -0.58 | FPS: 6968.5 | Var: per
Step: 562176 | EPS: 0.86 | Rew: -0.60 | FPS: 8140.5 | Var: per
Step: 563200 | EPS: 0.86 | Rew: -0.59 | FPS: 8594.3 | Var: per
Step: 564224 | EPS: 0.86 | Rew: -0.61 | FPS: 8374.8 | Var: per
Step: 565248 | EPS: 0.86 | Rew: -0.63 | FPS: 8259.2 | Var: per
Step: 566272 | EPS: 0.86 | Rew: -0.59 | FPS: 8292.3 | Var: per
Step: 567296 | EPS: 0.86 | Rew: -0.60 | FPS: 8190.8 | Var: per
Step: 568320 | EPS: 0.86 | Rew: -0.58 | FPS: 8208.0 | Var: per
Step: 569344 | EPS: 0.86 | Rew: -0.62 | FPS: 8168.9 | Var: per
Step: 570368 | EPS: 0.86 | Rew: -0.63 | FPS: 8252.0 | Var: per
Step: 571392 | EPS: 0.86 | Rew: -0.61 | FPS: 8506.6 | Var: per
Step: 572416 | EPS: 0.86 | Rew: -0.61 | FPS: 9178.2 | Var: per
Step: 573440 | EPS: 0.86 | Rew: -0.56 | FPS: 8725.6 | Var: per
Step: 574464 | EPS: 0.86 | Rew: -0.54 | FPS: 9301.7 | Var: per
Step: 575488 | EPS: 0.86 | Rew: -0.53 | FPS: 9950.2 | Var: per
Step: 576512 | EPS: 0.86 | Rew: -0.54 | FPS: 10189.3 | Var: per
Step: 577536 | EPS: 0.86 | Rew: -0.55 | FPS: 10322.9 | Var: per
Step: 578560 | EPS: 0.86 | Rew: -0.58 | FPS: 8904.1 | Var: per
Step: 579584 | EPS: 0.86 | Rew: -0.58 | FPS: 8248.7 | Var: per
Step: 580608 | EPS: 0.86 | Rew: -0.59 | FPS: 8159.1 | Var: per
Step: 581632 | EPS: 0.86 | Rew: -0.61 | FPS: 7132.8 | Var: per
Step: 582656 | EPS: 0.86 | Rew: -0.62 | FPS: 8033.8 | Var: per
Step: 583680 | EPS: 0.86 | Rew: -0.62 | FPS: 8037.3 | Var: per
Step: 584704 | EPS: 0.86 | Rew: -0.60 | FPS: 7815.2 | Var: per
Step: 585728 | EPS: 0.86 | Rew: -0.56 | FPS: 8666.6 | Var: per
Step: 586752 | EPS: 0.86 | Rew: -0.54 | FPS: 7976.8 | Var: per
Step: 587776 | EPS: 0.86 | Rew: -0.52 | FPS: 7912.7 | Var: per
Step: 588800 | EPS: 0.86 | Rew: -0.55 | FPS: 8044.0 | Var: per
Step: 589824 | EPS: 0.86 | Rew: -0.57 | FPS: 8562.2 | Var: per
Step: 590848 | EPS: 0.86 | Rew: -0.60 | FPS: 7076.4 | Var: per
Step: 591872 | EPS: 0.85 | Rew: -0.61 | FPS: 8011.4 | Var: per
Step: 592896 | EPS: 0.85 | Rew: -0.60 | FPS: 8367.5 | Var: per
Step: 593920 | EPS: 0.85 | Rew: -0.59 | FPS: 8594.0 | Var: per
Step: 594944 | EPS: 0.85 | Rew: -0.57 | FPS: 8565.2 | Var: per
Step: 595968 | EPS: 0.85 | Rew: -0.59 | FPS: 8134.0 | Var: per
Step: 596992 | EPS: 0.85 | Rew: -0.59 | FPS: 8108.3 | Var: per
Step: 598016 | EPS: 0.85 | Rew: -0.60 | FPS: 8368.7 | Var: per
Step: 599040 | EPS: 0.85 | Rew: -0.62 | FPS: 8562.5 | Var: per
Step: 600064 | EPS: 0.85 | Rew: -0.61 | FPS: 8397.4 | Var: per
Step: 601088 | EPS: 0.85 | Rew: -0.58 | FPS: 7203.0 | Var: per
Step: 602112 | EPS: 0.85 | Rew: -0.59 | FPS: 8540.2 | Var: per
Step: 603136 | EPS: 0.85 | Rew: -0.59 | FPS: 8038.6 | Var: per
Step: 604160 | EPS: 0.85 | Rew: -0.60 | FPS: 8281.3 | Var: per
Step: 605184 | EPS: 0.85 | Rew: -0.59 | FPS: 8097.5 | Var: per
Step: 606208 | EPS: 0.85 | Rew: -0.57 | FPS: 8362.9 | Var: per
Step: 607232 | EPS: 0.85 | Rew: -0.55 | FPS: 9365.7 | Var: per
Step: 608256 | EPS: 0.85 | Rew: -0.54 | FPS: 8364.3 | Var: per
Step: 609280 | EPS: 0.85 | Rew: -0.57 | FPS: 8426.5 | Var: per
Step: 610304 | EPS: 0.85 | Rew: -0.57 | FPS: 8435.8 | Var: per
Step: 611328 | EPS: 0.85 | Rew: -0.60 | FPS: 7850.7 | Var: per
Step: 612352 | EPS: 0.85 | Rew: -0.60 | FPS: 8551.7 | Var: per
Step: 613376 | EPS: 0.85 | Rew: -0.60 | FPS: 8551.4 | Var: per
Step: 614400 | EPS: 0.85 | Rew: -0.62 | FPS: 8470.6 | Var: per
Step: 615424 | EPS: 0.85 | Rew: -0.57 | FPS: 8626.7 | Var: per
Step: 616448 | EPS: 0.85 | Rew: -0.57 | FPS: 8640.1 | Var: per
Step: 617472 | EPS: 0.85 | Rew: -0.58 | FPS: 8584.8 | Var: per
Step: 618496 | EPS: 0.85 | Rew: -0.55 | FPS: 8248.9 | Var: per
Step: 619520 | EPS: 0.85 | Rew: -0.56 | FPS: 8128.2 | Var: per
Step: 620544 | EPS: 0.85 | Rew: -0.58 | FPS: 8711.3 | Var: per
Step: 621568 | EPS: 0.85 | Rew: -0.55 | FPS: 6874.3 | Var: per
Step: 622592 | EPS: 0.85 | Rew: -0.55 | FPS: 8483.9 | Var: per
Step: 623616 | EPS: 0.85 | Rew: -0.52 | FPS: 8573.8 | Var: per
Step: 624640 | EPS: 0.85 | Rew: -0.50 | FPS: 9452.3 | Var: per
Step: 625664 | EPS: 0.85 | Rew: -0.50 | FPS: 8476.5 | Var: per
Step: 626688 | EPS: 0.85 | Rew: -0.51 | FPS: 8308.6 | Var: per
Step: 627712 | EPS: 0.85 | Rew: -0.55 | FPS: 6584.5 | Var: per
Step: 628736 | EPS: 0.85 | Rew: -0.57 | FPS: 6327.0 | Var: per
Step: 629760 | EPS: 0.85 | Rew: -0.60 | FPS: 8163.2 | Var: per
Step: 630784 | EPS: 0.85 | Rew: -0.60 | FPS: 8071.1 | Var: per
Step: 631808 | EPS: 0.85 | Rew: -0.58 | FPS: 8087.5 | Var: per
Step: 632832 | EPS: 0.84 | Rew: -0.55 | FPS: 8366.5 | Var: per
Step: 633856 | EPS: 0.84 | Rew: -0.54 | FPS: 8208.2 | Var: per
Step: 634880 | EPS: 0.84 | Rew: -0.52 | FPS: 8544.7 | Var: per
Step: 635904 | EPS: 0.84 | Rew: -0.51 | FPS: 9156.3 | Var: per
Step: 636928 | EPS: 0.84 | Rew: -0.52 | FPS: 8598.9 | Var: per
Step: 637952 | EPS: 0.84 | Rew: -0.50 | FPS: 7951.2 | Var: per
Step: 638976 | EPS: 0.84 | Rew: -0.47 | FPS: 8430.5 | Var: per
Step: 640000 | EPS: 0.84 | Rew: -0.49 | FPS: 8718.0 | Var: per
Step: 641024 | EPS: 0.84 | Rew: -0.53 | FPS: 8488.3 | Var: per
Step: 642048 | EPS: 0.84 | Rew: -0.54 | FPS: 8578.1 | Var: per
Step: 643072 | EPS: 0.84 | Rew: -0.56 | FPS: 8447.4 | Var: per
Step: 644096 | EPS: 0.84 | Rew: -0.58 | FPS: 8630.3 | Var: per
Step: 645120 | EPS: 0.84 | Rew: -0.57 | FPS: 8553.1 | Var: per
Step: 646144 | EPS: 0.84 | Rew: -0.54 | FPS: 8203.2 | Var: per
Step: 647168 | EPS: 0.84 | Rew: -0.52 | FPS: 8546.8 | Var: per
Step: 648192 | EPS: 0.84 | Rew: -0.50 | FPS: 8453.2 | Var: per
Step: 649216 | EPS: 0.84 | Rew: -0.52 | FPS: 8367.0 | Var: per
Step: 650240 | EPS: 0.84 | Rew: -0.54 | FPS: 8420.2 | Var: per
Step: 651264 | EPS: 0.84 | Rew: -0.56 | FPS: 8735.5 | Var: per
Step: 652288 | EPS: 0.84 | Rew: -0.56 | FPS: 8092.5 | Var: per
Step: 653312 | EPS: 0.84 | Rew: -0.54 | FPS: 8165.5 | Var: per
Step: 654336 | EPS: 0.84 | Rew: -0.55 | FPS: 8294.8 | Var: per
Step: 655360 | EPS: 0.84 | Rew: -0.52 | FPS: 8461.9 | Var: per
Step: 656384 | EPS: 0.84 | Rew: -0.52 | FPS: 8267.7 | Var: per
Step: 657408 | EPS: 0.84 | Rew: -0.53 | FPS: 8424.0 | Var: per
Step: 658432 | EPS: 0.84 | Rew: -0.49 | FPS: 8316.0 | Var: per
Step: 659456 | EPS: 0.84 | Rew: -0.51 | FPS: 8296.5 | Var: per
Step: 660480 | EPS: 0.84 | Rew: -0.54 | FPS: 8413.2 | Var: per
Step: 661504 | EPS: 0.84 | Rew: -0.52 | FPS: 8907.3 | Var: per
Step: 662528 | EPS: 0.84 | Rew: -0.54 | FPS: 8805.3 | Var: per
Step: 663552 | EPS: 0.84 | Rew: -0.51 | FPS: 8597.5 | Var: per
Step: 664576 | EPS: 0.84 | Rew: -0.51 | FPS: 8130.8 | Var: per
Step: 665600 | EPS: 0.84 | Rew: -0.52 | FPS: 8085.2 | Var: per
Step: 666624 | EPS: 0.84 | Rew: -0.53 | FPS: 8075.1 | Var: per
Step: 667648 | EPS: 0.84 | Rew: -0.53 | FPS: 8100.7 | Var: per
Step: 668672 | EPS: 0.84 | Rew: -0.57 | FPS: 8038.1 | Var: per
Step: 669696 | EPS: 0.84 | Rew: -0.55 | FPS: 6934.4 | Var: per
Step: 670720 | EPS: 0.84 | Rew: -0.54 | FPS: 7856.8 | Var: per
Step: 671744 | EPS: 0.84 | Rew: -0.57 | FPS: 8404.9 | Var: per
Step: 672768 | EPS: 0.84 | Rew: -0.55 | FPS: 8631.1 | Var: per
Step: 673792 | EPS: 0.83 | Rew: -0.54 | FPS: 8300.4 | Var: per
Step: 674816 | EPS: 0.83 | Rew: -0.53 | FPS: 9645.2 | Var: per
Step: 675840 | EPS: 0.83 | Rew: -0.51 | FPS: 8235.6 | Var: per
Step: 676864 | EPS: 0.83 | Rew: -0.52 | FPS: 8384.9 | Var: per
Step: 677888 | EPS: 0.83 | Rew: -0.59 | FPS: 8634.4 | Var: per
Step: 678912 | EPS: 0.83 | Rew: -0.57 | FPS: 9070.4 | Var: per
Step: 679936 | EPS: 0.83 | Rew: -0.57 | FPS: 8714.0 | Var: per
Step: 680960 | EPS: 0.83 | Rew: -0.55 | FPS: 8765.0 | Var: per
Step: 681984 | EPS: 0.83 | Rew: -0.56 | FPS: 8118.9 | Var: per
Step: 683008 | EPS: 0.83 | Rew: -0.50 | FPS: 8805.4 | Var: per
Step: 684032 | EPS: 0.83 | Rew: -0.54 | FPS: 8597.7 | Var: per
Step: 685056 | EPS: 0.83 | Rew: -0.56 | FPS: 8381.0 | Var: per
Step: 686080 | EPS: 0.83 | Rew: -0.55 | FPS: 8514.6 | Var: per
Step: 687104 | EPS: 0.83 | Rew: -0.57 | FPS: 8434.1 | Var: per
Step: 688128 | EPS: 0.83 | Rew: -0.57 | FPS: 8806.1 | Var: per
Step: 689152 | EPS: 0.83 | Rew: -0.53 | FPS: 8753.6 | Var: per
Step: 690176 | EPS: 0.83 | Rew: -0.52 | FPS: 8584.1 | Var: per
Step: 691200 | EPS: 0.83 | Rew: -0.50 | FPS: 8454.9 | Var: per
Step: 692224 | EPS: 0.83 | Rew: -0.52 | FPS: 8421.6 | Var: per
Step: 693248 | EPS: 0.83 | Rew: -0.53 | FPS: 8183.3 | Var: per
Step: 694272 | EPS: 0.83 | Rew: -0.51 | FPS: 8530.7 | Var: per
Step: 695296 | EPS: 0.83 | Rew: -0.52 | FPS: 8632.4 | Var: per
Step: 696320 | EPS: 0.83 | Rew: -0.51 | FPS: 8106.1 | Var: per
Step: 697344 | EPS: 0.83 | Rew: -0.51 | FPS: 8236.6 | Var: per
Step: 698368 | EPS: 0.83 | Rew: -0.55 | FPS: 8802.0 | Var: per
Step: 699392 | EPS: 0.83 | Rew: -0.54 | FPS: 8092.5 | Var: per
Step: 700416 | EPS: 0.83 | Rew: -0.54 | FPS: 8202.9 | Var: per
Step: 701440 | EPS: 0.83 | Rew: -0.51 | FPS: 8184.2 | Var: per
Step: 702464 | EPS: 0.83 | Rew: -0.50 | FPS: 8308.0 | Var: per
Step: 703488 | EPS: 0.83 | Rew: -0.51 | FPS: 8485.1 | Var: per
Step: 704512 | EPS: 0.83 | Rew: -0.49 | FPS: 8369.5 | Var: per
Step: 705536 | EPS: 0.83 | Rew: -0.51 | FPS: 8360.1 | Var: per
Step: 706560 | EPS: 0.83 | Rew: -0.56 | FPS: 8556.6 | Var: per
Step: 707584 | EPS: 0.83 | Rew: -0.57 | FPS: 8755.0 | Var: per
Step: 708608 | EPS: 0.83 | Rew: -0.58 | FPS: 8095.2 | Var: per
Step: 709632 | EPS: 0.83 | Rew: -0.57 | FPS: 8572.8 | Var: per
Step: 710656 | EPS: 0.83 | Rew: -0.57 | FPS: 8249.3 | Var: per
Step: 711680 | EPS: 0.83 | Rew: -0.52 | FPS: 6283.5 | Var: per
Step: 712704 | EPS: 0.83 | Rew: -0.53 | FPS: 6916.2 | Var: per
Step: 713728 | EPS: 0.83 | Rew: -0.53 | FPS: 5721.9 | Var: per
Step: 714752 | EPS: 0.82 | Rew: -0.50 | FPS: 8995.7 | Var: per
Step: 715776 | EPS: 0.82 | Rew: -0.51 | FPS: 8456.1 | Var: per
Step: 716800 | EPS: 0.82 | Rew: -0.54 | FPS: 8736.9 | Var: per
Step: 717824 | EPS: 0.82 | Rew: -0.52 | FPS: 7968.6 | Var: per
Step: 718848 | EPS: 0.82 | Rew: -0.53 | FPS: 7315.1 | Var: per
Step: 719872 | EPS: 0.82 | Rew: -0.53 | FPS: 8679.0 | Var: per
Step: 720896 | EPS: 0.82 | Rew: -0.51 | FPS: 8325.4 | Var: per
Step: 721920 | EPS: 0.82 | Rew: -0.51 | FPS: 8675.5 | Var: per
Step: 722944 | EPS: 0.82 | Rew: -0.55 | FPS: 8669.0 | Var: per
Step: 723968 | EPS: 0.82 | Rew: -0.53 | FPS: 8360.7 | Var: per
Step: 724992 | EPS: 0.82 | Rew: -0.54 | FPS: 8434.5 | Var: per
Step: 726016 | EPS: 0.82 | Rew: -0.54 | FPS: 8280.4 | Var: per
Step: 727040 | EPS: 0.82 | Rew: -0.54 | FPS: 8292.4 | Var: per
Step: 728064 | EPS: 0.82 | Rew: -0.54 | FPS: 8350.0 | Var: per
Step: 729088 | EPS: 0.82 | Rew: -0.56 | FPS: 8148.9 | Var: per
Step: 730112 | EPS: 0.82 | Rew: -0.55 | FPS: 7850.6 | Var: per
Step: 731136 | EPS: 0.82 | Rew: -0.55 | FPS: 8827.9 | Var: per
Step: 732160 | EPS: 0.82 | Rew: -0.54 | FPS: 8880.2 | Var: per
Step: 733184 | EPS: 0.82 | Rew: -0.51 | FPS: 8565.8 | Var: per
Step: 734208 | EPS: 0.82 | Rew: -0.52 | FPS: 8110.8 | Var: per
Step: 735232 | EPS: 0.82 | Rew: -0.51 | FPS: 7868.4 | Var: per
Step: 736256 | EPS: 0.82 | Rew: -0.52 | FPS: 8010.4 | Var: per
Step: 737280 | EPS: 0.82 | Rew: -0.54 | FPS: 8019.8 | Var: per
Step: 738304 | EPS: 0.82 | Rew: -0.48 | FPS: 8430.6 | Var: per
Step: 739328 | EPS: 0.82 | Rew: -0.49 | FPS: 8662.7 | Var: per
Step: 740352 | EPS: 0.82 | Rew: -0.48 | FPS: 8016.2 | Var: per
Step: 741376 | EPS: 0.82 | Rew: -0.47 | FPS: 8062.7 | Var: per
Step: 742400 | EPS: 0.82 | Rew: -0.52 | FPS: 8510.8 | Var: per
Step: 743424 | EPS: 0.82 | Rew: -0.50 | FPS: 8311.0 | Var: per
Step: 744448 | EPS: 0.82 | Rew: -0.50 | FPS: 8442.3 | Var: per
Step: 745472 | EPS: 0.82 | Rew: -0.50 | FPS: 7949.6 | Var: per
Step: 746496 | EPS: 0.82 | Rew: -0.51 | FPS: 7913.0 | Var: per
Step: 747520 | EPS: 0.82 | Rew: -0.55 | FPS: 8284.6 | Var: per
Step: 748544 | EPS: 0.82 | Rew: -0.55 | FPS: 8672.7 | Var: per
Step: 749568 | EPS: 0.82 | Rew: -0.52 | FPS: 8583.0 | Var: per
Step: 750592 | EPS: 0.82 | Rew: -0.54 | FPS: 8079.7 | Var: per
Step: 751616 | EPS: 0.82 | Rew: -0.53 | FPS: 8348.1 | Var: per
Step: 752640 | EPS: 0.82 | Rew: -0.54 | FPS: 8047.7 | Var: per
Step: 753664 | EPS: 0.82 | Rew: -0.53 | FPS: 7846.2 | Var: per
Step: 754688 | EPS: 0.82 | Rew: -0.51 | FPS: 8072.5 | Var: per
Step: 755712 | EPS: 0.81 | Rew: -0.53 | FPS: 6805.8 | Var: per
Step: 756736 | EPS: 0.81 | Rew: -0.53 | FPS: 7991.4 | Var: per
Step: 757760 | EPS: 0.81 | Rew: -0.51 | FPS: 8346.3 | Var: per
Step: 758784 | EPS: 0.81 | Rew: -0.48 | FPS: 8104.3 | Var: per
Step: 759808 | EPS: 0.81 | Rew: -0.45 | FPS: 7137.2 | Var: per
Step: 760832 | EPS: 0.81 | Rew: -0.42 | FPS: 8402.4 | Var: per
Step: 761856 | EPS: 0.81 | Rew: -0.38 | FPS: 8294.9 | Var: per
Step: 762880 | EPS: 0.81 | Rew: -0.36 | FPS: 8280.5 | Var: per
Step: 763904 | EPS: 0.81 | Rew: -0.42 | FPS: 8427.1 | Var: per
Step: 764928 | EPS: 0.81 | Rew: -0.45 | FPS: 8661.0 | Var: per
Step: 765952 | EPS: 0.81 | Rew: -0.49 | FPS: 9316.8 | Var: per
Step: 766976 | EPS: 0.81 | Rew: -0.51 | FPS: 8190.6 | Var: per
Step: 768000 | EPS: 0.81 | Rew: -0.53 | FPS: 9488.7 | Var: per
Step: 769024 | EPS: 0.81 | Rew: -0.51 | FPS: 8501.8 | Var: per
Step: 770048 | EPS: 0.81 | Rew: -0.53 | FPS: 8313.1 | Var: per
Step: 771072 | EPS: 0.81 | Rew: -0.55 | FPS: 9236.5 | Var: per
Step: 772096 | EPS: 0.81 | Rew: -0.50 | FPS: 8159.0 | Var: per
Step: 773120 | EPS: 0.81 | Rew: -0.50 | FPS: 8619.5 | Var: per
Step: 774144 | EPS: 0.81 | Rew: -0.46 | FPS: 8669.1 | Var: per
Step: 775168 | EPS: 0.81 | Rew: -0.50 | FPS: 8670.4 | Var: per
Step: 776192 | EPS: 0.81 | Rew: -0.50 | FPS: 8495.3 | Var: per
Step: 777216 | EPS: 0.81 | Rew: -0.49 | FPS: 8475.7 | Var: per
Step: 778240 | EPS: 0.81 | Rew: -0.52 | FPS: 8485.2 | Var: per
Step: 779264 | EPS: 0.81 | Rew: -0.52 | FPS: 8472.7 | Var: per
Step: 780288 | EPS: 0.81 | Rew: -0.53 | FPS: 8469.4 | Var: per
Step: 781312 | EPS: 0.81 | Rew: -0.55 | FPS: 8281.3 | Var: per
Step: 782336 | EPS: 0.81 | Rew: -0.57 | FPS: 7930.5 | Var: per
Step: 783360 | EPS: 0.81 | Rew: -0.57 | FPS: 8782.9 | Var: per
Step: 784384 | EPS: 0.81 | Rew: -0.56 | FPS: 8722.8 | Var: per
Step: 785408 | EPS: 0.81 | Rew: -0.52 | FPS: 8624.0 | Var: per
Step: 786432 | EPS: 0.81 | Rew: -0.54 | FPS: 8549.7 | Var: per
Step: 787456 | EPS: 0.81 | Rew: -0.50 | FPS: 7992.4 | Var: per
Step: 788480 | EPS: 0.81 | Rew: -0.52 | FPS: 8629.2 | Var: per
Step: 789504 | EPS: 0.81 | Rew: -0.53 | FPS: 6786.7 | Var: per
Step: 790528 | EPS: 0.81 | Rew: -0.51 | FPS: 8556.7 | Var: per
Step: 791552 | EPS: 0.81 | Rew: -0.49 | FPS: 8041.2 | Var: per
Step: 792576 | EPS: 0.81 | Rew: -0.50 | FPS: 8721.6 | Var: per
Step: 793600 | EPS: 0.81 | Rew: -0.47 | FPS: 8079.8 | Var: per
Step: 794624 | EPS: 0.81 | Rew: -0.45 | FPS: 7863.3 | Var: per
Step: 795648 | EPS: 0.81 | Rew: -0.48 | FPS: 8155.9 | Var: per
Step: 796672 | EPS: 0.80 | Rew: -0.48 | FPS: 8666.8 | Var: per
Step: 797696 | EPS: 0.80 | Rew: -0.52 | FPS: 7926.1 | Var: per
Step: 798720 | EPS: 0.80 | Rew: -0.49 | FPS: 8419.4 | Var: per
Step: 799744 | EPS: 0.80 | Rew: -0.50 | FPS: 8725.8 | Var: per
Step: 800768 | EPS: 0.80 | Rew: -0.52 | FPS: 8426.1 | Var: per
Step: 801792 | EPS: 0.80 | Rew: -0.49 | FPS: 8356.7 | Var: per
Step: 802816 | EPS: 0.80 | Rew: -0.45 | FPS: 8600.3 | Var: per
Step: 803840 | EPS: 0.80 | Rew: -0.49 | FPS: 8120.5 | Var: per
Step: 804864 | EPS: 0.80 | Rew: -0.49 | FPS: 8002.3 | Var: per
Step: 805888 | EPS: 0.80 | Rew: -0.51 | FPS: 8193.5 | Var: per
Step: 806912 | EPS: 0.80 | Rew: -0.53 | FPS: 8538.6 | Var: per
Step: 807936 | EPS: 0.80 | Rew: -0.47 | FPS: 8085.2 | Var: per
Step: 808960 | EPS: 0.80 | Rew: -0.43 | FPS: 8129.1 | Var: per
Step: 809984 | EPS: 0.80 | Rew: -0.42 | FPS: 8654.2 | Var: per
Step: 811008 | EPS: 0.80 | Rew: -0.41 | FPS: 8792.8 | Var: per
Step: 812032 | EPS: 0.80 | Rew: -0.44 | FPS: 8449.9 | Var: per
Step: 813056 | EPS: 0.80 | Rew: -0.47 | FPS: 8513.4 | Var: per
Step: 814080 | EPS: 0.80 | Rew: -0.50 | FPS: 8447.4 | Var: per
Step: 815104 | EPS: 0.80 | Rew: -0.49 | FPS: 8274.8 | Var: per
Step: 816128 | EPS: 0.80 | Rew: -0.48 | FPS: 8036.1 | Var: per
Step: 817152 | EPS: 0.80 | Rew: -0.49 | FPS: 8367.0 | Var: per
Step: 818176 | EPS: 0.80 | Rew: -0.50 | FPS: 9584.1 | Var: per
Step: 819200 | EPS: 0.80 | Rew: -0.45 | FPS: 8286.2 | Var: per
Step: 820224 | EPS: 0.80 | Rew: -0.44 | FPS: 8470.7 | Var: per
Step: 821248 | EPS: 0.80 | Rew: -0.43 | FPS: 8448.4 | Var: per
Step: 822272 | EPS: 0.80 | Rew: -0.44 | FPS: 8413.7 | Var: per
Step: 823296 | EPS: 0.80 | Rew: -0.48 | FPS: 8792.6 | Var: per
Step: 824320 | EPS: 0.80 | Rew: -0.49 | FPS: 8402.8 | Var: per
Step: 825344 | EPS: 0.80 | Rew: -0.49 | FPS: 8322.5 | Var: per
Step: 826368 | EPS: 0.80 | Rew: -0.47 | FPS: 8440.0 | Var: per
Step: 827392 | EPS: 0.80 | Rew: -0.45 | FPS: 6193.6 | Var: per
Step: 828416 | EPS: 0.80 | Rew: -0.43 | FPS: 6473.5 | Var: per
Step: 829440 | EPS: 0.80 | Rew: -0.43 | FPS: 6760.4 | Var: per
Step: 830464 | EPS: 0.80 | Rew: -0.44 | FPS: 8250.4 | Var: per
Step: 831488 | EPS: 0.80 | Rew: -0.48 | FPS: 8462.5 | Var: per
Step: 832512 | EPS: 0.80 | Rew: -0.49 | FPS: 8375.6 | Var: per
Step: 833536 | EPS: 0.80 | Rew: -0.54 | FPS: 8205.4 | Var: per
Step: 834560 | EPS: 0.80 | Rew: -0.51 | FPS: 7951.9 | Var: per
Step: 835584 | EPS: 0.80 | Rew: -0.50 | FPS: 8052.8 | Var: per
Step: 836608 | EPS: 0.80 | Rew: -0.47 | FPS: 8424.9 | Var: per
Step: 837632 | EPS: 0.79 | Rew: -0.47 | FPS: 7236.2 | Var: per
Step: 838656 | EPS: 0.79 | Rew: -0.45 | FPS: 8475.0 | Var: per
Step: 839680 | EPS: 0.79 | Rew: -0.47 | FPS: 6558.7 | Var: per
Step: 840704 | EPS: 0.79 | Rew: -0.50 | FPS: 8139.3 | Var: per
Step: 841728 | EPS: 0.79 | Rew: -0.52 | FPS: 8282.5 | Var: per
Step: 842752 | EPS: 0.79 | Rew: -0.48 | FPS: 8558.2 | Var: per
Step: 843776 | EPS: 0.79 | Rew: -0.48 | FPS: 8522.1 | Var: per
Step: 844800 | EPS: 0.79 | Rew: -0.48 | FPS: 8721.1 | Var: per
Step: 845824 | EPS: 0.79 | Rew: -0.46 | FPS: 8936.0 | Var: per
Step: 846848 | EPS: 0.79 | Rew: -0.46 | FPS: 7068.3 | Var: per
Step: 847872 | EPS: 0.79 | Rew: -0.46 | FPS: 8364.3 | Var: per
Step: 848896 | EPS: 0.79 | Rew: -0.47 | FPS: 7992.5 | Var: per
Step: 849920 | EPS: 0.79 | Rew: -0.46 | FPS: 8239.8 | Var: per
Step: 850944 | EPS: 0.79 | Rew: -0.48 | FPS: 8415.2 | Var: per
Step: 851968 | EPS: 0.79 | Rew: -0.50 | FPS: 8554.8 | Var: per
Step: 852992 | EPS: 0.79 | Rew: -0.49 | FPS: 7544.6 | Var: per
Step: 854016 | EPS: 0.79 | Rew: -0.48 | FPS: 8222.5 | Var: per
Step: 855040 | EPS: 0.79 | Rew: -0.46 | FPS: 8867.2 | Var: per
Step: 856064 | EPS: 0.79 | Rew: -0.47 | FPS: 8846.3 | Var: per
Step: 857088 | EPS: 0.79 | Rew: -0.47 | FPS: 8350.1 | Var: per
Step: 858112 | EPS: 0.79 | Rew: -0.51 | FPS: 8555.1 | Var: per
Step: 859136 | EPS: 0.79 | Rew: -0.54 | FPS: 8597.8 | Var: per
Step: 860160 | EPS: 0.79 | Rew: -0.51 | FPS: 7933.7 | Var: per
Step: 861184 | EPS: 0.79 | Rew: -0.50 | FPS: 8041.4 | Var: per
Step: 862208 | EPS: 0.79 | Rew: -0.45 | FPS: 8553.7 | Var: per
Step: 863232 | EPS: 0.79 | Rew: -0.45 | FPS: 8291.5 | Var: per
Step: 864256 | EPS: 0.79 | Rew: -0.45 | FPS: 8082.4 | Var: per
Step: 865280 | EPS: 0.79 | Rew: -0.47 | FPS: 8505.9 | Var: per
Step: 866304 | EPS: 0.79 | Rew: -0.49 | FPS: 8335.9 | Var: per
Step: 867328 | EPS: 0.79 | Rew: -0.50 | FPS: 8614.9 | Var: per
Step: 868352 | EPS: 0.79 | Rew: -0.48 | FPS: 8759.2 | Var: per
Step: 869376 | EPS: 0.79 | Rew: -0.49 | FPS: 8402.2 | Var: per
Step: 870400 | EPS: 0.79 | Rew: -0.47 | FPS: 8688.8 | Var: per
Step: 871424 | EPS: 0.79 | Rew: -0.43 | FPS: 8072.8 | Var: per
Step: 872448 | EPS: 0.79 | Rew: -0.44 | FPS: 8088.4 | Var: per
Step: 873472 | EPS: 0.79 | Rew: -0.46 | FPS: 8109.1 | Var: per
Step: 874496 | EPS: 0.79 | Rew: -0.46 | FPS: 8005.3 | Var: per
Step: 875520 | EPS: 0.79 | Rew: -0.48 | FPS: 6780.0 | Var: per
Step: 876544 | EPS: 0.79 | Rew: -0.53 | FPS: 8728.6 | Var: per
Step: 877568 | EPS: 0.78 | Rew: -0.52 | FPS: 8361.8 | Var: per
Step: 878592 | EPS: 0.78 | Rew: -0.52 | FPS: 8451.2 | Var: per
Step: 879616 | EPS: 0.78 | Rew: -0.51 | FPS: 8422.3 | Var: per
Step: 880640 | EPS: 0.78 | Rew: -0.53 | FPS: 8084.9 | Var: per
Step: 881664 | EPS: 0.78 | Rew: -0.50 | FPS: 8140.3 | Var: per
Step: 882688 | EPS: 0.78 | Rew: -0.50 | FPS: 8386.3 | Var: per
Step: 883712 | EPS: 0.78 | Rew: -0.50 | FPS: 8489.6 | Var: per
Step: 884736 | EPS: 0.78 | Rew: -0.53 | FPS: 8511.3 | Var: per
Step: 885760 | EPS: 0.78 | Rew: -0.49 | FPS: 9068.5 | Var: per
Step: 886784 | EPS: 0.78 | Rew: -0.53 | FPS: 8654.0 | Var: per
Step: 887808 | EPS: 0.78 | Rew: -0.47 | FPS: 8101.5 | Var: per
Step: 888832 | EPS: 0.78 | Rew: -0.44 | FPS: 8028.8 | Var: per
Step: 889856 | EPS: 0.78 | Rew: -0.45 | FPS: 6221.5 | Var: per
Step: 890880 | EPS: 0.78 | Rew: -0.43 | FPS: 7979.1 | Var: per
Step: 891904 | EPS: 0.78 | Rew: -0.48 | FPS: 7803.9 | Var: per
Step: 892928 | EPS: 0.78 | Rew: -0.50 | FPS: 8444.6 | Var: per
Step: 893952 | EPS: 0.78 | Rew: -0.47 | FPS: 8445.4 | Var: per
Step: 894976 | EPS: 0.78 | Rew: -0.46 | FPS: 8358.4 | Var: per
Step: 896000 | EPS: 0.78 | Rew: -0.43 | FPS: 8346.1 | Var: per
Step: 897024 | EPS: 0.78 | Rew: -0.42 | FPS: 8114.6 | Var: per
Step: 898048 | EPS: 0.78 | Rew: -0.44 | FPS: 8817.1 | Var: per
Step: 899072 | EPS: 0.78 | Rew: -0.44 | FPS: 8864.5 | Var: per
Step: 900096 | EPS: 0.78 | Rew: -0.49 | FPS: 8181.7 | Var: per
Step: 901120 | EPS: 0.78 | Rew: -0.48 | FPS: 7369.3 | Var: per
Step: 902144 | EPS: 0.78 | Rew: -0.50 | FPS: 8453.4 | Var: per
Step: 903168 | EPS: 0.78 | Rew: -0.48 | FPS: 9223.5 | Var: per
Step: 904192 | EPS: 0.78 | Rew: -0.49 | FPS: 8617.9 | Var: per
Step: 905216 | EPS: 0.78 | Rew: -0.46 | FPS: 8454.8 | Var: per
Step: 906240 | EPS: 0.78 | Rew: -0.46 | FPS: 8435.1 | Var: per
Step: 907264 | EPS: 0.78 | Rew: -0.45 | FPS: 8104.8 | Var: per
Step: 908288 | EPS: 0.78 | Rew: -0.43 | FPS: 8538.3 | Var: per
Step: 909312 | EPS: 0.78 | Rew: -0.42 | FPS: 8577.2 | Var: per
Step: 910336 | EPS: 0.78 | Rew: -0.43 | FPS: 7940.4 | Var: per
Step: 911360 | EPS: 0.78 | Rew: -0.41 | FPS: 8381.9 | Var: per
Step: 912384 | EPS: 0.78 | Rew: -0.40 | FPS: 8464.0 | Var: per
Step: 913408 | EPS: 0.78 | Rew: -0.43 | FPS: 8520.6 | Var: per
Step: 914432 | EPS: 0.78 | Rew: -0.44 | FPS: 8636.4 | Var: per
Step: 915456 | EPS: 0.78 | Rew: -0.44 | FPS: 8436.7 | Var: per
Step: 916480 | EPS: 0.78 | Rew: -0.45 | FPS: 8482.0 | Var: per
Step: 917504 | EPS: 0.78 | Rew: -0.48 | FPS: 6334.2 | Var: per
Step: 918528 | EPS: 0.77 | Rew: -0.48 | FPS: 8272.4 | Var: per
Step: 919552 | EPS: 0.77 | Rew: -0.45 | FPS: 8812.5 | Var: per
Step: 920576 | EPS: 0.77 | Rew: -0.46 | FPS: 8088.9 | Var: per
Step: 921600 | EPS: 0.77 | Rew: -0.46 | FPS: 8406.2 | Var: per
Step: 922624 | EPS: 0.77 | Rew: -0.43 | FPS: 8568.7 | Var: per
Step: 923648 | EPS: 0.77 | Rew: -0.42 | FPS: 8435.1 | Var: per
Step: 924672 | EPS: 0.77 | Rew: -0.42 | FPS: 8460.1 | Var: per
Step: 925696 | EPS: 0.77 | Rew: -0.48 | FPS: 6800.9 | Var: per
Step: 926720 | EPS: 0.77 | Rew: -0.52 | FPS: 8431.6 | Var: per
Step: 927744 | EPS: 0.77 | Rew: -0.46 | FPS: 8312.9 | Var: per
Step: 928768 | EPS: 0.77 | Rew: -0.49 | FPS: 7488.5 | Var: per
Step: 929792 | EPS: 0.77 | Rew: -0.43 | FPS: 8070.7 | Var: per
Step: 930816 | EPS: 0.77 | Rew: -0.43 | FPS: 8614.7 | Var: per
Step: 931840 | EPS: 0.77 | Rew: -0.41 | FPS: 8535.8 | Var: per
Step: 932864 | EPS: 0.77 | Rew: -0.42 | FPS: 7925.2 | Var: per
Step: 933888 | EPS: 0.77 | Rew: -0.40 | FPS: 8882.7 | Var: per
Step: 934912 | EPS: 0.77 | Rew: -0.38 | FPS: 8375.6 | Var: per
Step: 935936 | EPS: 0.77 | Rew: -0.37 | FPS: 7342.1 | Var: per
Step: 936960 | EPS: 0.77 | Rew: -0.40 | FPS: 8490.6 | Var: per
Step: 937984 | EPS: 0.77 | Rew: -0.38 | FPS: 8618.0 | Var: per
Step: 939008 | EPS: 0.77 | Rew: -0.44 | FPS: 8323.4 | Var: per
Step: 940032 | EPS: 0.77 | Rew: -0.42 | FPS: 8623.1 | Var: per
Step: 941056 | EPS: 0.77 | Rew: -0.41 | FPS: 8732.0 | Var: per
Step: 942080 | EPS: 0.77 | Rew: -0.38 | FPS: 8278.4 | Var: per
Step: 943104 | EPS: 0.77 | Rew: -0.34 | FPS: 8494.3 | Var: per
Step: 944128 | EPS: 0.77 | Rew: -0.40 | FPS: 8601.3 | Var: per
Step: 945152 | EPS: 0.77 | Rew: -0.44 | FPS: 8591.0 | Var: per
Step: 946176 | EPS: 0.77 | Rew: -0.40 | FPS: 7867.8 | Var: per
Step: 947200 | EPS: 0.77 | Rew: -0.45 | FPS: 8066.2 | Var: per
Step: 948224 | EPS: 0.77 | Rew: -0.48 | FPS: 8190.5 | Var: per
Step: 949248 | EPS: 0.77 | Rew: -0.46 | FPS: 8155.0 | Var: per
Step: 950272 | EPS: 0.77 | Rew: -0.41 | FPS: 8092.3 | Var: per
Step: 951296 | EPS: 0.77 | Rew: -0.42 | FPS: 7687.1 | Var: per
Step: 952320 | EPS: 0.77 | Rew: -0.40 | FPS: 6827.1 | Var: per
Step: 953344 | EPS: 0.77 | Rew: -0.39 | FPS: 8002.6 | Var: per
Step: 954368 | EPS: 0.77 | Rew: -0.36 | FPS: 7998.3 | Var: per
Step: 955392 | EPS: 0.77 | Rew: -0.37 | FPS: 7051.1 | Var: per
Step: 956416 | EPS: 0.77 | Rew: -0.38 | FPS: 8210.8 | Var: per
Step: 957440 | EPS: 0.77 | Rew: -0.37 | FPS: 7903.0 | Var: per
Step: 958464 | EPS: 0.77 | Rew: -0.37 | FPS: 7900.5 | Var: per
Step: 959488 | EPS: 0.76 | Rew: -0.40 | FPS: 7876.1 | Var: per
Step: 960512 | EPS: 0.76 | Rew: -0.39 | FPS: 8630.7 | Var: per
Step: 961536 | EPS: 0.76 | Rew: -0.38 | FPS: 8403.0 | Var: per
Step: 962560 | EPS: 0.76 | Rew: -0.41 | FPS: 8712.2 | Var: per
Step: 963584 | EPS: 0.76 | Rew: -0.40 | FPS: 8593.1 | Var: per
Step: 964608 | EPS: 0.76 | Rew: -0.38 | FPS: 8490.9 | Var: per
Step: 965632 | EPS: 0.76 | Rew: -0.42 | FPS: 8670.9 | Var: per
Step: 966656 | EPS: 0.76 | Rew: -0.45 | FPS: 8034.4 | Var: per
Step: 967680 | EPS: 0.76 | Rew: -0.41 | FPS: 7918.3 | Var: per
Step: 968704 | EPS: 0.76 | Rew: -0.43 | FPS: 8035.4 | Var: per
Step: 969728 | EPS: 0.76 | Rew: -0.41 | FPS: 8116.5 | Var: per
Step: 970752 | EPS: 0.76 | Rew: -0.43 | FPS: 8447.7 | Var: per
Step: 971776 | EPS: 0.76 | Rew: -0.42 | FPS: 8464.8 | Var: per
Step: 972800 | EPS: 0.76 | Rew: -0.44 | FPS: 8873.0 | Var: per
Step: 973824 | EPS: 0.76 | Rew: -0.44 | FPS: 6894.0 | Var: per
Step: 974848 | EPS: 0.76 | Rew: -0.45 | FPS: 8382.5 | Var: per
Step: 975872 | EPS: 0.76 | Rew: -0.47 | FPS: 8146.7 | Var: per
Step: 976896 | EPS: 0.76 | Rew: -0.48 | FPS: 8001.0 | Var: per
Step: 977920 | EPS: 0.76 | Rew: -0.44 | FPS: 8229.4 | Var: per
Step: 978944 | EPS: 0.76 | Rew: -0.42 | FPS: 8307.1 | Var: per
Step: 979968 | EPS: 0.76 | Rew: -0.41 | FPS: 6626.9 | Var: per
Step: 980992 | EPS: 0.76 | Rew: -0.45 | FPS: 8239.4 | Var: per
Step: 982016 | EPS: 0.76 | Rew: -0.42 | FPS: 6745.3 | Var: per
Step: 983040 | EPS: 0.76 | Rew: -0.42 | FPS: 8078.8 | Var: per
Step: 984064 | EPS: 0.76 | Rew: -0.45 | FPS: 7891.3 | Var: per
Step: 985088 | EPS: 0.76 | Rew: -0.44 | FPS: 7853.0 | Var: per
Step: 986112 | EPS: 0.76 | Rew: -0.40 | FPS: 7907.4 | Var: per
Step: 987136 | EPS: 0.76 | Rew: -0.39 | FPS: 7890.4 | Var: per
Step: 988160 | EPS: 0.76 | Rew: -0.41 | FPS: 8516.1 | Var: per
Step: 989184 | EPS: 0.76 | Rew: -0.41 | FPS: 8262.5 | Var: per
Step: 990208 | EPS: 0.76 | Rew: -0.40 | FPS: 8419.8 | Var: per
Step: 991232 | EPS: 0.76 | Rew: -0.40 | FPS: 8303.8 | Var: per
Step: 992256 | EPS: 0.76 | Rew: -0.41 | FPS: 8550.4 | Var: per
Step: 993280 | EPS: 0.76 | Rew: -0.45 | FPS: 8013.4 | Var: per
Step: 994304 | EPS: 0.76 | Rew: -0.42 | FPS: 8393.4 | Var: per
Step: 995328 | EPS: 0.76 | Rew: -0.39 | FPS: 8357.9 | Var: per
Step: 996352 | EPS: 0.76 | Rew: -0.39 | FPS: 6810.2 | Var: per
Step: 997376 | EPS: 0.76 | Rew: -0.34 | FPS: 7966.7 | Var: per
Step: 998400 | EPS: 0.76 | Rew: -0.36 | FPS: 8131.9 | Var: per
Step: 999424 | EPS: 0.76 | Rew: -0.40 | FPS: 8414.3 | Var: per
Step: 1000448 | EPS: 0.75 | Rew: -0.44 | FPS: 6247.4 | Var: per
Step: 1001472 | EPS: 0.75 | Rew: -0.44 | FPS: 6071.4 | Var: per
Step: 1002496 | EPS: 0.75 | Rew: -0.46 | FPS: 7860.8 | Var: per
Step: 1003520 | EPS: 0.75 | Rew: -0.46 | FPS: 8521.2 | Var: per
Step: 1004544 | EPS: 0.75 | Rew: -0.44 | FPS: 8026.1 | Var: per
Step: 1005568 | EPS: 0.75 | Rew: -0.40 | FPS: 8317.3 | Var: per
Step: 1006592 | EPS: 0.75 | Rew: -0.42 | FPS: 6720.8 | Var: per
Step: 1007616 | EPS: 0.75 | Rew: -0.39 | FPS: 6630.4 | Var: per
Step: 1008640 | EPS: 0.75 | Rew: -0.38 | FPS: 8034.4 | Var: per
Step: 1009664 | EPS: 0.75 | Rew: -0.35 | FPS: 8640.6 | Var: per
Step: 1010688 | EPS: 0.75 | Rew: -0.37 | FPS: 8047.4 | Var: per
Step: 1011712 | EPS: 0.75 | Rew: -0.37 | FPS: 8585.2 | Var: per
Step: 1012736 | EPS: 0.75 | Rew: -0.37 | FPS: 8166.3 | Var: per
Step: 1013760 | EPS: 0.75 | Rew: -0.40 | FPS: 8351.5 | Var: per
Step: 1014784 | EPS: 0.75 | Rew: -0.40 | FPS: 8448.2 | Var: per
Step: 1015808 | EPS: 0.75 | Rew: -0.42 | FPS: 8550.5 | Var: per
Step: 1016832 | EPS: 0.75 | Rew: -0.43 | FPS: 8442.3 | Var: per
Step: 1017856 | EPS: 0.75 | Rew: -0.45 | FPS: 8450.7 | Var: per
Step: 1018880 | EPS: 0.75 | Rew: -0.45 | FPS: 8140.7 | Var: per
Step: 1019904 | EPS: 0.75 | Rew: -0.41 | FPS: 8494.3 | Var: per
Step: 1020928 | EPS: 0.75 | Rew: -0.35 | FPS: 8520.5 | Var: per
Step: 1021952 | EPS: 0.75 | Rew: -0.35 | FPS: 8398.2 | Var: per
Step: 1022976 | EPS: 0.75 | Rew: -0.36 | FPS: 8372.2 | Var: per
Step: 1024000 | EPS: 0.75 | Rew: -0.38 | FPS: 8273.2 | Var: per
Step: 1025024 | EPS: 0.75 | Rew: -0.41 | FPS: 8365.2 | Var: per
Step: 1026048 | EPS: 0.75 | Rew: -0.43 | FPS: 8404.2 | Var: per
Step: 1027072 | EPS: 0.75 | Rew: -0.40 | FPS: 8452.9 | Var: per
Step: 1028096 | EPS: 0.75 | Rew: -0.37 | FPS: 8441.5 | Var: per
Step: 1029120 | EPS: 0.75 | Rew: -0.35 | FPS: 8744.3 | Var: per
Step: 1030144 | EPS: 0.75 | Rew: -0.37 | FPS: 8243.5 | Var: per
Step: 1031168 | EPS: 0.75 | Rew: -0.41 | FPS: 8118.9 | Var: per
Step: 1032192 | EPS: 0.75 | Rew: -0.40 | FPS: 8377.3 | Var: per
Step: 1033216 | EPS: 0.75 | Rew: -0.38 | FPS: 6237.3 | Var: per
Step: 1034240 | EPS: 0.75 | Rew: -0.39 | FPS: 7663.4 | Var: per
Step: 1035264 | EPS: 0.75 | Rew: -0.38 | FPS: 8417.0 | Var: per
Step: 1036288 | EPS: 0.75 | Rew: -0.40 | FPS: 8770.6 | Var: per
Step: 1037312 | EPS: 0.75 | Rew: -0.42 | FPS: 8448.5 | Var: per
Step: 1038336 | EPS: 0.75 | Rew: -0.40 | FPS: 8256.2 | Var: per
Step: 1039360 | EPS: 0.75 | Rew: -0.39 | FPS: 8082.4 | Var: per
Step: 1040384 | EPS: 0.75 | Rew: -0.35 | FPS: 8289.8 | Var: per
Step: 1041408 | EPS: 0.74 | Rew: -0.38 | FPS: 7783.6 | Var: per
Step: 1042432 | EPS: 0.74 | Rew: -0.36 | FPS: 8154.2 | Var: per
Step: 1043456 | EPS: 0.74 | Rew: -0.38 | FPS: 8356.0 | Var: per
Step: 1044480 | EPS: 0.74 | Rew: -0.38 | FPS: 8204.9 | Var: per
Step: 1045504 | EPS: 0.74 | Rew: -0.31 | FPS: 8630.5 | Var: per
Step: 1046528 | EPS: 0.74 | Rew: -0.29 | FPS: 8454.2 | Var: per
Step: 1047552 | EPS: 0.74 | Rew: -0.28 | FPS: 8171.2 | Var: per
Step: 1048576 | EPS: 0.74 | Rew: -0.29 | FPS: 8151.9 | Var: per
Step: 1049600 | EPS: 0.74 | Rew: -0.35 | FPS: 8257.2 | Var: per
Step: 1050624 | EPS: 0.74 | Rew: -0.41 | FPS: 8384.0 | Var: per
Step: 1051648 | EPS: 0.74 | Rew: -0.41 | FPS: 8357.8 | Var: per
Step: 1052672 | EPS: 0.74 | Rew: -0.41 | FPS: 8906.5 | Var: per
Step: 1053696 | EPS: 0.74 | Rew: -0.44 | FPS: 8082.2 | Var: per
Step: 1054720 | EPS: 0.74 | Rew: -0.41 | FPS: 8164.2 | Var: per
Step: 1055744 | EPS: 0.74 | Rew: -0.42 | FPS: 8820.1 | Var: per
Step: 1056768 | EPS: 0.74 | Rew: -0.44 | FPS: 8640.0 | Var: per
Step: 1057792 | EPS: 0.74 | Rew: -0.44 | FPS: 8428.9 | Var: per
Step: 1058816 | EPS: 0.74 | Rew: -0.46 | FPS: 8116.2 | Var: per
Step: 1059840 | EPS: 0.74 | Rew: -0.41 | FPS: 7910.6 | Var: per
Step: 1060864 | EPS: 0.74 | Rew: -0.42 | FPS: 8281.7 | Var: per
Step: 1061888 | EPS: 0.74 | Rew: -0.43 | FPS: 8751.6 | Var: per
Step: 1062912 | EPS: 0.74 | Rew: -0.40 | FPS: 8245.9 | Var: per
Step: 1063936 | EPS: 0.74 | Rew: -0.42 | FPS: 8325.0 | Var: per
Step: 1064960 | EPS: 0.74 | Rew: -0.42 | FPS: 8480.3 | Var: per
Step: 1065984 | EPS: 0.74 | Rew: -0.41 | FPS: 8391.3 | Var: per
Step: 1067008 | EPS: 0.74 | Rew: -0.43 | FPS: 8393.4 | Var: per
Step: 1068032 | EPS: 0.74 | Rew: -0.37 | FPS: 8068.1 | Var: per
Step: 1069056 | EPS: 0.74 | Rew: -0.38 | FPS: 6281.6 | Var: per
Step: 1070080 | EPS: 0.74 | Rew: -0.40 | FPS: 8510.9 | Var: per
Step: 1071104 | EPS: 0.74 | Rew: -0.38 | FPS: 8024.9 | Var: per
Step: 1072128 | EPS: 0.74 | Rew: -0.41 | FPS: 8024.4 | Var: per
Step: 1073152 | EPS: 0.74 | Rew: -0.39 | FPS: 8514.7 | Var: per
Step: 1074176 | EPS: 0.74 | Rew: -0.40 | FPS: 8110.5 | Var: per
Step: 1075200 | EPS: 0.74 | Rew: -0.38 | FPS: 7531.4 | Var: per
Step: 1076224 | EPS: 0.74 | Rew: -0.37 | FPS: 8456.1 | Var: per
Step: 1077248 | EPS: 0.74 | Rew: -0.39 | FPS: 8148.5 | Var: per
Step: 1078272 | EPS: 0.74 | Rew: -0.38 | FPS: 7084.2 | Var: per
Step: 1079296 | EPS: 0.74 | Rew: -0.39 | FPS: 8269.1 | Var: per
Step: 1080320 | EPS: 0.74 | Rew: -0.39 | FPS: 8372.0 | Var: per
Step: 1081344 | EPS: 0.74 | Rew: -0.38 | FPS: 8628.2 | Var: per
Step: 1082368 | EPS: 0.73 | Rew: -0.35 | FPS: 8018.5 | Var: per
Step: 1083392 | EPS: 0.73 | Rew: -0.34 | FPS: 7972.7 | Var: per
Step: 1084416 | EPS: 0.73 | Rew: -0.37 | FPS: 9048.7 | Var: per
Step: 1085440 | EPS: 0.73 | Rew: -0.37 | FPS: 8372.5 | Var: per
Step: 1086464 | EPS: 0.73 | Rew: -0.43 | FPS: 7951.4 | Var: per
Step: 1087488 | EPS: 0.73 | Rew: -0.42 | FPS: 6924.2 | Var: per
Step: 1088512 | EPS: 0.73 | Rew: -0.40 | FPS: 8476.9 | Var: per
Step: 1089536 | EPS: 0.73 | Rew: -0.41 | FPS: 8511.9 | Var: per
Step: 1090560 | EPS: 0.73 | Rew: -0.44 | FPS: 8554.9 | Var: per
Step: 1091584 | EPS: 0.73 | Rew: -0.42 | FPS: 8315.0 | Var: per
Step: 1092608 | EPS: 0.73 | Rew: -0.43 | FPS: 8493.2 | Var: per
Step: 1093632 | EPS: 0.73 | Rew: -0.44 | FPS: 8555.0 | Var: per
Step: 1094656 | EPS: 0.73 | Rew: -0.38 | FPS: 8601.0 | Var: per
Step: 1095680 | EPS: 0.73 | Rew: -0.32 | FPS: 8082.1 | Var: per
Step: 1096704 | EPS: 0.73 | Rew: -0.33 | FPS: 8136.1 | Var: per
Step: 1097728 | EPS: 0.73 | Rew: -0.29 | FPS: 6463.4 | Var: per
Step: 1098752 | EPS: 0.73 | Rew: -0.28 | FPS: 8359.2 | Var: per
Step: 1099776 | EPS: 0.73 | Rew: -0.26 | FPS: 8025.2 | Var: per
Step: 1100800 | EPS: 0.73 | Rew: -0.28 | FPS: 8205.3 | Var: per
Step: 1101824 | EPS: 0.73 | Rew: -0.29 | FPS: 8529.5 | Var: per
Step: 1102848 | EPS: 0.73 | Rew: -0.30 | FPS: 8139.8 | Var: per
Step: 1103872 | EPS: 0.73 | Rew: -0.33 | FPS: 7994.2 | Var: per
Step: 1104896 | EPS: 0.73 | Rew: -0.31 | FPS: 7997.1 | Var: per
Step: 1105920 | EPS: 0.73 | Rew: -0.40 | FPS: 8287.3 | Var: per
Step: 1106944 | EPS: 0.73 | Rew: -0.38 | FPS: 7964.5 | Var: per
Step: 1107968 | EPS: 0.73 | Rew: -0.35 | FPS: 8439.1 | Var: per
Step: 1108992 | EPS: 0.73 | Rew: -0.39 | FPS: 8341.2 | Var: per
Step: 1110016 | EPS: 0.73 | Rew: -0.39 | FPS: 8501.3 | Var: per
Step: 1111040 | EPS: 0.73 | Rew: -0.34 | FPS: 8428.1 | Var: per
Step: 1112064 | EPS: 0.73 | Rew: -0.32 | FPS: 8561.6 | Var: per
Step: 1113088 | EPS: 0.73 | Rew: -0.34 | FPS: 7745.1 | Var: per
Step: 1114112 | EPS: 0.73 | Rew: -0.35 | FPS: 8429.8 | Var: per
Step: 1115136 | EPS: 0.73 | Rew: -0.38 | FPS: 7717.9 | Var: per
Step: 1116160 | EPS: 0.73 | Rew: -0.40 | FPS: 8171.2 | Var: per
Step: 1117184 | EPS: 0.73 | Rew: -0.35 | FPS: 8145.5 | Var: per
Step: 1118208 | EPS: 0.73 | Rew: -0.34 | FPS: 8052.3 | Var: per
Step: 1119232 | EPS: 0.73 | Rew: -0.33 | FPS: 8139.4 | Var: per
Step: 1120256 | EPS: 0.73 | Rew: -0.30 | FPS: 8371.5 | Var: per
Step: 1121280 | EPS: 0.73 | Rew: -0.27 | FPS: 9612.8 | Var: per
Step: 1122304 | EPS: 0.73 | Rew: -0.24 | FPS: 9013.7 | Var: per
Step: 1123328 | EPS: 0.72 | Rew: -0.22 | FPS: 8449.5 | Var: per
Step: 1124352 | EPS: 0.72 | Rew: -0.23 | FPS: 8943.4 | Var: per
Step: 1125376 | EPS: 0.72 | Rew: -0.27 | FPS: 7625.5 | Var: per
Step: 1126400 | EPS: 0.72 | Rew: -0.26 | FPS: 7731.3 | Var: per
Step: 1127424 | EPS: 0.72 | Rew: -0.33 | FPS: 8479.4 | Var: per
Step: 1128448 | EPS: 0.72 | Rew: -0.36 | FPS: 8648.3 | Var: per
Step: 1129472 | EPS: 0.72 | Rew: -0.36 | FPS: 8392.1 | Var: per
Step: 1130496 | EPS: 0.72 | Rew: -0.37 | FPS: 8054.7 | Var: per
Step: 1131520 | EPS: 0.72 | Rew: -0.37 | FPS: 8188.6 | Var: per
Step: 1132544 | EPS: 0.72 | Rew: -0.32 | FPS: 8387.9 | Var: per
Step: 1133568 | EPS: 0.72 | Rew: -0.27 | FPS: 8201.6 | Var: per
Step: 1134592 | EPS: 0.72 | Rew: -0.23 | FPS: 8320.0 | Var: per
Step: 1135616 | EPS: 0.72 | Rew: -0.24 | FPS: 8118.1 | Var: per
Step: 1136640 | EPS: 0.72 | Rew: -0.23 | FPS: 8269.9 | Var: per
Step: 1137664 | EPS: 0.72 | Rew: -0.27 | FPS: 8128.6 | Var: per
Step: 1138688 | EPS: 0.72 | Rew: -0.32 | FPS: 8006.1 | Var: per
Step: 1139712 | EPS: 0.72 | Rew: -0.32 | FPS: 8131.8 | Var: per
Step: 1140736 | EPS: 0.72 | Rew: -0.30 | FPS: 6742.0 | Var: per
Step: 1141760 | EPS: 0.72 | Rew: -0.35 | FPS: 8123.4 | Var: per
Step: 1142784 | EPS: 0.72 | Rew: -0.34 | FPS: 8008.3 | Var: per
Step: 1143808 | EPS: 0.72 | Rew: -0.40 | FPS: 8454.5 | Var: per
Step: 1144832 | EPS: 0.72 | Rew: -0.40 | FPS: 8603.1 | Var: per
Step: 1145856 | EPS: 0.72 | Rew: -0.39 | FPS: 7950.9 | Var: per
Step: 1146880 | EPS: 0.72 | Rew: -0.36 | FPS: 8049.6 | Var: per
Step: 1147904 | EPS: 0.72 | Rew: -0.36 | FPS: 8037.1 | Var: per
Step: 1148928 | EPS: 0.72 | Rew: -0.34 | FPS: 8027.3 | Var: per
Step: 1149952 | EPS: 0.72 | Rew: -0.32 | FPS: 7996.6 | Var: per
Step: 1150976 | EPS: 0.72 | Rew: -0.34 | FPS: 8599.7 | Var: per
Step: 1152000 | EPS: 0.72 | Rew: -0.34 | FPS: 8372.3 | Var: per
Step: 1153024 | EPS: 0.72 | Rew: -0.33 | FPS: 8483.0 | Var: per
Step: 1154048 | EPS: 0.72 | Rew: -0.33 | FPS: 8018.8 | Var: per
Step: 1155072 | EPS: 0.72 | Rew: -0.37 | FPS: 7989.5 | Var: per
Step: 1156096 | EPS: 0.72 | Rew: -0.40 | FPS: 8088.5 | Var: per
Step: 1157120 | EPS: 0.72 | Rew: -0.44 | FPS: 8360.2 | Var: per
Step: 1158144 | EPS: 0.72 | Rew: -0.46 | FPS: 8846.0 | Var: per
Step: 1159168 | EPS: 0.72 | Rew: -0.41 | FPS: 8151.7 | Var: per
Step: 1160192 | EPS: 0.72 | Rew: -0.44 | FPS: 7599.2 | Var: per
Step: 1161216 | EPS: 0.72 | Rew: -0.43 | FPS: 8318.2 | Var: per
Step: 1162240 | EPS: 0.72 | Rew: -0.38 | FPS: 8532.9 | Var: per
Step: 1163264 | EPS: 0.72 | Rew: -0.34 | FPS: 8549.7 | Var: per
Step: 1164288 | EPS: 0.71 | Rew: -0.38 | FPS: 8477.4 | Var: per
Step: 1165312 | EPS: 0.71 | Rew: -0.35 | FPS: 7166.6 | Var: per
Step: 1166336 | EPS: 0.71 | Rew: -0.33 | FPS: 8213.5 | Var: per
Step: 1167360 | EPS: 0.71 | Rew: -0.34 | FPS: 7442.1 | Var: per
Step: 1168384 | EPS: 0.71 | Rew: -0.37 | FPS: 6171.7 | Var: per
Step: 1169408 | EPS: 0.71 | Rew: -0.37 | FPS: 8048.5 | Var: per
Step: 1170432 | EPS: 0.71 | Rew: -0.41 | FPS: 8058.0 | Var: per
Step: 1171456 | EPS: 0.71 | Rew: -0.40 | FPS: 8234.8 | Var: per
Step: 1172480 | EPS: 0.71 | Rew: -0.33 | FPS: 8451.4 | Var: per
Step: 1173504 | EPS: 0.71 | Rew: -0.33 | FPS: 8363.3 | Var: per
Step: 1174528 | EPS: 0.71 | Rew: -0.32 | FPS: 8061.7 | Var: per
Step: 1175552 | EPS: 0.71 | Rew: -0.27 | FPS: 8519.8 | Var: per
Step: 1176576 | EPS: 0.71 | Rew: -0.32 | FPS: 8771.6 | Var: per
Step: 1177600 | EPS: 0.71 | Rew: -0.34 | FPS: 8447.3 | Var: per
Step: 1178624 | EPS: 0.71 | Rew: -0.35 | FPS: 8377.8 | Var: per
Step: 1179648 | EPS: 0.71 | Rew: -0.35 | FPS: 8139.7 | Var: per
Step: 1180672 | EPS: 0.71 | Rew: -0.34 | FPS: 8746.2 | Var: per
Step: 1181696 | EPS: 0.71 | Rew: -0.32 | FPS: 8745.3 | Var: per
Step: 1182720 | EPS: 0.71 | Rew: -0.33 | FPS: 8335.0 | Var: per
Step: 1183744 | EPS: 0.71 | Rew: -0.34 | FPS: 8320.7 | Var: per
Step: 1184768 | EPS: 0.71 | Rew: -0.35 | FPS: 8555.0 | Var: per
Step: 1185792 | EPS: 0.71 | Rew: -0.34 | FPS: 8627.3 | Var: per
Step: 1186816 | EPS: 0.71 | Rew: -0.33 | FPS: 8692.7 | Var: per
Step: 1187840 | EPS: 0.71 | Rew: -0.32 | FPS: 8412.1 | Var: per
Step: 1188864 | EPS: 0.71 | Rew: -0.29 | FPS: 8628.9 | Var: per
Step: 1189888 | EPS: 0.71 | Rew: -0.28 | FPS: 8191.0 | Var: per
Step: 1190912 | EPS: 0.71 | Rew: -0.34 | FPS: 7766.5 | Var: per
Step: 1191936 | EPS: 0.71 | Rew: -0.36 | FPS: 7223.5 | Var: per
Step: 1192960 | EPS: 0.71 | Rew: -0.31 | FPS: 8555.7 | Var: per
Step: 1193984 | EPS: 0.71 | Rew: -0.33 | FPS: 8547.2 | Var: per
Step: 1195008 | EPS: 0.71 | Rew: -0.30 | FPS: 8288.6 | Var: per
Step: 1196032 | EPS: 0.71 | Rew: -0.30 | FPS: 8491.1 | Var: per
Step: 1197056 | EPS: 0.71 | Rew: -0.34 | FPS: 5577.9 | Var: per
Step: 1198080 | EPS: 0.71 | Rew: -0.34 | FPS: 8488.8 | Var: per
Step: 1199104 | EPS: 0.71 | Rew: -0.35 | FPS: 8426.0 | Var: per
Step: 1200128 | EPS: 0.71 | Rew: -0.36 | FPS: 8577.0 | Var: per
Step: 1201152 | EPS: 0.71 | Rew: -0.36 | FPS: 7209.8 | Var: per
Step: 1202176 | EPS: 0.71 | Rew: -0.32 | FPS: 8280.2 | Var: per
Step: 1203200 | EPS: 0.71 | Rew: -0.34 | FPS: 8680.7 | Var: per
Step: 1204224 | EPS: 0.70 | Rew: -0.31 | FPS: 8229.1 | Var: per
Step: 1205248 | EPS: 0.70 | Rew: -0.29 | FPS: 8649.1 | Var: per
Step: 1206272 | EPS: 0.70 | Rew: -0.31 | FPS: 8086.2 | Var: per
Step: 1207296 | EPS: 0.70 | Rew: -0.27 | FPS: 8829.5 | Var: per
Step: 1208320 | EPS: 0.70 | Rew: -0.31 | FPS: 8313.6 | Var: per
Step: 1209344 | EPS: 0.70 | Rew: -0.33 | FPS: 9043.0 | Var: per
Step: 1210368 | EPS: 0.70 | Rew: -0.28 | FPS: 8672.1 | Var: per
Step: 1211392 | EPS: 0.70 | Rew: -0.26 | FPS: 8543.0 | Var: per
Step: 1212416 | EPS: 0.70 | Rew: -0.29 | FPS: 8629.7 | Var: per
Step: 1213440 | EPS: 0.70 | Rew: -0.29 | FPS: 7143.8 | Var: per
Step: 1214464 | EPS: 0.70 | Rew: -0.29 | FPS: 8853.8 | Var: per
Step: 1215488 | EPS: 0.70 | Rew: -0.28 | FPS: 8200.3 | Var: per
Step: 1216512 | EPS: 0.70 | Rew: -0.30 | FPS: 8454.2 | Var: per
Step: 1217536 | EPS: 0.70 | Rew: -0.29 | FPS: 8425.1 | Var: per
Step: 1218560 | EPS: 0.70 | Rew: -0.19 | FPS: 8584.6 | Var: per
>>> [Best] Saved -> agent/checkpoints/per_pretrain.pth | Rew -0.19
Step: 1219584 | EPS: 0.70 | Rew: -0.13 | FPS: 8538.2 | Var: per
Step: 1220608 | EPS: 0.70 | Rew: -0.17 | FPS: 8636.8 | Var: per
Step: 1221632 | EPS: 0.70 | Rew: -0.15 | FPS: 6658.9 | Var: per
Step: 1222656 | EPS: 0.70 | Rew: -0.16 | FPS: 7360.8 | Var: per
Step: 1223680 | EPS: 0.70 | Rew: -0.22 | FPS: 8678.5 | Var: per
Step: 1224704 | EPS: 0.70 | Rew: -0.27 | FPS: 8067.5 | Var: per
Step: 1225728 | EPS: 0.70 | Rew: -0.28 | FPS: 8724.2 | Var: per
Step: 1226752 | EPS: 0.70 | Rew: -0.32 | FPS: 8094.1 | Var: per
Step: 1227776 | EPS: 0.70 | Rew: -0.36 | FPS: 8161.2 | Var: per
Step: 1228800 | EPS: 0.70 | Rew: -0.37 | FPS: 8220.8 | Var: per
Step: 1229824 | EPS: 0.70 | Rew: -0.38 | FPS: 8102.5 | Var: per
Step: 1230848 | EPS: 0.70 | Rew: -0.39 | FPS: 8567.8 | Var: per
Step: 1231872 | EPS: 0.70 | Rew: -0.34 | FPS: 7978.2 | Var: per
Step: 1232896 | EPS: 0.70 | Rew: -0.30 | FPS: 8266.4 | Var: per
Step: 1233920 | EPS: 0.70 | Rew: -0.30 | FPS: 8644.6 | Var: per
Step: 1234944 | EPS: 0.70 | Rew: -0.28 | FPS: 8201.9 | Var: per
Step: 1235968 | EPS: 0.70 | Rew: -0.27 | FPS: 7831.2 | Var: per
Step: 1236992 | EPS: 0.70 | Rew: -0.29 | FPS: 8061.1 | Var: per
Step: 1238016 | EPS: 0.70 | Rew: -0.28 | FPS: 7940.7 | Var: per
Step: 1239040 | EPS: 0.70 | Rew: -0.28 | FPS: 8051.2 | Var: per
Step: 1240064 | EPS: 0.70 | Rew: -0.28 | FPS: 8212.8 | Var: per
Step: 1241088 | EPS: 0.70 | Rew: -0.32 | FPS: 8120.4 | Var: per
Step: 1242112 | EPS: 0.70 | Rew: -0.30 | FPS: 8649.6 | Var: per
Step: 1243136 | EPS: 0.70 | Rew: -0.32 | FPS: 8668.5 | Var: per
Step: 1244160 | EPS: 0.70 | Rew: -0.34 | FPS: 8089.0 | Var: per
Step: 1245184 | EPS: 0.69 | Rew: -0.30 | FPS: 8028.1 | Var: per
Step: 1246208 | EPS: 0.69 | Rew: -0.35 | FPS: 7240.9 | Var: per
Step: 1247232 | EPS: 0.69 | Rew: -0.32 | FPS: 8066.5 | Var: per
Step: 1248256 | EPS: 0.69 | Rew: -0.29 | FPS: 8316.1 | Var: per
Step: 1249280 | EPS: 0.69 | Rew: -0.31 | FPS: 8600.5 | Var: per
Step: 1250304 | EPS: 0.69 | Rew: -0.27 | FPS: 8427.6 | Var: per
Step: 1251328 | EPS: 0.69 | Rew: -0.24 | FPS: 8162.3 | Var: per
Step: 1252352 | EPS: 0.69 | Rew: -0.24 | FPS: 8826.4 | Var: per
Step: 1253376 | EPS: 0.69 | Rew: -0.22 | FPS: 7998.9 | Var: per
Step: 1254400 | EPS: 0.69 | Rew: -0.21 | FPS: 7803.6 | Var: per
Step: 1255424 | EPS: 0.69 | Rew: -0.20 | FPS: 8434.6 | Var: per
Step: 1256448 | EPS: 0.69 | Rew: -0.26 | FPS: 8260.7 | Var: per
Step: 1257472 | EPS: 0.69 | Rew: -0.30 | FPS: 8291.5 | Var: per
Step: 1258496 | EPS: 0.69 | Rew: -0.31 | FPS: 8561.4 | Var: per
Step: 1259520 | EPS: 0.69 | Rew: -0.29 | FPS: 8758.9 | Var: per
Step: 1260544 | EPS: 0.69 | Rew: -0.32 | FPS: 8604.9 | Var: per
Step: 1261568 | EPS: 0.69 | Rew: -0.27 | FPS: 7953.6 | Var: per
Step: 1262592 | EPS: 0.69 | Rew: -0.26 | FPS: 8055.8 | Var: per
Step: 1263616 | EPS: 0.69 | Rew: -0.24 | FPS: 8119.5 | Var: per
Step: 1264640 | EPS: 0.69 | Rew: -0.26 | FPS: 8128.6 | Var: per
Step: 1265664 | EPS: 0.69 | Rew: -0.23 | FPS: 6380.5 | Var: per
Step: 1266688 | EPS: 0.69 | Rew: -0.23 | FPS: 8634.3 | Var: per
Step: 1267712 | EPS: 0.69 | Rew: -0.21 | FPS: 8658.3 | Var: per
Step: 1268736 | EPS: 0.69 | Rew: -0.23 | FPS: 8372.5 | Var: per
Step: 1269760 | EPS: 0.69 | Rew: -0.27 | FPS: 8509.6 | Var: per
Step: 1270784 | EPS: 0.69 | Rew: -0.29 | FPS: 8168.1 | Var: per
Step: 1271808 | EPS: 0.69 | Rew: -0.31 | FPS: 8578.0 | Var: per
Step: 1272832 | EPS: 0.69 | Rew: -0.35 | FPS: 8278.2 | Var: per
Step: 1273856 | EPS: 0.69 | Rew: -0.33 | FPS: 8273.5 | Var: per
Step: 1274880 | EPS: 0.69 | Rew: -0.32 | FPS: 8325.9 | Var: per
Step: 1275904 | EPS: 0.69 | Rew: -0.32 | FPS: 8079.7 | Var: per
Step: 1276928 | EPS: 0.69 | Rew: -0.30 | FPS: 7862.1 | Var: per
Step: 1277952 | EPS: 0.69 | Rew: -0.31 | FPS: 8257.1 | Var: per
Step: 1278976 | EPS: 0.69 | Rew: -0.32 | FPS: 7511.9 | Var: per
Step: 1280000 | EPS: 0.69 | Rew: -0.32 | FPS: 7533.2 | Var: per
Step: 1281024 | EPS: 0.69 | Rew: -0.32 | FPS: 9685.1 | Var: per
Step: 1282048 | EPS: 0.69 | Rew: -0.33 | FPS: 9198.5 | Var: per
Step: 1283072 | EPS: 0.69 | Rew: -0.36 | FPS: 7917.9 | Var: per
Step: 1284096 | EPS: 0.69 | Rew: -0.33 | FPS: 6935.9 | Var: per
Step: 1285120 | EPS: 0.69 | Rew: -0.36 | FPS: 9614.4 | Var: per
Step: 1286144 | EPS: 0.68 | Rew: -0.34 | FPS: 8866.4 | Var: per
Step: 1287168 | EPS: 0.68 | Rew: -0.33 | FPS: 8333.6 | Var: per
Step: 1288192 | EPS: 0.68 | Rew: -0.30 | FPS: 8252.0 | Var: per
Step: 1289216 | EPS: 0.68 | Rew: -0.29 | FPS: 8098.5 | Var: per
Step: 1290240 | EPS: 0.68 | Rew: -0.27 | FPS: 8300.5 | Var: per
Step: 1291264 | EPS: 0.68 | Rew: -0.25 | FPS: 8272.3 | Var: per
Step: 1292288 | EPS: 0.68 | Rew: -0.26 | FPS: 8090.5 | Var: per
Step: 1293312 | EPS: 0.68 | Rew: -0.27 | FPS: 8158.6 | Var: per
Step: 1294336 | EPS: 0.68 | Rew: -0.24 | FPS: 8722.7 | Var: per
Step: 1295360 | EPS: 0.68 | Rew: -0.30 | FPS: 8228.4 | Var: per
Step: 1296384 | EPS: 0.68 | Rew: -0.32 | FPS: 8426.1 | Var: per
Step: 1297408 | EPS: 0.68 | Rew: -0.34 | FPS: 8422.4 | Var: per
Step: 1298432 | EPS: 0.68 | Rew: -0.31 | FPS: 8464.5 | Var: per
Step: 1299456 | EPS: 0.68 | Rew: -0.32 | FPS: 8179.9 | Var: per
Step: 1300480 | EPS: 0.68 | Rew: -0.29 | FPS: 8495.9 | Var: per
Step: 1301504 | EPS: 0.68 | Rew: -0.31 | FPS: 8371.5 | Var: per
Step: 1302528 | EPS: 0.68 | Rew: -0.28 | FPS: 8517.5 | Var: per
Step: 1303552 | EPS: 0.68 | Rew: -0.30 | FPS: 8575.8 | Var: per
Step: 1304576 | EPS: 0.68 | Rew: -0.28 | FPS: 8263.1 | Var: per
Step: 1305600 | EPS: 0.68 | Rew: -0.33 | FPS: 8532.0 | Var: per
Step: 1306624 | EPS: 0.68 | Rew: -0.33 | FPS: 8801.7 | Var: per
Step: 1307648 | EPS: 0.68 | Rew: -0.35 | FPS: 8679.2 | Var: per
Step: 1308672 | EPS: 0.68 | Rew: -0.33 | FPS: 8395.4 | Var: per
Step: 1309696 | EPS: 0.68 | Rew: -0.28 | FPS: 8361.9 | Var: per
Step: 1310720 | EPS: 0.68 | Rew: -0.26 | FPS: 8552.4 | Var: per
Step: 1311744 | EPS: 0.68 | Rew: -0.27 | FPS: 9488.9 | Var: per
Step: 1312768 | EPS: 0.68 | Rew: -0.25 | FPS: 8266.5 | Var: per
Step: 1313792 | EPS: 0.68 | Rew: -0.24 | FPS: 6917.1 | Var: per
Step: 1314816 | EPS: 0.68 | Rew: -0.24 | FPS: 7987.5 | Var: per
Step: 1315840 | EPS: 0.68 | Rew: -0.20 | FPS: 7286.1 | Var: per
Step: 1316864 | EPS: 0.68 | Rew: -0.22 | FPS: 8013.8 | Var: per
Step: 1317888 | EPS: 0.68 | Rew: -0.22 | FPS: 8138.7 | Var: per
Step: 1318912 | EPS: 0.68 | Rew: -0.22 | FPS: 8435.0 | Var: per
Step: 1319936 | EPS: 0.68 | Rew: -0.21 | FPS: 8100.7 | Var: per
Step: 1320960 | EPS: 0.68 | Rew: -0.23 | FPS: 8448.7 | Var: per
Step: 1321984 | EPS: 0.68 | Rew: -0.21 | FPS: 8722.7 | Var: per
Step: 1323008 | EPS: 0.68 | Rew: -0.23 | FPS: 7979.2 | Var: per
Step: 1324032 | EPS: 0.68 | Rew: -0.27 | FPS: 7748.4 | Var: per
Step: 1325056 | EPS: 0.68 | Rew: -0.28 | FPS: 8065.1 | Var: per
Step: 1326080 | EPS: 0.68 | Rew: -0.31 | FPS: 8397.5 | Var: per
Step: 1327104 | EPS: 0.67 | Rew: -0.30 | FPS: 8608.7 | Var: per
Step: 1328128 | EPS: 0.67 | Rew: -0.26 | FPS: 8556.1 | Var: per
Step: 1329152 | EPS: 0.67 | Rew: -0.24 | FPS: 8082.8 | Var: per
Step: 1330176 | EPS: 0.67 | Rew: -0.20 | FPS: 7830.9 | Var: per
Step: 1331200 | EPS: 0.67 | Rew: -0.20 | FPS: 7979.6 | Var: per
Step: 1332224 | EPS: 0.67 | Rew: -0.19 | FPS: 8020.5 | Var: per
Step: 1333248 | EPS: 0.67 | Rew: -0.26 | FPS: 8085.1 | Var: per
Step: 1334272 | EPS: 0.67 | Rew: -0.24 | FPS: 8319.1 | Var: per
Step: 1335296 | EPS: 0.67 | Rew: -0.26 | FPS: 8314.5 | Var: per
Step: 1336320 | EPS: 0.67 | Rew: -0.27 | FPS: 8762.3 | Var: per
Step: 1337344 | EPS: 0.67 | Rew: -0.29 | FPS: 8085.3 | Var: per
Step: 1338368 | EPS: 0.67 | Rew: -0.26 | FPS: 8281.6 | Var: per
Step: 1339392 | EPS: 0.67 | Rew: -0.30 | FPS: 8026.8 | Var: per
Step: 1340416 | EPS: 0.67 | Rew: -0.28 | FPS: 8284.7 | Var: per
Step: 1341440 | EPS: 0.67 | Rew: -0.23 | FPS: 8042.8 | Var: per
Step: 1342464 | EPS: 0.67 | Rew: -0.19 | FPS: 8166.0 | Var: per
Step: 1343488 | EPS: 0.67 | Rew: -0.17 | FPS: 7401.1 | Var: per
Step: 1344512 | EPS: 0.67 | Rew: -0.15 | FPS: 8179.5 | Var: per
Step: 1345536 | EPS: 0.67 | Rew: -0.17 | FPS: 8493.6 | Var: per
Step: 1346560 | EPS: 0.67 | Rew: -0.21 | FPS: 8612.6 | Var: per
Step: 1347584 | EPS: 0.67 | Rew: -0.25 | FPS: 8383.6 | Var: per
Step: 1348608 | EPS: 0.67 | Rew: -0.25 | FPS: 8112.6 | Var: per
Step: 1349632 | EPS: 0.67 | Rew: -0.30 | FPS: 8512.1 | Var: per
Step: 1350656 | EPS: 0.67 | Rew: -0.25 | FPS: 8370.0 | Var: per
Step: 1351680 | EPS: 0.67 | Rew: -0.23 | FPS: 8058.6 | Var: per
Step: 1352704 | EPS: 0.67 | Rew: -0.23 | FPS: 8161.8 | Var: per
Step: 1353728 | EPS: 0.67 | Rew: -0.19 | FPS: 7853.8 | Var: per
Step: 1354752 | EPS: 0.67 | Rew: -0.10 | FPS: 8241.5 | Var: per
Step: 1355776 | EPS: 0.67 | Rew: -0.15 | FPS: 8160.3 | Var: per
Step: 1356800 | EPS: 0.67 | Rew: -0.15 | FPS: 8504.3 | Var: per
Step: 1357824 | EPS: 0.67 | Rew: -0.15 | FPS: 6094.2 | Var: per
Step: 1358848 | EPS: 0.67 | Rew: -0.22 | FPS: 4075.9 | Var: per
Step: 1359872 | EPS: 0.67 | Rew: -0.23 | FPS: 5862.9 | Var: per
Step: 1360896 | EPS: 0.67 | Rew: -0.24 | FPS: 4434.8 | Var: per
Step: 1361920 | EPS: 0.67 | Rew: -0.32 | FPS: 6611.8 | Var: per
Step: 1362944 | EPS: 0.67 | Rew: -0.33 | FPS: 5965.4 | Var: per
Step: 1363968 | EPS: 0.67 | Rew: -0.30 | FPS: 6007.0 | Var: per
Step: 1364992 | EPS: 0.67 | Rew: -0.28 | FPS: 8148.7 | Var: per
Step: 1366016 | EPS: 0.67 | Rew: -0.21 | FPS: 8453.4 | Var: per
Step: 1367040 | EPS: 0.67 | Rew: -0.16 | FPS: 7988.7 | Var: per
Step: 1368064 | EPS: 0.66 | Rew: -0.07 | FPS: 8327.2 | Var: per
Step: 1369088 | EPS: 0.66 | Rew: -0.15 | FPS: 8227.5 | Var: per
Step: 1370112 | EPS: 0.66 | Rew: -0.16 | FPS: 8221.9 | Var: per
Step: 1371136 | EPS: 0.66 | Rew: -0.17 | FPS: 8560.4 | Var: per
Step: 1372160 | EPS: 0.66 | Rew: -0.25 | FPS: 8159.5 | Var: per
Step: 1373184 | EPS: 0.66 | Rew: -0.24 | FPS: 8226.8 | Var: per
Step: 1374208 | EPS: 0.66 | Rew: -0.23 | FPS: 8405.3 | Var: per
Step: 1375232 | EPS: 0.66 | Rew: -0.22 | FPS: 8355.4 | Var: per
Step: 1376256 | EPS: 0.66 | Rew: -0.22 | FPS: 8319.6 | Var: per
Step: 1377280 | EPS: 0.66 | Rew: -0.18 | FPS: 8396.0 | Var: per
Step: 1378304 | EPS: 0.66 | Rew: -0.21 | FPS: 8045.4 | Var: per
Step: 1379328 | EPS: 0.66 | Rew: -0.17 | FPS: 8412.5 | Var: per
Step: 1380352 | EPS: 0.66 | Rew: -0.16 | FPS: 8381.8 | Var: per
Step: 1381376 | EPS: 0.66 | Rew: -0.14 | FPS: 8119.1 | Var: per
Step: 1382400 | EPS: 0.66 | Rew: -0.14 | FPS: 6269.7 | Var: per
Step: 1383424 | EPS: 0.66 | Rew: -0.10 | FPS: 8016.7 | Var: per
Step: 1384448 | EPS: 0.66 | Rew: -0.13 | FPS: 8415.0 | Var: per
Step: 1385472 | EPS: 0.66 | Rew: -0.17 | FPS: 8952.5 | Var: per
Step: 1386496 | EPS: 0.66 | Rew: -0.18 | FPS: 8190.9 | Var: per
Step: 1387520 | EPS: 0.66 | Rew: -0.16 | FPS: 8561.2 | Var: per
Step: 1388544 | EPS: 0.66 | Rew: -0.21 | FPS: 8488.0 | Var: per
Step: 1389568 | EPS: 0.66 | Rew: -0.26 | FPS: 8106.8 | Var: per
Step: 1390592 | EPS: 0.66 | Rew: -0.26 | FPS: 8455.0 | Var: per
Step: 1391616 | EPS: 0.66 | Rew: -0.21 | FPS: 7659.3 | Var: per
Step: 1392640 | EPS: 0.66 | Rew: -0.25 | FPS: 8085.3 | Var: per
Step: 1393664 | EPS: 0.66 | Rew: -0.19 | FPS: 8054.0 | Var: per
Step: 1394688 | EPS: 0.66 | Rew: -0.16 | FPS: 8795.2 | Var: per
Step: 1395712 | EPS: 0.66 | Rew: -0.23 | FPS: 8082.8 | Var: per
Step: 1396736 | EPS: 0.66 | Rew: -0.27 | FPS: 8018.4 | Var: per
Step: 1397760 | EPS: 0.66 | Rew: -0.26 | FPS: 8837.1 | Var: per
Step: 1398784 | EPS: 0.66 | Rew: -0.30 | FPS: 9099.7 | Var: per
Step: 1399808 | EPS: 0.66 | Rew: -0.22 | FPS: 8394.9 | Var: per
Step: 1400832 | EPS: 0.66 | Rew: -0.25 | FPS: 8632.8 | Var: per
Step: 1401856 | EPS: 0.66 | Rew: -0.23 | FPS: 8058.5 | Var: per
Step: 1402880 | EPS: 0.66 | Rew: -0.23 | FPS: 6269.0 | Var: per
Step: 1403904 | EPS: 0.66 | Rew: -0.27 | FPS: 8391.5 | Var: per
Step: 1404928 | EPS: 0.66 | Rew: -0.32 | FPS: 8034.3 | Var: per
Step: 1405952 | EPS: 0.66 | Rew: -0.29 | FPS: 8321.1 | Var: per
Step: 1406976 | EPS: 0.66 | Rew: -0.30 | FPS: 7085.8 | Var: per
Step: 1408000 | EPS: 0.66 | Rew: -0.31 | FPS: 8081.8 | Var: per
Step: 1409024 | EPS: 0.65 | Rew: -0.28 | FPS: 8970.9 | Var: per
Step: 1410048 | EPS: 0.65 | Rew: -0.23 | FPS: 8068.8 | Var: per
Step: 1411072 | EPS: 0.65 | Rew: -0.22 | FPS: 8921.4 | Var: per
Step: 1412096 | EPS: 0.65 | Rew: -0.23 | FPS: 8532.9 | Var: per
Step: 1413120 | EPS: 0.65 | Rew: -0.21 | FPS: 8404.9 | Var: per
Step: 1414144 | EPS: 0.65 | Rew: -0.25 | FPS: 8521.7 | Var: per
Step: 1415168 | EPS: 0.65 | Rew: -0.25 | FPS: 8386.0 | Var: per
Step: 1416192 | EPS: 0.65 | Rew: -0.25 | FPS: 8439.7 | Var: per
Step: 1417216 | EPS: 0.65 | Rew: -0.21 | FPS: 8352.2 | Var: per
Step: 1418240 | EPS: 0.65 | Rew: -0.20 | FPS: 8465.6 | Var: per
Step: 1419264 | EPS: 0.65 | Rew: -0.16 | FPS: 8157.7 | Var: per
Step: 1420288 | EPS: 0.65 | Rew: -0.10 | FPS: 8415.7 | Var: per
Step: 1421312 | EPS: 0.65 | Rew: -0.12 | FPS: 8494.1 | Var: per
Step: 1422336 | EPS: 0.65 | Rew: -0.15 | FPS: 8473.8 | Var: per
Step: 1423360 | EPS: 0.65 | Rew: -0.14 | FPS: 8025.8 | Var: per
Step: 1424384 | EPS: 0.65 | Rew: -0.13 | FPS: 8288.0 | Var: per
Step: 1425408 | EPS: 0.65 | Rew: -0.18 | FPS: 8175.4 | Var: per
Step: 1426432 | EPS: 0.65 | Rew: -0.21 | FPS: 8378.0 | Var: per
Step: 1427456 | EPS: 0.65 | Rew: -0.22 | FPS: 8257.8 | Var: per
Step: 1428480 | EPS: 0.65 | Rew: -0.24 | FPS: 8828.8 | Var: per
Step: 1429504 | EPS: 0.65 | Rew: -0.25 | FPS: 8323.2 | Var: per
Step: 1430528 | EPS: 0.65 | Rew: -0.24 | FPS: 8052.8 | Var: per
Step: 1431552 | EPS: 0.65 | Rew: -0.19 | FPS: 8702.3 | Var: per
Step: 1432576 | EPS: 0.65 | Rew: -0.15 | FPS: 8007.3 | Var: per
Step: 1433600 | EPS: 0.65 | Rew: -0.15 | FPS: 8324.1 | Var: per
Step: 1434624 | EPS: 0.65 | Rew: -0.10 | FPS: 8530.1 | Var: per
Step: 1435648 | EPS: 0.65 | Rew: -0.11 | FPS: 8755.8 | Var: per
Step: 1436672 | EPS: 0.65 | Rew: -0.11 | FPS: 8034.8 | Var: per
Step: 1437696 | EPS: 0.65 | Rew: -0.15 | FPS: 8004.7 | Var: per
Step: 1438720 | EPS: 0.65 | Rew: -0.14 | FPS: 8776.5 | Var: per
Step: 1439744 | EPS: 0.65 | Rew: -0.11 | FPS: 8095.1 | Var: per
Step: 1440768 | EPS: 0.65 | Rew: -0.08 | FPS: 7930.6 | Var: per
Step: 1441792 | EPS: 0.65 | Rew: -0.11 | FPS: 8277.8 | Var: per
Step: 1442816 | EPS: 0.65 | Rew: -0.05 | FPS: 8200.0 | Var: per
Step: 1443840 | EPS: 0.65 | Rew: -0.11 | FPS: 8043.9 | Var: per
Step: 1444864 | EPS: 0.65 | Rew: -0.17 | FPS: 8479.9 | Var: per
Step: 1445888 | EPS: 0.65 | Rew: -0.18 | FPS: 9089.6 | Var: per
Step: 1446912 | EPS: 0.65 | Rew: -0.18 | FPS: 8071.5 | Var: per
Step: 1447936 | EPS: 0.65 | Rew: -0.17 | FPS: 6463.3 | Var: per
Step: 1448960 | EPS: 0.65 | Rew: -0.16 | FPS: 8143.5 | Var: per
Step: 1449984 | EPS: 0.64 | Rew: -0.16 | FPS: 8150.4 | Var: per
Step: 1451008 | EPS: 0.64 | Rew: -0.19 | FPS: 8508.9 | Var: per
Step: 1452032 | EPS: 0.64 | Rew: -0.17 | FPS: 8272.7 | Var: per
Step: 1453056 | EPS: 0.64 | Rew: -0.23 | FPS: 7513.8 | Var: per
Step: 1454080 | EPS: 0.64 | Rew: -0.27 | FPS: 8338.2 | Var: per
Step: 1455104 | EPS: 0.64 | Rew: -0.25 | FPS: 8523.1 | Var: per
Step: 1456128 | EPS: 0.64 | Rew: -0.28 | FPS: 7418.0 | Var: per
Step: 1457152 | EPS: 0.64 | Rew: -0.33 | FPS: 8106.4 | Var: per
Step: 1458176 | EPS: 0.64 | Rew: -0.23 | FPS: 8358.8 | Var: per
Step: 1459200 | EPS: 0.64 | Rew: -0.12 | FPS: 8062.7 | Var: per
Step: 1460224 | EPS: 0.64 | Rew: -0.15 | FPS: 7206.4 | Var: per
Step: 1461248 | EPS: 0.64 | Rew: -0.14 | FPS: 8308.7 | Var: per
Step: 1462272 | EPS: 0.64 | Rew: -0.15 | FPS: 9341.2 | Var: per
Step: 1463296 | EPS: 0.64 | Rew: -0.17 | FPS: 8651.9 | Var: per
Step: 1464320 | EPS: 0.64 | Rew: -0.20 | FPS: 8353.2 | Var: per
Step: 1465344 | EPS: 0.64 | Rew: -0.19 | FPS: 7805.7 | Var: per
Step: 1466368 | EPS: 0.64 | Rew: -0.18 | FPS: 8038.0 | Var: per
Step: 1467392 | EPS: 0.64 | Rew: -0.12 | FPS: 7266.6 | Var: per
Step: 1468416 | EPS: 0.64 | Rew: -0.17 | FPS: 8114.5 | Var: per
Step: 1469440 | EPS: 0.64 | Rew: -0.14 | FPS: 8591.7 | Var: per
Step: 1470464 | EPS: 0.64 | Rew: -0.16 | FPS: 8037.0 | Var: per
Step: 1471488 | EPS: 0.64 | Rew: -0.15 | FPS: 8603.9 | Var: per
Step: 1472512 | EPS: 0.64 | Rew: -0.14 | FPS: 8434.6 | Var: per
Step: 1473536 | EPS: 0.64 | Rew: -0.16 | FPS: 6985.6 | Var: per
Step: 1474560 | EPS: 0.64 | Rew: -0.16 | FPS: 8221.2 | Var: per
Step: 1475584 | EPS: 0.64 | Rew: -0.12 | FPS: 8202.5 | Var: per
Step: 1476608 | EPS: 0.64 | Rew: -0.15 | FPS: 5884.6 | Var: per
Step: 1477632 | EPS: 0.64 | Rew: -0.17 | FPS: 7162.8 | Var: per
Step: 1478656 | EPS: 0.64 | Rew: -0.17 | FPS: 8905.0 | Var: per
Step: 1479680 | EPS: 0.64 | Rew: -0.22 | FPS: 8443.4 | Var: per
Step: 1480704 | EPS: 0.64 | Rew: -0.21 | FPS: 8188.1 | Var: per
Step: 1481728 | EPS: 0.64 | Rew: -0.18 | FPS: 8374.5 | Var: per
Step: 1482752 | EPS: 0.64 | Rew: -0.08 | FPS: 8193.9 | Var: per
Step: 1483776 | EPS: 0.64 | Rew: -0.09 | FPS: 8222.6 | Var: per
Step: 1484800 | EPS: 0.64 | Rew: -0.05 | FPS: 8292.3 | Var: per
Step: 1485824 | EPS: 0.64 | Rew: -0.07 | FPS: 8018.9 | Var: per
Step: 1486848 | EPS: 0.64 | Rew: -0.08 | FPS: 8355.5 | Var: per
Step: 1487872 | EPS: 0.64 | Rew: -0.16 | FPS: 5400.6 | Var: per
Step: 1488896 | EPS: 0.64 | Rew: -0.15 | FPS: 6581.9 | Var: per
Step: 1489920 | EPS: 0.63 | Rew: -0.15 | FPS: 7125.6 | Var: per
Step: 1490944 | EPS: 0.63 | Rew: -0.18 | FPS: 8321.5 | Var: per
Step: 1491968 | EPS: 0.63 | Rew: -0.16 | FPS: 8694.3 | Var: per
Step: 1492992 | EPS: 0.63 | Rew: -0.18 | FPS: 8844.8 | Var: per
Step: 1494016 | EPS: 0.63 | Rew: -0.18 | FPS: 8363.1 | Var: per
Step: 1495040 | EPS: 0.63 | Rew: -0.16 | FPS: 8913.7 | Var: per
Step: 1496064 | EPS: 0.63 | Rew: -0.18 | FPS: 8573.4 | Var: per
Step: 1497088 | EPS: 0.63 | Rew: -0.19 | FPS: 8027.6 | Var: per
Step: 1498112 | EPS: 0.63 | Rew: -0.12 | FPS: 8306.6 | Var: per
Step: 1499136 | EPS: 0.63 | Rew: -0.12 | FPS: 8360.7 | Var: per
Step: 1500160 | EPS: 0.63 | Rew: -0.13 | FPS: 8082.9 | Var: per
Step: 1501184 | EPS: 0.63 | Rew: -0.11 | FPS: 7983.3 | Var: per
Step: 1502208 | EPS: 0.63 | Rew: -0.09 | FPS: 7947.0 | Var: per
Step: 1503232 | EPS: 0.63 | Rew: -0.21 | FPS: 8477.9 | Var: per
Step: 1504256 | EPS: 0.63 | Rew: -0.18 | FPS: 8310.6 | Var: per
Step: 1505280 | EPS: 0.63 | Rew: -0.20 | FPS: 7876.2 | Var: per
Step: 1506304 | EPS: 0.63 | Rew: -0.18 | FPS: 8497.0 | Var: per
Step: 1507328 | EPS: 0.63 | Rew: -0.10 | FPS: 8553.3 | Var: per
Step: 1508352 | EPS: 0.63 | Rew: -0.09 | FPS: 8266.4 | Var: per
Step: 1509376 | EPS: 0.63 | Rew: -0.07 | FPS: 8623.6 | Var: per
Step: 1510400 | EPS: 0.63 | Rew: -0.05 | FPS: 8374.3 | Var: per
Step: 1511424 | EPS: 0.63 | Rew: -0.05 | FPS: 8326.3 | Var: per
Step: 1512448 | EPS: 0.63 | Rew: -0.07 | FPS: 8734.9 | Var: per
Step: 1513472 | EPS: 0.63 | Rew: -0.04 | FPS: 8382.7 | Var: per
Step: 1514496 | EPS: 0.63 | Rew: -0.07 | FPS: 8143.7 | Var: per
Step: 1515520 | EPS: 0.63 | Rew: -0.10 | FPS: 8446.6 | Var: per
Step: 1516544 | EPS: 0.63 | Rew: -0.19 | FPS: 8561.5 | Var: per
Step: 1517568 | EPS: 0.63 | Rew: -0.20 | FPS: 8323.0 | Var: per
Step: 1518592 | EPS: 0.63 | Rew: -0.26 | FPS: 7751.2 | Var: per
Step: 1519616 | EPS: 0.63 | Rew: -0.25 | FPS: 8106.4 | Var: per
Step: 1520640 | EPS: 0.63 | Rew: -0.27 | FPS: 8071.8 | Var: per
Step: 1521664 | EPS: 0.63 | Rew: -0.21 | FPS: 8113.4 | Var: per
Step: 1522688 | EPS: 0.63 | Rew: -0.14 | FPS: 7853.2 | Var: per
Step: 1523712 | EPS: 0.63 | Rew: -0.07 | FPS: 8046.3 | Var: per
Step: 1524736 | EPS: 0.63 | Rew: -0.06 | FPS: 8070.2 | Var: per
Step: 1525760 | EPS: 0.63 | Rew: -0.04 | FPS: 8324.8 | Var: per
Step: 1526784 | EPS: 0.63 | Rew: -0.11 | FPS: 8328.1 | Var: per
Step: 1527808 | EPS: 0.63 | Rew: -0.15 | FPS: 8036.1 | Var: per
Step: 1528832 | EPS: 0.63 | Rew: -0.17 | FPS: 8520.7 | Var: per
Step: 1529856 | EPS: 0.63 | Rew: -0.14 | FPS: 9436.9 | Var: per
Step: 1530880 | EPS: 0.62 | Rew: -0.12 | FPS: 8547.7 | Var: per
Step: 1531904 | EPS: 0.62 | Rew: -0.15 | FPS: 8422.9 | Var: per
Step: 1532928 | EPS: 0.62 | Rew: -0.17 | FPS: 8462.6 | Var: per
Step: 1533952 | EPS: 0.62 | Rew: -0.20 | FPS: 8368.0 | Var: per
Step: 1534976 | EPS: 0.62 | Rew: -0.23 | FPS: 8363.1 | Var: per
Step: 1536000 | EPS: 0.62 | Rew: -0.22 | FPS: 7893.4 | Var: per
Step: 1537024 | EPS: 0.62 | Rew: -0.22 | FPS: 8422.9 | Var: per
Step: 1538048 | EPS: 0.62 | Rew: -0.17 | FPS: 6682.2 | Var: per
Step: 1539072 | EPS: 0.62 | Rew: -0.14 | FPS: 8001.2 | Var: per
Step: 1540096 | EPS: 0.62 | Rew: -0.17 | FPS: 8376.1 | Var: per
Step: 1541120 | EPS: 0.62 | Rew: -0.18 | FPS: 8166.8 | Var: per
Step: 1542144 | EPS: 0.62 | Rew: -0.13 | FPS: 6865.9 | Var: per
Step: 1543168 | EPS: 0.62 | Rew: -0.19 | FPS: 8483.5 | Var: per
Step: 1544192 | EPS: 0.62 | Rew: -0.16 | FPS: 8267.1 | Var: per
Step: 1545216 | EPS: 0.62 | Rew: -0.16 | FPS: 8012.4 | Var: per
Step: 1546240 | EPS: 0.62 | Rew: -0.10 | FPS: 8702.7 | Var: per
Step: 1547264 | EPS: 0.62 | Rew: -0.15 | FPS: 8196.3 | Var: per
Step: 1548288 | EPS: 0.62 | Rew: -0.12 | FPS: 8319.3 | Var: per
Step: 1549312 | EPS: 0.62 | Rew: -0.13 | FPS: 8497.8 | Var: per
Step: 1550336 | EPS: 0.62 | Rew: -0.13 | FPS: 8263.4 | Var: per
Step: 1551360 | EPS: 0.62 | Rew: -0.13 | FPS: 8695.1 | Var: per
Step: 1552384 | EPS: 0.62 | Rew: -0.11 | FPS: 8336.7 | Var: per
Step: 1553408 | EPS: 0.62 | Rew: -0.17 | FPS: 8794.8 | Var: per
Step: 1554432 | EPS: 0.62 | Rew: -0.15 | FPS: 6397.2 | Var: per
Step: 1555456 | EPS: 0.62 | Rew: -0.14 | FPS: 8092.6 | Var: per
Step: 1556480 | EPS: 0.62 | Rew: -0.13 | FPS: 7956.0 | Var: per
Step: 1557504 | EPS: 0.62 | Rew: -0.16 | FPS: 7920.8 | Var: per
Step: 1558528 | EPS: 0.62 | Rew: -0.15 | FPS: 7866.9 | Var: per
Step: 1559552 | EPS: 0.62 | Rew: -0.12 | FPS: 8609.4 | Var: per
Step: 1560576 | EPS: 0.62 | Rew: -0.14 | FPS: 8097.1 | Var: per
Step: 1561600 | EPS: 0.62 | Rew: -0.11 | FPS: 8115.7 | Var: per
Step: 1562624 | EPS: 0.62 | Rew: -0.05 | FPS: 7209.1 | Var: per
Step: 1563648 | EPS: 0.62 | Rew: -0.03 | FPS: 8338.5 | Var: per
Step: 1564672 | EPS: 0.62 | Rew: -0.01 | FPS: 7955.4 | Var: per
Step: 1565696 | EPS: 0.62 | Rew: -0.05 | FPS: 8345.1 | Var: per
Step: 1566720 | EPS: 0.62 | Rew: -0.13 | FPS: 8067.2 | Var: per
Step: 1567744 | EPS: 0.62 | Rew: -0.15 | FPS: 7967.0 | Var: per
Step: 1568768 | EPS: 0.62 | Rew: -0.16 | FPS: 8362.9 | Var: per
Step: 1569792 | EPS: 0.62 | Rew: -0.16 | FPS: 6946.0 | Var: per
Step: 1570816 | EPS: 0.62 | Rew: -0.16 | FPS: 8180.7 | Var: per
Step: 1571840 | EPS: 0.61 | Rew: -0.06 | FPS: 7153.2 | Var: per
Step: 1572864 | EPS: 0.61 | Rew: -0.05 | FPS: 6946.0 | Var: per
Step: 1573888 | EPS: 0.61 | Rew: -0.02 | FPS: 8352.1 | Var: per
Step: 1574912 | EPS: 0.61 | Rew: -0.05 | FPS: 7929.4 | Var: per
Step: 1575936 | EPS: 0.61 | Rew: -0.07 | FPS: 8011.8 | Var: per
Step: 1576960 | EPS: 0.61 | Rew: -0.09 | FPS: 7979.9 | Var: per
Step: 1577984 | EPS: 0.61 | Rew: -0.08 | FPS: 7868.9 | Var: per
Step: 1579008 | EPS: 0.61 | Rew: -0.05 | FPS: 8483.3 | Var: per
Step: 1580032 | EPS: 0.61 | Rew: -0.04 | FPS: 8628.3 | Var: per
Step: 1581056 | EPS: 0.61 | Rew: -0.07 | FPS: 8437.0 | Var: per
Step: 1582080 | EPS: 0.61 | Rew: -0.07 | FPS: 8077.3 | Var: per
Step: 1583104 | EPS: 0.61 | Rew: -0.02 | FPS: 8150.1 | Var: per
Step: 1584128 | EPS: 0.61 | Rew: -0.07 | FPS: 8185.4 | Var: per
Step: 1585152 | EPS: 0.61 | Rew: -0.08 | FPS: 8478.6 | Var: per
Step: 1586176 | EPS: 0.61 | Rew: -0.04 | FPS: 8260.2 | Var: per
Step: 1587200 | EPS: 0.61 | Rew: -0.02 | FPS: 8406.4 | Var: per
Step: 1588224 | EPS: 0.61 | Rew: -0.03 | FPS: 7278.7 | Var: per
Step: 1589248 | EPS: 0.61 | Rew: -0.09 | FPS: 8086.5 | Var: per
Step: 1590272 | EPS: 0.61 | Rew: -0.09 | FPS: 7122.3 | Var: per
Step: 1591296 | EPS: 0.61 | Rew: -0.11 | FPS: 8126.7 | Var: per
Step: 1592320 | EPS: 0.61 | Rew: -0.20 | FPS: 7941.4 | Var: per
Step: 1593344 | EPS: 0.61 | Rew: -0.21 | FPS: 8346.9 | Var: per
Step: 1594368 | EPS: 0.61 | Rew: -0.17 | FPS: 8136.5 | Var: per
Step: 1595392 | EPS: 0.61 | Rew: -0.14 | FPS: 8585.9 | Var: per
Step: 1596416 | EPS: 0.61 | Rew: -0.11 | FPS: 8321.5 | Var: per
Step: 1597440 | EPS: 0.61 | Rew: -0.05 | FPS: 8114.5 | Var: per
Step: 1598464 | EPS: 0.61 | Rew: -0.07 | FPS: 8385.0 | Var: per
Step: 1599488 | EPS: 0.61 | Rew: -0.02 | FPS: 7712.3 | Var: per
Step: 1600512 | EPS: 0.61 | Rew: -0.06 | FPS: 8342.4 | Var: per
Step: 1601536 | EPS: 0.61 | Rew: -0.11 | FPS: 8281.5 | Var: per
Step: 1602560 | EPS: 0.61 | Rew: -0.15 | FPS: 8199.8 | Var: per
Step: 1603584 | EPS: 0.61 | Rew: -0.12 | FPS: 7998.1 | Var: per
Step: 1604608 | EPS: 0.61 | Rew: -0.13 | FPS: 6206.2 | Var: per
Step: 1605632 | EPS: 0.61 | Rew: -0.12 | FPS: 8432.9 | Var: per
Step: 1606656 | EPS: 0.61 | Rew: -0.08 | FPS: 8356.0 | Var: per
Step: 1607680 | EPS: 0.61 | Rew: 0.01 | FPS: 8392.3 | Var: per
Step: 1608704 | EPS: 0.61 | Rew: -0.04 | FPS: 8030.6 | Var: per
Step: 1609728 | EPS: 0.61 | Rew: -0.02 | FPS: 8704.8 | Var: per
Step: 1610752 | EPS: 0.61 | Rew: -0.03 | FPS: 8450.6 | Var: per
Step: 1611776 | EPS: 0.61 | Rew: -0.09 | FPS: 8509.8 | Var: per
Step: 1612800 | EPS: 0.60 | Rew: -0.04 | FPS: 7925.7 | Var: per
Step: 1613824 | EPS: 0.60 | Rew: -0.04 | FPS: 8239.5 | Var: per
Step: 1614848 | EPS: 0.60 | Rew: -0.06 | FPS: 8091.2 | Var: per
Step: 1615872 | EPS: 0.60 | Rew: -0.09 | FPS: 8766.3 | Var: per
Step: 1616896 | EPS: 0.60 | Rew: -0.06 | FPS: 6855.7 | Var: per
Step: 1617920 | EPS: 0.60 | Rew: -0.01 | FPS: 8465.2 | Var: per
Step: 1618944 | EPS: 0.60 | Rew: 0.03 | FPS: 8453.4 | Var: per
Step: 1619968 | EPS: 0.60 | Rew: 0.03 | FPS: 8262.7 | Var: per
Step: 1620992 | EPS: 0.60 | Rew: 0.00 | FPS: 8519.5 | Var: per
Step: 1622016 | EPS: 0.60 | Rew: -0.03 | FPS: 8077.0 | Var: per
Step: 1623040 | EPS: 0.60 | Rew: -0.10 | FPS: 8295.2 | Var: per
Step: 1624064 | EPS: 0.60 | Rew: -0.11 | FPS: 6541.2 | Var: per
Step: 1625088 | EPS: 0.60 | Rew: -0.13 | FPS: 7595.2 | Var: per
Step: 1626112 | EPS: 0.60 | Rew: -0.16 | FPS: 8458.0 | Var: per
Step: 1627136 | EPS: 0.60 | Rew: -0.23 | FPS: 8581.2 | Var: per
Step: 1628160 | EPS: 0.60 | Rew: -0.18 | FPS: 8420.7 | Var: per
Step: 1629184 | EPS: 0.60 | Rew: -0.16 | FPS: 8104.9 | Var: per
Step: 1630208 | EPS: 0.60 | Rew: -0.12 | FPS: 8604.6 | Var: per
Step: 1631232 | EPS: 0.60 | Rew: -0.02 | FPS: 8271.1 | Var: per
Step: 1632256 | EPS: 0.60 | Rew: -0.08 | FPS: 8468.2 | Var: per
Step: 1633280 | EPS: 0.60 | Rew: -0.11 | FPS: 8648.5 | Var: per
Step: 1634304 | EPS: 0.60 | Rew: -0.11 | FPS: 8315.4 | Var: per
Step: 1635328 | EPS: 0.60 | Rew: -0.16 | FPS: 8299.7 | Var: per
Step: 1636352 | EPS: 0.60 | Rew: -0.08 | FPS: 8460.1 | Var: per
Step: 1637376 | EPS: 0.60 | Rew: -0.07 | FPS: 8011.8 | Var: per
Step: 1638400 | EPS: 0.60 | Rew: -0.04 | FPS: 8115.1 | Var: per
Step: 1639424 | EPS: 0.60 | Rew: -0.03 | FPS: 6970.4 | Var: per
Step: 1640448 | EPS: 0.60 | Rew: -0.05 | FPS: 8391.4 | Var: per
Step: 1641472 | EPS: 0.60 | Rew: -0.06 | FPS: 8433.7 | Var: per
Step: 1642496 | EPS: 0.60 | Rew: -0.02 | FPS: 8142.5 | Var: per
Step: 1643520 | EPS: 0.60 | Rew: 0.02 | FPS: 7949.1 | Var: per
Step: 1644544 | EPS: 0.60 | Rew: -0.01 | FPS: 8537.8 | Var: per
Step: 1645568 | EPS: 0.60 | Rew: 0.05 | FPS: 8258.6 | Var: per
Step: 1646592 | EPS: 0.60 | Rew: -0.02 | FPS: 8283.1 | Var: per
Step: 1647616 | EPS: 0.60 | Rew: -0.07 | FPS: 7178.2 | Var: per
Step: 1648640 | EPS: 0.60 | Rew: -0.13 | FPS: 8672.4 | Var: per
Step: 1649664 | EPS: 0.60 | Rew: -0.05 | FPS: 5577.2 | Var: per
Step: 1650688 | EPS: 0.60 | Rew: -0.06 | FPS: 8512.8 | Var: per
Step: 1651712 | EPS: 0.60 | Rew: 0.00 | FPS: 8435.1 | Var: per
Step: 1652736 | EPS: 0.60 | Rew: 0.02 | FPS: 8230.5 | Var: per
Step: 1653760 | EPS: 0.59 | Rew: 0.03 | FPS: 8491.1 | Var: per
Step: 1654784 | EPS: 0.59 | Rew: 0.06 | FPS: 6711.7 | Var: per
Step: 1655808 | EPS: 0.59 | Rew: -0.04 | FPS: 6689.9 | Var: per
Step: 1656832 | EPS: 0.59 | Rew: -0.06 | FPS: 5808.2 | Var: per
Step: 1657856 | EPS: 0.59 | Rew: -0.05 | FPS: 8526.3 | Var: per
Step: 1658880 | EPS: 0.59 | Rew: -0.09 | FPS: 8432.5 | Var: per
Step: 1659904 | EPS: 0.59 | Rew: -0.11 | FPS: 8104.8 | Var: per
Step: 1660928 | EPS: 0.59 | Rew: -0.08 | FPS: 8346.0 | Var: per
Step: 1661952 | EPS: 0.59 | Rew: -0.01 | FPS: 8107.6 | Var: per
Step: 1662976 | EPS: 0.59 | Rew: -0.02 | FPS: 8871.7 | Var: per
Step: 1664000 | EPS: 0.59 | Rew: 0.01 | FPS: 8662.1 | Var: per
Step: 1665024 | EPS: 0.59 | Rew: 0.00 | FPS: 8243.8 | Var: per
Step: 1666048 | EPS: 0.59 | Rew: 0.00 | FPS: 6052.9 | Var: per
Step: 1667072 | EPS: 0.59 | Rew: -0.05 | FPS: 8089.2 | Var: per
Step: 1668096 | EPS: 0.59 | Rew: -0.10 | FPS: 7105.2 | Var: per
Step: 1669120 | EPS: 0.59 | Rew: -0.05 | FPS: 8310.3 | Var: per
Step: 1670144 | EPS: 0.59 | Rew: -0.02 | FPS: 8830.2 | Var: per
Step: 1671168 | EPS: 0.59 | Rew: -0.02 | FPS: 8469.5 | Var: per
Step: 1672192 | EPS: 0.59 | Rew: -0.05 | FPS: 8442.2 | Var: per
Step: 1673216 | EPS: 0.59 | Rew: -0.01 | FPS: 8111.1 | Var: per
Step: 1674240 | EPS: 0.59 | Rew: -0.04 | FPS: 8514.8 | Var: per
Step: 1675264 | EPS: 0.59 | Rew: -0.09 | FPS: 7987.2 | Var: per
Step: 1676288 | EPS: 0.59 | Rew: -0.10 | FPS: 8299.5 | Var: per
Step: 1677312 | EPS: 0.59 | Rew: -0.03 | FPS: 8608.2 | Var: per
Step: 1678336 | EPS: 0.59 | Rew: -0.07 | FPS: 8118.4 | Var: per
Step: 1679360 | EPS: 0.59 | Rew: -0.05 | FPS: 8563.3 | Var: per
Step: 1680384 | EPS: 0.59 | Rew: 0.00 | FPS: 8551.4 | Var: per
Step: 1681408 | EPS: 0.59 | Rew: 0.03 | FPS: 8324.1 | Var: per
Step: 1682432 | EPS: 0.59 | Rew: 0.00 | FPS: 6718.1 | Var: per
Step: 1683456 | EPS: 0.59 | Rew: -0.05 | FPS: 8174.9 | Var: per
Step: 1684480 | EPS: 0.59 | Rew: -0.08 | FPS: 8619.2 | Var: per
Step: 1685504 | EPS: 0.59 | Rew: -0.11 | FPS: 8045.0 | Var: per
Step: 1686528 | EPS: 0.59 | Rew: -0.14 | FPS: 8696.8 | Var: per
Step: 1687552 | EPS: 0.59 | Rew: -0.13 | FPS: 8527.3 | Var: per
Step: 1688576 | EPS: 0.59 | Rew: -0.04 | FPS: 8436.2 | Var: per
Step: 1689600 | EPS: 0.59 | Rew: 0.04 | FPS: 8415.9 | Var: per
Step: 1690624 | EPS: 0.59 | Rew: 0.08 | FPS: 8884.4 | Var: per
Step: 1691648 | EPS: 0.59 | Rew: 0.15 | FPS: 8444.9 | Var: per
Step: 1692672 | EPS: 0.59 | Rew: 0.13 | FPS: 8110.9 | Var: per
Step: 1693696 | EPS: 0.59 | Rew: 0.07 | FPS: 8676.3 | Var: per
Step: 1694720 | EPS: 0.58 | Rew: 0.08 | FPS: 8192.8 | Var: per
Step: 1695744 | EPS: 0.58 | Rew: 0.05 | FPS: 8388.9 | Var: per
Step: 1696768 | EPS: 0.58 | Rew: 0.03 | FPS: 9575.9 | Var: per
Step: 1697792 | EPS: 0.58 | Rew: 0.05 | FPS: 8821.1 | Var: per
Step: 1698816 | EPS: 0.58 | Rew: 0.03 | FPS: 8791.8 | Var: per
Step: 1699840 | EPS: 0.58 | Rew: -0.02 | FPS: 8210.4 | Var: per
Step: 1700864 | EPS: 0.58 | Rew: -0.02 | FPS: 8365.6 | Var: per
Step: 1701888 | EPS: 0.58 | Rew: -0.07 | FPS: 8645.1 | Var: per
Step: 1702912 | EPS: 0.58 | Rew: -0.03 | FPS: 8279.4 | Var: per
Step: 1703936 | EPS: 0.58 | Rew: 0.01 | FPS: 6929.2 | Var: per
Step: 1704960 | EPS: 0.58 | Rew: -0.01 | FPS: 8536.9 | Var: per
Step: 1705984 | EPS: 0.58 | Rew: -0.03 | FPS: 7779.8 | Var: per
Step: 1707008 | EPS: 0.58 | Rew: -0.04 | FPS: 6788.9 | Var: per
Step: 1708032 | EPS: 0.58 | Rew: -0.10 | FPS: 8265.6 | Var: per
Step: 1709056 | EPS: 0.58 | Rew: -0.10 | FPS: 8443.6 | Var: per
Step: 1710080 | EPS: 0.58 | Rew: -0.13 | FPS: 8283.9 | Var: per
Step: 1711104 | EPS: 0.58 | Rew: -0.07 | FPS: 8724.3 | Var: per
Step: 1712128 | EPS: 0.58 | Rew: -0.07 | FPS: 7983.1 | Var: per
Step: 1713152 | EPS: 0.58 | Rew: -0.06 | FPS: 8065.5 | Var: per
Step: 1714176 | EPS: 0.58 | Rew: -0.06 | FPS: 9159.4 | Var: per
Step: 1715200 | EPS: 0.58 | Rew: -0.01 | FPS: 8663.4 | Var: per
Step: 1716224 | EPS: 0.58 | Rew: -0.07 | FPS: 8514.0 | Var: per
Step: 1717248 | EPS: 0.58 | Rew: -0.05 | FPS: 8347.6 | Var: per
Step: 1718272 | EPS: 0.58 | Rew: -0.07 | FPS: 8098.9 | Var: per
Step: 1719296 | EPS: 0.58 | Rew: -0.07 | FPS: 7950.7 | Var: per
Step: 1720320 | EPS: 0.58 | Rew: -0.05 | FPS: 8556.9 | Var: per
Step: 1721344 | EPS: 0.58 | Rew: -0.05 | FPS: 8580.5 | Var: per
Step: 1722368 | EPS: 0.58 | Rew: 0.04 | FPS: 8784.3 | Var: per
Step: 1723392 | EPS: 0.58 | Rew: 0.05 | FPS: 8223.1 | Var: per
Step: 1724416 | EPS: 0.58 | Rew: 0.05 | FPS: 8599.8 | Var: per
Step: 1725440 | EPS: 0.58 | Rew: 0.06 | FPS: 8273.6 | Var: per
Step: 1726464 | EPS: 0.58 | Rew: 0.08 | FPS: 7156.9 | Var: per
Step: 1727488 | EPS: 0.58 | Rew: 0.02 | FPS: 8667.1 | Var: per
Step: 1728512 | EPS: 0.58 | Rew: 0.01 | FPS: 8582.3 | Var: per
Step: 1729536 | EPS: 0.58 | Rew: 0.05 | FPS: 8418.6 | Var: per
Step: 1730560 | EPS: 0.58 | Rew: -0.02 | FPS: 8636.4 | Var: per
Step: 1731584 | EPS: 0.58 | Rew: 0.04 | FPS: 8921.0 | Var: per
Step: 1732608 | EPS: 0.58 | Rew: 0.11 | FPS: 8462.8 | Var: per
Step: 1733632 | EPS: 0.58 | Rew: 0.07 | FPS: 8681.5 | Var: per
Step: 1734656 | EPS: 0.58 | Rew: 0.02 | FPS: 6424.3 | Var: per
Step: 1735680 | EPS: 0.57 | Rew: -0.03 | FPS: 8327.7 | Var: per
Step: 1736704 | EPS: 0.57 | Rew: -0.04 | FPS: 8098.8 | Var: per
Step: 1737728 | EPS: 0.57 | Rew: -0.02 | FPS: 8434.8 | Var: per
Step: 1738752 | EPS: 0.57 | Rew: 0.02 | FPS: 6437.6 | Var: per
Step: 1739776 | EPS: 0.57 | Rew: 0.10 | FPS: 8234.8 | Var: per
Step: 1740800 | EPS: 0.57 | Rew: 0.06 | FPS: 8362.2 | Var: per
Step: 1741824 | EPS: 0.57 | Rew: -0.01 | FPS: 7549.5 | Var: per
Step: 1742848 | EPS: 0.57 | Rew: -0.06 | FPS: 8177.2 | Var: per
Step: 1743872 | EPS: 0.57 | Rew: -0.05 | FPS: 7825.5 | Var: per
Step: 1744896 | EPS: 0.57 | Rew: -0.03 | FPS: 8520.3 | Var: per
Step: 1745920 | EPS: 0.57 | Rew: 0.03 | FPS: 8117.1 | Var: per
Step: 1746944 | EPS: 0.57 | Rew: 0.05 | FPS: 8157.0 | Var: per
Step: 1747968 | EPS: 0.57 | Rew: 0.05 | FPS: 8044.3 | Var: per
Step: 1748992 | EPS: 0.57 | Rew: 0.08 | FPS: 7025.0 | Var: per
Step: 1750016 | EPS: 0.57 | Rew: -0.02 | FPS: 8170.0 | Var: per
Step: 1751040 | EPS: 0.57 | Rew: 0.06 | FPS: 8272.5 | Var: per
Step: 1752064 | EPS: 0.57 | Rew: -0.00 | FPS: 7871.8 | Var: per
Step: 1753088 | EPS: 0.57 | Rew: 0.05 | FPS: 8000.6 | Var: per
Step: 1754112 | EPS: 0.57 | Rew: -0.00 | FPS: 8341.2 | Var: per
Step: 1755136 | EPS: 0.57 | Rew: 0.00 | FPS: 8602.9 | Var: per
Step: 1756160 | EPS: 0.57 | Rew: -0.01 | FPS: 7916.2 | Var: per
Step: 1757184 | EPS: 0.57 | Rew: 0.06 | FPS: 7943.9 | Var: per
Step: 1758208 | EPS: 0.57 | Rew: 0.07 | FPS: 6737.1 | Var: per
Step: 1759232 | EPS: 0.57 | Rew: 0.07 | FPS: 8486.3 | Var: per
Step: 1760256 | EPS: 0.57 | Rew: 0.08 | FPS: 8497.4 | Var: per
Step: 1761280 | EPS: 0.57 | Rew: 0.10 | FPS: 8289.7 | Var: per
Step: 1762304 | EPS: 0.57 | Rew: 0.02 | FPS: 8134.6 | Var: per
Step: 1763328 | EPS: 0.57 | Rew: 0.00 | FPS: 8141.4 | Var: per
Step: 1764352 | EPS: 0.57 | Rew: 0.07 | FPS: 8590.6 | Var: per
Step: 1765376 | EPS: 0.57 | Rew: 0.02 | FPS: 8281.4 | Var: per
Step: 1766400 | EPS: 0.57 | Rew: -0.00 | FPS: 8382.7 | Var: per
Step: 1767424 | EPS: 0.57 | Rew: 0.05 | FPS: 7966.9 | Var: per
Step: 1768448 | EPS: 0.57 | Rew: 0.12 | FPS: 7102.4 | Var: per
Step: 1769472 | EPS: 0.57 | Rew: 0.07 | FPS: 8386.8 | Var: per
Step: 1770496 | EPS: 0.57 | Rew: 0.14 | FPS: 7985.3 | Var: per
Step: 1771520 | EPS: 0.57 | Rew: 0.09 | FPS: 8223.7 | Var: per
Step: 1772544 | EPS: 0.57 | Rew: 0.04 | FPS: 7938.9 | Var: per
Step: 1773568 | EPS: 0.57 | Rew: -0.01 | FPS: 8343.1 | Var: per
Step: 1774592 | EPS: 0.57 | Rew: -0.01 | FPS: 8184.6 | Var: per
Step: 1775616 | EPS: 0.56 | Rew: 0.01 | FPS: 8111.6 | Var: per
Step: 1776640 | EPS: 0.56 | Rew: 0.04 | FPS: 8264.2 | Var: per
Step: 1777664 | EPS: 0.56 | Rew: 0.03 | FPS: 8009.3 | Var: per
Step: 1778688 | EPS: 0.56 | Rew: 0.05 | FPS: 7703.8 | Var: per
Step: 1779712 | EPS: 0.56 | Rew: 0.03 | FPS: 8075.5 | Var: per
Step: 1780736 | EPS: 0.56 | Rew: -0.03 | FPS: 7934.7 | Var: per
Step: 1781760 | EPS: 0.56 | Rew: -0.00 | FPS: 8692.0 | Var: per
Step: 1782784 | EPS: 0.56 | Rew: 0.04 | FPS: 8176.0 | Var: per
Step: 1783808 | EPS: 0.56 | Rew: -0.02 | FPS: 8144.5 | Var: per
Step: 1784832 | EPS: 0.56 | Rew: 0.00 | FPS: 8420.0 | Var: per
Step: 1785856 | EPS: 0.56 | Rew: 0.05 | FPS: 8127.0 | Var: per
Step: 1786880 | EPS: 0.56 | Rew: -0.01 | FPS: 7681.9 | Var: per
Step: 1787904 | EPS: 0.56 | Rew: -0.01 | FPS: 7703.4 | Var: per
Step: 1788928 | EPS: 0.56 | Rew: -0.06 | FPS: 7964.2 | Var: per
Step: 1789952 | EPS: 0.56 | Rew: -0.10 | FPS: 8069.4 | Var: per
Step: 1790976 | EPS: 0.56 | Rew: -0.14 | FPS: 7954.6 | Var: per
Step: 1792000 | EPS: 0.56 | Rew: -0.16 | FPS: 8286.0 | Var: per
Step: 1793024 | EPS: 0.56 | Rew: -0.14 | FPS: 8041.8 | Var: per
Step: 1794048 | EPS: 0.56 | Rew: -0.09 | FPS: 6971.8 | Var: per
Step: 1795072 | EPS: 0.56 | Rew: -0.02 | FPS: 8016.5 | Var: per
Step: 1796096 | EPS: 0.56 | Rew: -0.02 | FPS: 8775.4 | Var: per
Step: 1797120 | EPS: 0.56 | Rew: 0.03 | FPS: 8373.9 | Var: per
Step: 1798144 | EPS: 0.56 | Rew: 0.03 | FPS: 8985.1 | Var: per
Step: 1799168 | EPS: 0.56 | Rew: 0.05 | FPS: 8808.8 | Var: per
Step: 1800192 | EPS: 0.56 | Rew: 0.05 | FPS: 8308.0 | Var: per
Step: 1801216 | EPS: 0.56 | Rew: 0.08 | FPS: 8304.0 | Var: per
Step: 1802240 | EPS: 0.56 | Rew: 0.11 | FPS: 8243.8 | Var: per
Step: 1803264 | EPS: 0.56 | Rew: 0.05 | FPS: 8159.0 | Var: per
Step: 1804288 | EPS: 0.56 | Rew: 0.00 | FPS: 7548.9 | Var: per
Step: 1805312 | EPS: 0.56 | Rew: -0.06 | FPS: 8527.1 | Var: per
Step: 1806336 | EPS: 0.56 | Rew: -0.12 | FPS: 8396.7 | Var: per
Step: 1807360 | EPS: 0.56 | Rew: -0.11 | FPS: 8134.6 | Var: per
Step: 1808384 | EPS: 0.56 | Rew: -0.01 | FPS: 8187.6 | Var: per
Step: 1809408 | EPS: 0.56 | Rew: 0.05 | FPS: 6916.6 | Var: per
Step: 1810432 | EPS: 0.56 | Rew: 0.04 | FPS: 8042.2 | Var: per
Step: 1811456 | EPS: 0.56 | Rew: 0.11 | FPS: 8555.5 | Var: per
Step: 1812480 | EPS: 0.56 | Rew: 0.13 | FPS: 7983.4 | Var: per
Step: 1813504 | EPS: 0.56 | Rew: 0.08 | FPS: 8132.8 | Var: per
Step: 1814528 | EPS: 0.56 | Rew: 0.08 | FPS: 8453.7 | Var: per
Step: 1815552 | EPS: 0.56 | Rew: 0.15 | FPS: 9034.9 | Var: per
Step: 1816576 | EPS: 0.55 | Rew: 0.10 | FPS: 8372.7 | Var: per
Step: 1817600 | EPS: 0.55 | Rew: 0.07 | FPS: 8562.8 | Var: per
Step: 1818624 | EPS: 0.55 | Rew: 0.03 | FPS: 8328.8 | Var: per
Step: 1819648 | EPS: 0.55 | Rew: 0.03 | FPS: 7302.0 | Var: per
Step: 1820672 | EPS: 0.55 | Rew: 0.09 | FPS: 8224.2 | Var: per
Step: 1821696 | EPS: 0.55 | Rew: 0.12 | FPS: 8045.9 | Var: per
Step: 1822720 | EPS: 0.55 | Rew: 0.10 | FPS: 8218.1 | Var: per
Step: 1823744 | EPS: 0.55 | Rew: 0.13 | FPS: 9037.5 | Var: per
Step: 1824768 | EPS: 0.55 | Rew: 0.12 | FPS: 7832.8 | Var: per
Step: 1825792 | EPS: 0.55 | Rew: 0.02 | FPS: 8522.8 | Var: per
Step: 1826816 | EPS: 0.55 | Rew: 0.01 | FPS: 8377.9 | Var: per
Step: 1827840 | EPS: 0.55 | Rew: 0.02 | FPS: 6831.4 | Var: per
Step: 1828864 | EPS: 0.55 | Rew: -0.04 | FPS: 8309.1 | Var: per
Step: 1829888 | EPS: 0.55 | Rew: -0.08 | FPS: 8690.2 | Var: per
Step: 1830912 | EPS: 0.55 | Rew: -0.06 | FPS: 8063.4 | Var: per
Step: 1831936 | EPS: 0.55 | Rew: 0.01 | FPS: 7991.6 | Var: per
Step: 1832960 | EPS: 0.55 | Rew: 0.04 | FPS: 8449.9 | Var: per
Step: 1833984 | EPS: 0.55 | Rew: 0.13 | FPS: 8791.5 | Var: per
Step: 1835008 | EPS: 0.55 | Rew: 0.14 | FPS: 8296.0 | Var: per
Step: 1836032 | EPS: 0.55 | Rew: 0.19 | FPS: 8593.6 | Var: per
Step: 1837056 | EPS: 0.55 | Rew: 0.16 | FPS: 7192.0 | Var: per
Step: 1838080 | EPS: 0.55 | Rew: 0.22 | FPS: 6782.4 | Var: per
Step: 1839104 | EPS: 0.55 | Rew: 0.13 | FPS: 8389.9 | Var: per
Step: 1840128 | EPS: 0.55 | Rew: 0.06 | FPS: 8167.1 | Var: per
Step: 1841152 | EPS: 0.55 | Rew: 0.04 | FPS: 8180.9 | Var: per
Step: 1842176 | EPS: 0.55 | Rew: 0.02 | FPS: 5982.0 | Var: per
Step: 1843200 | EPS: 0.55 | Rew: 0.02 | FPS: 8345.7 | Var: per
Step: 1844224 | EPS: 0.55 | Rew: 0.05 | FPS: 8327.5 | Var: per
Step: 1845248 | EPS: 0.55 | Rew: 0.09 | FPS: 7965.0 | Var: per
Step: 1846272 | EPS: 0.55 | Rew: 0.06 | FPS: 8297.1 | Var: per
Step: 1847296 | EPS: 0.55 | Rew: -0.02 | FPS: 8469.3 | Var: per
Step: 1848320 | EPS: 0.55 | Rew: 0.02 | FPS: 7326.3 | Var: per
Step: 1849344 | EPS: 0.55 | Rew: -0.00 | FPS: 7468.8 | Var: per
Step: 1850368 | EPS: 0.55 | Rew: 0.01 | FPS: 8863.1 | Var: per
Step: 1851392 | EPS: 0.55 | Rew: 0.00 | FPS: 7779.3 | Var: per
Step: 1852416 | EPS: 0.55 | Rew: -0.04 | FPS: 7204.5 | Var: per
Step: 1853440 | EPS: 0.55 | Rew: -0.07 | FPS: 8279.1 | Var: per
Step: 1854464 | EPS: 0.55 | Rew: -0.10 | FPS: 8131.2 | Var: per
Step: 1855488 | EPS: 0.55 | Rew: -0.00 | FPS: 7841.2 | Var: per
Step: 1856512 | EPS: 0.55 | Rew: 0.08 | FPS: 8120.9 | Var: per
Step: 1857536 | EPS: 0.54 | Rew: 0.20 | FPS: 8851.0 | Var: per
Step: 1858560 | EPS: 0.54 | Rew: 0.17 | FPS: 8795.9 | Var: per
Step: 1859584 | EPS: 0.54 | Rew: 0.18 | FPS: 8446.7 | Var: per
Step: 1860608 | EPS: 0.54 | Rew: 0.17 | FPS: 7848.0 | Var: per
Step: 1861632 | EPS: 0.54 | Rew: 0.06 | FPS: 7828.1 | Var: per
Step: 1862656 | EPS: 0.54 | Rew: 0.09 | FPS: 6929.2 | Var: per
Step: 1863680 | EPS: 0.54 | Rew: 0.01 | FPS: 8407.4 | Var: per
Step: 1864704 | EPS: 0.54 | Rew: 0.11 | FPS: 7948.3 | Var: per
Step: 1865728 | EPS: 0.54 | Rew: 0.17 | FPS: 8368.0 | Var: per
Step: 1866752 | EPS: 0.54 | Rew: 0.08 | FPS: 9277.7 | Var: per
Step: 1867776 | EPS: 0.54 | Rew: 0.15 | FPS: 8814.1 | Var: per
Step: 1868800 | EPS: 0.54 | Rew: 0.18 | FPS: 8523.6 | Var: per
Step: 1869824 | EPS: 0.54 | Rew: 0.08 | FPS: 8129.5 | Var: per
Step: 1870848 | EPS: 0.54 | Rew: 0.08 | FPS: 8264.0 | Var: per
Step: 1871872 | EPS: 0.54 | Rew: 0.03 | FPS: 8305.6 | Var: per
Step: 1872896 | EPS: 0.54 | Rew: 0.00 | FPS: 8051.2 | Var: per
Step: 1873920 | EPS: 0.54 | Rew: 0.05 | FPS: 8273.3 | Var: per
Step: 1874944 | EPS: 0.54 | Rew: 0.12 | FPS: 8868.6 | Var: per
Step: 1875968 | EPS: 0.54 | Rew: 0.15 | FPS: 8701.8 | Var: per
Step: 1876992 | EPS: 0.54 | Rew: 0.19 | FPS: 8693.9 | Var: per
Step: 1878016 | EPS: 0.54 | Rew: 0.12 | FPS: 7870.0 | Var: per
Step: 1879040 | EPS: 0.54 | Rew: 0.09 | FPS: 8245.0 | Var: per
Step: 1880064 | EPS: 0.54 | Rew: 0.06 | FPS: 8046.9 | Var: per
Step: 1881088 | EPS: 0.54 | Rew: 0.04 | FPS: 8178.7 | Var: per
Step: 1882112 | EPS: 0.54 | Rew: 0.05 | FPS: 8318.7 | Var: per
Step: 1883136 | EPS: 0.54 | Rew: 0.07 | FPS: 8521.7 | Var: per
Step: 1884160 | EPS: 0.54 | Rew: 0.13 | FPS: 8485.6 | Var: per
Step: 1885184 | EPS: 0.54 | Rew: 0.24 | FPS: 8360.6 | Var: per
Step: 1886208 | EPS: 0.54 | Rew: 0.28 | FPS: 8376.9 | Var: per
Step: 1887232 | EPS: 0.54 | Rew: 0.24 | FPS: 7963.8 | Var: per
Step: 1888256 | EPS: 0.54 | Rew: 0.23 | FPS: 7557.7 | Var: per
Step: 1889280 | EPS: 0.54 | Rew: 0.22 | FPS: 8284.5 | Var: per
Step: 1890304 | EPS: 0.54 | Rew: 0.19 | FPS: 8333.4 | Var: per
Step: 1891328 | EPS: 0.54 | Rew: 0.17 | FPS: 8093.8 | Var: per
Step: 1892352 | EPS: 0.54 | Rew: 0.18 | FPS: 8356.4 | Var: per
Step: 1893376 | EPS: 0.54 | Rew: 0.18 | FPS: 8744.9 | Var: per
Step: 1894400 | EPS: 0.54 | Rew: 0.14 | FPS: 6683.4 | Var: per
Step: 1895424 | EPS: 0.54 | Rew: 0.13 | FPS: 8095.8 | Var: per
Step: 1896448 | EPS: 0.54 | Rew: 0.12 | FPS: 8115.9 | Var: per
Step: 1897472 | EPS: 0.54 | Rew: 0.15 | FPS: 8674.2 | Var: per
Step: 1898496 | EPS: 0.53 | Rew: 0.19 | FPS: 8275.6 | Var: per
Step: 1899520 | EPS: 0.53 | Rew: 0.16 | FPS: 8465.0 | Var: per
Step: 1900544 | EPS: 0.53 | Rew: 0.12 | FPS: 8547.1 | Var: per
Step: 1901568 | EPS: 0.53 | Rew: 0.10 | FPS: 8875.3 | Var: per
Step: 1902592 | EPS: 0.53 | Rew: 0.10 | FPS: 9236.4 | Var: per
Step: 1903616 | EPS: 0.53 | Rew: 0.02 | FPS: 8386.5 | Var: per
Step: 1904640 | EPS: 0.53 | Rew: 0.06 | FPS: 8356.8 | Var: per
Step: 1905664 | EPS: 0.53 | Rew: 0.12 | FPS: 8652.1 | Var: per
Step: 1906688 | EPS: 0.53 | Rew: 0.12 | FPS: 8137.9 | Var: per
Step: 1907712 | EPS: 0.53 | Rew: 0.16 | FPS: 8351.0 | Var: per
Step: 1908736 | EPS: 0.53 | Rew: 0.22 | FPS: 8208.6 | Var: per
Step: 1909760 | EPS: 0.53 | Rew: 0.18 | FPS: 8191.1 | Var: per
Step: 1910784 | EPS: 0.53 | Rew: 0.11 | FPS: 8283.9 | Var: per
Step: 1911808 | EPS: 0.53 | Rew: 0.03 | FPS: 8136.0 | Var: per
Step: 1912832 | EPS: 0.53 | Rew: 0.00 | FPS: 8286.2 | Var: per
Step: 1913856 | EPS: 0.53 | Rew: -0.04 | FPS: 8387.3 | Var: per
Step: 1914880 | EPS: 0.53 | Rew: 0.00 | FPS: 8012.7 | Var: per
Step: 1915904 | EPS: 0.53 | Rew: 0.06 | FPS: 8207.6 | Var: per
Step: 1916928 | EPS: 0.53 | Rew: 0.13 | FPS: 7896.8 | Var: per
Step: 1917952 | EPS: 0.53 | Rew: 0.17 | FPS: 7785.5 | Var: per
Step: 1918976 | EPS: 0.53 | Rew: 0.20 | FPS: 8212.5 | Var: per
Step: 1920000 | EPS: 0.53 | Rew: 0.26 | FPS: 8654.4 | Var: per
Step: 1921024 | EPS: 0.53 | Rew: 0.29 | FPS: 8342.5 | Var: per
Step: 1922048 | EPS: 0.53 | Rew: 0.29 | FPS: 8101.8 | Var: per
Step: 1923072 | EPS: 0.53 | Rew: 0.25 | FPS: 6602.5 | Var: per
Step: 1924096 | EPS: 0.53 | Rew: 0.23 | FPS: 8151.3 | Var: per
Step: 1925120 | EPS: 0.53 | Rew: 0.22 | FPS: 8084.5 | Var: per
Step: 1926144 | EPS: 0.53 | Rew: 0.30 | FPS: 8405.8 | Var: per
Step: 1927168 | EPS: 0.53 | Rew: 0.35 | FPS: 7959.9 | Var: per
>>> [Best] Saved -> agent/checkpoints/per_pretrain.pth | Rew 0.35
Step: 1928192 | EPS: 0.53 | Rew: 0.36 | FPS: 8109.4 | Var: per
Step: 1929216 | EPS: 0.53 | Rew: 0.45 | FPS: 6748.4 | Var: per
Step: 1930240 | EPS: 0.53 | Rew: 0.32 | FPS: 8421.2 | Var: per
Step: 1931264 | EPS: 0.53 | Rew: 0.20 | FPS: 8117.3 | Var: per
Step: 1932288 | EPS: 0.53 | Rew: 0.12 | FPS: 6494.8 | Var: per
Step: 1933312 | EPS: 0.53 | Rew: 0.07 | FPS: 8248.8 | Var: per
Step: 1934336 | EPS: 0.53 | Rew: 0.03 | FPS: 8481.4 | Var: per
Step: 1935360 | EPS: 0.53 | Rew: 0.07 | FPS: 8512.2 | Var: per
Step: 1936384 | EPS: 0.53 | Rew: 0.07 | FPS: 8758.8 | Var: per
Step: 1937408 | EPS: 0.53 | Rew: 0.12 | FPS: 7040.5 | Var: per
Step: 1938432 | EPS: 0.53 | Rew: 0.16 | FPS: 8165.6 | Var: per
Step: 1939456 | EPS: 0.52 | Rew: 0.14 | FPS: 8739.7 | Var: per
Step: 1940480 | EPS: 0.52 | Rew: 0.18 | FPS: 8080.1 | Var: per
Step: 1941504 | EPS: 0.52 | Rew: 0.16 | FPS: 8408.2 | Var: per
Step: 1942528 | EPS: 0.52 | Rew: 0.13 | FPS: 8038.3 | Var: per
Step: 1943552 | EPS: 0.52 | Rew: 0.14 | FPS: 7971.5 | Var: per
Step: 1944576 | EPS: 0.52 | Rew: 0.17 | FPS: 7865.7 | Var: per
Step: 1945600 | EPS: 0.52 | Rew: 0.17 | FPS: 7227.8 | Var: per
Step: 1946624 | EPS: 0.52 | Rew: 0.15 | FPS: 7933.8 | Var: per
Step: 1947648 | EPS: 0.52 | Rew: 0.17 | FPS: 8068.9 | Var: per
Step: 1948672 | EPS: 0.52 | Rew: 0.26 | FPS: 8143.0 | Var: per
Step: 1949696 | EPS: 0.52 | Rew: 0.24 | FPS: 6931.9 | Var: per
Step: 1950720 | EPS: 0.52 | Rew: 0.31 | FPS: 7969.5 | Var: per
Step: 1951744 | EPS: 0.52 | Rew: 0.37 | FPS: 8035.8 | Var: per
Step: 1952768 | EPS: 0.52 | Rew: 0.33 | FPS: 8923.5 | Var: per
Step: 1953792 | EPS: 0.52 | Rew: 0.33 | FPS: 8324.6 | Var: per
Step: 1954816 | EPS: 0.52 | Rew: 0.25 | FPS: 8003.3 | Var: per
Step: 1955840 | EPS: 0.52 | Rew: 0.18 | FPS: 8315.2 | Var: per
Step: 1956864 | EPS: 0.52 | Rew: 0.15 | FPS: 8617.7 | Var: per
Step: 1957888 | EPS: 0.52 | Rew: 0.08 | FPS: 8537.0 | Var: per
Step: 1958912 | EPS: 0.52 | Rew: 0.03 | FPS: 8398.3 | Var: per
Step: 1959936 | EPS: 0.52 | Rew: 0.17 | FPS: 8582.6 | Var: per
Step: 1960960 | EPS: 0.52 | Rew: 0.18 | FPS: 8198.3 | Var: per
Step: 1961984 | EPS: 0.52 | Rew: 0.21 | FPS: 8213.8 | Var: per
Step: 1963008 | EPS: 0.52 | Rew: 0.25 | FPS: 8598.4 | Var: per
Step: 1964032 | EPS: 0.52 | Rew: 0.11 | FPS: 8406.4 | Var: per
Step: 1965056 | EPS: 0.52 | Rew: 0.09 | FPS: 8208.8 | Var: per
Step: 1966080 | EPS: 0.52 | Rew: 0.10 | FPS: 7997.5 | Var: per
Step: 1967104 | EPS: 0.52 | Rew: 0.10 | FPS: 8006.5 | Var: per
Step: 1968128 | EPS: 0.52 | Rew: 0.03 | FPS: 9166.2 | Var: per
Step: 1969152 | EPS: 0.52 | Rew: 0.02 | FPS: 8581.0 | Var: per
Step: 1970176 | EPS: 0.52 | Rew: 0.09 | FPS: 8381.6 | Var: per
Step: 1971200 | EPS: 0.52 | Rew: 0.03 | FPS: 8418.0 | Var: per
Step: 1972224 | EPS: 0.52 | Rew: 0.10 | FPS: 7905.8 | Var: per
Step: 1973248 | EPS: 0.52 | Rew: 0.09 | FPS: 7652.1 | Var: per
Step: 1974272 | EPS: 0.52 | Rew: 0.12 | FPS: 7871.5 | Var: per
Step: 1975296 | EPS: 0.52 | Rew: 0.04 | FPS: 7877.9 | Var: per
Step: 1976320 | EPS: 0.52 | Rew: 0.05 | FPS: 7878.1 | Var: per
Step: 1977344 | EPS: 0.52 | Rew: 0.07 | FPS: 7732.4 | Var: per
Step: 1978368 | EPS: 0.52 | Rew: 0.10 | FPS: 8017.6 | Var: per
Step: 1979392 | EPS: 0.52 | Rew: 0.18 | FPS: 8021.1 | Var: per
Step: 1980416 | EPS: 0.51 | Rew: 0.24 | FPS: 8252.9 | Var: per
Step: 1981440 | EPS: 0.51 | Rew: 0.24 | FPS: 8834.8 | Var: per
Step: 1982464 | EPS: 0.51 | Rew: 0.23 | FPS: 8482.6 | Var: per
Step: 1983488 | EPS: 0.51 | Rew: 0.33 | FPS: 8088.3 | Var: per
Step: 1984512 | EPS: 0.51 | Rew: 0.30 | FPS: 8152.1 | Var: per
Step: 1985536 | EPS: 0.51 | Rew: 0.41 | FPS: 8542.9 | Var: per
Step: 1986560 | EPS: 0.51 | Rew: 0.41 | FPS: 8311.0 | Var: per
Step: 1987584 | EPS: 0.51 | Rew: 0.41 | FPS: 8027.2 | Var: per
Step: 1988608 | EPS: 0.51 | Rew: 0.30 | FPS: 7953.7 | Var: per
Step: 1989632 | EPS: 0.51 | Rew: 0.33 | FPS: 8781.8 | Var: per
Step: 1990656 | EPS: 0.51 | Rew: 0.38 | FPS: 7961.1 | Var: per
Step: 1991680 | EPS: 0.51 | Rew: 0.43 | FPS: 8171.7 | Var: per
Step: 1992704 | EPS: 0.51 | Rew: 0.45 | FPS: 8396.3 | Var: per
Step: 1993728 | EPS: 0.51 | Rew: 0.42 | FPS: 8622.3 | Var: per
Step: 1994752 | EPS: 0.51 | Rew: 0.36 | FPS: 8736.6 | Var: per
Step: 1995776 | EPS: 0.51 | Rew: 0.22 | FPS: 8624.0 | Var: per
Step: 1996800 | EPS: 0.51 | Rew: 0.10 | FPS: 8157.8 | Var: per
Step: 1997824 | EPS: 0.51 | Rew: 0.07 | FPS: 8270.9 | Var: per
Step: 1998848 | EPS: 0.51 | Rew: 0.05 | FPS: 8201.9 | Var: per
Step: 1999872 | EPS: 0.51 | Rew: -0.01 | FPS: 8164.5 | Var: per
Step: 2000896 | EPS: 0.51 | Rew: -0.03 | FPS: 8260.7 | Var: per
Step: 2001920 | EPS: 0.51 | Rew: 0.01 | FPS: 8122.7 | Var: per
Step: 2002944 | EPS: 0.51 | Rew: 0.04 | FPS: 8200.4 | Var: per
Step: 2003968 | EPS: 0.51 | Rew: 0.19 | FPS: 8938.7 | Var: per
Step: 2004992 | EPS: 0.51 | Rew: 0.28 | FPS: 7948.0 | Var: per
Step: 2006016 | EPS: 0.51 | Rew: 0.42 | FPS: 8693.6 | Var: per
Step: 2007040 | EPS: 0.51 | Rew: 0.38 | FPS: 8441.5 | Var: per
Step: 2008064 | EPS: 0.51 | Rew: 0.31 | FPS: 8349.1 | Var: per
Step: 2009088 | EPS: 0.51 | Rew: 0.33 | FPS: 8291.4 | Var: per
Step: 2010112 | EPS: 0.51 | Rew: 0.28 | FPS: 8456.7 | Var: per
Step: 2011136 | EPS: 0.51 | Rew: 0.31 | FPS: 8149.8 | Var: per
Step: 2012160 | EPS: 0.51 | Rew: 0.25 | FPS: 8406.1 | Var: per
Step: 2013184 | EPS: 0.51 | Rew: 0.17 | FPS: 8139.3 | Var: per
Step: 2014208 | EPS: 0.51 | Rew: 0.18 | FPS: 6377.9 | Var: per
Step: 2015232 | EPS: 0.51 | Rew: 0.13 | FPS: 8000.7 | Var: per
Step: 2016256 | EPS: 0.51 | Rew: 0.12 | FPS: 8573.9 | Var: per
Step: 2017280 | EPS: 0.51 | Rew: 0.22 | FPS: 8483.5 | Var: per
Step: 2018304 | EPS: 0.51 | Rew: 0.24 | FPS: 8332.5 | Var: per
Step: 2019328 | EPS: 0.51 | Rew: 0.24 | FPS: 8345.2 | Var: per
Step: 2020352 | EPS: 0.51 | Rew: 0.22 | FPS: 7994.9 | Var: per
Step: 2021376 | EPS: 0.50 | Rew: 0.37 | FPS: 9134.0 | Var: per
Step: 2022400 | EPS: 0.50 | Rew: 0.32 | FPS: 8130.7 | Var: per
Step: 2023424 | EPS: 0.50 | Rew: 0.33 | FPS: 8139.8 | Var: per
Step: 2024448 | EPS: 0.50 | Rew: 0.33 | FPS: 8678.3 | Var: per
Step: 2025472 | EPS: 0.50 | Rew: 0.28 | FPS: 8225.7 | Var: per
Step: 2026496 | EPS: 0.50 | Rew: 0.17 | FPS: 8175.5 | Var: per
Step: 2027520 | EPS: 0.50 | Rew: 0.17 | FPS: 8106.1 | Var: per
Step: 2028544 | EPS: 0.50 | Rew: 0.07 | FPS: 7402.7 | Var: per
Step: 2029568 | EPS: 0.50 | Rew: 0.13 | FPS: 8132.8 | Var: per
Step: 2030592 | EPS: 0.50 | Rew: 0.13 | FPS: 8191.4 | Var: per
Step: 2031616 | EPS: 0.50 | Rew: 0.15 | FPS: 8325.1 | Var: per
Step: 2032640 | EPS: 0.50 | Rew: 0.27 | FPS: 7462.8 | Var: per
Step: 2033664 | EPS: 0.50 | Rew: 0.20 | FPS: 8579.3 | Var: per
Step: 2034688 | EPS: 0.50 | Rew: 0.17 | FPS: 8262.6 | Var: per
Step: 2035712 | EPS: 0.50 | Rew: 0.21 | FPS: 7380.1 | Var: per
Step: 2036736 | EPS: 0.50 | Rew: 0.21 | FPS: 8129.2 | Var: per
Step: 2037760 | EPS: 0.50 | Rew: 0.19 | FPS: 8343.3 | Var: per
Step: 2038784 | EPS: 0.50 | Rew: 0.26 | FPS: 8552.4 | Var: per
Step: 2039808 | EPS: 0.50 | Rew: 0.25 | FPS: 9054.0 | Var: per
Step: 2040832 | EPS: 0.50 | Rew: 0.26 | FPS: 8314.6 | Var: per
Step: 2041856 | EPS: 0.50 | Rew: 0.31 | FPS: 8139.6 | Var: per
Step: 2042880 | EPS: 0.50 | Rew: 0.35 | FPS: 7993.6 | Var: per
Step: 2043904 | EPS: 0.50 | Rew: 0.27 | FPS: 8047.8 | Var: per
Step: 2044928 | EPS: 0.50 | Rew: 0.38 | FPS: 6714.4 | Var: per
Step: 2045952 | EPS: 0.50 | Rew: 0.35 | FPS: 7729.7 | Var: per
Step: 2046976 | EPS: 0.50 | Rew: 0.25 | FPS: 8158.5 | Var: per
Step: 2048000 | EPS: 0.50 | Rew: 0.22 | FPS: 8372.8 | Var: per
Step: 2049024 | EPS: 0.50 | Rew: 0.23 | FPS: 8672.0 | Var: per
Step: 2050048 | EPS: 0.50 | Rew: 0.16 | FPS: 8580.6 | Var: per
Step: 2051072 | EPS: 0.50 | Rew: 0.16 | FPS: 8709.1 | Var: per
Step: 2052096 | EPS: 0.50 | Rew: 0.20 | FPS: 8197.0 | Var: per
Step: 2053120 | EPS: 0.50 | Rew: 0.29 | FPS: 8258.2 | Var: per
Step: 2054144 | EPS: 0.50 | Rew: 0.29 | FPS: 8587.5 | Var: per
Step: 2055168 | EPS: 0.50 | Rew: 0.23 | FPS: 8369.0 | Var: per
Step: 2056192 | EPS: 0.50 | Rew: 0.25 | FPS: 7511.7 | Var: per
Step: 2057216 | EPS: 0.50 | Rew: 0.26 | FPS: 8887.7 | Var: per
Step: 2058240 | EPS: 0.50 | Rew: 0.31 | FPS: 8339.0 | Var: per
Step: 2059264 | EPS: 0.50 | Rew: 0.21 | FPS: 8554.0 | Var: per
Step: 2060288 | EPS: 0.50 | Rew: 0.32 | FPS: 8006.3 | Var: per
Step: 2061312 | EPS: 0.49 | Rew: 0.33 | FPS: 7996.6 | Var: per
Step: 2062336 | EPS: 0.49 | Rew: 0.31 | FPS: 7960.5 | Var: per
Step: 2063360 | EPS: 0.49 | Rew: 0.18 | FPS: 8642.0 | Var: per
Step: 2064384 | EPS: 0.49 | Rew: 0.22 | FPS: 8442.4 | Var: per
Step: 2065408 | EPS: 0.49 | Rew: 0.23 | FPS: 8448.8 | Var: per
Step: 2066432 | EPS: 0.49 | Rew: 0.21 | FPS: 8623.3 | Var: per
Step: 2067456 | EPS: 0.49 | Rew: 0.20 | FPS: 8293.2 | Var: per
Step: 2068480 | EPS: 0.49 | Rew: 0.33 | FPS: 8439.0 | Var: per
Step: 2069504 | EPS: 0.49 | Rew: 0.34 | FPS: 8506.9 | Var: per
Step: 2070528 | EPS: 0.49 | Rew: 0.36 | FPS: 7916.8 | Var: per
Step: 2071552 | EPS: 0.49 | Rew: 0.38 | FPS: 8220.9 | Var: per
Step: 2072576 | EPS: 0.49 | Rew: 0.27 | FPS: 8046.5 | Var: per
Step: 2073600 | EPS: 0.49 | Rew: 0.21 | FPS: 8736.2 | Var: per
Step: 2074624 | EPS: 0.49 | Rew: 0.21 | FPS: 10248.9 | Var: per
Step: 2075648 | EPS: 0.49 | Rew: 0.23 | FPS: 8363.0 | Var: per
Step: 2076672 | EPS: 0.49 | Rew: 0.26 | FPS: 8186.6 | Var: per
Step: 2077696 | EPS: 0.49 | Rew: 0.31 | FPS: 8138.8 | Var: per
Step: 2078720 | EPS: 0.49 | Rew: 0.27 | FPS: 8641.2 | Var: per
Step: 2079744 | EPS: 0.49 | Rew: 0.27 | FPS: 8242.7 | Var: per
Step: 2080768 | EPS: 0.49 | Rew: 0.22 | FPS: 8018.3 | Var: per
Step: 2081792 | EPS: 0.49 | Rew: 0.15 | FPS: 8435.0 | Var: per
Step: 2082816 | EPS: 0.49 | Rew: 0.15 | FPS: 8845.0 | Var: per
Step: 2083840 | EPS: 0.49 | Rew: 0.22 | FPS: 8782.3 | Var: per
Step: 2084864 | EPS: 0.49 | Rew: 0.25 | FPS: 8634.1 | Var: per
Step: 2085888 | EPS: 0.49 | Rew: 0.31 | FPS: 8486.2 | Var: per
Step: 2086912 | EPS: 0.49 | Rew: 0.36 | FPS: 8430.4 | Var: per
Step: 2087936 | EPS: 0.49 | Rew: 0.48 | FPS: 8652.1 | Var: per
Step: 2088960 | EPS: 0.49 | Rew: 0.46 | FPS: 8413.4 | Var: per
Step: 2089984 | EPS: 0.49 | Rew: 0.45 | FPS: 8804.6 | Var: per
Step: 2091008 | EPS: 0.49 | Rew: 0.45 | FPS: 5863.0 | Var: per
Step: 2092032 | EPS: 0.49 | Rew: 0.43 | FPS: 8332.9 | Var: per
Step: 2093056 | EPS: 0.49 | Rew: 0.40 | FPS: 8140.1 | Var: per
Step: 2094080 | EPS: 0.49 | Rew: 0.36 | FPS: 8131.4 | Var: per
Step: 2095104 | EPS: 0.49 | Rew: 0.32 | FPS: 6462.8 | Var: per
Step: 2096128 | EPS: 0.49 | Rew: 0.33 | FPS: 8524.1 | Var: per
Step: 2097152 | EPS: 0.49 | Rew: 0.34 | FPS: 8210.2 | Var: per
Step: 2098176 | EPS: 0.49 | Rew: 0.35 | FPS: 8278.7 | Var: per
Step: 2099200 | EPS: 0.49 | Rew: 0.27 | FPS: 8552.6 | Var: per
Step: 2100224 | EPS: 0.49 | Rew: 0.27 | FPS: 8003.0 | Var: per
Step: 2101248 | EPS: 0.49 | Rew: 0.21 | FPS: 8166.6 | Var: per
Step: 2102272 | EPS: 0.48 | Rew: 0.21 | FPS: 8422.1 | Var: per
Step: 2103296 | EPS: 0.48 | Rew: 0.25 | FPS: 8699.1 | Var: per
Step: 2104320 | EPS: 0.48 | Rew: 0.32 | FPS: 8352.6 | Var: per
Step: 2105344 | EPS: 0.48 | Rew: 0.28 | FPS: 8352.3 | Var: per
Step: 2106368 | EPS: 0.48 | Rew: 0.31 | FPS: 8270.8 | Var: per
Step: 2107392 | EPS: 0.48 | Rew: 0.30 | FPS: 8459.5 | Var: per
Step: 2108416 | EPS: 0.48 | Rew: 0.28 | FPS: 5684.2 | Var: per
Step: 2109440 | EPS: 0.48 | Rew: 0.28 | FPS: 8763.7 | Var: per
Step: 2110464 | EPS: 0.48 | Rew: 0.31 | FPS: 8885.8 | Var: per
Step: 2111488 | EPS: 0.48 | Rew: 0.21 | FPS: 8367.4 | Var: per
Step: 2112512 | EPS: 0.48 | Rew: 0.28 | FPS: 8333.8 | Var: per
Step: 2113536 | EPS: 0.48 | Rew: 0.30 | FPS: 7242.9 | Var: per
Step: 2114560 | EPS: 0.48 | Rew: 0.29 | FPS: 8167.9 | Var: per
Step: 2115584 | EPS: 0.48 | Rew: 0.31 | FPS: 8292.9 | Var: per
Step: 2116608 | EPS: 0.48 | Rew: 0.36 | FPS: 5656.0 | Var: per
Step: 2117632 | EPS: 0.48 | Rew: 0.31 | FPS: 8636.8 | Var: per
Step: 2118656 | EPS: 0.48 | Rew: 0.30 | FPS: 8711.2 | Var: per
Step: 2119680 | EPS: 0.48 | Rew: 0.26 | FPS: 8540.2 | Var: per
Step: 2120704 | EPS: 0.48 | Rew: 0.30 | FPS: 8560.2 | Var: per
Step: 2121728 | EPS: 0.48 | Rew: 0.33 | FPS: 8512.6 | Var: per
Step: 2122752 | EPS: 0.48 | Rew: 0.35 | FPS: 6923.7 | Var: per
Step: 2123776 | EPS: 0.48 | Rew: 0.32 | FPS: 7105.4 | Var: per
Step: 2124800 | EPS: 0.48 | Rew: 0.47 | FPS: 7206.6 | Var: per
Step: 2125824 | EPS: 0.48 | Rew: 0.47 | FPS: 8352.0 | Var: per
Step: 2126848 | EPS: 0.48 | Rew: 0.48 | FPS: 8462.3 | Var: per
Step: 2127872 | EPS: 0.48 | Rew: 0.60 | FPS: 8490.0 | Var: per
Step: 2128896 | EPS: 0.48 | Rew: 0.60 | FPS: 8373.5 | Var: per
Step: 2129920 | EPS: 0.48 | Rew: 0.53 | FPS: 8496.3 | Var: per
Step: 2130944 | EPS: 0.48 | Rew: 0.38 | FPS: 8113.1 | Var: per
Step: 2131968 | EPS: 0.48 | Rew: 0.32 | FPS: 8064.1 | Var: per
Step: 2132992 | EPS: 0.48 | Rew: 0.31 | FPS: 7878.0 | Var: per
Step: 2134016 | EPS: 0.48 | Rew: 0.24 | FPS: 8077.7 | Var: per
Step: 2135040 | EPS: 0.48 | Rew: 0.26 | FPS: 8483.4 | Var: per
Step: 2136064 | EPS: 0.48 | Rew: 0.30 | FPS: 8683.0 | Var: per
Step: 2137088 | EPS: 0.48 | Rew: 0.34 | FPS: 7976.2 | Var: per
Step: 2138112 | EPS: 0.48 | Rew: 0.28 | FPS: 8028.1 | Var: per
Step: 2139136 | EPS: 0.48 | Rew: 0.28 | FPS: 7756.6 | Var: per
Step: 2140160 | EPS: 0.48 | Rew: 0.18 | FPS: 8273.9 | Var: per
Step: 2141184 | EPS: 0.48 | Rew: 0.21 | FPS: 8613.1 | Var: per
Step: 2142208 | EPS: 0.48 | Rew: 0.20 | FPS: 7281.0 | Var: per
Step: 2143232 | EPS: 0.47 | Rew: 0.25 | FPS: 7686.8 | Var: per
Step: 2144256 | EPS: 0.47 | Rew: 0.26 | FPS: 8556.4 | Var: per
Step: 2145280 | EPS: 0.47 | Rew: 0.24 | FPS: 8035.6 | Var: per
Step: 2146304 | EPS: 0.47 | Rew: 0.23 | FPS: 8086.6 | Var: per
Step: 2147328 | EPS: 0.47 | Rew: 0.25 | FPS: 8568.3 | Var: per
Step: 2148352 | EPS: 0.47 | Rew: 0.22 | FPS: 8262.3 | Var: per
Step: 2149376 | EPS: 0.47 | Rew: 0.22 | FPS: 8221.8 | Var: per
Step: 2150400 | EPS: 0.47 | Rew: 0.32 | FPS: 8073.1 | Var: per
Step: 2151424 | EPS: 0.47 | Rew: 0.22 | FPS: 8404.8 | Var: per
Step: 2152448 | EPS: 0.47 | Rew: 0.30 | FPS: 8147.2 | Var: per
Step: 2153472 | EPS: 0.47 | Rew: 0.30 | FPS: 8129.9 | Var: per
Step: 2154496 | EPS: 0.47 | Rew: 0.31 | FPS: 8415.1 | Var: per
Step: 2155520 | EPS: 0.47 | Rew: 0.36 | FPS: 8336.0 | Var: per
Step: 2156544 | EPS: 0.47 | Rew: 0.38 | FPS: 8328.7 | Var: per
Step: 2157568 | EPS: 0.47 | Rew: 0.39 | FPS: 8464.7 | Var: per
Step: 2158592 | EPS: 0.47 | Rew: 0.45 | FPS: 8791.9 | Var: per
Step: 2159616 | EPS: 0.47 | Rew: 0.43 | FPS: 8309.9 | Var: per
Step: 2160640 | EPS: 0.47 | Rew: 0.33 | FPS: 8310.1 | Var: per
Step: 2161664 | EPS: 0.47 | Rew: 0.37 | FPS: 8094.0 | Var: per
Step: 2162688 | EPS: 0.47 | Rew: 0.35 | FPS: 8553.2 | Var: per
Step: 2163712 | EPS: 0.47 | Rew: 0.34 | FPS: 8348.1 | Var: per
Step: 2164736 | EPS: 0.47 | Rew: 0.36 | FPS: 7976.3 | Var: per
Step: 2165760 | EPS: 0.47 | Rew: 0.37 | FPS: 8017.4 | Var: per
Step: 2166784 | EPS: 0.47 | Rew: 0.34 | FPS: 8495.3 | Var: per
Step: 2167808 | EPS: 0.47 | Rew: 0.32 | FPS: 8248.1 | Var: per
Step: 2168832 | EPS: 0.47 | Rew: 0.31 | FPS: 8256.9 | Var: per
Step: 2169856 | EPS: 0.47 | Rew: 0.26 | FPS: 8458.5 | Var: per
Step: 2170880 | EPS: 0.47 | Rew: 0.31 | FPS: 8138.9 | Var: per
Step: 2171904 | EPS: 0.47 | Rew: 0.27 | FPS: 8407.9 | Var: per
Step: 2172928 | EPS: 0.47 | Rew: 0.31 | FPS: 8500.2 | Var: per
Step: 2173952 | EPS: 0.47 | Rew: 0.42 | FPS: 8311.4 | Var: per
Step: 2174976 | EPS: 0.47 | Rew: 0.47 | FPS: 8440.8 | Var: per
Step: 2176000 | EPS: 0.47 | Rew: 0.42 | FPS: 8349.1 | Var: per
Step: 2177024 | EPS: 0.47 | Rew: 0.36 | FPS: 8309.1 | Var: per
Step: 2178048 | EPS: 0.47 | Rew: 0.37 | FPS: 8569.4 | Var: per
Step: 2179072 | EPS: 0.47 | Rew: 0.34 | FPS: 8750.0 | Var: per
Step: 2180096 | EPS: 0.47 | Rew: 0.38 | FPS: 8361.8 | Var: per
Step: 2181120 | EPS: 0.47 | Rew: 0.39 | FPS: 7799.9 | Var: per
Step: 2182144 | EPS: 0.47 | Rew: 0.38 | FPS: 7910.4 | Var: per
Step: 2183168 | EPS: 0.47 | Rew: 0.40 | FPS: 8632.4 | Var: per
Step: 2184192 | EPS: 0.46 | Rew: 0.47 | FPS: 8118.4 | Var: per
Step: 2185216 | EPS: 0.46 | Rew: 0.41 | FPS: 8446.3 | Var: per
Step: 2186240 | EPS: 0.46 | Rew: 0.44 | FPS: 8791.9 | Var: per
Step: 2187264 | EPS: 0.46 | Rew: 0.52 | FPS: 8280.3 | Var: per
Step: 2188288 | EPS: 0.46 | Rew: 0.47 | FPS: 8791.3 | Var: per
Step: 2189312 | EPS: 0.46 | Rew: 0.37 | FPS: 8157.3 | Var: per
Step: 2190336 | EPS: 0.46 | Rew: 0.52 | FPS: 8404.7 | Var: per
Step: 2191360 | EPS: 0.46 | Rew: 0.60 | FPS: 8702.2 | Var: per
Step: 2192384 | EPS: 0.46 | Rew: 0.60 | FPS: 8062.3 | Var: per
Step: 2193408 | EPS: 0.46 | Rew: 0.61 | FPS: 8355.0 | Var: per
Step: 2194432 | EPS: 0.46 | Rew: 0.59 | FPS: 8573.4 | Var: per
Step: 2195456 | EPS: 0.46 | Rew: 0.60 | FPS: 8548.6 | Var: per
Step: 2196480 | EPS: 0.46 | Rew: 0.51 | FPS: 6272.7 | Var: per
Step: 2197504 | EPS: 0.46 | Rew: 0.49 | FPS: 7945.2 | Var: per
Step: 2198528 | EPS: 0.46 | Rew: 0.48 | FPS: 8146.4 | Var: per
Step: 2199552 | EPS: 0.46 | Rew: 0.54 | FPS: 8746.0 | Var: per
Step: 2200576 | EPS: 0.46 | Rew: 0.57 | FPS: 8662.9 | Var: per
Step: 2201600 | EPS: 0.46 | Rew: 0.61 | FPS: 8083.7 | Var: per
Step: 2202624 | EPS: 0.46 | Rew: 0.54 | FPS: 8255.0 | Var: per
Step: 2203648 | EPS: 0.46 | Rew: 0.48 | FPS: 8260.7 | Var: per
Step: 2204672 | EPS: 0.46 | Rew: 0.50 | FPS: 8426.0 | Var: per
Step: 2205696 | EPS: 0.46 | Rew: 0.31 | FPS: 8057.2 | Var: per
Step: 2206720 | EPS: 0.46 | Rew: 0.29 | FPS: 7975.3 | Var: per
Step: 2207744 | EPS: 0.46 | Rew: 0.43 | FPS: 8352.0 | Var: per
Step: 2208768 | EPS: 0.46 | Rew: 0.42 | FPS: 7952.9 | Var: per
Step: 2209792 | EPS: 0.46 | Rew: 0.44 | FPS: 7870.5 | Var: per
Step: 2210816 | EPS: 0.46 | Rew: 0.46 | FPS: 8025.7 | Var: per
Step: 2211840 | EPS: 0.46 | Rew: 0.49 | FPS: 8045.5 | Var: per
Step: 2212864 | EPS: 0.46 | Rew: 0.43 | FPS: 8447.5 | Var: per
Step: 2213888 | EPS: 0.46 | Rew: 0.50 | FPS: 7144.3 | Var: per
Step: 2214912 | EPS: 0.46 | Rew: 0.48 | FPS: 6110.2 | Var: per
Step: 2215936 | EPS: 0.46 | Rew: 0.56 | FPS: 7045.4 | Var: per
Step: 2216960 | EPS: 0.46 | Rew: 0.49 | FPS: 7755.7 | Var: per
Step: 2217984 | EPS: 0.46 | Rew: 0.50 | FPS: 8254.8 | Var: per
Step: 2219008 | EPS: 0.46 | Rew: 0.41 | FPS: 8505.7 | Var: per
Step: 2220032 | EPS: 0.46 | Rew: 0.40 | FPS: 6765.4 | Var: per
Step: 2221056 | EPS: 0.46 | Rew: 0.39 | FPS: 8804.2 | Var: per
Step: 2222080 | EPS: 0.46 | Rew: 0.47 | FPS: 8714.2 | Var: per
Step: 2223104 | EPS: 0.46 | Rew: 0.42 | FPS: 8068.4 | Var: per
Step: 2224128 | EPS: 0.46 | Rew: 0.52 | FPS: 8045.5 | Var: per
Step: 2225152 | EPS: 0.45 | Rew: 0.55 | FPS: 8103.6 | Var: per
Step: 2226176 | EPS: 0.45 | Rew: 0.55 | FPS: 8336.2 | Var: per
Step: 2227200 | EPS: 0.45 | Rew: 0.58 | FPS: 6486.3 | Var: per
Step: 2228224 | EPS: 0.45 | Rew: 0.65 | FPS: 7524.0 | Var: per
Step: 2229248 | EPS: 0.45 | Rew: 0.61 | FPS: 8521.5 | Var: per
Step: 2230272 | EPS: 0.45 | Rew: 0.57 | FPS: 8302.2 | Var: per
Step: 2231296 | EPS: 0.45 | Rew: 0.55 | FPS: 7933.6 | Var: per
Step: 2232320 | EPS: 0.45 | Rew: 0.46 | FPS: 7839.4 | Var: per
Step: 2233344 | EPS: 0.45 | Rew: 0.51 | FPS: 8352.6 | Var: per
Step: 2234368 | EPS: 0.45 | Rew: 0.49 | FPS: 8356.1 | Var: per
Step: 2235392 | EPS: 0.45 | Rew: 0.58 | FPS: 8534.0 | Var: per
Step: 2236416 | EPS: 0.45 | Rew: 0.50 | FPS: 8222.5 | Var: per
Step: 2237440 | EPS: 0.45 | Rew: 0.48 | FPS: 8403.4 | Var: per
Step: 2238464 | EPS: 0.45 | Rew: 0.38 | FPS: 8661.1 | Var: per
Step: 2239488 | EPS: 0.45 | Rew: 0.40 | FPS: 7976.6 | Var: per
Step: 2240512 | EPS: 0.45 | Rew: 0.37 | FPS: 7953.8 | Var: per
Step: 2241536 | EPS: 0.45 | Rew: 0.45 | FPS: 7928.8 | Var: per
Step: 2242560 | EPS: 0.45 | Rew: 0.50 | FPS: 8063.4 | Var: per
Step: 2243584 | EPS: 0.45 | Rew: 0.47 | FPS: 8107.0 | Var: per
Step: 2244608 | EPS: 0.45 | Rew: 0.42 | FPS: 8581.5 | Var: per
Step: 2245632 | EPS: 0.45 | Rew: 0.43 | FPS: 8795.8 | Var: per
Step: 2246656 | EPS: 0.45 | Rew: 0.44 | FPS: 8641.8 | Var: per
Step: 2247680 | EPS: 0.45 | Rew: 0.40 | FPS: 9979.4 | Var: per
Step: 2248704 | EPS: 0.45 | Rew: 0.39 | FPS: 9481.4 | Var: per
Step: 2249728 | EPS: 0.45 | Rew: 0.41 | FPS: 9649.0 | Var: per
Step: 2250752 | EPS: 0.45 | Rew: 0.42 | FPS: 10203.1 | Var: per
Step: 2251776 | EPS: 0.45 | Rew: 0.47 | FPS: 9881.1 | Var: per
Step: 2252800 | EPS: 0.45 | Rew: 0.55 | FPS: 10067.9 | Var: per
Step: 2253824 | EPS: 0.45 | Rew: 0.56 | FPS: 9870.8 | Var: per
Step: 2254848 | EPS: 0.45 | Rew: 0.56 | FPS: 8840.3 | Var: per
Step: 2255872 | EPS: 0.45 | Rew: 0.54 | FPS: 8345.1 | Var: per
Step: 2256896 | EPS: 0.45 | Rew: 0.52 | FPS: 9046.3 | Var: per
Step: 2257920 | EPS: 0.45 | Rew: 0.46 | FPS: 9819.2 | Var: per
Step: 2258944 | EPS: 0.45 | Rew: 0.41 | FPS: 10411.3 | Var: per
Step: 2259968 | EPS: 0.45 | Rew: 0.39 | FPS: 8853.9 | Var: per
Step: 2260992 | EPS: 0.45 | Rew: 0.47 | FPS: 8217.5 | Var: per
Step: 2262016 | EPS: 0.45 | Rew: 0.45 | FPS: 8443.9 | Var: per
Step: 2263040 | EPS: 0.45 | Rew: 0.55 | FPS: 8680.9 | Var: per
Step: 2264064 | EPS: 0.45 | Rew: 0.52 | FPS: 8629.5 | Var: per
Step: 2265088 | EPS: 0.45 | Rew: 0.64 | FPS: 8196.7 | Var: per
Step: 2266112 | EPS: 0.44 | Rew: 0.55 | FPS: 8025.4 | Var: per
Step: 2267136 | EPS: 0.44 | Rew: 0.61 | FPS: 8701.0 | Var: per
Step: 2268160 | EPS: 0.44 | Rew: 0.63 | FPS: 8272.0 | Var: per
Step: 2269184 | EPS: 0.44 | Rew: 0.59 | FPS: 8525.6 | Var: per
Step: 2270208 | EPS: 0.44 | Rew: 0.62 | FPS: 7251.2 | Var: per
Step: 2271232 | EPS: 0.44 | Rew: 0.77 | FPS: 6657.7 | Var: per
Step: 2272256 | EPS: 0.44 | Rew: 0.66 | FPS: 8822.0 | Var: per
Step: 2273280 | EPS: 0.44 | Rew: 0.73 | FPS: 7825.2 | Var: per
Step: 2274304 | EPS: 0.44 | Rew: 0.76 | FPS: 8213.1 | Var: per
Step: 2275328 | EPS: 0.44 | Rew: 0.69 | FPS: 8647.6 | Var: per
Step: 2276352 | EPS: 0.44 | Rew: 0.55 | FPS: 8575.0 | Var: per
Step: 2277376 | EPS: 0.44 | Rew: 0.55 | FPS: 8475.9 | Var: per
Step: 2278400 | EPS: 0.44 | Rew: 0.48 | FPS: 7094.6 | Var: per
Step: 2279424 | EPS: 0.44 | Rew: 0.44 | FPS: 8148.7 | Var: per
Step: 2280448 | EPS: 0.44 | Rew: 0.45 | FPS: 9002.3 | Var: per
Step: 2281472 | EPS: 0.44 | Rew: 0.49 | FPS: 8322.0 | Var: per
Step: 2282496 | EPS: 0.44 | Rew: 0.52 | FPS: 8788.3 | Var: per
Step: 2283520 | EPS: 0.44 | Rew: 0.60 | FPS: 8577.5 | Var: per
Step: 2284544 | EPS: 0.44 | Rew: 0.64 | FPS: 10587.5 | Var: per
Step: 2285568 | EPS: 0.44 | Rew: 0.65 | FPS: 10272.8 | Var: per
Step: 2286592 | EPS: 0.44 | Rew: 0.70 | FPS: 9929.6 | Var: per
Step: 2287616 | EPS: 0.44 | Rew: 0.53 | FPS: 8588.8 | Var: per
Step: 2288640 | EPS: 0.44 | Rew: 0.50 | FPS: 6923.2 | Var: per
Step: 2289664 | EPS: 0.44 | Rew: 0.49 | FPS: 8560.0 | Var: per
Step: 2290688 | EPS: 0.44 | Rew: 0.42 | FPS: 8668.9 | Var: per
Step: 2291712 | EPS: 0.44 | Rew: 0.40 | FPS: 8476.2 | Var: per
Step: 2292736 | EPS: 0.44 | Rew: 0.52 | FPS: 7943.6 | Var: per
Step: 2293760 | EPS: 0.44 | Rew: 0.57 | FPS: 9920.5 | Var: per
Step: 2294784 | EPS: 0.44 | Rew: 0.52 | FPS: 9798.4 | Var: per
Step: 2295808 | EPS: 0.44 | Rew: 0.62 | FPS: 9481.2 | Var: per
Step: 2296832 | EPS: 0.44 | Rew: 0.62 | FPS: 9859.1 | Var: per
Step: 2297856 | EPS: 0.44 | Rew: 0.53 | FPS: 10107.5 | Var: per
Step: 2298880 | EPS: 0.44 | Rew: 0.59 | FPS: 9589.7 | Var: per
Step: 2299904 | EPS: 0.44 | Rew: 0.70 | FPS: 8451.6 | Var: per
Step: 2300928 | EPS: 0.44 | Rew: 0.66 | FPS: 8157.2 | Var: per
Step: 2301952 | EPS: 0.44 | Rew: 0.72 | FPS: 8115.7 | Var: per
Step: 2302976 | EPS: 0.44 | Rew: 0.69 | FPS: 8552.8 | Var: per
Step: 2304000 | EPS: 0.44 | Rew: 0.62 | FPS: 6856.9 | Var: per
Step: 2305024 | EPS: 0.44 | Rew: 0.58 | FPS: 6858.5 | Var: per
Step: 2306048 | EPS: 0.44 | Rew: 0.58 | FPS: 3867.0 | Var: per
Step: 2307072 | EPS: 0.43 | Rew: 0.46 | FPS: 7717.3 | Var: per
Step: 2308096 | EPS: 0.43 | Rew: 0.50 | FPS: 7794.4 | Var: per
Step: 2309120 | EPS: 0.43 | Rew: 0.48 | FPS: 8686.2 | Var: per
Step: 2310144 | EPS: 0.43 | Rew: 0.41 | FPS: 8056.4 | Var: per
Step: 2311168 | EPS: 0.43 | Rew: 0.37 | FPS: 8245.6 | Var: per
Step: 2312192 | EPS: 0.43 | Rew: 0.34 | FPS: 8264.2 | Var: per
Step: 2313216 | EPS: 0.43 | Rew: 0.48 | FPS: 8006.8 | Var: per
Step: 2314240 | EPS: 0.43 | Rew: 0.52 | FPS: 8746.7 | Var: per
Step: 2315264 | EPS: 0.43 | Rew: 0.62 | FPS: 8650.0 | Var: per
Step: 2316288 | EPS: 0.43 | Rew: 0.62 | FPS: 8065.4 | Var: per
Step: 2317312 | EPS: 0.43 | Rew: 0.74 | FPS: 8130.6 | Var: per
Step: 2318336 | EPS: 0.43 | Rew: 0.65 | FPS: 8361.6 | Var: per
Step: 2319360 | EPS: 0.43 | Rew: 0.62 | FPS: 8351.8 | Var: per
Step: 2320384 | EPS: 0.43 | Rew: 0.60 | FPS: 8371.0 | Var: per
Step: 2321408 | EPS: 0.43 | Rew: 0.65 | FPS: 7831.0 | Var: per
Step: 2322432 | EPS: 0.43 | Rew: 0.53 | FPS: 8131.2 | Var: per
Step: 2323456 | EPS: 0.43 | Rew: 0.50 | FPS: 8026.6 | Var: per
Step: 2324480 | EPS: 0.43 | Rew: 0.46 | FPS: 8119.4 | Var: per
Step: 2325504 | EPS: 0.43 | Rew: 0.47 | FPS: 8693.8 | Var: per
Step: 2326528 | EPS: 0.43 | Rew: 0.44 | FPS: 8491.9 | Var: per
Step: 2327552 | EPS: 0.43 | Rew: 0.44 | FPS: 8491.9 | Var: per
Step: 2328576 | EPS: 0.43 | Rew: 0.60 | FPS: 8197.7 | Var: per
Step: 2329600 | EPS: 0.43 | Rew: 0.59 | FPS: 8120.7 | Var: per
Step: 2330624 | EPS: 0.43 | Rew: 0.64 | FPS: 7993.1 | Var: per
Step: 2331648 | EPS: 0.43 | Rew: 0.58 | FPS: 9150.5 | Var: per
Step: 2332672 | EPS: 0.43 | Rew: 0.58 | FPS: 6842.4 | Var: per
Step: 2333696 | EPS: 0.43 | Rew: 0.60 | FPS: 8355.2 | Var: per
Step: 2334720 | EPS: 0.43 | Rew: 0.60 | FPS: 7982.1 | Var: per
Step: 2335744 | EPS: 0.43 | Rew: 0.63 | FPS: 8064.0 | Var: per
Step: 2336768 | EPS: 0.43 | Rew: 0.61 | FPS: 6579.9 | Var: per
Step: 2337792 | EPS: 0.43 | Rew: 0.66 | FPS: 6525.4 | Var: per
Step: 2338816 | EPS: 0.43 | Rew: 0.55 | FPS: 7193.6 | Var: per
Step: 2339840 | EPS: 0.43 | Rew: 0.50 | FPS: 7838.2 | Var: per
Step: 2340864 | EPS: 0.43 | Rew: 0.46 | FPS: 8558.8 | Var: per
Step: 2341888 | EPS: 0.43 | Rew: 0.38 | FPS: 8408.9 | Var: per
Step: 2342912 | EPS: 0.43 | Rew: 0.45 | FPS: 6760.8 | Var: per
Step: 2343936 | EPS: 0.43 | Rew: 0.51 | FPS: 8965.4 | Var: per
Step: 2344960 | EPS: 0.43 | Rew: 0.57 | FPS: 6882.0 | Var: per
Step: 2345984 | EPS: 0.43 | Rew: 0.54 | FPS: 8160.5 | Var: per
Step: 2347008 | EPS: 0.42 | Rew: 0.46 | FPS: 8848.6 | Var: per
Step: 2348032 | EPS: 0.42 | Rew: 0.48 | FPS: 9223.7 | Var: per
Step: 2349056 | EPS: 0.42 | Rew: 0.44 | FPS: 8306.6 | Var: per
Step: 2350080 | EPS: 0.42 | Rew: 0.47 | FPS: 8209.0 | Var: per
Step: 2351104 | EPS: 0.42 | Rew: 0.52 | FPS: 8728.2 | Var: per
Step: 2352128 | EPS: 0.42 | Rew: 0.57 | FPS: 7988.3 | Var: per
Step: 2353152 | EPS: 0.42 | Rew: 0.56 | FPS: 8146.5 | Var: per
Step: 2354176 | EPS: 0.42 | Rew: 0.62 | FPS: 8611.9 | Var: per
Step: 2355200 | EPS: 0.42 | Rew: 0.54 | FPS: 7902.3 | Var: per
Step: 2356224 | EPS: 0.42 | Rew: 0.55 | FPS: 8115.0 | Var: per
Step: 2357248 | EPS: 0.42 | Rew: 0.54 | FPS: 8169.0 | Var: per
Step: 2358272 | EPS: 0.42 | Rew: 0.61 | FPS: 8605.5 | Var: per
Step: 2359296 | EPS: 0.42 | Rew: 0.57 | FPS: 8141.9 | Var: per
Step: 2360320 | EPS: 0.42 | Rew: 0.65 | FPS: 8408.3 | Var: per
Step: 2361344 | EPS: 0.42 | Rew: 0.62 | FPS: 8476.2 | Var: per
Step: 2362368 | EPS: 0.42 | Rew: 0.60 | FPS: 7923.0 | Var: per
Step: 2363392 | EPS: 0.42 | Rew: 0.55 | FPS: 7832.6 | Var: per
Step: 2364416 | EPS: 0.42 | Rew: 0.59 | FPS: 8429.0 | Var: per
Step: 2365440 | EPS: 0.42 | Rew: 0.68 | FPS: 8620.3 | Var: per
Step: 2366464 | EPS: 0.42 | Rew: 0.58 | FPS: 8140.6 | Var: per
Step: 2367488 | EPS: 0.42 | Rew: 0.61 | FPS: 8275.0 | Var: per
Step: 2368512 | EPS: 0.42 | Rew: 0.71 | FPS: 8249.2 | Var: per
Step: 2369536 | EPS: 0.42 | Rew: 0.78 | FPS: 8333.9 | Var: per
Step: 2370560 | EPS: 0.42 | Rew: 0.78 | FPS: 8948.8 | Var: per
Step: 2371584 | EPS: 0.42 | Rew: 0.94 | FPS: 8474.2 | Var: per
>>> [Best] Saved -> agent/checkpoints/per_pretrain.pth | Rew 0.94
Step: 2372608 | EPS: 0.42 | Rew: 0.87 | FPS: 8232.5 | Var: per
Step: 2373632 | EPS: 0.42 | Rew: 0.86 | FPS: 6844.5 | Var: per
Step: 2374656 | EPS: 0.42 | Rew: 0.73 | FPS: 8381.1 | Var: per
Step: 2375680 | EPS: 0.42 | Rew: 0.75 | FPS: 8242.4 | Var: per
Step: 2376704 | EPS: 0.42 | Rew: 0.59 | FPS: 8559.7 | Var: per
Step: 2377728 | EPS: 0.42 | Rew: 0.60 | FPS: 7935.8 | Var: per
Step: 2378752 | EPS: 0.42 | Rew: 0.61 | FPS: 8037.4 | Var: per
Step: 2379776 | EPS: 0.42 | Rew: 0.53 | FPS: 7767.8 | Var: per
Step: 2380800 | EPS: 0.42 | Rew: 0.57 | FPS: 7039.6 | Var: per
Step: 2381824 | EPS: 0.42 | Rew: 0.58 | FPS: 9088.4 | Var: per
Step: 2382848 | EPS: 0.42 | Rew: 0.50 | FPS: 8648.6 | Var: per
Step: 2383872 | EPS: 0.42 | Rew: 0.69 | FPS: 8051.7 | Var: per
Step: 2384896 | EPS: 0.42 | Rew: 0.62 | FPS: 8127.0 | Var: per
Step: 2385920 | EPS: 0.42 | Rew: 0.72 | FPS: 8475.8 | Var: per
Step: 2386944 | EPS: 0.42 | Rew: 0.74 | FPS: 8390.7 | Var: per
Step: 2387968 | EPS: 0.41 | Rew: 0.67 | FPS: 8564.1 | Var: per
Step: 2388992 | EPS: 0.41 | Rew: 0.60 | FPS: 8505.1 | Var: per
Step: 2390016 | EPS: 0.41 | Rew: 0.72 | FPS: 8127.6 | Var: per
Step: 2391040 | EPS: 0.41 | Rew: 0.60 | FPS: 8047.7 | Var: per
Step: 2392064 | EPS: 0.41 | Rew: 0.66 | FPS: 8734.0 | Var: per
Step: 2393088 | EPS: 0.41 | Rew: 0.72 | FPS: 8770.4 | Var: per
Step: 2394112 | EPS: 0.41 | Rew: 0.73 | FPS: 8618.5 | Var: per
Step: 2395136 | EPS: 0.41 | Rew: 0.58 | FPS: 8297.9 | Var: per
Step: 2396160 | EPS: 0.41 | Rew: 0.64 | FPS: 8541.6 | Var: per
Step: 2397184 | EPS: 0.41 | Rew: 0.64 | FPS: 8175.5 | Var: per
Step: 2398208 | EPS: 0.41 | Rew: 0.64 | FPS: 7996.2 | Var: per
Step: 2399232 | EPS: 0.41 | Rew: 0.66 | FPS: 8563.0 | Var: per
Step: 2400256 | EPS: 0.41 | Rew: 0.67 | FPS: 8140.6 | Var: per
Step: 2401280 | EPS: 0.41 | Rew: 0.70 | FPS: 8049.5 | Var: per
Step: 2402304 | EPS: 0.41 | Rew: 0.72 | FPS: 8588.9 | Var: per
Step: 2403328 | EPS: 0.41 | Rew: 0.71 | FPS: 6212.8 | Var: per
Step: 2404352 | EPS: 0.41 | Rew: 0.74 | FPS: 7378.6 | Var: per
Step: 2405376 | EPS: 0.41 | Rew: 0.67 | FPS: 8415.5 | Var: per
Step: 2406400 | EPS: 0.41 | Rew: 0.79 | FPS: 8298.9 | Var: per
Step: 2407424 | EPS: 0.41 | Rew: 0.78 | FPS: 8524.5 | Var: per
Step: 2408448 | EPS: 0.41 | Rew: 0.78 | FPS: 8518.4 | Var: per
Step: 2409472 | EPS: 0.41 | Rew: 0.73 | FPS: 7249.3 | Var: per
Step: 2410496 | EPS: 0.41 | Rew: 0.73 | FPS: 8265.7 | Var: per
Step: 2411520 | EPS: 0.41 | Rew: 0.66 | FPS: 8315.5 | Var: per
Step: 2412544 | EPS: 0.41 | Rew: 0.54 | FPS: 7919.3 | Var: per
Step: 2413568 | EPS: 0.41 | Rew: 0.58 | FPS: 8213.7 | Var: per
Step: 2414592 | EPS: 0.41 | Rew: 0.52 | FPS: 6787.4 | Var: per
Step: 2415616 | EPS: 0.41 | Rew: 0.56 | FPS: 8869.2 | Var: per
Step: 2416640 | EPS: 0.41 | Rew: 0.54 | FPS: 7950.8 | Var: per
Step: 2417664 | EPS: 0.41 | Rew: 0.48 | FPS: 8511.3 | Var: per
Step: 2418688 | EPS: 0.41 | Rew: 0.63 | FPS: 8054.4 | Var: per
Step: 2419712 | EPS: 0.41 | Rew: 0.75 | FPS: 6923.9 | Var: per
Step: 2420736 | EPS: 0.41 | Rew: 0.74 | FPS: 6978.2 | Var: per
Step: 2421760 | EPS: 0.41 | Rew: 0.75 | FPS: 7868.1 | Var: per
Step: 2422784 | EPS: 0.41 | Rew: 0.76 | FPS: 8524.4 | Var: per
Step: 2423808 | EPS: 0.41 | Rew: 0.63 | FPS: 8491.5 | Var: per
Step: 2424832 | EPS: 0.41 | Rew: 0.70 | FPS: 8720.6 | Var: per
Step: 2425856 | EPS: 0.41 | Rew: 0.69 | FPS: 8638.2 | Var: per
Step: 2426880 | EPS: 0.41 | Rew: 0.74 | FPS: 7947.1 | Var: per
Step: 2427904 | EPS: 0.41 | Rew: 0.71 | FPS: 8054.6 | Var: per
Step: 2428928 | EPS: 0.40 | Rew: 0.77 | FPS: 8252.5 | Var: per
Step: 2429952 | EPS: 0.40 | Rew: 0.72 | FPS: 7759.0 | Var: per
Step: 2430976 | EPS: 0.40 | Rew: 0.68 | FPS: 8055.1 | Var: per
Step: 2432000 | EPS: 0.40 | Rew: 0.61 | FPS: 9288.3 | Var: per
Step: 2433024 | EPS: 0.40 | Rew: 0.66 | FPS: 8645.7 | Var: per
Step: 2434048 | EPS: 0.40 | Rew: 0.63 | FPS: 8272.7 | Var: per
Step: 2435072 | EPS: 0.40 | Rew: 0.69 | FPS: 8464.3 | Var: per
Step: 2436096 | EPS: 0.40 | Rew: 0.75 | FPS: 8020.2 | Var: per
Step: 2437120 | EPS: 0.40 | Rew: 0.71 | FPS: 8058.9 | Var: per
Step: 2438144 | EPS: 0.40 | Rew: 0.73 | FPS: 8180.0 | Var: per
Step: 2439168 | EPS: 0.40 | Rew: 0.85 | FPS: 8526.4 | Var: per
Step: 2440192 | EPS: 0.40 | Rew: 0.63 | FPS: 7969.6 | Var: per
Step: 2441216 | EPS: 0.40 | Rew: 0.65 | FPS: 8199.4 | Var: per
Step: 2442240 | EPS: 0.40 | Rew: 0.73 | FPS: 8349.8 | Var: per
Step: 2443264 | EPS: 0.40 | Rew: 0.76 | FPS: 8245.8 | Var: per
Step: 2444288 | EPS: 0.40 | Rew: 0.84 | FPS: 8349.4 | Var: per
Step: 2445312 | EPS: 0.40 | Rew: 0.84 | FPS: 8352.4 | Var: per
Step: 2446336 | EPS: 0.40 | Rew: 0.74 | FPS: 8068.0 | Var: per
Step: 2447360 | EPS: 0.40 | Rew: 0.66 | FPS: 7883.2 | Var: per
Step: 2448384 | EPS: 0.40 | Rew: 0.61 | FPS: 8131.0 | Var: per
Step: 2449408 | EPS: 0.40 | Rew: 0.52 | FPS: 8833.2 | Var: per
Step: 2450432 | EPS: 0.40 | Rew: 0.61 | FPS: 8619.6 | Var: per
Step: 2451456 | EPS: 0.40 | Rew: 0.58 | FPS: 8094.0 | Var: per
Step: 2452480 | EPS: 0.40 | Rew: 0.73 | FPS: 8338.4 | Var: per
Step: 2453504 | EPS: 0.40 | Rew: 0.69 | FPS: 8735.6 | Var: per
Step: 2454528 | EPS: 0.40 | Rew: 0.77 | FPS: 8284.1 | Var: per
Step: 2455552 | EPS: 0.40 | Rew: 0.77 | FPS: 8342.5 | Var: per
Step: 2456576 | EPS: 0.40 | Rew: 0.79 | FPS: 8579.4 | Var: per
Step: 2457600 | EPS: 0.40 | Rew: 0.78 | FPS: 8040.2 | Var: per
Step: 2458624 | EPS: 0.40 | Rew: 0.75 | FPS: 8195.6 | Var: per
Step: 2459648 | EPS: 0.40 | Rew: 0.72 | FPS: 7417.6 | Var: per
Step: 2460672 | EPS: 0.40 | Rew: 0.66 | FPS: 7720.2 | Var: per
Step: 2461696 | EPS: 0.40 | Rew: 0.67 | FPS: 8093.4 | Var: per
Step: 2462720 | EPS: 0.40 | Rew: 0.74 | FPS: 8123.2 | Var: per
Step: 2463744 | EPS: 0.40 | Rew: 0.62 | FPS: 8459.1 | Var: per
Step: 2464768 | EPS: 0.40 | Rew: 0.62 | FPS: 8085.9 | Var: per
Step: 2465792 | EPS: 0.40 | Rew: 0.70 | FPS: 8312.2 | Var: per
Step: 2466816 | EPS: 0.40 | Rew: 0.70 | FPS: 8929.6 | Var: per
Step: 2467840 | EPS: 0.40 | Rew: 0.62 | FPS: 8542.0 | Var: per
Step: 2468864 | EPS: 0.40 | Rew: 0.73 | FPS: 7766.5 | Var: per
Step: 2469888 | EPS: 0.39 | Rew: 0.64 | FPS: 8505.3 | Var: per
Step: 2470912 | EPS: 0.39 | Rew: 0.58 | FPS: 8027.3 | Var: per
Step: 2471936 | EPS: 0.39 | Rew: 0.62 | FPS: 8412.6 | Var: per
Step: 2472960 | EPS: 0.39 | Rew: 0.54 | FPS: 8356.4 | Var: per
Step: 2473984 | EPS: 0.39 | Rew: 0.50 | FPS: 8098.1 | Var: per
Step: 2475008 | EPS: 0.39 | Rew: 0.53 | FPS: 8375.6 | Var: per
Step: 2476032 | EPS: 0.39 | Rew: 0.60 | FPS: 6835.8 | Var: per
Step: 2477056 | EPS: 0.39 | Rew: 0.44 | FPS: 8506.3 | Var: per
Step: 2478080 | EPS: 0.39 | Rew: 0.45 | FPS: 8703.2 | Var: per
Step: 2479104 | EPS: 0.39 | Rew: 0.61 | FPS: 8609.2 | Var: per
Step: 2480128 | EPS: 0.39 | Rew: 0.54 | FPS: 8764.5 | Var: per
Step: 2481152 | EPS: 0.39 | Rew: 0.60 | FPS: 8658.3 | Var: per
Step: 2482176 | EPS: 0.39 | Rew: 0.69 | FPS: 6124.4 | Var: per
Step: 2483200 | EPS: 0.39 | Rew: 0.74 | FPS: 8423.4 | Var: per
Step: 2484224 | EPS: 0.39 | Rew: 0.77 | FPS: 8517.1 | Var: per
Step: 2485248 | EPS: 0.39 | Rew: 0.72 | FPS: 7876.6 | Var: per
Step: 2486272 | EPS: 0.39 | Rew: 1.00 | FPS: 8245.5 | Var: per
Step: 2487296 | EPS: 0.39 | Rew: 1.00 | FPS: 8506.3 | Var: per
Step: 2488320 | EPS: 0.39 | Rew: 0.95 | FPS: 8748.5 | Var: per
Step: 2489344 | EPS: 0.39 | Rew: 0.96 | FPS: 8156.5 | Var: per
Step: 2490368 | EPS: 0.39 | Rew: 1.01 | FPS: 8410.0 | Var: per
Step: 2491392 | EPS: 0.39 | Rew: 0.75 | FPS: 8219.3 | Var: per
Step: 2492416 | EPS: 0.39 | Rew: 0.72 | FPS: 8392.7 | Var: per
Step: 2493440 | EPS: 0.39 | Rew: 0.73 | FPS: 7501.2 | Var: per
Step: 2494464 | EPS: 0.39 | Rew: 0.83 | FPS: 8362.5 | Var: per
Step: 2495488 | EPS: 0.39 | Rew: 0.81 | FPS: 8220.2 | Var: per
Step: 2496512 | EPS: 0.39 | Rew: 0.87 | FPS: 8237.2 | Var: per
Step: 2497536 | EPS: 0.39 | Rew: 0.74 | FPS: 6865.0 | Var: per
Step: 2498560 | EPS: 0.39 | Rew: 0.72 | FPS: 7008.2 | Var: per
Step: 2499584 | EPS: 0.39 | Rew: 0.65 | FPS: 6542.9 | Var: per
Step: 2500608 | EPS: 0.39 | Rew: 0.81 | FPS: 8019.0 | Var: per
Step: 2501632 | EPS: 0.39 | Rew: 0.74 | FPS: 8044.5 | Var: per
Step: 2502656 | EPS: 0.39 | Rew: 0.85 | FPS: 8326.7 | Var: per
Step: 2503680 | EPS: 0.39 | Rew: 0.72 | FPS: 8054.8 | Var: per
Step: 2504704 | EPS: 0.39 | Rew: 0.70 | FPS: 8722.1 | Var: per
Step: 2505728 | EPS: 0.39 | Rew: 0.62 | FPS: 8477.4 | Var: per
Step: 2506752 | EPS: 0.39 | Rew: 0.55 | FPS: 8103.7 | Var: per
Step: 2507776 | EPS: 0.39 | Rew: 0.51 | FPS: 8624.5 | Var: per
Step: 2508800 | EPS: 0.39 | Rew: 0.63 | FPS: 8490.6 | Var: per
Step: 2509824 | EPS: 0.39 | Rew: 0.62 | FPS: 8423.8 | Var: per
Step: 2510848 | EPS: 0.38 | Rew: 0.57 | FPS: 8240.0 | Var: per
Step: 2511872 | EPS: 0.38 | Rew: 0.59 | FPS: 8586.5 | Var: per
Step: 2512896 | EPS: 0.38 | Rew: 0.65 | FPS: 8550.9 | Var: per
Step: 2513920 | EPS: 0.38 | Rew: 0.74 | FPS: 8371.6 | Var: per
Step: 2514944 | EPS: 0.38 | Rew: 0.71 | FPS: 7760.8 | Var: per
Step: 2515968 | EPS: 0.38 | Rew: 0.77 | FPS: 8188.2 | Var: per
Step: 2516992 | EPS: 0.38 | Rew: 0.71 | FPS: 5219.0 | Var: per
Step: 2518016 | EPS: 0.38 | Rew: 0.67 | FPS: 7964.3 | Var: per
Step: 2519040 | EPS: 0.38 | Rew: 0.72 | FPS: 7977.1 | Var: per
Step: 2520064 | EPS: 0.38 | Rew: 0.69 | FPS: 8738.8 | Var: per
Step: 2521088 | EPS: 0.38 | Rew: 0.74 | FPS: 8245.8 | Var: per
Step: 2522112 | EPS: 0.38 | Rew: 0.67 | FPS: 9548.5 | Var: per
Step: 2523136 | EPS: 0.38 | Rew: 0.66 | FPS: 8388.7 | Var: per
Step: 2524160 | EPS: 0.38 | Rew: 0.59 | FPS: 8543.6 | Var: per
Step: 2525184 | EPS: 0.38 | Rew: 0.64 | FPS: 6461.3 | Var: per
Step: 2526208 | EPS: 0.38 | Rew: 0.56 | FPS: 8195.0 | Var: per
Step: 2527232 | EPS: 0.38 | Rew: 0.55 | FPS: 8317.8 | Var: per
Step: 2528256 | EPS: 0.38 | Rew: 0.71 | FPS: 8312.5 | Var: per
Step: 2529280 | EPS: 0.38 | Rew: 0.65 | FPS: 8695.1 | Var: per
Step: 2530304 | EPS: 0.38 | Rew: 0.81 | FPS: 8078.6 | Var: per
Step: 2531328 | EPS: 0.38 | Rew: 0.83 | FPS: 8296.5 | Var: per
Step: 2532352 | EPS: 0.38 | Rew: 0.80 | FPS: 7948.3 | Var: per
Step: 2533376 | EPS: 0.38 | Rew: 0.91 | FPS: 8458.7 | Var: per
Step: 2534400 | EPS: 0.38 | Rew: 0.92 | FPS: 8637.2 | Var: per
Step: 2535424 | EPS: 0.38 | Rew: 0.88 | FPS: 6577.8 | Var: per
Step: 2536448 | EPS: 0.38 | Rew: 0.87 | FPS: 8847.0 | Var: per
Step: 2537472 | EPS: 0.38 | Rew: 0.90 | FPS: 8119.9 | Var: per
Step: 2538496 | EPS: 0.38 | Rew: 0.82 | FPS: 8603.8 | Var: per
Step: 2539520 | EPS: 0.38 | Rew: 0.82 | FPS: 8755.2 | Var: per
Step: 2540544 | EPS: 0.38 | Rew: 0.83 | FPS: 8183.7 | Var: per
Step: 2541568 | EPS: 0.38 | Rew: 0.85 | FPS: 8153.1 | Var: per
Step: 2542592 | EPS: 0.38 | Rew: 0.81 | FPS: 7888.2 | Var: per
Step: 2543616 | EPS: 0.38 | Rew: 0.71 | FPS: 8171.0 | Var: per
Step: 2544640 | EPS: 0.38 | Rew: 0.73 | FPS: 8315.7 | Var: per
Step: 2545664 | EPS: 0.38 | Rew: 0.69 | FPS: 8444.3 | Var: per
Step: 2546688 | EPS: 0.38 | Rew: 0.77 | FPS: 8416.5 | Var: per
Step: 2547712 | EPS: 0.38 | Rew: 0.72 | FPS: 6080.1 | Var: per
Step: 2548736 | EPS: 0.38 | Rew: 0.78 | FPS: 8158.8 | Var: per
Step: 2549760 | EPS: 0.38 | Rew: 0.82 | FPS: 8328.1 | Var: per
Step: 2550784 | EPS: 0.38 | Rew: 0.86 | FPS: 8222.1 | Var: per
Step: 2551808 | EPS: 0.37 | Rew: 0.95 | FPS: 8686.3 | Var: per
Step: 2552832 | EPS: 0.37 | Rew: 0.87 | FPS: 8488.5 | Var: per
Step: 2553856 | EPS: 0.37 | Rew: 0.87 | FPS: 8395.5 | Var: per
Step: 2554880 | EPS: 0.37 | Rew: 0.78 | FPS: 8421.2 | Var: per
Step: 2555904 | EPS: 0.37 | Rew: 0.81 | FPS: 8498.5 | Var: per
Step: 2556928 | EPS: 0.37 | Rew: 0.79 | FPS: 8491.3 | Var: per
Step: 2557952 | EPS: 0.37 | Rew: 0.81 | FPS: 8438.6 | Var: per
Step: 2558976 | EPS: 0.37 | Rew: 0.95 | FPS: 8103.7 | Var: per
Step: 2560000 | EPS: 0.37 | Rew: 0.92 | FPS: 8396.0 | Var: per
Step: 2561024 | EPS: 0.37 | Rew: 0.94 | FPS: 8111.5 | Var: per
Step: 2562048 | EPS: 0.37 | Rew: 0.90 | FPS: 7989.9 | Var: per
Step: 2563072 | EPS: 0.37 | Rew: 0.87 | FPS: 8048.8 | Var: per
Step: 2564096 | EPS: 0.37 | Rew: 0.85 | FPS: 8573.5 | Var: per
Step: 2565120 | EPS: 0.37 | Rew: 0.86 | FPS: 8192.4 | Var: per
Step: 2566144 | EPS: 0.37 | Rew: 0.83 | FPS: 8140.0 | Var: per
Step: 2567168 | EPS: 0.37 | Rew: 0.85 | FPS: 8655.3 | Var: per
Step: 2568192 | EPS: 0.37 | Rew: 0.85 | FPS: 7116.1 | Var: per
Step: 2569216 | EPS: 0.37 | Rew: 0.81 | FPS: 8092.4 | Var: per
Step: 2570240 | EPS: 0.37 | Rew: 0.91 | FPS: 8927.0 | Var: per
Step: 2571264 | EPS: 0.37 | Rew: 0.89 | FPS: 8614.4 | Var: per
Step: 2572288 | EPS: 0.37 | Rew: 0.98 | FPS: 5257.4 | Var: per
Step: 2573312 | EPS: 0.37 | Rew: 1.03 | FPS: 8550.0 | Var: per
Step: 2574336 | EPS: 0.37 | Rew: 0.83 | FPS: 8527.7 | Var: per
Step: 2575360 | EPS: 0.37 | Rew: 0.82 | FPS: 8159.1 | Var: per
Step: 2576384 | EPS: 0.37 | Rew: 0.81 | FPS: 7950.1 | Var: per
Step: 2577408 | EPS: 0.37 | Rew: 0.71 | FPS: 8450.2 | Var: per
Step: 2578432 | EPS: 0.37 | Rew: 0.69 | FPS: 8145.5 | Var: per
Step: 2579456 | EPS: 0.37 | Rew: 0.74 | FPS: 8432.3 | Var: per
Step: 2580480 | EPS: 0.37 | Rew: 0.72 | FPS: 8342.5 | Var: per
Step: 2581504 | EPS: 0.37 | Rew: 0.63 | FPS: 6253.3 | Var: per
Step: 2582528 | EPS: 0.37 | Rew: 0.54 | FPS: 7566.9 | Var: per
Step: 2583552 | EPS: 0.37 | Rew: 0.51 | FPS: 8231.9 | Var: per
Step: 2584576 | EPS: 0.37 | Rew: 0.63 | FPS: 8335.9 | Var: per
Step: 2585600 | EPS: 0.37 | Rew: 0.73 | FPS: 8731.3 | Var: per
Step: 2586624 | EPS: 0.37 | Rew: 0.85 | FPS: 8038.9 | Var: per
Step: 2587648 | EPS: 0.37 | Rew: 0.98 | FPS: 8027.6 | Var: per
Step: 2588672 | EPS: 0.37 | Rew: 1.13 | FPS: 8343.0 | Var: per
Step: 2589696 | EPS: 0.37 | Rew: 1.06 | FPS: 8441.6 | Var: per
Step: 2590720 | EPS: 0.37 | Rew: 1.04 | FPS: 8135.6 | Var: per
Step: 2591744 | EPS: 0.37 | Rew: 1.01 | FPS: 8363.9 | Var: per
Step: 2592768 | EPS: 0.36 | Rew: 0.99 | FPS: 6660.3 | Var: per
Step: 2593792 | EPS: 0.36 | Rew: 0.92 | FPS: 6855.7 | Var: per
Step: 2594816 | EPS: 0.36 | Rew: 0.72 | FPS: 8220.9 | Var: per
Step: 2595840 | EPS: 0.36 | Rew: 0.71 | FPS: 8561.2 | Var: per
Step: 2596864 | EPS: 0.36 | Rew: 0.81 | FPS: 7391.0 | Var: per
Step: 2597888 | EPS: 0.36 | Rew: 0.74 | FPS: 8134.1 | Var: per
Step: 2598912 | EPS: 0.36 | Rew: 0.78 | FPS: 8322.7 | Var: per
Step: 2599936 | EPS: 0.36 | Rew: 0.90 | FPS: 8246.6 | Var: per
Step: 2600960 | EPS: 0.36 | Rew: 0.81 | FPS: 8031.8 | Var: per
Step: 2601984 | EPS: 0.36 | Rew: 0.71 | FPS: 5491.8 | Var: per
Step: 2603008 | EPS: 0.36 | Rew: 0.66 | FPS: 8086.3 | Var: per
Step: 2604032 | EPS: 0.36 | Rew: 0.65 | FPS: 8658.8 | Var: per
Step: 2605056 | EPS: 0.36 | Rew: 0.62 | FPS: 7892.5 | Var: per
Step: 2606080 | EPS: 0.36 | Rew: 0.75 | FPS: 8066.4 | Var: per
Step: 2607104 | EPS: 0.36 | Rew: 0.88 | FPS: 8152.8 | Var: per
Step: 2608128 | EPS: 0.36 | Rew: 0.94 | FPS: 8168.4 | Var: per
Step: 2609152 | EPS: 0.36 | Rew: 0.90 | FPS: 8380.8 | Var: per
Step: 2610176 | EPS: 0.36 | Rew: 0.83 | FPS: 8483.7 | Var: per
Step: 2611200 | EPS: 0.36 | Rew: 0.76 | FPS: 8422.9 | Var: per
Step: 2612224 | EPS: 0.36 | Rew: 0.77 | FPS: 8155.1 | Var: per
Step: 2613248 | EPS: 0.36 | Rew: 0.73 | FPS: 8561.7 | Var: per
Step: 2614272 | EPS: 0.36 | Rew: 0.73 | FPS: 8006.3 | Var: per
Step: 2615296 | EPS: 0.36 | Rew: 0.85 | FPS: 7740.0 | Var: per
Step: 2616320 | EPS: 0.36 | Rew: 0.94 | FPS: 8720.1 | Var: per
Step: 2617344 | EPS: 0.36 | Rew: 1.06 | FPS: 8030.6 | Var: per
Step: 2618368 | EPS: 0.36 | Rew: 0.99 | FPS: 9092.4 | Var: per
Step: 2619392 | EPS: 0.36 | Rew: 1.11 | FPS: 7589.8 | Var: per
Step: 2620416 | EPS: 0.36 | Rew: 1.14 | FPS: 8208.6 | Var: per
Step: 2621440 | EPS: 0.36 | Rew: 1.25 | FPS: 8471.2 | Var: per
Step: 2622464 | EPS: 0.36 | Rew: 1.16 | FPS: 7879.5 | Var: per
Step: 2623488 | EPS: 0.36 | Rew: 1.28 | FPS: 8125.4 | Var: per
Step: 2624512 | EPS: 0.36 | Rew: 1.30 | FPS: 8253.2 | Var: per
Step: 2625536 | EPS: 0.36 | Rew: 1.24 | FPS: 8805.1 | Var: per
Step: 2626560 | EPS: 0.36 | Rew: 1.18 | FPS: 7897.0 | Var: per
Step: 2627584 | EPS: 0.36 | Rew: 1.28 | FPS: 8085.0 | Var: per
Step: 2628608 | EPS: 0.36 | Rew: 1.12 | FPS: 8293.9 | Var: per
Step: 2629632 | EPS: 0.36 | Rew: 0.94 | FPS: 8000.4 | Var: per
Step: 2630656 | EPS: 0.36 | Rew: 0.92 | FPS: 7124.4 | Var: per
Step: 2631680 | EPS: 0.36 | Rew: 0.90 | FPS: 7722.6 | Var: per
Step: 2632704 | EPS: 0.35 | Rew: 0.96 | FPS: 8479.8 | Var: per
Step: 2633728 | EPS: 0.35 | Rew: 1.04 | FPS: 8121.2 | Var: per
Step: 2634752 | EPS: 0.35 | Rew: 1.00 | FPS: 8526.1 | Var: per
Step: 2635776 | EPS: 0.35 | Rew: 0.97 | FPS: 8711.7 | Var: per
Step: 2636800 | EPS: 0.35 | Rew: 0.94 | FPS: 8217.9 | Var: per
Step: 2637824 | EPS: 0.35 | Rew: 0.91 | FPS: 8360.6 | Var: per
Step: 2638848 | EPS: 0.35 | Rew: 0.84 | FPS: 8214.3 | Var: per
Step: 2639872 | EPS: 0.35 | Rew: 0.86 | FPS: 7073.7 | Var: per
Step: 2640896 | EPS: 0.35 | Rew: 0.82 | FPS: 8356.9 | Var: per
Step: 2641920 | EPS: 0.35 | Rew: 1.07 | FPS: 7939.3 | Var: per
Step: 2642944 | EPS: 0.35 | Rew: 0.99 | FPS: 8610.0 | Var: per
Step: 2643968 | EPS: 0.35 | Rew: 0.93 | FPS: 7296.6 | Var: per
Step: 2644992 | EPS: 0.35 | Rew: 0.98 | FPS: 8229.1 | Var: per
Step: 2646016 | EPS: 0.35 | Rew: 1.01 | FPS: 8065.3 | Var: per
Step: 2647040 | EPS: 0.35 | Rew: 0.89 | FPS: 8243.2 | Var: per
Step: 2648064 | EPS: 0.35 | Rew: 0.92 | FPS: 8081.1 | Var: per
Step: 2649088 | EPS: 0.35 | Rew: 0.98 | FPS: 8327.3 | Var: per
Step: 2650112 | EPS: 0.35 | Rew: 0.93 | FPS: 7802.0 | Var: per
Step: 2651136 | EPS: 0.35 | Rew: 0.94 | FPS: 7674.0 | Var: per
Step: 2652160 | EPS: 0.35 | Rew: 0.87 | FPS: 6840.1 | Var: per
Step: 2653184 | EPS: 0.35 | Rew: 0.80 | FPS: 8058.2 | Var: per
Step: 2654208 | EPS: 0.35 | Rew: 0.83 | FPS: 8110.9 | Var: per
Step: 2655232 | EPS: 0.35 | Rew: 1.00 | FPS: 8498.3 | Var: per
Step: 2656256 | EPS: 0.35 | Rew: 0.92 | FPS: 7850.5 | Var: per
Step: 2657280 | EPS: 0.35 | Rew: 0.98 | FPS: 8051.4 | Var: per
Step: 2658304 | EPS: 0.35 | Rew: 1.19 | FPS: 8187.6 | Var: per
Step: 2659328 | EPS: 0.35 | Rew: 1.14 | FPS: 8613.8 | Var: per
Step: 2660352 | EPS: 0.35 | Rew: 1.07 | FPS: 6697.4 | Var: per
Step: 2661376 | EPS: 0.35 | Rew: 1.07 | FPS: 8268.7 | Var: per
Step: 2662400 | EPS: 0.35 | Rew: 0.99 | FPS: 9345.5 | Var: per
Step: 2663424 | EPS: 0.35 | Rew: 1.09 | FPS: 6784.2 | Var: per
Step: 2664448 | EPS: 0.35 | Rew: 1.11 | FPS: 8328.7 | Var: per
Step: 2665472 | EPS: 0.35 | Rew: 1.13 | FPS: 8143.9 | Var: per
Step: 2666496 | EPS: 0.35 | Rew: 1.12 | FPS: 8082.6 | Var: per
Step: 2667520 | EPS: 0.35 | Rew: 1.09 | FPS: 8154.4 | Var: per
Step: 2668544 | EPS: 0.35 | Rew: 0.89 | FPS: 9131.8 | Var: per
Step: 2669568 | EPS: 0.35 | Rew: 0.96 | FPS: 8062.3 | Var: per
Step: 2670592 | EPS: 0.35 | Rew: 0.85 | FPS: 6044.8 | Var: per
Step: 2671616 | EPS: 0.35 | Rew: 0.89 | FPS: 6746.6 | Var: per
Step: 2672640 | EPS: 0.35 | Rew: 0.87 | FPS: 8068.7 | Var: per
Step: 2673664 | EPS: 0.34 | Rew: 0.80 | FPS: 6955.9 | Var: per
Step: 2674688 | EPS: 0.34 | Rew: 0.62 | FPS: 8185.5 | Var: per
Step: 2675712 | EPS: 0.34 | Rew: 0.81 | FPS: 6927.9 | Var: per
Step: 2676736 | EPS: 0.34 | Rew: 0.74 | FPS: 8270.6 | Var: per
Step: 2677760 | EPS: 0.34 | Rew: 0.73 | FPS: 8175.5 | Var: per
Step: 2678784 | EPS: 0.34 | Rew: 0.87 | FPS: 8405.2 | Var: per
Step: 2679808 | EPS: 0.34 | Rew: 0.98 | FPS: 8409.3 | Var: per
Step: 2680832 | EPS: 0.34 | Rew: 0.87 | FPS: 8561.2 | Var: per
Step: 2681856 | EPS: 0.34 | Rew: 1.00 | FPS: 8368.3 | Var: per
Step: 2682880 | EPS: 0.34 | Rew: 1.07 | FPS: 8132.6 | Var: per
Step: 2683904 | EPS: 0.34 | Rew: 1.00 | FPS: 7471.5 | Var: per
Step: 2684928 | EPS: 0.34 | Rew: 0.94 | FPS: 9037.5 | Var: per
Step: 2685952 | EPS: 0.34 | Rew: 0.94 | FPS: 8066.1 | Var: per
Step: 2686976 | EPS: 0.34 | Rew: 0.92 | FPS: 8216.9 | Var: per
Step: 2688000 | EPS: 0.34 | Rew: 0.86 | FPS: 8367.4 | Var: per
Step: 2689024 | EPS: 0.34 | Rew: 0.77 | FPS: 8376.3 | Var: per
Step: 2690048 | EPS: 0.34 | Rew: 0.76 | FPS: 8104.0 | Var: per
Step: 2691072 | EPS: 0.34 | Rew: 0.67 | FPS: 7990.4 | Var: per
Step: 2692096 | EPS: 0.34 | Rew: 0.62 | FPS: 7728.9 | Var: per
Step: 2693120 | EPS: 0.34 | Rew: 0.69 | FPS: 7369.1 | Var: per
Step: 2694144 | EPS: 0.34 | Rew: 0.84 | FPS: 8209.2 | Var: per
Step: 2695168 | EPS: 0.34 | Rew: 0.88 | FPS: 8575.4 | Var: per
Step: 2696192 | EPS: 0.34 | Rew: 1.04 | FPS: 7949.5 | Var: per
Step: 2697216 | EPS: 0.34 | Rew: 1.00 | FPS: 7970.6 | Var: per
Step: 2698240 | EPS: 0.34 | Rew: 1.11 | FPS: 8296.9 | Var: per
Step: 2699264 | EPS: 0.34 | Rew: 0.95 | FPS: 7892.6 | Var: per
Step: 2700288 | EPS: 0.34 | Rew: 0.94 | FPS: 7696.1 | Var: per
Step: 2701312 | EPS: 0.34 | Rew: 0.82 | FPS: 7882.4 | Var: per
Step: 2702336 | EPS: 0.34 | Rew: 0.90 | FPS: 8512.4 | Var: per
Step: 2703360 | EPS: 0.34 | Rew: 0.90 | FPS: 5450.6 | Var: per
Step: 2704384 | EPS: 0.34 | Rew: 0.93 | FPS: 7420.8 | Var: per
Step: 2705408 | EPS: 0.34 | Rew: 1.04 | FPS: 7874.9 | Var: per
Step: 2706432 | EPS: 0.34 | Rew: 1.11 | FPS: 8042.5 | Var: per
Step: 2707456 | EPS: 0.34 | Rew: 1.12 | FPS: 8483.2 | Var: per
Step: 2708480 | EPS: 0.34 | Rew: 1.11 | FPS: 7929.6 | Var: per
Step: 2709504 | EPS: 0.34 | Rew: 0.97 | FPS: 7744.7 | Var: per
Step: 2710528 | EPS: 0.34 | Rew: 0.84 | FPS: 8167.7 | Var: per
Step: 2711552 | EPS: 0.34 | Rew: 0.87 | FPS: 8425.2 | Var: per
Step: 2712576 | EPS: 0.34 | Rew: 0.73 | FPS: 8470.7 | Var: per
Step: 2713600 | EPS: 0.34 | Rew: 0.92 | FPS: 8045.2 | Var: per
Step: 2714624 | EPS: 0.33 | Rew: 0.97 | FPS: 7977.1 | Var: per
Step: 2715648 | EPS: 0.33 | Rew: 1.08 | FPS: 6258.9 | Var: per
Step: 2716672 | EPS: 0.33 | Rew: 1.19 | FPS: 7909.3 | Var: per
Step: 2717696 | EPS: 0.33 | Rew: 1.28 | FPS: 8238.5 | Var: per
Step: 2718720 | EPS: 0.33 | Rew: 1.19 | FPS: 7973.1 | Var: per
Step: 2719744 | EPS: 0.33 | Rew: 1.21 | FPS: 8307.5 | Var: per
Step: 2720768 | EPS: 0.33 | Rew: 1.20 | FPS: 8602.5 | Var: per
Step: 2721792 | EPS: 0.33 | Rew: 1.18 | FPS: 7204.5 | Var: per
Step: 2722816 | EPS: 0.33 | Rew: 1.22 | FPS: 8422.9 | Var: per
Step: 2723840 | EPS: 0.33 | Rew: 1.16 | FPS: 8809.2 | Var: per
Step: 2724864 | EPS: 0.33 | Rew: 1.16 | FPS: 8041.0 | Var: per
Step: 2725888 | EPS: 0.33 | Rew: 1.15 | FPS: 8077.9 | Var: per
Step: 2726912 | EPS: 0.33 | Rew: 1.03 | FPS: 8295.2 | Var: per
Step: 2727936 | EPS: 0.33 | Rew: 0.96 | FPS: 8196.6 | Var: per
Step: 2728960 | EPS: 0.33 | Rew: 0.95 | FPS: 8355.8 | Var: per
Step: 2729984 | EPS: 0.33 | Rew: 0.97 | FPS: 8764.1 | Var: per
Step: 2731008 | EPS: 0.33 | Rew: 1.07 | FPS: 8409.7 | Var: per
Step: 2732032 | EPS: 0.33 | Rew: 1.03 | FPS: 8527.1 | Var: per
Step: 2733056 | EPS: 0.33 | Rew: 1.19 | FPS: 8652.6 | Var: per
Step: 2734080 | EPS: 0.33 | Rew: 1.07 | FPS: 8445.4 | Var: per
Step: 2735104 | EPS: 0.33 | Rew: 0.89 | FPS: 8451.4 | Var: per
Step: 2736128 | EPS: 0.33 | Rew: 0.79 | FPS: 8003.8 | Var: per
Step: 2737152 | EPS: 0.33 | Rew: 0.90 | FPS: 8286.0 | Var: per
Step: 2738176 | EPS: 0.33 | Rew: 0.73 | FPS: 7707.5 | Var: per
Step: 2739200 | EPS: 0.33 | Rew: 0.82 | FPS: 8439.5 | Var: per
Step: 2740224 | EPS: 0.33 | Rew: 1.09 | FPS: 8313.9 | Var: per
Step: 2741248 | EPS: 0.33 | Rew: 1.21 | FPS: 8273.1 | Var: per
Step: 2742272 | EPS: 0.33 | Rew: 1.31 | FPS: 6604.4 | Var: per
Step: 2743296 | EPS: 0.33 | Rew: 1.21 | FPS: 7827.4 | Var: per
Step: 2744320 | EPS: 0.33 | Rew: 1.30 | FPS: 8240.1 | Var: per
Step: 2745344 | EPS: 0.33 | Rew: 1.31 | FPS: 8465.8 | Var: per
Step: 2746368 | EPS: 0.33 | Rew: 1.25 | FPS: 8705.3 | Var: per
Step: 2747392 | EPS: 0.33 | Rew: 1.25 | FPS: 8291.4 | Var: per
Step: 2748416 | EPS: 0.33 | Rew: 1.24 | FPS: 8421.9 | Var: per
Step: 2749440 | EPS: 0.33 | Rew: 1.20 | FPS: 7934.8 | Var: per
Step: 2750464 | EPS: 0.33 | Rew: 1.21 | FPS: 7870.6 | Var: per
Step: 2751488 | EPS: 0.33 | Rew: 1.36 | FPS: 8281.6 | Var: per
Step: 2752512 | EPS: 0.33 | Rew: 1.23 | FPS: 8579.4 | Var: per
Step: 2753536 | EPS: 0.33 | Rew: 1.33 | FPS: 8607.5 | Var: per
Step: 2754560 | EPS: 0.33 | Rew: 1.32 | FPS: 7761.9 | Var: per
Step: 2755584 | EPS: 0.32 | Rew: 1.30 | FPS: 8502.5 | Var: per
Step: 2756608 | EPS: 0.32 | Rew: 1.18 | FPS: 8432.7 | Var: per
Step: 2757632 | EPS: 0.32 | Rew: 1.21 | FPS: 8575.7 | Var: per
Step: 2758656 | EPS: 0.32 | Rew: 1.21 | FPS: 8155.0 | Var: per
Step: 2759680 | EPS: 0.32 | Rew: 1.24 | FPS: 8028.3 | Var: per
Step: 2760704 | EPS: 0.32 | Rew: 1.30 | FPS: 8390.5 | Var: per
Step: 2761728 | EPS: 0.32 | Rew: 1.36 | FPS: 8514.9 | Var: per
Step: 2762752 | EPS: 0.32 | Rew: 1.37 | FPS: 8087.7 | Var: per
Step: 2763776 | EPS: 0.32 | Rew: 1.37 | FPS: 6451.7 | Var: per
Step: 2764800 | EPS: 0.32 | Rew: 1.41 | FPS: 8393.7 | Var: per
Step: 2765824 | EPS: 0.32 | Rew: 1.39 | FPS: 8103.6 | Var: per
Step: 2766848 | EPS: 0.32 | Rew: 1.40 | FPS: 6121.0 | Var: per
Step: 2767872 | EPS: 0.32 | Rew: 1.27 | FPS: 8010.7 | Var: per
Step: 2768896 | EPS: 0.32 | Rew: 1.32 | FPS: 8099.6 | Var: per
Step: 2769920 | EPS: 0.32 | Rew: 1.30 | FPS: 8822.1 | Var: per
Step: 2770944 | EPS: 0.32 | Rew: 1.17 | FPS: 8433.9 | Var: per
Step: 2771968 | EPS: 0.32 | Rew: 1.17 | FPS: 8066.2 | Var: per
Step: 2772992 | EPS: 0.32 | Rew: 1.21 | FPS: 7988.9 | Var: per
Step: 2774016 | EPS: 0.32 | Rew: 1.36 | FPS: 8566.9 | Var: per
Step: 2775040 | EPS: 0.32 | Rew: 1.39 | FPS: 8004.4 | Var: per
Step: 2776064 | EPS: 0.32 | Rew: 1.38 | FPS: 6698.9 | Var: per
Step: 2777088 | EPS: 0.32 | Rew: 1.52 | FPS: 8340.7 | Var: per
>>> [Best] Saved -> agent/checkpoints/per_pretrain.pth | Rew 1.52
Step: 2778112 | EPS: 0.32 | Rew: 1.41 | FPS: 7983.5 | Var: per
Step: 2779136 | EPS: 0.32 | Rew: 1.36 | FPS: 8042.4 | Var: per
Step: 2780160 | EPS: 0.32 | Rew: 1.23 | FPS: 8341.5 | Var: per
Step: 2781184 | EPS: 0.32 | Rew: 1.23 | FPS: 8438.2 | Var: per
Step: 2782208 | EPS: 0.32 | Rew: 1.07 | FPS: 8122.2 | Var: per
Step: 2783232 | EPS: 0.32 | Rew: 1.17 | FPS: 8322.7 | Var: per
Step: 2784256 | EPS: 0.32 | Rew: 1.11 | FPS: 8151.1 | Var: per
Step: 2785280 | EPS: 0.32 | Rew: 1.11 | FPS: 8027.0 | Var: per
Step: 2786304 | EPS: 0.32 | Rew: 1.04 | FPS: 7583.2 | Var: per
Step: 2787328 | EPS: 0.32 | Rew: 1.09 | FPS: 7679.6 | Var: per
Step: 2788352 | EPS: 0.32 | Rew: 1.15 | FPS: 8483.2 | Var: per
Step: 2789376 | EPS: 0.32 | Rew: 1.08 | FPS: 7964.3 | Var: per
Step: 2790400 | EPS: 0.32 | Rew: 1.09 | FPS: 8186.8 | Var: per
Step: 2791424 | EPS: 0.32 | Rew: 1.24 | FPS: 8324.7 | Var: per
Step: 2792448 | EPS: 0.32 | Rew: 1.21 | FPS: 8804.8 | Var: per
Step: 2793472 | EPS: 0.32 | Rew: 1.25 | FPS: 8421.7 | Var: per
Step: 2794496 | EPS: 0.32 | Rew: 1.28 | FPS: 8260.7 | Var: per
Step: 2795520 | EPS: 0.32 | Rew: 1.41 | FPS: 8190.4 | Var: per
Step: 2796544 | EPS: 0.31 | Rew: 1.31 | FPS: 8601.9 | Var: per
Step: 2797568 | EPS: 0.31 | Rew: 1.33 | FPS: 7200.1 | Var: per
Step: 2798592 | EPS: 0.31 | Rew: 1.27 | FPS: 6235.8 | Var: per
Step: 2799616 | EPS: 0.31 | Rew: 1.31 | FPS: 7706.4 | Var: per
Step: 2800640 | EPS: 0.31 | Rew: 1.25 | FPS: 6082.2 | Var: per
Step: 2801664 | EPS: 0.31 | Rew: 1.17 | FPS: 8267.2 | Var: per
Step: 2802688 | EPS: 0.31 | Rew: 1.07 | FPS: 9092.0 | Var: per
Step: 2803712 | EPS: 0.31 | Rew: 1.31 | FPS: 7990.6 | Var: per
Step: 2804736 | EPS: 0.31 | Rew: 1.23 | FPS: 8075.0 | Var: per
Step: 2805760 | EPS: 0.31 | Rew: 1.35 | FPS: 7980.4 | Var: per
Step: 2806784 | EPS: 0.31 | Rew: 1.35 | FPS: 6703.4 | Var: per
Step: 2807808 | EPS: 0.31 | Rew: 1.33 | FPS: 8030.6 | Var: per
Step: 2808832 | EPS: 0.31 | Rew: 1.13 | FPS: 8832.9 | Var: per
Step: 2809856 | EPS: 0.31 | Rew: 1.20 | FPS: 8118.6 | Var: per
Step: 2810880 | EPS: 0.31 | Rew: 1.01 | FPS: 8207.8 | Var: per
Step: 2811904 | EPS: 0.31 | Rew: 1.02 | FPS: 7851.3 | Var: per
Step: 2812928 | EPS: 0.31 | Rew: 1.10 | FPS: 8153.2 | Var: per
Step: 2813952 | EPS: 0.31 | Rew: 1.17 | FPS: 8123.7 | Var: per
Step: 2814976 | EPS: 0.31 | Rew: 1.36 | FPS: 7999.3 | Var: per
Step: 2816000 | EPS: 0.31 | Rew: 1.39 | FPS: 8251.4 | Var: per
Step: 2817024 | EPS: 0.31 | Rew: 1.57 | FPS: 8191.7 | Var: per
Step: 2818048 | EPS: 0.31 | Rew: 1.58 | FPS: 8284.4 | Var: per
Step: 2819072 | EPS: 0.31 | Rew: 1.50 | FPS: 9069.7 | Var: per
Step: 2820096 | EPS: 0.31 | Rew: 1.31 | FPS: 8674.1 | Var: per
Step: 2821120 | EPS: 0.31 | Rew: 1.32 | FPS: 8129.8 | Var: per
Step: 2822144 | EPS: 0.31 | Rew: 1.28 | FPS: 8521.5 | Var: per
Step: 2823168 | EPS: 0.31 | Rew: 1.18 | FPS: 8506.9 | Var: per
Step: 2824192 | EPS: 0.31 | Rew: 1.22 | FPS: 8232.4 | Var: per
Step: 2825216 | EPS: 0.31 | Rew: 1.22 | FPS: 7475.9 | Var: per
Step: 2826240 | EPS: 0.31 | Rew: 1.19 | FPS: 7999.6 | Var: per
Step: 2827264 | EPS: 0.31 | Rew: 1.29 | FPS: 8058.1 | Var: per
Step: 2828288 | EPS: 0.31 | Rew: 1.27 | FPS: 7830.7 | Var: per
Step: 2829312 | EPS: 0.31 | Rew: 1.29 | FPS: 8472.3 | Var: per
Step: 2830336 | EPS: 0.31 | Rew: 1.30 | FPS: 6443.6 | Var: per
Step: 2831360 | EPS: 0.31 | Rew: 1.36 | FPS: 8072.9 | Var: per
Step: 2832384 | EPS: 0.31 | Rew: 1.40 | FPS: 8017.9 | Var: per
Step: 2833408 | EPS: 0.31 | Rew: 1.23 | FPS: 7964.9 | Var: per
Step: 2834432 | EPS: 0.31 | Rew: 1.30 | FPS: 7899.8 | Var: per
Step: 2835456 | EPS: 0.31 | Rew: 1.28 | FPS: 8916.5 | Var: per
Step: 2836480 | EPS: 0.31 | Rew: 1.21 | FPS: 8870.7 | Var: per
Step: 2837504 | EPS: 0.30 | Rew: 1.09 | FPS: 7599.4 | Var: per
Step: 2838528 | EPS: 0.30 | Rew: 1.17 | FPS: 7224.4 | Var: per
Step: 2839552 | EPS: 0.30 | Rew: 1.30 | FPS: 8162.8 | Var: per
Step: 2840576 | EPS: 0.30 | Rew: 1.28 | FPS: 8064.8 | Var: per
Step: 2841600 | EPS: 0.30 | Rew: 1.44 | FPS: 8392.1 | Var: per
Step: 2842624 | EPS: 0.30 | Rew: 1.42 | FPS: 7688.2 | Var: per
Step: 2843648 | EPS: 0.30 | Rew: 1.37 | FPS: 7646.7 | Var: per
Step: 2844672 | EPS: 0.30 | Rew: 1.35 | FPS: 7803.6 | Var: per
Step: 2845696 | EPS: 0.30 | Rew: 1.24 | FPS: 8274.8 | Var: per
Step: 2846720 | EPS: 0.30 | Rew: 1.36 | FPS: 8018.3 | Var: per
Step: 2847744 | EPS: 0.30 | Rew: 1.44 | FPS: 7987.6 | Var: per
Step: 2848768 | EPS: 0.30 | Rew: 1.46 | FPS: 6280.4 | Var: per
Step: 2849792 | EPS: 0.30 | Rew: 1.40 | FPS: 7731.9 | Var: per
Step: 2850816 | EPS: 0.30 | Rew: 1.35 | FPS: 8064.0 | Var: per
Step: 2851840 | EPS: 0.30 | Rew: 1.20 | FPS: 8586.7 | Var: per
Step: 2852864 | EPS: 0.30 | Rew: 1.05 | FPS: 8314.0 | Var: per
Step: 2853888 | EPS: 0.30 | Rew: 1.20 | FPS: 7133.2 | Var: per
Step: 2854912 | EPS: 0.30 | Rew: 1.37 | FPS: 8075.8 | Var: per
Step: 2855936 | EPS: 0.30 | Rew: 1.36 | FPS: 8907.8 | Var: per
Step: 2856960 | EPS: 0.30 | Rew: 1.51 | FPS: 8359.0 | Var: per
Step: 2857984 | EPS: 0.30 | Rew: 1.38 | FPS: 8422.1 | Var: per
Step: 2859008 | EPS: 0.30 | Rew: 1.21 | FPS: 6811.4 | Var: per
Step: 2860032 | EPS: 0.30 | Rew: 1.12 | FPS: 7962.8 | Var: per
Step: 2861056 | EPS: 0.30 | Rew: 1.27 | FPS: 7181.7 | Var: per
Step: 2862080 | EPS: 0.30 | Rew: 1.06 | FPS: 8132.4 | Var: per
Step: 2863104 | EPS: 0.30 | Rew: 1.08 | FPS: 8677.2 | Var: per
Step: 2864128 | EPS: 0.30 | Rew: 1.23 | FPS: 8322.6 | Var: per
Step: 2865152 | EPS: 0.30 | Rew: 1.30 | FPS: 8316.6 | Var: per
Step: 2866176 | EPS: 0.30 | Rew: 1.22 | FPS: 6984.4 | Var: per
Step: 2867200 | EPS: 0.30 | Rew: 1.34 | FPS: 8289.2 | Var: per
Step: 2868224 | EPS: 0.30 | Rew: 1.35 | FPS: 8520.7 | Var: per
Step: 2869248 | EPS: 0.30 | Rew: 1.36 | FPS: 9272.0 | Var: per
Step: 2870272 | EPS: 0.30 | Rew: 1.35 | FPS: 8164.0 | Var: per
Step: 2871296 | EPS: 0.30 | Rew: 1.22 | FPS: 7994.0 | Var: per
Step: 2872320 | EPS: 0.30 | Rew: 1.13 | FPS: 7998.9 | Var: per
Step: 2873344 | EPS: 0.30 | Rew: 1.24 | FPS: 8017.4 | Var: per
Step: 2874368 | EPS: 0.30 | Rew: 1.32 | FPS: 6796.9 | Var: per
Step: 2875392 | EPS: 0.30 | Rew: 1.53 | FPS: 8391.2 | Var: per
Step: 2876416 | EPS: 0.30 | Rew: 1.73 | FPS: 7725.4 | Var: per
Step: 2877440 | EPS: 0.30 | Rew: 1.76 | FPS: 8010.1 | Var: per
Step: 2878464 | EPS: 0.29 | Rew: 1.65 | FPS: 8069.7 | Var: per
Step: 2879488 | EPS: 0.29 | Rew: 1.73 | FPS: 8262.6 | Var: per
Step: 2880512 | EPS: 0.29 | Rew: 1.74 | FPS: 8008.8 | Var: per
Step: 2881536 | EPS: 0.29 | Rew: 1.62 | FPS: 6748.2 | Var: per
Step: 2882560 | EPS: 0.29 | Rew: 1.56 | FPS: 8464.6 | Var: per
Step: 2883584 | EPS: 0.29 | Rew: 1.52 | FPS: 8798.9 | Var: per
Step: 2884608 | EPS: 0.29 | Rew: 1.52 | FPS: 8078.6 | Var: per
Step: 2885632 | EPS: 0.29 | Rew: 1.54 | FPS: 8393.8 | Var: per
Step: 2886656 | EPS: 0.29 | Rew: 1.46 | FPS: 8628.7 | Var: per
Step: 2887680 | EPS: 0.29 | Rew: 1.34 | FPS: 8389.9 | Var: per
Step: 2888704 | EPS: 0.29 | Rew: 1.49 | FPS: 8309.0 | Var: per
Step: 2889728 | EPS: 0.29 | Rew: 1.33 | FPS: 7924.0 | Var: per
Step: 2890752 | EPS: 0.29 | Rew: 1.39 | FPS: 6257.4 | Var: per
Step: 2891776 | EPS: 0.29 | Rew: 1.25 | FPS: 7473.8 | Var: per
Step: 2892800 | EPS: 0.29 | Rew: 1.42 | FPS: 8559.3 | Var: per
Step: 2893824 | EPS: 0.29 | Rew: 1.29 | FPS: 8345.0 | Var: per
Step: 2894848 | EPS: 0.29 | Rew: 1.31 | FPS: 8164.2 | Var: per
Step: 2895872 | EPS: 0.29 | Rew: 1.56 | FPS: 7194.2 | Var: per
Step: 2896896 | EPS: 0.29 | Rew: 1.44 | FPS: 7106.4 | Var: per
Step: 2897920 | EPS: 0.29 | Rew: 1.53 | FPS: 8272.9 | Var: per
Step: 2898944 | EPS: 0.29 | Rew: 1.44 | FPS: 8516.7 | Var: per
Step: 2899968 | EPS: 0.29 | Rew: 1.61 | FPS: 7708.5 | Var: per
Step: 2900992 | EPS: 0.29 | Rew: 1.49 | FPS: 8671.6 | Var: per
Step: 2902016 | EPS: 0.29 | Rew: 1.56 | FPS: 9160.3 | Var: per
Step: 2903040 | EPS: 0.29 | Rew: 1.43 | FPS: 8020.5 | Var: per
Step: 2904064 | EPS: 0.29 | Rew: 1.60 | FPS: 8728.9 | Var: per
Step: 2905088 | EPS: 0.29 | Rew: 1.50 | FPS: 8119.4 | Var: per
Step: 2906112 | EPS: 0.29 | Rew: 1.53 | FPS: 7981.4 | Var: per
Step: 2907136 | EPS: 0.29 | Rew: 1.49 | FPS: 7930.2 | Var: per
Step: 2908160 | EPS: 0.29 | Rew: 1.48 | FPS: 8557.7 | Var: per
Step: 2909184 | EPS: 0.29 | Rew: 1.59 | FPS: 8206.5 | Var: per
Step: 2910208 | EPS: 0.29 | Rew: 1.54 | FPS: 8448.3 | Var: per
Step: 2911232 | EPS: 0.29 | Rew: 1.45 | FPS: 8405.4 | Var: per
Step: 2912256 | EPS: 0.29 | Rew: 1.43 | FPS: 8258.4 | Var: per
Step: 2913280 | EPS: 0.29 | Rew: 1.43 | FPS: 8436.8 | Var: per
Step: 2914304 | EPS: 0.29 | Rew: 1.28 | FPS: 8146.4 | Var: per
Step: 2915328 | EPS: 0.29 | Rew: 1.27 | FPS: 8409.9 | Var: per
Step: 2916352 | EPS: 0.29 | Rew: 1.45 | FPS: 7920.2 | Var: per
Step: 2917376 | EPS: 0.29 | Rew: 1.62 | FPS: 6171.5 | Var: per
Step: 2918400 | EPS: 0.28 | Rew: 1.53 | FPS: 8048.2 | Var: per
Step: 2919424 | EPS: 0.28 | Rew: 1.66 | FPS: 7998.7 | Var: per
Step: 2920448 | EPS: 0.28 | Rew: 1.61 | FPS: 7530.2 | Var: per
Step: 2921472 | EPS: 0.28 | Rew: 1.33 | FPS: 7581.9 | Var: per
Step: 2922496 | EPS: 0.28 | Rew: 1.30 | FPS: 8230.1 | Var: per
Step: 2923520 | EPS: 0.28 | Rew: 1.33 | FPS: 8346.1 | Var: per
Step: 2924544 | EPS: 0.28 | Rew: 1.32 | FPS: 8019.2 | Var: per
Step: 2925568 | EPS: 0.28 | Rew: 1.33 | FPS: 8390.5 | Var: per
Step: 2926592 | EPS: 0.28 | Rew: 1.41 | FPS: 8422.8 | Var: per
Step: 2927616 | EPS: 0.28 | Rew: 1.45 | FPS: 7984.7 | Var: per
Step: 2928640 | EPS: 0.28 | Rew: 1.47 | FPS: 7907.1 | Var: per
Step: 2929664 | EPS: 0.28 | Rew: 1.53 | FPS: 8179.7 | Var: per
Step: 2930688 | EPS: 0.28 | Rew: 1.66 | FPS: 8526.9 | Var: per
Step: 2931712 | EPS: 0.28 | Rew: 1.77 | FPS: 8296.3 | Var: per
Step: 2932736 | EPS: 0.28 | Rew: 1.75 | FPS: 7756.4 | Var: per
Step: 2933760 | EPS: 0.28 | Rew: 1.63 | FPS: 8147.9 | Var: per
Step: 2934784 | EPS: 0.28 | Rew: 1.54 | FPS: 8085.3 | Var: per
Step: 2935808 | EPS: 0.28 | Rew: 1.57 | FPS: 8082.7 | Var: per
Step: 2936832 | EPS: 0.28 | Rew: 1.39 | FPS: 8610.7 | Var: per
Step: 2937856 | EPS: 0.28 | Rew: 1.37 | FPS: 6861.3 | Var: per
Step: 2938880 | EPS: 0.28 | Rew: 1.43 | FPS: 7295.5 | Var: per
Step: 2939904 | EPS: 0.28 | Rew: 1.51 | FPS: 6834.2 | Var: per
Step: 2940928 | EPS: 0.28 | Rew: 1.53 | FPS: 7526.7 | Var: per
Step: 2941952 | EPS: 0.28 | Rew: 1.66 | FPS: 8682.5 | Var: per
Step: 2942976 | EPS: 0.28 | Rew: 1.66 | FPS: 7972.5 | Var: per
Step: 2944000 | EPS: 0.28 | Rew: 1.64 | FPS: 8508.5 | Var: per
Step: 2945024 | EPS: 0.28 | Rew: 1.63 | FPS: 8459.0 | Var: per
Step: 2946048 | EPS: 0.28 | Rew: 1.65 | FPS: 8081.9 | Var: per
Step: 2947072 | EPS: 0.28 | Rew: 1.54 | FPS: 7765.1 | Var: per
Step: 2948096 | EPS: 0.28 | Rew: 1.48 | FPS: 8467.1 | Var: per
Step: 2949120 | EPS: 0.28 | Rew: 1.55 | FPS: 8041.8 | Var: per
Step: 2950144 | EPS: 0.28 | Rew: 1.51 | FPS: 8172.2 | Var: per
Step: 2951168 | EPS: 0.28 | Rew: 1.63 | FPS: 8658.4 | Var: per
Step: 2952192 | EPS: 0.28 | Rew: 1.79 | FPS: 7950.3 | Var: per
Step: 2953216 | EPS: 0.28 | Rew: 1.80 | FPS: 8229.5 | Var: per
Step: 2954240 | EPS: 0.28 | Rew: 1.83 | FPS: 7997.0 | Var: per
Step: 2955264 | EPS: 0.28 | Rew: 1.80 | FPS: 8329.3 | Var: per
Step: 2956288 | EPS: 0.28 | Rew: 1.79 | FPS: 8537.0 | Var: per
Step: 2957312 | EPS: 0.28 | Rew: 1.90 | FPS: 8953.1 | Var: per
Step: 2958336 | EPS: 0.28 | Rew: 1.84 | FPS: 9667.9 | Var: per
Step: 2959360 | EPS: 0.27 | Rew: 1.74 | FPS: 9746.4 | Var: per
Step: 2960384 | EPS: 0.27 | Rew: 1.73 | FPS: 9781.3 | Var: per
Step: 2961408 | EPS: 0.27 | Rew: 1.57 | FPS: 9074.5 | Var: per
Step: 2962432 | EPS: 0.27 | Rew: 1.79 | FPS: 8791.8 | Var: per
Step: 2963456 | EPS: 0.27 | Rew: 1.94 | FPS: 7286.0 | Var: per
Step: 2964480 | EPS: 0.27 | Rew: 1.85 | FPS: 8616.0 | Var: per
Step: 2965504 | EPS: 0.27 | Rew: 1.91 | FPS: 8656.6 | Var: per
Step: 2966528 | EPS: 0.27 | Rew: 1.93 | FPS: 8610.8 | Var: per
Step: 2967552 | EPS: 0.27 | Rew: 2.01 | FPS: 8047.6 | Var: per
Step: 2968576 | EPS: 0.27 | Rew: 1.96 | FPS: 8417.8 | Var: per
Step: 2969600 | EPS: 0.27 | Rew: 1.77 | FPS: 8460.4 | Var: per
Step: 2970624 | EPS: 0.27 | Rew: 1.72 | FPS: 8030.8 | Var: per
Step: 2971648 | EPS: 0.27 | Rew: 1.61 | FPS: 9033.9 | Var: per
Step: 2972672 | EPS: 0.27 | Rew: 1.35 | FPS: 8030.5 | Var: per
Step: 2973696 | EPS: 0.27 | Rew: 1.27 | FPS: 8335.6 | Var: per
Step: 2974720 | EPS: 0.27 | Rew: 1.41 | FPS: 8537.8 | Var: per
Step: 2975744 | EPS: 0.27 | Rew: 1.51 | FPS: 5600.6 | Var: per
Step: 2976768 | EPS: 0.27 | Rew: 1.63 | FPS: 8167.6 | Var: per
Step: 2977792 | EPS: 0.27 | Rew: 1.64 | FPS: 8055.2 | Var: per
Step: 2978816 | EPS: 0.27 | Rew: 1.66 | FPS: 8307.0 | Var: per
Step: 2979840 | EPS: 0.27 | Rew: 1.59 | FPS: 5765.0 | Var: per
Step: 2980864 | EPS: 0.27 | Rew: 1.53 | FPS: 8005.5 | Var: per
Step: 2981888 | EPS: 0.27 | Rew: 1.46 | FPS: 8306.5 | Var: per
Step: 2982912 | EPS: 0.27 | Rew: 1.45 | FPS: 8382.5 | Var: per
Step: 2983936 | EPS: 0.27 | Rew: 1.36 | FPS: 7313.5 | Var: per
Step: 2984960 | EPS: 0.27 | Rew: 1.47 | FPS: 7994.6 | Var: per
Step: 2985984 | EPS: 0.27 | Rew: 1.42 | FPS: 7343.2 | Var: per
Step: 2987008 | EPS: 0.27 | Rew: 1.40 | FPS: 8401.0 | Var: per
Step: 2988032 | EPS: 0.27 | Rew: 1.39 | FPS: 8022.0 | Var: per
Step: 2989056 | EPS: 0.27 | Rew: 1.34 | FPS: 7995.1 | Var: per
Step: 2990080 | EPS: 0.27 | Rew: 1.49 | FPS: 8351.5 | Var: per
Step: 2991104 | EPS: 0.27 | Rew: 1.82 | FPS: 8036.1 | Var: per
Step: 2992128 | EPS: 0.27 | Rew: 1.77 | FPS: 8445.9 | Var: per
Step: 2993152 | EPS: 0.27 | Rew: 1.77 | FPS: 7898.4 | Var: per
Step: 2994176 | EPS: 0.27 | Rew: 1.90 | FPS: 8381.6 | Var: per
Step: 2995200 | EPS: 0.27 | Rew: 2.04 | FPS: 8647.1 | Var: per
>>> [Best] Saved -> agent/checkpoints/per_pretrain.pth | Rew 2.04
Step: 2996224 | EPS: 0.27 | Rew: 1.53 | FPS: 7779.0 | Var: per
Step: 2997248 | EPS: 0.27 | Rew: 1.55 | FPS: 8555.7 | Var: per
Step: 2998272 | EPS: 0.27 | Rew: 1.64 | FPS: 8038.9 | Var: per
Step: 2999296 | EPS: 0.27 | Rew: 1.40 | FPS: 7873.1 | Var: per
Step: 3000320 | EPS: 0.26 | Rew: 1.25 | FPS: 8009.3 | Var: per
Step: 3001344 | EPS: 0.26 | Rew: 1.33 | FPS: 8026.6 | Var: per
Step: 3002368 | EPS: 0.26 | Rew: 1.48 | FPS: 6904.3 | Var: per
Step: 3003392 | EPS: 0.26 | Rew: 1.39 | FPS: 8449.7 | Var: per
Step: 3004416 | EPS: 0.26 | Rew: 1.45 | FPS: 8298.9 | Var: per
Step: 3005440 | EPS: 0.26 | Rew: 1.52 | FPS: 8800.5 | Var: per
Step: 3006464 | EPS: 0.26 | Rew: 1.73 | FPS: 8255.6 | Var: per
Step: 3007488 | EPS: 0.26 | Rew: 1.72 | FPS: 6278.3 | Var: per
Step: 3008512 | EPS: 0.26 | Rew: 1.69 | FPS: 8297.1 | Var: per
Step: 3009536 | EPS: 0.26 | Rew: 1.60 | FPS: 8341.1 | Var: per
Step: 3010560 | EPS: 0.26 | Rew: 1.69 | FPS: 8146.4 | Var: per
Step: 3011584 | EPS: 0.26 | Rew: 1.42 | FPS: 8287.0 | Var: per
Step: 3012608 | EPS: 0.26 | Rew: 1.49 | FPS: 8671.4 | Var: per
Step: 3013632 | EPS: 0.26 | Rew: 1.36 | FPS: 8554.8 | Var: per
Step: 3014656 | EPS: 0.26 | Rew: 1.28 | FPS: 8265.3 | Var: per
Step: 3015680 | EPS: 0.26 | Rew: 1.39 | FPS: 8152.9 | Var: per
Step: 3016704 | EPS: 0.26 | Rew: 1.65 | FPS: 8013.2 | Var: per
Step: 3017728 | EPS: 0.26 | Rew: 1.56 | FPS: 8660.9 | Var: per
Step: 3018752 | EPS: 0.26 | Rew: 1.40 | FPS: 8158.8 | Var: per
Step: 3019776 | EPS: 0.26 | Rew: 1.40 | FPS: 7933.7 | Var: per
Step: 3020800 | EPS: 0.26 | Rew: 1.65 | FPS: 7604.5 | Var: per
Step: 3021824 | EPS: 0.26 | Rew: 1.70 | FPS: 7616.8 | Var: per
Step: 3022848 | EPS: 0.26 | Rew: 1.65 | FPS: 8679.6 | Var: per
Step: 3023872 | EPS: 0.26 | Rew: 1.75 | FPS: 8000.4 | Var: per
Step: 3024896 | EPS: 0.26 | Rew: 1.94 | FPS: 6976.8 | Var: per
Step: 3025920 | EPS: 0.26 | Rew: 1.98 | FPS: 8080.9 | Var: per
Step: 3026944 | EPS: 0.26 | Rew: 1.84 | FPS: 8037.4 | Var: per
Step: 3027968 | EPS: 0.26 | Rew: 1.86 | FPS: 6273.5 | Var: per
Step: 3028992 | EPS: 0.26 | Rew: 1.88 | FPS: 6732.1 | Var: per
Step: 3030016 | EPS: 0.26 | Rew: 1.80 | FPS: 8577.2 | Var: per
Step: 3031040 | EPS: 0.26 | Rew: 2.01 | FPS: 8501.9 | Var: per
Step: 3032064 | EPS: 0.26 | Rew: 2.06 | FPS: 8516.9 | Var: per
Step: 3033088 | EPS: 0.26 | Rew: 2.20 | FPS: 8510.0 | Var: per
Step: 3034112 | EPS: 0.26 | Rew: 2.39 | FPS: 8629.1 | Var: per
Step: 3035136 | EPS: 0.26 | Rew: 2.42 | FPS: 8280.2 | Var: per
Step: 3036160 | EPS: 0.26 | Rew: 2.34 | FPS: 8140.6 | Var: per
Step: 3037184 | EPS: 0.26 | Rew: 2.15 | FPS: 7876.5 | Var: per
Step: 3038208 | EPS: 0.26 | Rew: 2.08 | FPS: 7744.4 | Var: per
Step: 3039232 | EPS: 0.26 | Rew: 2.11 | FPS: 8438.7 | Var: per
Step: 3040256 | EPS: 0.26 | Rew: 1.87 | FPS: 8503.2 | Var: per
Step: 3041280 | EPS: 0.25 | Rew: 1.89 | FPS: 8625.9 | Var: per
Step: 3042304 | EPS: 0.25 | Rew: 1.84 | FPS: 8252.0 | Var: per
Step: 3043328 | EPS: 0.25 | Rew: 1.96 | FPS: 7890.8 | Var: per
Step: 3044352 | EPS: 0.25 | Rew: 1.96 | FPS: 8284.6 | Var: per
Step: 3045376 | EPS: 0.25 | Rew: 1.70 | FPS: 8155.5 | Var: per
Step: 3046400 | EPS: 0.25 | Rew: 1.62 | FPS: 8381.7 | Var: per
Step: 3047424 | EPS: 0.25 | Rew: 1.82 | FPS: 8251.1 | Var: per
Step: 3048448 | EPS: 0.25 | Rew: 1.79 | FPS: 6998.0 | Var: per
Step: 3049472 | EPS: 0.25 | Rew: 1.78 | FPS: 8252.3 | Var: per
Step: 3050496 | EPS: 0.25 | Rew: 1.66 | FPS: 7897.7 | Var: per
Step: 3051520 | EPS: 0.25 | Rew: 1.74 | FPS: 8720.5 | Var: per
Step: 3052544 | EPS: 0.25 | Rew: 1.85 | FPS: 8169.2 | Var: per
Step: 3053568 | EPS: 0.25 | Rew: 1.84 | FPS: 8625.1 | Var: per
Step: 3054592 | EPS: 0.25 | Rew: 1.89 | FPS: 8574.1 | Var: per
Step: 3055616 | EPS: 0.25 | Rew: 1.78 | FPS: 8186.4 | Var: per
Step: 3056640 | EPS: 0.25 | Rew: 1.96 | FPS: 8445.1 | Var: per
Step: 3057664 | EPS: 0.25 | Rew: 1.86 | FPS: 8151.8 | Var: per
Step: 3058688 | EPS: 0.25 | Rew: 1.91 | FPS: 7941.1 | Var: per
Step: 3059712 | EPS: 0.25 | Rew: 1.93 | FPS: 8368.6 | Var: per
Step: 3060736 | EPS: 0.25 | Rew: 1.81 | FPS: 8558.1 | Var: per
Step: 3061760 | EPS: 0.25 | Rew: 1.77 | FPS: 8039.7 | Var: per
Step: 3062784 | EPS: 0.25 | Rew: 1.72 | FPS: 8504.3 | Var: per
Step: 3063808 | EPS: 0.25 | Rew: 1.82 | FPS: 7957.9 | Var: per
Step: 3064832 | EPS: 0.25 | Rew: 1.81 | FPS: 8643.7 | Var: per
Step: 3065856 | EPS: 0.25 | Rew: 1.62 | FPS: 8009.2 | Var: per
Step: 3066880 | EPS: 0.25 | Rew: 1.73 | FPS: 7951.2 | Var: per
Step: 3067904 | EPS: 0.25 | Rew: 1.78 | FPS: 8332.2 | Var: per
Step: 3068928 | EPS: 0.25 | Rew: 1.63 | FPS: 5723.7 | Var: per
Step: 3069952 | EPS: 0.25 | Rew: 1.68 | FPS: 8659.2 | Var: per
Step: 3070976 | EPS: 0.25 | Rew: 1.99 | FPS: 7169.5 | Var: per
Step: 3072000 | EPS: 0.25 | Rew: 2.04 | FPS: 8085.8 | Var: per
Step: 3073024 | EPS: 0.25 | Rew: 1.93 | FPS: 8034.3 | Var: per
Step: 3074048 | EPS: 0.25 | Rew: 1.85 | FPS: 7853.0 | Var: per
Step: 3075072 | EPS: 0.25 | Rew: 1.95 | FPS: 8197.1 | Var: per
Step: 3076096 | EPS: 0.25 | Rew: 1.90 | FPS: 7902.8 | Var: per
Step: 3077120 | EPS: 0.25 | Rew: 1.95 | FPS: 7889.5 | Var: per
Step: 3078144 | EPS: 0.25 | Rew: 1.96 | FPS: 6369.6 | Var: per
Step: 3079168 | EPS: 0.25 | Rew: 2.19 | FPS: 8051.0 | Var: per
Step: 3080192 | EPS: 0.25 | Rew: 2.38 | FPS: 7757.4 | Var: per
Step: 3081216 | EPS: 0.25 | Rew: 2.24 | FPS: 8257.4 | Var: per
Step: 3082240 | EPS: 0.24 | Rew: 2.10 | FPS: 8276.4 | Var: per
Step: 3083264 | EPS: 0.24 | Rew: 1.94 | FPS: 7934.1 | Var: per
Step: 3084288 | EPS: 0.24 | Rew: 1.88 | FPS: 7965.0 | Var: per
Step: 3085312 | EPS: 0.24 | Rew: 1.66 | FPS: 7957.6 | Var: per
Step: 3086336 | EPS: 0.24 | Rew: 1.69 | FPS: 8053.9 | Var: per
Step: 3087360 | EPS: 0.24 | Rew: 1.74 | FPS: 8651.0 | Var: per
Step: 3088384 | EPS: 0.24 | Rew: 1.97 | FPS: 8052.6 | Var: per
Step: 3089408 | EPS: 0.24 | Rew: 2.05 | FPS: 5575.1 | Var: per
Step: 3090432 | EPS: 0.24 | Rew: 1.89 | FPS: 7790.0 | Var: per
Step: 3091456 | EPS: 0.24 | Rew: 1.83 | FPS: 8036.9 | Var: per
Step: 3092480 | EPS: 0.24 | Rew: 1.70 | FPS: 7900.6 | Var: per
Step: 3093504 | EPS: 0.24 | Rew: 1.75 | FPS: 6834.3 | Var: per
Step: 3094528 | EPS: 0.24 | Rew: 1.61 | FPS: 7944.1 | Var: per
Step: 3095552 | EPS: 0.24 | Rew: 1.53 | FPS: 7820.4 | Var: per
Step: 3096576 | EPS: 0.24 | Rew: 1.79 | FPS: 7902.4 | Var: per
Step: 3097600 | EPS: 0.24 | Rew: 1.81 | FPS: 8132.4 | Var: per
Step: 3098624 | EPS: 0.24 | Rew: 1.84 | FPS: 8524.7 | Var: per
Step: 3099648 | EPS: 0.24 | Rew: 1.81 | FPS: 7965.4 | Var: per
Step: 3100672 | EPS: 0.24 | Rew: 1.74 | FPS: 8372.5 | Var: per
Step: 3101696 | EPS: 0.24 | Rew: 1.84 | FPS: 7953.2 | Var: per
Step: 3102720 | EPS: 0.24 | Rew: 1.92 | FPS: 8727.2 | Var: per
Step: 3103744 | EPS: 0.24 | Rew: 1.90 | FPS: 8804.0 | Var: per
Step: 3104768 | EPS: 0.24 | Rew: 1.95 | FPS: 8141.6 | Var: per
Step: 3105792 | EPS: 0.24 | Rew: 1.89 | FPS: 7701.1 | Var: per
Step: 3106816 | EPS: 0.24 | Rew: 2.13 | FPS: 8130.1 | Var: per
Step: 3107840 | EPS: 0.24 | Rew: 2.13 | FPS: 9707.2 | Var: per
Step: 3108864 | EPS: 0.24 | Rew: 2.16 | FPS: 8060.1 | Var: per
Step: 3109888 | EPS: 0.24 | Rew: 2.12 | FPS: 8443.2 | Var: per
Step: 3110912 | EPS: 0.24 | Rew: 2.26 | FPS: 8162.4 | Var: per
Step: 3111936 | EPS: 0.24 | Rew: 2.50 | FPS: 5633.7 | Var: per
Step: 3112960 | EPS: 0.24 | Rew: 2.49 | FPS: 8387.3 | Var: per
Step: 3113984 | EPS: 0.24 | Rew: 2.49 | FPS: 8607.0 | Var: per
Step: 3115008 | EPS: 0.24 | Rew: 2.44 | FPS: 7184.8 | Var: per
Step: 3116032 | EPS: 0.24 | Rew: 2.41 | FPS: 8332.7 | Var: per
Step: 3117056 | EPS: 0.24 | Rew: 2.20 | FPS: 8724.4 | Var: per
Step: 3118080 | EPS: 0.24 | Rew: 1.82 | FPS: 7924.0 | Var: per
Step: 3119104 | EPS: 0.24 | Rew: 1.63 | FPS: 8388.2 | Var: per
Step: 3120128 | EPS: 0.24 | Rew: 1.49 | FPS: 8670.5 | Var: per
Step: 3121152 | EPS: 0.24 | Rew: 1.62 | FPS: 8761.3 | Var: per
Step: 3122176 | EPS: 0.24 | Rew: 1.69 | FPS: 6708.0 | Var: per
Step: 3123200 | EPS: 0.23 | Rew: 2.00 | FPS: 8260.6 | Var: per
Step: 3124224 | EPS: 0.23 | Rew: 1.99 | FPS: 8083.0 | Var: per
Step: 3125248 | EPS: 0.23 | Rew: 1.97 | FPS: 7992.7 | Var: per
Step: 3126272 | EPS: 0.23 | Rew: 1.99 | FPS: 8178.8 | Var: per
Step: 3127296 | EPS: 0.23 | Rew: 2.11 | FPS: 8331.9 | Var: per
Step: 3128320 | EPS: 0.23 | Rew: 1.98 | FPS: 8090.8 | Var: per
Step: 3129344 | EPS: 0.23 | Rew: 1.77 | FPS: 8484.9 | Var: per
Step: 3130368 | EPS: 0.23 | Rew: 1.79 | FPS: 8418.9 | Var: per
Step: 3131392 | EPS: 0.23 | Rew: 1.99 | FPS: 8176.1 | Var: per
Step: 3132416 | EPS: 0.23 | Rew: 2.04 | FPS: 7969.7 | Var: per
Step: 3133440 | EPS: 0.23 | Rew: 1.81 | FPS: 8478.3 | Var: per
Step: 3134464 | EPS: 0.23 | Rew: 2.00 | FPS: 8093.8 | Var: per
Step: 3135488 | EPS: 0.23 | Rew: 2.21 | FPS: 7876.8 | Var: per
Step: 3136512 | EPS: 0.23 | Rew: 2.16 | FPS: 8256.2 | Var: per
Step: 3137536 | EPS: 0.23 | Rew: 2.17 | FPS: 9181.9 | Var: per
Step: 3138560 | EPS: 0.23 | Rew: 2.11 | FPS: 8223.5 | Var: per
Step: 3139584 | EPS: 0.23 | Rew: 2.01 | FPS: 8179.9 | Var: per
Step: 3140608 | EPS: 0.23 | Rew: 1.86 | FPS: 8080.8 | Var: per
Step: 3141632 | EPS: 0.23 | Rew: 1.82 | FPS: 8554.9 | Var: per
Step: 3142656 | EPS: 0.23 | Rew: 1.87 | FPS: 8445.5 | Var: per
Step: 3143680 | EPS: 0.23 | Rew: 1.96 | FPS: 8431.2 | Var: per
Step: 3144704 | EPS: 0.23 | Rew: 2.11 | FPS: 8369.4 | Var: per
Step: 3145728 | EPS: 0.23 | Rew: 2.05 | FPS: 8373.9 | Var: per
Step: 3146752 | EPS: 0.23 | Rew: 2.32 | FPS: 8071.0 | Var: per
Step: 3147776 | EPS: 0.23 | Rew: 2.26 | FPS: 8368.5 | Var: per
Step: 3148800 | EPS: 0.23 | Rew: 2.45 | FPS: 8084.6 | Var: per
Step: 3149824 | EPS: 0.23 | Rew: 2.29 | FPS: 7125.3 | Var: per
Step: 3150848 | EPS: 0.23 | Rew: 2.34 | FPS: 8256.5 | Var: per
Step: 3151872 | EPS: 0.23 | Rew: 2.45 | FPS: 8015.5 | Var: per
Step: 3152896 | EPS: 0.23 | Rew: 2.35 | FPS: 8393.0 | Var: per
Step: 3153920 | EPS: 0.23 | Rew: 2.09 | FPS: 8967.8 | Var: per
Step: 3154944 | EPS: 0.23 | Rew: 1.90 | FPS: 5267.1 | Var: per
Step: 3155968 | EPS: 0.23 | Rew: 2.02 | FPS: 8034.0 | Var: per
Step: 3156992 | EPS: 0.23 | Rew: 1.96 | FPS: 8014.7 | Var: per
Step: 3158016 | EPS: 0.23 | Rew: 1.93 | FPS: 8116.3 | Var: per
Step: 3159040 | EPS: 0.23 | Rew: 1.90 | FPS: 8194.8 | Var: per
Step: 3160064 | EPS: 0.23 | Rew: 1.92 | FPS: 8203.6 | Var: per
Step: 3161088 | EPS: 0.23 | Rew: 2.09 | FPS: 8341.6 | Var: per
Step: 3162112 | EPS: 0.23 | Rew: 2.32 | FPS: 7657.6 | Var: per
Step: 3163136 | EPS: 0.23 | Rew: 2.32 | FPS: 6826.7 | Var: per
Step: 3164160 | EPS: 0.22 | Rew: 2.20 | FPS: 7794.9 | Var: per
Step: 3165184 | EPS: 0.22 | Rew: 2.27 | FPS: 6579.8 | Var: per
Step: 3166208 | EPS: 0.22 | Rew: 2.39 | FPS: 8462.8 | Var: per
Step: 3167232 | EPS: 0.22 | Rew: 2.17 | FPS: 8105.4 | Var: per
Step: 3168256 | EPS: 0.22 | Rew: 1.91 | FPS: 8211.1 | Var: per
Step: 3169280 | EPS: 0.22 | Rew: 1.86 | FPS: 8611.1 | Var: per
Step: 3170304 | EPS: 0.22 | Rew: 1.80 | FPS: 8803.3 | Var: per
Step: 3171328 | EPS: 0.22 | Rew: 1.73 | FPS: 6810.3 | Var: per
Step: 3172352 | EPS: 0.22 | Rew: 1.63 | FPS: 6941.3 | Var: per
Step: 3173376 | EPS: 0.22 | Rew: 1.65 | FPS: 8485.4 | Var: per
Step: 3174400 | EPS: 0.22 | Rew: 1.56 | FPS: 8448.6 | Var: per
Step: 3175424 | EPS: 0.22 | Rew: 1.61 | FPS: 5987.7 | Var: per
Step: 3176448 | EPS: 0.22 | Rew: 1.76 | FPS: 8469.7 | Var: per
Step: 3177472 | EPS: 0.22 | Rew: 2.02 | FPS: 8279.6 | Var: per
Step: 3178496 | EPS: 0.22 | Rew: 2.09 | FPS: 8513.7 | Var: per
Step: 3179520 | EPS: 0.22 | Rew: 2.26 | FPS: 8549.8 | Var: per
Step: 3180544 | EPS: 0.22 | Rew: 2.31 | FPS: 8191.6 | Var: per
Step: 3181568 | EPS: 0.22 | Rew: 2.51 | FPS: 6866.9 | Var: per
Step: 3182592 | EPS: 0.22 | Rew: 2.46 | FPS: 8215.2 | Var: per
Step: 3183616 | EPS: 0.22 | Rew: 2.38 | FPS: 7635.3 | Var: per
Step: 3184640 | EPS: 0.22 | Rew: 2.17 | FPS: 6652.7 | Var: per
Step: 3185664 | EPS: 0.22 | Rew: 2.12 | FPS: 7810.6 | Var: per
Step: 3186688 | EPS: 0.22 | Rew: 1.94 | FPS: 8150.7 | Var: per
Step: 3187712 | EPS: 0.22 | Rew: 1.85 | FPS: 8161.3 | Var: per
Step: 3188736 | EPS: 0.22 | Rew: 1.94 | FPS: 8038.8 | Var: per
Step: 3189760 | EPS: 0.22 | Rew: 1.90 | FPS: 8329.2 | Var: per
Step: 3190784 | EPS: 0.22 | Rew: 1.84 | FPS: 7981.0 | Var: per
Step: 3191808 | EPS: 0.22 | Rew: 1.80 | FPS: 6296.2 | Var: per
Step: 3192832 | EPS: 0.22 | Rew: 1.85 | FPS: 7395.6 | Var: per
Step: 3193856 | EPS: 0.22 | Rew: 2.15 | FPS: 8224.0 | Var: per
Step: 3194880 | EPS: 0.22 | Rew: 2.08 | FPS: 6707.7 | Var: per
Step: 3195904 | EPS: 0.22 | Rew: 2.22 | FPS: 8251.5 | Var: per
Step: 3196928 | EPS: 0.22 | Rew: 2.27 | FPS: 7926.0 | Var: per
Step: 3197952 | EPS: 0.22 | Rew: 2.18 | FPS: 8079.8 | Var: per
Step: 3198976 | EPS: 0.22 | Rew: 2.25 | FPS: 8626.1 | Var: per
Step: 3200000 | EPS: 0.22 | Rew: 2.25 | FPS: 8129.4 | Var: per
Step: 3201024 | EPS: 0.22 | Rew: 2.38 | FPS: 7947.4 | Var: per
Step: 3202048 | EPS: 0.22 | Rew: 2.62 | FPS: 8082.8 | Var: per
>>> [Best] Saved -> agent/checkpoints/per_pretrain.pth | Rew 2.62
Step: 3203072 | EPS: 0.22 | Rew: 2.54 | FPS: 4915.7 | Var: per
Step: 3204096 | EPS: 0.21 | Rew: 2.60 | FPS: 5104.3 | Var: per
Step: 3205120 | EPS: 0.21 | Rew: 2.60 | FPS: 8145.9 | Var: per
Step: 3206144 | EPS: 0.21 | Rew: 2.79 | FPS: 8382.2 | Var: per
Step: 3207168 | EPS: 0.21 | Rew: 2.33 | FPS: 8483.6 | Var: per
Step: 3208192 | EPS: 0.21 | Rew: 2.29 | FPS: 7834.0 | Var: per
Step: 3209216 | EPS: 0.21 | Rew: 2.25 | FPS: 8366.8 | Var: per
Step: 3210240 | EPS: 0.21 | Rew: 2.20 | FPS: 8336.5 | Var: per
Step: 3211264 | EPS: 0.21 | Rew: 2.29 | FPS: 8364.2 | Var: per
Step: 3212288 | EPS: 0.21 | Rew: 2.27 | FPS: 8691.8 | Var: per
Step: 3213312 | EPS: 0.21 | Rew: 2.32 | FPS: 8030.3 | Var: per
Step: 3214336 | EPS: 0.21 | Rew: 2.43 | FPS: 7786.5 | Var: per
Step: 3215360 | EPS: 0.21 | Rew: 2.42 | FPS: 8175.4 | Var: per
Step: 3216384 | EPS: 0.21 | Rew: 2.47 | FPS: 8269.1 | Var: per
Step: 3217408 | EPS: 0.21 | Rew: 2.26 | FPS: 7973.3 | Var: per
Step: 3218432 | EPS: 0.21 | Rew: 2.10 | FPS: 8346.1 | Var: per
Step: 3219456 | EPS: 0.21 | Rew: 2.28 | FPS: 7822.9 | Var: per
Step: 3220480 | EPS: 0.21 | Rew: 2.10 | FPS: 8601.8 | Var: per
Step: 3221504 | EPS: 0.21 | Rew: 2.31 | FPS: 7766.9 | Var: per
Step: 3222528 | EPS: 0.21 | Rew: 2.37 | FPS: 8229.6 | Var: per
Step: 3223552 | EPS: 0.21 | Rew: 2.30 | FPS: 7985.0 | Var: per
Step: 3224576 | EPS: 0.21 | Rew: 2.36 | FPS: 8526.2 | Var: per
Step: 3225600 | EPS: 0.21 | Rew: 2.11 | FPS: 6967.1 | Var: per
Step: 3226624 | EPS: 0.21 | Rew: 2.18 | FPS: 8205.5 | Var: per
Step: 3227648 | EPS: 0.21 | Rew: 2.05 | FPS: 6451.1 | Var: per
Step: 3228672 | EPS: 0.21 | Rew: 2.20 | FPS: 7948.5 | Var: per
Step: 3229696 | EPS: 0.21 | Rew: 2.32 | FPS: 8076.5 | Var: per
Step: 3230720 | EPS: 0.21 | Rew: 2.26 | FPS: 7908.7 | Var: per
Step: 3231744 | EPS: 0.21 | Rew: 2.30 | FPS: 7829.7 | Var: per
Step: 3232768 | EPS: 0.21 | Rew: 2.23 | FPS: 8191.9 | Var: per
Step: 3233792 | EPS: 0.21 | Rew: 2.14 | FPS: 8209.3 | Var: per
Step: 3234816 | EPS: 0.21 | Rew: 2.26 | FPS: 5785.7 | Var: per
Step: 3235840 | EPS: 0.21 | Rew: 2.20 | FPS: 5502.3 | Var: per
Step: 3236864 | EPS: 0.21 | Rew: 2.12 | FPS: 5870.6 | Var: per
Step: 3237888 | EPS: 0.21 | Rew: 2.41 | FPS: 8083.5 | Var: per
Step: 3238912 | EPS: 0.21 | Rew: 2.46 | FPS: 8510.5 | Var: per
Step: 3239936 | EPS: 0.21 | Rew: 2.56 | FPS: 8398.8 | Var: per
Step: 3240960 | EPS: 0.21 | Rew: 2.42 | FPS: 8625.8 | Var: per
Step: 3241984 | EPS: 0.21 | Rew: 2.36 | FPS: 7968.4 | Var: per
Step: 3243008 | EPS: 0.21 | Rew: 2.49 | FPS: 8303.2 | Var: per
Step: 3244032 | EPS: 0.21 | Rew: 2.43 | FPS: 8410.5 | Var: per
Step: 3245056 | EPS: 0.20 | Rew: 2.50 | FPS: 8378.2 | Var: per
Step: 3246080 | EPS: 0.20 | Rew: 2.45 | FPS: 8059.6 | Var: per
Step: 3247104 | EPS: 0.20 | Rew: 2.38 | FPS: 8379.3 | Var: per
Step: 3248128 | EPS: 0.20 | Rew: 2.59 | FPS: 8068.8 | Var: per
Step: 3249152 | EPS: 0.20 | Rew: 2.53 | FPS: 7878.9 | Var: per
Step: 3250176 | EPS: 0.20 | Rew: 2.63 | FPS: 7250.7 | Var: per
Step: 3251200 | EPS: 0.20 | Rew: 2.54 | FPS: 8482.1 | Var: per
Step: 3252224 | EPS: 0.20 | Rew: 2.55 | FPS: 7641.8 | Var: per
Step: 3253248 | EPS: 0.20 | Rew: 2.41 | FPS: 8202.6 | Var: per
Step: 3254272 | EPS: 0.20 | Rew: 2.49 | FPS: 8216.9 | Var: per
Step: 3255296 | EPS: 0.20 | Rew: 2.54 | FPS: 8318.4 | Var: per
Step: 3256320 | EPS: 0.20 | Rew: 2.54 | FPS: 7853.9 | Var: per
Step: 3257344 | EPS: 0.20 | Rew: 2.59 | FPS: 7662.2 | Var: per
Step: 3258368 | EPS: 0.20 | Rew: 2.67 | FPS: 8223.9 | Var: per
Step: 3259392 | EPS: 0.20 | Rew: 2.86 | FPS: 8220.5 | Var: per
Step: 3260416 | EPS: 0.20 | Rew: 2.92 | FPS: 8001.7 | Var: per
Step: 3261440 | EPS: 0.20 | Rew: 2.95 | FPS: 8552.8 | Var: per
Step: 3262464 | EPS: 0.20 | Rew: 2.74 | FPS: 7523.2 | Var: per
Step: 3263488 | EPS: 0.20 | Rew: 2.89 | FPS: 8181.1 | Var: per
Step: 3264512 | EPS: 0.20 | Rew: 2.63 | FPS: 6891.7 | Var: per
Step: 3265536 | EPS: 0.20 | Rew: 2.60 | FPS: 7985.1 | Var: per
Step: 3266560 | EPS: 0.20 | Rew: 2.61 | FPS: 8885.1 | Var: per
Step: 3267584 | EPS: 0.20 | Rew: 2.54 | FPS: 8610.0 | Var: per
Step: 3268608 | EPS: 0.20 | Rew: 2.72 | FPS: 8211.1 | Var: per
Step: 3269632 | EPS: 0.20 | Rew: 2.43 | FPS: 7628.1 | Var: per
Step: 3270656 | EPS: 0.20 | Rew: 2.37 | FPS: 8446.6 | Var: per
Step: 3271680 | EPS: 0.20 | Rew: 2.29 | FPS: 8969.6 | Var: per
Step: 3272704 | EPS: 0.20 | Rew: 2.30 | FPS: 7976.9 | Var: per
Step: 3273728 | EPS: 0.20 | Rew: 2.19 | FPS: 8130.6 | Var: per
Step: 3274752 | EPS: 0.20 | Rew: 2.18 | FPS: 8669.8 | Var: per
Step: 3275776 | EPS: 0.20 | Rew: 2.00 | FPS: 8218.6 | Var: per
Step: 3276800 | EPS: 0.20 | Rew: 2.16 | FPS: 7480.1 | Var: per
Step: 3277824 | EPS: 0.20 | Rew: 2.23 | FPS: 8267.5 | Var: per
Step: 3278848 | EPS: 0.20 | Rew: 2.41 | FPS: 7930.1 | Var: per
Step: 3279872 | EPS: 0.20 | Rew: 2.58 | FPS: 7776.3 | Var: per
Step: 3280896 | EPS: 0.20 | Rew: 2.63 | FPS: 8585.3 | Var: per
Step: 3281920 | EPS: 0.20 | Rew: 2.77 | FPS: 8331.9 | Var: per
Step: 3282944 | EPS: 0.20 | Rew: 2.78 | FPS: 8361.0 | Var: per
Step: 3283968 | EPS: 0.20 | Rew: 2.72 | FPS: 8570.1 | Var: per
Step: 3284992 | EPS: 0.20 | Rew: 2.93 | FPS: 8067.7 | Var: per
Step: 3286016 | EPS: 0.19 | Rew: 2.75 | FPS: 8133.6 | Var: per
Step: 3287040 | EPS: 0.19 | Rew: 2.90 | FPS: 8520.1 | Var: per
Step: 3288064 | EPS: 0.19 | Rew: 2.89 | FPS: 8547.2 | Var: per
Step: 3289088 | EPS: 0.19 | Rew: 2.80 | FPS: 8270.5 | Var: per
Step: 3290112 | EPS: 0.19 | Rew: 2.78 | FPS: 6447.9 | Var: per
Step: 3291136 | EPS: 0.19 | Rew: 2.66 | FPS: 7727.2 | Var: per
Step: 3292160 | EPS: 0.19 | Rew: 2.63 | FPS: 8481.4 | Var: per
Step: 3293184 | EPS: 0.19 | Rew: 2.51 | FPS: 8162.6 | Var: per
Step: 3294208 | EPS: 0.19 | Rew: 2.29 | FPS: 8406.3 | Var: per
Step: 3295232 | EPS: 0.19 | Rew: 2.45 | FPS: 8093.1 | Var: per
Step: 3296256 | EPS: 0.19 | Rew: 2.63 | FPS: 6791.0 | Var: per
Step: 3297280 | EPS: 0.19 | Rew: 2.57 | FPS: 8247.5 | Var: per
Step: 3298304 | EPS: 0.19 | Rew: 2.59 | FPS: 8282.1 | Var: per
Step: 3299328 | EPS: 0.19 | Rew: 2.77 | FPS: 8244.2 | Var: per
Step: 3300352 | EPS: 0.19 | Rew: 2.76 | FPS: 8290.9 | Var: per
Step: 3301376 | EPS: 0.19 | Rew: 2.86 | FPS: 8221.6 | Var: per
Step: 3302400 | EPS: 0.19 | Rew: 3.26 | FPS: 8308.9 | Var: per
>>> [Best] Saved -> agent/checkpoints/per_pretrain.pth | Rew 3.26
Step: 3303424 | EPS: 0.19 | Rew: 3.19 | FPS: 6926.5 | Var: per
Step: 3304448 | EPS: 0.19 | Rew: 3.08 | FPS: 7733.4 | Var: per
Step: 3305472 | EPS: 0.19 | Rew: 2.96 | FPS: 8246.2 | Var: per
Step: 3306496 | EPS: 0.19 | Rew: 2.83 | FPS: 8047.1 | Var: per
Step: 3307520 | EPS: 0.19 | Rew: 3.06 | FPS: 8285.3 | Var: per
Step: 3308544 | EPS: 0.19 | Rew: 3.01 | FPS: 8465.9 | Var: per
Step: 3309568 | EPS: 0.19 | Rew: 2.85 | FPS: 8366.4 | Var: per
Step: 3310592 | EPS: 0.19 | Rew: 2.96 | FPS: 7951.8 | Var: per
Step: 3311616 | EPS: 0.19 | Rew: 3.18 | FPS: 8105.8 | Var: per
Step: 3312640 | EPS: 0.19 | Rew: 3.42 | FPS: 8557.8 | Var: per
Step: 3313664 | EPS: 0.19 | Rew: 3.42 | FPS: 6893.0 | Var: per
Step: 3314688 | EPS: 0.19 | Rew: 3.43 | FPS: 8128.8 | Var: per
Step: 3315712 | EPS: 0.19 | Rew: 3.11 | FPS: 7745.6 | Var: per
Step: 3316736 | EPS: 0.19 | Rew: 2.83 | FPS: 8641.4 | Var: per
Step: 3317760 | EPS: 0.19 | Rew: 2.54 | FPS: 8160.8 | Var: per
Step: 3318784 | EPS: 0.19 | Rew: 2.47 | FPS: 8755.7 | Var: per
Step: 3319808 | EPS: 0.19 | Rew: 2.47 | FPS: 8072.5 | Var: per
Step: 3320832 | EPS: 0.19 | Rew: 2.48 | FPS: 8019.3 | Var: per
Step: 3321856 | EPS: 0.19 | Rew: 2.34 | FPS: 8015.1 | Var: per
Step: 3322880 | EPS: 0.19 | Rew: 2.65 | FPS: 8293.2 | Var: per
Step: 3323904 | EPS: 0.19 | Rew: 2.71 | FPS: 8577.6 | Var: per
Step: 3324928 | EPS: 0.19 | Rew: 2.63 | FPS: 8104.2 | Var: per
Step: 3325952 | EPS: 0.19 | Rew: 2.38 | FPS: 8006.1 | Var: per
Step: 3326976 | EPS: 0.18 | Rew: 2.25 | FPS: 8527.4 | Var: per
Step: 3328000 | EPS: 0.18 | Rew: 2.42 | FPS: 6943.1 | Var: per
Step: 3329024 | EPS: 0.18 | Rew: 2.53 | FPS: 8205.0 | Var: per
Step: 3330048 | EPS: 0.18 | Rew: 2.43 | FPS: 7788.6 | Var: per
Step: 3331072 | EPS: 0.18 | Rew: 2.49 | FPS: 8273.6 | Var: per
Step: 3332096 | EPS: 0.18 | Rew: 2.65 | FPS: 8330.0 | Var: per
Step: 3333120 | EPS: 0.18 | Rew: 2.67 | FPS: 8187.1 | Var: per
Step: 3334144 | EPS: 0.18 | Rew: 2.67 | FPS: 8554.7 | Var: per
Step: 3335168 | EPS: 0.18 | Rew: 2.78 | FPS: 8256.2 | Var: per
Step: 3336192 | EPS: 0.18 | Rew: 2.91 | FPS: 8137.8 | Var: per
Step: 3337216 | EPS: 0.18 | Rew: 2.82 | FPS: 8505.7 | Var: per
Step: 3338240 | EPS: 0.18 | Rew: 2.83 | FPS: 6806.9 | Var: per
Step: 3339264 | EPS: 0.18 | Rew: 2.78 | FPS: 7873.3 | Var: per
Step: 3340288 | EPS: 0.18 | Rew: 3.17 | FPS: 5874.4 | Var: per
Step: 3341312 | EPS: 0.18 | Rew: 3.17 | FPS: 6944.7 | Var: per
Step: 3342336 | EPS: 0.18 | Rew: 3.24 | FPS: 8224.4 | Var: per
Step: 3343360 | EPS: 0.18 | Rew: 3.14 | FPS: 8010.6 | Var: per
Step: 3344384 | EPS: 0.18 | Rew: 3.23 | FPS: 8221.4 | Var: per
Step: 3345408 | EPS: 0.18 | Rew: 3.43 | FPS: 8359.5 | Var: per
Step: 3346432 | EPS: 0.18 | Rew: 3.44 | FPS: 8386.7 | Var: per
Step: 3347456 | EPS: 0.18 | Rew: 3.21 | FPS: 7541.8 | Var: per
Step: 3348480 | EPS: 0.18 | Rew: 3.12 | FPS: 8155.6 | Var: per
Step: 3349504 | EPS: 0.18 | Rew: 3.03 | FPS: 8305.1 | Var: per
Step: 3350528 | EPS: 0.18 | Rew: 2.91 | FPS: 9210.2 | Var: per
Step: 3351552 | EPS: 0.18 | Rew: 2.58 | FPS: 7845.7 | Var: per
Step: 3352576 | EPS: 0.18 | Rew: 2.56 | FPS: 8467.0 | Var: per
Step: 3353600 | EPS: 0.18 | Rew: 2.43 | FPS: 8323.5 | Var: per
Step: 3354624 | EPS: 0.18 | Rew: 2.55 | FPS: 7176.6 | Var: per
Step: 3355648 | EPS: 0.18 | Rew: 2.88 | FPS: 6818.8 | Var: per
Step: 3356672 | EPS: 0.18 | Rew: 3.01 | FPS: 7165.7 | Var: per
Step: 3357696 | EPS: 0.18 | Rew: 3.13 | FPS: 7827.3 | Var: per
Step: 3358720 | EPS: 0.18 | Rew: 3.17 | FPS: 8131.0 | Var: per
Step: 3359744 | EPS: 0.18 | Rew: 3.22 | FPS: 8441.8 | Var: per
Step: 3360768 | EPS: 0.18 | Rew: 3.28 | FPS: 8474.0 | Var: per
Step: 3361792 | EPS: 0.18 | Rew: 2.92 | FPS: 8316.8 | Var: per
Step: 3362816 | EPS: 0.18 | Rew: 2.82 | FPS: 8171.9 | Var: per
Step: 3363840 | EPS: 0.18 | Rew: 2.82 | FPS: 8478.9 | Var: per
Step: 3364864 | EPS: 0.18 | Rew: 2.65 | FPS: 8207.3 | Var: per
Step: 3365888 | EPS: 0.18 | Rew: 2.66 | FPS: 8190.1 | Var: per
Step: 3366912 | EPS: 0.18 | Rew: 2.62 | FPS: 7878.5 | Var: per
Step: 3367936 | EPS: 0.17 | Rew: 2.54 | FPS: 8582.8 | Var: per
Step: 3368960 | EPS: 0.17 | Rew: 2.70 | FPS: 7512.0 | Var: per
Step: 3369984 | EPS: 0.17 | Rew: 2.92 | FPS: 8287.9 | Var: per
Step: 3371008 | EPS: 0.17 | Rew: 2.85 | FPS: 8460.9 | Var: per
Step: 3372032 | EPS: 0.17 | Rew: 2.88 | FPS: 6892.7 | Var: per
Step: 3373056 | EPS: 0.17 | Rew: 2.71 | FPS: 7291.0 | Var: per
Step: 3374080 | EPS: 0.17 | Rew: 2.99 | FPS: 8040.6 | Var: per
Step: 3375104 | EPS: 0.17 | Rew: 3.02 | FPS: 8189.4 | Var: per
Step: 3376128 | EPS: 0.17 | Rew: 3.12 | FPS: 8093.2 | Var: per
Step: 3377152 | EPS: 0.17 | Rew: 3.13 | FPS: 8273.0 | Var: per
Step: 3378176 | EPS: 0.17 | Rew: 2.94 | FPS: 5779.5 | Var: per
Step: 3379200 | EPS: 0.17 | Rew: 3.11 | FPS: 8032.3 | Var: per
Step: 3380224 | EPS: 0.17 | Rew: 3.14 | FPS: 7961.1 | Var: per
Step: 3381248 | EPS: 0.17 | Rew: 3.40 | FPS: 7753.9 | Var: per
Step: 3382272 | EPS: 0.17 | Rew: 3.58 | FPS: 8692.8 | Var: per
Step: 3383296 | EPS: 0.17 | Rew: 3.71 | FPS: 8445.4 | Var: per
Step: 3384320 | EPS: 0.17 | Rew: 3.60 | FPS: 7936.5 | Var: per
Step: 3385344 | EPS: 0.17 | Rew: 3.46 | FPS: 8102.6 | Var: per
Step: 3386368 | EPS: 0.17 | Rew: 3.33 | FPS: 7943.5 | Var: per
Step: 3387392 | EPS: 0.17 | Rew: 3.18 | FPS: 8478.2 | Var: per
Step: 3388416 | EPS: 0.17 | Rew: 2.97 | FPS: 7045.4 | Var: per
Step: 3389440 | EPS: 0.17 | Rew: 2.91 | FPS: 8080.7 | Var: per
Step: 3390464 | EPS: 0.17 | Rew: 2.60 | FPS: 8573.7 | Var: per
Step: 3391488 | EPS: 0.17 | Rew: 2.91 | FPS: 8641.2 | Var: per
Step: 3392512 | EPS: 0.17 | Rew: 2.93 | FPS: 8127.8 | Var: per
Step: 3393536 | EPS: 0.17 | Rew: 2.74 | FPS: 8495.0 | Var: per
Step: 3394560 | EPS: 0.17 | Rew: 2.86 | FPS: 8397.6 | Var: per
Step: 3395584 | EPS: 0.17 | Rew: 2.91 | FPS: 8527.7 | Var: per
Step: 3396608 | EPS: 0.17 | Rew: 2.83 | FPS: 8106.6 | Var: per
Step: 3397632 | EPS: 0.17 | Rew: 3.01 | FPS: 8481.4 | Var: per
Step: 3398656 | EPS: 0.17 | Rew: 2.68 | FPS: 8525.4 | Var: per
Step: 3399680 | EPS: 0.17 | Rew: 2.86 | FPS: 8344.7 | Var: per
Step: 3400704 | EPS: 0.17 | Rew: 2.88 | FPS: 8356.5 | Var: per
Step: 3401728 | EPS: 0.17 | Rew: 3.06 | FPS: 8836.2 | Var: per
Step: 3402752 | EPS: 0.17 | Rew: 2.97 | FPS: 7922.3 | Var: per
Step: 3403776 | EPS: 0.17 | Rew: 3.03 | FPS: 8483.2 | Var: per
Step: 3404800 | EPS: 0.17 | Rew: 3.01 | FPS: 8681.0 | Var: per
Step: 3405824 | EPS: 0.17 | Rew: 3.33 | FPS: 8435.1 | Var: per
Step: 3406848 | EPS: 0.17 | Rew: 3.23 | FPS: 8332.7 | Var: per
Step: 3407872 | EPS: 0.17 | Rew: 3.16 | FPS: 7687.1 | Var: per
Step: 3408896 | EPS: 0.16 | Rew: 3.17 | FPS: 8163.9 | Var: per
Step: 3409920 | EPS: 0.16 | Rew: 3.25 | FPS: 8063.7 | Var: per
Step: 3410944 | EPS: 0.16 | Rew: 3.59 | FPS: 7932.7 | Var: per
Step: 3411968 | EPS: 0.16 | Rew: 3.69 | FPS: 8124.5 | Var: per
Step: 3412992 | EPS: 0.16 | Rew: 3.80 | FPS: 8250.9 | Var: per
>>> [Best] Saved -> agent/checkpoints/per_pretrain.pth | Rew 3.80
Step: 3414016 | EPS: 0.16 | Rew: 3.68 | FPS: 8617.3 | Var: per
Step: 3415040 | EPS: 0.16 | Rew: 3.62 | FPS: 8186.9 | Var: per
Step: 3416064 | EPS: 0.16 | Rew: 3.96 | FPS: 8156.6 | Var: per
Step: 3417088 | EPS: 0.16 | Rew: 3.84 | FPS: 8344.6 | Var: per
Step: 3418112 | EPS: 0.16 | Rew: 3.82 | FPS: 7472.9 | Var: per
Step: 3419136 | EPS: 0.16 | Rew: 3.66 | FPS: 6303.4 | Var: per
Step: 3420160 | EPS: 0.16 | Rew: 3.57 | FPS: 7972.2 | Var: per
Step: 3421184 | EPS: 0.16 | Rew: 3.45 | FPS: 8227.0 | Var: per
Step: 3422208 | EPS: 0.16 | Rew: 3.54 | FPS: 8057.4 | Var: per
Step: 3423232 | EPS: 0.16 | Rew: 3.34 | FPS: 8319.5 | Var: per
Step: 3424256 | EPS: 0.16 | Rew: 3.16 | FPS: 7389.4 | Var: per
Step: 3425280 | EPS: 0.16 | Rew: 3.17 | FPS: 9209.7 | Var: per
Step: 3426304 | EPS: 0.16 | Rew: 3.10 | FPS: 8366.2 | Var: per
Step: 3427328 | EPS: 0.16 | Rew: 2.98 | FPS: 6373.7 | Var: per
Step: 3428352 | EPS: 0.16 | Rew: 3.07 | FPS: 8194.9 | Var: per
Step: 3429376 | EPS: 0.16 | Rew: 3.17 | FPS: 6607.7 | Var: per
Step: 3430400 | EPS: 0.16 | Rew: 3.43 | FPS: 7366.9 | Var: per
Step: 3431424 | EPS: 0.16 | Rew: 3.69 | FPS: 8063.3 | Var: per
Step: 3432448 | EPS: 0.16 | Rew: 3.56 | FPS: 8706.5 | Var: per
Step: 3433472 | EPS: 0.16 | Rew: 3.51 | FPS: 8343.0 | Var: per
Step: 3434496 | EPS: 0.16 | Rew: 3.53 | FPS: 7969.9 | Var: per
Step: 3435520 | EPS: 0.16 | Rew: 3.57 | FPS: 7717.8 | Var: per
Step: 3436544 | EPS: 0.16 | Rew: 3.93 | FPS: 5932.8 | Var: per
Step: 3437568 | EPS: 0.16 | Rew: 4.07 | FPS: 7492.0 | Var: per
Step: 3438592 | EPS: 0.16 | Rew: 4.26 | FPS: 6067.8 | Var: per
Step: 3439616 | EPS: 0.16 | Rew: 4.44 | FPS: 8102.2 | Var: per
>>> [Best] Saved -> agent/checkpoints/per_pretrain.pth | Rew 4.44
Step: 3440640 | EPS: 0.16 | Rew: 4.50 | FPS: 8295.3 | Var: per
Step: 3441664 | EPS: 0.16 | Rew: 4.48 | FPS: 8658.6 | Var: per
Step: 3442688 | EPS: 0.16 | Rew: 4.60 | FPS: 6591.6 | Var: per
Step: 3443712 | EPS: 0.16 | Rew: 4.59 | FPS: 6742.8 | Var: per
Step: 3444736 | EPS: 0.16 | Rew: 4.40 | FPS: 8097.5 | Var: per
Step: 3445760 | EPS: 0.16 | Rew: 4.20 | FPS: 8198.0 | Var: per
Step: 3446784 | EPS: 0.16 | Rew: 3.96 | FPS: 7242.6 | Var: per
Step: 3447808 | EPS: 0.16 | Rew: 3.91 | FPS: 8084.6 | Var: per
Step: 3448832 | EPS: 0.16 | Rew: 3.78 | FPS: 8164.3 | Var: per
Step: 3449856 | EPS: 0.15 | Rew: 3.76 | FPS: 8893.1 | Var: per
Step: 3450880 | EPS: 0.15 | Rew: 3.77 | FPS: 8900.4 | Var: per
Step: 3451904 | EPS: 0.15 | Rew: 3.93 | FPS: 8238.1 | Var: per
Step: 3452928 | EPS: 0.15 | Rew: 3.90 | FPS: 6922.4 | Var: per
Step: 3453952 | EPS: 0.15 | Rew: 3.83 | FPS: 8442.4 | Var: per
Step: 3454976 | EPS: 0.15 | Rew: 3.71 | FPS: 8517.4 | Var: per
Step: 3456000 | EPS: 0.15 | Rew: 3.54 | FPS: 8227.2 | Var: per
Step: 3457024 | EPS: 0.15 | Rew: 3.51 | FPS: 7961.4 | Var: per
Step: 3458048 | EPS: 0.15 | Rew: 3.28 | FPS: 8336.1 | Var: per
Step: 3459072 | EPS: 0.15 | Rew: 3.47 | FPS: 8572.7 | Var: per
Step: 3460096 | EPS: 0.15 | Rew: 3.17 | FPS: 8002.8 | Var: per
Step: 3461120 | EPS: 0.15 | Rew: 3.06 | FPS: 8070.2 | Var: per
Step: 3462144 | EPS: 0.15 | Rew: 3.06 | FPS: 8439.9 | Var: per
Step: 3463168 | EPS: 0.15 | Rew: 3.11 | FPS: 7849.8 | Var: per
Step: 3464192 | EPS: 0.15 | Rew: 3.16 | FPS: 7006.2 | Var: per
Step: 3465216 | EPS: 0.15 | Rew: 3.50 | FPS: 7095.9 | Var: per
Step: 3466240 | EPS: 0.15 | Rew: 3.42 | FPS: 8711.7 | Var: per
Step: 3467264 | EPS: 0.15 | Rew: 3.47 | FPS: 8569.2 | Var: per
Step: 3468288 | EPS: 0.15 | Rew: 3.51 | FPS: 6563.5 | Var: per
Step: 3469312 | EPS: 0.15 | Rew: 3.84 | FPS: 8249.4 | Var: per
Step: 3470336 | EPS: 0.15 | Rew: 4.06 | FPS: 8532.8 | Var: per
Step: 3471360 | EPS: 0.15 | Rew: 3.89 | FPS: 8002.9 | Var: per
Step: 3472384 | EPS: 0.15 | Rew: 4.01 | FPS: 7783.9 | Var: per
Step: 3473408 | EPS: 0.15 | Rew: 4.27 | FPS: 8396.7 | Var: per
Step: 3474432 | EPS: 0.15 | Rew: 3.94 | FPS: 8324.8 | Var: per
Step: 3475456 | EPS: 0.15 | Rew: 3.70 | FPS: 8357.3 | Var: per
Step: 3476480 | EPS: 0.15 | Rew: 3.82 | FPS: 8648.5 | Var: per
Step: 3477504 | EPS: 0.15 | Rew: 3.79 | FPS: 7933.1 | Var: per
Step: 3478528 | EPS: 0.15 | Rew: 3.78 | FPS: 7901.5 | Var: per
Step: 3479552 | EPS: 0.15 | Rew: 3.91 | FPS: 8283.6 | Var: per
Step: 3480576 | EPS: 0.15 | Rew: 3.52 | FPS: 8488.4 | Var: per
Step: 3481600 | EPS: 0.15 | Rew: 3.32 | FPS: 8112.7 | Var: per
Step: 3482624 | EPS: 0.15 | Rew: 3.21 | FPS: 8388.1 | Var: per
Step: 3483648 | EPS: 0.15 | Rew: 3.13 | FPS: 8751.9 | Var: per
Step: 3484672 | EPS: 0.15 | Rew: 2.93 | FPS: 8245.4 | Var: per
Step: 3485696 | EPS: 0.15 | Rew: 3.16 | FPS: 8253.2 | Var: per
Step: 3486720 | EPS: 0.15 | Rew: 3.31 | FPS: 7605.0 | Var: per
Step: 3487744 | EPS: 0.15 | Rew: 3.06 | FPS: 8367.5 | Var: per
Step: 3488768 | EPS: 0.15 | Rew: 3.03 | FPS: 8054.2 | Var: per
Step: 3489792 | EPS: 0.15 | Rew: 3.19 | FPS: 8001.6 | Var: per
Step: 3490816 | EPS: 0.14 | Rew: 3.45 | FPS: 7980.1 | Var: per
Step: 3491840 | EPS: 0.14 | Rew: 3.57 | FPS: 7794.4 | Var: per
Step: 3492864 | EPS: 0.14 | Rew: 3.77 | FPS: 8027.8 | Var: per
Step: 3493888 | EPS: 0.14 | Rew: 3.94 | FPS: 8043.8 | Var: per
Step: 3494912 | EPS: 0.14 | Rew: 3.59 | FPS: 8350.9 | Var: per
Step: 3495936 | EPS: 0.14 | Rew: 3.56 | FPS: 8683.1 | Var: per
Step: 3496960 | EPS: 0.14 | Rew: 3.76 | FPS: 8665.9 | Var: per
Step: 3497984 | EPS: 0.14 | Rew: 4.07 | FPS: 7918.5 | Var: per
Step: 3499008 | EPS: 0.14 | Rew: 3.89 | FPS: 8529.9 | Var: per
Step: 3500032 | EPS: 0.14 | Rew: 3.87 | FPS: 8149.4 | Var: per
Step: 3501056 | EPS: 0.14 | Rew: 3.91 | FPS: 8774.8 | Var: per
Step: 3502080 | EPS: 0.14 | Rew: 3.77 | FPS: 7849.1 | Var: per
Step: 3503104 | EPS: 0.14 | Rew: 3.87 | FPS: 8337.3 | Var: per
Step: 3504128 | EPS: 0.14 | Rew: 3.84 | FPS: 8530.2 | Var: per
Step: 3505152 | EPS: 0.14 | Rew: 3.79 | FPS: 8139.2 | Var: per
Step: 3506176 | EPS: 0.14 | Rew: 3.96 | FPS: 8044.0 | Var: per
Step: 3507200 | EPS: 0.14 | Rew: 3.90 | FPS: 7758.0 | Var: per
Step: 3508224 | EPS: 0.14 | Rew: 3.96 | FPS: 8113.0 | Var: per
Step: 3509248 | EPS: 0.14 | Rew: 3.88 | FPS: 7692.1 | Var: per
Step: 3510272 | EPS: 0.14 | Rew: 3.93 | FPS: 7968.2 | Var: per
Step: 3511296 | EPS: 0.14 | Rew: 3.92 | FPS: 7863.1 | Var: per
Step: 3512320 | EPS: 0.14 | Rew: 3.78 | FPS: 8485.4 | Var: per
Step: 3513344 | EPS: 0.14 | Rew: 3.87 | FPS: 8086.4 | Var: per
Step: 3514368 | EPS: 0.14 | Rew: 4.12 | FPS: 8332.8 | Var: per
Step: 3515392 | EPS: 0.14 | Rew: 3.97 | FPS: 6275.7 | Var: per
Step: 3516416 | EPS: 0.14 | Rew: 4.27 | FPS: 8398.7 | Var: per
Step: 3517440 | EPS: 0.14 | Rew: 3.94 | FPS: 8550.4 | Var: per
Step: 3518464 | EPS: 0.14 | Rew: 4.16 | FPS: 7872.4 | Var: per
Step: 3519488 | EPS: 0.14 | Rew: 4.33 | FPS: 8021.5 | Var: per
Step: 3520512 | EPS: 0.14 | Rew: 4.39 | FPS: 7809.5 | Var: per
Step: 3521536 | EPS: 0.14 | Rew: 4.20 | FPS: 7889.8 | Var: per
Step: 3522560 | EPS: 0.14 | Rew: 4.04 | FPS: 7984.3 | Var: per
Step: 3523584 | EPS: 0.14 | Rew: 3.81 | FPS: 8121.0 | Var: per
Step: 3524608 | EPS: 0.14 | Rew: 3.54 | FPS: 8547.6 | Var: per
Step: 3525632 | EPS: 0.14 | Rew: 4.01 | FPS: 8170.6 | Var: per
Step: 3526656 | EPS: 0.14 | Rew: 3.65 | FPS: 7656.2 | Var: per
Step: 3527680 | EPS: 0.14 | Rew: 3.90 | FPS: 8479.3 | Var: per
Step: 3528704 | EPS: 0.14 | Rew: 3.85 | FPS: 8717.4 | Var: per
Step: 3529728 | EPS: 0.14 | Rew: 3.91 | FPS: 8782.6 | Var: per
Step: 3530752 | EPS: 0.13 | Rew: 3.93 | FPS: 8776.1 | Var: per
Step: 3531776 | EPS: 0.13 | Rew: 4.02 | FPS: 8242.4 | Var: per
Step: 3532800 | EPS: 0.13 | Rew: 3.83 | FPS: 7882.7 | Var: per
Step: 3533824 | EPS: 0.13 | Rew: 3.66 | FPS: 8722.7 | Var: per
Step: 3534848 | EPS: 0.13 | Rew: 3.38 | FPS: 9940.6 | Var: per
Step: 3535872 | EPS: 0.13 | Rew: 3.27 | FPS: 8250.2 | Var: per
Step: 3536896 | EPS: 0.13 | Rew: 3.28 | FPS: 8029.4 | Var: per
Step: 3537920 | EPS: 0.13 | Rew: 3.02 | FPS: 8172.2 | Var: per
Step: 3538944 | EPS: 0.13 | Rew: 3.09 | FPS: 8501.3 | Var: per
Step: 3539968 | EPS: 0.13 | Rew: 3.47 | FPS: 8279.8 | Var: per
Step: 3540992 | EPS: 0.13 | Rew: 3.65 | FPS: 8385.7 | Var: per
Step: 3542016 | EPS: 0.13 | Rew: 3.73 | FPS: 8144.1 | Var: per
Step: 3543040 | EPS: 0.13 | Rew: 3.82 | FPS: 8316.1 | Var: per
Step: 3544064 | EPS: 0.13 | Rew: 4.21 | FPS: 7874.0 | Var: per
Step: 3545088 | EPS: 0.13 | Rew: 4.13 | FPS: 8183.6 | Var: per
Step: 3546112 | EPS: 0.13 | Rew: 4.13 | FPS: 8423.5 | Var: per
Step: 3547136 | EPS: 0.13 | Rew: 4.21 | FPS: 8597.6 | Var: per
Step: 3548160 | EPS: 0.13 | Rew: 4.14 | FPS: 8328.3 | Var: per
Step: 3549184 | EPS: 0.13 | Rew: 3.83 | FPS: 8254.8 | Var: per
Step: 3550208 | EPS: 0.13 | Rew: 3.87 | FPS: 6949.6 | Var: per
Step: 3551232 | EPS: 0.13 | Rew: 3.60 | FPS: 6114.8 | Var: per
Step: 3552256 | EPS: 0.13 | Rew: 3.64 | FPS: 8190.9 | Var: per
Step: 3553280 | EPS: 0.13 | Rew: 3.89 | FPS: 7923.2 | Var: per
Step: 3554304 | EPS: 0.13 | Rew: 3.96 | FPS: 7997.9 | Var: per
Step: 3555328 | EPS: 0.13 | Rew: 4.41 | FPS: 8199.1 | Var: per
Step: 3556352 | EPS: 0.13 | Rew: 4.39 | FPS: 8045.5 | Var: per
Step: 3557376 | EPS: 0.13 | Rew: 4.30 | FPS: 7105.5 | Var: per
Step: 3558400 | EPS: 0.13 | Rew: 4.84 | FPS: 7660.0 | Var: per
Step: 3559424 | EPS: 0.13 | Rew: 4.95 | FPS: 8278.6 | Var: per
>>> [Best] Saved -> agent/checkpoints/per_pretrain.pth | Rew 4.95
Step: 3560448 | EPS: 0.13 | Rew: 5.10 | FPS: 7586.6 | Var: per
Step: 3561472 | EPS: 0.13 | Rew: 5.14 | FPS: 8300.2 | Var: per
Step: 3562496 | EPS: 0.13 | Rew: 5.15 | FPS: 8144.3 | Var: per
Step: 3563520 | EPS: 0.13 | Rew: 4.81 | FPS: 8501.8 | Var: per
Step: 3564544 | EPS: 0.13 | Rew: 4.78 | FPS: 8417.2 | Var: per
Step: 3565568 | EPS: 0.13 | Rew: 4.81 | FPS: 7788.6 | Var: per
Step: 3566592 | EPS: 0.13 | Rew: 4.78 | FPS: 8417.5 | Var: per
Step: 3567616 | EPS: 0.13 | Rew: 4.69 | FPS: 8794.2 | Var: per
Step: 3568640 | EPS: 0.13 | Rew: 4.89 | FPS: 8464.2 | Var: per
Step: 3569664 | EPS: 0.13 | Rew: 4.70 | FPS: 7345.5 | Var: per
Step: 3570688 | EPS: 0.13 | Rew: 4.59 | FPS: 8022.0 | Var: per
Step: 3571712 | EPS: 0.12 | Rew: 4.34 | FPS: 8522.6 | Var: per
Step: 3572736 | EPS: 0.12 | Rew: 5.10 | FPS: 7699.7 | Var: per
Step: 3573760 | EPS: 0.12 | Rew: 5.07 | FPS: 7988.6 | Var: per
Step: 3574784 | EPS: 0.12 | Rew: 5.09 | FPS: 8065.6 | Var: per
Step: 3575808 | EPS: 0.12 | Rew: 5.17 | FPS: 8659.7 | Var: per
Step: 3576832 | EPS: 0.12 | Rew: 4.92 | FPS: 8136.9 | Var: per
Step: 3577856 | EPS: 0.12 | Rew: 4.98 | FPS: 8307.6 | Var: per
Step: 3578880 | EPS: 0.12 | Rew: 4.72 | FPS: 8627.9 | Var: per
Step: 3579904 | EPS: 0.12 | Rew: 4.90 | FPS: 7819.0 | Var: per
Step: 3580928 | EPS: 0.12 | Rew: 5.10 | FPS: 8148.6 | Var: per
Step: 3581952 | EPS: 0.12 | Rew: 4.79 | FPS: 7946.0 | Var: per
Step: 3582976 | EPS: 0.12 | Rew: 4.91 | FPS: 8238.9 | Var: per
Step: 3584000 | EPS: 0.12 | Rew: 4.69 | FPS: 7965.3 | Var: per
Step: 3585024 | EPS: 0.12 | Rew: 4.74 | FPS: 8211.7 | Var: per
Step: 3586048 | EPS: 0.12 | Rew: 4.69 | FPS: 8078.5 | Var: per
Step: 3587072 | EPS: 0.12 | Rew: 4.83 | FPS: 8659.4 | Var: per
Step: 3588096 | EPS: 0.12 | Rew: 4.84 | FPS: 8890.2 | Var: per
Step: 3589120 | EPS: 0.12 | Rew: 4.70 | FPS: 8630.3 | Var: per
Step: 3590144 | EPS: 0.12 | Rew: 4.81 | FPS: 7966.2 | Var: per
Step: 3591168 | EPS: 0.12 | Rew: 4.75 | FPS: 8510.6 | Var: per
Step: 3592192 | EPS: 0.12 | Rew: 4.53 | FPS: 8366.3 | Var: per
Step: 3593216 | EPS: 0.12 | Rew: 5.27 | FPS: 8238.6 | Var: per
Step: 3594240 | EPS: 0.12 | Rew: 5.06 | FPS: 7799.0 | Var: per
Step: 3595264 | EPS: 0.12 | Rew: 4.81 | FPS: 8283.8 | Var: per
Step: 3596288 | EPS: 0.12 | Rew: 4.82 | FPS: 8494.3 | Var: per
Step: 3597312 | EPS: 0.12 | Rew: 4.94 | FPS: 8130.8 | Var: per
Step: 3598336 | EPS: 0.12 | Rew: 5.13 | FPS: 8100.3 | Var: per
Step: 3599360 | EPS: 0.12 | Rew: 5.16 | FPS: 7924.8 | Var: per
Step: 3600384 | EPS: 0.12 | Rew: 4.91 | FPS: 7749.7 | Var: per
Step: 3601408 | EPS: 0.12 | Rew: 4.76 | FPS: 7798.1 | Var: per
Step: 3602432 | EPS: 0.12 | Rew: 4.77 | FPS: 8507.3 | Var: per
Step: 3603456 | EPS: 0.12 | Rew: 4.20 | FPS: 8517.8 | Var: per
Step: 3604480 | EPS: 0.12 | Rew: 4.24 | FPS: 7956.6 | Var: per
Step: 3605504 | EPS: 0.12 | Rew: 4.56 | FPS: 8069.0 | Var: per
Step: 3606528 | EPS: 0.12 | Rew: 4.51 | FPS: 7076.1 | Var: per
Step: 3607552 | EPS: 0.12 | Rew: 4.85 | FPS: 8474.0 | Var: per
Step: 3608576 | EPS: 0.12 | Rew: 4.90 | FPS: 8362.1 | Var: per
Step: 3609600 | EPS: 0.12 | Rew: 4.68 | FPS: 8625.5 | Var: per
Step: 3610624 | EPS: 0.12 | Rew: 4.96 | FPS: 8225.1 | Var: per
Step: 3611648 | EPS: 0.12 | Rew: 4.80 | FPS: 7917.1 | Var: per
Step: 3612672 | EPS: 0.11 | Rew: 5.02 | FPS: 8166.1 | Var: per
Step: 3613696 | EPS: 0.11 | Rew: 5.08 | FPS: 7096.9 | Var: per
Step: 3614720 | EPS: 0.11 | Rew: 5.38 | FPS: 7621.0 | Var: per
Step: 3615744 | EPS: 0.11 | Rew: 5.24 | FPS: 7863.3 | Var: per
Step: 3616768 | EPS: 0.11 | Rew: 4.99 | FPS: 8428.4 | Var: per
Step: 3617792 | EPS: 0.11 | Rew: 4.86 | FPS: 7904.2 | Var: per
Step: 3618816 | EPS: 0.11 | Rew: 4.48 | FPS: 7376.5 | Var: per
Step: 3619840 | EPS: 0.11 | Rew: 4.82 | FPS: 8530.6 | Var: per
Step: 3620864 | EPS: 0.11 | Rew: 5.02 | FPS: 8531.8 | Var: per
Step: 3621888 | EPS: 0.11 | Rew: 4.87 | FPS: 7030.9 | Var: per
Step: 3622912 | EPS: 0.11 | Rew: 4.88 | FPS: 8517.0 | Var: per
Step: 3623936 | EPS: 0.11 | Rew: 4.50 | FPS: 7855.5 | Var: per
Step: 3624960 | EPS: 0.11 | Rew: 4.49 | FPS: 8523.6 | Var: per
Step: 3625984 | EPS: 0.11 | Rew: 4.39 | FPS: 8336.0 | Var: per
Step: 3627008 | EPS: 0.11 | Rew: 4.30 | FPS: 8238.6 | Var: per
Step: 3628032 | EPS: 0.11 | Rew: 4.47 | FPS: 8499.3 | Var: per
Step: 3629056 | EPS: 0.11 | Rew: 4.77 | FPS: 8114.9 | Var: per
Step: 3630080 | EPS: 0.11 | Rew: 4.84 | FPS: 7014.2 | Var: per
Step: 3631104 | EPS: 0.11 | Rew: 4.85 | FPS: 8099.5 | Var: per
Step: 3632128 | EPS: 0.11 | Rew: 4.82 | FPS: 8364.7 | Var: per
Step: 3633152 | EPS: 0.11 | Rew: 4.55 | FPS: 6254.4 | Var: per
Step: 3634176 | EPS: 0.11 | Rew: 4.60 | FPS: 8940.7 | Var: per
Step: 3635200 | EPS: 0.11 | Rew: 5.14 | FPS: 9014.4 | Var: per
Step: 3636224 | EPS: 0.11 | Rew: 5.28 | FPS: 8003.0 | Var: per
Step: 3637248 | EPS: 0.11 | Rew: 5.68 | FPS: 8047.3 | Var: per
>>> [Best] Saved -> agent/checkpoints/per_pretrain.pth | Rew 5.68
Step: 3638272 | EPS: 0.11 | Rew: 5.72 | FPS: 7130.9 | Var: per
Step: 3639296 | EPS: 0.11 | Rew: 5.98 | FPS: 7131.1 | Var: per
Step: 3640320 | EPS: 0.11 | Rew: 5.97 | FPS: 7910.7 | Var: per
Step: 3641344 | EPS: 0.11 | Rew: 5.83 | FPS: 8032.2 | Var: per
Step: 3642368 | EPS: 0.11 | Rew: 5.68 | FPS: 8284.3 | Var: per
Step: 3643392 | EPS: 0.11 | Rew: 5.99 | FPS: 8356.7 | Var: per
Step: 3644416 | EPS: 0.11 | Rew: 6.16 | FPS: 8226.3 | Var: per
Step: 3645440 | EPS: 0.11 | Rew: 5.69 | FPS: 8042.0 | Var: per
Step: 3646464 | EPS: 0.11 | Rew: 5.21 | FPS: 8664.4 | Var: per
Step: 3647488 | EPS: 0.11 | Rew: 5.21 | FPS: 8407.3 | Var: per
Step: 3648512 | EPS: 0.11 | Rew: 5.04 | FPS: 8253.0 | Var: per
Step: 3649536 | EPS: 0.11 | Rew: 5.29 | FPS: 8329.7 | Var: per
Step: 3650560 | EPS: 0.11 | Rew: 5.48 | FPS: 8236.4 | Var: per
Step: 3651584 | EPS: 0.11 | Rew: 5.59 | FPS: 9399.9 | Var: per
Step: 3652608 | EPS: 0.11 | Rew: 5.47 | FPS: 9382.4 | Var: per
Step: 3653632 | EPS: 0.10 | Rew: 5.55 | FPS: 10077.1 | Var: per
Step: 3654656 | EPS: 0.10 | Rew: 5.33 | FPS: 6615.7 | Var: per
Step: 3655680 | EPS: 0.10 | Rew: 5.31 | FPS: 8360.8 | Var: per
Step: 3656704 | EPS: 0.10 | Rew: 5.28 | FPS: 8345.9 | Var: per
Step: 3657728 | EPS: 0.10 | Rew: 5.25 | FPS: 6859.3 | Var: per
Step: 3658752 | EPS: 0.10 | Rew: 5.53 | FPS: 8658.3 | Var: per
Step: 3659776 | EPS: 0.10 | Rew: 6.02 | FPS: 8255.1 | Var: per
Step: 3660800 | EPS: 0.10 | Rew: 5.83 | FPS: 8239.1 | Var: per
Step: 3661824 | EPS: 0.10 | Rew: 5.71 | FPS: 8609.0 | Var: per
Step: 3662848 | EPS: 0.10 | Rew: 5.66 | FPS: 8353.4 | Var: per
Step: 3663872 | EPS: 0.10 | Rew: 5.62 | FPS: 7857.5 | Var: per
Step: 3664896 | EPS: 0.10 | Rew: 5.57 | FPS: 8454.9 | Var: per
Step: 3665920 | EPS: 0.10 | Rew: 5.98 | FPS: 6112.1 | Var: per
Step: 3666944 | EPS: 0.10 | Rew: 5.95 | FPS: 8128.5 | Var: per
Step: 3667968 | EPS: 0.10 | Rew: 6.18 | FPS: 8044.5 | Var: per
Step: 3668992 | EPS: 0.10 | Rew: 6.14 | FPS: 8594.8 | Var: per
Step: 3670016 | EPS: 0.10 | Rew: 5.70 | FPS: 8227.1 | Var: per
Step: 3671040 | EPS: 0.10 | Rew: 5.79 | FPS: 8028.6 | Var: per
Step: 3672064 | EPS: 0.10 | Rew: 5.66 | FPS: 8247.1 | Var: per
Step: 3673088 | EPS: 0.10 | Rew: 5.74 | FPS: 8044.2 | Var: per
Step: 3674112 | EPS: 0.10 | Rew: 5.89 | FPS: 8000.0 | Var: per
Step: 3675136 | EPS: 0.10 | Rew: 5.83 | FPS: 7908.5 | Var: per
Step: 3676160 | EPS: 0.10 | Rew: 5.68 | FPS: 7982.2 | Var: per
Step: 3677184 | EPS: 0.10 | Rew: 5.54 | FPS: 8158.7 | Var: per
Step: 3678208 | EPS: 0.10 | Rew: 5.52 | FPS: 8187.1 | Var: per
Step: 3679232 | EPS: 0.10 | Rew: 5.49 | FPS: 8239.0 | Var: per
Step: 3680256 | EPS: 0.10 | Rew: 5.54 | FPS: 6898.3 | Var: per
Step: 3681280 | EPS: 0.10 | Rew: 5.77 | FPS: 8658.0 | Var: per
Step: 3682304 | EPS: 0.10 | Rew: 5.57 | FPS: 8098.8 | Var: per
Step: 3683328 | EPS: 0.10 | Rew: 5.25 | FPS: 8258.3 | Var: per
Step: 3684352 | EPS: 0.10 | Rew: 5.15 | FPS: 8035.7 | Var: per
Step: 3685376 | EPS: 0.10 | Rew: 5.21 | FPS: 8612.3 | Var: per
Step: 3686400 | EPS: 0.10 | Rew: 5.06 | FPS: 8169.5 | Var: per
Step: 3687424 | EPS: 0.10 | Rew: 5.10 | FPS: 7855.7 | Var: per
Step: 3688448 | EPS: 0.10 | Rew: 5.05 | FPS: 8145.2 | Var: per
Step: 3689472 | EPS: 0.10 | Rew: 5.06 | FPS: 8010.7 | Var: per
Step: 3690496 | EPS: 0.10 | Rew: 5.23 | FPS: 7870.2 | Var: per
Step: 3691520 | EPS: 0.10 | Rew: 5.05 | FPS: 8128.8 | Var: per
Step: 3692544 | EPS: 0.10 | Rew: 5.26 | FPS: 7792.0 | Var: per
Step: 3693568 | EPS: 0.10 | Rew: 5.32 | FPS: 5821.0 | Var: per
Step: 3694592 | EPS: 0.09 | Rew: 5.34 | FPS: 7836.5 | Var: per
Step: 3695616 | EPS: 0.09 | Rew: 5.28 | FPS: 7223.3 | Var: per
Step: 3696640 | EPS: 0.09 | Rew: 5.36 | FPS: 8113.0 | Var: per
Step: 3697664 | EPS: 0.09 | Rew: 5.52 | FPS: 7919.2 | Var: per
Step: 3698688 | EPS: 0.09 | Rew: 5.60 | FPS: 8121.8 | Var: per
Step: 3699712 | EPS: 0.09 | Rew: 5.72 | FPS: 7857.3 | Var: per
Step: 3700736 | EPS: 0.09 | Rew: 5.72 | FPS: 6982.0 | Var: per
Step: 3701760 | EPS: 0.09 | Rew: 5.71 | FPS: 7996.8 | Var: per
Step: 3702784 | EPS: 0.09 | Rew: 5.82 | FPS: 8045.5 | Var: per
Step: 3703808 | EPS: 0.09 | Rew: 5.74 | FPS: 8112.3 | Var: per
Step: 3704832 | EPS: 0.09 | Rew: 5.99 | FPS: 8159.7 | Var: per
Step: 3705856 | EPS: 0.09 | Rew: 6.18 | FPS: 7958.2 | Var: per
Step: 3706880 | EPS: 0.09 | Rew: 6.41 | FPS: 8060.5 | Var: per
>>> [Best] Saved -> agent/checkpoints/per_pretrain.pth | Rew 6.41
Step: 3707904 | EPS: 0.09 | Rew: 6.22 | FPS: 7972.8 | Var: per
Step: 3708928 | EPS: 0.09 | Rew: 5.97 | FPS: 8195.1 | Var: per
Step: 3709952 | EPS: 0.09 | Rew: 5.94 | FPS: 7084.1 | Var: per
Step: 3710976 | EPS: 0.09 | Rew: 6.12 | FPS: 7913.3 | Var: per
Step: 3712000 | EPS: 0.09 | Rew: 6.28 | FPS: 8475.3 | Var: per
Step: 3713024 | EPS: 0.09 | Rew: 6.28 | FPS: 8065.5 | Var: per
Step: 3714048 | EPS: 0.09 | Rew: 6.15 | FPS: 8600.7 | Var: per
Step: 3715072 | EPS: 0.09 | Rew: 5.85 | FPS: 6675.6 | Var: per
Step: 3716096 | EPS: 0.09 | Rew: 5.70 | FPS: 6323.6 | Var: per
Step: 3717120 | EPS: 0.09 | Rew: 5.73 | FPS: 8503.6 | Var: per
Step: 3718144 | EPS: 0.09 | Rew: 5.66 | FPS: 8861.5 | Var: per
Step: 3719168 | EPS: 0.09 | Rew: 5.64 | FPS: 8496.4 | Var: per
Step: 3720192 | EPS: 0.09 | Rew: 5.77 | FPS: 8136.6 | Var: per
Step: 3721216 | EPS: 0.09 | Rew: 5.79 | FPS: 8113.1 | Var: per
Step: 3722240 | EPS: 0.09 | Rew: 5.83 | FPS: 8213.8 | Var: per
Step: 3723264 | EPS: 0.09 | Rew: 6.19 | FPS: 8386.9 | Var: per
Step: 3724288 | EPS: 0.09 | Rew: 6.47 | FPS: 7983.4 | Var: per
Step: 3725312 | EPS: 0.09 | Rew: 6.01 | FPS: 7925.9 | Var: per
Step: 3726336 | EPS: 0.09 | Rew: 5.97 | FPS: 8121.5 | Var: per
Step: 3727360 | EPS: 0.09 | Rew: 6.17 | FPS: 8002.9 | Var: per
Step: 3728384 | EPS: 0.09 | Rew: 6.44 | FPS: 8304.0 | Var: per
Step: 3729408 | EPS: 0.09 | Rew: 6.36 | FPS: 8320.4 | Var: per
Step: 3730432 | EPS: 0.09 | Rew: 6.61 | FPS: 7729.9 | Var: per
Step: 3731456 | EPS: 0.09 | Rew: 6.99 | FPS: 8707.4 | Var: per
>>> [Best] Saved -> agent/checkpoints/per_pretrain.pth | Rew 6.99
Step: 3732480 | EPS: 0.09 | Rew: 6.72 | FPS: 8205.2 | Var: per
Step: 3733504 | EPS: 0.09 | Rew: 6.47 | FPS: 8070.2 | Var: per
Step: 3734528 | EPS: 0.09 | Rew: 6.19 | FPS: 8910.9 | Var: per
Step: 3735552 | EPS: 0.08 | Rew: 6.44 | FPS: 8244.9 | Var: per
Step: 3736576 | EPS: 0.08 | Rew: 6.59 | FPS: 8574.5 | Var: per
Step: 3737600 | EPS: 0.08 | Rew: 6.55 | FPS: 8431.5 | Var: per
Step: 3738624 | EPS: 0.08 | Rew: 6.79 | FPS: 8290.8 | Var: per
Step: 3739648 | EPS: 0.08 | Rew: 6.48 | FPS: 7069.9 | Var: per
Step: 3740672 | EPS: 0.08 | Rew: 6.36 | FPS: 8192.2 | Var: per
Step: 3741696 | EPS: 0.08 | Rew: 6.47 | FPS: 8491.7 | Var: per
Step: 3742720 | EPS: 0.08 | Rew: 6.09 | FPS: 7839.4 | Var: per
Step: 3743744 | EPS: 0.08 | Rew: 6.25 | FPS: 8158.8 | Var: per
Step: 3744768 | EPS: 0.08 | Rew: 6.42 | FPS: 7904.2 | Var: per
Step: 3745792 | EPS: 0.08 | Rew: 6.99 | FPS: 7835.3 | Var: per
Step: 3746816 | EPS: 0.08 | Rew: 7.27 | FPS: 8411.5 | Var: per
Step: 3747840 | EPS: 0.08 | Rew: 7.20 | FPS: 8402.0 | Var: per
Step: 3748864 | EPS: 0.08 | Rew: 6.99 | FPS: 8245.2 | Var: per
Step: 3749888 | EPS: 0.08 | Rew: 6.85 | FPS: 8504.6 | Var: per
Step: 3750912 | EPS: 0.08 | Rew: 6.58 | FPS: 8234.6 | Var: per
Step: 3751936 | EPS: 0.08 | Rew: 6.63 | FPS: 8159.7 | Var: per
Step: 3752960 | EPS: 0.08 | Rew: 6.65 | FPS: 6848.2 | Var: per
Step: 3753984 | EPS: 0.08 | Rew: 7.04 | FPS: 8560.2 | Var: per
Step: 3755008 | EPS: 0.08 | Rew: 7.22 | FPS: 8114.0 | Var: per
Step: 3756032 | EPS: 0.08 | Rew: 7.05 | FPS: 8166.3 | Var: per
Step: 3757056 | EPS: 0.08 | Rew: 6.96 | FPS: 8225.5 | Var: per
Step: 3758080 | EPS: 0.08 | Rew: 6.55 | FPS: 8450.4 | Var: per
Step: 3759104 | EPS: 0.08 | Rew: 6.43 | FPS: 8325.4 | Var: per
Step: 3760128 | EPS: 0.08 | Rew: 6.38 | FPS: 6717.8 | Var: per
Step: 3761152 | EPS: 0.08 | Rew: 6.46 | FPS: 8441.6 | Var: per
Step: 3762176 | EPS: 0.08 | Rew: 6.52 | FPS: 8244.7 | Var: per
Step: 3763200 | EPS: 0.08 | Rew: 6.81 | FPS: 8134.5 | Var: per
Step: 3764224 | EPS: 0.08 | Rew: 6.76 | FPS: 8292.6 | Var: per
Step: 3765248 | EPS: 0.08 | Rew: 6.82 | FPS: 8659.5 | Var: per
Step: 3766272 | EPS: 0.08 | Rew: 7.44 | FPS: 7894.5 | Var: per
Step: 3767296 | EPS: 0.08 | Rew: 7.26 | FPS: 8263.2 | Var: per
Step: 3768320 | EPS: 0.08 | Rew: 7.24 | FPS: 9242.2 | Var: per
Step: 3769344 | EPS: 0.08 | Rew: 7.19 | FPS: 8539.8 | Var: per
Step: 3770368 | EPS: 0.08 | Rew: 7.19 | FPS: 7902.9 | Var: per
Step: 3771392 | EPS: 0.08 | Rew: 7.07 | FPS: 8017.0 | Var: per
Step: 3772416 | EPS: 0.08 | Rew: 7.11 | FPS: 8051.5 | Var: per
Step: 3773440 | EPS: 0.08 | Rew: 6.89 | FPS: 8032.4 | Var: per
Step: 3774464 | EPS: 0.08 | Rew: 6.63 | FPS: 7072.5 | Var: per
Step: 3775488 | EPS: 0.08 | Rew: 6.39 | FPS: 8134.3 | Var: per
Step: 3776512 | EPS: 0.07 | Rew: 6.36 | FPS: 7865.0 | Var: per
Step: 3777536 | EPS: 0.07 | Rew: 6.49 | FPS: 8502.3 | Var: per
Step: 3778560 | EPS: 0.07 | Rew: 6.44 | FPS: 8482.7 | Var: per
Step: 3779584 | EPS: 0.07 | Rew: 6.06 | FPS: 8119.6 | Var: per
Step: 3780608 | EPS: 0.07 | Rew: 6.24 | FPS: 8368.1 | Var: per
Step: 3781632 | EPS: 0.07 | Rew: 6.38 | FPS: 8103.0 | Var: per
Step: 3782656 | EPS: 0.07 | Rew: 7.05 | FPS: 8477.3 | Var: per
Step: 3783680 | EPS: 0.07 | Rew: 7.22 | FPS: 8413.4 | Var: per
Step: 3784704 | EPS: 0.07 | Rew: 7.21 | FPS: 8742.0 | Var: per
Step: 3785728 | EPS: 0.07 | Rew: 7.10 | FPS: 8353.0 | Var: per
Step: 3786752 | EPS: 0.07 | Rew: 7.18 | FPS: 7999.5 | Var: per
Step: 3787776 | EPS: 0.07 | Rew: 7.36 | FPS: 8253.7 | Var: per
Step: 3788800 | EPS: 0.07 | Rew: 7.53 | FPS: 8372.0 | Var: per
>>> [Best] Saved -> agent/checkpoints/per_pretrain.pth | Rew 7.53
Step: 3789824 | EPS: 0.07 | Rew: 7.77 | FPS: 8076.9 | Var: per
Step: 3790848 | EPS: 0.07 | Rew: 7.76 | FPS: 6829.1 | Var: per
Step: 3791872 | EPS: 0.07 | Rew: 7.74 | FPS: 8544.2 | Var: per
Step: 3792896 | EPS: 0.07 | Rew: 7.72 | FPS: 8454.7 | Var: per
Step: 3793920 | EPS: 0.07 | Rew: 7.92 | FPS: 7783.3 | Var: per
Step: 3794944 | EPS: 0.07 | Rew: 8.03 | FPS: 8233.7 | Var: per
>>> [Best] Saved -> agent/checkpoints/per_pretrain.pth | Rew 8.03
Step: 3795968 | EPS: 0.07 | Rew: 7.87 | FPS: 8463.6 | Var: per
Step: 3796992 | EPS: 0.07 | Rew: 7.94 | FPS: 8036.9 | Var: per
Step: 3798016 | EPS: 0.07 | Rew: 7.80 | FPS: 8696.8 | Var: per
Step: 3799040 | EPS: 0.07 | Rew: 7.40 | FPS: 8002.0 | Var: per
Step: 3800064 | EPS: 0.07 | Rew: 7.48 | FPS: 7943.2 | Var: per
Step: 3801088 | EPS: 0.07 | Rew: 7.81 | FPS: 6002.4 | Var: per
Step: 3802112 | EPS: 0.07 | Rew: 7.73 | FPS: 5550.0 | Var: per
Step: 3803136 | EPS: 0.07 | Rew: 7.86 | FPS: 8205.3 | Var: per
Step: 3804160 | EPS: 0.07 | Rew: 7.86 | FPS: 8307.1 | Var: per
Step: 3805184 | EPS: 0.07 | Rew: 8.05 | FPS: 8126.6 | Var: per
Step: 3806208 | EPS: 0.07 | Rew: 8.27 | FPS: 8541.9 | Var: per
Step: 3807232 | EPS: 0.07 | Rew: 8.12 | FPS: 8104.7 | Var: per
Step: 3808256 | EPS: 0.07 | Rew: 9.12 | FPS: 8281.5 | Var: per
>>> [Best] Saved -> agent/checkpoints/per_pretrain.pth | Rew 9.12
Step: 3809280 | EPS: 0.07 | Rew: 9.25 | FPS: 8208.0 | Var: per
Step: 3810304 | EPS: 0.07 | Rew: 9.48 | FPS: 7950.8 | Var: per
Step: 3811328 | EPS: 0.07 | Rew: 9.58 | FPS: 8340.2 | Var: per
Step: 3812352 | EPS: 0.07 | Rew: 9.89 | FPS: 8725.8 | Var: per
>>> [Best] Saved -> agent/checkpoints/per_pretrain.pth | Rew 9.89
Step: 3813376 | EPS: 0.07 | Rew: 9.66 | FPS: 6342.1 | Var: per
Step: 3814400 | EPS: 0.07 | Rew: 9.31 | FPS: 8146.7 | Var: per
Step: 3815424 | EPS: 0.07 | Rew: 8.94 | FPS: 8029.0 | Var: per
Step: 3816448 | EPS: 0.06 | Rew: 9.16 | FPS: 8289.1 | Var: per
Step: 3817472 | EPS: 0.06 | Rew: 8.91 | FPS: 9562.6 | Var: per
Step: 3818496 | EPS: 0.06 | Rew: 9.06 | FPS: 8478.1 | Var: per
Step: 3819520 | EPS: 0.06 | Rew: 9.04 | FPS: 8138.8 | Var: per
Step: 3820544 | EPS: 0.06 | Rew: 9.33 | FPS: 8145.3 | Var: per
Step: 3821568 | EPS: 0.06 | Rew: 9.55 | FPS: 8810.5 | Var: per
Step: 3822592 | EPS: 0.06 | Rew: 9.10 | FPS: 7932.9 | Var: per
Step: 3823616 | EPS: 0.06 | Rew: 8.58 | FPS: 8226.8 | Var: per
Step: 3824640 | EPS: 0.06 | Rew: 8.29 | FPS: 8445.1 | Var: per
Step: 3825664 | EPS: 0.06 | Rew: 8.10 | FPS: 8394.9 | Var: per
Step: 3826688 | EPS: 0.06 | Rew: 7.74 | FPS: 8276.6 | Var: per
Step: 3827712 | EPS: 0.06 | Rew: 7.77 | FPS: 8119.2 | Var: per
Step: 3828736 | EPS: 0.06 | Rew: 7.57 | FPS: 8528.1 | Var: per
Step: 3829760 | EPS: 0.06 | Rew: 7.79 | FPS: 7945.0 | Var: per
Step: 3830784 | EPS: 0.06 | Rew: 8.19 | FPS: 8126.3 | Var: per
Step: 3831808 | EPS: 0.06 | Rew: 8.02 | FPS: 8141.4 | Var: per
Step: 3832832 | EPS: 0.06 | Rew: 7.93 | FPS: 8110.0 | Var: per
Step: 3833856 | EPS: 0.06 | Rew: 7.86 | FPS: 7986.5 | Var: per
Step: 3834880 | EPS: 0.06 | Rew: 7.45 | FPS: 8039.6 | Var: per
Step: 3835904 | EPS: 0.06 | Rew: 7.64 | FPS: 8601.8 | Var: per
Step: 3836928 | EPS: 0.06 | Rew: 7.56 | FPS: 8030.6 | Var: per
Step: 3837952 | EPS: 0.06 | Rew: 7.26 | FPS: 8023.8 | Var: per
Step: 3838976 | EPS: 0.06 | Rew: 8.09 | FPS: 8069.1 | Var: per
Step: 3840000 | EPS: 0.06 | Rew: 8.24 | FPS: 7693.9 | Var: per
Step: 3841024 | EPS: 0.06 | Rew: 8.59 | FPS: 8054.9 | Var: per
Step: 3842048 | EPS: 0.06 | Rew: 8.41 | FPS: 8133.2 | Var: per
Step: 3843072 | EPS: 0.06 | Rew: 9.11 | FPS: 8336.6 | Var: per
Step: 3844096 | EPS: 0.06 | Rew: 9.17 | FPS: 8252.0 | Var: per
Step: 3845120 | EPS: 0.06 | Rew: 8.98 | FPS: 7698.1 | Var: per
Step: 3846144 | EPS: 0.06 | Rew: 9.09 | FPS: 8141.2 | Var: per
Step: 3847168 | EPS: 0.06 | Rew: 9.54 | FPS: 8409.2 | Var: per
Step: 3848192 | EPS: 0.06 | Rew: 9.66 | FPS: 6979.6 | Var: per
Step: 3849216 | EPS: 0.06 | Rew: 9.72 | FPS: 7894.9 | Var: per
Step: 3850240 | EPS: 0.06 | Rew: 9.52 | FPS: 8068.5 | Var: per
Step: 3851264 | EPS: 0.06 | Rew: 8.85 | FPS: 8282.8 | Var: per
Step: 3852288 | EPS: 0.06 | Rew: 9.19 | FPS: 8097.1 | Var: per
Step: 3853312 | EPS: 0.06 | Rew: 9.28 | FPS: 8056.3 | Var: per
Step: 3854336 | EPS: 0.06 | Rew: 8.86 | FPS: 6540.4 | Var: per
Step: 3855360 | EPS: 0.06 | Rew: 8.89 | FPS: 8112.8 | Var: per
Step: 3856384 | EPS: 0.06 | Rew: 8.67 | FPS: 8181.5 | Var: per
Step: 3857408 | EPS: 0.05 | Rew: 8.61 | FPS: 7950.0 | Var: per
Step: 3858432 | EPS: 0.05 | Rew: 8.73 | FPS: 8359.2 | Var: per
Step: 3859456 | EPS: 0.05 | Rew: 8.60 | FPS: 8062.2 | Var: per
Step: 3860480 | EPS: 0.05 | Rew: 8.88 | FPS: 8065.2 | Var: per
Step: 3861504 | EPS: 0.05 | Rew: 8.81 | FPS: 8395.4 | Var: per
Step: 3862528 | EPS: 0.05 | Rew: 8.73 | FPS: 8183.8 | Var: per
Step: 3863552 | EPS: 0.05 | Rew: 8.58 | FPS: 7769.2 | Var: per
Step: 3864576 | EPS: 0.05 | Rew: 8.80 | FPS: 8036.7 | Var: per
Step: 3865600 | EPS: 0.05 | Rew: 8.52 | FPS: 8015.1 | Var: per
Step: 3866624 | EPS: 0.05 | Rew: 8.61 | FPS: 8228.5 | Var: per
Step: 3867648 | EPS: 0.05 | Rew: 9.11 | FPS: 8318.1 | Var: per
Step: 3868672 | EPS: 0.05 | Rew: 9.22 | FPS: 6889.5 | Var: per
Step: 3869696 | EPS: 0.05 | Rew: 9.34 | FPS: 8484.1 | Var: per
Step: 3870720 | EPS: 0.05 | Rew: 9.05 | FPS: 8372.9 | Var: per
Step: 3871744 | EPS: 0.05 | Rew: 9.41 | FPS: 6612.4 | Var: per
Step: 3872768 | EPS: 0.05 | Rew: 9.46 | FPS: 8459.7 | Var: per
Step: 3873792 | EPS: 0.05 | Rew: 10.38 | FPS: 8425.9 | Var: per
Step: 3874816 | EPS: 0.05 | Rew: 10.99 | FPS: 7834.7 | Var: per
>>> [Best] Saved -> agent/checkpoints/per_pretrain.pth | Rew 10.99
Step: 3875840 | EPS: 0.05 | Rew: 10.51 | FPS: 7148.2 | Var: per
Step: 3876864 | EPS: 0.05 | Rew: 10.37 | FPS: 7783.7 | Var: per
Step: 3877888 | EPS: 0.05 | Rew: 10.44 | FPS: 7736.1 | Var: per
Step: 3878912 | EPS: 0.05 | Rew: 10.29 | FPS: 7781.1 | Var: per
Step: 3879936 | EPS: 0.05 | Rew: 10.61 | FPS: 6902.9 | Var: per
Step: 3880960 | EPS: 0.05 | Rew: 10.46 | FPS: 8004.4 | Var: per
Step: 3881984 | EPS: 0.05 | Rew: 10.31 | FPS: 7037.6 | Var: per
Step: 3883008 | EPS: 0.05 | Rew: 10.56 | FPS: 8450.5 | Var: per
Step: 3884032 | EPS: 0.05 | Rew: 9.99 | FPS: 8188.6 | Var: per
Step: 3885056 | EPS: 0.05 | Rew: 10.25 | FPS: 9043.8 | Var: per
Step: 3886080 | EPS: 0.05 | Rew: 10.17 | FPS: 7198.1 | Var: per
Step: 3887104 | EPS: 0.05 | Rew: 10.27 | FPS: 8193.9 | Var: per
Step: 3888128 | EPS: 0.05 | Rew: 10.18 | FPS: 8464.3 | Var: per
Step: 3889152 | EPS: 0.05 | Rew: 10.38 | FPS: 8094.2 | Var: per
Step: 3890176 | EPS: 0.05 | Rew: 10.48 | FPS: 7964.6 | Var: per
Step: 3891200 | EPS: 0.05 | Rew: 10.87 | FPS: 8003.2 | Var: per
Step: 3892224 | EPS: 0.05 | Rew: 10.70 | FPS: 8353.8 | Var: per
Step: 3893248 | EPS: 0.05 | Rew: 10.27 | FPS: 6834.9 | Var: per
Step: 3894272 | EPS: 0.05 | Rew: 10.35 | FPS: 8412.9 | Var: per
Step: 3895296 | EPS: 0.05 | Rew: 10.22 | FPS: 8087.3 | Var: per
Step: 3896320 | EPS: 0.05 | Rew: 10.49 | FPS: 8155.4 | Var: per
Step: 3897344 | EPS: 0.05 | Rew: 10.69 | FPS: 8107.0 | Var: per
Step: 3898368 | EPS: 0.04 | Rew: 10.64 | FPS: 8455.1 | Var: per
Step: 3899392 | EPS: 0.04 | Rew: 10.87 | FPS: 7986.5 | Var: per
Step: 3900416 | EPS: 0.04 | Rew: 11.08 | FPS: 8292.0 | Var: per
Step: 3901440 | EPS: 0.04 | Rew: 10.90 | FPS: 8450.3 | Var: per
Step: 3902464 | EPS: 0.04 | Rew: 11.80 | FPS: 8463.2 | Var: per
>>> [Best] Saved -> agent/checkpoints/per_pretrain.pth | Rew 11.80
Step: 3903488 | EPS: 0.04 | Rew: 11.90 | FPS: 8142.3 | Var: per
Step: 3904512 | EPS: 0.04 | Rew: 12.14 | FPS: 8570.8 | Var: per
Step: 3905536 | EPS: 0.04 | Rew: 12.59 | FPS: 8487.8 | Var: per
>>> [Best] Saved -> agent/checkpoints/per_pretrain.pth | Rew 12.59
Step: 3906560 | EPS: 0.04 | Rew: 12.27 | FPS: 8193.7 | Var: per
Step: 3907584 | EPS: 0.04 | Rew: 12.39 | FPS: 8156.2 | Var: per
Step: 3908608 | EPS: 0.04 | Rew: 12.76 | FPS: 8438.0 | Var: per
Step: 3909632 | EPS: 0.04 | Rew: 13.11 | FPS: 7965.9 | Var: per
>>> [Best] Saved -> agent/checkpoints/per_pretrain.pth | Rew 13.11
Step: 3910656 | EPS: 0.04 | Rew: 12.68 | FPS: 8165.3 | Var: per
Step: 3911680 | EPS: 0.04 | Rew: 12.25 | FPS: 7304.6 | Var: per
Step: 3912704 | EPS: 0.04 | Rew: 12.50 | FPS: 8279.2 | Var: per
Step: 3913728 | EPS: 0.04 | Rew: 12.22 | FPS: 8052.6 | Var: per
Step: 3914752 | EPS: 0.04 | Rew: 12.14 | FPS: 8075.0 | Var: per
Step: 3915776 | EPS: 0.04 | Rew: 11.78 | FPS: 8577.4 | Var: per
Step: 3916800 | EPS: 0.04 | Rew: 11.93 | FPS: 7896.7 | Var: per
Step: 3917824 | EPS: 0.04 | Rew: 11.85 | FPS: 8756.0 | Var: per
Step: 3918848 | EPS: 0.04 | Rew: 11.28 | FPS: 8161.2 | Var: per
Step: 3919872 | EPS: 0.04 | Rew: 11.38 | FPS: 7306.6 | Var: per
Step: 3920896 | EPS: 0.04 | Rew: 11.44 | FPS: 8484.3 | Var: per
Step: 3921920 | EPS: 0.04 | Rew: 11.29 | FPS: 8446.6 | Var: per
Step: 3922944 | EPS: 0.04 | Rew: 11.42 | FPS: 8054.8 | Var: per
Step: 3923968 | EPS: 0.04 | Rew: 10.93 | FPS: 7934.9 | Var: per
Step: 3924992 | EPS: 0.04 | Rew: 10.64 | FPS: 7843.7 | Var: per
Step: 3926016 | EPS: 0.04 | Rew: 11.06 | FPS: 8073.3 | Var: per
Step: 3927040 | EPS: 0.04 | Rew: 10.92 | FPS: 7839.1 | Var: per
Step: 3928064 | EPS: 0.04 | Rew: 10.68 | FPS: 7879.5 | Var: per
Step: 3929088 | EPS: 0.04 | Rew: 11.14 | FPS: 6721.7 | Var: per
Step: 3930112 | EPS: 0.04 | Rew: 11.16 | FPS: 8001.7 | Var: per
Step: 3931136 | EPS: 0.04 | Rew: 11.37 | FPS: 7986.7 | Var: per
Step: 3932160 | EPS: 0.04 | Rew: 11.67 | FPS: 6664.1 | Var: per
Step: 3933184 | EPS: 0.04 | Rew: 11.76 | FPS: 8295.2 | Var: per
Step: 3934208 | EPS: 0.04 | Rew: 12.12 | FPS: 8838.2 | Var: per
Step: 3935232 | EPS: 0.04 | Rew: 12.14 | FPS: 8670.3 | Var: per
Step: 3936256 | EPS: 0.04 | Rew: 12.37 | FPS: 8260.6 | Var: per
Step: 3937280 | EPS: 0.04 | Rew: 12.56 | FPS: 8260.3 | Var: per
Step: 3938304 | EPS: 0.04 | Rew: 12.66 | FPS: 8308.1 | Var: per
Step: 3939328 | EPS: 0.03 | Rew: 12.72 | FPS: 8108.0 | Var: per
Step: 3940352 | EPS: 0.03 | Rew: 12.65 | FPS: 8003.7 | Var: per
Step: 3941376 | EPS: 0.03 | Rew: 12.52 | FPS: 8071.6 | Var: per
Step: 3942400 | EPS: 0.03 | Rew: 12.53 | FPS: 7988.5 | Var: per
Step: 3943424 | EPS: 0.03 | Rew: 12.62 | FPS: 6999.5 | Var: per
Step: 3944448 | EPS: 0.03 | Rew: 12.41 | FPS: 8178.7 | Var: per
Step: 3945472 | EPS: 0.03 | Rew: 12.58 | FPS: 8036.6 | Var: per
Step: 3946496 | EPS: 0.03 | Rew: 12.39 | FPS: 8246.5 | Var: per
Step: 3947520 | EPS: 0.03 | Rew: 12.59 | FPS: 8164.9 | Var: per
Step: 3948544 | EPS: 0.03 | Rew: 12.59 | FPS: 8092.7 | Var: per
Step: 3949568 | EPS: 0.03 | Rew: 13.10 | FPS: 8471.6 | Var: per
Step: 3950592 | EPS: 0.03 | Rew: 12.81 | FPS: 7935.3 | Var: per
Step: 3951616 | EPS: 0.03 | Rew: 12.84 | FPS: 9022.2 | Var: per
Step: 3952640 | EPS: 0.03 | Rew: 12.95 | FPS: 8170.1 | Var: per
Step: 3953664 | EPS: 0.03 | Rew: 13.02 | FPS: 7808.8 | Var: per
Step: 3954688 | EPS: 0.03 | Rew: 13.21 | FPS: 7903.2 | Var: per
Step: 3955712 | EPS: 0.03 | Rew: 12.90 | FPS: 8192.5 | Var: per
Step: 3956736 | EPS: 0.03 | Rew: 13.07 | FPS: 8630.1 | Var: per
Step: 3957760 | EPS: 0.03 | Rew: 13.02 | FPS: 8151.4 | Var: per
Step: 3958784 | EPS: 0.03 | Rew: 13.02 | FPS: 8467.3 | Var: per
Step: 3959808 | EPS: 0.03 | Rew: 13.49 | FPS: 8233.7 | Var: per
Step: 3960832 | EPS: 0.03 | Rew: 13.57 | FPS: 8062.2 | Var: per
Step: 3961856 | EPS: 0.03 | Rew: 13.81 | FPS: 8353.5 | Var: per
>>> [Best] Saved -> agent/checkpoints/per_pretrain.pth | Rew 13.81
Step: 3962880 | EPS: 0.03 | Rew: 13.26 | FPS: 7499.1 | Var: per
Step: 3963904 | EPS: 0.03 | Rew: 12.88 | FPS: 8562.0 | Var: per
Step: 3964928 | EPS: 0.03 | Rew: 13.35 | FPS: 8394.1 | Var: per
Step: 3965952 | EPS: 0.03 | Rew: 13.49 | FPS: 8066.8 | Var: per
Step: 3966976 | EPS: 0.03 | Rew: 13.70 | FPS: 7996.4 | Var: per
Step: 3968000 | EPS: 0.03 | Rew: 13.75 | FPS: 6396.9 | Var: per
Step: 3969024 | EPS: 0.03 | Rew: 14.09 | FPS: 8068.7 | Var: per
Step: 3970048 | EPS: 0.03 | Rew: 14.14 | FPS: 8158.7 | Var: per
Step: 3971072 | EPS: 0.03 | Rew: 14.26 | FPS: 8538.7 | Var: per
Step: 3972096 | EPS: 0.03 | Rew: 14.26 | FPS: 7889.7 | Var: per
Step: 3973120 | EPS: 0.03 | Rew: 14.32 | FPS: 8171.5 | Var: per
>>> [Best] Saved -> agent/checkpoints/per_pretrain.pth | Rew 14.32
Step: 3974144 | EPS: 0.03 | Rew: 15.17 | FPS: 7874.9 | Var: per
>>> [Best] Saved -> agent/checkpoints/per_pretrain.pth | Rew 15.17
Step: 3975168 | EPS: 0.03 | Rew: 15.41 | FPS: 8091.1 | Var: per
Step: 3976192 | EPS: 0.03 | Rew: 15.38 | FPS: 7896.4 | Var: per
Step: 3977216 | EPS: 0.03 | Rew: 15.61 | FPS: 7870.0 | Var: per
Step: 3978240 | EPS: 0.03 | Rew: 15.13 | FPS: 7264.3 | Var: per
Step: 3979264 | EPS: 0.03 | Rew: 15.13 | FPS: 7995.8 | Var: per
Step: 3980288 | EPS: 0.02 | Rew: 15.16 | FPS: 7966.9 | Var: per
Step: 3981312 | EPS: 0.02 | Rew: 15.50 | FPS: 8074.0 | Var: per
Step: 3982336 | EPS: 0.02 | Rew: 14.93 | FPS: 7760.2 | Var: per
Step: 3983360 | EPS: 0.02 | Rew: 15.33 | FPS: 8386.1 | Var: per
Step: 3984384 | EPS: 0.02 | Rew: 15.24 | FPS: 8723.3 | Var: per
Step: 3985408 | EPS: 0.02 | Rew: 15.45 | FPS: 8607.7 | Var: per
Step: 3986432 | EPS: 0.02 | Rew: 15.35 | FPS: 8594.6 | Var: per
Step: 3987456 | EPS: 0.02 | Rew: 15.61 | FPS: 8302.9 | Var: per
Step: 3988480 | EPS: 0.02 | Rew: 15.81 | FPS: 8115.0 | Var: per
>>> [Best] Saved -> agent/checkpoints/per_pretrain.pth | Rew 15.81
Step: 3989504 | EPS: 0.02 | Rew: 15.89 | FPS: 8096.2 | Var: per
Step: 3990528 | EPS: 0.02 | Rew: 15.78 | FPS: 8502.5 | Var: per
Step: 3991552 | EPS: 0.02 | Rew: 15.68 | FPS: 8266.3 | Var: per
Step: 3992576 | EPS: 0.02 | Rew: 16.08 | FPS: 8119.2 | Var: per
Step: 3993600 | EPS: 0.02 | Rew: 16.79 | FPS: 8231.5 | Var: per
>>> [Best] Saved -> agent/checkpoints/per_pretrain.pth | Rew 16.79
Step: 3994624 | EPS: 0.02 | Rew: 17.10 | FPS: 8442.3 | Var: per
Step: 3995648 | EPS: 0.02 | Rew: 17.14 | FPS: 7853.2 | Var: per
Step: 3996672 | EPS: 0.02 | Rew: 17.45 | FPS: 7903.5 | Var: per
>>> [Best] Saved -> agent/checkpoints/per_pretrain.pth | Rew 17.45
Step: 3997696 | EPS: 0.02 | Rew: 17.38 | FPS: 8249.9 | Var: per
Step: 3998720 | EPS: 0.02 | Rew: 17.49 | FPS: 8549.6 | Var: per
Step: 3999744 | EPS: 0.02 | Rew: 17.44 | FPS: 8240.5 | Var: per
Step: 4000768 | EPS: 0.02 | Rew: 16.94 | FPS: 8854.3 | Var: per
Step: 4001792 | EPS: 0.02 | Rew: 17.23 | FPS: 8823.9 | Var: per
Step: 4002816 | EPS: 0.02 | Rew: 17.63 | FPS: 6873.2 | Var: per
Step: 4003840 | EPS: 0.02 | Rew: 16.97 | FPS: 8041.2 | Var: per
Step: 4004864 | EPS: 0.02 | Rew: 17.41 | FPS: 7883.8 | Var: per
Step: 4005888 | EPS: 0.02 | Rew: 17.12 | FPS: 8163.4 | Var: per
Step: 4006912 | EPS: 0.02 | Rew: 17.25 | FPS: 7992.2 | Var: per
Step: 4007936 | EPS: 0.02 | Rew: 17.22 | FPS: 8331.5 | Var: per
Step: 4008960 | EPS: 0.02 | Rew: 17.27 | FPS: 8187.9 | Var: per
Step: 4009984 | EPS: 0.02 | Rew: 17.20 | FPS: 7681.2 | Var: per
Step: 4011008 | EPS: 0.02 | Rew: 17.51 | FPS: 7978.6 | Var: per
Step: 4012032 | EPS: 0.02 | Rew: 17.61 | FPS: 8104.6 | Var: per
Step: 4013056 | EPS: 0.02 | Rew: 17.43 | FPS: 8316.7 | Var: per
Step: 4014080 | EPS: 0.02 | Rew: 17.22 | FPS: 7187.9 | Var: per
Step: 4015104 | EPS: 0.02 | Rew: 17.13 | FPS: 7988.3 | Var: per
Step: 4016128 | EPS: 0.02 | Rew: 17.30 | FPS: 7916.0 | Var: per
Step: 4017152 | EPS: 0.02 | Rew: 17.45 | FPS: 8251.7 | Var: per
Step: 4018176 | EPS: 0.02 | Rew: 18.03 | FPS: 7919.8 | Var: per
>>> [Best] Saved -> agent/checkpoints/per_pretrain.pth | Rew 18.03
Step: 4019200 | EPS: 0.02 | Rew: 18.40 | FPS: 8560.3 | Var: per
Step: 4020224 | EPS: 0.02 | Rew: 18.56 | FPS: 7911.6 | Var: per
>>> [Best] Saved -> agent/checkpoints/per_pretrain.pth | Rew 18.56
Step: 4021248 | EPS: 0.02 | Rew: 18.72 | FPS: 8462.5 | Var: per
Step: 4022272 | EPS: 0.02 | Rew: 18.75 | FPS: 8473.3 | Var: per
Step: 4023296 | EPS: 0.02 | Rew: 18.95 | FPS: 8209.3 | Var: per
Step: 4024320 | EPS: 0.02 | Rew: 18.79 | FPS: 8338.1 | Var: per
Step: 4025344 | EPS: 0.02 | Rew: 18.68 | FPS: 8521.3 | Var: per
Step: 4026368 | EPS: 0.02 | Rew: 18.41 | FPS: 8406.3 | Var: per
Step: 4027392 | EPS: 0.02 | Rew: 18.56 | FPS: 8464.8 | Var: per
Step: 4028416 | EPS: 0.02 | Rew: 18.95 | FPS: 8428.3 | Var: per
Step: 4029440 | EPS: 0.02 | Rew: 19.23 | FPS: 8391.4 | Var: per
>>> [Best] Saved -> agent/checkpoints/per_pretrain.pth | Rew 19.23
Step: 4030464 | EPS: 0.02 | Rew: 19.46 | FPS: 8290.5 | Var: per
Step: 4031488 | EPS: 0.02 | Rew: 19.25 | FPS: 8400.6 | Var: per
Step: 4032512 | EPS: 0.02 | Rew: 19.10 | FPS: 8275.5 | Var: per
Step: 4033536 | EPS: 0.02 | Rew: 19.40 | FPS: 8547.2 | Var: per
Step: 4034560 | EPS: 0.02 | Rew: 19.36 | FPS: 8021.1 | Var: per
Step: 4035584 | EPS: 0.02 | Rew: 19.76 | FPS: 8013.0 | Var: per
>>> [Best] Saved -> agent/checkpoints/per_pretrain.pth | Rew 19.76
Step: 4036608 | EPS: 0.02 | Rew: 20.50 | FPS: 7866.8 | Var: per
>>> [Best] Saved -> agent/checkpoints/per_pretrain.pth | Rew 20.50
Step: 4037632 | EPS: 0.02 | Rew: 20.80 | FPS: 8386.1 | Var: per
Step: 4038656 | EPS: 0.02 | Rew: 20.84 | FPS: 7769.7 | Var: per
Step: 4039680 | EPS: 0.02 | Rew: 21.02 | FPS: 8491.2 | Var: per
>>> [Best] Saved -> agent/checkpoints/per_pretrain.pth | Rew 21.02
Step: 4040704 | EPS: 0.02 | Rew: 21.13 | FPS: 7087.6 | Var: per
Step: 4041728 | EPS: 0.02 | Rew: 20.98 | FPS: 8420.7 | Var: per
Step: 4042752 | EPS: 0.02 | Rew: 20.98 | FPS: 8129.4 | Var: per
Step: 4043776 | EPS: 0.02 | Rew: 20.79 | FPS: 8162.5 | Var: per
Step: 4044800 | EPS: 0.02 | Rew: 21.03 | FPS: 8485.0 | Var: per
Step: 4045824 | EPS: 0.02 | Rew: 21.00 | FPS: 7934.2 | Var: per
Step: 4046848 | EPS: 0.02 | Rew: 19.99 | FPS: 8052.9 | Var: per
Step: 4047872 | EPS: 0.02 | Rew: 20.40 | FPS: 8036.1 | Var: per
Step: 4048896 | EPS: 0.02 | Rew: 20.26 | FPS: 8118.3 | Var: per
Step: 4049920 | EPS: 0.02 | Rew: 19.53 | FPS: 8031.2 | Var: per
Step: 4050944 | EPS: 0.02 | Rew: 19.69 | FPS: 8225.7 | Var: per
Step: 4051968 | EPS: 0.02 | Rew: 20.17 | FPS: 8235.5 | Var: per
Step: 4052992 | EPS: 0.02 | Rew: 20.32 | FPS: 8247.5 | Var: per
Step: 4054016 | EPS: 0.02 | Rew: 20.69 | FPS: 8308.2 | Var: per
Step: 4055040 | EPS: 0.02 | Rew: 20.74 | FPS: 8101.8 | Var: per
Step: 4056064 | EPS: 0.02 | Rew: 20.94 | FPS: 8309.7 | Var: per
Step: 4057088 | EPS: 0.02 | Rew: 20.76 | FPS: 7770.0 | Var: per
Step: 4058112 | EPS: 0.02 | Rew: 19.99 | FPS: 7955.0 | Var: per
Step: 4059136 | EPS: 0.02 | Rew: 19.33 | FPS: 6915.9 | Var: per
Step: 4060160 | EPS: 0.02 | Rew: 20.37 | FPS: 8330.0 | Var: per
Step: 4061184 | EPS: 0.02 | Rew: 20.39 | FPS: 8299.7 | Var: per
Step: 4062208 | EPS: 0.02 | Rew: 20.28 | FPS: 8430.6 | Var: per
Step: 4063232 | EPS: 0.02 | Rew: 20.99 | FPS: 8397.9 | Var: per
Step: 4064256 | EPS: 0.02 | Rew: 20.26 | FPS: 8528.8 | Var: per
Step: 4065280 | EPS: 0.02 | Rew: 19.95 | FPS: 8476.5 | Var: per
Step: 4066304 | EPS: 0.02 | Rew: 19.34 | FPS: 8307.2 | Var: per
Step: 4067328 | EPS: 0.02 | Rew: 19.40 | FPS: 8072.2 | Var: per
Step: 4068352 | EPS: 0.02 | Rew: 19.84 | FPS: 8311.8 | Var: per
Step: 4069376 | EPS: 0.02 | Rew: 19.52 | FPS: 9049.3 | Var: per
Step: 4070400 | EPS: 0.02 | Rew: 20.12 | FPS: 8608.9 | Var: per
Step: 4071424 | EPS: 0.02 | Rew: 19.90 | FPS: 8154.3 | Var: per
Step: 4072448 | EPS: 0.02 | Rew: 20.09 | FPS: 8520.5 | Var: per
Step: 4073472 | EPS: 0.02 | Rew: 19.61 | FPS: 8768.8 | Var: per
Step: 4074496 | EPS: 0.02 | Rew: 19.69 | FPS: 8021.9 | Var: per
Step: 4075520 | EPS: 0.02 | Rew: 19.60 | FPS: 8351.5 | Var: per
Step: 4076544 | EPS: 0.02 | Rew: 19.45 | FPS: 7827.3 | Var: per
Step: 4077568 | EPS: 0.02 | Rew: 19.29 | FPS: 7744.0 | Var: per
Step: 4078592 | EPS: 0.02 | Rew: 19.82 | FPS: 7937.6 | Var: per
Step: 4079616 | EPS: 0.02 | Rew: 19.74 | FPS: 7715.6 | Var: per
Step: 4080640 | EPS: 0.02 | Rew: 19.37 | FPS: 8424.1 | Var: per
Step: 4081664 | EPS: 0.02 | Rew: 19.05 | FPS: 7220.3 | Var: per
Step: 4082688 | EPS: 0.02 | Rew: 18.90 | FPS: 8167.8 | Var: per
Step: 4083712 | EPS: 0.02 | Rew: 18.80 | FPS: 7859.0 | Var: per
Step: 4084736 | EPS: 0.02 | Rew: 18.79 | FPS: 8048.8 | Var: per
Step: 4085760 | EPS: 0.02 | Rew: 19.46 | FPS: 8701.0 | Var: per
Step: 4086784 | EPS: 0.02 | Rew: 19.26 | FPS: 8421.2 | Var: per
Step: 4087808 | EPS: 0.02 | Rew: 18.67 | FPS: 7902.9 | Var: per
Step: 4088832 | EPS: 0.02 | Rew: 18.60 | FPS: 8040.5 | Var: per
Step: 4089856 | EPS: 0.02 | Rew: 17.75 | FPS: 8281.0 | Var: per
Step: 4090880 | EPS: 0.02 | Rew: 17.69 | FPS: 8212.4 | Var: per
Step: 4091904 | EPS: 0.02 | Rew: 17.92 | FPS: 8132.5 | Var: per
Step: 4092928 | EPS: 0.02 | Rew: 18.10 | FPS: 7697.6 | Var: per
Step: 4093952 | EPS: 0.02 | Rew: 18.20 | FPS: 8054.9 | Var: per
Step: 4094976 | EPS: 0.02 | Rew: 18.01 | FPS: 8254.2 | Var: per
Step: 4096000 | EPS: 0.02 | Rew: 18.19 | FPS: 8160.0 | Var: per
Step: 4097024 | EPS: 0.02 | Rew: 18.03 | FPS: 8270.3 | Var: per
Step: 4098048 | EPS: 0.02 | Rew: 17.82 | FPS: 7469.2 | Var: per
Step: 4099072 | EPS: 0.02 | Rew: 17.57 | FPS: 7414.7 | Var: per
Step: 4100096 | EPS: 0.02 | Rew: 17.60 | FPS: 8212.3 | Var: per
Step: 4101120 | EPS: 0.02 | Rew: 17.56 | FPS: 7920.6 | Var: per
Step: 4102144 | EPS: 0.02 | Rew: 18.28 | FPS: 8295.9 | Var: per
Step: 4103168 | EPS: 0.02 | Rew: 18.00 | FPS: 8899.8 | Var: per
Step: 4104192 | EPS: 0.02 | Rew: 17.88 | FPS: 8184.1 | Var: per
Step: 4105216 | EPS: 0.02 | Rew: 17.22 | FPS: 8057.4 | Var: per
Step: 4106240 | EPS: 0.02 | Rew: 17.66 | FPS: 8053.0 | Var: per
Step: 4107264 | EPS: 0.02 | Rew: 17.24 | FPS: 8262.5 | Var: per
Step: 4108288 | EPS: 0.02 | Rew: 17.07 | FPS: 8263.3 | Var: per
Step: 4109312 | EPS: 0.02 | Rew: 17.11 | FPS: 8404.4 | Var: per
Step: 4110336 | EPS: 0.02 | Rew: 16.85 | FPS: 8319.0 | Var: per
Step: 4111360 | EPS: 0.02 | Rew: 17.32 | FPS: 8583.8 | Var: per
Step: 4112384 | EPS: 0.02 | Rew: 17.22 | FPS: 7011.1 | Var: per
Step: 4113408 | EPS: 0.02 | Rew: 17.79 | FPS: 7602.2 | Var: per
Step: 4114432 | EPS: 0.02 | Rew: 17.79 | FPS: 8493.2 | Var: per
Step: 4115456 | EPS: 0.02 | Rew: 18.96 | FPS: 8439.5 | Var: per
Step: 4116480 | EPS: 0.02 | Rew: 18.64 | FPS: 8033.5 | Var: per
Step: 4117504 | EPS: 0.02 | Rew: 18.32 | FPS: 8502.4 | Var: per
Step: 4118528 | EPS: 0.02 | Rew: 18.13 | FPS: 8146.7 | Var: per
Step: 4119552 | EPS: 0.02 | Rew: 17.99 | FPS: 7312.9 | Var: per
Step: 4120576 | EPS: 0.02 | Rew: 18.79 | FPS: 8081.3 | Var: per
Step: 4121600 | EPS: 0.02 | Rew: 18.71 | FPS: 8557.1 | Var: per
Step: 4122624 | EPS: 0.02 | Rew: 18.80 | FPS: 8414.7 | Var: per
Step: 4123648 | EPS: 0.02 | Rew: 18.85 | FPS: 8074.1 | Var: per
Step: 4124672 | EPS: 0.02 | Rew: 19.72 | FPS: 8601.1 | Var: per
Step: 4125696 | EPS: 0.02 | Rew: 20.44 | FPS: 8068.4 | Var: per
Step: 4126720 | EPS: 0.02 | Rew: 20.49 | FPS: 8401.0 | Var: per
Step: 4127744 | EPS: 0.02 | Rew: 20.69 | FPS: 8508.2 | Var: per
Step: 4128768 | EPS: 0.02 | Rew: 20.36 | FPS: 8314.1 | Var: per
Step: 4129792 | EPS: 0.02 | Rew: 20.28 | FPS: 8454.2 | Var: per
Step: 4130816 | EPS: 0.02 | Rew: 20.35 | FPS: 7987.2 | Var: per
Step: 4131840 | EPS: 0.02 | Rew: 20.58 | FPS: 8621.3 | Var: per
Step: 4132864 | EPS: 0.02 | Rew: 20.94 | FPS: 8225.0 | Var: per
Step: 4133888 | EPS: 0.02 | Rew: 21.29 | FPS: 7959.6 | Var: per
Step: 4134912 | EPS: 0.02 | Rew: 21.59 | FPS: 8582.5 | Var: per
>>> [Best] Saved -> agent/checkpoints/per_pretrain.pth | Rew 21.59
Step: 4135936 | EPS: 0.02 | Rew: 21.96 | FPS: 8213.3 | Var: per
Step: 4136960 | EPS: 0.02 | Rew: 22.29 | FPS: 9200.5 | Var: per
>>> [Best] Saved -> agent/checkpoints/per_pretrain.pth | Rew 22.29
Step: 4137984 | EPS: 0.02 | Rew: 22.34 | FPS: 8146.7 | Var: per
Step: 4139008 | EPS: 0.02 | Rew: 22.06 | FPS: 7805.2 | Var: per
Step: 4140032 | EPS: 0.02 | Rew: 21.98 | FPS: 8020.4 | Var: per
Step: 4141056 | EPS: 0.02 | Rew: 21.82 | FPS: 8381.5 | Var: per
Step: 4142080 | EPS: 0.02 | Rew: 21.05 | FPS: 8456.5 | Var: per
Step: 4143104 | EPS: 0.02 | Rew: 20.53 | FPS: 8091.6 | Var: per
Step: 4144128 | EPS: 0.02 | Rew: 20.65 | FPS: 7780.1 | Var: per
Step: 4145152 | EPS: 0.02 | Rew: 20.92 | FPS: 8730.8 | Var: per
Step: 4146176 | EPS: 0.02 | Rew: 21.07 | FPS: 8143.9 | Var: per
Step: 4147200 | EPS: 0.02 | Rew: 21.51 | FPS: 8644.3 | Var: per
Step: 4148224 | EPS: 0.02 | Rew: 20.98 | FPS: 8022.6 | Var: per
Step: 4149248 | EPS: 0.02 | Rew: 20.56 | FPS: 8258.5 | Var: per
Step: 4150272 | EPS: 0.02 | Rew: 20.17 | FPS: 8101.1 | Var: per
Step: 4151296 | EPS: 0.02 | Rew: 20.66 | FPS: 7939.6 | Var: per
Step: 4152320 | EPS: 0.02 | Rew: 20.82 | FPS: 8542.5 | Var: per
Step: 4153344 | EPS: 0.02 | Rew: 19.93 | FPS: 8935.2 | Var: per
Step: 4154368 | EPS: 0.02 | Rew: 19.25 | FPS: 8447.3 | Var: per
Step: 4155392 | EPS: 0.02 | Rew: 19.26 | FPS: 8069.9 | Var: per
Step: 4156416 | EPS: 0.02 | Rew: 18.95 | FPS: 8384.1 | Var: per
Step: 4157440 | EPS: 0.02 | Rew: 19.70 | FPS: 8263.7 | Var: per
Step: 4158464 | EPS: 0.02 | Rew: 19.14 | FPS: 8373.0 | Var: per
Step: 4159488 | EPS: 0.02 | Rew: 18.44 | FPS: 8330.0 | Var: per
Step: 4160512 | EPS: 0.02 | Rew: 18.19 | FPS: 8367.8 | Var: per
Step: 4161536 | EPS: 0.02 | Rew: 17.81 | FPS: 8063.3 | Var: per
Step: 4162560 | EPS: 0.02 | Rew: 17.14 | FPS: 8333.8 | Var: per
Step: 4163584 | EPS: 0.02 | Rew: 17.29 | FPS: 8679.0 | Var: per
Step: 4164608 | EPS: 0.02 | Rew: 17.43 | FPS: 8773.2 | Var: per
Step: 4165632 | EPS: 0.02 | Rew: 17.42 | FPS: 7980.1 | Var: per
Step: 4166656 | EPS: 0.02 | Rew: 17.16 | FPS: 8268.3 | Var: per
Step: 4167680 | EPS: 0.02 | Rew: 17.04 | FPS: 8588.6 | Var: per
Step: 4168704 | EPS: 0.02 | Rew: 17.18 | FPS: 7934.5 | Var: per
Step: 4169728 | EPS: 0.02 | Rew: 17.13 | FPS: 8229.6 | Var: per
Step: 4170752 | EPS: 0.02 | Rew: 16.56 | FPS: 9988.8 | Var: per
Step: 4171776 | EPS: 0.02 | Rew: 16.36 | FPS: 10114.3 | Var: per
Step: 4172800 | EPS: 0.02 | Rew: 16.56 | FPS: 9074.0 | Var: per
Step: 4173824 | EPS: 0.02 | Rew: 16.64 | FPS: 8087.2 | Var: per
Step: 4174848 | EPS: 0.02 | Rew: 17.32 | FPS: 6807.0 | Var: per
Step: 4175872 | EPS: 0.02 | Rew: 17.97 | FPS: 8148.8 | Var: per
Step: 4176896 | EPS: 0.02 | Rew: 18.63 | FPS: 8271.5 | Var: per
Step: 4177920 | EPS: 0.02 | Rew: 17.87 | FPS: 8446.1 | Var: per
Step: 4178944 | EPS: 0.02 | Rew: 18.59 | FPS: 8432.7 | Var: per
Step: 4179968 | EPS: 0.02 | Rew: 19.03 | FPS: 8362.0 | Var: per
Step: 4180992 | EPS: 0.02 | Rew: 19.18 | FPS: 8097.1 | Var: per
Step: 4182016 | EPS: 0.02 | Rew: 20.65 | FPS: 8245.3 | Var: per
Step: 4183040 | EPS: 0.02 | Rew: 20.33 | FPS: 8434.4 | Var: per
Step: 4184064 | EPS: 0.02 | Rew: 20.43 | FPS: 8039.6 | Var: per
Step: 4185088 | EPS: 0.02 | Rew: 21.17 | FPS: 8620.8 | Var: per
Step: 4186112 | EPS: 0.02 | Rew: 21.47 | FPS: 8449.2 | Var: per
Step: 4187136 | EPS: 0.02 | Rew: 21.47 | FPS: 8282.3 | Var: per
Step: 4188160 | EPS: 0.02 | Rew: 21.79 | FPS: 8765.7 | Var: per
Step: 4189184 | EPS: 0.02 | Rew: 21.60 | FPS: 8417.2 | Var: per
Step: 4190208 | EPS: 0.02 | Rew: 21.58 | FPS: 8524.5 | Var: per
Step: 4191232 | EPS: 0.02 | Rew: 21.27 | FPS: 6638.5 | Var: per
Step: 4192256 | EPS: 0.02 | Rew: 21.72 | FPS: 8553.4 | Var: per
Step: 4193280 | EPS: 0.02 | Rew: 21.19 | FPS: 8432.4 | Var: per
Step: 4194304 | EPS: 0.02 | Rew: 21.56 | FPS: 8016.6 | Var: per
Step: 4195328 | EPS: 0.02 | Rew: 21.57 | FPS: 8101.4 | Var: per
Step: 4196352 | EPS: 0.02 | Rew: 21.52 | FPS: 7994.6 | Var: per
Step: 4197376 | EPS: 0.02 | Rew: 21.82 | FPS: 8371.7 | Var: per
Step: 4198400 | EPS: 0.02 | Rew: 21.39 | FPS: 9186.9 | Var: per
Step: 4199424 | EPS: 0.02 | Rew: 21.72 | FPS: 8519.6 | Var: per
Step: 4200448 | EPS: 0.02 | Rew: 21.83 | FPS: 8308.1 | Var: per
Step: 4201472 | EPS: 0.02 | Rew: 21.51 | FPS: 8517.9 | Var: per
Step: 4202496 | EPS: 0.02 | Rew: 20.79 | FPS: 8303.2 | Var: per
Step: 4203520 | EPS: 0.02 | Rew: 20.05 | FPS: 8303.1 | Var: per
Step: 4204544 | EPS: 0.02 | Rew: 19.91 | FPS: 8346.5 | Var: per
Step: 4205568 | EPS: 0.02 | Rew: 19.63 | FPS: 8462.4 | Var: per
Step: 4206592 | EPS: 0.02 | Rew: 18.94 | FPS: 8589.6 | Var: per
Step: 4207616 | EPS: 0.02 | Rew: 18.87 | FPS: 8625.0 | Var: per
Step: 4208640 | EPS: 0.02 | Rew: 19.02 | FPS: 8632.2 | Var: per
Step: 4209664 | EPS: 0.02 | Rew: 18.48 | FPS: 8484.1 | Var: per
Step: 4210688 | EPS: 0.02 | Rew: 18.54 | FPS: 8199.2 | Var: per
Step: 4211712 | EPS: 0.02 | Rew: 17.95 | FPS: 8222.9 | Var: per
Step: 4212736 | EPS: 0.02 | Rew: 18.12 | FPS: 8402.7 | Var: per
Step: 4213760 | EPS: 0.02 | Rew: 18.26 | FPS: 8150.9 | Var: per
Step: 4214784 | EPS: 0.02 | Rew: 17.70 | FPS: 7856.0 | Var: per
Step: 4215808 | EPS: 0.02 | Rew: 17.13 | FPS: 7924.3 | Var: per
Step: 4216832 | EPS: 0.02 | Rew: 17.25 | FPS: 7962.4 | Var: per
Step: 4217856 | EPS: 0.02 | Rew: 17.40 | FPS: 8092.8 | Var: per
Step: 4218880 | EPS: 0.02 | Rew: 17.96 | FPS: 8115.2 | Var: per
Step: 4219904 | EPS: 0.02 | Rew: 17.99 | FPS: 8299.7 | Var: per
Step: 4220928 | EPS: 0.02 | Rew: 17.81 | FPS: 8155.7 | Var: per
Step: 4221952 | EPS: 0.02 | Rew: 17.56 | FPS: 8262.3 | Var: per
Step: 4222976 | EPS: 0.02 | Rew: 17.35 | FPS: 8514.0 | Var: per
Step: 4224000 | EPS: 0.02 | Rew: 18.28 | FPS: 9002.3 | Var: per
Step: 4225024 | EPS: 0.02 | Rew: 17.21 | FPS: 8284.0 | Var: per
Step: 4226048 | EPS: 0.02 | Rew: 16.66 | FPS: 8346.2 | Var: per
Step: 4227072 | EPS: 0.02 | Rew: 16.50 | FPS: 8413.3 | Var: per
Step: 4228096 | EPS: 0.02 | Rew: 16.82 | FPS: 8913.3 | Var: per
Step: 4229120 | EPS: 0.02 | Rew: 16.62 | FPS: 8228.1 | Var: per
Step: 4230144 | EPS: 0.02 | Rew: 17.80 | FPS: 8513.3 | Var: per
Step: 4231168 | EPS: 0.02 | Rew: 17.87 | FPS: 8353.4 | Var: per
Step: 4232192 | EPS: 0.02 | Rew: 17.85 | FPS: 8449.4 | Var: per
Step: 4233216 | EPS: 0.02 | Rew: 18.26 | FPS: 8595.2 | Var: per
Step: 4234240 | EPS: 0.02 | Rew: 18.05 | FPS: 8785.9 | Var: per
Step: 4235264 | EPS: 0.02 | Rew: 18.43 | FPS: 8238.4 | Var: per
Step: 4236288 | EPS: 0.02 | Rew: 18.49 | FPS: 8325.8 | Var: per
Step: 4237312 | EPS: 0.02 | Rew: 19.01 | FPS: 8116.7 | Var: per
Step: 4238336 | EPS: 0.02 | Rew: 19.23 | FPS: 8139.0 | Var: per
Step: 4239360 | EPS: 0.02 | Rew: 19.08 | FPS: 7915.3 | Var: per
Step: 4240384 | EPS: 0.02 | Rew: 18.86 | FPS: 8570.0 | Var: per
Step: 4241408 | EPS: 0.02 | Rew: 19.33 | FPS: 8773.9 | Var: per
Step: 4242432 | EPS: 0.02 | Rew: 19.11 | FPS: 8596.7 | Var: per
Step: 4243456 | EPS: 0.02 | Rew: 19.31 | FPS: 4925.9 | Var: per
Step: 4244480 | EPS: 0.02 | Rew: 19.06 | FPS: 5570.5 | Var: per
Step: 4245504 | EPS: 0.02 | Rew: 18.84 | FPS: 5559.7 | Var: per
Step: 4246528 | EPS: 0.02 | Rew: 18.59 | FPS: 6215.6 | Var: per
Step: 4247552 | EPS: 0.02 | Rew: 18.59 | FPS: 8151.7 | Var: per
Step: 4248576 | EPS: 0.02 | Rew: 18.93 | FPS: 8127.2 | Var: per
Step: 4249600 | EPS: 0.02 | Rew: 19.20 | FPS: 8063.8 | Var: per
Step: 4250624 | EPS: 0.02 | Rew: 19.36 | FPS: 8018.0 | Var: per
Step: 4251648 | EPS: 0.02 | Rew: 19.87 | FPS: 7983.1 | Var: per
Step: 4252672 | EPS: 0.02 | Rew: 20.03 | FPS: 7972.0 | Var: per
Step: 4253696 | EPS: 0.02 | Rew: 20.08 | FPS: 8095.4 | Var: per
Step: 4254720 | EPS: 0.02 | Rew: 19.85 | FPS: 8543.2 | Var: per
Step: 4255744 | EPS: 0.02 | Rew: 20.58 | FPS: 7872.9 | Var: per
Step: 4256768 | EPS: 0.02 | Rew: 21.20 | FPS: 8084.5 | Var: per
Step: 4257792 | EPS: 0.02 | Rew: 21.35 | FPS: 8116.7 | Var: per
Step: 4258816 | EPS: 0.02 | Rew: 21.55 | FPS: 8059.0 | Var: per
Step: 4259840 | EPS: 0.02 | Rew: 20.33 | FPS: 8260.4 | Var: per
Step: 4260864 | EPS: 0.02 | Rew: 20.33 | FPS: 7938.1 | Var: per
Step: 4261888 | EPS: 0.02 | Rew: 19.46 | FPS: 6767.5 | Var: per
Step: 4262912 | EPS: 0.02 | Rew: 18.93 | FPS: 8133.0 | Var: per
Step: 4263936 | EPS: 0.02 | Rew: 17.92 | FPS: 8345.8 | Var: per
Step: 4264960 | EPS: 0.02 | Rew: 18.36 | FPS: 8030.1 | Var: per
Step: 4265984 | EPS: 0.02 | Rew: 17.92 | FPS: 8378.8 | Var: per
Step: 4267008 | EPS: 0.02 | Rew: 17.97 | FPS: 8170.5 | Var: per
Step: 4268032 | EPS: 0.02 | Rew: 17.93 | FPS: 8821.9 | Var: per
Step: 4269056 | EPS: 0.02 | Rew: 17.62 | FPS: 8191.7 | Var: per
Step: 4270080 | EPS: 0.02 | Rew: 17.62 | FPS: 8042.7 | Var: per
Step: 4271104 | EPS: 0.02 | Rew: 18.22 | FPS: 8029.8 | Var: per
Step: 4272128 | EPS: 0.02 | Rew: 18.03 | FPS: 8545.9 | Var: per
Step: 4273152 | EPS: 0.02 | Rew: 18.62 | FPS: 8690.1 | Var: per
Step: 4274176 | EPS: 0.02 | Rew: 18.84 | FPS: 8791.9 | Var: per
Step: 4275200 | EPS: 0.02 | Rew: 18.67 | FPS: 8211.9 | Var: per
Step: 4276224 | EPS: 0.02 | Rew: 18.78 | FPS: 8784.1 | Var: per
Step: 4277248 | EPS: 0.02 | Rew: 19.44 | FPS: 8033.5 | Var: per
Step: 4278272 | EPS: 0.02 | Rew: 18.98 | FPS: 8431.9 | Var: per
Step: 4279296 | EPS: 0.02 | Rew: 19.43 | FPS: 8104.4 | Var: per
Step: 4280320 | EPS: 0.02 | Rew: 19.62 | FPS: 8302.9 | Var: per
Step: 4281344 | EPS: 0.02 | Rew: 19.64 | FPS: 8317.3 | Var: per
Step: 4282368 | EPS: 0.02 | Rew: 19.15 | FPS: 8160.3 | Var: per
Step: 4283392 | EPS: 0.02 | Rew: 19.00 | FPS: 8425.2 | Var: per
Step: 4284416 | EPS: 0.02 | Rew: 18.75 | FPS: 8185.0 | Var: per
Step: 4285440 | EPS: 0.02 | Rew: 18.69 | FPS: 8800.2 | Var: per
Step: 4286464 | EPS: 0.02 | Rew: 18.81 | FPS: 8097.4 | Var: per
Step: 4287488 | EPS: 0.02 | Rew: 18.88 | FPS: 8496.1 | Var: per
Step: 4288512 | EPS: 0.02 | Rew: 19.56 | FPS: 8046.1 | Var: per
Step: 4289536 | EPS: 0.02 | Rew: 20.76 | FPS: 7862.8 | Var: per
Step: 4290560 | EPS: 0.02 | Rew: 20.93 | FPS: 8405.3 | Var: per
Step: 4291584 | EPS: 0.02 | Rew: 21.00 | FPS: 8553.6 | Var: per
Step: 4292608 | EPS: 0.02 | Rew: 21.39 | FPS: 6913.3 | Var: per
Step: 4293632 | EPS: 0.02 | Rew: 21.31 | FPS: 7870.1 | Var: per
Step: 4294656 | EPS: 0.02 | Rew: 21.39 | FPS: 6771.3 | Var: per
Step: 4295680 | EPS: 0.02 | Rew: 20.97 | FPS: 7916.0 | Var: per
Step: 4296704 | EPS: 0.02 | Rew: 21.16 | FPS: 7779.2 | Var: per
Step: 4297728 | EPS: 0.02 | Rew: 21.44 | FPS: 7818.9 | Var: per
Step: 4298752 | EPS: 0.02 | Rew: 21.79 | FPS: 7919.8 | Var: per
Step: 4299776 | EPS: 0.02 | Rew: 21.41 | FPS: 8366.6 | Var: per
Step: 4300800 | EPS: 0.02 | Rew: 20.93 | FPS: 8190.6 | Var: per
Step: 4301824 | EPS: 0.02 | Rew: 20.93 | FPS: 8383.3 | Var: per
Step: 4302848 | EPS: 0.02 | Rew: 21.00 | FPS: 8369.9 | Var: per
Step: 4303872 | EPS: 0.02 | Rew: 20.74 | FPS: 7456.5 | Var: per
Step: 4304896 | EPS: 0.02 | Rew: 20.60 | FPS: 7985.9 | Var: per
Step: 4305920 | EPS: 0.02 | Rew: 20.69 | FPS: 8158.1 | Var: per
Step: 4306944 | EPS: 0.02 | Rew: 20.57 | FPS: 7462.2 | Var: per
Step: 4307968 | EPS: 0.02 | Rew: 22.06 | FPS: 8855.1 | Var: per
Step: 4308992 | EPS: 0.02 | Rew: 22.18 | FPS: 7789.2 | Var: per
Step: 4310016 | EPS: 0.02 | Rew: 22.79 | FPS: 8196.6 | Var: per
>>> [Best] Saved -> agent/checkpoints/per_pretrain.pth | Rew 22.79
Step: 4311040 | EPS: 0.02 | Rew: 22.76 | FPS: 8163.3 | Var: per
Step: 4312064 | EPS: 0.02 | Rew: 22.17 | FPS: 8416.5 | Var: per
Step: 4313088 | EPS: 0.02 | Rew: 22.51 | FPS: 8005.2 | Var: per
Step: 4314112 | EPS: 0.02 | Rew: 22.87 | FPS: 8296.9 | Var: per
Step: 4315136 | EPS: 0.02 | Rew: 22.38 | FPS: 7204.1 | Var: per
Step: 4316160 | EPS: 0.02 | Rew: 21.99 | FPS: 8059.2 | Var: per
Step: 4317184 | EPS: 0.02 | Rew: 22.52 | FPS: 8211.7 | Var: per
Step: 4318208 | EPS: 0.02 | Rew: 22.76 | FPS: 8548.9 | Var: per
Step: 4319232 | EPS: 0.02 | Rew: 23.40 | FPS: 8023.9 | Var: per
>>> [Best] Saved -> agent/checkpoints/per_pretrain.pth | Rew 23.40
Step: 4320256 | EPS: 0.02 | Rew: 23.33 | FPS: 6475.7 | Var: per
Step: 4321280 | EPS: 0.02 | Rew: 23.56 | FPS: 7974.1 | Var: per
Step: 4322304 | EPS: 0.02 | Rew: 24.13 | FPS: 8748.0 | Var: per
>>> [Best] Saved -> agent/checkpoints/per_pretrain.pth | Rew 24.13
Step: 4323328 | EPS: 0.02 | Rew: 23.85 | FPS: 8949.0 | Var: per
Step: 4324352 | EPS: 0.02 | Rew: 23.71 | FPS: 8012.6 | Var: per
Step: 4325376 | EPS: 0.02 | Rew: 23.57 | FPS: 7935.8 | Var: per
Step: 4326400 | EPS: 0.02 | Rew: 23.59 | FPS: 7841.6 | Var: per
Step: 4327424 | EPS: 0.02 | Rew: 23.73 | FPS: 8295.7 | Var: per
Step: 4328448 | EPS: 0.02 | Rew: 23.13 | FPS: 5009.2 | Var: per
Step: 4329472 | EPS: 0.02 | Rew: 23.59 | FPS: 5204.9 | Var: per
Step: 4330496 | EPS: 0.02 | Rew: 23.70 | FPS: 7778.5 | Var: per
Step: 4331520 | EPS: 0.02 | Rew: 23.75 | FPS: 7987.3 | Var: per
Step: 4332544 | EPS: 0.02 | Rew: 23.97 | FPS: 7977.0 | Var: per
Step: 4333568 | EPS: 0.02 | Rew: 23.79 | FPS: 7993.4 | Var: per
Step: 4334592 | EPS: 0.02 | Rew: 23.71 | FPS: 7653.9 | Var: per
Step: 4335616 | EPS: 0.02 | Rew: 23.69 | FPS: 8175.0 | Var: per
Step: 4336640 | EPS: 0.02 | Rew: 23.42 | FPS: 8026.4 | Var: per
Step: 4337664 | EPS: 0.02 | Rew: 23.68 | FPS: 6316.2 | Var: per
Step: 4338688 | EPS: 0.02 | Rew: 23.56 | FPS: 8520.5 | Var: per
Step: 4339712 | EPS: 0.02 | Rew: 23.18 | FPS: 8769.5 | Var: per
Step: 4340736 | EPS: 0.02 | Rew: 21.99 | FPS: 6088.0 | Var: per
Step: 4341760 | EPS: 0.02 | Rew: 21.36 | FPS: 8494.4 | Var: per
Step: 4342784 | EPS: 0.02 | Rew: 21.78 | FPS: 8059.1 | Var: per
Step: 4343808 | EPS: 0.02 | Rew: 20.44 | FPS: 8421.8 | Var: per
Step: 4344832 | EPS: 0.02 | Rew: 20.26 | FPS: 8254.8 | Var: per
Step: 4345856 | EPS: 0.02 | Rew: 19.83 | FPS: 7238.9 | Var: per
Step: 4346880 | EPS: 0.02 | Rew: 18.89 | FPS: 7174.7 | Var: per
Step: 4347904 | EPS: 0.02 | Rew: 19.50 | FPS: 6704.0 | Var: per
Step: 4348928 | EPS: 0.02 | Rew: 18.54 | FPS: 6210.8 | Var: per
Step: 4349952 | EPS: 0.02 | Rew: 18.28 | FPS: 7958.8 | Var: per
Step: 4350976 | EPS: 0.02 | Rew: 18.56 | FPS: 6394.0 | Var: per
Step: 4352000 | EPS: 0.02 | Rew: 17.86 | FPS: 8058.2 | Var: per
Step: 4353024 | EPS: 0.02 | Rew: 17.82 | FPS: 8400.9 | Var: per
Step: 4354048 | EPS: 0.02 | Rew: 17.47 | FPS: 8310.7 | Var: per
Step: 4355072 | EPS: 0.02 | Rew: 17.13 | FPS: 8119.3 | Var: per
Step: 4356096 | EPS: 0.02 | Rew: 16.99 | FPS: 8307.4 | Var: per
Step: 4357120 | EPS: 0.02 | Rew: 17.41 | FPS: 7949.7 | Var: per
Step: 4358144 | EPS: 0.02 | Rew: 17.44 | FPS: 7864.9 | Var: per
Step: 4359168 | EPS: 0.02 | Rew: 17.55 | FPS: 8415.8 | Var: per
Step: 4360192 | EPS: 0.02 | Rew: 17.70 | FPS: 7080.6 | Var: per
Step: 4361216 | EPS: 0.02 | Rew: 17.81 | FPS: 8363.9 | Var: per
Step: 4362240 | EPS: 0.02 | Rew: 17.71 | FPS: 8532.7 | Var: per
Step: 4363264 | EPS: 0.02 | Rew: 17.54 | FPS: 8246.5 | Var: per
Step: 4364288 | EPS: 0.02 | Rew: 17.92 | FPS: 8377.0 | Var: per
Step: 4365312 | EPS: 0.02 | Rew: 17.46 | FPS: 8128.0 | Var: per
Step: 4366336 | EPS: 0.02 | Rew: 17.77 | FPS: 8198.7 | Var: per
Step: 4367360 | EPS: 0.02 | Rew: 17.70 | FPS: 8269.1 | Var: per
Step: 4368384 | EPS: 0.02 | Rew: 17.89 | FPS: 8291.2 | Var: per
Step: 4369408 | EPS: 0.02 | Rew: 18.42 | FPS: 8456.3 | Var: per
Step: 4370432 | EPS: 0.02 | Rew: 17.91 | FPS: 7987.8 | Var: per
Step: 4371456 | EPS: 0.02 | Rew: 18.64 | FPS: 8627.7 | Var: per
Step: 4372480 | EPS: 0.02 | Rew: 18.69 | FPS: 7817.7 | Var: per
Step: 4373504 | EPS: 0.02 | Rew: 18.92 | FPS: 8506.0 | Var: per
Step: 4374528 | EPS: 0.02 | Rew: 19.52 | FPS: 7989.0 | Var: per
Step: 4375552 | EPS: 0.02 | Rew: 19.44 | FPS: 8009.5 | Var: per
Step: 4376576 | EPS: 0.02 | Rew: 19.52 | FPS: 8077.9 | Var: per
Step: 4377600 | EPS: 0.02 | Rew: 19.53 | FPS: 8314.1 | Var: per
Step: 4378624 | EPS: 0.02 | Rew: 19.89 | FPS: 8326.0 | Var: per
Step: 4379648 | EPS: 0.02 | Rew: 19.77 | FPS: 7951.3 | Var: per
Step: 4380672 | EPS: 0.02 | Rew: 19.87 | FPS: 8290.1 | Var: per
Step: 4381696 | EPS: 0.02 | Rew: 20.05 | FPS: 8069.0 | Var: per
Step: 4382720 | EPS: 0.02 | Rew: 19.52 | FPS: 8247.9 | Var: per
Step: 4383744 | EPS: 0.02 | Rew: 19.50 | FPS: 8231.0 | Var: per
Step: 4384768 | EPS: 0.02 | Rew: 20.27 | FPS: 8345.4 | Var: per
Step: 4385792 | EPS: 0.02 | Rew: 19.72 | FPS: 8135.7 | Var: per
Step: 4386816 | EPS: 0.02 | Rew: 19.56 | FPS: 8683.6 | Var: per
Step: 4387840 | EPS: 0.02 | Rew: 19.73 | FPS: 8366.5 | Var: per
Step: 4388864 | EPS: 0.02 | Rew: 19.07 | FPS: 8440.2 | Var: per
Step: 4389888 | EPS: 0.02 | Rew: 19.07 | FPS: 7938.2 | Var: per
Step: 4390912 | EPS: 0.02 | Rew: 19.73 | FPS: 7859.5 | Var: per
Step: 4391936 | EPS: 0.02 | Rew: 19.67 | FPS: 8128.2 | Var: per
Step: 4392960 | EPS: 0.02 | Rew: 19.92 | FPS: 8014.3 | Var: per
Step: 4393984 | EPS: 0.02 | Rew: 20.33 | FPS: 8462.4 | Var: per
Step: 4395008 | EPS: 0.02 | Rew: 20.46 | FPS: 8242.0 | Var: per
Step: 4396032 | EPS: 0.02 | Rew: 19.86 | FPS: 7741.9 | Var: per
Step: 4397056 | EPS: 0.02 | Rew: 19.13 | FPS: 8168.3 | Var: per
Step: 4398080 | EPS: 0.02 | Rew: 18.64 | FPS: 7905.9 | Var: per
Step: 4399104 | EPS: 0.02 | Rew: 18.84 | FPS: 8002.9 | Var: per
Step: 4400128 | EPS: 0.02 | Rew: 18.81 | FPS: 8035.8 | Var: per
Step: 4401152 | EPS: 0.02 | Rew: 18.87 | FPS: 7363.0 | Var: per
Step: 4402176 | EPS: 0.02 | Rew: 18.34 | FPS: 8653.6 | Var: per
Step: 4403200 | EPS: 0.02 | Rew: 18.32 | FPS: 9266.6 | Var: per
Step: 4404224 | EPS: 0.02 | Rew: 18.29 | FPS: 9466.9 | Var: per
Step: 4405248 | EPS: 0.02 | Rew: 18.00 | FPS: 7906.5 | Var: per
Step: 4406272 | EPS: 0.02 | Rew: 19.09 | FPS: 10191.9 | Var: per
Step: 4407296 | EPS: 0.02 | Rew: 19.34 | FPS: 8679.2 | Var: per
Step: 4408320 | EPS: 0.02 | Rew: 19.13 | FPS: 6614.3 | Var: per
Step: 4409344 | EPS: 0.02 | Rew: 19.20 | FPS: 7958.4 | Var: per
Step: 4410368 | EPS: 0.02 | Rew: 18.71 | FPS: 8220.7 | Var: per
Step: 4411392 | EPS: 0.02 | Rew: 18.48 | FPS: 8233.3 | Var: per
Step: 4412416 | EPS: 0.02 | Rew: 18.58 | FPS: 8147.2 | Var: per
Step: 4413440 | EPS: 0.02 | Rew: 17.97 | FPS: 5863.2 | Var: per
Step: 4414464 | EPS: 0.02 | Rew: 18.13 | FPS: 4765.1 | Var: per
Step: 4415488 | EPS: 0.02 | Rew: 18.25 | FPS: 4849.2 | Var: per
Step: 4416512 | EPS: 0.02 | Rew: 18.29 | FPS: 6216.5 | Var: per
Step: 4417536 | EPS: 0.02 | Rew: 18.75 | FPS: 4984.9 | Var: per
Step: 4418560 | EPS: 0.02 | Rew: 18.69 | FPS: 5914.1 | Var: per
Step: 4419584 | EPS: 0.02 | Rew: 17.89 | FPS: 5661.2 | Var: per
Step: 4420608 | EPS: 0.02 | Rew: 17.74 | FPS: 7725.5 | Var: per
Step: 4421632 | EPS: 0.02 | Rew: 17.71 | FPS: 8114.6 | Var: per
Step: 4422656 | EPS: 0.02 | Rew: 18.34 | FPS: 8214.7 | Var: per
Step: 4423680 | EPS: 0.02 | Rew: 18.80 | FPS: 8217.5 | Var: per
Step: 4424704 | EPS: 0.02 | Rew: 19.09 | FPS: 8790.6 | Var: per
Step: 4425728 | EPS: 0.02 | Rew: 19.18 | FPS: 8404.3 | Var: per
Step: 4426752 | EPS: 0.02 | Rew: 18.81 | FPS: 7999.8 | Var: per
Step: 4427776 | EPS: 0.02 | Rew: 18.68 | FPS: 8176.2 | Var: per
Step: 4428800 | EPS: 0.02 | Rew: 18.68 | FPS: 8579.0 | Var: per
Step: 4429824 | EPS: 0.02 | Rew: 18.69 | FPS: 8385.8 | Var: per
Step: 4430848 | EPS: 0.02 | Rew: 18.73 | FPS: 8413.0 | Var: per
Step: 4431872 | EPS: 0.02 | Rew: 18.85 | FPS: 8289.1 | Var: per
Step: 4432896 | EPS: 0.02 | Rew: 18.83 | FPS: 7670.8 | Var: per
Step: 4433920 | EPS: 0.02 | Rew: 18.71 | FPS: 8231.3 | Var: per
Step: 4434944 | EPS: 0.02 | Rew: 18.65 | FPS: 6820.7 | Var: per
Step: 4435968 | EPS: 0.02 | Rew: 18.56 | FPS: 4596.9 | Var: per
Step: 4436992 | EPS: 0.02 | Rew: 19.03 | FPS: 7779.9 | Var: per
Step: 4438016 | EPS: 0.02 | Rew: 19.28 | FPS: 8311.1 | Var: per
Step: 4439040 | EPS: 0.02 | Rew: 19.28 | FPS: 7801.1 | Var: per
Step: 4440064 | EPS: 0.02 | Rew: 18.99 | FPS: 8245.7 | Var: per
Step: 4441088 | EPS: 0.02 | Rew: 19.42 | FPS: 8013.8 | Var: per
Step: 4442112 | EPS: 0.02 | Rew: 19.65 | FPS: 8275.4 | Var: per
Step: 4443136 | EPS: 0.02 | Rew: 20.11 | FPS: 5704.0 | Var: per
Step: 4444160 | EPS: 0.02 | Rew: 20.52 | FPS: 8019.7 | Var: per
Step: 4445184 | EPS: 0.02 | Rew: 20.33 | FPS: 6617.6 | Var: per
Step: 4446208 | EPS: 0.02 | Rew: 21.09 | FPS: 7759.4 | Var: per
Step: 4447232 | EPS: 0.02 | Rew: 21.78 | FPS: 8195.2 | Var: per
Step: 4448256 | EPS: 0.02 | Rew: 21.34 | FPS: 8198.4 | Var: per
Step: 4449280 | EPS: 0.02 | Rew: 21.64 | FPS: 8208.2 | Var: per
Step: 4450304 | EPS: 0.02 | Rew: 21.84 | FPS: 7806.9 | Var: per
Step: 4451328 | EPS: 0.02 | Rew: 22.08 | FPS: 8460.0 | Var: per
Step: 4452352 | EPS: 0.02 | Rew: 21.66 | FPS: 8091.5 | Var: per
Step: 4453376 | EPS: 0.02 | Rew: 21.07 | FPS: 8001.6 | Var: per
Step: 4454400 | EPS: 0.02 | Rew: 21.25 | FPS: 7858.4 | Var: per
Step: 4455424 | EPS: 0.02 | Rew: 21.32 | FPS: 7133.1 | Var: per
Step: 4456448 | EPS: 0.02 | Rew: 21.34 | FPS: 7897.7 | Var: per
Step: 4457472 | EPS: 0.02 | Rew: 21.86 | FPS: 8239.9 | Var: per
Step: 4458496 | EPS: 0.02 | Rew: 21.89 | FPS: 7799.8 | Var: per
Step: 4459520 | EPS: 0.02 | Rew: 22.45 | FPS: 7972.5 | Var: per
Step: 4460544 | EPS: 0.02 | Rew: 22.61 | FPS: 6805.3 | Var: per
Step: 4461568 | EPS: 0.02 | Rew: 22.40 | FPS: 8098.1 | Var: per
Step: 4462592 | EPS: 0.02 | Rew: 21.43 | FPS: 8295.0 | Var: per
Step: 4463616 | EPS: 0.02 | Rew: 21.31 | FPS: 8357.2 | Var: per
Step: 4464640 | EPS: 0.02 | Rew: 20.84 | FPS: 8051.8 | Var: per
Step: 4465664 | EPS: 0.02 | Rew: 19.51 | FPS: 8239.6 | Var: per
Step: 4466688 | EPS: 0.02 | Rew: 18.94 | FPS: 8243.4 | Var: per
Step: 4467712 | EPS: 0.02 | Rew: 19.04 | FPS: 9013.7 | Var: per
Step: 4468736 | EPS: 0.02 | Rew: 18.47 | FPS: 6823.0 | Var: per
Step: 4469760 | EPS: 0.02 | Rew: 18.67 | FPS: 8047.1 | Var: per
Step: 4470784 | EPS: 0.02 | Rew: 18.58 | FPS: 7946.8 | Var: per
Step: 4471808 | EPS: 0.02 | Rew: 18.36 | FPS: 8400.1 | Var: per
Step: 4472832 | EPS: 0.02 | Rew: 18.32 | FPS: 8488.2 | Var: per
Step: 4473856 | EPS: 0.02 | Rew: 17.94 | FPS: 8202.7 | Var: per
Step: 4474880 | EPS: 0.02 | Rew: 17.93 | FPS: 8701.5 | Var: per
Step: 4475904 | EPS: 0.02 | Rew: 19.01 | FPS: 8367.5 | Var: per
Step: 4476928 | EPS: 0.02 | Rew: 19.67 | FPS: 8247.1 | Var: per
Step: 4477952 | EPS: 0.02 | Rew: 19.84 | FPS: 8542.7 | Var: per
Step: 4478976 | EPS: 0.02 | Rew: 19.86 | FPS: 5707.3 | Var: per
Step: 4480000 | EPS: 0.02 | Rew: 20.26 | FPS: 5978.6 | Var: per
Step: 4481024 | EPS: 0.02 | Rew: 19.97 | FPS: 5322.9 | Var: per
Step: 4482048 | EPS: 0.02 | Rew: 19.70 | FPS: 5869.2 | Var: per
Step: 4483072 | EPS: 0.02 | Rew: 19.40 | FPS: 4685.8 | Var: per
Step: 4484096 | EPS: 0.02 | Rew: 19.52 | FPS: 5480.6 | Var: per
Step: 4485120 | EPS: 0.02 | Rew: 19.47 | FPS: 5240.3 | Var: per
Step: 4486144 | EPS: 0.02 | Rew: 18.78 | FPS: 7719.5 | Var: per
Step: 4487168 | EPS: 0.02 | Rew: 18.76 | FPS: 7891.2 | Var: per
Step: 4488192 | EPS: 0.02 | Rew: 19.18 | FPS: 7985.4 | Var: per
Step: 4489216 | EPS: 0.02 | Rew: 19.37 | FPS: 8176.8 | Var: per
Step: 4490240 | EPS: 0.02 | Rew: 19.39 | FPS: 8232.8 | Var: per
Step: 4491264 | EPS: 0.02 | Rew: 19.31 | FPS: 7686.6 | Var: per
Step: 4492288 | EPS: 0.02 | Rew: 19.66 | FPS: 8075.1 | Var: per
Step: 4493312 | EPS: 0.02 | Rew: 19.69 | FPS: 6374.1 | Var: per
Step: 4494336 | EPS: 0.02 | Rew: 19.87 | FPS: 8799.2 | Var: per
Step: 4495360 | EPS: 0.02 | Rew: 20.01 | FPS: 8617.3 | Var: per
Step: 4496384 | EPS: 0.02 | Rew: 20.81 | FPS: 8520.8 | Var: per
Step: 4497408 | EPS: 0.02 | Rew: 20.90 | FPS: 8062.3 | Var: per
Step: 4498432 | EPS: 0.02 | Rew: 20.80 | FPS: 8365.3 | Var: per
Step: 4499456 | EPS: 0.02 | Rew: 20.12 | FPS: 8508.8 | Var: per
Step: 4500480 | EPS: 0.02 | Rew: 19.99 | FPS: 8061.7 | Var: per
Step: 4501504 | EPS: 0.02 | Rew: 19.11 | FPS: 8017.7 | Var: per
Step: 4502528 | EPS: 0.02 | Rew: 18.43 | FPS: 8046.9 | Var: per
Step: 4503552 | EPS: 0.02 | Rew: 18.76 | FPS: 8495.0 | Var: per
Step: 4504576 | EPS: 0.02 | Rew: 18.67 | FPS: 8242.3 | Var: per
Step: 4505600 | EPS: 0.02 | Rew: 18.67 | FPS: 8014.4 | Var: per
Step: 4506624 | EPS: 0.02 | Rew: 19.10 | FPS: 8427.3 | Var: per
Step: 4507648 | EPS: 0.02 | Rew: 19.42 | FPS: 8079.5 | Var: per
Step: 4508672 | EPS: 0.02 | Rew: 19.80 | FPS: 8067.0 | Var: per
Step: 4509696 | EPS: 0.02 | Rew: 19.44 | FPS: 8459.0 | Var: per
Step: 4510720 | EPS: 0.02 | Rew: 19.87 | FPS: 8269.6 | Var: per
Step: 4511744 | EPS: 0.02 | Rew: 20.24 | FPS: 7796.6 | Var: per
Step: 4512768 | EPS: 0.02 | Rew: 20.56 | FPS: 8195.4 | Var: per
Step: 4513792 | EPS: 0.02 | Rew: 19.78 | FPS: 7850.2 | Var: per
Step: 4514816 | EPS: 0.02 | Rew: 19.85 | FPS: 8892.6 | Var: per
Step: 4515840 | EPS: 0.02 | Rew: 20.17 | FPS: 8202.0 | Var: per
Step: 4516864 | EPS: 0.02 | Rew: 20.05 | FPS: 6893.3 | Var: per
Step: 4517888 | EPS: 0.02 | Rew: 19.92 | FPS: 7616.1 | Var: per
Step: 4518912 | EPS: 0.02 | Rew: 19.92 | FPS: 8292.2 | Var: per
Step: 4519936 | EPS: 0.02 | Rew: 20.07 | FPS: 7146.2 | Var: per
Step: 4520960 | EPS: 0.02 | Rew: 19.73 | FPS: 7447.5 | Var: per
Step: 4521984 | EPS: 0.02 | Rew: 19.74 | FPS: 6798.1 | Var: per
Step: 4523008 | EPS: 0.02 | Rew: 19.93 | FPS: 6957.2 | Var: per
Step: 4524032 | EPS: 0.02 | Rew: 20.06 | FPS: 8135.6 | Var: per
Step: 4525056 | EPS: 0.02 | Rew: 20.06 | FPS: 8285.4 | Var: per
Step: 4526080 | EPS: 0.02 | Rew: 20.15 | FPS: 7818.4 | Var: per
Step: 4527104 | EPS: 0.02 | Rew: 20.66 | FPS: 7885.3 | Var: per
Step: 4528128 | EPS: 0.02 | Rew: 21.23 | FPS: 6752.3 | Var: per
Step: 4529152 | EPS: 0.02 | Rew: 21.23 | FPS: 8322.7 | Var: per
Step: 4530176 | EPS: 0.02 | Rew: 20.48 | FPS: 8841.7 | Var: per
Step: 4531200 | EPS: 0.02 | Rew: 20.26 | FPS: 8171.4 | Var: per
Step: 4532224 | EPS: 0.02 | Rew: 19.69 | FPS: 7916.4 | Var: per
Step: 4533248 | EPS: 0.02 | Rew: 18.85 | FPS: 5941.1 | Var: per
Step: 4534272 | EPS: 0.02 | Rew: 18.50 | FPS: 4838.3 | Var: per
Step: 4535296 | EPS: 0.02 | Rew: 18.54 | FPS: 8069.9 | Var: per
Step: 4536320 | EPS: 0.02 | Rew: 18.11 | FPS: 7990.0 | Var: per
Step: 4537344 | EPS: 0.02 | Rew: 17.82 | FPS: 8038.5 | Var: per
Step: 4538368 | EPS: 0.02 | Rew: 17.73 | FPS: 8658.5 | Var: per
Step: 4539392 | EPS: 0.02 | Rew: 17.34 | FPS: 7895.2 | Var: per
Step: 4540416 | EPS: 0.02 | Rew: 17.14 | FPS: 7873.8 | Var: per
Step: 4541440 | EPS: 0.02 | Rew: 17.16 | FPS: 8059.7 | Var: per
Step: 4542464 | EPS: 0.02 | Rew: 17.12 | FPS: 8263.7 | Var: per
Step: 4543488 | EPS: 0.02 | Rew: 16.87 | FPS: 6536.4 | Var: per
Step: 4544512 | EPS: 0.02 | Rew: 16.99 | FPS: 8649.7 | Var: per
Step: 4545536 | EPS: 0.02 | Rew: 16.98 | FPS: 8528.6 | Var: per
Step: 4546560 | EPS: 0.02 | Rew: 17.18 | FPS: 8770.1 | Var: per
Step: 4547584 | EPS: 0.02 | Rew: 17.21 | FPS: 8951.8 | Var: per
Step: 4548608 | EPS: 0.02 | Rew: 16.85 | FPS: 8308.6 | Var: per
Step: 4549632 | EPS: 0.02 | Rew: 16.95 | FPS: 8330.3 | Var: per
Step: 4550656 | EPS: 0.02 | Rew: 17.31 | FPS: 8036.1 | Var: per
Step: 4551680 | EPS: 0.02 | Rew: 17.37 | FPS: 8103.8 | Var: per
Step: 4552704 | EPS: 0.02 | Rew: 17.41 | FPS: 8035.2 | Var: per
Step: 4553728 | EPS: 0.02 | Rew: 16.65 | FPS: 8494.3 | Var: per
Step: 4554752 | EPS: 0.02 | Rew: 16.64 | FPS: 8193.6 | Var: per
Step: 4555776 | EPS: 0.02 | Rew: 16.86 | FPS: 8088.4 | Var: per
Step: 4556800 | EPS: 0.02 | Rew: 17.51 | FPS: 8668.7 | Var: per
Step: 4557824 | EPS: 0.02 | Rew: 17.48 | FPS: 8838.0 | Var: per
Step: 4558848 | EPS: 0.02 | Rew: 17.57 | FPS: 7885.2 | Var: per
Step: 4559872 | EPS: 0.02 | Rew: 17.84 | FPS: 8073.8 | Var: per
Step: 4560896 | EPS: 0.02 | Rew: 17.89 | FPS: 8149.9 | Var: per
Step: 4561920 | EPS: 0.02 | Rew: 18.27 | FPS: 6020.1 | Var: per
Step: 4562944 | EPS: 0.02 | Rew: 18.39 | FPS: 8775.8 | Var: per
Step: 4563968 | EPS: 0.02 | Rew: 18.31 | FPS: 8151.6 | Var: per
Step: 4564992 | EPS: 0.02 | Rew: 18.85 | FPS: 8529.4 | Var: per
Step: 4566016 | EPS: 0.02 | Rew: 20.02 | FPS: 7316.4 | Var: per
Step: 4567040 | EPS: 0.02 | Rew: 20.26 | FPS: 8096.7 | Var: per
Step: 4568064 | EPS: 0.02 | Rew: 19.90 | FPS: 6479.2 | Var: per
Step: 4569088 | EPS: 0.02 | Rew: 19.74 | FPS: 6837.5 | Var: per
Step: 4570112 | EPS: 0.02 | Rew: 19.85 | FPS: 8092.2 | Var: per
Step: 4571136 | EPS: 0.02 | Rew: 19.83 | FPS: 8045.0 | Var: per
Step: 4572160 | EPS: 0.02 | Rew: 20.00 | FPS: 5844.4 | Var: per
Step: 4573184 | EPS: 0.02 | Rew: 19.74 | FPS: 5075.5 | Var: per
Step: 4574208 | EPS: 0.02 | Rew: 19.62 | FPS: 5870.6 | Var: per
Step: 4575232 | EPS: 0.02 | Rew: 19.12 | FPS: 6619.0 | Var: per
Step: 4576256 | EPS: 0.02 | Rew: 19.13 | FPS: 7208.5 | Var: per
Step: 4577280 | EPS: 0.02 | Rew: 19.10 | FPS: 4072.8 | Var: per
Step: 4578304 | EPS: 0.02 | Rew: 19.16 | FPS: 8194.8 | Var: per
Step: 4579328 | EPS: 0.02 | Rew: 19.16 | FPS: 6143.4 | Var: per
Step: 4580352 | EPS: 0.02 | Rew: 18.88 | FPS: 8326.4 | Var: per
Step: 4581376 | EPS: 0.02 | Rew: 18.26 | FPS: 8205.9 | Var: per
Step: 4582400 | EPS: 0.02 | Rew: 17.47 | FPS: 8034.9 | Var: per
Step: 4583424 | EPS: 0.02 | Rew: 17.37 | FPS: 8184.7 | Var: per
Step: 4584448 | EPS: 0.02 | Rew: 17.63 | FPS: 7217.7 | Var: per
Step: 4585472 | EPS: 0.02 | Rew: 17.89 | FPS: 7957.2 | Var: per
Step: 4586496 | EPS: 0.02 | Rew: 18.15 | FPS: 8141.5 | Var: per
Step: 4587520 | EPS: 0.02 | Rew: 18.16 | FPS: 8161.7 | Var: per
Step: 4588544 | EPS: 0.02 | Rew: 18.21 | FPS: 7983.5 | Var: per
Step: 4589568 | EPS: 0.02 | Rew: 18.27 | FPS: 8392.6 | Var: per
Step: 4590592 | EPS: 0.02 | Rew: 17.77 | FPS: 7988.7 | Var: per
Step: 4591616 | EPS: 0.02 | Rew: 17.87 | FPS: 8293.4 | Var: per
Step: 4592640 | EPS: 0.02 | Rew: 17.45 | FPS: 7955.4 | Var: per
Step: 4593664 | EPS: 0.02 | Rew: 17.43 | FPS: 8076.6 | Var: per
Step: 4594688 | EPS: 0.02 | Rew: 17.06 | FPS: 8381.3 | Var: per
Step: 4595712 | EPS: 0.02 | Rew: 17.16 | FPS: 7646.3 | Var: per
Step: 4596736 | EPS: 0.02 | Rew: 17.20 | FPS: 7814.8 | Var: per
Step: 4597760 | EPS: 0.02 | Rew: 17.30 | FPS: 7952.5 | Var: per
Step: 4598784 | EPS: 0.02 | Rew: 17.52 | FPS: 8118.8 | Var: per
Step: 4599808 | EPS: 0.02 | Rew: 17.71 | FPS: 8289.9 | Var: per
Step: 4600832 | EPS: 0.02 | Rew: 18.30 | FPS: 7408.7 | Var: per
Step: 4601856 | EPS: 0.02 | Rew: 18.76 | FPS: 8690.8 | Var: per
Step: 4602880 | EPS: 0.02 | Rew: 19.26 | FPS: 6808.3 | Var: per
Step: 4603904 | EPS: 0.02 | Rew: 19.55 | FPS: 5739.8 | Var: per
Step: 4604928 | EPS: 0.02 | Rew: 19.49 | FPS: 7847.6 | Var: per
Step: 4605952 | EPS: 0.02 | Rew: 19.86 | FPS: 8126.5 | Var: per
Step: 4606976 | EPS: 0.02 | Rew: 20.07 | FPS: 5741.0 | Var: per
Step: 4608000 | EPS: 0.02 | Rew: 19.96 | FPS: 7648.9 | Var: per
Step: 4609024 | EPS: 0.02 | Rew: 20.04 | FPS: 8046.9 | Var: per
Step: 4610048 | EPS: 0.02 | Rew: 19.97 | FPS: 7841.9 | Var: per
Step: 4611072 | EPS: 0.02 | Rew: 19.99 | FPS: 8272.6 | Var: per
Step: 4612096 | EPS: 0.02 | Rew: 19.99 | FPS: 7737.6 | Var: per
Step: 4613120 | EPS: 0.02 | Rew: 20.01 | FPS: 6526.3 | Var: per
Step: 4614144 | EPS: 0.02 | Rew: 20.21 | FPS: 6284.6 | Var: per
Step: 4615168 | EPS: 0.02 | Rew: 20.31 | FPS: 8421.2 | Var: per
Step: 4616192 | EPS: 0.02 | Rew: 20.31 | FPS: 7812.3 | Var: per
Step: 4617216 | EPS: 0.02 | Rew: 20.02 | FPS: 8077.3 | Var: per
Step: 4618240 | EPS: 0.02 | Rew: 20.20 | FPS: 7992.3 | Var: per
Step: 4619264 | EPS: 0.02 | Rew: 19.69 | FPS: 7917.1 | Var: per
Step: 4620288 | EPS: 0.02 | Rew: 19.86 | FPS: 8349.0 | Var: per
Step: 4621312 | EPS: 0.02 | Rew: 20.07 | FPS: 6756.2 | Var: per
Step: 4622336 | EPS: 0.02 | Rew: 20.48 | FPS: 8172.2 | Var: per
Step: 4623360 | EPS: 0.02 | Rew: 20.49 | FPS: 8211.0 | Var: per
Step: 4624384 | EPS: 0.02 | Rew: 20.14 | FPS: 8499.8 | Var: per
Step: 4625408 | EPS: 0.02 | Rew: 20.90 | FPS: 8023.7 | Var: per
Step: 4626432 | EPS: 0.02 | Rew: 20.37 | FPS: 7732.4 | Var: per
Step: 4627456 | EPS: 0.02 | Rew: 20.08 | FPS: 8145.2 | Var: per
Step: 4628480 | EPS: 0.02 | Rew: 19.53 | FPS: 8248.8 | Var: per
Step: 4629504 | EPS: 0.02 | Rew: 19.61 | FPS: 8183.5 | Var: per
Step: 4630528 | EPS: 0.02 | Rew: 19.04 | FPS: 8505.2 | Var: per
Step: 4631552 | EPS: 0.02 | Rew: 19.11 | FPS: 7784.5 | Var: per
Step: 4632576 | EPS: 0.02 | Rew: 18.98 | FPS: 8618.8 | Var: per
Step: 4633600 | EPS: 0.02 | Rew: 19.27 | FPS: 8232.1 | Var: per
Step: 4634624 | EPS: 0.02 | Rew: 19.76 | FPS: 8201.2 | Var: per
Step: 4635648 | EPS: 0.02 | Rew: 19.92 | FPS: 8451.0 | Var: per
Step: 4636672 | EPS: 0.02 | Rew: 19.85 | FPS: 8221.3 | Var: per
Step: 4637696 | EPS: 0.02 | Rew: 19.57 | FPS: 7977.6 | Var: per
Step: 4638720 | EPS: 0.02 | Rew: 20.57 | FPS: 6256.7 | Var: per
Step: 4639744 | EPS: 0.02 | Rew: 21.22 | FPS: 7836.1 | Var: per
Step: 4640768 | EPS: 0.02 | Rew: 22.28 | FPS: 8168.0 | Var: per
Step: 4641792 | EPS: 0.02 | Rew: 22.35 | FPS: 8161.8 | Var: per
Step: 4642816 | EPS: 0.02 | Rew: 22.65 | FPS: 8165.1 | Var: per
Step: 4643840 | EPS: 0.02 | Rew: 22.18 | FPS: 8211.7 | Var: per
Step: 4644864 | EPS: 0.02 | Rew: 21.95 | FPS: 7160.3 | Var: per
Step: 4645888 | EPS: 0.02 | Rew: 21.83 | FPS: 6677.4 | Var: per
Step: 4646912 | EPS: 0.02 | Rew: 21.86 | FPS: 8761.2 | Var: per
Step: 4647936 | EPS: 0.02 | Rew: 22.13 | FPS: 8356.5 | Var: per
Step: 4648960 | EPS: 0.02 | Rew: 21.80 | FPS: 7164.5 | Var: per
Step: 4649984 | EPS: 0.02 | Rew: 21.74 | FPS: 7968.8 | Var: per
Step: 4651008 | EPS: 0.02 | Rew: 22.19 | FPS: 7952.9 | Var: per
Step: 4652032 | EPS: 0.02 | Rew: 22.34 | FPS: 6508.5 | Var: per
Step: 4653056 | EPS: 0.02 | Rew: 22.21 | FPS: 8145.1 | Var: per
Step: 4654080 | EPS: 0.02 | Rew: 21.89 | FPS: 8283.1 | Var: per
Step: 4655104 | EPS: 0.02 | Rew: 22.42 | FPS: 5844.7 | Var: per
Step: 4656128 | EPS: 0.02 | Rew: 21.99 | FPS: 5800.3 | Var: per
Step: 4657152 | EPS: 0.02 | Rew: 21.50 | FPS: 6142.2 | Var: per
Step: 4658176 | EPS: 0.02 | Rew: 21.75 | FPS: 5644.8 | Var: per
Step: 4659200 | EPS: 0.02 | Rew: 21.48 | FPS: 7883.2 | Var: per
Step: 4660224 | EPS: 0.02 | Rew: 20.76 | FPS: 8142.0 | Var: per
Step: 4661248 | EPS: 0.02 | Rew: 20.88 | FPS: 9846.9 | Var: per
Step: 4662272 | EPS: 0.02 | Rew: 20.53 | FPS: 7892.0 | Var: per
Step: 4663296 | EPS: 0.02 | Rew: 19.77 | FPS: 8459.1 | Var: per
Step: 4664320 | EPS: 0.02 | Rew: 20.15 | FPS: 8260.0 | Var: per
Step: 4665344 | EPS: 0.02 | Rew: 19.92 | FPS: 8014.7 | Var: per
Step: 4666368 | EPS: 0.02 | Rew: 19.04 | FPS: 6849.6 | Var: per
Step: 4667392 | EPS: 0.02 | Rew: 18.78 | FPS: 8273.3 | Var: per
Step: 4668416 | EPS: 0.02 | Rew: 18.86 | FPS: 8546.9 | Var: per
Step: 4669440 | EPS: 0.02 | Rew: 17.68 | FPS: 8077.5 | Var: per
Step: 4670464 | EPS: 0.02 | Rew: 17.63 | FPS: 8569.9 | Var: per
Step: 4671488 | EPS: 0.02 | Rew: 18.02 | FPS: 8228.7 | Var: per
Step: 4672512 | EPS: 0.02 | Rew: 18.25 | FPS: 8577.2 | Var: per
Step: 4673536 | EPS: 0.02 | Rew: 18.17 | FPS: 8228.3 | Var: per
Step: 4674560 | EPS: 0.02 | Rew: 18.12 | FPS: 8256.8 | Var: per
Step: 4675584 | EPS: 0.02 | Rew: 18.01 | FPS: 8661.3 | Var: per
Step: 4676608 | EPS: 0.02 | Rew: 17.90 | FPS: 8386.4 | Var: per
Step: 4677632 | EPS: 0.02 | Rew: 17.93 | FPS: 8359.6 | Var: per
Step: 4678656 | EPS: 0.02 | Rew: 18.21 | FPS: 8007.1 | Var: per
Step: 4679680 | EPS: 0.02 | Rew: 18.19 | FPS: 8272.7 | Var: per
Step: 4680704 | EPS: 0.02 | Rew: 17.24 | FPS: 8233.4 | Var: per
Step: 4681728 | EPS: 0.02 | Rew: 17.63 | FPS: 8062.6 | Var: per
Step: 4682752 | EPS: 0.02 | Rew: 18.55 | FPS: 6431.9 | Var: per
Step: 4683776 | EPS: 0.02 | Rew: 18.45 | FPS: 8145.8 | Var: per
Step: 4684800 | EPS: 0.02 | Rew: 18.58 | FPS: 8361.0 | Var: per
Step: 4685824 | EPS: 0.02 | Rew: 18.44 | FPS: 8033.3 | Var: per
Step: 4686848 | EPS: 0.02 | Rew: 18.73 | FPS: 6281.9 | Var: per
Step: 4687872 | EPS: 0.02 | Rew: 19.22 | FPS: 4562.0 | Var: per
Step: 4688896 | EPS: 0.02 | Rew: 19.06 | FPS: 7893.3 | Var: per
Step: 4689920 | EPS: 0.02 | Rew: 19.26 | FPS: 7898.3 | Var: per
Step: 4690944 | EPS: 0.02 | Rew: 20.11 | FPS: 8691.6 | Var: per
Step: 4691968 | EPS: 0.02 | Rew: 21.17 | FPS: 8793.8 | Var: per
Step: 4692992 | EPS: 0.02 | Rew: 21.18 | FPS: 6505.6 | Var: per
Step: 4694016 | EPS: 0.02 | Rew: 21.85 | FPS: 5526.9 | Var: per
Step: 4695040 | EPS: 0.02 | Rew: 21.70 | FPS: 5054.3 | Var: per
Step: 4696064 | EPS: 0.02 | Rew: 21.80 | FPS: 4971.0 | Var: per
Step: 4697088 | EPS: 0.02 | Rew: 22.87 | FPS: 5385.6 | Var: per
Step: 4698112 | EPS: 0.02 | Rew: 22.86 | FPS: 6880.4 | Var: per
Step: 4699136 | EPS: 0.02 | Rew: 22.93 | FPS: 7900.2 | Var: per
Step: 4700160 | EPS: 0.02 | Rew: 22.78 | FPS: 8217.9 | Var: per
Step: 4701184 | EPS: 0.02 | Rew: 22.29 | FPS: 8063.2 | Var: per
Step: 4702208 | EPS: 0.02 | Rew: 23.39 | FPS: 8036.8 | Var: per
Step: 4703232 | EPS: 0.02 | Rew: 23.12 | FPS: 7769.2 | Var: per
Step: 4704256 | EPS: 0.02 | Rew: 22.99 | FPS: 8474.8 | Var: per
Step: 4705280 | EPS: 0.02 | Rew: 23.17 | FPS: 8713.2 | Var: per
Step: 4706304 | EPS: 0.02 | Rew: 23.75 | FPS: 7766.1 | Var: per
Step: 4707328 | EPS: 0.02 | Rew: 23.93 | FPS: 8089.1 | Var: per
Step: 4708352 | EPS: 0.02 | Rew: 23.92 | FPS: 7913.2 | Var: per
Step: 4709376 | EPS: 0.02 | Rew: 23.83 | FPS: 8562.9 | Var: per
Step: 4710400 | EPS: 0.02 | Rew: 23.67 | FPS: 8089.5 | Var: per
Step: 4711424 | EPS: 0.02 | Rew: 23.31 | FPS: 7008.0 | Var: per
Step: 4712448 | EPS: 0.02 | Rew: 23.08 | FPS: 8403.9 | Var: per
Step: 4713472 | EPS: 0.02 | Rew: 22.41 | FPS: 8255.6 | Var: per
Step: 4714496 | EPS: 0.02 | Rew: 21.92 | FPS: 7982.7 | Var: per
Step: 4715520 | EPS: 0.02 | Rew: 21.89 | FPS: 8047.9 | Var: per
Step: 4716544 | EPS: 0.02 | Rew: 21.62 | FPS: 5177.7 | Var: per
Step: 4717568 | EPS: 0.02 | Rew: 21.62 | FPS: 4621.3 | Var: per
Step: 4718592 | EPS: 0.02 | Rew: 21.64 | FPS: 6890.5 | Var: per
Step: 4719616 | EPS: 0.02 | Rew: 21.04 | FPS: 8261.9 | Var: per
Step: 4720640 | EPS: 0.02 | Rew: 20.48 | FPS: 8589.2 | Var: per
Step: 4721664 | EPS: 0.02 | Rew: 20.11 | FPS: 7661.3 | Var: per
Step: 4722688 | EPS: 0.02 | Rew: 20.77 | FPS: 7985.0 | Var: per
Step: 4723712 | EPS: 0.02 | Rew: 20.43 | FPS: 5575.9 | Var: per
Step: 4724736 | EPS: 0.02 | Rew: 20.52 | FPS: 6939.9 | Var: per
Step: 4725760 | EPS: 0.02 | Rew: 19.82 | FPS: 6334.8 | Var: per
Step: 4726784 | EPS: 0.02 | Rew: 21.19 | FPS: 6068.6 | Var: per
Step: 4727808 | EPS: 0.02 | Rew: 20.64 | FPS: 7992.8 | Var: per
Step: 4728832 | EPS: 0.02 | Rew: 20.55 | FPS: 8005.1 | Var: per
Step: 4729856 | EPS: 0.02 | Rew: 19.99 | FPS: 8321.7 | Var: per
Step: 4730880 | EPS: 0.02 | Rew: 20.06 | FPS: 8414.1 | Var: per
Step: 4731904 | EPS: 0.02 | Rew: 19.62 | FPS: 8154.9 | Var: per
Step: 4732928 | EPS: 0.02 | Rew: 19.47 | FPS: 7863.4 | Var: per
Step: 4733952 | EPS: 0.02 | Rew: 19.88 | FPS: 7787.8 | Var: per
Step: 4734976 | EPS: 0.02 | Rew: 19.64 | FPS: 8105.8 | Var: per
Step: 4736000 | EPS: 0.02 | Rew: 19.46 | FPS: 8460.0 | Var: per
Step: 4737024 | EPS: 0.02 | Rew: 18.91 | FPS: 7708.9 | Var: per
Step: 4738048 | EPS: 0.02 | Rew: 18.81 | FPS: 5752.1 | Var: per
Step: 4739072 | EPS: 0.02 | Rew: 18.98 | FPS: 6300.1 | Var: per
Step: 4740096 | EPS: 0.02 | Rew: 19.30 | FPS: 5784.1 | Var: per
Step: 4741120 | EPS: 0.02 | Rew: 18.44 | FPS: 6273.4 | Var: per
Step: 4742144 | EPS: 0.02 | Rew: 18.63 | FPS: 5505.3 | Var: per
Step: 4743168 | EPS: 0.02 | Rew: 18.81 | FPS: 8086.4 | Var: per
Step: 4744192 | EPS: 0.02 | Rew: 18.94 | FPS: 8090.6 | Var: per
Step: 4745216 | EPS: 0.02 | Rew: 19.18 | FPS: 8018.6 | Var: per
Step: 4746240 | EPS: 0.02 | Rew: 18.48 | FPS: 8096.1 | Var: per
Step: 4747264 | EPS: 0.02 | Rew: 18.32 | FPS: 8255.3 | Var: per
Step: 4748288 | EPS: 0.02 | Rew: 18.39 | FPS: 8644.0 | Var: per
Step: 4749312 | EPS: 0.02 | Rew: 18.91 | FPS: 8604.5 | Var: per
Step: 4750336 | EPS: 0.02 | Rew: 18.88 | FPS: 8979.8 | Var: per
Step: 4751360 | EPS: 0.02 | Rew: 19.37 | FPS: 8727.5 | Var: per
Step: 4752384 | EPS: 0.02 | Rew: 19.75 | FPS: 8627.7 | Var: per
Step: 4753408 | EPS: 0.02 | Rew: 19.38 | FPS: 8213.6 | Var: per
Step: 4754432 | EPS: 0.02 | Rew: 19.30 | FPS: 8557.9 | Var: per
Step: 4755456 | EPS: 0.02 | Rew: 19.00 | FPS: 7897.2 | Var: per
Step: 4756480 | EPS: 0.02 | Rew: 19.69 | FPS: 7717.8 | Var: per
Step: 4757504 | EPS: 0.02 | Rew: 19.00 | FPS: 7167.1 | Var: per
Step: 4758528 | EPS: 0.02 | Rew: 19.00 | FPS: 7999.9 | Var: per
Step: 4759552 | EPS: 0.02 | Rew: 19.59 | FPS: 7833.0 | Var: per
Step: 4760576 | EPS: 0.02 | Rew: 20.71 | FPS: 6950.3 | Var: per
Step: 4761600 | EPS: 0.02 | Rew: 21.03 | FPS: 8275.1 | Var: per
Step: 4762624 | EPS: 0.02 | Rew: 21.01 | FPS: 8414.1 | Var: per
Step: 4763648 | EPS: 0.02 | Rew: 20.75 | FPS: 7977.6 | Var: per
Step: 4764672 | EPS: 0.02 | Rew: 21.20 | FPS: 8295.6 | Var: per
Step: 4765696 | EPS: 0.02 | Rew: 21.07 | FPS: 8418.8 | Var: per
Step: 4766720 | EPS: 0.02 | Rew: 21.07 | FPS: 8061.2 | Var: per
Step: 4767744 | EPS: 0.02 | Rew: 21.07 | FPS: 8086.8 | Var: per
Step: 4768768 | EPS: 0.02 | Rew: 20.82 | FPS: 8145.0 | Var: per
Step: 4769792 | EPS: 0.02 | Rew: 21.54 | FPS: 8224.1 | Var: per
Step: 4770816 | EPS: 0.02 | Rew: 21.83 | FPS: 8389.6 | Var: per
Step: 4771840 | EPS: 0.02 | Rew: 22.47 | FPS: 7887.4 | Var: per
Step: 4772864 | EPS: 0.02 | Rew: 22.66 | FPS: 8397.7 | Var: per
Step: 4773888 | EPS: 0.02 | Rew: 23.00 | FPS: 7413.2 | Var: per
Step: 4774912 | EPS: 0.02 | Rew: 23.17 | FPS: 7151.6 | Var: per
Step: 4775936 | EPS: 0.02 | Rew: 22.54 | FPS: 6131.9 | Var: per
Step: 4776960 | EPS: 0.02 | Rew: 22.36 | FPS: 8388.0 | Var: per
Step: 4777984 | EPS: 0.02 | Rew: 22.24 | FPS: 8170.9 | Var: per
Step: 4779008 | EPS: 0.02 | Rew: 22.31 | FPS: 8718.5 | Var: per
Step: 4780032 | EPS: 0.02 | Rew: 22.68 | FPS: 8540.2 | Var: per
Step: 4781056 | EPS: 0.02 | Rew: 22.38 | FPS: 8205.1 | Var: per
Step: 4782080 | EPS: 0.02 | Rew: 22.63 | FPS: 6371.0 | Var: per
Step: 4783104 | EPS: 0.02 | Rew: 22.07 | FPS: 5909.0 | Var: per
Step: 4784128 | EPS: 0.02 | Rew: 21.37 | FPS: 8243.8 | Var: per
Step: 4785152 | EPS: 0.02 | Rew: 21.12 | FPS: 8116.5 | Var: per
Step: 4786176 | EPS: 0.02 | Rew: 22.04 | FPS: 8263.6 | Var: per
Step: 4787200 | EPS: 0.02 | Rew: 21.95 | FPS: 8169.0 | Var: per
Step: 4788224 | EPS: 0.02 | Rew: 20.71 | FPS: 8084.0 | Var: per
Step: 4789248 | EPS: 0.02 | Rew: 20.27 | FPS: 7639.4 | Var: per
Step: 4790272 | EPS: 0.02 | Rew: 20.12 | FPS: 8015.4 | Var: per
Step: 4791296 | EPS: 0.02 | Rew: 20.47 | FPS: 8553.7 | Var: per
Step: 4792320 | EPS: 0.02 | Rew: 20.47 | FPS: 8060.9 | Var: per
Step: 4793344 | EPS: 0.02 | Rew: 20.84 | FPS: 8061.0 | Var: per
Step: 4794368 | EPS: 0.02 | Rew: 20.58 | FPS: 8148.5 | Var: per
Step: 4795392 | EPS: 0.02 | Rew: 20.96 | FPS: 8001.0 | Var: per
Step: 4796416 | EPS: 0.02 | Rew: 20.76 | FPS: 6466.9 | Var: per
Step: 4797440 | EPS: 0.02 | Rew: 20.82 | FPS: 7769.0 | Var: per
Step: 4798464 | EPS: 0.02 | Rew: 20.52 | FPS: 6746.3 | Var: per
Step: 4799488 | EPS: 0.02 | Rew: 20.12 | FPS: 7203.1 | Var: per
Step: 4800512 | EPS: 0.02 | Rew: 19.84 | FPS: 8014.0 | Var: per
Step: 4801536 | EPS: 0.02 | Rew: 19.36 | FPS: 8529.9 | Var: per
Step: 4802560 | EPS: 0.02 | Rew: 19.89 | FPS: 6613.2 | Var: per
Step: 4803584 | EPS: 0.02 | Rew: 20.51 | FPS: 8220.7 | Var: per
Step: 4804608 | EPS: 0.02 | Rew: 20.69 | FPS: 8721.5 | Var: per
Step: 4805632 | EPS: 0.02 | Rew: 20.98 | FPS: 8273.5 | Var: per
Step: 4806656 | EPS: 0.02 | Rew: 20.57 | FPS: 8670.3 | Var: per
Step: 4807680 | EPS: 0.02 | Rew: 19.96 | FPS: 7061.6 | Var: per
Step: 4808704 | EPS: 0.02 | Rew: 20.59 | FPS: 4726.0 | Var: per
Step: 4809728 | EPS: 0.02 | Rew: 20.38 | FPS: 6530.9 | Var: per
Step: 4810752 | EPS: 0.02 | Rew: 20.00 | FPS: 7722.6 | Var: per
Step: 4811776 | EPS: 0.02 | Rew: 19.97 | FPS: 6485.7 | Var: per
Step: 4812800 | EPS: 0.02 | Rew: 19.66 | FPS: 4446.1 | Var: per
Step: 4813824 | EPS: 0.02 | Rew: 19.66 | FPS: 5284.0 | Var: per
Step: 4814848 | EPS: 0.02 | Rew: 20.20 | FPS: 8157.6 | Var: per
Step: 4815872 | EPS: 0.02 | Rew: 20.09 | FPS: 6936.5 | Var: per
Step: 4816896 | EPS: 0.02 | Rew: 20.24 | FPS: 6530.3 | Var: per
Step: 4817920 | EPS: 0.02 | Rew: 20.74 | FPS: 8017.4 | Var: per
Step: 4818944 | EPS: 0.02 | Rew: 20.09 | FPS: 7953.9 | Var: per
Step: 4819968 | EPS: 0.02 | Rew: 19.81 | FPS: 7996.0 | Var: per
Step: 4820992 | EPS: 0.02 | Rew: 19.40 | FPS: 7068.8 | Var: per
Step: 4822016 | EPS: 0.02 | Rew: 19.16 | FPS: 8263.9 | Var: per
Step: 4823040 | EPS: 0.02 | Rew: 19.28 | FPS: 8419.0 | Var: per
Step: 4824064 | EPS: 0.02 | Rew: 19.03 | FPS: 8167.8 | Var: per
Step: 4825088 | EPS: 0.02 | Rew: 19.05 | FPS: 7975.1 | Var: per
Step: 4826112 | EPS: 0.02 | Rew: 18.93 | FPS: 7953.4 | Var: per
Step: 4827136 | EPS: 0.02 | Rew: 19.50 | FPS: 8263.6 | Var: per
Step: 4828160 | EPS: 0.02 | Rew: 19.40 | FPS: 7941.9 | Var: per
Step: 4829184 | EPS: 0.02 | Rew: 19.42 | FPS: 8225.1 | Var: per
Step: 4830208 | EPS: 0.02 | Rew: 19.14 | FPS: 5752.0 | Var: per
Step: 4831232 | EPS: 0.02 | Rew: 18.84 | FPS: 7885.2 | Var: per
Step: 4832256 | EPS: 0.02 | Rew: 18.60 | FPS: 8095.8 | Var: per
Step: 4833280 | EPS: 0.02 | Rew: 18.46 | FPS: 8256.7 | Var: per
Step: 4834304 | EPS: 0.02 | Rew: 18.26 | FPS: 6861.5 | Var: per
Step: 4835328 | EPS: 0.02 | Rew: 18.48 | FPS: 7544.8 | Var: per
Step: 4836352 | EPS: 0.02 | Rew: 18.57 | FPS: 8387.9 | Var: per
Step: 4837376 | EPS: 0.02 | Rew: 18.91 | FPS: 7649.2 | Var: per
Step: 4838400 | EPS: 0.02 | Rew: 19.19 | FPS: 7664.6 | Var: per
Step: 4839424 | EPS: 0.02 | Rew: 19.19 | FPS: 8065.6 | Var: per
Step: 4840448 | EPS: 0.02 | Rew: 19.38 | FPS: 8314.4 | Var: per
Step: 4841472 | EPS: 0.02 | Rew: 19.92 | FPS: 8262.0 | Var: per
Step: 4842496 | EPS: 0.02 | Rew: 20.00 | FPS: 8376.4 | Var: per
Step: 4843520 | EPS: 0.02 | Rew: 19.58 | FPS: 7840.1 | Var: per
Step: 4844544 | EPS: 0.02 | Rew: 19.88 | FPS: 8337.8 | Var: per
Step: 4845568 | EPS: 0.02 | Rew: 20.14 | FPS: 8599.0 | Var: per
Step: 4846592 | EPS: 0.02 | Rew: 20.26 | FPS: 8207.9 | Var: per
Step: 4847616 | EPS: 0.02 | Rew: 20.89 | FPS: 8210.9 | Var: per
Step: 4848640 | EPS: 0.02 | Rew: 20.83 | FPS: 8232.4 | Var: per
Step: 4849664 | EPS: 0.02 | Rew: 21.67 | FPS: 7949.7 | Var: per
Step: 4850688 | EPS: 0.02 | Rew: 21.88 | FPS: 8085.4 | Var: per
Step: 4851712 | EPS: 0.02 | Rew: 21.97 | FPS: 7807.9 | Var: per
Step: 4852736 | EPS: 0.02 | Rew: 21.71 | FPS: 8552.3 | Var: per
Step: 4853760 | EPS: 0.02 | Rew: 21.83 | FPS: 7966.7 | Var: per
Step: 4854784 | EPS: 0.02 | Rew: 22.27 | FPS: 7239.9 | Var: per
Step: 4855808 | EPS: 0.02 | Rew: 22.25 | FPS: 8706.0 | Var: per
Step: 4856832 | EPS: 0.02 | Rew: 21.88 | FPS: 8525.2 | Var: per
Step: 4857856 | EPS: 0.02 | Rew: 21.68 | FPS: 8269.9 | Var: per
Step: 4858880 | EPS: 0.02 | Rew: 21.75 | FPS: 8027.3 | Var: per
Step: 4859904 | EPS: 0.02 | Rew: 21.84 | FPS: 7204.5 | Var: per
Step: 4860928 | EPS: 0.02 | Rew: 21.30 | FPS: 6439.7 | Var: per
Step: 4861952 | EPS: 0.02 | Rew: 21.67 | FPS: 8255.5 | Var: per
Step: 4862976 | EPS: 0.02 | Rew: 21.71 | FPS: 9047.3 | Var: per
Step: 4864000 | EPS: 0.02 | Rew: 21.39 | FPS: 8113.2 | Var: per
Step: 4865024 | EPS: 0.02 | Rew: 20.97 | FPS: 8150.1 | Var: per
Step: 4866048 | EPS: 0.02 | Rew: 19.97 | FPS: 8543.1 | Var: per
Step: 4867072 | EPS: 0.02 | Rew: 19.59 | FPS: 8084.2 | Var: per
Step: 4868096 | EPS: 0.02 | Rew: 19.85 | FPS: 8552.6 | Var: per
Step: 4869120 | EPS: 0.02 | Rew: 19.55 | FPS: 8018.9 | Var: per
Step: 4870144 | EPS: 0.02 | Rew: 19.66 | FPS: 8172.2 | Var: per
Step: 4871168 | EPS: 0.02 | Rew: 19.14 | FPS: 7474.4 | Var: per
Step: 4872192 | EPS: 0.02 | Rew: 18.87 | FPS: 7810.9 | Var: per
Step: 4873216 | EPS: 0.02 | Rew: 18.73 | FPS: 7768.3 | Var: per
Step: 4874240 | EPS: 0.02 | Rew: 18.92 | FPS: 6310.7 | Var: per
Step: 4875264 | EPS: 0.02 | Rew: 18.31 | FPS: 6718.7 | Var: per
Step: 4876288 | EPS: 0.02 | Rew: 18.37 | FPS: 8575.8 | Var: per
Step: 4877312 | EPS: 0.02 | Rew: 17.93 | FPS: 8085.9 | Var: per
Step: 4878336 | EPS: 0.02 | Rew: 17.66 | FPS: 8453.1 | Var: per
Step: 4879360 | EPS: 0.02 | Rew: 17.54 | FPS: 7478.3 | Var: per
Step: 4880384 | EPS: 0.02 | Rew: 16.99 | FPS: 8200.5 | Var: per
Step: 4881408 | EPS: 0.02 | Rew: 17.66 | FPS: 8110.5 | Var: per
Step: 4882432 | EPS: 0.02 | Rew: 17.85 | FPS: 8105.3 | Var: per
Step: 4883456 | EPS: 0.02 | Rew: 18.52 | FPS: 5494.4 | Var: per
Step: 4884480 | EPS: 0.02 | Rew: 19.25 | FPS: 5534.4 | Var: per
Step: 4885504 | EPS: 0.02 | Rew: 18.98 | FPS: 7317.5 | Var: per
Step: 4886528 | EPS: 0.02 | Rew: 18.53 | FPS: 5635.2 | Var: per
Step: 4887552 | EPS: 0.02 | Rew: 18.76 | FPS: 4853.7 | Var: per
Step: 4888576 | EPS: 0.02 | Rew: 18.43 | FPS: 7286.2 | Var: per
Step: 4889600 | EPS: 0.02 | Rew: 18.92 | FPS: 4979.9 | Var: per
Step: 4890624 | EPS: 0.02 | Rew: 18.86 | FPS: 4966.2 | Var: per
Step: 4891648 | EPS: 0.02 | Rew: 18.56 | FPS: 5653.5 | Var: per
Step: 4892672 | EPS: 0.02 | Rew: 18.89 | FPS: 5333.9 | Var: per
Step: 4893696 | EPS: 0.02 | Rew: 19.16 | FPS: 4661.0 | Var: per
Step: 4894720 | EPS: 0.02 | Rew: 19.31 | FPS: 6388.7 | Var: per
Step: 4895744 | EPS: 0.02 | Rew: 19.51 | FPS: 7785.4 | Var: per
Step: 4896768 | EPS: 0.02 | Rew: 19.60 | FPS: 8063.6 | Var: per
Step: 4897792 | EPS: 0.02 | Rew: 19.52 | FPS: 8037.4 | Var: per
Step: 4898816 | EPS: 0.02 | Rew: 19.69 | FPS: 7209.6 | Var: per
Step: 4899840 | EPS: 0.02 | Rew: 19.77 | FPS: 7780.4 | Var: per
Step: 4900864 | EPS: 0.02 | Rew: 19.26 | FPS: 8024.4 | Var: per
Step: 4901888 | EPS: 0.02 | Rew: 19.26 | FPS: 7112.7 | Var: per
Step: 4902912 | EPS: 0.02 | Rew: 19.54 | FPS: 8177.4 | Var: per
Step: 4903936 | EPS: 0.02 | Rew: 19.26 | FPS: 7941.1 | Var: per
Step: 4904960 | EPS: 0.02 | Rew: 19.13 | FPS: 5648.7 | Var: per
Step: 4905984 | EPS: 0.02 | Rew: 19.68 | FPS: 6168.9 | Var: per
Step: 4907008 | EPS: 0.02 | Rew: 19.77 | FPS: 5647.9 | Var: per
Step: 4908032 | EPS: 0.02 | Rew: 19.70 | FPS: 6565.9 | Var: per
Step: 4909056 | EPS: 0.02 | Rew: 19.87 | FPS: 5875.0 | Var: per
Step: 4910080 | EPS: 0.02 | Rew: 19.81 | FPS: 7052.3 | Var: per
Step: 4911104 | EPS: 0.02 | Rew: 20.21 | FPS: 5387.3 | Var: per
Step: 4912128 | EPS: 0.02 | Rew: 20.21 | FPS: 5420.7 | Var: per
Step: 4913152 | EPS: 0.02 | Rew: 20.76 | FPS: 6477.6 | Var: per
Step: 4914176 | EPS: 0.02 | Rew: 20.22 | FPS: 8107.6 | Var: per
Step: 4915200 | EPS: 0.02 | Rew: 19.90 | FPS: 7983.2 | Var: per
Step: 4916224 | EPS: 0.02 | Rew: 19.52 | FPS: 7718.8 | Var: per
Step: 4917248 | EPS: 0.02 | Rew: 19.46 | FPS: 8419.5 | Var: per
Step: 4918272 | EPS: 0.02 | Rew: 19.51 | FPS: 8473.2 | Var: per
Step: 4919296 | EPS: 0.02 | Rew: 20.17 | FPS: 8132.9 | Var: per
Step: 4920320 | EPS: 0.02 | Rew: 19.66 | FPS: 8681.7 | Var: per
Step: 4921344 | EPS: 0.02 | Rew: 19.40 | FPS: 8456.0 | Var: per
Step: 4922368 | EPS: 0.02 | Rew: 19.81 | FPS: 7106.4 | Var: per
Step: 4923392 | EPS: 0.02 | Rew: 19.97 | FPS: 7785.4 | Var: per
Step: 4924416 | EPS: 0.02 | Rew: 19.69 | FPS: 8073.9 | Var: per
Step: 4925440 | EPS: 0.02 | Rew: 19.89 | FPS: 7119.2 | Var: per
Step: 4926464 | EPS: 0.02 | Rew: 19.48 | FPS: 5980.3 | Var: per
Step: 4927488 | EPS: 0.02 | Rew: 19.05 | FPS: 8132.9 | Var: per
Step: 4928512 | EPS: 0.02 | Rew: 19.37 | FPS: 8033.8 | Var: per
Step: 4929536 | EPS: 0.02 | Rew: 19.37 | FPS: 7935.5 | Var: per
Step: 4930560 | EPS: 0.02 | Rew: 19.81 | FPS: 8063.0 | Var: per
Step: 4931584 | EPS: 0.02 | Rew: 20.07 | FPS: 6677.4 | Var: per
Step: 4932608 | EPS: 0.02 | Rew: 20.34 | FPS: 8300.1 | Var: per
Step: 4933632 | EPS: 0.02 | Rew: 19.41 | FPS: 8431.5 | Var: per
Step: 4934656 | EPS: 0.02 | Rew: 19.61 | FPS: 7844.4 | Var: per
Step: 4935680 | EPS: 0.02 | Rew: 19.98 | FPS: 9079.9 | Var: per
Step: 4936704 | EPS: 0.02 | Rew: 20.40 | FPS: 8261.5 | Var: per
Step: 4937728 | EPS: 0.02 | Rew: 20.37 | FPS: 8234.1 | Var: per
Step: 4938752 | EPS: 0.02 | Rew: 20.95 | FPS: 7852.6 | Var: per
Step: 4939776 | EPS: 0.02 | Rew: 20.51 | FPS: 7812.3 | Var: per
Step: 4940800 | EPS: 0.02 | Rew: 20.22 | FPS: 7445.7 | Var: per
Step: 4941824 | EPS: 0.02 | Rew: 20.22 | FPS: 7849.5 | Var: per
Step: 4942848 | EPS: 0.02 | Rew: 20.40 | FPS: 7512.2 | Var: per
Step: 4943872 | EPS: 0.02 | Rew: 19.47 | FPS: 5866.2 | Var: per
Step: 4944896 | EPS: 0.02 | Rew: 20.10 | FPS: 7834.5 | Var: per
Step: 4945920 | EPS: 0.02 | Rew: 20.10 | FPS: 6821.3 | Var: per
Step: 4946944 | EPS: 0.02 | Rew: 20.90 | FPS: 8255.4 | Var: per
Step: 4947968 | EPS: 0.02 | Rew: 20.53 | FPS: 8050.5 | Var: per
Step: 4948992 | EPS: 0.02 | Rew: 20.34 | FPS: 7795.7 | Var: per
Step: 4950016 | EPS: 0.02 | Rew: 20.58 | FPS: 8130.5 | Var: per
Step: 4951040 | EPS: 0.02 | Rew: 20.85 | FPS: 7361.4 | Var: per
Step: 4952064 | EPS: 0.02 | Rew: 20.98 | FPS: 8433.8 | Var: per
Step: 4953088 | EPS: 0.02 | Rew: 20.63 | FPS: 8239.0 | Var: per
Step: 4954112 | EPS: 0.02 | Rew: 20.95 | FPS: 8207.2 | Var: per
Step: 4955136 | EPS: 0.02 | Rew: 21.41 | FPS: 7851.6 | Var: per
Step: 4956160 | EPS: 0.02 | Rew: 21.24 | FPS: 8298.8 | Var: per
Step: 4957184 | EPS: 0.02 | Rew: 21.50 | FPS: 8204.1 | Var: per
Step: 4958208 | EPS: 0.02 | Rew: 21.27 | FPS: 7778.9 | Var: per
Step: 4959232 | EPS: 0.02 | Rew: 21.47 | FPS: 7597.0 | Var: per
Step: 4960256 | EPS: 0.02 | Rew: 22.56 | FPS: 5827.6 | Var: per
Step: 4961280 | EPS: 0.02 | Rew: 22.44 | FPS: 8010.5 | Var: per
Step: 4962304 | EPS: 0.02 | Rew: 21.84 | FPS: 8256.1 | Var: per
Step: 4963328 | EPS: 0.02 | Rew: 22.03 | FPS: 8038.3 | Var: per
Step: 4964352 | EPS: 0.02 | Rew: 22.67 | FPS: 8240.7 | Var: per
Step: 4965376 | EPS: 0.02 | Rew: 22.67 | FPS: 8161.3 | Var: per
Step: 4966400 | EPS: 0.02 | Rew: 22.35 | FPS: 8089.7 | Var: per
Step: 4967424 | EPS: 0.02 | Rew: 22.60 | FPS: 8306.6 | Var: per
Step: 4968448 | EPS: 0.02 | Rew: 22.56 | FPS: 8012.6 | Var: per
Step: 4969472 | EPS: 0.02 | Rew: 22.72 | FPS: 6707.7 | Var: per
Step: 4970496 | EPS: 0.02 | Rew: 22.86 | FPS: 8443.8 | Var: per
Step: 4971520 | EPS: 0.02 | Rew: 22.83 | FPS: 8619.8 | Var: per
Step: 4972544 | EPS: 0.02 | Rew: 22.56 | FPS: 5875.9 | Var: per
Step: 4973568 | EPS: 0.02 | Rew: 22.72 | FPS: 4693.0 | Var: per
Step: 4974592 | EPS: 0.02 | Rew: 22.81 | FPS: 7570.8 | Var: per
Step: 4975616 | EPS: 0.02 | Rew: 22.99 | FPS: 6241.3 | Var: per
Step: 4976640 | EPS: 0.02 | Rew: 23.52 | FPS: 5677.4 | Var: per
Step: 4977664 | EPS: 0.02 | Rew: 23.55 | FPS: 4449.8 | Var: per
Step: 4978688 | EPS: 0.02 | Rew: 23.58 | FPS: 5831.1 | Var: per
Step: 4979712 | EPS: 0.02 | Rew: 24.02 | FPS: 6707.3 | Var: per
Step: 4980736 | EPS: 0.02 | Rew: 23.70 | FPS: 5717.7 | Var: per
Step: 4981760 | EPS: 0.02 | Rew: 23.23 | FPS: 7744.3 | Var: per
Step: 4982784 | EPS: 0.02 | Rew: 23.04 | FPS: 7687.1 | Var: per
Step: 4983808 | EPS: 0.02 | Rew: 23.48 | FPS: 5873.7 | Var: per
Step: 4984832 | EPS: 0.02 | Rew: 23.38 | FPS: 4983.1 | Var: per
Step: 4985856 | EPS: 0.02 | Rew: 23.77 | FPS: 5189.7 | Var: per
Step: 4986880 | EPS: 0.02 | Rew: 23.67 | FPS: 5352.8 | Var: per
Step: 4987904 | EPS: 0.02 | Rew: 23.56 | FPS: 5146.8 | Var: per
Step: 4988928 | EPS: 0.02 | Rew: 23.25 | FPS: 6478.4 | Var: per
Step: 4989952 | EPS: 0.02 | Rew: 23.24 | FPS: 7691.6 | Var: per
Step: 4990976 | EPS: 0.02 | Rew: 22.38 | FPS: 7516.1 | Var: per
Step: 4992000 | EPS: 0.02 | Rew: 22.52 | FPS: 5456.8 | Var: per
Step: 4993024 | EPS: 0.02 | Rew: 22.87 | FPS: 8401.2 | Var: per
Step: 4994048 | EPS: 0.02 | Rew: 23.12 | FPS: 8964.4 | Var: per
Step: 4995072 | EPS: 0.02 | Rew: 23.12 | FPS: 6166.5 | Var: per
Step: 4996096 | EPS: 0.02 | Rew: 22.46 | FPS: 5435.7 | Var: per
Step: 4997120 | EPS: 0.02 | Rew: 22.75 | FPS: 5128.7 | Var: per
Step: 4998144 | EPS: 0.02 | Rew: 22.84 | FPS: 8169.6 | Var: per
Step: 4999168 | EPS: 0.02 | Rew: 22.81 | FPS: 8297.5 | Var: per
>>> [Final] Saved -> agent/checkpoints/per_pretrain.final.pth
>>> [Curriculum] Phase completed successfully.

>>> [Curriculum] Starting Phase: 2. Fine-tuning (Battle Mode) -> agent/checkpoints/per_battle.pth
>>> Command: train_dqn_variants.py --variant per --load agent/checkpoints/per_pretrain.final.pth --steps 3000000 --save agent/checkpoints/per_battle.pth --num-envs 32 --sp-prob-start 0.7 --sp-prob-end 0.4 --sp-prob-frac 0.3 --finetune-lr-mult 0.35
>>> [V8.0 Asymmetric-Tuning] Variant: PER | LR: 0.0001 | Tau: 0.002 | GradClip: 0.5 | Buf: 200000
>>> [Explore] eps_start=0.40 eps_min=0.02 | [SelfPlay] prob=0.70->0.40 @ 0.30
>>> [V9.0 Battle] PHASE 2 | Kill: 2.0 | FoodDensity: 2
>>> [V18.3 Turbo] Initializing 32 Parallel Environments...
>>> [V18.3 Turbo] Environments Ready.
>>> Loading weights from agent/checkpoints/per_pretrain.final.pth...
>>> [V22.0] Fine-tuning mode: Lowered LR to 3.50e-05
>>> [DQN-Turbo] torch.compile() enabled.
>>> [V13.3 Heartbeat] Setup Finished. Buffer: 200000 | Device: cuda
>>> Starting PER Training (V21.0 Flash-Batch)...
skipping cudagraphs due to graph with symbolic shapes inputs and config.triton.cudagraph_skip_dynamic_graphs=True. Found from   File "/root/user/cs_tcci_hufuguang/machine/machineLearingCourseDevise/agent/ddqn.py", line 51, in forward
    cnn_feat = self.conv(grid)


skipping cudagraphs due to graph with symbolic shapes inputs and config.triton.cudagraph_skip_dynamic_graphs=True. Found from   File "/root/user/cs_tcci_hufuguang/machine/machineLearingCourseDevise/agent/ddqn.py", line 51, in forward
    cnn_feat = self.conv(grid)


Step: 1024 | EPS: 0.40 | Rew: 0.67 | Win%: 55.6 | S0: 245.0 | FPS: 50.8 | Var: per
>>> [Best] Saved -> agent/checkpoints/per_battle.pth | Win% 55.6 | S0 245.0
Step: 2048 | EPS: 0.40 | Rew: 0.15 | Win%: 31.8 | S0: 191.4 | FPS: 132.6 | Var: per
Step: 3072 | EPS: 0.40 | Rew: 0.02 | Win%: 28.6 | S0: 182.1 | FPS: 528.3 | Var: per
Step: 4096 | EPS: 0.40 | Rew: -0.09 | Win%: 27.7 | S0: 174.0 | FPS: 159.5 | Var: per
Step: 5120 | EPS: 0.40 | Rew: -0.24 | Win%: 25.9 | S0: 174.3 | FPS: 252.5 | Var: per
Step: 6144 | EPS: 0.40 | Rew: -0.52 | Win%: 22.1 | S0: 162.0 | FPS: 270.6 | Var: per
Step: 7168 | EPS: 0.40 | Rew: -0.52 | Win%: 22.1 | S0: 162.7 | FPS: 837.9 | Var: per
Step: 8192 | EPS: 0.40 | Rew: -0.50 | Win%: 22.3 | S0: 167.5 | FPS: 2300.2 | Var: per
Step: 9216 | EPS: 0.40 | Rew: -0.52 | Win%: 20.8 | S0: 158.3 | FPS: 2323.0 | Var: per
Step: 10240 | EPS: 0.40 | Rew: -0.75 | Win%: 19.5 | S0: 150.6 | FPS: 1716.4 | Var: per
Step: 11264 | EPS: 0.40 | Rew: -0.64 | Win%: 16.5 | S0: 148.7 | FPS: 1570.8 | Var: per
Step: 12288 | EPS: 0.40 | Rew: -0.61 | Win%: 16.5 | S0: 154.1 | FPS: 1667.1 | Var: per
Step: 13312 | EPS: 0.40 | Rew: -0.68 | Win%: 15.5 | S0: 149.7 | FPS: 1597.5 | Var: per
Step: 14336 | EPS: 0.40 | Rew: -0.68 | Win%: 15.5 | S0: 148.3 | FPS: 1774.1 | Var: per
Step: 15360 | EPS: 0.40 | Rew: -0.54 | Win%: 13.0 | S0: 136.8 | FPS: 383.7 | Var: per
Step: 16384 | EPS: 0.40 | Rew: -0.57 | Win%: 12.5 | S0: 135.6 | FPS: 372.9 | Var: per
Step: 17408 | EPS: 0.40 | Rew: -0.72 | Win%: 13.0 | S0: 134.8 | FPS: 2021.4 | Var: per
Step: 18432 | EPS: 0.40 | Rew: -0.87 | Win%: 12.0 | S0: 125.6 | FPS: 2214.9 | Var: per
Step: 19456 | EPS: 0.40 | Rew: -0.88 | Win%: 10.5 | S0: 116.6 | FPS: 2088.4 | Var: per
Step: 20480 | EPS: 0.40 | Rew: -0.95 | Win%: 12.5 | S0: 126.2 | FPS: 2212.7 | Var: per
Step: 21504 | EPS: 0.40 | Rew: -0.96 | Win%: 11.5 | S0: 120.2 | FPS: 1738.5 | Var: per
Step: 22528 | EPS: 0.40 | Rew: -0.89 | Win%: 10.5 | S0: 113.2 | FPS: 1770.5 | Var: per
Step: 23552 | EPS: 0.40 | Rew: -0.93 | Win%: 10.5 | S0: 106.8 | FPS: 1860.6 | Var: per
Step: 24576 | EPS: 0.40 | Rew: -0.86 | Win%: 10.5 | S0: 103.0 | FPS: 1477.9 | Var: per
Step: 25600 | EPS: 0.40 | Rew: -0.93 | Win%: 9.5 | S0: 102.7 | FPS: 1429.0 | Var: per
Step: 26624 | EPS: 0.40 | Rew: -0.83 | Win%: 10.5 | S0: 104.0 | FPS: 1489.4 | Var: per
Step: 27648 | EPS: 0.40 | Rew: -0.83 | Win%: 10.5 | S0: 100.2 | FPS: 1541.4 | Var: per
Step: 28672 | EPS: 0.40 | Rew: -0.86 | Win%: 9.5 | S0: 97.3 | FPS: 1851.9 | Var: per
Step: 29696 | EPS: 0.40 | Rew: -0.96 | Win%: 10.0 | S0: 102.0 | FPS: 1952.6 | Var: per
Step: 30720 | EPS: 0.40 | Rew: -0.94 | Win%: 8.5 | S0: 97.5 | FPS: 1996.3 | Var: per
Step: 31744 | EPS: 0.40 | Rew: -0.93 | Win%: 8.5 | S0: 95.2 | FPS: 1879.1 | Var: per
Step: 32768 | EPS: 0.40 | Rew: -0.90 | Win%: 9.5 | S0: 104.5 | FPS: 2212.6 | Var: per
Step: 33792 | EPS: 0.40 | Rew: -0.99 | Win%: 9.0 | S0: 97.8 | FPS: 1990.4 | Var: per
Step: 34816 | EPS: 0.40 | Rew: -0.89 | Win%: 9.5 | S0: 105.5 | FPS: 2008.6 | Var: per
Step: 35840 | EPS: 0.39 | Rew: -0.78 | Win%: 9.5 | S0: 112.7 | FPS: 1703.1 | Var: per
Step: 36864 | EPS: 0.39 | Rew: -0.80 | Win%: 9.0 | S0: 111.7 | FPS: 1916.5 | Var: per
Step: 37888 | EPS: 0.39 | Rew: -0.82 | Win%: 9.0 | S0: 111.2 | FPS: 1825.1 | Var: per
Step: 38912 | EPS: 0.39 | Rew: -0.92 | Win%: 8.0 | S0: 108.0 | FPS: 1955.7 | Var: per
Step: 39936 | EPS: 0.39 | Rew: -0.95 | Win%: 7.5 | S0: 108.6 | FPS: 2091.3 | Var: per
Step: 40960 | EPS: 0.39 | Rew: -1.03 | Win%: 9.5 | S0: 113.0 | FPS: 2129.4 | Var: per
Step: 41984 | EPS: 0.39 | Rew: -1.06 | Win%: 10.5 | S0: 116.7 | FPS: 1864.3 | Var: per
Step: 43008 | EPS: 0.39 | Rew: -0.86 | Win%: 12.5 | S0: 127.3 | FPS: 2123.7 | Var: per
Step: 44032 | EPS: 0.39 | Rew: -0.74 | Win%: 13.0 | S0: 128.6 | FPS: 1819.5 | Var: per
Step: 45056 | EPS: 0.39 | Rew: -0.55 | Win%: 13.5 | S0: 134.9 | FPS: 2112.3 | Var: per
Step: 46080 | EPS: 0.39 | Rew: -0.47 | Win%: 14.5 | S0: 134.4 | FPS: 2143.9 | Var: per
Step: 47104 | EPS: 0.39 | Rew: -0.40 | Win%: 14.5 | S0: 130.6 | FPS: 2039.7 | Var: per
Step: 48128 | EPS: 0.39 | Rew: -0.57 | Win%: 14.5 | S0: 126.9 | FPS: 2145.0 | Var: per
Step: 49152 | EPS: 0.39 | Rew: -0.63 | Win%: 15.5 | S0: 130.9 | FPS: 1966.4 | Var: per
Step: 50176 | EPS: 0.39 | Rew: -0.73 | Win%: 16.5 | S0: 136.4 | FPS: 1991.8 | Var: per
Step: 51200 | EPS: 0.39 | Rew: -0.70 | Win%: 14.0 | S0: 131.1 | FPS: 882.7 | Var: per
Step: 52224 | EPS: 0.39 | Rew: -0.81 | Win%: 14.0 | S0: 129.3 | FPS: 2135.1 | Var: per
Step: 53248 | EPS: 0.39 | Rew: -0.78 | Win%: 14.5 | S0: 125.0 | FPS: 2109.1 | Var: per
Step: 54272 | EPS: 0.39 | Rew: -0.83 | Win%: 13.5 | S0: 122.7 | FPS: 2134.4 | Var: per
Step: 55296 | EPS: 0.39 | Rew: -0.91 | Win%: 12.0 | S0: 118.0 | FPS: 2166.4 | Var: per
Step: 56320 | EPS: 0.39 | Rew: -0.96 | Win%: 11.0 | S0: 113.2 | FPS: 2258.1 | Var: per
Step: 57344 | EPS: 0.39 | Rew: -0.85 | Win%: 10.5 | S0: 117.0 | FPS: 1965.1 | Var: per
Step: 58368 | EPS: 0.39 | Rew: -0.71 | Win%: 12.0 | S0: 125.7 | FPS: 2212.9 | Var: per
Step: 59392 | EPS: 0.39 | Rew: -0.69 | Win%: 11.5 | S0: 129.5 | FPS: 2256.6 | Var: per
Step: 60416 | EPS: 0.39 | Rew: -0.55 | Win%: 11.5 | S0: 129.1 | FPS: 2267.5 | Var: per
Step: 61440 | EPS: 0.39 | Rew: -0.48 | Win%: 11.0 | S0: 130.6 | FPS: 2251.9 | Var: per
Step: 62464 | EPS: 0.39 | Rew: -0.69 | Win%: 11.5 | S0: 131.9 | FPS: 2268.9 | Var: per
Step: 63488 | EPS: 0.39 | Rew: -0.76 | Win%: 12.0 | S0: 135.1 | FPS: 2157.0 | Var: per
Step: 64512 | EPS: 0.39 | Rew: -0.87 | Win%: 11.5 | S0: 135.6 | FPS: 2277.5 | Var: per
Step: 65536 | EPS: 0.39 | Rew: -0.98 | Win%: 11.0 | S0: 135.6 | FPS: 2218.1 | Var: per
Step: 66560 | EPS: 0.39 | Rew: -1.03 | Win%: 9.5 | S0: 134.7 | FPS: 2122.7 | Var: per
Step: 67584 | EPS: 0.39 | Rew: -1.15 | Win%: 10.5 | S0: 132.2 | FPS: 2192.6 | Var: per
Step: 68608 | EPS: 0.39 | Rew: -1.01 | Win%: 11.0 | S0: 136.4 | FPS: 2112.8 | Var: per
Step: 69632 | EPS: 0.39 | Rew: -0.91 | Win%: 10.5 | S0: 130.3 | FPS: 2014.7 | Var: per
Step: 70656 | EPS: 0.39 | Rew: -0.95 | Win%: 10.0 | S0: 123.8 | FPS: 1922.8 | Var: per
Step: 71680 | EPS: 0.39 | Rew: -0.89 | Win%: 10.5 | S0: 125.9 | FPS: 1865.2 | Var: per
Step: 72704 | EPS: 0.39 | Rew: -0.83 | Win%: 11.0 | S0: 122.0 | FPS: 1702.9 | Var: per
Step: 73728 | EPS: 0.39 | Rew: -0.73 | Win%: 12.0 | S0: 128.8 | FPS: 1803.7 | Var: per
Step: 74752 | EPS: 0.39 | Rew: -0.74 | Win%: 12.0 | S0: 124.7 | FPS: 1919.8 | Var: per
Step: 75776 | EPS: 0.39 | Rew: -0.70 | Win%: 14.0 | S0: 132.2 | FPS: 2001.5 | Var: per
Step: 76800 | EPS: 0.39 | Rew: -0.76 | Win%: 13.5 | S0: 125.2 | FPS: 1977.2 | Var: per
Step: 77824 | EPS: 0.39 | Rew: -0.90 | Win%: 14.0 | S0: 121.5 | FPS: 1972.2 | Var: per
Step: 78848 | EPS: 0.39 | Rew: -0.86 | Win%: 14.0 | S0: 124.7 | FPS: 1922.3 | Var: per
Step: 79872 | EPS: 0.39 | Rew: -0.67 | Win%: 18.0 | S0: 141.4 | FPS: 1936.2 | Var: per
Step: 80896 | EPS: 0.39 | Rew: -0.64 | Win%: 19.5 | S0: 145.3 | FPS: 1872.5 | Var: per
Step: 81920 | EPS: 0.39 | Rew: -0.50 | Win%: 19.5 | S0: 145.2 | FPS: 1727.3 | Var: per
Step: 82944 | EPS: 0.39 | Rew: -0.44 | Win%: 20.0 | S0: 144.5 | FPS: 1936.5 | Var: per
Step: 83968 | EPS: 0.39 | Rew: -0.45 | Win%: 19.0 | S0: 134.8 | FPS: 1835.7 | Var: per
Step: 84992 | EPS: 0.39 | Rew: -0.49 | Win%: 18.5 | S0: 133.2 | FPS: 1990.9 | Var: per
Step: 86016 | EPS: 0.39 | Rew: -0.68 | Win%: 17.5 | S0: 127.2 | FPS: 1762.4 | Var: per
Step: 87040 | EPS: 0.39 | Rew: -0.61 | Win%: 18.0 | S0: 135.2 | FPS: 2081.3 | Var: per
Step: 88064 | EPS: 0.39 | Rew: -0.56 | Win%: 19.5 | S0: 143.3 | FPS: 1987.2 | Var: per
Step: 89088 | EPS: 0.39 | Rew: -0.62 | Win%: 18.5 | S0: 141.4 | FPS: 1938.1 | Var: per
Step: 90112 | EPS: 0.39 | Rew: -0.56 | Win%: 19.5 | S0: 141.2 | FPS: 1762.2 | Var: per
Step: 91136 | EPS: 0.39 | Rew: -0.54 | Win%: 17.0 | S0: 127.7 | FPS: 2026.7 | Var: per
Step: 92160 | EPS: 0.39 | Rew: -0.62 | Win%: 16.5 | S0: 124.3 | FPS: 2045.9 | Var: per
Step: 93184 | EPS: 0.39 | Rew: -0.63 | Win%: 16.5 | S0: 125.1 | FPS: 1816.6 | Var: per
Step: 94208 | EPS: 0.39 | Rew: -0.68 | Win%: 15.0 | S0: 122.9 | FPS: 1729.7 | Var: per
Step: 95232 | EPS: 0.39 | Rew: -0.81 | Win%: 14.0 | S0: 117.3 | FPS: 1917.0 | Var: per
Step: 96256 | EPS: 0.39 | Rew: -0.70 | Win%: 15.5 | S0: 122.8 | FPS: 1977.7 | Var: per
Step: 97280 | EPS: 0.39 | Rew: -0.73 | Win%: 15.5 | S0: 125.3 | FPS: 1783.5 | Var: per
Step: 98304 | EPS: 0.39 | Rew: -0.79 | Win%: 14.0 | S0: 113.8 | FPS: 1930.6 | Var: per
Step: 99328 | EPS: 0.39 | Rew: -0.87 | Win%: 13.0 | S0: 110.5 | FPS: 1880.2 | Var: per
Step: 100352 | EPS: 0.39 | Rew: -1.02 | Win%: 13.0 | S0: 111.0 | FPS: 1995.3 | Var: per
Step: 101376 | EPS: 0.39 | Rew: -1.11 | Win%: 11.0 | S0: 99.8 | FPS: 163.8 | Var: per
Step: 102400 | EPS: 0.39 | Rew: -1.20 | Win%: 10.0 | S0: 97.2 | FPS: 245.8 | Var: per
Step: 103424 | EPS: 0.39 | Rew: -1.22 | Win%: 10.0 | S0: 102.0 | FPS: 190.9 | Var: per
Step: 104448 | EPS: 0.39 | Rew: -1.26 | Win%: 9.5 | S0: 98.2 | FPS: 870.2 | Var: per
Step: 105472 | EPS: 0.39 | Rew: -1.26 | Win%: 8.0 | S0: 98.4 | FPS: 870.1 | Var: per
Step: 106496 | EPS: 0.39 | Rew: -1.23 | Win%: 7.5 | S0: 96.3 | FPS: 2264.0 | Var: per
Step: 107520 | EPS: 0.38 | Rew: -1.23 | Win%: 7.5 | S0: 98.2 | FPS: 2097.3 | Var: per
Step: 108544 | EPS: 0.38 | Rew: -1.11 | Win%: 7.5 | S0: 94.9 | FPS: 1982.0 | Var: per
Step: 109568 | EPS: 0.38 | Rew: -1.02 | Win%: 9.0 | S0: 98.2 | FPS: 2020.8 | Var: per
Step: 110592 | EPS: 0.38 | Rew: -1.06 | Win%: 9.0 | S0: 102.8 | FPS: 2035.3 | Var: per
Step: 111616 | EPS: 0.38 | Rew: -1.01 | Win%: 8.5 | S0: 100.8 | FPS: 2003.3 | Var: per
Step: 112640 | EPS: 0.38 | Rew: -0.98 | Win%: 9.0 | S0: 102.0 | FPS: 1957.0 | Var: per
Step: 113664 | EPS: 0.38 | Rew: -0.97 | Win%: 9.5 | S0: 107.0 | FPS: 2057.4 | Var: per
Step: 114688 | EPS: 0.38 | Rew: -0.95 | Win%: 9.5 | S0: 103.3 | FPS: 2253.1 | Var: per
Step: 115712 | EPS: 0.38 | Rew: -0.83 | Win%: 10.5 | S0: 106.2 | FPS: 2002.7 | Var: per
Step: 116736 | EPS: 0.38 | Rew: -0.88 | Win%: 11.0 | S0: 107.8 | FPS: 2131.1 | Var: per
Step: 117760 | EPS: 0.38 | Rew: -1.04 | Win%: 11.5 | S0: 109.3 | FPS: 1938.8 | Var: per
Step: 118784 | EPS: 0.38 | Rew: -0.82 | Win%: 14.0 | S0: 116.2 | FPS: 1993.4 | Var: per
Step: 119808 | EPS: 0.38 | Rew: -0.77 | Win%: 16.0 | S0: 133.8 | FPS: 2180.9 | Var: per
Step: 120832 | EPS: 0.38 | Rew: -0.77 | Win%: 16.5 | S0: 130.7 | FPS: 2087.2 | Var: per
Step: 121856 | EPS: 0.38 | Rew: -0.82 | Win%: 16.0 | S0: 127.7 | FPS: 2141.0 | Var: per
Step: 122880 | EPS: 0.38 | Rew: -0.69 | Win%: 18.0 | S0: 135.6 | FPS: 1899.1 | Var: per
Step: 123904 | EPS: 0.38 | Rew: -0.82 | Win%: 18.0 | S0: 133.8 | FPS: 1701.1 | Var: per
Step: 124928 | EPS: 0.38 | Rew: -0.71 | Win%: 17.5 | S0: 137.5 | FPS: 1882.8 | Var: per
Step: 125952 | EPS: 0.38 | Rew: -0.78 | Win%: 16.5 | S0: 130.8 | FPS: 2055.5 | Var: per
Step: 126976 | EPS: 0.38 | Rew: -1.01 | Win%: 17.0 | S0: 128.1 | FPS: 259.0 | Var: per
Step: 128000 | EPS: 0.38 | Rew: -0.98 | Win%: 19.0 | S0: 136.4 | FPS: 2191.2 | Var: per
Step: 129024 | EPS: 0.38 | Rew: -0.97 | Win%: 19.0 | S0: 132.1 | FPS: 861.6 | Var: per
Step: 130048 | EPS: 0.38 | Rew: -1.02 | Win%: 18.5 | S0: 130.7 | FPS: 2032.6 | Var: per
Step: 131072 | EPS: 0.38 | Rew: -1.33 | Win%: 19.0 | S0: 135.8 | FPS: 2231.3 | Var: per
Step: 132096 | EPS: 0.38 | Rew: -1.30 | Win%: 18.5 | S0: 136.0 | FPS: 2168.5 | Var: per
Step: 133120 | EPS: 0.38 | Rew: -1.39 | Win%: 18.5 | S0: 137.2 | FPS: 2182.2 | Var: per
Step: 134144 | EPS: 0.38 | Rew: -1.27 | Win%: 19.0 | S0: 143.3 | FPS: 2069.4 | Var: per
Step: 135168 | EPS: 0.38 | Rew: -1.18 | Win%: 18.5 | S0: 138.8 | FPS: 2067.0 | Var: per
Step: 136192 | EPS: 0.38 | Rew: -1.24 | Win%: 16.0 | S0: 125.7 | FPS: 2297.0 | Var: per
Step: 137216 | EPS: 0.38 | Rew: -1.22 | Win%: 15.5 | S0: 126.0 | FPS: 1976.1 | Var: per
Step: 138240 | EPS: 0.38 | Rew: -1.23 | Win%: 15.5 | S0: 128.1 | FPS: 2244.1 | Var: per
Step: 139264 | EPS: 0.38 | Rew: -0.96 | Win%: 14.5 | S0: 123.5 | FPS: 2095.2 | Var: per
Step: 140288 | EPS: 0.38 | Rew: -0.98 | Win%: 14.5 | S0: 123.3 | FPS: 1951.2 | Var: per
Step: 141312 | EPS: 0.38 | Rew: -0.99 | Win%: 14.0 | S0: 120.0 | FPS: 2067.2 | Var: per
Step: 142336 | EPS: 0.38 | Rew: -1.04 | Win%: 14.5 | S0: 126.2 | FPS: 1999.5 | Var: per
Step: 143360 | EPS: 0.38 | Rew: -1.01 | Win%: 14.5 | S0: 125.0 | FPS: 1834.9 | Var: per
Step: 144384 | EPS: 0.38 | Rew: -1.03 | Win%: 13.5 | S0: 125.8 | FPS: 2164.4 | Var: per
Step: 145408 | EPS: 0.38 | Rew: -0.93 | Win%: 13.0 | S0: 125.0 | FPS: 2219.3 | Var: per
Step: 146432 | EPS: 0.38 | Rew: -0.90 | Win%: 13.5 | S0: 127.0 | FPS: 2102.9 | Var: per
Step: 147456 | EPS: 0.38 | Rew: -0.95 | Win%: 13.5 | S0: 128.9 | FPS: 1959.6 | Var: per
Step: 148480 | EPS: 0.38 | Rew: -1.07 | Win%: 14.5 | S0: 131.6 | FPS: 2235.0 | Var: per
Step: 149504 | EPS: 0.38 | Rew: -1.23 | Win%: 14.0 | S0: 123.0 | FPS: 2147.1 | Var: per
Step: 150528 | EPS: 0.38 | Rew: -1.20 | Win%: 14.5 | S0: 124.6 | FPS: 2223.7 | Var: per
Step: 151552 | EPS: 0.38 | Rew: -1.28 | Win%: 14.0 | S0: 123.2 | FPS: 860.3 | Var: per
Step: 152576 | EPS: 0.38 | Rew: -1.19 | Win%: 12.5 | S0: 113.6 | FPS: 803.2 | Var: per
Step: 153600 | EPS: 0.38 | Rew: -1.15 | Win%: 14.0 | S0: 119.6 | FPS: 2026.8 | Var: per
Step: 154624 | EPS: 0.38 | Rew: -1.36 | Win%: 15.0 | S0: 123.1 | FPS: 1885.6 | Var: per
Step: 155648 | EPS: 0.38 | Rew: -1.32 | Win%: 15.5 | S0: 120.0 | FPS: 2090.4 | Var: per
Step: 156672 | EPS: 0.38 | Rew: -1.14 | Win%: 14.0 | S0: 110.8 | FPS: 1944.4 | Var: per
Step: 157696 | EPS: 0.38 | Rew: -1.11 | Win%: 14.5 | S0: 114.9 | FPS: 2079.9 | Var: per
Step: 158720 | EPS: 0.38 | Rew: -1.24 | Win%: 14.5 | S0: 116.5 | FPS: 2010.1 | Var: per
Step: 159744 | EPS: 0.38 | Rew: -1.21 | Win%: 14.5 | S0: 115.0 | FPS: 2045.0 | Var: per
Step: 160768 | EPS: 0.38 | Rew: -1.07 | Win%: 15.5 | S0: 118.2 | FPS: 1929.8 | Var: per
Step: 161792 | EPS: 0.38 | Rew: -1.00 | Win%: 14.0 | S0: 111.0 | FPS: 2072.9 | Var: per
Step: 162816 | EPS: 0.38 | Rew: -0.90 | Win%: 15.5 | S0: 114.5 | FPS: 1848.9 | Var: per
Step: 163840 | EPS: 0.38 | Rew: -0.80 | Win%: 14.5 | S0: 113.5 | FPS: 1934.4 | Var: per
Step: 164864 | EPS: 0.38 | Rew: -0.78 | Win%: 14.0 | S0: 114.8 | FPS: 2013.9 | Var: per
Step: 165888 | EPS: 0.38 | Rew: -0.88 | Win%: 14.5 | S0: 116.1 | FPS: 2016.5 | Var: per
Step: 166912 | EPS: 0.38 | Rew: -0.90 | Win%: 15.5 | S0: 118.1 | FPS: 1961.8 | Var: per
Step: 167936 | EPS: 0.38 | Rew: -0.90 | Win%: 14.0 | S0: 114.5 | FPS: 1999.1 | Var: per
Step: 168960 | EPS: 0.38 | Rew: -0.93 | Win%: 14.5 | S0: 115.5 | FPS: 2016.1 | Var: per
Step: 169984 | EPS: 0.38 | Rew: -0.83 | Win%: 15.5 | S0: 129.4 | FPS: 1680.1 | Var: per
Step: 171008 | EPS: 0.38 | Rew: -0.86 | Win%: 15.5 | S0: 128.7 | FPS: 1771.0 | Var: per
Step: 172032 | EPS: 0.38 | Rew: -0.91 | Win%: 16.0 | S0: 127.5 | FPS: 1935.6 | Var: per
Step: 173056 | EPS: 0.38 | Rew: -0.84 | Win%: 17.0 | S0: 132.2 | FPS: 2011.8 | Var: per
Step: 174080 | EPS: 0.38 | Rew: -1.04 | Win%: 15.0 | S0: 124.5 | FPS: 1710.9 | Var: per
Step: 175104 | EPS: 0.38 | Rew: -1.16 | Win%: 14.5 | S0: 122.6 | FPS: 2008.2 | Var: per
Step: 176128 | EPS: 0.38 | Rew: -1.25 | Win%: 17.0 | S0: 138.5 | FPS: 1885.0 | Var: per
Step: 177152 | EPS: 0.38 | Rew: -0.89 | Win%: 18.5 | S0: 142.6 | FPS: 1768.7 | Var: per
Step: 178176 | EPS: 0.37 | Rew: -0.79 | Win%: 20.5 | S0: 161.7 | FPS: 2028.0 | Var: per
Step: 179200 | EPS: 0.37 | Rew: -0.56 | Win%: 20.5 | S0: 163.9 | FPS: 1976.6 | Var: per
Step: 180224 | EPS: 0.37 | Rew: -0.44 | Win%: 19.5 | S0: 160.8 | FPS: 1960.3 | Var: per
Step: 181248 | EPS: 0.37 | Rew: -0.53 | Win%: 18.5 | S0: 144.4 | FPS: 1712.9 | Var: per
Step: 182272 | EPS: 0.37 | Rew: -0.66 | Win%: 18.0 | S0: 146.6 | FPS: 1901.8 | Var: per
Step: 183296 | EPS: 0.37 | Rew: -0.71 | Win%: 18.5 | S0: 153.9 | FPS: 2000.9 | Var: per
Step: 184320 | EPS: 0.37 | Rew: -0.81 | Win%: 18.0 | S0: 151.4 | FPS: 2027.8 | Var: per
Step: 185344 | EPS: 0.37 | Rew: -0.72 | Win%: 19.0 | S0: 154.7 | FPS: 1763.3 | Var: per
Step: 186368 | EPS: 0.37 | Rew: -0.74 | Win%: 17.5 | S0: 149.3 | FPS: 2089.5 | Var: per
Step: 187392 | EPS: 0.37 | Rew: -0.71 | Win%: 15.5 | S0: 138.4 | FPS: 1945.2 | Var: per
Step: 188416 | EPS: 0.37 | Rew: -0.54 | Win%: 17.0 | S0: 143.2 | FPS: 1828.5 | Var: per
Step: 189440 | EPS: 0.37 | Rew: -0.60 | Win%: 15.5 | S0: 129.3 | FPS: 2020.7 | Var: per
Step: 190464 | EPS: 0.37 | Rew: -0.62 | Win%: 15.5 | S0: 130.3 | FPS: 2021.7 | Var: per
Step: 191488 | EPS: 0.37 | Rew: -0.50 | Win%: 16.5 | S0: 131.9 | FPS: 2020.9 | Var: per
Step: 192512 | EPS: 0.37 | Rew: -0.37 | Win%: 17.5 | S0: 141.7 | FPS: 2029.4 | Var: per
Step: 193536 | EPS: 0.37 | Rew: -0.54 | Win%: 18.0 | S0: 137.8 | FPS: 1718.8 | Var: per
Step: 194560 | EPS: 0.37 | Rew: -0.53 | Win%: 18.0 | S0: 137.9 | FPS: 1891.1 | Var: per
Step: 195584 | EPS: 0.37 | Rew: -0.46 | Win%: 18.5 | S0: 141.1 | FPS: 1977.5 | Var: per
Step: 196608 | EPS: 0.37 | Rew: -0.50 | Win%: 18.0 | S0: 145.4 | FPS: 1980.5 | Var: per
Step: 197632 | EPS: 0.37 | Rew: -0.68 | Win%: 17.5 | S0: 140.3 | FPS: 2025.3 | Var: per
Step: 198656 | EPS: 0.37 | Rew: -0.72 | Win%: 15.5 | S0: 130.5 | FPS: 1795.5 | Var: per
Step: 199680 | EPS: 0.37 | Rew: -0.82 | Win%: 14.0 | S0: 126.1 | FPS: 2030.0 | Var: per
Step: 200704 | EPS: 0.37 | Rew: -0.83 | Win%: 13.0 | S0: 120.0 | FPS: 2003.3 | Var: per
Step: 201728 | EPS: 0.37 | Rew: -1.02 | Win%: 12.5 | S0: 125.4 | FPS: 2147.2 | Var: per
Step: 202752 | EPS: 0.37 | Rew: -0.97 | Win%: 11.0 | S0: 122.6 | FPS: 1886.3 | Var: per
Step: 203776 | EPS: 0.37 | Rew: -0.86 | Win%: 11.5 | S0: 121.2 | FPS: 1878.9 | Var: per
Step: 204800 | EPS: 0.37 | Rew: -0.86 | Win%: 12.0 | S0: 123.5 | FPS: 1911.9 | Var: per
Step: 205824 | EPS: 0.37 | Rew: -0.84 | Win%: 11.5 | S0: 117.2 | FPS: 505.8 | Var: per
Step: 206848 | EPS: 0.37 | Rew: -0.85 | Win%: 12.0 | S0: 119.3 | FPS: 2066.8 | Var: per
Step: 207872 | EPS: 0.37 | Rew: -0.68 | Win%: 11.5 | S0: 117.5 | FPS: 1837.4 | Var: per
Step: 208896 | EPS: 0.37 | Rew: -0.74 | Win%: 12.5 | S0: 120.0 | FPS: 2040.3 | Var: per
Step: 209920 | EPS: 0.37 | Rew: -0.62 | Win%: 15.5 | S0: 131.5 | FPS: 799.9 | Var: per
Step: 210944 | EPS: 0.37 | Rew: -0.63 | Win%: 15.5 | S0: 128.0 | FPS: 1914.5 | Var: per
Step: 211968 | EPS: 0.37 | Rew: -0.68 | Win%: 16.0 | S0: 132.7 | FPS: 1904.8 | Var: per
Step: 212992 | EPS: 0.37 | Rew: -0.72 | Win%: 17.0 | S0: 139.8 | FPS: 1689.6 | Var: per
Step: 214016 | EPS: 0.37 | Rew: -0.83 | Win%: 17.5 | S0: 142.5 | FPS: 2051.9 | Var: per
Step: 215040 | EPS: 0.37 | Rew: -0.83 | Win%: 16.0 | S0: 141.2 | FPS: 2132.7 | Var: per
Step: 216064 | EPS: 0.37 | Rew: -0.83 | Win%: 15.0 | S0: 139.8 | FPS: 1964.4 | Var: per
Step: 217088 | EPS: 0.37 | Rew: -0.70 | Win%: 16.5 | S0: 143.8 | FPS: 1892.1 | Var: per
Step: 218112 | EPS: 0.37 | Rew: -0.71 | Win%: 16.5 | S0: 140.1 | FPS: 1836.0 | Var: per
Step: 219136 | EPS: 0.37 | Rew: -0.64 | Win%: 16.5 | S0: 136.6 | FPS: 2003.6 | Var: per
Step: 220160 | EPS: 0.37 | Rew: -0.62 | Win%: 17.5 | S0: 141.4 | FPS: 1964.1 | Var: per
Step: 221184 | EPS: 0.37 | Rew: -0.71 | Win%: 16.0 | S0: 132.6 | FPS: 2193.3 | Var: per
Step: 222208 | EPS: 0.37 | Rew: -0.72 | Win%: 16.0 | S0: 130.8 | FPS: 1956.4 | Var: per
Step: 223232 | EPS: 0.37 | Rew: -0.72 | Win%: 14.5 | S0: 121.0 | FPS: 1995.6 | Var: per
Step: 224256 | EPS: 0.37 | Rew: -0.78 | Win%: 14.5 | S0: 119.1 | FPS: 1962.2 | Var: per
Step: 225280 | EPS: 0.37 | Rew: -0.81 | Win%: 15.5 | S0: 117.3 | FPS: 1888.6 | Var: per
Step: 226304 | EPS: 0.37 | Rew: -0.76 | Win%: 16.0 | S0: 119.0 | FPS: 2012.9 | Var: per
Step: 227328 | EPS: 0.37 | Rew: -0.68 | Win%: 16.0 | S0: 123.3 | FPS: 1863.8 | Var: per
Step: 228352 | EPS: 0.37 | Rew: -0.75 | Win%: 14.5 | S0: 119.8 | FPS: 2004.0 | Var: per
Step: 229376 | EPS: 0.37 | Rew: -0.62 | Win%: 15.5 | S0: 129.2 | FPS: 1945.3 | Var: per
Step: 230400 | EPS: 0.37 | Rew: -0.60 | Win%: 16.0 | S0: 126.8 | FPS: 1995.9 | Var: per
Step: 231424 | EPS: 0.37 | Rew: -0.57 | Win%: 15.5 | S0: 125.4 | FPS: 2014.8 | Var: per
Step: 232448 | EPS: 0.37 | Rew: -0.49 | Win%: 18.0 | S0: 138.7 | FPS: 2023.7 | Var: per
Step: 233472 | EPS: 0.37 | Rew: -0.52 | Win%: 18.0 | S0: 138.0 | FPS: 1952.9 | Var: per
Step: 234496 | EPS: 0.37 | Rew: -0.54 | Win%: 17.5 | S0: 134.8 | FPS: 1872.2 | Var: per
Step: 235520 | EPS: 0.37 | Rew: -0.71 | Win%: 17.5 | S0: 136.4 | FPS: 2055.8 | Var: per
Step: 236544 | EPS: 0.37 | Rew: -0.68 | Win%: 19.0 | S0: 140.6 | FPS: 2021.1 | Var: per
Step: 237568 | EPS: 0.37 | Rew: -0.84 | Win%: 19.0 | S0: 143.8 | FPS: 2043.3 | Var: per
Step: 238592 | EPS: 0.37 | Rew: -0.84 | Win%: 17.0 | S0: 129.4 | FPS: 1815.1 | Var: per
Step: 239616 | EPS: 0.37 | Rew: -0.85 | Win%: 17.0 | S0: 132.4 | FPS: 2144.0 | Var: per
Step: 240640 | EPS: 0.37 | Rew: -0.57 | Win%: 18.5 | S0: 145.4 | FPS: 2085.2 | Var: per
Step: 241664 | EPS: 0.37 | Rew: -0.61 | Win%: 17.5 | S0: 136.4 | FPS: 1882.1 | Var: per
Step: 242688 | EPS: 0.37 | Rew: -0.69 | Win%: 17.0 | S0: 137.8 | FPS: 1901.8 | Var: per
Step: 243712 | EPS: 0.37 | Rew: -0.53 | Win%: 15.0 | S0: 138.3 | FPS: 2099.8 | Var: per
Step: 244736 | EPS: 0.37 | Rew: -0.44 | Win%: 15.5 | S0: 141.6 | FPS: 1952.9 | Var: per
Step: 245760 | EPS: 0.37 | Rew: -0.46 | Win%: 17.5 | S0: 148.9 | FPS: 2058.2 | Var: per
Step: 246784 | EPS: 0.37 | Rew: -0.57 | Win%: 17.5 | S0: 151.5 | FPS: 2020.0 | Var: per
Step: 247808 | EPS: 0.37 | Rew: -0.59 | Win%: 16.0 | S0: 143.9 | FPS: 2183.4 | Var: per
Step: 248832 | EPS: 0.36 | Rew: -0.67 | Win%: 16.0 | S0: 144.2 | FPS: 2168.4 | Var: per
Step: 249856 | EPS: 0.36 | Rew: -0.73 | Win%: 16.5 | S0: 147.8 | FPS: 1940.5 | Var: per
Step: 250880 | EPS: 0.36 | Rew: -0.81 | Win%: 16.0 | S0: 138.1 | FPS: 1874.2 | Var: per
Step: 251904 | EPS: 0.36 | Rew: -0.79 | Win%: 15.0 | S0: 129.2 | FPS: 2070.5 | Var: per
Step: 252928 | EPS: 0.36 | Rew: -0.71 | Win%: 14.5 | S0: 139.5 | FPS: 2091.4 | Var: per
Step: 253952 | EPS: 0.36 | Rew: -0.66 | Win%: 13.5 | S0: 138.7 | FPS: 2110.3 | Var: per
Step: 254976 | EPS: 0.36 | Rew: -0.61 | Win%: 14.0 | S0: 142.6 | FPS: 1765.5 | Var: per
Step: 256000 | EPS: 0.36 | Rew: -0.59 | Win%: 14.5 | S0: 143.5 | FPS: 1944.3 | Var: per
Step: 257024 | EPS: 0.36 | Rew: -0.54 | Win%: 13.0 | S0: 140.9 | FPS: 1962.9 | Var: per
Step: 258048 | EPS: 0.36 | Rew: -0.46 | Win%: 14.5 | S0: 148.4 | FPS: 2031.8 | Var: per
Step: 259072 | EPS: 0.36 | Rew: -0.47 | Win%: 14.5 | S0: 149.7 | FPS: 2149.2 | Var: per
Step: 260096 | EPS: 0.36 | Rew: -0.58 | Win%: 14.0 | S0: 151.6 | FPS: 2175.1 | Var: per
Step: 261120 | EPS: 0.36 | Rew: -0.57 | Win%: 15.0 | S0: 156.8 | FPS: 2060.1 | Var: per
Step: 262144 | EPS: 0.36 | Rew: -0.57 | Win%: 15.5 | S0: 160.3 | FPS: 2159.4 | Var: per
Step: 263168 | EPS: 0.36 | Rew: -0.71 | Win%: 16.0 | S0: 163.8 | FPS: 2134.9 | Var: per
Step: 264192 | EPS: 0.36 | Rew: -0.66 | Win%: 18.0 | S0: 165.9 | FPS: 2134.3 | Var: per
Step: 265216 | EPS: 0.36 | Rew: -0.70 | Win%: 17.5 | S0: 161.8 | FPS: 1738.0 | Var: per
Step: 266240 | EPS: 0.36 | Rew: -0.80 | Win%: 16.5 | S0: 149.2 | FPS: 2225.0 | Var: per
Step: 267264 | EPS: 0.36 | Rew: -0.84 | Win%: 16.5 | S0: 148.4 | FPS: 2091.2 | Var: per
Step: 268288 | EPS: 0.36 | Rew: -0.68 | Win%: 17.0 | S0: 151.6 | FPS: 2141.3 | Var: per
Step: 269312 | EPS: 0.36 | Rew: -0.61 | Win%: 16.5 | S0: 149.8 | FPS: 2021.0 | Var: per
Step: 270336 | EPS: 0.36 | Rew: -0.71 | Win%: 17.0 | S0: 146.7 | FPS: 2073.7 | Var: per
Step: 271360 | EPS: 0.36 | Rew: -0.56 | Win%: 18.5 | S0: 150.4 | FPS: 1888.3 | Var: per
Step: 272384 | EPS: 0.36 | Rew: -0.57 | Win%: 17.0 | S0: 140.9 | FPS: 1925.6 | Var: per
Step: 273408 | EPS: 0.36 | Rew: -0.67 | Win%: 16.0 | S0: 134.2 | FPS: 2107.2 | Var: per
Step: 274432 | EPS: 0.36 | Rew: -0.58 | Win%: 18.0 | S0: 146.9 | FPS: 2025.9 | Var: per
Step: 275456 | EPS: 0.36 | Rew: -0.72 | Win%: 18.0 | S0: 146.2 | FPS: 2135.1 | Var: per
Step: 276480 | EPS: 0.36 | Rew: -0.64 | Win%: 18.0 | S0: 147.5 | FPS: 2064.1 | Var: per
Step: 277504 | EPS: 0.36 | Rew: -0.64 | Win%: 18.5 | S0: 147.2 | FPS: 2086.6 | Var: per
Step: 278528 | EPS: 0.36 | Rew: -0.85 | Win%: 17.5 | S0: 138.9 | FPS: 2147.1 | Var: per
Step: 279552 | EPS: 0.36 | Rew: -0.65 | Win%: 19.5 | S0: 153.3 | FPS: 2180.4 | Var: per
Step: 280576 | EPS: 0.36 | Rew: -0.75 | Win%: 19.0 | S0: 159.9 | FPS: 1929.3 | Var: per
Step: 281600 | EPS: 0.36 | Rew: -0.68 | Win%: 18.0 | S0: 152.3 | FPS: 1890.2 | Var: per
Step: 282624 | EPS: 0.36 | Rew: -0.87 | Win%: 16.5 | S0: 149.7 | FPS: 2045.9 | Var: per
Step: 283648 | EPS: 0.36 | Rew: -0.95 | Win%: 15.5 | S0: 140.7 | FPS: 2197.3 | Var: per
Step: 284672 | EPS: 0.36 | Rew: -0.74 | Win%: 16.5 | S0: 145.3 | FPS: 2277.1 | Var: per
Step: 285696 | EPS: 0.36 | Rew: -0.80 | Win%: 17.5 | S0: 149.3 | FPS: 2097.5 | Var: per
Step: 286720 | EPS: 0.36 | Rew: -0.88 | Win%: 16.0 | S0: 133.3 | FPS: 2058.0 | Var: per
Step: 287744 | EPS: 0.36 | Rew: -1.05 | Win%: 14.0 | S0: 121.7 | FPS: 2084.5 | Var: per
Step: 288768 | EPS: 0.36 | Rew: -1.08 | Win%: 13.0 | S0: 118.3 | FPS: 2062.4 | Var: per
Step: 289792 | EPS: 0.36 | Rew: -1.09 | Win%: 12.0 | S0: 115.2 | FPS: 1960.6 | Var: per
Step: 290816 | EPS: 0.36 | Rew: -1.10 | Win%: 10.5 | S0: 107.8 | FPS: 2150.5 | Var: per
Step: 291840 | EPS: 0.36 | Rew: -1.12 | Win%: 10.5 | S0: 94.2 | FPS: 2113.9 | Var: per
Step: 292864 | EPS: 0.36 | Rew: -0.91 | Win%: 11.0 | S0: 91.7 | FPS: 1872.1 | Var: per
Step: 293888 | EPS: 0.36 | Rew: -0.79 | Win%: 11.5 | S0: 98.8 | FPS: 2123.6 | Var: per
Step: 294912 | EPS: 0.36 | Rew: -0.77 | Win%: 12.0 | S0: 101.0 | FPS: 2091.2 | Var: per
Step: 295936 | EPS: 0.36 | Rew: -0.83 | Win%: 12.0 | S0: 99.8 | FPS: 1906.9 | Var: per
Step: 296960 | EPS: 0.36 | Rew: -0.77 | Win%: 12.0 | S0: 102.5 | FPS: 2015.2 | Var: per
Step: 297984 | EPS: 0.36 | Rew: -0.67 | Win%: 14.0 | S0: 112.0 | FPS: 1920.7 | Var: per
Step: 299008 | EPS: 0.36 | Rew: -0.63 | Win%: 14.5 | S0: 119.2 | FPS: 1835.8 | Var: per
Step: 300032 | EPS: 0.36 | Rew: -0.66 | Win%: 14.5 | S0: 123.3 | FPS: 2119.6 | Var: per
Step: 301056 | EPS: 0.36 | Rew: -0.74 | Win%: 14.5 | S0: 122.7 | FPS: 2136.2 | Var: per
Step: 302080 | EPS: 0.36 | Rew: -0.55 | Win%: 17.5 | S0: 141.7 | FPS: 2047.0 | Var: per
Step: 303104 | EPS: 0.36 | Rew: -0.63 | Win%: 18.0 | S0: 143.4 | FPS: 2093.8 | Var: per
Step: 304128 | EPS: 0.36 | Rew: -0.70 | Win%: 18.0 | S0: 142.2 | FPS: 2016.4 | Var: per
Step: 305152 | EPS: 0.36 | Rew: -0.64 | Win%: 18.5 | S0: 146.2 | FPS: 2100.6 | Var: per
Step: 306176 | EPS: 0.36 | Rew: -0.51 | Win%: 19.5 | S0: 151.1 | FPS: 1835.7 | Var: per
Step: 307200 | EPS: 0.36 | Rew: -0.65 | Win%: 18.5 | S0: 150.3 | FPS: 2128.3 | Var: per
Step: 308224 | EPS: 0.36 | Rew: -0.62 | Win%: 20.0 | S0: 151.2 | FPS: 2016.1 | Var: per
Step: 309248 | EPS: 0.36 | Rew: -0.51 | Win%: 19.5 | S0: 147.6 | FPS: 2058.2 | Var: per
Step: 310272 | EPS: 0.36 | Rew: -0.49 | Win%: 21.5 | S0: 151.2 | FPS: 1758.7 | Var: per
Step: 311296 | EPS: 0.36 | Rew: -0.64 | Win%: 22.5 | S0: 150.2 | FPS: 2050.3 | Var: per
Step: 312320 | EPS: 0.36 | Rew: -0.59 | Win%: 20.0 | S0: 140.2 | FPS: 2164.6 | Var: per
Step: 313344 | EPS: 0.36 | Rew: -0.63 | Win%: 18.0 | S0: 131.2 | FPS: 1977.6 | Var: per
Step: 314368 | EPS: 0.36 | Rew: -0.80 | Win%: 21.0 | S0: 144.6 | FPS: 1905.9 | Var: per
Step: 315392 | EPS: 0.36 | Rew: -0.82 | Win%: 21.5 | S0: 144.4 | FPS: 2002.3 | Var: per
Step: 316416 | EPS: 0.36 | Rew: -0.79 | Win%: 19.5 | S0: 133.4 | FPS: 2097.6 | Var: per
Step: 317440 | EPS: 0.36 | Rew: -0.76 | Win%: 21.0 | S0: 137.2 | FPS: 2107.2 | Var: per
Step: 318464 | EPS: 0.36 | Rew: -0.74 | Win%: 20.0 | S0: 134.6 | FPS: 2097.8 | Var: per
Step: 319488 | EPS: 0.36 | Rew: -0.53 | Win%: 20.0 | S0: 137.6 | FPS: 2167.1 | Var: per
Step: 320512 | EPS: 0.35 | Rew: -0.47 | Win%: 21.0 | S0: 142.6 | FPS: 1878.5 | Var: per
Step: 321536 | EPS: 0.35 | Rew: -0.40 | Win%: 19.5 | S0: 137.2 | FPS: 2107.2 | Var: per
Step: 322560 | EPS: 0.35 | Rew: -0.45 | Win%: 21.0 | S0: 148.1 | FPS: 1872.9 | Var: per
Step: 323584 | EPS: 0.35 | Rew: -0.45 | Win%: 22.0 | S0: 144.1 | FPS: 1888.6 | Var: per
Step: 324608 | EPS: 0.35 | Rew: -0.45 | Win%: 21.0 | S0: 139.6 | FPS: 1939.5 | Var: per
Step: 325632 | EPS: 0.35 | Rew: -0.37 | Win%: 22.5 | S0: 151.4 | FPS: 2098.1 | Var: per
Step: 326656 | EPS: 0.35 | Rew: -0.40 | Win%: 22.5 | S0: 149.7 | FPS: 2062.9 | Var: per
Step: 327680 | EPS: 0.35 | Rew: -0.43 | Win%: 22.5 | S0: 150.8 | FPS: 1962.2 | Var: per
Step: 328704 | EPS: 0.35 | Rew: -0.54 | Win%: 22.5 | S0: 147.7 | FPS: 2023.9 | Var: per
Step: 329728 | EPS: 0.35 | Rew: -0.66 | Win%: 20.5 | S0: 140.3 | FPS: 2201.4 | Var: per
Step: 330752 | EPS: 0.35 | Rew: -0.79 | Win%: 20.0 | S0: 133.3 | FPS: 2155.3 | Var: per
Step: 331776 | EPS: 0.35 | Rew: -0.70 | Win%: 21.0 | S0: 136.6 | FPS: 1988.3 | Var: per
Step: 332800 | EPS: 0.35 | Rew: -0.71 | Win%: 21.5 | S0: 139.6 | FPS: 2094.4 | Var: per
Step: 333824 | EPS: 0.35 | Rew: -0.67 | Win%: 20.0 | S0: 135.2 | FPS: 2110.3 | Var: per
Step: 334848 | EPS: 0.35 | Rew: -0.49 | Win%: 21.0 | S0: 142.5 | FPS: 1997.5 | Var: per
Step: 335872 | EPS: 0.35 | Rew: -0.42 | Win%: 19.5 | S0: 141.1 | FPS: 1809.6 | Var: per
Step: 336896 | EPS: 0.35 | Rew: -0.37 | Win%: 20.0 | S0: 137.9 | FPS: 2030.5 | Var: per
Step: 337920 | EPS: 0.35 | Rew: -0.45 | Win%: 21.5 | S0: 144.7 | FPS: 2036.9 | Var: per
Step: 338944 | EPS: 0.35 | Rew: -0.53 | Win%: 20.0 | S0: 140.3 | FPS: 1974.8 | Var: per
Step: 339968 | EPS: 0.35 | Rew: -0.51 | Win%: 20.0 | S0: 147.2 | FPS: 2054.8 | Var: per
Step: 340992 | EPS: 0.35 | Rew: -0.58 | Win%: 20.0 | S0: 148.7 | FPS: 2174.4 | Var: per
Step: 342016 | EPS: 0.35 | Rew: -0.66 | Win%: 20.0 | S0: 147.8 | FPS: 2114.0 | Var: per
Step: 343040 | EPS: 0.35 | Rew: -0.70 | Win%: 20.5 | S0: 156.4 | FPS: 2177.9 | Var: per
Step: 344064 | EPS: 0.35 | Rew: -0.63 | Win%: 19.5 | S0: 154.4 | FPS: 1940.3 | Var: per
Step: 345088 | EPS: 0.35 | Rew: -0.69 | Win%: 18.5 | S0: 146.7 | FPS: 1968.2 | Var: per
Step: 346112 | EPS: 0.35 | Rew: -0.70 | Win%: 19.5 | S0: 151.6 | FPS: 2098.9 | Var: per
Step: 347136 | EPS: 0.35 | Rew: -0.70 | Win%: 19.5 | S0: 143.1 | FPS: 2106.2 | Var: per
Step: 348160 | EPS: 0.35 | Rew: -0.56 | Win%: 20.5 | S0: 146.8 | FPS: 2002.4 | Var: per
Step: 349184 | EPS: 0.35 | Rew: -0.55 | Win%: 18.5 | S0: 142.6 | FPS: 1839.1 | Var: per
Step: 350208 | EPS: 0.35 | Rew: -0.79 | Win%: 18.5 | S0: 142.3 | FPS: 2016.2 | Var: per
Step: 351232 | EPS: 0.35 | Rew: -0.82 | Win%: 17.5 | S0: 137.0 | FPS: 1920.1 | Var: per
Step: 352256 | EPS: 0.35 | Rew: -0.81 | Win%: 17.5 | S0: 132.2 | FPS: 2013.5 | Var: per
Step: 353280 | EPS: 0.35 | Rew: -0.82 | Win%: 17.5 | S0: 133.5 | FPS: 1790.2 | Var: per
Step: 354304 | EPS: 0.35 | Rew: -0.94 | Win%: 17.5 | S0: 133.4 | FPS: 2049.2 | Var: per
Step: 355328 | EPS: 0.35 | Rew: -0.76 | Win%: 17.0 | S0: 125.7 | FPS: 1958.4 | Var: per
Step: 356352 | EPS: 0.35 | Rew: -0.75 | Win%: 17.5 | S0: 127.2 | FPS: 1688.8 | Var: per
Step: 357376 | EPS: 0.35 | Rew: -0.81 | Win%: 17.0 | S0: 134.1 | FPS: 1961.5 | Var: per
Step: 358400 | EPS: 0.35 | Rew: -0.86 | Win%: 17.0 | S0: 137.2 | FPS: 1976.3 | Var: per
Step: 359424 | EPS: 0.35 | Rew: -0.82 | Win%: 15.5 | S0: 132.9 | FPS: 1931.2 | Var: per
Step: 360448 | EPS: 0.35 | Rew: -0.89 | Win%: 14.0 | S0: 127.0 | FPS: 2090.0 | Var: per
Step: 361472 | EPS: 0.35 | Rew: -0.89 | Win%: 13.5 | S0: 122.4 | FPS: 2040.1 | Var: per
Step: 362496 | EPS: 0.35 | Rew: -0.97 | Win%: 11.5 | S0: 116.8 | FPS: 1892.6 | Var: per
Step: 363520 | EPS: 0.35 | Rew: -0.78 | Win%: 12.5 | S0: 122.2 | FPS: 1960.2 | Var: per
Step: 364544 | EPS: 0.35 | Rew: -0.78 | Win%: 12.5 | S0: 121.4 | FPS: 1810.1 | Var: per
Step: 365568 | EPS: 0.35 | Rew: -0.65 | Win%: 14.0 | S0: 130.8 | FPS: 2072.0 | Var: per
Step: 366592 | EPS: 0.35 | Rew: -0.84 | Win%: 13.5 | S0: 130.3 | FPS: 2006.8 | Var: per
Step: 367616 | EPS: 0.35 | Rew: -0.68 | Win%: 14.5 | S0: 144.2 | FPS: 2088.9 | Var: per
Step: 368640 | EPS: 0.35 | Rew: -0.64 | Win%: 13.5 | S0: 139.2 | FPS: 1723.7 | Var: per
Step: 369664 | EPS: 0.35 | Rew: -0.71 | Win%: 14.0 | S0: 137.9 | FPS: 1947.5 | Var: per
Step: 370688 | EPS: 0.35 | Rew: -0.74 | Win%: 14.5 | S0: 141.1 | FPS: 2009.0 | Var: per
Step: 371712 | EPS: 0.35 | Rew: -0.80 | Win%: 15.5 | S0: 141.5 | FPS: 1901.7 | Var: per
Step: 372736 | EPS: 0.35 | Rew: -0.58 | Win%: 15.0 | S0: 142.4 | FPS: 1953.5 | Var: per
Step: 373760 | EPS: 0.35 | Rew: -0.89 | Win%: 16.0 | S0: 143.9 | FPS: 1941.0 | Var: per
Step: 374784 | EPS: 0.35 | Rew: -0.94 | Win%: 17.0 | S0: 146.3 | FPS: 2017.0 | Var: per
Step: 375808 | EPS: 0.35 | Rew: -0.92 | Win%: 16.0 | S0: 142.3 | FPS: 2064.5 | Var: per
Step: 376832 | EPS: 0.35 | Rew: -0.92 | Win%: 15.5 | S0: 135.9 | FPS: 1935.7 | Var: per
Step: 377856 | EPS: 0.35 | Rew: -1.05 | Win%: 14.5 | S0: 132.4 | FPS: 2047.4 | Var: per
Step: 378880 | EPS: 0.35 | Rew: -1.03 | Win%: 16.5 | S0: 135.8 | FPS: 2056.0 | Var: per
Step: 379904 | EPS: 0.35 | Rew: -0.89 | Win%: 14.5 | S0: 122.3 | FPS: 1901.5 | Var: per
Step: 380928 | EPS: 0.35 | Rew: -0.99 | Win%: 13.5 | S0: 113.2 | FPS: 1975.5 | Var: per
Step: 381952 | EPS: 0.35 | Rew: -1.01 | Win%: 13.5 | S0: 115.0 | FPS: 2048.4 | Var: per
Step: 382976 | EPS: 0.35 | Rew: -0.96 | Win%: 14.0 | S0: 120.8 | FPS: 1985.8 | Var: per
Step: 384000 | EPS: 0.35 | Rew: -0.80 | Win%: 13.5 | S0: 122.0 | FPS: 2046.6 | Var: per
Step: 385024 | EPS: 0.35 | Rew: -0.83 | Win%: 13.0 | S0: 118.6 | FPS: 1917.6 | Var: per
Step: 386048 | EPS: 0.35 | Rew: -0.67 | Win%: 14.5 | S0: 126.7 | FPS: 1993.6 | Var: per
Step: 387072 | EPS: 0.35 | Rew: -0.66 | Win%: 14.5 | S0: 126.8 | FPS: 1995.8 | Var: per
Step: 388096 | EPS: 0.35 | Rew: -0.63 | Win%: 14.5 | S0: 130.8 | FPS: 1897.9 | Var: per
Step: 389120 | EPS: 0.35 | Rew: -0.64 | Win%: 14.0 | S0: 133.6 | FPS: 2070.7 | Var: per
Step: 390144 | EPS: 0.35 | Rew: -0.51 | Win%: 14.5 | S0: 143.8 | FPS: 1928.4 | Var: per
Step: 391168 | EPS: 0.34 | Rew: -0.50 | Win%: 15.5 | S0: 148.7 | FPS: 1973.5 | Var: per
Step: 392192 | EPS: 0.34 | Rew: -0.40 | Win%: 18.0 | S0: 157.0 | FPS: 2085.4 | Var: per
Step: 393216 | EPS: 0.34 | Rew: -0.36 | Win%: 18.5 | S0: 163.4 | FPS: 2076.4 | Var: per
Step: 394240 | EPS: 0.34 | Rew: -0.43 | Win%: 17.5 | S0: 153.3 | FPS: 1928.9 | Var: per
Step: 395264 | EPS: 0.34 | Rew: -0.43 | Win%: 18.0 | S0: 157.1 | FPS: 2015.5 | Var: per
Step: 396288 | EPS: 0.34 | Rew: -0.46 | Win%: 18.5 | S0: 161.0 | FPS: 2042.7 | Var: per
Step: 397312 | EPS: 0.34 | Rew: -0.66 | Win%: 16.5 | S0: 149.8 | FPS: 1978.4 | Var: per
Step: 398336 | EPS: 0.34 | Rew: -0.60 | Win%: 19.0 | S0: 164.3 | FPS: 1899.5 | Var: per
Step: 399360 | EPS: 0.34 | Rew: -0.61 | Win%: 18.5 | S0: 161.4 | FPS: 1911.8 | Var: per
Step: 400384 | EPS: 0.34 | Rew: -0.48 | Win%: 20.0 | S0: 161.6 | FPS: 1961.4 | Var: per
Step: 401408 | EPS: 0.34 | Rew: -0.52 | Win%: 19.5 | S0: 151.1 | FPS: 1882.2 | Var: per
Step: 402432 | EPS: 0.34 | Rew: -0.52 | Win%: 20.0 | S0: 154.4 | FPS: 1858.6 | Var: per
Step: 403456 | EPS: 0.34 | Rew: -0.46 | Win%: 18.0 | S0: 148.2 | FPS: 1832.4 | Var: per
Step: 404480 | EPS: 0.34 | Rew: -0.45 | Win%: 19.5 | S0: 151.5 | FPS: 1966.5 | Var: per
Step: 405504 | EPS: 0.34 | Rew: -0.42 | Win%: 20.0 | S0: 151.8 | FPS: 1923.5 | Var: per
Step: 406528 | EPS: 0.34 | Rew: -0.58 | Win%: 20.5 | S0: 151.9 | FPS: 2527.4 | Var: per
Step: 407552 | EPS: 0.34 | Rew: -0.56 | Win%: 24.0 | S0: 158.9 | FPS: 2155.7 | Var: per
Step: 408576 | EPS: 0.34 | Rew: -0.64 | Win%: 22.5 | S0: 154.1 | FPS: 2569.4 | Var: per
Step: 409600 | EPS: 0.34 | Rew: -0.66 | Win%: 23.5 | S0: 158.9 | FPS: 2147.5 | Var: per
Step: 410624 | EPS: 0.34 | Rew: -0.72 | Win%: 21.5 | S0: 151.6 | FPS: 2173.3 | Var: per
Step: 411648 | EPS: 0.34 | Rew: -0.79 | Win%: 22.0 | S0: 151.4 | FPS: 2084.7 | Var: per
Step: 412672 | EPS: 0.34 | Rew: -0.61 | Win%: 23.5 | S0: 169.4 | FPS: 2070.7 | Var: per
Step: 413696 | EPS: 0.34 | Rew: -0.54 | Win%: 23.5 | S0: 167.5 | FPS: 1994.7 | Var: per
Step: 414720 | EPS: 0.34 | Rew: -0.49 | Win%: 24.5 | S0: 170.4 | FPS: 2150.1 | Var: per
Step: 415744 | EPS: 0.34 | Rew: -0.51 | Win%: 23.5 | S0: 166.0 | FPS: 2015.8 | Var: per
Step: 416768 | EPS: 0.34 | Rew: -0.43 | Win%: 24.5 | S0: 167.5 | FPS: 1929.3 | Var: per
Step: 417792 | EPS: 0.34 | Rew: -0.39 | Win%: 24.5 | S0: 170.1 | FPS: 2149.4 | Var: per
Step: 418816 | EPS: 0.34 | Rew: -0.40 | Win%: 23.0 | S0: 168.9 | FPS: 2150.8 | Var: per
Step: 419840 | EPS: 0.34 | Rew: -0.39 | Win%: 23.0 | S0: 178.6 | FPS: 1980.0 | Var: per
Step: 420864 | EPS: 0.34 | Rew: -0.57 | Win%: 23.0 | S0: 180.8 | FPS: 2091.8 | Var: per
Step: 421888 | EPS: 0.34 | Rew: -0.54 | Win%: 21.0 | S0: 174.6 | FPS: 2049.2 | Var: per
Step: 422912 | EPS: 0.34 | Rew: -0.63 | Win%: 20.0 | S0: 168.5 | FPS: 2034.0 | Var: per
Step: 423936 | EPS: 0.34 | Rew: -0.73 | Win%: 19.0 | S0: 167.8 | FPS: 2094.8 | Var: per
Step: 424960 | EPS: 0.34 | Rew: -0.69 | Win%: 19.5 | S0: 169.3 | FPS: 2051.2 | Var: per
Step: 425984 | EPS: 0.34 | Rew: -0.77 | Win%: 18.5 | S0: 167.0 | FPS: 2101.3 | Var: per
Step: 427008 | EPS: 0.34 | Rew: -0.92 | Win%: 17.5 | S0: 157.7 | FPS: 2177.6 | Var: per
Step: 428032 | EPS: 0.34 | Rew: -0.85 | Win%: 16.0 | S0: 148.9 | FPS: 1864.4 | Var: per
Step: 429056 | EPS: 0.34 | Rew: -0.93 | Win%: 15.0 | S0: 144.8 | FPS: 1985.3 | Var: per
Step: 430080 | EPS: 0.34 | Rew: -0.75 | Win%: 16.0 | S0: 151.7 | FPS: 2156.8 | Var: per
Step: 431104 | EPS: 0.34 | Rew: -0.66 | Win%: 14.0 | S0: 150.3 | FPS: 1968.7 | Var: per
Step: 432128 | EPS: 0.34 | Rew: -0.66 | Win%: 14.5 | S0: 150.3 | FPS: 2035.9 | Var: per
Step: 433152 | EPS: 0.34 | Rew: -0.63 | Win%: 14.0 | S0: 138.2 | FPS: 2096.4 | Var: per
Step: 434176 | EPS: 0.34 | Rew: -0.56 | Win%: 14.5 | S0: 133.4 | FPS: 2014.9 | Var: per
Step: 435200 | EPS: 0.34 | Rew: -0.51 | Win%: 14.0 | S0: 132.0 | FPS: 2078.3 | Var: per
Step: 436224 | EPS: 0.34 | Rew: -0.60 | Win%: 14.0 | S0: 134.6 | FPS: 2076.0 | Var: per
Step: 437248 | EPS: 0.34 | Rew: -0.65 | Win%: 12.0 | S0: 127.1 | FPS: 2089.6 | Var: per
Step: 438272 | EPS: 0.34 | Rew: -0.83 | Win%: 13.5 | S0: 130.7 | FPS: 2021.0 | Var: per
Step: 439296 | EPS: 0.34 | Rew: -0.76 | Win%: 15.5 | S0: 135.6 | FPS: 2064.5 | Var: per
Step: 440320 | EPS: 0.34 | Rew: -0.92 | Win%: 15.5 | S0: 131.1 | FPS: 1787.5 | Var: per
Step: 441344 | EPS: 0.34 | Rew: -1.06 | Win%: 15.5 | S0: 128.3 | FPS: 2093.9 | Var: per
Step: 442368 | EPS: 0.34 | Rew: -1.16 | Win%: 15.5 | S0: 126.9 | FPS: 2079.0 | Var: per
Step: 443392 | EPS: 0.34 | Rew: -1.21 | Win%: 15.0 | S0: 122.3 | FPS: 1982.7 | Var: per
Step: 444416 | EPS: 0.34 | Rew: -1.10 | Win%: 16.5 | S0: 126.2 | FPS: 1851.3 | Var: per
Step: 445440 | EPS: 0.34 | Rew: -0.94 | Win%: 16.0 | S0: 123.3 | FPS: 2132.9 | Var: per
Step: 446464 | EPS: 0.34 | Rew: -0.93 | Win%: 17.0 | S0: 125.8 | FPS: 2043.0 | Var: per
Step: 447488 | EPS: 0.34 | Rew: -0.91 | Win%: 15.5 | S0: 119.3 | FPS: 2001.3 | Var: per
Step: 448512 | EPS: 0.34 | Rew: -0.74 | Win%: 15.5 | S0: 119.3 | FPS: 1953.0 | Var: per
Step: 449536 | EPS: 0.34 | Rew: -0.71 | Win%: 16.0 | S0: 118.3 | FPS: 2130.3 | Var: per
Step: 450560 | EPS: 0.34 | Rew: -0.67 | Win%: 16.0 | S0: 117.3 | FPS: 2133.6 | Var: per
Step: 451584 | EPS: 0.34 | Rew: -0.58 | Win%: 16.5 | S0: 124.0 | FPS: 2122.1 | Var: per
Step: 452608 | EPS: 0.34 | Rew: -0.56 | Win%: 17.0 | S0: 127.2 | FPS: 1891.9 | Var: per
Step: 453632 | EPS: 0.34 | Rew: -0.62 | Win%: 17.0 | S0: 130.9 | FPS: 1795.1 | Var: per
Step: 454656 | EPS: 0.34 | Rew: -0.68 | Win%: 15.5 | S0: 127.2 | FPS: 1902.9 | Var: per
Step: 455680 | EPS: 0.34 | Rew: -0.60 | Win%: 16.5 | S0: 135.7 | FPS: 2072.4 | Var: per
Step: 456704 | EPS: 0.34 | Rew: -0.58 | Win%: 16.5 | S0: 144.3 | FPS: 2084.7 | Var: per
Step: 457728 | EPS: 0.34 | Rew: -0.54 | Win%: 18.0 | S0: 152.7 | FPS: 2051.9 | Var: per
Step: 458752 | EPS: 0.34 | Rew: -0.75 | Win%: 16.5 | S0: 148.6 | FPS: 1963.9 | Var: per
Step: 459776 | EPS: 0.34 | Rew: -0.81 | Win%: 15.5 | S0: 150.1 | FPS: 2097.6 | Var: per
Step: 460800 | EPS: 0.34 | Rew: -0.78 | Win%: 15.0 | S0: 149.1 | FPS: 1892.3 | Var: per
Step: 461824 | EPS: 0.34 | Rew: -0.79 | Win%: 15.0 | S0: 149.7 | FPS: 2016.9 | Var: per
Step: 462848 | EPS: 0.33 | Rew: -0.86 | Win%: 14.5 | S0: 151.1 | FPS: 2067.6 | Var: per
Step: 463872 | EPS: 0.33 | Rew: -1.02 | Win%: 14.5 | S0: 150.1 | FPS: 1852.8 | Var: per
Step: 464896 | EPS: 0.33 | Rew: -0.97 | Win%: 16.0 | S0: 150.5 | FPS: 1940.3 | Var: per
Step: 465920 | EPS: 0.33 | Rew: -0.96 | Win%: 15.5 | S0: 144.2 | FPS: 2002.5 | Var: per
Step: 466944 | EPS: 0.33 | Rew: -0.95 | Win%: 14.5 | S0: 142.9 | FPS: 1908.0 | Var: per
Step: 467968 | EPS: 0.33 | Rew: -0.87 | Win%: 16.0 | S0: 143.2 | FPS: 2016.7 | Var: per
Step: 468992 | EPS: 0.33 | Rew: -0.71 | Win%: 16.0 | S0: 141.0 | FPS: 2054.1 | Var: per
Step: 470016 | EPS: 0.33 | Rew: -0.63 | Win%: 17.5 | S0: 142.8 | FPS: 1765.4 | Var: per
Step: 471040 | EPS: 0.33 | Rew: -0.59 | Win%: 18.0 | S0: 144.8 | FPS: 2026.6 | Var: per
Step: 472064 | EPS: 0.33 | Rew: -0.68 | Win%: 17.0 | S0: 134.7 | FPS: 1937.9 | Var: per
Step: 473088 | EPS: 0.33 | Rew: -0.66 | Win%: 18.0 | S0: 131.3 | FPS: 2021.3 | Var: per
Step: 474112 | EPS: 0.33 | Rew: -0.70 | Win%: 18.0 | S0: 139.7 | FPS: 1852.1 | Var: per
Step: 475136 | EPS: 0.33 | Rew: -0.76 | Win%: 18.0 | S0: 131.1 | FPS: 1848.0 | Var: per
Step: 476160 | EPS: 0.33 | Rew: -0.74 | Win%: 17.0 | S0: 131.3 | FPS: 1871.7 | Var: per
Step: 477184 | EPS: 0.33 | Rew: -0.68 | Win%: 18.0 | S0: 134.2 | FPS: 2056.0 | Var: per
Step: 478208 | EPS: 0.33 | Rew: -0.75 | Win%: 17.5 | S0: 125.0 | FPS: 2034.5 | Var: per
Step: 479232 | EPS: 0.33 | Rew: -0.64 | Win%: 18.5 | S0: 129.0 | FPS: 2016.5 | Var: per
Step: 480256 | EPS: 0.33 | Rew: -0.68 | Win%: 15.5 | S0: 123.8 | FPS: 2042.1 | Var: per
Step: 481280 | EPS: 0.33 | Rew: -0.81 | Win%: 14.0 | S0: 119.8 | FPS: 1937.3 | Var: per
Step: 482304 | EPS: 0.33 | Rew: -0.78 | Win%: 14.5 | S0: 118.5 | FPS: 2053.0 | Var: per
Step: 483328 | EPS: 0.33 | Rew: -0.60 | Win%: 16.0 | S0: 126.7 | FPS: 1912.5 | Var: per
Step: 484352 | EPS: 0.33 | Rew: -0.49 | Win%: 16.5 | S0: 131.8 | FPS: 2033.8 | Var: per
Step: 485376 | EPS: 0.33 | Rew: -0.62 | Win%: 16.5 | S0: 135.3 | FPS: 1959.5 | Var: per
Step: 486400 | EPS: 0.33 | Rew: -0.61 | Win%: 16.5 | S0: 132.8 | FPS: 1930.0 | Var: per
Step: 487424 | EPS: 0.33 | Rew: -0.56 | Win%: 17.0 | S0: 133.2 | FPS: 2023.6 | Var: per
Step: 488448 | EPS: 0.33 | Rew: -0.54 | Win%: 16.5 | S0: 126.3 | FPS: 2022.4 | Var: per
Step: 489472 | EPS: 0.33 | Rew: -0.62 | Win%: 16.0 | S0: 127.8 | FPS: 1936.9 | Var: per
Step: 490496 | EPS: 0.33 | Rew: -0.75 | Win%: 16.5 | S0: 138.9 | FPS: 1986.8 | Var: per
Step: 491520 | EPS: 0.33 | Rew: -0.71 | Win%: 16.0 | S0: 140.8 | FPS: 2243.5 | Var: per
Step: 492544 | EPS: 0.33 | Rew: -0.67 | Win%: 18.0 | S0: 144.5 | FPS: 1997.8 | Var: per
Step: 493568 | EPS: 0.33 | Rew: -0.63 | Win%: 19.5 | S0: 144.9 | FPS: 1923.4 | Var: per
Step: 494592 | EPS: 0.33 | Rew: -0.66 | Win%: 19.5 | S0: 149.6 | FPS: 1884.6 | Var: per
Step: 495616 | EPS: 0.33 | Rew: -0.52 | Win%: 20.0 | S0: 146.4 | FPS: 2007.4 | Var: per
Step: 496640 | EPS: 0.33 | Rew: -0.65 | Win%: 17.5 | S0: 131.4 | FPS: 2022.6 | Var: per
Step: 497664 | EPS: 0.33 | Rew: -0.70 | Win%: 17.0 | S0: 128.6 | FPS: 1912.2 | Var: per
Step: 498688 | EPS: 0.33 | Rew: -0.69 | Win%: 17.0 | S0: 130.9 | FPS: 1827.2 | Var: per
Step: 499712 | EPS: 0.33 | Rew: -0.81 | Win%: 16.0 | S0: 130.2 | FPS: 2062.7 | Var: per
Step: 500736 | EPS: 0.33 | Rew: -0.79 | Win%: 16.5 | S0: 134.2 | FPS: 1981.3 | Var: per
Step: 501760 | EPS: 0.33 | Rew: -0.77 | Win%: 17.5 | S0: 137.0 | FPS: 1979.8 | Var: per
Step: 502784 | EPS: 0.33 | Rew: -0.66 | Win%: 18.5 | S0: 134.7 | FPS: 1949.7 | Var: per
Step: 503808 | EPS: 0.33 | Rew: -0.66 | Win%: 17.5 | S0: 132.2 | FPS: 1837.0 | Var: per
Step: 504832 | EPS: 0.33 | Rew: -0.62 | Win%: 17.0 | S0: 133.2 | FPS: 1740.5 | Var: per
Step: 505856 | EPS: 0.33 | Rew: -0.57 | Win%: 17.5 | S0: 130.7 | FPS: 1872.6 | Var: per
Step: 506880 | EPS: 0.33 | Rew: -0.62 | Win%: 16.5 | S0: 133.2 | FPS: 1743.6 | Var: per
Step: 507904 | EPS: 0.33 | Rew: -0.60 | Win%: 17.5 | S0: 144.2 | FPS: 1947.2 | Var: per
Step: 508928 | EPS: 0.33 | Rew: -0.53 | Win%: 17.5 | S0: 150.3 | FPS: 1828.2 | Var: per
Step: 509952 | EPS: 0.33 | Rew: -0.48 | Win%: 18.5 | S0: 150.0 | FPS: 1730.9 | Var: per
Step: 510976 | EPS: 0.33 | Rew: -0.54 | Win%: 17.5 | S0: 153.8 | FPS: 1994.0 | Var: per
Step: 512000 | EPS: 0.33 | Rew: -0.56 | Win%: 18.0 | S0: 155.1 | FPS: 1944.6 | Var: per
Step: 513024 | EPS: 0.33 | Rew: -0.54 | Win%: 19.5 | S0: 159.9 | FPS: 2070.8 | Var: per
Step: 514048 | EPS: 0.33 | Rew: -0.60 | Win%: 19.0 | S0: 153.5 | FPS: 1636.3 | Var: per
Step: 515072 | EPS: 0.33 | Rew: -0.60 | Win%: 20.5 | S0: 162.4 | FPS: 2015.3 | Var: per
Step: 516096 | EPS: 0.33 | Rew: -0.66 | Win%: 19.5 | S0: 163.6 | FPS: 1854.1 | Var: per
Step: 517120 | EPS: 0.33 | Rew: -0.75 | Win%: 18.5 | S0: 156.4 | FPS: 2020.3 | Var: per
Step: 518144 | EPS: 0.33 | Rew: -0.75 | Win%: 16.5 | S0: 151.9 | FPS: 1753.5 | Var: per
Step: 519168 | EPS: 0.33 | Rew: -0.68 | Win%: 17.5 | S0: 153.8 | FPS: 2006.5 | Var: per
Step: 520192 | EPS: 0.33 | Rew: -0.84 | Win%: 15.5 | S0: 143.1 | FPS: 1977.5 | Var: per
Step: 521216 | EPS: 0.33 | Rew: -0.85 | Win%: 15.0 | S0: 139.4 | FPS: 1971.1 | Var: per
Step: 522240 | EPS: 0.33 | Rew: -0.81 | Win%: 14.0 | S0: 137.0 | FPS: 1830.0 | Var: per
Step: 523264 | EPS: 0.33 | Rew: -0.83 | Win%: 11.5 | S0: 129.1 | FPS: 1877.8 | Var: per
Step: 524288 | EPS: 0.33 | Rew: -0.84 | Win%: 11.0 | S0: 125.0 | FPS: 2032.9 | Var: per
Step: 525312 | EPS: 0.33 | Rew: -0.74 | Win%: 9.5 | S0: 122.4 | FPS: 1869.5 | Var: per
Step: 526336 | EPS: 0.33 | Rew: -0.61 | Win%: 11.0 | S0: 131.9 | FPS: 1591.4 | Var: per
Step: 527360 | EPS: 0.33 | Rew: -0.62 | Win%: 12.0 | S0: 132.2 | FPS: 2025.0 | Var: per
Step: 528384 | EPS: 0.33 | Rew: -0.47 | Win%: 14.0 | S0: 137.7 | FPS: 1942.5 | Var: per
Step: 529408 | EPS: 0.33 | Rew: -0.53 | Win%: 13.0 | S0: 130.8 | FPS: 1888.5 | Var: per
Step: 530432 | EPS: 0.33 | Rew: -0.53 | Win%: 13.5 | S0: 132.9 | FPS: 1809.5 | Var: per
Step: 531456 | EPS: 0.33 | Rew: -0.53 | Win%: 16.0 | S0: 145.1 | FPS: 2090.4 | Var: per
Step: 532480 | EPS: 0.33 | Rew: -0.53 | Win%: 16.5 | S0: 148.4 | FPS: 1847.8 | Var: per
Step: 533504 | EPS: 0.32 | Rew: -0.52 | Win%: 18.0 | S0: 152.3 | FPS: 1577.7 | Var: per
Step: 534528 | EPS: 0.32 | Rew: -0.58 | Win%: 19.0 | S0: 155.2 | FPS: 2042.9 | Var: per
Step: 535552 | EPS: 0.32 | Rew: -0.49 | Win%: 18.5 | S0: 156.9 | FPS: 1820.5 | Var: per
Step: 536576 | EPS: 0.32 | Rew: -0.50 | Win%: 19.5 | S0: 157.7 | FPS: 2011.1 | Var: per
Step: 537600 | EPS: 0.32 | Rew: -0.55 | Win%: 18.0 | S0: 146.1 | FPS: 1759.4 | Var: per
Step: 538624 | EPS: 0.32 | Rew: -0.55 | Win%: 17.0 | S0: 148.7 | FPS: 2013.3 | Var: per
Step: 539648 | EPS: 0.32 | Rew: -0.64 | Win%: 16.5 | S0: 148.2 | FPS: 2059.2 | Var: per
Step: 540672 | EPS: 0.32 | Rew: -0.71 | Win%: 15.5 | S0: 146.4 | FPS: 1839.4 | Var: per
Step: 541696 | EPS: 0.32 | Rew: -0.84 | Win%: 15.0 | S0: 142.3 | FPS: 1749.7 | Var: per
Step: 542720 | EPS: 0.32 | Rew: -0.80 | Win%: 13.0 | S0: 139.8 | FPS: 2076.4 | Var: per
Step: 543744 | EPS: 0.32 | Rew: -0.77 | Win%: 13.0 | S0: 138.2 | FPS: 2006.9 | Var: per
Step: 544768 | EPS: 0.32 | Rew: -0.77 | Win%: 14.5 | S0: 143.1 | FPS: 1947.0 | Var: per
Step: 545792 | EPS: 0.32 | Rew: -0.76 | Win%: 12.5 | S0: 137.2 | FPS: 1984.9 | Var: per
Step: 546816 | EPS: 0.32 | Rew: -0.60 | Win%: 15.0 | S0: 137.4 | FPS: 2024.6 | Var: per
Step: 547840 | EPS: 0.32 | Rew: -0.42 | Win%: 17.0 | S0: 142.0 | FPS: 1954.7 | Var: per
Step: 548864 | EPS: 0.32 | Rew: -0.57 | Win%: 16.5 | S0: 141.1 | FPS: 1977.2 | Var: per
Step: 549888 | EPS: 0.32 | Rew: -0.54 | Win%: 16.5 | S0: 137.9 | FPS: 1926.4 | Var: per
Step: 550912 | EPS: 0.32 | Rew: -0.57 | Win%: 17.5 | S0: 134.4 | FPS: 2055.8 | Var: per
Step: 551936 | EPS: 0.32 | Rew: -0.48 | Win%: 18.5 | S0: 138.8 | FPS: 1995.4 | Var: per
Step: 552960 | EPS: 0.32 | Rew: -0.44 | Win%: 19.5 | S0: 142.8 | FPS: 2029.7 | Var: per
Step: 553984 | EPS: 0.32 | Rew: -0.40 | Win%: 22.5 | S0: 152.8 | FPS: 1909.6 | Var: per
Step: 555008 | EPS: 0.32 | Rew: -0.41 | Win%: 24.0 | S0: 157.7 | FPS: 1818.1 | Var: per
Step: 556032 | EPS: 0.32 | Rew: -0.38 | Win%: 24.0 | S0: 154.5 | FPS: 1837.8 | Var: per
Step: 557056 | EPS: 0.32 | Rew: -0.39 | Win%: 24.0 | S0: 149.7 | FPS: 2095.4 | Var: per
Step: 558080 | EPS: 0.32 | Rew: -0.43 | Win%: 25.0 | S0: 148.8 | FPS: 1828.7 | Var: per
Step: 559104 | EPS: 0.32 | Rew: -0.51 | Win%: 23.0 | S0: 150.1 | FPS: 1906.4 | Var: per
Step: 560128 | EPS: 0.32 | Rew: -0.50 | Win%: 23.5 | S0: 150.7 | FPS: 1969.1 | Var: per
Step: 561152 | EPS: 0.32 | Rew: -0.59 | Win%: 21.5 | S0: 146.8 | FPS: 1868.6 | Var: per
Step: 562176 | EPS: 0.32 | Rew: -0.46 | Win%: 23.0 | S0: 157.8 | FPS: 1998.8 | Var: per
Step: 563200 | EPS: 0.32 | Rew: -0.34 | Win%: 24.0 | S0: 157.0 | FPS: 1864.7 | Var: per
Step: 564224 | EPS: 0.32 | Rew: -0.39 | Win%: 23.5 | S0: 157.9 | FPS: 1908.4 | Var: per
Step: 565248 | EPS: 0.32 | Rew: -0.36 | Win%: 21.5 | S0: 154.7 | FPS: 1899.1 | Var: per
Step: 566272 | EPS: 0.32 | Rew: -0.29 | Win%: 23.0 | S0: 157.7 | FPS: 1766.5 | Var: per
Step: 567296 | EPS: 0.32 | Rew: -0.37 | Win%: 20.5 | S0: 149.9 | FPS: 2006.9 | Var: per
Step: 568320 | EPS: 0.32 | Rew: -0.35 | Win%: 21.5 | S0: 155.7 | FPS: 1936.6 | Var: per
Step: 569344 | EPS: 0.32 | Rew: -0.38 | Win%: 21.5 | S0: 165.8 | FPS: 1960.1 | Var: per
Step: 570368 | EPS: 0.32 | Rew: -0.44 | Win%: 20.5 | S0: 165.5 | FPS: 1828.6 | Var: per
Step: 571392 | EPS: 0.32 | Rew: -0.43 | Win%: 23.5 | S0: 170.8 | FPS: 1968.9 | Var: per
Step: 572416 | EPS: 0.32 | Rew: -0.64 | Win%: 22.0 | S0: 164.4 | FPS: 1937.2 | Var: per
Step: 573440 | EPS: 0.32 | Rew: -0.55 | Win%: 23.0 | S0: 166.7 | FPS: 2043.8 | Var: per
Step: 574464 | EPS: 0.32 | Rew: -0.59 | Win%: 22.0 | S0: 166.8 | FPS: 1675.1 | Var: per
Step: 575488 | EPS: 0.32 | Rew: -0.70 | Win%: 21.0 | S0: 160.0 | FPS: 1988.9 | Var: per
Step: 576512 | EPS: 0.32 | Rew: -0.71 | Win%: 21.0 | S0: 155.0 | FPS: 1967.0 | Var: per
Step: 577536 | EPS: 0.32 | Rew: -0.68 | Win%: 21.5 | S0: 154.6 | FPS: 1859.4 | Var: per
Step: 578560 | EPS: 0.32 | Rew: -0.59 | Win%: 20.0 | S0: 154.9 | FPS: 2009.3 | Var: per
Step: 579584 | EPS: 0.32 | Rew: -0.62 | Win%: 19.5 | S0: 144.0 | FPS: 2073.8 | Var: per
Step: 580608 | EPS: 0.32 | Rew: -0.58 | Win%: 19.0 | S0: 141.3 | FPS: 1992.6 | Var: per
Step: 581632 | EPS: 0.32 | Rew: -0.73 | Win%: 18.5 | S0: 131.7 | FPS: 2101.3 | Var: per
Step: 582656 | EPS: 0.32 | Rew: -0.85 | Win%: 16.5 | S0: 125.6 | FPS: 1830.2 | Var: per
Step: 583680 | EPS: 0.32 | Rew: -0.83 | Win%: 15.5 | S0: 131.2 | FPS: 1996.3 | Var: per
Step: 584704 | EPS: 0.32 | Rew: -0.87 | Win%: 15.0 | S0: 126.7 | FPS: 1887.9 | Var: per
Step: 585728 | EPS: 0.32 | Rew: -0.79 | Win%: 16.0 | S0: 126.5 | FPS: 2206.0 | Var: per
Step: 586752 | EPS: 0.32 | Rew: -0.79 | Win%: 16.0 | S0: 127.2 | FPS: 1871.3 | Var: per
Step: 587776 | EPS: 0.32 | Rew: -0.66 | Win%: 16.0 | S0: 128.1 | FPS: 2033.9 | Var: per
Step: 588800 | EPS: 0.32 | Rew: -0.66 | Win%: 14.5 | S0: 120.3 | FPS: 1953.3 | Var: per
Step: 589824 | EPS: 0.32 | Rew: -0.76 | Win%: 14.0 | S0: 114.0 | FPS: 2028.2 | Var: per
Step: 590848 | EPS: 0.32 | Rew: -0.66 | Win%: 14.5 | S0: 114.2 | FPS: 1762.9 | Var: per
Step: 591872 | EPS: 0.32 | Rew: -0.60 | Win%: 16.0 | S0: 124.0 | FPS: 2035.3 | Var: per
Step: 592896 | EPS: 0.32 | Rew: -0.60 | Win%: 15.5 | S0: 124.0 | FPS: 1841.3 | Var: per
Step: 593920 | EPS: 0.32 | Rew: -0.81 | Win%: 16.0 | S0: 126.6 | FPS: 1688.5 | Var: per
Step: 594944 | EPS: 0.32 | Rew: -0.80 | Win%: 16.0 | S0: 129.3 | FPS: 1870.9 | Var: per
Step: 595968 | EPS: 0.32 | Rew: -0.78 | Win%: 15.0 | S0: 119.8 | FPS: 2024.2 | Var: per
Step: 596992 | EPS: 0.32 | Rew: -0.81 | Win%: 16.0 | S0: 124.2 | FPS: 2137.6 | Var: per
Step: 598016 | EPS: 0.32 | Rew: -0.93 | Win%: 16.0 | S0: 123.0 | FPS: 1989.9 | Var: per
Step: 599040 | EPS: 0.32 | Rew: -0.95 | Win%: 15.0 | S0: 121.2 | FPS: 2020.2 | Var: per
Step: 600064 | EPS: 0.32 | Rew: -0.95 | Win%: 13.5 | S0: 115.8 | FPS: 2012.7 | Var: per
Step: 601088 | EPS: 0.32 | Rew: -1.11 | Win%: 12.5 | S0: 113.8 | FPS: 1977.5 | Var: per
Step: 602112 | EPS: 0.32 | Rew: -0.95 | Win%: 15.0 | S0: 127.1 | FPS: 1656.0 | Var: per
Step: 603136 | EPS: 0.32 | Rew: -1.00 | Win%: 14.0 | S0: 127.5 | FPS: 1888.4 | Var: per
Step: 604160 | EPS: 0.31 | Rew: -0.81 | Win%: 15.0 | S0: 130.3 | FPS: 2062.3 | Var: per
Step: 605184 | EPS: 0.31 | Rew: -0.84 | Win%: 14.0 | S0: 131.0 | FPS: 2264.4 | Var: per
Step: 606208 | EPS: 0.31 | Rew: -0.73 | Win%: 13.5 | S0: 123.3 | FPS: 1913.6 | Var: per
Step: 607232 | EPS: 0.31 | Rew: -0.54 | Win%: 15.5 | S0: 126.2 | FPS: 2046.0 | Var: per
Step: 608256 | EPS: 0.31 | Rew: -0.51 | Win%: 16.0 | S0: 126.2 | FPS: 1937.1 | Var: per
Step: 609280 | EPS: 0.31 | Rew: -0.66 | Win%: 16.0 | S0: 127.8 | FPS: 1981.9 | Var: per
Step: 610304 | EPS: 0.31 | Rew: -0.59 | Win%: 17.0 | S0: 130.6 | FPS: 2222.4 | Var: per
Step: 611328 | EPS: 0.31 | Rew: -0.71 | Win%: 15.0 | S0: 128.4 | FPS: 2168.6 | Var: per
Step: 612352 | EPS: 0.31 | Rew: -0.71 | Win%: 16.5 | S0: 126.4 | FPS: 2290.0 | Var: per
Step: 613376 | EPS: 0.31 | Rew: -0.83 | Win%: 17.5 | S0: 129.1 | FPS: 1964.6 | Var: per
Step: 614400 | EPS: 0.31 | Rew: -0.79 | Win%: 19.5 | S0: 132.8 | FPS: 2057.1 | Var: per
Step: 615424 | EPS: 0.31 | Rew: -0.83 | Win%: 20.0 | S0: 137.3 | FPS: 2002.0 | Var: per
Step: 616448 | EPS: 0.31 | Rew: -0.89 | Win%: 18.0 | S0: 127.0 | FPS: 1904.6 | Var: per
Step: 617472 | EPS: 0.31 | Rew: -0.86 | Win%: 19.0 | S0: 131.7 | FPS: 1830.1 | Var: per
Step: 618496 | EPS: 0.31 | Rew: -0.79 | Win%: 18.5 | S0: 127.4 | FPS: 1924.7 | Var: per
Step: 619520 | EPS: 0.31 | Rew: -0.83 | Win%: 18.0 | S0: 125.5 | FPS: 1787.9 | Var: per
Step: 620544 | EPS: 0.31 | Rew: -0.75 | Win%: 19.0 | S0: 128.8 | FPS: 2017.3 | Var: per
Step: 621568 | EPS: 0.31 | Rew: -0.74 | Win%: 18.5 | S0: 127.7 | FPS: 1959.9 | Var: per
Step: 622592 | EPS: 0.31 | Rew: -0.78 | Win%: 18.5 | S0: 126.2 | FPS: 2096.5 | Var: per
Step: 623616 | EPS: 0.31 | Rew: -0.74 | Win%: 19.5 | S0: 128.8 | FPS: 1768.7 | Var: per
Step: 624640 | EPS: 0.31 | Rew: -0.75 | Win%: 19.5 | S0: 131.9 | FPS: 2020.7 | Var: per
Step: 625664 | EPS: 0.31 | Rew: -0.88 | Win%: 18.5 | S0: 125.3 | FPS: 2118.3 | Var: per
Step: 626688 | EPS: 0.31 | Rew: -0.88 | Win%: 18.5 | S0: 124.4 | FPS: 2046.1 | Var: per
Step: 627712 | EPS: 0.31 | Rew: -0.82 | Win%: 17.0 | S0: 122.9 | FPS: 1973.7 | Var: per
Step: 628736 | EPS: 0.31 | Rew: -0.87 | Win%: 18.0 | S0: 125.2 | FPS: 1987.9 | Var: per
Step: 629760 | EPS: 0.31 | Rew: -0.86 | Win%: 16.5 | S0: 123.0 | FPS: 1968.3 | Var: per
Step: 630784 | EPS: 0.31 | Rew: -0.91 | Win%: 16.5 | S0: 118.9 | FPS: 1823.1 | Var: per
Step: 631808 | EPS: 0.31 | Rew: -0.94 | Win%: 16.0 | S0: 117.8 | FPS: 1880.9 | Var: per
Step: 632832 | EPS: 0.31 | Rew: -1.03 | Win%: 16.0 | S0: 122.5 | FPS: 2096.7 | Var: per
Step: 633856 | EPS: 0.31 | Rew: -1.13 | Win%: 14.5 | S0: 116.2 | FPS: 1919.0 | Var: per
Step: 634880 | EPS: 0.31 | Rew: -1.09 | Win%: 15.5 | S0: 121.8 | FPS: 1834.7 | Var: per
Step: 635904 | EPS: 0.31 | Rew: -0.97 | Win%: 16.5 | S0: 130.1 | FPS: 2024.7 | Var: per
Step: 636928 | EPS: 0.31 | Rew: -0.97 | Win%: 15.0 | S0: 126.2 | FPS: 2050.0 | Var: per
Step: 637952 | EPS: 0.31 | Rew: -1.08 | Win%: 13.5 | S0: 123.3 | FPS: 1978.7 | Var: per
Step: 638976 | EPS: 0.31 | Rew: -1.16 | Win%: 13.0 | S0: 125.6 | FPS: 2053.2 | Var: per
Step: 640000 | EPS: 0.31 | Rew: -1.11 | Win%: 13.5 | S0: 125.1 | FPS: 1835.4 | Var: per
Step: 641024 | EPS: 0.31 | Rew: -0.99 | Win%: 12.0 | S0: 124.3 | FPS: 1994.5 | Var: per
Step: 642048 | EPS: 0.31 | Rew: -0.79 | Win%: 13.5 | S0: 129.9 | FPS: 2107.2 | Var: per
Step: 643072 | EPS: 0.31 | Rew: -0.87 | Win%: 12.5 | S0: 129.9 | FPS: 2082.9 | Var: per
Step: 644096 | EPS: 0.31 | Rew: -0.93 | Win%: 13.0 | S0: 130.9 | FPS: 1965.8 | Var: per
Step: 645120 | EPS: 0.31 | Rew: -0.99 | Win%: 13.5 | S0: 133.7 | FPS: 2099.9 | Var: per
Step: 646144 | EPS: 0.31 | Rew: -0.86 | Win%: 13.5 | S0: 136.6 | FPS: 2135.4 | Var: per
Step: 647168 | EPS: 0.31 | Rew: -0.88 | Win%: 13.5 | S0: 142.4 | FPS: 1905.8 | Var: per
Step: 648192 | EPS: 0.31 | Rew: -0.75 | Win%: 14.0 | S0: 142.2 | FPS: 1979.5 | Var: per
Step: 649216 | EPS: 0.31 | Rew: -0.75 | Win%: 16.0 | S0: 149.7 | FPS: 2120.2 | Var: per
Step: 650240 | EPS: 0.31 | Rew: -0.72 | Win%: 17.0 | S0: 149.9 | FPS: 1991.7 | Var: per
Step: 651264 | EPS: 0.31 | Rew: -0.68 | Win%: 17.5 | S0: 144.4 | FPS: 2059.8 | Var: per
Step: 652288 | EPS: 0.31 | Rew: -0.64 | Win%: 17.5 | S0: 142.9 | FPS: 2071.6 | Var: per
Step: 653312 | EPS: 0.31 | Rew: -0.48 | Win%: 18.0 | S0: 150.9 | FPS: 2092.3 | Var: per
Step: 654336 | EPS: 0.31 | Rew: -0.50 | Win%: 18.5 | S0: 154.2 | FPS: 1926.6 | Var: per
Step: 655360 | EPS: 0.31 | Rew: -0.54 | Win%: 19.0 | S0: 152.9 | FPS: 2095.6 | Var: per
Step: 656384 | EPS: 0.31 | Rew: -0.59 | Win%: 19.0 | S0: 146.4 | FPS: 2097.1 | Var: per
Step: 657408 | EPS: 0.31 | Rew: -0.64 | Win%: 18.5 | S0: 144.6 | FPS: 1951.6 | Var: per
Step: 658432 | EPS: 0.31 | Rew: -0.69 | Win%: 18.5 | S0: 141.2 | FPS: 1847.9 | Var: per
Step: 659456 | EPS: 0.31 | Rew: -0.69 | Win%: 18.5 | S0: 137.6 | FPS: 2007.0 | Var: per
Step: 660480 | EPS: 0.31 | Rew: -0.83 | Win%: 18.5 | S0: 141.6 | FPS: 2095.1 | Var: per
Step: 661504 | EPS: 0.31 | Rew: -0.82 | Win%: 18.5 | S0: 140.2 | FPS: 2066.7 | Var: per
Step: 662528 | EPS: 0.31 | Rew: -0.99 | Win%: 18.5 | S0: 138.6 | FPS: 1964.0 | Var: per
Step: 663552 | EPS: 0.31 | Rew: -1.08 | Win%: 15.5 | S0: 128.3 | FPS: 2023.7 | Var: per
Step: 664576 | EPS: 0.31 | Rew: -1.05 | Win%: 15.5 | S0: 133.0 | FPS: 2046.7 | Var: per
Step: 665600 | EPS: 0.31 | Rew: -1.03 | Win%: 15.5 | S0: 135.3 | FPS: 2102.2 | Var: per
Step: 666624 | EPS: 0.31 | Rew: -1.21 | Win%: 14.5 | S0: 129.3 | FPS: 2043.3 | Var: per
Step: 667648 | EPS: 0.31 | Rew: -1.02 | Win%: 14.5 | S0: 128.9 | FPS: 2060.2 | Var: per
Step: 668672 | EPS: 0.31 | Rew: -1.09 | Win%: 14.0 | S0: 125.0 | FPS: 2047.9 | Var: per
Step: 669696 | EPS: 0.31 | Rew: -0.84 | Win%: 15.0 | S0: 125.3 | FPS: 1950.1 | Var: per
Step: 670720 | EPS: 0.31 | Rew: -0.81 | Win%: 15.5 | S0: 129.2 | FPS: 2050.6 | Var: per
Step: 671744 | EPS: 0.31 | Rew: -0.76 | Win%: 15.0 | S0: 131.4 | FPS: 1859.1 | Var: per
Step: 672768 | EPS: 0.31 | Rew: -0.66 | Win%: 16.0 | S0: 136.8 | FPS: 1935.7 | Var: per
Step: 673792 | EPS: 0.31 | Rew: -0.58 | Win%: 16.0 | S0: 134.5 | FPS: 2098.9 | Var: per
Step: 674816 | EPS: 0.31 | Rew: -0.46 | Win%: 18.0 | S0: 138.8 | FPS: 2065.5 | Var: per
Step: 675840 | EPS: 0.30 | Rew: -0.55 | Win%: 18.5 | S0: 142.3 | FPS: 2038.2 | Var: per
Step: 676864 | EPS: 0.30 | Rew: -0.55 | Win%: 20.5 | S0: 147.3 | FPS: 1863.2 | Var: per
Step: 677888 | EPS: 0.30 | Rew: -0.49 | Win%: 19.5 | S0: 141.9 | FPS: 1915.1 | Var: per
Step: 678912 | EPS: 0.30 | Rew: -0.52 | Win%: 21.0 | S0: 155.8 | FPS: 2025.3 | Var: per
Step: 679936 | EPS: 0.30 | Rew: -0.57 | Win%: 21.5 | S0: 152.1 | FPS: 2011.9 | Var: per
Step: 680960 | EPS: 0.30 | Rew: -0.62 | Win%: 22.0 | S0: 152.9 | FPS: 1760.1 | Var: per
Step: 681984 | EPS: 0.30 | Rew: -0.53 | Win%: 21.5 | S0: 160.2 | FPS: 1883.9 | Var: per
Step: 683008 | EPS: 0.30 | Rew: -0.62 | Win%: 21.0 | S0: 159.7 | FPS: 2103.3 | Var: per
Step: 684032 | EPS: 0.30 | Rew: -0.79 | Win%: 19.0 | S0: 160.7 | FPS: 2022.4 | Var: per
Step: 685056 | EPS: 0.30 | Rew: -0.73 | Win%: 18.5 | S0: 155.1 | FPS: 2127.0 | Var: per
Step: 686080 | EPS: 0.30 | Rew: -0.76 | Win%: 17.0 | S0: 152.4 | FPS: 2066.1 | Var: per
Step: 687104 | EPS: 0.30 | Rew: -0.80 | Win%: 15.5 | S0: 146.3 | FPS: 2085.2 | Var: per
Step: 688128 | EPS: 0.30 | Rew: -0.79 | Win%: 16.5 | S0: 152.6 | FPS: 1777.7 | Var: per
Step: 689152 | EPS: 0.30 | Rew: -0.67 | Win%: 15.0 | S0: 144.9 | FPS: 2072.0 | Var: per
Step: 690176 | EPS: 0.30 | Rew: -0.72 | Win%: 13.5 | S0: 125.7 | FPS: 1808.1 | Var: per
Step: 691200 | EPS: 0.30 | Rew: -0.80 | Win%: 12.0 | S0: 124.7 | FPS: 2104.7 | Var: per
Step: 692224 | EPS: 0.30 | Rew: -0.72 | Win%: 13.0 | S0: 123.3 | FPS: 1906.9 | Var: per
Step: 693248 | EPS: 0.30 | Rew: -0.74 | Win%: 12.0 | S0: 117.2 | FPS: 1859.6 | Var: per
Step: 694272 | EPS: 0.30 | Rew: -0.78 | Win%: 12.0 | S0: 117.5 | FPS: 1701.1 | Var: per
Step: 695296 | EPS: 0.30 | Rew: -0.68 | Win%: 13.5 | S0: 119.2 | FPS: 1859.0 | Var: per
Step: 696320 | EPS: 0.30 | Rew: -0.63 | Win%: 14.0 | S0: 123.4 | FPS: 1960.5 | Var: per
Step: 697344 | EPS: 0.30 | Rew: -0.68 | Win%: 14.0 | S0: 119.5 | FPS: 1824.9 | Var: per
Step: 698368 | EPS: 0.30 | Rew: -0.61 | Win%: 16.0 | S0: 131.8 | FPS: 1967.3 | Var: per
Step: 699392 | EPS: 0.30 | Rew: -0.50 | Win%: 16.5 | S0: 129.8 | FPS: 1877.0 | Var: per
Step: 700416 | EPS: 0.30 | Rew: -0.53 | Win%: 17.0 | S0: 133.2 | FPS: 2040.0 | Var: per
Step: 701440 | EPS: 0.30 | Rew: -0.58 | Win%: 17.0 | S0: 136.1 | FPS: 1964.7 | Var: per
Step: 702464 | EPS: 0.30 | Rew: -0.46 | Win%: 18.5 | S0: 142.2 | FPS: 1946.1 | Var: per
Step: 703488 | EPS: 0.30 | Rew: -0.51 | Win%: 18.5 | S0: 149.8 | FPS: 2255.5 | Var: per
Step: 704512 | EPS: 0.30 | Rew: -0.61 | Win%: 17.5 | S0: 142.8 | FPS: 2138.2 | Var: per
Step: 705536 | EPS: 0.30 | Rew: -0.61 | Win%: 19.5 | S0: 147.8 | FPS: 1953.2 | Var: per
Step: 706560 | EPS: 0.30 | Rew: -0.57 | Win%: 20.5 | S0: 151.2 | FPS: 2115.4 | Var: per
Step: 707584 | EPS: 0.30 | Rew: -0.55 | Win%: 20.5 | S0: 153.0 | FPS: 2059.6 | Var: per
Step: 708608 | EPS: 0.30 | Rew: -0.49 | Win%: 20.5 | S0: 154.6 | FPS: 1974.5 | Var: per
Step: 709632 | EPS: 0.30 | Rew: -0.53 | Win%: 20.5 | S0: 159.2 | FPS: 1699.4 | Var: per
Step: 710656 | EPS: 0.30 | Rew: -0.44 | Win%: 21.0 | S0: 162.8 | FPS: 2005.4 | Var: per
Step: 711680 | EPS: 0.30 | Rew: -0.45 | Win%: 20.0 | S0: 161.9 | FPS: 1996.8 | Var: per
Step: 712704 | EPS: 0.30 | Rew: -0.51 | Win%: 19.5 | S0: 157.6 | FPS: 2159.7 | Var: per
Step: 713728 | EPS: 0.30 | Rew: -0.57 | Win%: 19.5 | S0: 159.7 | FPS: 1939.3 | Var: per
Step: 714752 | EPS: 0.30 | Rew: -0.67 | Win%: 19.5 | S0: 154.7 | FPS: 2059.4 | Var: per
Step: 715776 | EPS: 0.30 | Rew: -0.70 | Win%: 20.0 | S0: 158.7 | FPS: 2078.6 | Var: per
Step: 716800 | EPS: 0.30 | Rew: -0.75 | Win%: 19.0 | S0: 153.7 | FPS: 1989.0 | Var: per
Step: 717824 | EPS: 0.30 | Rew: -0.68 | Win%: 20.0 | S0: 160.3 | FPS: 2040.1 | Var: per
Step: 718848 | EPS: 0.30 | Rew: -0.70 | Win%: 18.5 | S0: 158.2 | FPS: 2082.0 | Var: per
Step: 719872 | EPS: 0.30 | Rew: -0.63 | Win%: 18.0 | S0: 155.9 | FPS: 2046.0 | Var: per
Step: 720896 | EPS: 0.30 | Rew: -0.57 | Win%: 17.5 | S0: 151.7 | FPS: 1992.3 | Var: per
Step: 721920 | EPS: 0.30 | Rew: -0.58 | Win%: 17.5 | S0: 151.9 | FPS: 2000.3 | Var: per
Step: 722944 | EPS: 0.30 | Rew: -0.60 | Win%: 17.0 | S0: 145.8 | FPS: 2116.2 | Var: per
Step: 723968 | EPS: 0.30 | Rew: -0.71 | Win%: 16.0 | S0: 137.3 | FPS: 2102.7 | Var: per
Step: 724992 | EPS: 0.30 | Rew: -0.77 | Win%: 17.0 | S0: 135.4 | FPS: 1991.9 | Var: per
Step: 726016 | EPS: 0.30 | Rew: -0.78 | Win%: 16.0 | S0: 138.7 | FPS: 1964.3 | Var: per
Step: 727040 | EPS: 0.30 | Rew: -0.69 | Win%: 17.0 | S0: 141.3 | FPS: 1847.2 | Var: per
Step: 728064 | EPS: 0.30 | Rew: -0.69 | Win%: 18.5 | S0: 148.1 | FPS: 1975.6 | Var: per
Step: 729088 | EPS: 0.30 | Rew: -0.65 | Win%: 17.5 | S0: 149.8 | FPS: 1969.5 | Var: per
Step: 730112 | EPS: 0.30 | Rew: -0.66 | Win%: 19.0 | S0: 155.5 | FPS: 2018.8 | Var: per
Step: 731136 | EPS: 0.30 | Rew: -0.56 | Win%: 18.5 | S0: 150.3 | FPS: 2095.2 | Var: per
Step: 732160 | EPS: 0.30 | Rew: -0.58 | Win%: 19.0 | S0: 144.2 | FPS: 2062.2 | Var: per
Step: 733184 | EPS: 0.30 | Rew: -0.56 | Win%: 18.0 | S0: 145.2 | FPS: 2031.5 | Var: per
Step: 734208 | EPS: 0.30 | Rew: -0.55 | Win%: 18.0 | S0: 151.6 | FPS: 2000.1 | Var: per
Step: 735232 | EPS: 0.30 | Rew: -0.56 | Win%: 17.5 | S0: 148.6 | FPS: 2035.2 | Var: per
Step: 736256 | EPS: 0.30 | Rew: -0.54 | Win%: 19.5 | S0: 152.5 | FPS: 1888.6 | Var: per
Step: 737280 | EPS: 0.30 | Rew: -0.64 | Win%: 18.0 | S0: 146.2 | FPS: 2152.0 | Var: per
Step: 738304 | EPS: 0.30 | Rew: -0.65 | Win%: 17.5 | S0: 151.9 | FPS: 2080.0 | Var: per
Step: 739328 | EPS: 0.30 | Rew: -0.66 | Win%: 18.0 | S0: 150.3 | FPS: 1936.8 | Var: per
Step: 740352 | EPS: 0.30 | Rew: -0.69 | Win%: 18.0 | S0: 147.2 | FPS: 1966.9 | Var: per
Step: 741376 | EPS: 0.30 | Rew: -0.62 | Win%: 19.5 | S0: 153.3 | FPS: 1998.3 | Var: per
Step: 742400 | EPS: 0.30 | Rew: -0.60 | Win%: 19.0 | S0: 152.3 | FPS: 1893.6 | Var: per
Step: 743424 | EPS: 0.30 | Rew: -0.59 | Win%: 17.5 | S0: 142.5 | FPS: 1988.5 | Var: per
Step: 744448 | EPS: 0.30 | Rew: -0.59 | Win%: 18.0 | S0: 144.8 | FPS: 1813.6 | Var: per
Step: 745472 | EPS: 0.30 | Rew: -0.55 | Win%: 18.0 | S0: 146.7 | FPS: 1990.8 | Var: per
Step: 746496 | EPS: 0.29 | Rew: -0.48 | Win%: 18.0 | S0: 145.9 | FPS: 1839.2 | Var: per
Step: 747520 | EPS: 0.29 | Rew: -0.56 | Win%: 19.5 | S0: 152.9 | FPS: 1888.3 | Var: per
Step: 748544 | EPS: 0.29 | Rew: -0.70 | Win%: 16.5 | S0: 144.0 | FPS: 1983.8 | Var: per
Step: 749568 | EPS: 0.29 | Rew: -0.66 | Win%: 17.5 | S0: 154.2 | FPS: 2049.9 | Var: per
Step: 750592 | EPS: 0.29 | Rew: -0.57 | Win%: 19.0 | S0: 157.9 | FPS: 2025.9 | Var: per
Step: 751616 | EPS: 0.29 | Rew: -0.59 | Win%: 18.5 | S0: 155.8 | FPS: 1944.5 | Var: per
Step: 752640 | EPS: 0.29 | Rew: -0.52 | Win%: 20.5 | S0: 165.5 | FPS: 1901.8 | Var: per
Step: 753664 | EPS: 0.29 | Rew: -0.46 | Win%: 19.5 | S0: 167.6 | FPS: 1961.6 | Var: per
Step: 754688 | EPS: 0.29 | Rew: -0.31 | Win%: 20.5 | S0: 167.1 | FPS: 1891.9 | Var: per
Step: 755712 | EPS: 0.29 | Rew: -0.36 | Win%: 21.0 | S0: 165.2 | FPS: 1834.9 | Var: per
Step: 756736 | EPS: 0.29 | Rew: -0.29 | Win%: 23.5 | S0: 177.6 | FPS: 1977.4 | Var: per
Step: 757760 | EPS: 0.29 | Rew: -0.25 | Win%: 24.0 | S0: 177.8 | FPS: 1957.8 | Var: per
Step: 758784 | EPS: 0.29 | Rew: -0.22 | Win%: 26.5 | S0: 181.1 | FPS: 2004.7 | Var: per
Step: 759808 | EPS: 0.29 | Rew: -0.28 | Win%: 27.0 | S0: 179.4 | FPS: 1966.6 | Var: per
Step: 760832 | EPS: 0.29 | Rew: -0.17 | Win%: 30.0 | S0: 190.4 | FPS: 2039.3 | Var: per
Step: 761856 | EPS: 0.29 | Rew: -0.04 | Win%: 31.0 | S0: 199.0 | FPS: 1991.8 | Var: per
Step: 762880 | EPS: 0.29 | Rew: -0.15 | Win%: 30.0 | S0: 195.1 | FPS: 1949.1 | Var: per
Step: 763904 | EPS: 0.29 | Rew: -0.19 | Win%: 30.5 | S0: 190.4 | FPS: 1800.7 | Var: per
Step: 764928 | EPS: 0.29 | Rew: -0.30 | Win%: 29.0 | S0: 182.9 | FPS: 2126.9 | Var: per
Step: 765952 | EPS: 0.29 | Rew: -0.31 | Win%: 28.5 | S0: 174.5 | FPS: 2011.0 | Var: per
Step: 766976 | EPS: 0.29 | Rew: -0.37 | Win%: 28.0 | S0: 174.4 | FPS: 2076.5 | Var: per
Step: 768000 | EPS: 0.29 | Rew: -0.56 | Win%: 27.0 | S0: 173.8 | FPS: 1830.5 | Var: per
Step: 769024 | EPS: 0.29 | Rew: -0.57 | Win%: 26.0 | S0: 172.3 | FPS: 2002.1 | Var: per
Step: 770048 | EPS: 0.29 | Rew: -0.58 | Win%: 25.0 | S0: 165.8 | FPS: 2095.7 | Var: per
Step: 771072 | EPS: 0.29 | Rew: -0.56 | Win%: 24.5 | S0: 164.8 | FPS: 2084.0 | Var: per
Step: 772096 | EPS: 0.29 | Rew: -0.54 | Win%: 23.5 | S0: 161.8 | FPS: 2297.0 | Var: per
Step: 773120 | EPS: 0.29 | Rew: -0.51 | Win%: 23.5 | S0: 162.4 | FPS: 2153.7 | Var: per
Step: 774144 | EPS: 0.29 | Rew: -0.55 | Win%: 21.0 | S0: 147.8 | FPS: 1852.8 | Var: per
Step: 775168 | EPS: 0.29 | Rew: -0.57 | Win%: 20.0 | S0: 141.3 | FPS: 2117.4 | Var: per
Step: 776192 | EPS: 0.29 | Rew: -0.67 | Win%: 19.5 | S0: 136.8 | FPS: 2128.4 | Var: per
Step: 777216 | EPS: 0.29 | Rew: -0.60 | Win%: 19.5 | S0: 136.1 | FPS: 1777.1 | Var: per
Step: 778240 | EPS: 0.29 | Rew: -0.69 | Win%: 17.5 | S0: 129.2 | FPS: 2061.2 | Var: per
Step: 779264 | EPS: 0.29 | Rew: -0.60 | Win%: 20.5 | S0: 140.8 | FPS: 2028.1 | Var: per
Step: 780288 | EPS: 0.29 | Rew: -0.59 | Win%: 21.0 | S0: 141.1 | FPS: 1782.5 | Var: per
Step: 781312 | EPS: 0.29 | Rew: -0.46 | Win%: 23.5 | S0: 141.4 | FPS: 2045.3 | Var: per
Step: 782336 | EPS: 0.29 | Rew: -0.39 | Win%: 22.5 | S0: 132.9 | FPS: 1972.4 | Var: per
Step: 783360 | EPS: 0.29 | Rew: -0.39 | Win%: 23.5 | S0: 140.0 | FPS: 1878.7 | Var: per
Step: 784384 | EPS: 0.29 | Rew: -0.37 | Win%: 23.0 | S0: 138.2 | FPS: 1705.3 | Var: per
Step: 785408 | EPS: 0.29 | Rew: -0.45 | Win%: 23.0 | S0: 133.6 | FPS: 1803.8 | Var: per
Step: 786432 | EPS: 0.29 | Rew: -0.46 | Win%: 24.0 | S0: 136.3 | FPS: 1717.3 | Var: per
Step: 787456 | EPS: 0.29 | Rew: -0.69 | Win%: 25.0 | S0: 137.4 | FPS: 1832.2 | Var: per
Step: 788480 | EPS: 0.29 | Rew: -0.77 | Win%: 25.5 | S0: 139.9 | FPS: 1808.5 | Var: per
Step: 789504 | EPS: 0.29 | Rew: -0.72 | Win%: 25.5 | S0: 144.8 | FPS: 1983.8 | Var: per
Step: 790528 | EPS: 0.29 | Rew: -0.60 | Win%: 26.0 | S0: 155.0 | FPS: 2034.8 | Var: per
Step: 791552 | EPS: 0.29 | Rew: -0.62 | Win%: 24.0 | S0: 147.2 | FPS: 1994.5 | Var: per
Step: 792576 | EPS: 0.29 | Rew: -0.59 | Win%: 21.0 | S0: 139.2 | FPS: 2022.1 | Var: per
Step: 793600 | EPS: 0.29 | Rew: -0.50 | Win%: 20.0 | S0: 138.3 | FPS: 1959.1 | Var: per
Step: 794624 | EPS: 0.29 | Rew: -0.47 | Win%: 22.0 | S0: 142.2 | FPS: 1908.7 | Var: per
Step: 795648 | EPS: 0.29 | Rew: -0.57 | Win%: 21.0 | S0: 146.3 | FPS: 2023.7 | Var: per
Step: 796672 | EPS: 0.29 | Rew: -0.39 | Win%: 23.0 | S0: 158.4 | FPS: 1919.4 | Var: per
Step: 797696 | EPS: 0.29 | Rew: -0.37 | Win%: 22.5 | S0: 154.2 | FPS: 1865.3 | Var: per
Step: 798720 | EPS: 0.29 | Rew: -0.40 | Win%: 24.0 | S0: 155.6 | FPS: 1945.8 | Var: per
Step: 799744 | EPS: 0.29 | Rew: -0.30 | Win%: 24.0 | S0: 164.2 | FPS: 1802.1 | Var: per
Step: 800768 | EPS: 0.29 | Rew: -0.36 | Win%: 24.5 | S0: 164.6 | FPS: 1930.8 | Var: per
Step: 801792 | EPS: 0.29 | Rew: -0.47 | Win%: 22.0 | S0: 149.3 | FPS: 1981.6 | Var: per
Step: 802816 | EPS: 0.29 | Rew: -0.53 | Win%: 23.0 | S0: 153.6 | FPS: 1980.8 | Var: per
Step: 803840 | EPS: 0.29 | Rew: -0.49 | Win%: 23.0 | S0: 158.2 | FPS: 1888.1 | Var: per
Step: 804864 | EPS: 0.29 | Rew: -0.50 | Win%: 22.5 | S0: 159.0 | FPS: 1979.1 | Var: per
Step: 805888 | EPS: 0.29 | Rew: -0.64 | Win%: 23.5 | S0: 162.1 | FPS: 1932.1 | Var: per
Step: 806912 | EPS: 0.29 | Rew: -0.57 | Win%: 23.5 | S0: 163.1 | FPS: 1932.4 | Var: per
Step: 807936 | EPS: 0.29 | Rew: -0.42 | Win%: 23.0 | S0: 160.8 | FPS: 1993.8 | Var: per
Step: 808960 | EPS: 0.29 | Rew: -0.48 | Win%: 21.5 | S0: 152.8 | FPS: 2009.0 | Var: per
Step: 809984 | EPS: 0.29 | Rew: -0.30 | Win%: 23.0 | S0: 165.8 | FPS: 1961.9 | Var: per
Step: 811008 | EPS: 0.29 | Rew: -0.36 | Win%: 22.0 | S0: 164.9 | FPS: 2019.0 | Var: per
Step: 812032 | EPS: 0.29 | Rew: -0.47 | Win%: 20.0 | S0: 155.4 | FPS: 1836.7 | Var: per
Step: 813056 | EPS: 0.29 | Rew: -0.40 | Win%: 22.5 | S0: 163.2 | FPS: 1624.9 | Var: per
Step: 814080 | EPS: 0.29 | Rew: -0.43 | Win%: 23.0 | S0: 169.6 | FPS: 1945.1 | Var: per
Step: 815104 | EPS: 0.29 | Rew: -0.40 | Win%: 24.5 | S0: 173.2 | FPS: 1921.3 | Var: per
Step: 816128 | EPS: 0.29 | Rew: -0.43 | Win%: 25.0 | S0: 178.2 | FPS: 1869.1 | Var: per
Step: 817152 | EPS: 0.28 | Rew: -0.40 | Win%: 24.0 | S0: 173.8 | FPS: 1990.1 | Var: per
Step: 818176 | EPS: 0.28 | Rew: -0.44 | Win%: 23.0 | S0: 172.9 | FPS: 1940.2 | Var: per
Step: 819200 | EPS: 0.28 | Rew: -0.46 | Win%: 22.0 | S0: 167.8 | FPS: 1855.2 | Var: per
Step: 820224 | EPS: 0.28 | Rew: -0.44 | Win%: 22.5 | S0: 173.4 | FPS: 1602.7 | Var: per
Step: 821248 | EPS: 0.28 | Rew: -0.49 | Win%: 21.5 | S0: 161.7 | FPS: 2029.2 | Var: per
Step: 822272 | EPS: 0.28 | Rew: -0.44 | Win%: 23.5 | S0: 169.1 | FPS: 2040.9 | Var: per
Step: 823296 | EPS: 0.28 | Rew: -0.31 | Win%: 26.0 | S0: 177.3 | FPS: 1917.3 | Var: per
Step: 824320 | EPS: 0.28 | Rew: -0.24 | Win%: 26.0 | S0: 176.6 | FPS: 1776.5 | Var: per
Step: 825344 | EPS: 0.28 | Rew: -0.23 | Win%: 26.5 | S0: 176.8 | FPS: 2048.2 | Var: per
Step: 826368 | EPS: 0.28 | Rew: -0.24 | Win%: 26.5 | S0: 170.6 | FPS: 1986.6 | Var: per
Step: 827392 | EPS: 0.28 | Rew: -0.33 | Win%: 26.0 | S0: 169.2 | FPS: 1955.0 | Var: per
Step: 828416 | EPS: 0.28 | Rew: -0.41 | Win%: 26.0 | S0: 166.3 | FPS: 1737.3 | Var: per
Step: 829440 | EPS: 0.28 | Rew: -0.45 | Win%: 26.5 | S0: 163.3 | FPS: 2069.7 | Var: per
Step: 830464 | EPS: 0.28 | Rew: -0.59 | Win%: 27.5 | S0: 160.1 | FPS: 1892.8 | Var: per
Step: 831488 | EPS: 0.28 | Rew: -0.73 | Win%: 27.5 | S0: 162.1 | FPS: 1898.4 | Var: per
Step: 832512 | EPS: 0.28 | Rew: -0.81 | Win%: 26.5 | S0: 155.6 | FPS: 1779.1 | Var: per
Step: 833536 | EPS: 0.28 | Rew: -0.76 | Win%: 26.5 | S0: 154.2 | FPS: 2004.0 | Var: per
Step: 834560 | EPS: 0.28 | Rew: -0.72 | Win%: 25.5 | S0: 150.7 | FPS: 1901.0 | Var: per
Step: 835584 | EPS: 0.28 | Rew: -0.70 | Win%: 23.5 | S0: 148.2 | FPS: 1959.9 | Var: per
Step: 836608 | EPS: 0.28 | Rew: -0.70 | Win%: 21.0 | S0: 137.8 | FPS: 1916.2 | Var: per
Step: 837632 | EPS: 0.28 | Rew: -0.62 | Win%: 20.5 | S0: 136.6 | FPS: 2016.1 | Var: per
Step: 838656 | EPS: 0.28 | Rew: -0.60 | Win%: 20.5 | S0: 132.9 | FPS: 1996.3 | Var: per
Step: 839680 | EPS: 0.28 | Rew: -0.51 | Win%: 21.5 | S0: 133.3 | FPS: 1878.1 | Var: per
Step: 840704 | EPS: 0.28 | Rew: -0.43 | Win%: 24.0 | S0: 143.2 | FPS: 1997.7 | Var: per
Step: 841728 | EPS: 0.28 | Rew: -0.41 | Win%: 25.0 | S0: 144.8 | FPS: 1924.6 | Var: per
Step: 842752 | EPS: 0.28 | Rew: -0.37 | Win%: 26.0 | S0: 153.9 | FPS: 1991.1 | Var: per
Step: 843776 | EPS: 0.28 | Rew: -0.41 | Win%: 26.0 | S0: 154.4 | FPS: 2018.0 | Var: per
Step: 844800 | EPS: 0.28 | Rew: -0.35 | Win%: 27.0 | S0: 162.7 | FPS: 1992.7 | Var: per
Step: 845824 | EPS: 0.28 | Rew: -0.34 | Win%: 28.0 | S0: 166.8 | FPS: 1927.7 | Var: per
Step: 846848 | EPS: 0.28 | Rew: -0.31 | Win%: 29.5 | S0: 171.2 | FPS: 1812.0 | Var: per
Step: 847872 | EPS: 0.28 | Rew: -0.37 | Win%: 29.5 | S0: 174.3 | FPS: 1848.8 | Var: per
Step: 848896 | EPS: 0.28 | Rew: -0.32 | Win%: 30.5 | S0: 169.9 | FPS: 1974.5 | Var: per
Step: 849920 | EPS: 0.28 | Rew: -0.22 | Win%: 32.0 | S0: 177.5 | FPS: 2041.8 | Var: per
Step: 850944 | EPS: 0.28 | Rew: -0.28 | Win%: 31.5 | S0: 175.8 | FPS: 1918.5 | Var: per
Step: 851968 | EPS: 0.28 | Rew: -0.20 | Win%: 32.5 | S0: 182.6 | FPS: 1899.4 | Var: per
Step: 852992 | EPS: 0.28 | Rew: -0.29 | Win%: 31.5 | S0: 181.4 | FPS: 1853.8 | Var: per
Step: 854016 | EPS: 0.28 | Rew: -0.32 | Win%: 31.0 | S0: 172.4 | FPS: 2001.4 | Var: per
Step: 855040 | EPS: 0.28 | Rew: -0.43 | Win%: 28.5 | S0: 167.8 | FPS: 1967.0 | Var: per
Step: 856064 | EPS: 0.28 | Rew: -0.50 | Win%: 28.5 | S0: 169.9 | FPS: 1665.2 | Var: per
Step: 857088 | EPS: 0.28 | Rew: -0.57 | Win%: 28.5 | S0: 168.8 | FPS: 1805.9 | Var: per
Step: 858112 | EPS: 0.28 | Rew: -0.53 | Win%: 27.5 | S0: 163.4 | FPS: 1943.6 | Var: per
Step: 859136 | EPS: 0.28 | Rew: -0.69 | Win%: 26.0 | S0: 158.8 | FPS: 1888.1 | Var: per
Step: 860160 | EPS: 0.28 | Rew: -0.64 | Win%: 25.5 | S0: 156.3 | FPS: 2047.9 | Var: per
Step: 861184 | EPS: 0.28 | Rew: -0.57 | Win%: 25.5 | S0: 159.3 | FPS: 1882.1 | Var: per
Step: 862208 | EPS: 0.28 | Rew: -0.58 | Win%: 24.5 | S0: 154.0 | FPS: 1987.3 | Var: per
Step: 863232 | EPS: 0.28 | Rew: -0.58 | Win%: 24.5 | S0: 151.2 | FPS: 1878.9 | Var: per
Step: 864256 | EPS: 0.28 | Rew: -0.53 | Win%: 22.5 | S0: 147.7 | FPS: 2036.3 | Var: per
Step: 865280 | EPS: 0.28 | Rew: -0.43 | Win%: 24.0 | S0: 154.3 | FPS: 1872.8 | Var: per
Step: 866304 | EPS: 0.28 | Rew: -0.46 | Win%: 24.0 | S0: 151.7 | FPS: 1977.4 | Var: per
Step: 867328 | EPS: 0.28 | Rew: -0.51 | Win%: 22.5 | S0: 147.5 | FPS: 2033.2 | Var: per
Step: 868352 | EPS: 0.28 | Rew: -0.56 | Win%: 22.5 | S0: 148.6 | FPS: 1766.2 | Var: per
Step: 869376 | EPS: 0.28 | Rew: -0.62 | Win%: 22.0 | S0: 148.8 | FPS: 1944.0 | Var: per
Step: 870400 | EPS: 0.28 | Rew: -0.46 | Win%: 24.0 | S0: 155.7 | FPS: 2256.1 | Var: per
Step: 871424 | EPS: 0.28 | Rew: -0.48 | Win%: 24.0 | S0: 153.1 | FPS: 1833.9 | Var: per
Step: 872448 | EPS: 0.28 | Rew: -0.56 | Win%: 24.5 | S0: 154.5 | FPS: 1687.4 | Var: per
Step: 873472 | EPS: 0.28 | Rew: -0.57 | Win%: 24.5 | S0: 155.2 | FPS: 2057.8 | Var: per
Step: 874496 | EPS: 0.28 | Rew: -0.51 | Win%: 24.5 | S0: 155.1 | FPS: 2037.8 | Var: per
Step: 875520 | EPS: 0.28 | Rew: -0.48 | Win%: 25.5 | S0: 161.2 | FPS: 1917.9 | Var: per
Step: 876544 | EPS: 0.28 | Rew: -0.56 | Win%: 24.0 | S0: 154.6 | FPS: 1788.7 | Var: per
Step: 877568 | EPS: 0.28 | Rew: -0.64 | Win%: 24.5 | S0: 156.8 | FPS: 2067.8 | Var: per
Step: 878592 | EPS: 0.28 | Rew: -0.63 | Win%: 25.0 | S0: 158.7 | FPS: 2116.1 | Var: per
Step: 879616 | EPS: 0.28 | Rew: -0.57 | Win%: 25.0 | S0: 153.6 | FPS: 1915.4 | Var: per
Step: 880640 | EPS: 0.28 | Rew: -0.53 | Win%: 24.5 | S0: 154.8 | FPS: 1803.9 | Var: per
Step: 881664 | EPS: 0.28 | Rew: -0.53 | Win%: 24.5 | S0: 153.2 | FPS: 2170.6 | Var: per
Step: 882688 | EPS: 0.28 | Rew: -0.58 | Win%: 24.0 | S0: 153.0 | FPS: 2110.6 | Var: per
Step: 883712 | EPS: 0.28 | Rew: -0.52 | Win%: 24.0 | S0: 156.3 | FPS: 2054.7 | Var: per
Step: 884736 | EPS: 0.28 | Rew: -0.52 | Win%: 23.5 | S0: 157.1 | FPS: 1928.7 | Var: per
Step: 885760 | EPS: 0.28 | Rew: -0.63 | Win%: 21.0 | S0: 152.0 | FPS: 2030.0 | Var: per
Step: 886784 | EPS: 0.28 | Rew: -0.74 | Win%: 20.0 | S0: 147.2 | FPS: 1902.6 | Var: per
Step: 887808 | EPS: 0.28 | Rew: -0.89 | Win%: 21.0 | S0: 146.1 | FPS: 2033.0 | Var: per
Step: 888832 | EPS: 0.27 | Rew: -0.95 | Win%: 21.5 | S0: 149.0 | FPS: 1718.8 | Var: per
Step: 889856 | EPS: 0.27 | Rew: -0.89 | Win%: 21.0 | S0: 148.3 | FPS: 1959.3 | Var: per
Step: 890880 | EPS: 0.27 | Rew: -0.98 | Win%: 20.5 | S0: 139.9 | FPS: 1851.7 | Var: per
Step: 891904 | EPS: 0.27 | Rew: -1.01 | Win%: 21.0 | S0: 138.8 | FPS: 2014.5 | Var: per
Step: 892928 | EPS: 0.27 | Rew: -0.90 | Win%: 19.5 | S0: 136.2 | FPS: 1970.5 | Var: per
Step: 893952 | EPS: 0.27 | Rew: -0.78 | Win%: 19.5 | S0: 140.8 | FPS: 1955.3 | Var: per
Step: 894976 | EPS: 0.27 | Rew: -0.69 | Win%: 19.5 | S0: 138.6 | FPS: 2022.4 | Var: per
Step: 896000 | EPS: 0.27 | Rew: -0.65 | Win%: 19.5 | S0: 137.7 | FPS: 1978.3 | Var: per
Step: 897024 | EPS: 0.27 | Rew: -0.59 | Win%: 20.0 | S0: 139.8 | FPS: 2033.7 | Var: per
Step: 898048 | EPS: 0.27 | Rew: -0.64 | Win%: 19.5 | S0: 136.3 | FPS: 1919.2 | Var: per
Step: 899072 | EPS: 0.27 | Rew: -0.62 | Win%: 20.0 | S0: 130.2 | FPS: 1803.0 | Var: per
Step: 900096 | EPS: 0.27 | Rew: -0.58 | Win%: 20.0 | S0: 127.9 | FPS: 2032.4 | Var: per
Step: 901120 | EPS: 0.27 | Rew: -0.53 | Win%: 20.5 | S0: 127.2 | FPS: 1805.1 | Var: per
Step: 902144 | EPS: 0.27 | Rew: -0.58 | Win%: 21.0 | S0: 138.1 | FPS: 1751.3 | Var: per
Step: 903168 | EPS: 0.27 | Rew: -0.67 | Win%: 21.0 | S0: 136.4 | FPS: 1855.1 | Var: per
Step: 904192 | EPS: 0.27 | Rew: -0.66 | Win%: 20.5 | S0: 135.3 | FPS: 1717.7 | Var: per
Step: 905216 | EPS: 0.27 | Rew: -0.59 | Win%: 21.5 | S0: 136.1 | FPS: 1815.2 | Var: per
Step: 906240 | EPS: 0.27 | Rew: -0.58 | Win%: 24.5 | S0: 148.6 | FPS: 1859.4 | Var: per
Step: 907264 | EPS: 0.27 | Rew: -0.57 | Win%: 24.5 | S0: 148.6 | FPS: 1929.1 | Var: per
Step: 908288 | EPS: 0.27 | Rew: -0.48 | Win%: 26.5 | S0: 155.9 | FPS: 1724.4 | Var: per
Step: 909312 | EPS: 0.27 | Rew: -0.46 | Win%: 26.5 | S0: 154.2 | FPS: 2016.8 | Var: per
Step: 910336 | EPS: 0.27 | Rew: -0.52 | Win%: 26.5 | S0: 153.4 | FPS: 2026.0 | Var: per
Step: 911360 | EPS: 0.27 | Rew: -0.41 | Win%: 27.0 | S0: 157.8 | FPS: 1945.2 | Var: per
Step: 912384 | EPS: 0.27 | Rew: -0.57 | Win%: 26.0 | S0: 157.2 | FPS: 1507.7 | Var: per
Step: 913408 | EPS: 0.27 | Rew: -0.46 | Win%: 26.0 | S0: 160.6 | FPS: 1949.0 | Var: per
Step: 914432 | EPS: 0.27 | Rew: -0.44 | Win%: 29.0 | S0: 172.2 | FPS: 1944.7 | Var: per
Step: 915456 | EPS: 0.27 | Rew: -0.38 | Win%: 30.5 | S0: 170.8 | FPS: 1987.9 | Var: per
Step: 916480 | EPS: 0.27 | Rew: -0.24 | Win%: 31.0 | S0: 174.0 | FPS: 1752.1 | Var: per
Step: 917504 | EPS: 0.27 | Rew: -0.22 | Win%: 30.5 | S0: 173.2 | FPS: 2028.4 | Var: per
Step: 918528 | EPS: 0.27 | Rew: -0.27 | Win%: 30.0 | S0: 170.8 | FPS: 1859.9 | Var: per
Step: 919552 | EPS: 0.27 | Rew: -0.27 | Win%: 31.0 | S0: 171.9 | FPS: 1891.1 | Var: per
Step: 920576 | EPS: 0.27 | Rew: -0.31 | Win%: 30.5 | S0: 172.3 | FPS: 2017.6 | Var: per
Step: 921600 | EPS: 0.27 | Rew: -0.28 | Win%: 29.5 | S0: 173.6 | FPS: 1974.1 | Var: per
Step: 922624 | EPS: 0.27 | Rew: -0.28 | Win%: 31.0 | S0: 175.7 | FPS: 1973.9 | Var: per
Step: 923648 | EPS: 0.27 | Rew: -0.26 | Win%: 33.0 | S0: 185.4 | FPS: 1814.1 | Var: per
Step: 924672 | EPS: 0.27 | Rew: -0.16 | Win%: 33.0 | S0: 185.8 | FPS: 1780.2 | Var: per
Step: 925696 | EPS: 0.27 | Rew: -0.11 | Win%: 35.5 | S0: 196.5 | FPS: 1952.1 | Var: per
Step: 926720 | EPS: 0.27 | Rew: -0.11 | Win%: 33.5 | S0: 193.6 | FPS: 1974.0 | Var: per
Step: 927744 | EPS: 0.27 | Rew: -0.12 | Win%: 34.5 | S0: 200.9 | FPS: 1748.3 | Var: per
Step: 928768 | EPS: 0.27 | Rew: -0.12 | Win%: 34.5 | S0: 199.5 | FPS: 1687.4 | Var: per
Step: 929792 | EPS: 0.27 | Rew: -0.15 | Win%: 34.5 | S0: 199.1 | FPS: 2044.8 | Var: per
Step: 930816 | EPS: 0.27 | Rew: -0.17 | Win%: 34.0 | S0: 205.8 | FPS: 1783.3 | Var: per
Step: 931840 | EPS: 0.27 | Rew: -0.17 | Win%: 33.5 | S0: 207.4 | FPS: 1743.0 | Var: per
Step: 932864 | EPS: 0.27 | Rew: -0.19 | Win%: 34.0 | S0: 207.2 | FPS: 2024.0 | Var: per
Step: 933888 | EPS: 0.27 | Rew: -0.15 | Win%: 33.5 | S0: 203.3 | FPS: 1943.2 | Var: per
Step: 934912 | EPS: 0.27 | Rew: -0.20 | Win%: 32.5 | S0: 205.1 | FPS: 1983.1 | Var: per
Step: 935936 | EPS: 0.27 | Rew: -0.13 | Win%: 33.5 | S0: 213.9 | FPS: 2009.0 | Var: per
Step: 936960 | EPS: 0.27 | Rew: -0.09 | Win%: 33.0 | S0: 211.8 | FPS: 1953.1 | Var: per
Step: 937984 | EPS: 0.27 | Rew: -0.17 | Win%: 32.5 | S0: 198.4 | FPS: 1753.7 | Var: per
Step: 939008 | EPS: 0.27 | Rew: -0.10 | Win%: 34.0 | S0: 203.4 | FPS: 1978.6 | Var: per
Step: 940032 | EPS: 0.27 | Rew: -0.06 | Win%: 33.5 | S0: 197.4 | FPS: 1623.1 | Var: per
Step: 941056 | EPS: 0.27 | Rew: -0.11 | Win%: 34.0 | S0: 198.6 | FPS: 1850.0 | Var: per
Step: 942080 | EPS: 0.27 | Rew: -0.19 | Win%: 34.5 | S0: 197.0 | FPS: 1888.5 | Var: per
Step: 943104 | EPS: 0.27 | Rew: -0.22 | Win%: 33.5 | S0: 192.3 | FPS: 2006.5 | Var: per
Step: 944128 | EPS: 0.27 | Rew: -0.19 | Win%: 34.5 | S0: 194.1 | FPS: 1934.4 | Var: per
Step: 945152 | EPS: 0.27 | Rew: -0.26 | Win%: 33.0 | S0: 195.8 | FPS: 1884.6 | Var: per
Step: 946176 | EPS: 0.27 | Rew: -0.14 | Win%: 35.5 | S0: 197.9 | FPS: 1909.5 | Var: per
Step: 947200 | EPS: 0.27 | Rew: -0.19 | Win%: 34.5 | S0: 184.5 | FPS: 1976.7 | Var: per
Step: 948224 | EPS: 0.27 | Rew: -0.13 | Win%: 35.5 | S0: 190.0 | FPS: 1757.4 | Var: per
Step: 949248 | EPS: 0.27 | Rew: -0.10 | Win%: 35.5 | S0: 196.7 | FPS: 1911.4 | Var: per
Step: 950272 | EPS: 0.27 | Rew: -0.19 | Win%: 31.5 | S0: 184.6 | FPS: 1952.2 | Var: per
Step: 951296 | EPS: 0.27 | Rew: -0.16 | Win%: 31.0 | S0: 184.8 | FPS: 1738.9 | Var: per
Step: 952320 | EPS: 0.27 | Rew: -0.20 | Win%: 31.5 | S0: 186.4 | FPS: 2000.8 | Var: per
Step: 953344 | EPS: 0.27 | Rew: -0.14 | Win%: 32.5 | S0: 189.9 | FPS: 1846.5 | Var: per
Step: 954368 | EPS: 0.27 | Rew: -0.08 | Win%: 35.0 | S0: 198.3 | FPS: 2028.4 | Var: per
Step: 955392 | EPS: 0.27 | Rew: -0.05 | Win%: 34.0 | S0: 198.1 | FPS: 2049.9 | Var: per
Step: 956416 | EPS: 0.27 | Rew: -0.02 | Win%: 34.0 | S0: 196.3 | FPS: 2040.3 | Var: per
Step: 957440 | EPS: 0.27 | Rew: 0.00 | Win%: 34.5 | S0: 198.8 | FPS: 1913.4 | Var: per
Step: 958464 | EPS: 0.27 | Rew: 0.02 | Win%: 34.5 | S0: 209.8 | FPS: 2067.0 | Var: per
Step: 959488 | EPS: 0.26 | Rew: 0.11 | Win%: 36.0 | S0: 220.6 | FPS: 1945.4 | Var: per
Step: 960512 | EPS: 0.26 | Rew: 0.14 | Win%: 37.0 | S0: 222.6 | FPS: 1648.9 | Var: per
Step: 961536 | EPS: 0.26 | Rew: 0.17 | Win%: 39.0 | S0: 232.9 | FPS: 1668.6 | Var: per
Step: 962560 | EPS: 0.26 | Rew: 0.07 | Win%: 37.5 | S0: 225.2 | FPS: 1889.2 | Var: per
Step: 963584 | EPS: 0.26 | Rew: 0.04 | Win%: 37.5 | S0: 229.3 | FPS: 1754.4 | Var: per
Step: 964608 | EPS: 0.26 | Rew: -0.03 | Win%: 37.0 | S0: 228.2 | FPS: 2065.5 | Var: per
Step: 965632 | EPS: 0.26 | Rew: 0.03 | Win%: 38.5 | S0: 240.2 | FPS: 1968.8 | Var: per
Step: 966656 | EPS: 0.26 | Rew: 0.02 | Win%: 39.0 | S0: 239.5 | FPS: 2074.0 | Var: per
Step: 967680 | EPS: 0.26 | Rew: 0.07 | Win%: 40.5 | S0: 240.3 | FPS: 1622.3 | Var: per
Step: 968704 | EPS: 0.26 | Rew: 0.22 | Win%: 41.5 | S0: 244.8 | FPS: 2074.9 | Var: per
Step: 969728 | EPS: 0.26 | Rew: 0.19 | Win%: 41.0 | S0: 236.7 | FPS: 1990.2 | Var: per
Step: 970752 | EPS: 0.26 | Rew: -0.04 | Win%: 37.5 | S0: 215.7 | FPS: 2050.0 | Var: per
Step: 971776 | EPS: 0.26 | Rew: -0.04 | Win%: 38.0 | S0: 215.4 | FPS: 1773.5 | Var: per
Step: 972800 | EPS: 0.26 | Rew: 0.01 | Win%: 39.0 | S0: 216.2 | FPS: 1913.3 | Var: per
Step: 973824 | EPS: 0.26 | Rew: -0.00 | Win%: 42.0 | S0: 220.4 | FPS: 1834.4 | Var: per
Step: 974848 | EPS: 0.26 | Rew: -0.00 | Win%: 42.0 | S0: 215.8 | FPS: 1905.1 | Var: per
Step: 975872 | EPS: 0.26 | Rew: 0.11 | Win%: 39.0 | S0: 203.9 | FPS: 1756.4 | Var: per
Step: 976896 | EPS: 0.26 | Rew: -0.09 | Win%: 37.0 | S0: 201.8 | FPS: 1923.9 | Var: per
Step: 977920 | EPS: 0.26 | Rew: -0.07 | Win%: 37.0 | S0: 198.8 | FPS: 1937.5 | Var: per
Step: 978944 | EPS: 0.26 | Rew: -0.01 | Win%: 37.0 | S0: 199.2 | FPS: 2046.6 | Var: per
Step: 979968 | EPS: 0.26 | Rew: 0.07 | Win%: 37.5 | S0: 198.9 | FPS: 2029.9 | Var: per
Step: 980992 | EPS: 0.26 | Rew: 0.04 | Win%: 39.0 | S0: 203.8 | FPS: 1850.7 | Var: per
Step: 982016 | EPS: 0.26 | Rew: 0.03 | Win%: 36.5 | S0: 196.2 | FPS: 1940.0 | Var: per
Step: 983040 | EPS: 0.26 | Rew: 0.06 | Win%: 36.5 | S0: 199.8 | FPS: 1968.7 | Var: per
Step: 984064 | EPS: 0.26 | Rew: 0.02 | Win%: 37.5 | S0: 203.4 | FPS: 1746.5 | Var: per
Step: 985088 | EPS: 0.26 | Rew: 0.05 | Win%: 37.0 | S0: 206.4 | FPS: 2016.1 | Var: per
Step: 986112 | EPS: 0.26 | Rew: -0.10 | Win%: 37.0 | S0: 204.8 | FPS: 1905.9 | Var: per
Step: 987136 | EPS: 0.26 | Rew: 0.03 | Win%: 39.5 | S0: 208.9 | FPS: 2001.9 | Var: per
Step: 988160 | EPS: 0.26 | Rew: -0.00 | Win%: 38.5 | S0: 206.0 | FPS: 1973.8 | Var: per
Step: 989184 | EPS: 0.26 | Rew: -0.01 | Win%: 38.5 | S0: 206.5 | FPS: 2103.8 | Var: per
Step: 990208 | EPS: 0.26 | Rew: -0.09 | Win%: 38.5 | S0: 207.6 | FPS: 1859.3 | Var: per
Step: 991232 | EPS: 0.26 | Rew: -0.16 | Win%: 37.0 | S0: 207.3 | FPS: 1956.3 | Var: per
Step: 992256 | EPS: 0.26 | Rew: -0.01 | Win%: 38.0 | S0: 210.7 | FPS: 1925.1 | Var: per
Step: 993280 | EPS: 0.26 | Rew: 0.04 | Win%: 38.0 | S0: 215.0 | FPS: 2008.9 | Var: per
Step: 994304 | EPS: 0.26 | Rew: 0.04 | Win%: 38.0 | S0: 219.2 | FPS: 1834.6 | Var: per
Step: 995328 | EPS: 0.26 | Rew: 0.05 | Win%: 38.0 | S0: 216.3 | FPS: 2022.6 | Var: per
Step: 996352 | EPS: 0.26 | Rew: 0.03 | Win%: 36.0 | S0: 210.7 | FPS: 2016.8 | Var: per
Step: 997376 | EPS: 0.26 | Rew: 0.17 | Win%: 40.0 | S0: 226.2 | FPS: 1959.0 | Var: per
Step: 998400 | EPS: 0.26 | Rew: -0.03 | Win%: 37.5 | S0: 216.8 | FPS: 1846.9 | Var: per
Step: 999424 | EPS: 0.26 | Rew: 0.05 | Win%: 37.5 | S0: 215.8 | FPS: 2098.8 | Var: per
Step: 1000448 | EPS: 0.26 | Rew: 0.13 | Win%: 40.5 | S0: 225.9 | FPS: 2136.3 | Var: per
Step: 1001472 | EPS: 0.26 | Rew: -0.10 | Win%: 39.0 | S0: 219.6 | FPS: 1956.4 | Var: per
Step: 1002496 | EPS: 0.26 | Rew: -0.10 | Win%: 40.0 | S0: 221.8 | FPS: 2021.3 | Var: per
Step: 1003520 | EPS: 0.26 | Rew: -0.02 | Win%: 39.0 | S0: 215.0 | FPS: 1834.1 | Var: per
Step: 1004544 | EPS: 0.26 | Rew: -0.15 | Win%: 38.5 | S0: 212.7 | FPS: 1884.7 | Var: per
Step: 1005568 | EPS: 0.26 | Rew: -0.24 | Win%: 37.5 | S0: 213.2 | FPS: 1929.8 | Var: per
Step: 1006592 | EPS: 0.26 | Rew: -0.10 | Win%: 35.0 | S0: 205.0 | FPS: 1895.2 | Var: per
Step: 1007616 | EPS: 0.26 | Rew: -0.16 | Win%: 35.5 | S0: 205.7 | FPS: 1851.8 | Var: per
Step: 1008640 | EPS: 0.26 | Rew: -0.14 | Win%: 34.5 | S0: 203.6 | FPS: 1984.3 | Var: per
Step: 1009664 | EPS: 0.26 | Rew: -0.15 | Win%: 33.5 | S0: 202.9 | FPS: 1918.1 | Var: per
Step: 1010688 | EPS: 0.26 | Rew: -0.06 | Win%: 32.0 | S0: 199.8 | FPS: 1935.6 | Var: per
Step: 1011712 | EPS: 0.26 | Rew: -0.02 | Win%: 31.5 | S0: 203.6 | FPS: 1929.7 | Var: per
Step: 1012736 | EPS: 0.26 | Rew: 0.02 | Win%: 32.0 | S0: 202.6 | FPS: 1878.5 | Var: per
Step: 1013760 | EPS: 0.26 | Rew: -0.06 | Win%: 32.5 | S0: 200.0 | FPS: 2024.5 | Var: per
Step: 1014784 | EPS: 0.26 | Rew: -0.12 | Win%: 31.5 | S0: 193.2 | FPS: 1870.1 | Var: per
Step: 1015808 | EPS: 0.26 | Rew: -0.24 | Win%: 29.5 | S0: 185.0 | FPS: 1916.0 | Var: per
Step: 1016832 | EPS: 0.26 | Rew: -0.15 | Win%: 32.0 | S0: 199.9 | FPS: 1868.0 | Var: per
Step: 1017856 | EPS: 0.26 | Rew: -0.14 | Win%: 33.5 | S0: 201.9 | FPS: 1939.5 | Var: per
Step: 1018880 | EPS: 0.26 | Rew: -0.17 | Win%: 33.0 | S0: 198.3 | FPS: 1784.2 | Var: per
Step: 1019904 | EPS: 0.26 | Rew: -0.11 | Win%: 32.0 | S0: 191.9 | FPS: 1751.6 | Var: per
Step: 1020928 | EPS: 0.26 | Rew: 0.03 | Win%: 33.5 | S0: 191.9 | FPS: 1764.0 | Var: per
Step: 1021952 | EPS: 0.26 | Rew: 0.07 | Win%: 36.5 | S0: 195.1 | FPS: 1925.2 | Var: per
Step: 1022976 | EPS: 0.26 | Rew: 0.06 | Win%: 36.5 | S0: 194.0 | FPS: 2073.2 | Var: per
Step: 1024000 | EPS: 0.26 | Rew: 0.03 | Win%: 36.0 | S0: 199.7 | FPS: 2056.4 | Var: per
Step: 1025024 | EPS: 0.26 | Rew: 0.10 | Win%: 37.5 | S0: 206.3 | FPS: 1989.5 | Var: per
Step: 1026048 | EPS: 0.26 | Rew: 0.06 | Win%: 37.0 | S0: 210.5 | FPS: 1745.3 | Var: per
Step: 1027072 | EPS: 0.26 | Rew: -0.06 | Win%: 37.0 | S0: 211.1 | FPS: 1931.5 | Var: per
Step: 1028096 | EPS: 0.26 | Rew: -0.22 | Win%: 36.5 | S0: 203.6 | FPS: 1945.7 | Var: per
Step: 1029120 | EPS: 0.26 | Rew: -0.11 | Win%: 35.5 | S0: 202.1 | FPS: 1942.9 | Var: per
Step: 1030144 | EPS: 0.26 | Rew: -0.18 | Win%: 37.5 | S0: 207.9 | FPS: 1849.8 | Var: per
Step: 1031168 | EPS: 0.25 | Rew: -0.18 | Win%: 36.0 | S0: 207.9 | FPS: 1974.6 | Var: per
Step: 1032192 | EPS: 0.25 | Rew: -0.07 | Win%: 32.0 | S0: 194.7 | FPS: 1870.3 | Var: per
Step: 1033216 | EPS: 0.25 | Rew: -0.10 | Win%: 32.0 | S0: 201.2 | FPS: 1840.8 | Var: per
Step: 1034240 | EPS: 0.25 | Rew: 0.01 | Win%: 33.5 | S0: 201.6 | FPS: 1906.5 | Var: per
Step: 1035264 | EPS: 0.25 | Rew: -0.02 | Win%: 32.5 | S0: 207.6 | FPS: 1933.4 | Var: per
Step: 1036288 | EPS: 0.25 | Rew: 0.05 | Win%: 35.0 | S0: 211.1 | FPS: 1936.8 | Var: per
Step: 1037312 | EPS: 0.25 | Rew: 0.07 | Win%: 35.5 | S0: 220.2 | FPS: 1824.7 | Var: per
Step: 1038336 | EPS: 0.25 | Rew: 0.05 | Win%: 34.5 | S0: 217.7 | FPS: 1918.5 | Var: per
Step: 1039360 | EPS: 0.25 | Rew: 0.04 | Win%: 34.5 | S0: 215.2 | FPS: 1849.3 | Var: per
Step: 1040384 | EPS: 0.25 | Rew: 0.07 | Win%: 35.0 | S0: 222.8 | FPS: 1869.7 | Var: per
Step: 1041408 | EPS: 0.25 | Rew: 0.04 | Win%: 36.0 | S0: 225.2 | FPS: 1885.1 | Var: per
Step: 1042432 | EPS: 0.25 | Rew: 0.08 | Win%: 37.0 | S0: 227.3 | FPS: 2010.4 | Var: per
Step: 1043456 | EPS: 0.25 | Rew: 0.12 | Win%: 38.0 | S0: 228.8 | FPS: 1706.3 | Var: per
Step: 1044480 | EPS: 0.25 | Rew: -0.02 | Win%: 35.5 | S0: 217.4 | FPS: 1939.5 | Var: per
Step: 1045504 | EPS: 0.25 | Rew: 0.07 | Win%: 37.5 | S0: 220.0 | FPS: 1812.4 | Var: per
Step: 1046528 | EPS: 0.25 | Rew: 0.06 | Win%: 37.0 | S0: 211.5 | FPS: 1959.1 | Var: per
Step: 1047552 | EPS: 0.25 | Rew: 0.10 | Win%: 39.5 | S0: 218.4 | FPS: 1939.1 | Var: per
Step: 1048576 | EPS: 0.25 | Rew: 0.05 | Win%: 39.5 | S0: 217.0 | FPS: 1948.1 | Var: per
Step: 1049600 | EPS: 0.25 | Rew: 0.15 | Win%: 40.5 | S0: 220.9 | FPS: 1882.5 | Var: per
Step: 1050624 | EPS: 0.25 | Rew: 0.05 | Win%: 38.5 | S0: 211.6 | FPS: 2000.9 | Var: per
Step: 1051648 | EPS: 0.25 | Rew: 0.00 | Win%: 39.5 | S0: 209.4 | FPS: 1772.0 | Var: per
Step: 1052672 | EPS: 0.25 | Rew: 0.00 | Win%: 39.5 | S0: 210.0 | FPS: 1879.0 | Var: per
Step: 1053696 | EPS: 0.25 | Rew: -0.03 | Win%: 39.0 | S0: 211.8 | FPS: 1995.1 | Var: per
Step: 1054720 | EPS: 0.25 | Rew: -0.03 | Win%: 39.0 | S0: 223.8 | FPS: 1964.7 | Var: per
Step: 1055744 | EPS: 0.25 | Rew: 0.06 | Win%: 39.5 | S0: 226.8 | FPS: 1577.2 | Var: per
Step: 1056768 | EPS: 0.25 | Rew: -0.04 | Win%: 37.0 | S0: 218.3 | FPS: 1791.0 | Var: per
Step: 1057792 | EPS: 0.25 | Rew: -0.00 | Win%: 37.5 | S0: 220.6 | FPS: 1941.9 | Var: per
Step: 1058816 | EPS: 0.25 | Rew: -0.02 | Win%: 35.0 | S0: 217.2 | FPS: 1925.5 | Var: per
Step: 1059840 | EPS: 0.25 | Rew: -0.02 | Win%: 35.0 | S0: 220.7 | FPS: 1784.4 | Var: per
Step: 1060864 | EPS: 0.25 | Rew: -0.08 | Win%: 34.5 | S0: 224.0 | FPS: 1823.5 | Var: per
Step: 1061888 | EPS: 0.25 | Rew: -0.07 | Win%: 33.0 | S0: 227.9 | FPS: 1914.6 | Var: per
Step: 1062912 | EPS: 0.25 | Rew: 0.11 | Win%: 34.0 | S0: 233.3 | FPS: 1706.0 | Var: per
Step: 1063936 | EPS: 0.25 | Rew: 0.07 | Win%: 34.0 | S0: 234.7 | FPS: 1864.3 | Var: per
Step: 1064960 | EPS: 0.25 | Rew: 0.01 | Win%: 34.0 | S0: 230.2 | FPS: 2003.1 | Var: per
Step: 1065984 | EPS: 0.25 | Rew: 0.04 | Win%: 34.5 | S0: 229.6 | FPS: 1935.9 | Var: per
Step: 1067008 | EPS: 0.25 | Rew: 0.05 | Win%: 33.5 | S0: 222.7 | FPS: 1764.3 | Var: per
Step: 1068032 | EPS: 0.25 | Rew: 0.15 | Win%: 35.0 | S0: 239.2 | FPS: 1921.3 | Var: per
Step: 1069056 | EPS: 0.25 | Rew: -0.07 | Win%: 33.5 | S0: 235.0 | FPS: 2017.1 | Var: per
Step: 1070080 | EPS: 0.25 | Rew: -0.09 | Win%: 35.0 | S0: 230.3 | FPS: 1998.8 | Var: per
Step: 1071104 | EPS: 0.25 | Rew: -0.10 | Win%: 33.0 | S0: 221.1 | FPS: 1764.7 | Var: per
Step: 1072128 | EPS: 0.25 | Rew: -0.16 | Win%: 34.0 | S0: 221.3 | FPS: 2006.8 | Var: per
Step: 1073152 | EPS: 0.25 | Rew: -0.14 | Win%: 35.5 | S0: 220.7 | FPS: 2004.2 | Var: per
Step: 1074176 | EPS: 0.25 | Rew: -0.13 | Win%: 34.5 | S0: 216.3 | FPS: 2019.3 | Var: per
Step: 1075200 | EPS: 0.25 | Rew: -0.04 | Win%: 33.0 | S0: 211.8 | FPS: 1827.1 | Var: per
Step: 1076224 | EPS: 0.25 | Rew: 0.02 | Win%: 33.0 | S0: 219.4 | FPS: 1989.2 | Var: per
Step: 1077248 | EPS: 0.25 | Rew: 0.09 | Win%: 34.0 | S0: 213.8 | FPS: 2029.2 | Var: per
Step: 1078272 | EPS: 0.25 | Rew: 0.04 | Win%: 33.5 | S0: 208.1 | FPS: 1780.7 | Var: per
Step: 1079296 | EPS: 0.25 | Rew: 0.12 | Win%: 35.5 | S0: 218.7 | FPS: 1781.1 | Var: per
Step: 1080320 | EPS: 0.25 | Rew: 0.29 | Win%: 37.5 | S0: 233.5 | FPS: 2032.5 | Var: per
Step: 1081344 | EPS: 0.25 | Rew: 0.17 | Win%: 39.0 | S0: 229.4 | FPS: 2122.9 | Var: per
Step: 1082368 | EPS: 0.25 | Rew: 0.11 | Win%: 37.5 | S0: 229.4 | FPS: 1919.7 | Var: per
Step: 1083392 | EPS: 0.25 | Rew: 0.12 | Win%: 36.5 | S0: 228.9 | FPS: 1683.0 | Var: per
Step: 1084416 | EPS: 0.25 | Rew: 0.07 | Win%: 36.5 | S0: 228.6 | FPS: 2066.7 | Var: per
Step: 1085440 | EPS: 0.25 | Rew: 0.00 | Win%: 37.5 | S0: 232.8 | FPS: 1984.9 | Var: per
Step: 1086464 | EPS: 0.25 | Rew: -0.10 | Win%: 37.5 | S0: 229.2 | FPS: 1988.9 | Var: per
Step: 1087488 | EPS: 0.25 | Rew: -0.07 | Win%: 36.5 | S0: 222.2 | FPS: 2045.1 | Var: per
Step: 1088512 | EPS: 0.25 | Rew: 0.04 | Win%: 38.0 | S0: 231.2 | FPS: 1975.9 | Var: per
Step: 1089536 | EPS: 0.25 | Rew: 0.10 | Win%: 38.5 | S0: 232.9 | FPS: 1890.2 | Var: per
Step: 1090560 | EPS: 0.25 | Rew: 0.14 | Win%: 39.0 | S0: 231.1 | FPS: 2016.4 | Var: per
Step: 1091584 | EPS: 0.25 | Rew: 0.00 | Win%: 35.0 | S0: 211.9 | FPS: 2039.6 | Var: per
Step: 1092608 | EPS: 0.25 | Rew: 0.00 | Win%: 34.0 | S0: 212.7 | FPS: 2009.2 | Var: per
Step: 1093632 | EPS: 0.25 | Rew: -0.05 | Win%: 35.5 | S0: 217.1 | FPS: 1941.4 | Var: per
Step: 1094656 | EPS: 0.25 | Rew: -0.11 | Win%: 37.0 | S0: 217.8 | FPS: 1947.9 | Var: per
Step: 1095680 | EPS: 0.25 | Rew: -0.18 | Win%: 36.5 | S0: 216.3 | FPS: 1796.2 | Var: per
Step: 1096704 | EPS: 0.25 | Rew: -0.11 | Win%: 36.0 | S0: 216.9 | FPS: 1928.8 | Var: per
Step: 1097728 | EPS: 0.25 | Rew: 0.03 | Win%: 37.5 | S0: 227.6 | FPS: 1948.2 | Var: per
Step: 1098752 | EPS: 0.25 | Rew: 0.01 | Win%: 38.0 | S0: 229.1 | FPS: 1974.2 | Var: per
Step: 1099776 | EPS: 0.25 | Rew: 0.06 | Win%: 38.0 | S0: 225.5 | FPS: 1908.6 | Var: per
Step: 1100800 | EPS: 0.25 | Rew: -0.07 | Win%: 34.0 | S0: 208.6 | FPS: 2029.1 | Var: per
Step: 1101824 | EPS: 0.24 | Rew: -0.19 | Win%: 31.0 | S0: 201.4 | FPS: 1928.5 | Var: per
Step: 1102848 | EPS: 0.24 | Rew: -0.29 | Win%: 31.0 | S0: 201.4 | FPS: 1876.1 | Var: per
Step: 1103872 | EPS: 0.24 | Rew: -0.38 | Win%: 31.0 | S0: 196.4 | FPS: 1898.0 | Var: per
Step: 1104896 | EPS: 0.24 | Rew: -0.27 | Win%: 32.5 | S0: 205.6 | FPS: 2004.3 | Var: per
Step: 1105920 | EPS: 0.24 | Rew: -0.07 | Win%: 33.0 | S0: 205.5 | FPS: 1966.8 | Var: per
Step: 1106944 | EPS: 0.24 | Rew: -0.01 | Win%: 31.0 | S0: 193.2 | FPS: 2048.7 | Var: per
Step: 1107968 | EPS: 0.24 | Rew: 0.05 | Win%: 31.5 | S0: 192.5 | FPS: 2005.7 | Var: per
Step: 1108992 | EPS: 0.24 | Rew: 0.11 | Win%: 31.5 | S0: 191.5 | FPS: 1836.5 | Var: per
Step: 1110016 | EPS: 0.24 | Rew: 0.12 | Win%: 32.5 | S0: 197.2 | FPS: 1936.1 | Var: per
Step: 1111040 | EPS: 0.24 | Rew: 0.01 | Win%: 35.5 | S0: 204.7 | FPS: 1945.1 | Var: per
Step: 1112064 | EPS: 0.24 | Rew: 0.17 | Win%: 39.0 | S0: 219.5 | FPS: 2037.6 | Var: per
Step: 1113088 | EPS: 0.24 | Rew: 0.20 | Win%: 40.0 | S0: 232.2 | FPS: 1980.3 | Var: per
Step: 1114112 | EPS: 0.24 | Rew: 0.17 | Win%: 40.5 | S0: 231.3 | FPS: 2119.3 | Var: per
Step: 1115136 | EPS: 0.24 | Rew: 0.11 | Win%: 39.5 | S0: 227.8 | FPS: 2040.8 | Var: per
Step: 1116160 | EPS: 0.24 | Rew: 0.19 | Win%: 40.0 | S0: 229.6 | FPS: 1691.3 | Var: per
Step: 1117184 | EPS: 0.24 | Rew: 0.09 | Win%: 40.0 | S0: 229.6 | FPS: 2008.6 | Var: per
Step: 1118208 | EPS: 0.24 | Rew: 0.09 | Win%: 40.5 | S0: 234.8 | FPS: 2080.2 | Var: per
Step: 1119232 | EPS: 0.24 | Rew: 0.02 | Win%: 39.0 | S0: 230.6 | FPS: 2075.4 | Var: per
Step: 1120256 | EPS: 0.24 | Rew: 0.11 | Win%: 40.0 | S0: 235.0 | FPS: 1737.4 | Var: per
Step: 1121280 | EPS: 0.24 | Rew: 0.14 | Win%: 42.0 | S0: 238.2 | FPS: 1892.7 | Var: per
Step: 1122304 | EPS: 0.24 | Rew: 0.12 | Win%: 41.5 | S0: 227.7 | FPS: 1916.3 | Var: per
Step: 1123328 | EPS: 0.24 | Rew: 0.18 | Win%: 42.5 | S0: 226.1 | FPS: 1937.1 | Var: per
Step: 1124352 | EPS: 0.24 | Rew: 0.16 | Win%: 41.0 | S0: 223.4 | FPS: 1820.1 | Var: per
Step: 1125376 | EPS: 0.24 | Rew: -0.06 | Win%: 38.0 | S0: 213.9 | FPS: 2091.9 | Var: per
Step: 1126400 | EPS: 0.24 | Rew: -0.02 | Win%: 38.5 | S0: 221.8 | FPS: 2051.7 | Var: per
Step: 1127424 | EPS: 0.24 | Rew: -0.07 | Win%: 38.5 | S0: 221.6 | FPS: 2007.5 | Var: per
Step: 1128448 | EPS: 0.24 | Rew: -0.19 | Win%: 38.0 | S0: 214.8 | FPS: 1657.6 | Var: per
Step: 1129472 | EPS: 0.24 | Rew: -0.09 | Win%: 40.5 | S0: 219.3 | FPS: 2018.9 | Var: per
Step: 1130496 | EPS: 0.24 | Rew: 0.10 | Win%: 40.0 | S0: 221.3 | FPS: 1982.4 | Var: per
Step: 1131520 | EPS: 0.24 | Rew: 0.03 | Win%: 38.5 | S0: 220.7 | FPS: 2021.2 | Var: per
Step: 1132544 | EPS: 0.24 | Rew: -0.05 | Win%: 36.0 | S0: 210.6 | FPS: 1773.7 | Var: per
Step: 1133568 | EPS: 0.24 | Rew: 0.01 | Win%: 36.0 | S0: 206.4 | FPS: 1940.3 | Var: per
Step: 1134592 | EPS: 0.24 | Rew: -0.01 | Win%: 37.5 | S0: 209.1 | FPS: 2105.4 | Var: per
Step: 1135616 | EPS: 0.24 | Rew: -0.13 | Win%: 39.5 | S0: 210.2 | FPS: 2015.7 | Var: per
Step: 1136640 | EPS: 0.24 | Rew: -0.11 | Win%: 40.0 | S0: 199.5 | FPS: 2033.4 | Var: per
Step: 1137664 | EPS: 0.24 | Rew: -0.10 | Win%: 37.0 | S0: 193.8 | FPS: 2054.8 | Var: per
Step: 1138688 | EPS: 0.24 | Rew: -0.06 | Win%: 37.5 | S0: 198.3 | FPS: 1689.0 | Var: per
Step: 1139712 | EPS: 0.24 | Rew: -0.27 | Win%: 33.5 | S0: 186.3 | FPS: 1846.6 | Var: per
Step: 1140736 | EPS: 0.24 | Rew: -0.22 | Win%: 32.0 | S0: 179.1 | FPS: 2017.9 | Var: per
Step: 1141760 | EPS: 0.24 | Rew: -0.21 | Win%: 31.0 | S0: 182.3 | FPS: 1904.1 | Var: per
Step: 1142784 | EPS: 0.24 | Rew: -0.11 | Win%: 30.5 | S0: 190.4 | FPS: 1693.0 | Var: per
Step: 1143808 | EPS: 0.24 | Rew: -0.17 | Win%: 29.0 | S0: 187.8 | FPS: 1618.8 | Var: per
Step: 1144832 | EPS: 0.24 | Rew: -0.01 | Win%: 30.0 | S0: 194.1 | FPS: 2044.9 | Var: per
Step: 1145856 | EPS: 0.24 | Rew: -0.02 | Win%: 28.5 | S0: 194.0 | FPS: 1866.8 | Var: per
Step: 1146880 | EPS: 0.24 | Rew: -0.06 | Win%: 28.5 | S0: 194.6 | FPS: 1937.6 | Var: per
Step: 1147904 | EPS: 0.24 | Rew: -0.18 | Win%: 27.5 | S0: 189.7 | FPS: 2052.7 | Var: per
Step: 1148928 | EPS: 0.24 | Rew: -0.14 | Win%: 28.0 | S0: 186.4 | FPS: 2014.2 | Var: per
Step: 1149952 | EPS: 0.24 | Rew: -0.24 | Win%: 29.5 | S0: 189.1 | FPS: 2114.3 | Var: per
Step: 1150976 | EPS: 0.24 | Rew: -0.17 | Win%: 31.0 | S0: 193.8 | FPS: 1782.3 | Var: per
Step: 1152000 | EPS: 0.24 | Rew: -0.12 | Win%: 31.5 | S0: 188.5 | FPS: 1803.0 | Var: per
Step: 1153024 | EPS: 0.24 | Rew: -0.00 | Win%: 33.5 | S0: 189.7 | FPS: 2007.6 | Var: per
Step: 1154048 | EPS: 0.24 | Rew: 0.07 | Win%: 33.5 | S0: 201.7 | FPS: 1936.2 | Var: per
Step: 1155072 | EPS: 0.24 | Rew: 0.11 | Win%: 32.5 | S0: 197.8 | FPS: 1972.8 | Var: per
Step: 1156096 | EPS: 0.24 | Rew: 0.06 | Win%: 34.5 | S0: 203.1 | FPS: 1672.6 | Var: per
Step: 1157120 | EPS: 0.24 | Rew: 0.15 | Win%: 36.5 | S0: 207.4 | FPS: 2084.7 | Var: per
Step: 1158144 | EPS: 0.24 | Rew: 0.01 | Win%: 36.5 | S0: 209.5 | FPS: 1999.4 | Var: per
Step: 1159168 | EPS: 0.24 | Rew: -0.13 | Win%: 35.0 | S0: 208.8 | FPS: 2142.1 | Var: per
Step: 1160192 | EPS: 0.24 | Rew: -0.08 | Win%: 38.0 | S0: 224.7 | FPS: 1835.2 | Var: per
Step: 1161216 | EPS: 0.24 | Rew: -0.01 | Win%: 36.5 | S0: 220.6 | FPS: 1830.2 | Var: per
Step: 1162240 | EPS: 0.24 | Rew: -0.08 | Win%: 35.5 | S0: 217.6 | FPS: 1907.0 | Var: per
Step: 1163264 | EPS: 0.24 | Rew: 0.07 | Win%: 38.5 | S0: 225.4 | FPS: 1982.4 | Var: per
Step: 1164288 | EPS: 0.24 | Rew: 0.23 | Win%: 36.0 | S0: 217.8 | FPS: 1692.9 | Var: per
Step: 1165312 | EPS: 0.24 | Rew: 0.11 | Win%: 36.5 | S0: 207.3 | FPS: 1927.7 | Var: per
Step: 1166336 | EPS: 0.24 | Rew: -0.03 | Win%: 34.5 | S0: 205.1 | FPS: 2015.3 | Var: per
Step: 1167360 | EPS: 0.24 | Rew: 0.07 | Win%: 34.5 | S0: 207.8 | FPS: 1816.0 | Var: per
Step: 1168384 | EPS: 0.24 | Rew: -0.23 | Win%: 32.0 | S0: 201.4 | FPS: 1985.5 | Var: per
Step: 1169408 | EPS: 0.24 | Rew: -0.24 | Win%: 35.5 | S0: 208.4 | FPS: 1950.7 | Var: per
Step: 1170432 | EPS: 0.24 | Rew: -0.22 | Win%: 35.5 | S0: 201.8 | FPS: 1939.1 | Var: per
Step: 1171456 | EPS: 0.24 | Rew: -0.19 | Win%: 35.5 | S0: 199.9 | FPS: 1750.7 | Var: per
Step: 1172480 | EPS: 0.23 | Rew: -0.13 | Win%: 35.5 | S0: 199.9 | FPS: 1950.1 | Var: per
Step: 1173504 | EPS: 0.23 | Rew: -0.12 | Win%: 34.0 | S0: 193.0 | FPS: 1912.4 | Var: per
Step: 1174528 | EPS: 0.23 | Rew: 0.00 | Win%: 33.5 | S0: 190.2 | FPS: 1838.9 | Var: per
Step: 1175552 | EPS: 0.23 | Rew: 0.00 | Win%: 34.5 | S0: 195.6 | FPS: 2259.6 | Var: per
Step: 1176576 | EPS: 0.23 | Rew: 0.05 | Win%: 34.5 | S0: 203.4 | FPS: 2050.5 | Var: per
Step: 1177600 | EPS: 0.23 | Rew: 0.07 | Win%: 35.0 | S0: 205.4 | FPS: 1923.5 | Var: per
Step: 1178624 | EPS: 0.23 | Rew: 0.23 | Win%: 39.5 | S0: 213.8 | FPS: 1918.7 | Var: per
Step: 1179648 | EPS: 0.23 | Rew: 0.13 | Win%: 38.5 | S0: 209.8 | FPS: 2000.1 | Var: per
Step: 1180672 | EPS: 0.23 | Rew: 0.11 | Win%: 38.0 | S0: 215.5 | FPS: 1908.6 | Var: per
Step: 1181696 | EPS: 0.23 | Rew: 0.08 | Win%: 37.5 | S0: 210.4 | FPS: 2020.2 | Var: per
Step: 1182720 | EPS: 0.23 | Rew: -0.07 | Win%: 36.5 | S0: 205.3 | FPS: 2079.3 | Var: per
Step: 1183744 | EPS: 0.23 | Rew: -0.12 | Win%: 36.0 | S0: 203.8 | FPS: 1938.4 | Var: per
Step: 1184768 | EPS: 0.23 | Rew: -0.06 | Win%: 35.0 | S0: 203.9 | FPS: 1899.9 | Var: per
Step: 1185792 | EPS: 0.23 | Rew: -0.11 | Win%: 37.0 | S0: 202.2 | FPS: 1905.7 | Var: per
Step: 1186816 | EPS: 0.23 | Rew: -0.05 | Win%: 37.5 | S0: 199.5 | FPS: 1965.5 | Var: per
Step: 1187840 | EPS: 0.23 | Rew: 0.05 | Win%: 39.0 | S0: 202.1 | FPS: 1967.9 | Var: per
Step: 1188864 | EPS: 0.23 | Rew: 0.15 | Win%: 35.5 | S0: 202.1 | FPS: 1845.9 | Var: per
Step: 1189888 | EPS: 0.23 | Rew: 0.16 | Win%: 38.0 | S0: 212.0 | FPS: 1948.1 | Var: per
Step: 1190912 | EPS: 0.23 | Rew: 0.17 | Win%: 38.0 | S0: 219.1 | FPS: 2108.5 | Var: per
Step: 1191936 | EPS: 0.23 | Rew: 0.12 | Win%: 38.5 | S0: 218.5 | FPS: 1792.3 | Var: per
Step: 1192960 | EPS: 0.23 | Rew: 0.02 | Win%: 37.5 | S0: 217.1 | FPS: 2077.9 | Var: per
Step: 1193984 | EPS: 0.23 | Rew: 0.18 | Win%: 42.0 | S0: 233.1 | FPS: 1779.8 | Var: per
Step: 1195008 | EPS: 0.23 | Rew: 0.22 | Win%: 41.5 | S0: 235.4 | FPS: 1933.1 | Var: per
Step: 1196032 | EPS: 0.23 | Rew: 0.11 | Win%: 40.5 | S0: 233.1 | FPS: 2026.7 | Var: per
Step: 1197056 | EPS: 0.23 | Rew: 0.06 | Win%: 38.0 | S0: 233.2 | FPS: 1909.1 | Var: per
Step: 1198080 | EPS: 0.23 | Rew: 0.22 | Win%: 38.5 | S0: 238.2 | FPS: 1990.7 | Var: per
Step: 1199104 | EPS: 0.23 | Rew: 0.07 | Win%: 39.0 | S0: 229.2 | FPS: 2004.9 | Var: per
Step: 1200128 | EPS: 0.23 | Rew: 0.07 | Win%: 39.5 | S0: 232.3 | FPS: 1957.9 | Var: per
Step: 1201152 | EPS: 0.23 | Rew: 0.08 | Win%: 38.5 | S0: 233.5 | FPS: 1848.2 | Var: per
Step: 1202176 | EPS: 0.23 | Rew: 0.20 | Win%: 39.5 | S0: 231.2 | FPS: 2090.6 | Var: per
Step: 1203200 | EPS: 0.23 | Rew: 0.24 | Win%: 42.0 | S0: 244.6 | FPS: 1943.9 | Var: per
Step: 1204224 | EPS: 0.23 | Rew: 0.32 | Win%: 43.0 | S0: 253.2 | FPS: 1704.7 | Var: per
>>> [Best] Saved -> agent/checkpoints/per_battle.pth | Win% 43.0 | S0 253.2
Step: 1205248 | EPS: 0.23 | Rew: 0.35 | Win%: 42.0 | S0: 249.9 | FPS: 2005.5 | Var: per
Step: 1206272 | EPS: 0.23 | Rew: 0.28 | Win%: 41.5 | S0: 246.3 | FPS: 2047.4 | Var: per
Step: 1207296 | EPS: 0.23 | Rew: 0.23 | Win%: 42.5 | S0: 238.4 | FPS: 2041.0 | Var: per
Step: 1208320 | EPS: 0.23 | Rew: 0.04 | Win%: 39.5 | S0: 229.1 | FPS: 1952.7 | Var: per
Step: 1209344 | EPS: 0.23 | Rew: 0.05 | Win%: 42.0 | S0: 236.6 | FPS: 1897.7 | Var: per
Step: 1210368 | EPS: 0.23 | Rew: 0.07 | Win%: 42.0 | S0: 239.2 | FPS: 1993.7 | Var: per
Step: 1211392 | EPS: 0.23 | Rew: 0.00 | Win%: 40.5 | S0: 235.4 | FPS: 1951.2 | Var: per
Step: 1212416 | EPS: 0.23 | Rew: 0.05 | Win%: 40.5 | S0: 242.2 | FPS: 1837.0 | Var: per
Step: 1213440 | EPS: 0.23 | Rew: 0.17 | Win%: 40.0 | S0: 233.4 | FPS: 2004.0 | Var: per
Step: 1214464 | EPS: 0.23 | Rew: 0.12 | Win%: 39.0 | S0: 226.3 | FPS: 1985.3 | Var: per
Step: 1215488 | EPS: 0.23 | Rew: -0.02 | Win%: 36.0 | S0: 219.8 | FPS: 1990.9 | Var: per
Step: 1216512 | EPS: 0.23 | Rew: -0.10 | Win%: 36.5 | S0: 214.1 | FPS: 1998.6 | Var: per
Step: 1217536 | EPS: 0.23 | Rew: -0.21 | Win%: 34.5 | S0: 206.1 | FPS: 2015.5 | Var: per
Step: 1218560 | EPS: 0.23 | Rew: -0.26 | Win%: 35.0 | S0: 213.3 | FPS: 2032.6 | Var: per
Step: 1219584 | EPS: 0.23 | Rew: -0.19 | Win%: 36.0 | S0: 220.1 | FPS: 1942.1 | Var: per
Step: 1220608 | EPS: 0.23 | Rew: -0.18 | Win%: 33.0 | S0: 202.1 | FPS: 1882.2 | Var: per
Step: 1221632 | EPS: 0.23 | Rew: -0.09 | Win%: 34.5 | S0: 208.9 | FPS: 1959.2 | Var: per
Step: 1222656 | EPS: 0.23 | Rew: 0.09 | Win%: 36.5 | S0: 203.6 | FPS: 2094.7 | Var: per
Step: 1223680 | EPS: 0.23 | Rew: 0.12 | Win%: 36.0 | S0: 206.7 | FPS: 1729.6 | Var: per
Step: 1224704 | EPS: 0.23 | Rew: 0.08 | Win%: 35.0 | S0: 204.1 | FPS: 1804.2 | Var: per
Step: 1225728 | EPS: 0.23 | Rew: 0.12 | Win%: 36.0 | S0: 200.9 | FPS: 1858.2 | Var: per
Step: 1226752 | EPS: 0.23 | Rew: -0.01 | Win%: 36.5 | S0: 204.6 | FPS: 1937.6 | Var: per
Step: 1227776 | EPS: 0.23 | Rew: -0.06 | Win%: 37.0 | S0: 212.1 | FPS: 1992.3 | Var: per
Step: 1228800 | EPS: 0.23 | Rew: -0.11 | Win%: 38.0 | S0: 210.9 | FPS: 1766.4 | Var: per
Step: 1229824 | EPS: 0.23 | Rew: -0.20 | Win%: 39.0 | S0: 208.6 | FPS: 1822.3 | Var: per
Step: 1230848 | EPS: 0.23 | Rew: -0.31 | Win%: 38.0 | S0: 199.6 | FPS: 1948.4 | Var: per
Step: 1231872 | EPS: 0.23 | Rew: -0.30 | Win%: 37.5 | S0: 201.1 | FPS: 2007.0 | Var: per
Step: 1232896 | EPS: 0.23 | Rew: -0.32 | Win%: 36.0 | S0: 195.9 | FPS: 1969.3 | Var: per
Step: 1233920 | EPS: 0.23 | Rew: -0.29 | Win%: 34.5 | S0: 187.3 | FPS: 1864.2 | Var: per
Step: 1234944 | EPS: 0.23 | Rew: -0.06 | Win%: 35.0 | S0: 195.1 | FPS: 2127.6 | Var: per
Step: 1235968 | EPS: 0.23 | Rew: 0.07 | Win%: 36.5 | S0: 209.4 | FPS: 2001.2 | Var: per
Step: 1236992 | EPS: 0.23 | Rew: 0.22 | Win%: 36.5 | S0: 213.8 | FPS: 1793.1 | Var: per
Step: 1238016 | EPS: 0.23 | Rew: 0.36 | Win%: 38.0 | S0: 223.8 | FPS: 1963.8 | Var: per
Step: 1239040 | EPS: 0.23 | Rew: 0.32 | Win%: 37.0 | S0: 220.2 | FPS: 1932.9 | Var: per
Step: 1240064 | EPS: 0.23 | Rew: 0.27 | Win%: 36.5 | S0: 228.4 | FPS: 1942.7 | Var: per
Step: 1241088 | EPS: 0.23 | Rew: 0.25 | Win%: 37.0 | S0: 239.3 | FPS: 2021.2 | Var: per
Step: 1242112 | EPS: 0.23 | Rew: 0.17 | Win%: 38.0 | S0: 242.9 | FPS: 1952.4 | Var: per
Step: 1243136 | EPS: 0.23 | Rew: 0.11 | Win%: 39.5 | S0: 251.0 | FPS: 2039.4 | Var: per
Step: 1244160 | EPS: 0.22 | Rew: 0.01 | Win%: 37.0 | S0: 239.9 | FPS: 1970.0 | Var: per
Step: 1245184 | EPS: 0.22 | Rew: 0.01 | Win%: 38.0 | S0: 243.0 | FPS: 1823.9 | Var: per
Step: 1246208 | EPS: 0.22 | Rew: -0.03 | Win%: 38.0 | S0: 239.4 | FPS: 2088.9 | Var: per
Step: 1247232 | EPS: 0.22 | Rew: -0.07 | Win%: 37.5 | S0: 227.2 | FPS: 1984.5 | Var: per
Step: 1248256 | EPS: 0.22 | Rew: -0.05 | Win%: 37.0 | S0: 225.4 | FPS: 1962.5 | Var: per
Step: 1249280 | EPS: 0.22 | Rew: -0.00 | Win%: 36.5 | S0: 222.5 | FPS: 1751.7 | Var: per
Step: 1250304 | EPS: 0.22 | Rew: 0.03 | Win%: 36.5 | S0: 225.7 | FPS: 2068.6 | Var: per
Step: 1251328 | EPS: 0.22 | Rew: 0.11 | Win%: 38.5 | S0: 236.5 | FPS: 2113.9 | Var: per
Step: 1252352 | EPS: 0.22 | Rew: 0.14 | Win%: 37.0 | S0: 227.5 | FPS: 2007.8 | Var: per
Step: 1253376 | EPS: 0.22 | Rew: 0.15 | Win%: 37.5 | S0: 226.8 | FPS: 1841.6 | Var: per
Step: 1254400 | EPS: 0.22 | Rew: 0.16 | Win%: 39.0 | S0: 235.6 | FPS: 1985.5 | Var: per
Step: 1255424 | EPS: 0.22 | Rew: 0.12 | Win%: 39.0 | S0: 238.6 | FPS: 2025.8 | Var: per
Step: 1256448 | EPS: 0.22 | Rew: 0.07 | Win%: 39.5 | S0: 241.2 | FPS: 2131.6 | Var: per
Step: 1257472 | EPS: 0.22 | Rew: -0.04 | Win%: 38.0 | S0: 235.3 | FPS: 1746.9 | Var: per
Step: 1258496 | EPS: 0.22 | Rew: 0.00 | Win%: 38.5 | S0: 237.2 | FPS: 1887.4 | Var: per
Step: 1259520 | EPS: 0.22 | Rew: -0.13 | Win%: 38.0 | S0: 229.5 | FPS: 2094.8 | Var: per
Step: 1260544 | EPS: 0.22 | Rew: -0.09 | Win%: 38.0 | S0: 229.9 | FPS: 1981.4 | Var: per
Step: 1261568 | EPS: 0.22 | Rew: -0.12 | Win%: 37.0 | S0: 218.2 | FPS: 1789.9 | Var: per
Step: 1262592 | EPS: 0.22 | Rew: -0.07 | Win%: 36.0 | S0: 211.6 | FPS: 1999.1 | Var: per
Step: 1263616 | EPS: 0.22 | Rew: -0.07 | Win%: 37.0 | S0: 212.7 | FPS: 2148.1 | Var: per
Step: 1264640 | EPS: 0.22 | Rew: -0.04 | Win%: 37.0 | S0: 215.8 | FPS: 1931.0 | Var: per
Step: 1265664 | EPS: 0.22 | Rew: -0.06 | Win%: 36.0 | S0: 208.4 | FPS: 1683.3 | Var: per
Step: 1266688 | EPS: 0.22 | Rew: -0.01 | Win%: 35.5 | S0: 204.8 | FPS: 2087.2 | Var: per
Step: 1267712 | EPS: 0.22 | Rew: -0.01 | Win%: 35.5 | S0: 213.2 | FPS: 2065.2 | Var: per
Step: 1268736 | EPS: 0.22 | Rew: -0.07 | Win%: 35.5 | S0: 213.4 | FPS: 1769.3 | Var: per
Step: 1269760 | EPS: 0.22 | Rew: -0.05 | Win%: 34.5 | S0: 210.3 | FPS: 2097.8 | Var: per
Step: 1270784 | EPS: 0.22 | Rew: -0.03 | Win%: 35.0 | S0: 222.1 | FPS: 1977.9 | Var: per
Step: 1271808 | EPS: 0.22 | Rew: 0.13 | Win%: 37.0 | S0: 232.2 | FPS: 1839.6 | Var: per
Step: 1272832 | EPS: 0.22 | Rew: 0.11 | Win%: 37.0 | S0: 229.2 | FPS: 1670.9 | Var: per
Step: 1273856 | EPS: 0.22 | Rew: 0.15 | Win%: 36.5 | S0: 231.8 | FPS: 2094.0 | Var: per
Step: 1274880 | EPS: 0.22 | Rew: 0.02 | Win%: 34.5 | S0: 220.9 | FPS: 1921.5 | Var: per
Step: 1275904 | EPS: 0.22 | Rew: 0.20 | Win%: 37.5 | S0: 236.6 | FPS: 1964.5 | Var: per
Step: 1276928 | EPS: 0.22 | Rew: 0.10 | Win%: 38.0 | S0: 241.7 | FPS: 1750.2 | Var: per
Step: 1277952 | EPS: 0.22 | Rew: 0.11 | Win%: 38.0 | S0: 241.4 | FPS: 1711.6 | Var: per
Step: 1278976 | EPS: 0.22 | Rew: 0.20 | Win%: 42.0 | S0: 246.5 | FPS: 2033.9 | Var: per
Step: 1280000 | EPS: 0.22 | Rew: 0.32 | Win%: 42.0 | S0: 245.5 | FPS: 2079.3 | Var: per
Step: 1281024 | EPS: 0.22 | Rew: 0.16 | Win%: 42.0 | S0: 239.9 | FPS: 1964.9 | Var: per
Step: 1282048 | EPS: 0.22 | Rew: 0.02 | Win%: 39.5 | S0: 223.1 | FPS: 1954.8 | Var: per
Step: 1283072 | EPS: 0.22 | Rew: 0.08 | Win%: 39.0 | S0: 227.8 | FPS: 2052.3 | Var: per
Step: 1284096 | EPS: 0.22 | Rew: 0.06 | Win%: 41.5 | S0: 234.8 | FPS: 2034.6 | Var: per
Step: 1285120 | EPS: 0.22 | Rew: -0.04 | Win%: 42.0 | S0: 231.7 | FPS: 1635.2 | Var: per
Step: 1286144 | EPS: 0.22 | Rew: -0.11 | Win%: 39.0 | S0: 223.1 | FPS: 2074.5 | Var: per
Step: 1287168 | EPS: 0.22 | Rew: 0.03 | Win%: 38.0 | S0: 215.0 | FPS: 1963.5 | Var: per
Step: 1288192 | EPS: 0.22 | Rew: 0.10 | Win%: 40.0 | S0: 212.6 | FPS: 1875.6 | Var: per
Step: 1289216 | EPS: 0.22 | Rew: 0.02 | Win%: 38.0 | S0: 211.9 | FPS: 1783.9 | Var: per
Step: 1290240 | EPS: 0.22 | Rew: 0.07 | Win%: 38.0 | S0: 207.6 | FPS: 1987.2 | Var: per
Step: 1291264 | EPS: 0.22 | Rew: 0.18 | Win%: 38.5 | S0: 206.9 | FPS: 1854.0 | Var: per
Step: 1292288 | EPS: 0.22 | Rew: 0.20 | Win%: 40.0 | S0: 219.2 | FPS: 1866.1 | Var: per
Step: 1293312 | EPS: 0.22 | Rew: 0.26 | Win%: 43.0 | S0: 225.5 | FPS: 1588.8 | Var: per
Step: 1294336 | EPS: 0.22 | Rew: 0.22 | Win%: 43.5 | S0: 225.2 | FPS: 2040.3 | Var: per
Step: 1295360 | EPS: 0.22 | Rew: 0.29 | Win%: 45.0 | S0: 224.4 | FPS: 2046.7 | Var: per
Step: 1296384 | EPS: 0.22 | Rew: 0.27 | Win%: 46.5 | S0: 230.0 | FPS: 2048.5 | Var: per
Step: 1297408 | EPS: 0.22 | Rew: 0.19 | Win%: 47.0 | S0: 233.6 | FPS: 2032.1 | Var: per
Step: 1298432 | EPS: 0.22 | Rew: 0.16 | Win%: 44.5 | S0: 235.8 | FPS: 1912.6 | Var: per
Step: 1299456 | EPS: 0.22 | Rew: 0.15 | Win%: 45.0 | S0: 241.1 | FPS: 2013.2 | Var: per
Step: 1300480 | EPS: 0.22 | Rew: 0.09 | Win%: 44.5 | S0: 242.6 | FPS: 1835.2 | Var: per
Step: 1301504 | EPS: 0.22 | Rew: 0.06 | Win%: 44.0 | S0: 245.1 | FPS: 1884.8 | Var: per
Step: 1302528 | EPS: 0.22 | Rew: 0.07 | Win%: 41.5 | S0: 241.2 | FPS: 1953.5 | Var: per
Step: 1303552 | EPS: 0.22 | Rew: 0.04 | Win%: 40.0 | S0: 233.7 | FPS: 2005.8 | Var: per
Step: 1304576 | EPS: 0.22 | Rew: 0.05 | Win%: 39.0 | S0: 230.7 | FPS: 1909.6 | Var: per
Step: 1305600 | EPS: 0.22 | Rew: 0.05 | Win%: 37.5 | S0: 229.3 | FPS: 1901.7 | Var: per
Step: 1306624 | EPS: 0.22 | Rew: 0.02 | Win%: 37.0 | S0: 229.7 | FPS: 1958.3 | Var: per
Step: 1307648 | EPS: 0.22 | Rew: -0.00 | Win%: 36.0 | S0: 228.4 | FPS: 1967.5 | Var: per
Step: 1308672 | EPS: 0.22 | Rew: 0.01 | Win%: 35.5 | S0: 229.3 | FPS: 1950.4 | Var: per
Step: 1309696 | EPS: 0.22 | Rew: 0.08 | Win%: 38.0 | S0: 239.4 | FPS: 2008.3 | Var: per
Step: 1310720 | EPS: 0.22 | Rew: 0.19 | Win%: 40.0 | S0: 241.2 | FPS: 2109.2 | Var: per
Step: 1311744 | EPS: 0.22 | Rew: 0.18 | Win%: 40.0 | S0: 234.9 | FPS: 2060.9 | Var: per
Step: 1312768 | EPS: 0.22 | Rew: 0.17 | Win%: 40.0 | S0: 236.0 | FPS: 1705.2 | Var: per
Step: 1313792 | EPS: 0.22 | Rew: 0.20 | Win%: 40.5 | S0: 233.2 | FPS: 1859.5 | Var: per
Step: 1314816 | EPS: 0.21 | Rew: 0.36 | Win%: 44.5 | S0: 239.8 | FPS: 1929.8 | Var: per
Step: 1315840 | EPS: 0.21 | Rew: 0.22 | Win%: 44.0 | S0: 240.3 | FPS: 2047.0 | Var: per
Step: 1316864 | EPS: 0.21 | Rew: 0.22 | Win%: 45.0 | S0: 244.3 | FPS: 1710.4 | Var: per
Step: 1317888 | EPS: 0.21 | Rew: 0.21 | Win%: 44.5 | S0: 242.9 | FPS: 1920.2 | Var: per
Step: 1318912 | EPS: 0.21 | Rew: 0.04 | Win%: 41.5 | S0: 233.0 | FPS: 1989.0 | Var: per
Step: 1319936 | EPS: 0.21 | Rew: -0.04 | Win%: 40.0 | S0: 231.8 | FPS: 2027.8 | Var: per
Step: 1320960 | EPS: 0.21 | Rew: -0.08 | Win%: 42.0 | S0: 237.3 | FPS: 1809.1 | Var: per
Step: 1321984 | EPS: 0.21 | Rew: -0.18 | Win%: 40.0 | S0: 229.8 | FPS: 1815.5 | Var: per
Step: 1323008 | EPS: 0.21 | Rew: -0.28 | Win%: 37.5 | S0: 212.2 | FPS: 2062.5 | Var: per
Step: 1324032 | EPS: 0.21 | Rew: -0.35 | Win%: 36.5 | S0: 209.2 | FPS: 1829.8 | Var: per
Step: 1325056 | EPS: 0.21 | Rew: -0.30 | Win%: 34.0 | S0: 199.1 | FPS: 1600.0 | Var: per
Step: 1326080 | EPS: 0.21 | Rew: -0.30 | Win%: 34.0 | S0: 201.2 | FPS: 1841.1 | Var: per
Step: 1327104 | EPS: 0.21 | Rew: -0.29 | Win%: 32.0 | S0: 196.7 | FPS: 1698.5 | Var: per
Step: 1328128 | EPS: 0.21 | Rew: -0.36 | Win%: 31.0 | S0: 184.9 | FPS: 1965.7 | Var: per
Step: 1329152 | EPS: 0.21 | Rew: -0.10 | Win%: 33.5 | S0: 197.7 | FPS: 1837.7 | Var: per
Step: 1330176 | EPS: 0.21 | Rew: 0.06 | Win%: 33.5 | S0: 198.0 | FPS: 2062.0 | Var: per
Step: 1331200 | EPS: 0.21 | Rew: 0.21 | Win%: 36.0 | S0: 210.2 | FPS: 2038.3 | Var: per
Step: 1332224 | EPS: 0.21 | Rew: 0.32 | Win%: 37.5 | S0: 218.5 | FPS: 1812.1 | Var: per
Step: 1333248 | EPS: 0.21 | Rew: 0.28 | Win%: 36.0 | S0: 212.4 | FPS: 1872.0 | Var: per
Step: 1334272 | EPS: 0.21 | Rew: 0.20 | Win%: 36.5 | S0: 212.8 | FPS: 2004.3 | Var: per
Step: 1335296 | EPS: 0.21 | Rew: 0.10 | Win%: 37.0 | S0: 217.1 | FPS: 2024.5 | Var: per
Step: 1336320 | EPS: 0.21 | Rew: -0.01 | Win%: 36.5 | S0: 213.6 | FPS: 1790.7 | Var: per
Step: 1337344 | EPS: 0.21 | Rew: -0.04 | Win%: 37.5 | S0: 217.8 | FPS: 2049.2 | Var: per
Step: 1338368 | EPS: 0.21 | Rew: 0.03 | Win%: 41.0 | S0: 239.2 | FPS: 1996.3 | Var: per
Step: 1339392 | EPS: 0.21 | Rew: 0.01 | Win%: 40.0 | S0: 232.7 | FPS: 1817.8 | Var: per
Step: 1340416 | EPS: 0.21 | Rew: 0.07 | Win%: 42.0 | S0: 240.8 | FPS: 1989.1 | Var: per
Step: 1341440 | EPS: 0.21 | Rew: 0.17 | Win%: 43.5 | S0: 246.9 | FPS: 1943.3 | Var: per
Step: 1342464 | EPS: 0.21 | Rew: 0.28 | Win%: 43.5 | S0: 253.4 | FPS: 1945.5 | Var: per
Step: 1343488 | EPS: 0.21 | Rew: 0.27 | Win%: 42.5 | S0: 256.4 | FPS: 1861.5 | Var: per
Step: 1344512 | EPS: 0.21 | Rew: 0.28 | Win%: 40.0 | S0: 239.5 | FPS: 1848.5 | Var: per
Step: 1345536 | EPS: 0.21 | Rew: 0.22 | Win%: 40.5 | S0: 235.3 | FPS: 1996.5 | Var: per
Step: 1346560 | EPS: 0.21 | Rew: 0.10 | Win%: 39.0 | S0: 241.4 | FPS: 1863.8 | Var: per
Step: 1347584 | EPS: 0.21 | Rew: 0.13 | Win%: 38.5 | S0: 234.7 | FPS: 2119.8 | Var: per
Step: 1348608 | EPS: 0.21 | Rew: 0.04 | Win%: 41.0 | S0: 244.5 | FPS: 1961.4 | Var: per
Step: 1349632 | EPS: 0.21 | Rew: 0.01 | Win%: 42.0 | S0: 246.8 | FPS: 2014.8 | Var: per
Step: 1350656 | EPS: 0.21 | Rew: -0.01 | Win%: 41.0 | S0: 244.9 | FPS: 1938.3 | Var: per
Step: 1351680 | EPS: 0.21 | Rew: 0.16 | Win%: 42.5 | S0: 249.7 | FPS: 1955.5 | Var: per
Step: 1352704 | EPS: 0.21 | Rew: 0.08 | Win%: 40.5 | S0: 238.9 | FPS: 1943.6 | Var: per
Step: 1353728 | EPS: 0.21 | Rew: 0.09 | Win%: 41.5 | S0: 239.8 | FPS: 2028.3 | Var: per
Step: 1354752 | EPS: 0.21 | Rew: 0.13 | Win%: 40.0 | S0: 238.6 | FPS: 1915.2 | Var: per
Step: 1355776 | EPS: 0.21 | Rew: 0.05 | Win%: 39.5 | S0: 231.1 | FPS: 1964.0 | Var: per
Step: 1356800 | EPS: 0.21 | Rew: 0.15 | Win%: 40.5 | S0: 236.9 | FPS: 1742.3 | Var: per
Step: 1357824 | EPS: 0.21 | Rew: 0.07 | Win%: 40.0 | S0: 235.4 | FPS: 1933.0 | Var: per
Step: 1358848 | EPS: 0.21 | Rew: 0.23 | Win%: 41.0 | S0: 232.4 | FPS: 1933.8 | Var: per
Step: 1359872 | EPS: 0.21 | Rew: 0.15 | Win%: 40.5 | S0: 231.1 | FPS: 1950.2 | Var: per
Step: 1360896 | EPS: 0.21 | Rew: 0.07 | Win%: 38.5 | S0: 226.8 | FPS: 1690.2 | Var: per
Step: 1361920 | EPS: 0.21 | Rew: 0.20 | Win%: 39.0 | S0: 230.2 | FPS: 1983.5 | Var: per
Step: 1362944 | EPS: 0.21 | Rew: 0.23 | Win%: 41.0 | S0: 235.1 | FPS: 1933.7 | Var: per
Step: 1363968 | EPS: 0.21 | Rew: 0.22 | Win%: 41.0 | S0: 232.6 | FPS: 2043.4 | Var: per
Step: 1364992 | EPS: 0.21 | Rew: 0.14 | Win%: 41.0 | S0: 240.1 | FPS: 1706.2 | Var: per
Step: 1366016 | EPS: 0.21 | Rew: 0.20 | Win%: 41.0 | S0: 239.2 | FPS: 1936.8 | Var: per
Step: 1367040 | EPS: 0.21 | Rew: 0.13 | Win%: 40.5 | S0: 239.8 | FPS: 1984.5 | Var: per
Step: 1368064 | EPS: 0.21 | Rew: -0.04 | Win%: 39.0 | S0: 231.4 | FPS: 1995.8 | Var: per
Step: 1369088 | EPS: 0.21 | Rew: -0.04 | Win%: 39.0 | S0: 234.6 | FPS: 1898.2 | Var: per
Step: 1370112 | EPS: 0.21 | Rew: -0.06 | Win%: 38.5 | S0: 227.6 | FPS: 1959.2 | Var: per
Step: 1371136 | EPS: 0.21 | Rew: -0.11 | Win%: 38.0 | S0: 225.9 | FPS: 1886.7 | Var: per
Step: 1372160 | EPS: 0.21 | Rew: 0.04 | Win%: 41.0 | S0: 229.9 | FPS: 2051.7 | Var: per
Step: 1373184 | EPS: 0.21 | Rew: 0.09 | Win%: 40.5 | S0: 233.1 | FPS: 2042.6 | Var: per
Step: 1374208 | EPS: 0.21 | Rew: 0.13 | Win%: 37.0 | S0: 222.7 | FPS: 1996.8 | Var: per
Step: 1375232 | EPS: 0.21 | Rew: 0.14 | Win%: 37.0 | S0: 226.9 | FPS: 1868.2 | Var: per
Step: 1376256 | EPS: 0.21 | Rew: 0.23 | Win%: 38.0 | S0: 229.5 | FPS: 2035.1 | Var: per
Step: 1377280 | EPS: 0.21 | Rew: 0.14 | Win%: 37.0 | S0: 221.7 | FPS: 1943.9 | Var: per
Step: 1378304 | EPS: 0.21 | Rew: 0.00 | Win%: 35.5 | S0: 220.8 | FPS: 1952.3 | Var: per
Step: 1379328 | EPS: 0.21 | Rew: -0.00 | Win%: 35.0 | S0: 220.2 | FPS: 1965.2 | Var: per
Step: 1380352 | EPS: 0.21 | Rew: 0.05 | Win%: 37.0 | S0: 226.9 | FPS: 1910.9 | Var: per
Step: 1381376 | EPS: 0.21 | Rew: 0.09 | Win%: 39.5 | S0: 229.8 | FPS: 1608.1 | Var: per
Step: 1382400 | EPS: 0.21 | Rew: 0.05 | Win%: 38.0 | S0: 221.3 | FPS: 1973.9 | Var: per
Step: 1383424 | EPS: 0.21 | Rew: 0.11 | Win%: 36.0 | S0: 224.2 | FPS: 1992.7 | Var: per
Step: 1384448 | EPS: 0.21 | Rew: 0.08 | Win%: 35.5 | S0: 216.2 | FPS: 2000.6 | Var: per
Step: 1385472 | EPS: 0.21 | Rew: 0.04 | Win%: 35.5 | S0: 215.8 | FPS: 1707.8 | Var: per
Step: 1386496 | EPS: 0.20 | Rew: 0.05 | Win%: 36.5 | S0: 219.3 | FPS: 1697.8 | Var: per
Step: 1387520 | EPS: 0.20 | Rew: -0.09 | Win%: 33.0 | S0: 203.0 | FPS: 1734.5 | Var: per
Step: 1388544 | EPS: 0.20 | Rew: -0.10 | Win%: 33.5 | S0: 211.2 | FPS: 1810.8 | Var: per
Step: 1389568 | EPS: 0.20 | Rew: 0.01 | Win%: 36.0 | S0: 215.2 | FPS: 1923.4 | Var: per
Step: 1390592 | EPS: 0.20 | Rew: 0.16 | Win%: 38.5 | S0: 219.0 | FPS: 2024.3 | Var: per
Step: 1391616 | EPS: 0.20 | Rew: 0.14 | Win%: 37.0 | S0: 217.7 | FPS: 1975.1 | Var: per
Step: 1392640 | EPS: 0.20 | Rew: 0.21 | Win%: 36.5 | S0: 223.2 | FPS: 2009.3 | Var: per
Step: 1393664 | EPS: 0.20 | Rew: 0.37 | Win%: 39.0 | S0: 227.2 | FPS: 1914.0 | Var: per
Step: 1394688 | EPS: 0.20 | Rew: 0.39 | Win%: 40.0 | S0: 230.4 | FPS: 1897.4 | Var: per
Step: 1395712 | EPS: 0.20 | Rew: 0.33 | Win%: 41.0 | S0: 231.3 | FPS: 2009.2 | Var: per
Step: 1396736 | EPS: 0.20 | Rew: 0.19 | Win%: 40.0 | S0: 228.3 | FPS: 1715.6 | Var: per
Step: 1397760 | EPS: 0.20 | Rew: 0.16 | Win%: 39.0 | S0: 223.2 | FPS: 1887.8 | Var: per
Step: 1398784 | EPS: 0.20 | Rew: 0.15 | Win%: 43.0 | S0: 233.3 | FPS: 2170.4 | Var: per
Step: 1399808 | EPS: 0.20 | Rew: 0.13 | Win%: 45.5 | S0: 238.8 | FPS: 2175.9 | Var: per
Step: 1400832 | EPS: 0.20 | Rew: -0.05 | Win%: 42.5 | S0: 220.5 | FPS: 1694.3 | Var: per
Step: 1401856 | EPS: 0.20 | Rew: 0.08 | Win%: 42.5 | S0: 222.4 | FPS: 1933.8 | Var: per
Step: 1402880 | EPS: 0.20 | Rew: 0.13 | Win%: 43.0 | S0: 229.3 | FPS: 1900.3 | Var: per
Step: 1403904 | EPS: 0.20 | Rew: 0.11 | Win%: 42.5 | S0: 226.4 | FPS: 2020.0 | Var: per
Step: 1404928 | EPS: 0.20 | Rew: 0.20 | Win%: 44.5 | S0: 237.4 | FPS: 1608.5 | Var: per
Step: 1405952 | EPS: 0.20 | Rew: 0.09 | Win%: 40.0 | S0: 224.7 | FPS: 1930.8 | Var: per
Step: 1406976 | EPS: 0.20 | Rew: 0.21 | Win%: 39.5 | S0: 224.6 | FPS: 2327.0 | Var: per
Step: 1408000 | EPS: 0.20 | Rew: 0.10 | Win%: 39.0 | S0: 223.3 | FPS: 2384.2 | Var: per
Step: 1409024 | EPS: 0.20 | Rew: 0.18 | Win%: 42.5 | S0: 238.2 | FPS: 1878.1 | Var: per
Step: 1410048 | EPS: 0.20 | Rew: 0.21 | Win%: 43.0 | S0: 246.4 | FPS: 1956.5 | Var: per
Step: 1411072 | EPS: 0.20 | Rew: 0.19 | Win%: 43.0 | S0: 248.3 | FPS: 1943.5 | Var: per
Step: 1412096 | EPS: 0.20 | Rew: 0.25 | Win%: 42.5 | S0: 250.1 | FPS: 1869.7 | Var: per
Step: 1413120 | EPS: 0.20 | Rew: 0.24 | Win%: 44.5 | S0: 252.7 | FPS: 1817.4 | Var: per
>>> [Best] Saved -> agent/checkpoints/per_battle.pth | Win% 44.5 | S0 252.7
Step: 1414144 | EPS: 0.20 | Rew: 0.22 | Win%: 43.0 | S0: 251.8 | FPS: 1942.3 | Var: per
Step: 1415168 | EPS: 0.20 | Rew: 0.31 | Win%: 45.0 | S0: 259.5 | FPS: 1900.9 | Var: per
>>> [Best] Saved -> agent/checkpoints/per_battle.pth | Win% 45.0 | S0 259.5
Step: 1416192 | EPS: 0.20 | Rew: 0.31 | Win%: 45.5 | S0: 257.6 | FPS: 1928.7 | Var: per
Step: 1417216 | EPS: 0.20 | Rew: 0.26 | Win%: 43.0 | S0: 247.9 | FPS: 1952.1 | Var: per
Step: 1418240 | EPS: 0.20 | Rew: 0.19 | Win%: 44.0 | S0: 247.8 | FPS: 1869.0 | Var: per
Step: 1419264 | EPS: 0.20 | Rew: 0.25 | Win%: 46.5 | S0: 251.4 | FPS: 2045.4 | Var: per
Step: 1420288 | EPS: 0.20 | Rew: 0.13 | Win%: 46.0 | S0: 241.8 | FPS: 2002.2 | Var: per
Step: 1421312 | EPS: 0.20 | Rew: 0.12 | Win%: 46.0 | S0: 237.7 | FPS: 2009.5 | Var: per
Step: 1422336 | EPS: 0.20 | Rew: 0.05 | Win%: 44.0 | S0: 228.6 | FPS: 1840.1 | Var: per
Step: 1423360 | EPS: 0.20 | Rew: 0.08 | Win%: 44.5 | S0: 226.3 | FPS: 1898.4 | Var: per
Step: 1424384 | EPS: 0.20 | Rew: 0.20 | Win%: 45.5 | S0: 232.9 | FPS: 1862.4 | Var: per
Step: 1425408 | EPS: 0.20 | Rew: 0.09 | Win%: 44.5 | S0: 226.1 | FPS: 1808.6 | Var: per
Step: 1426432 | EPS: 0.20 | Rew: 0.08 | Win%: 41.0 | S0: 212.4 | FPS: 1853.3 | Var: per
Step: 1427456 | EPS: 0.20 | Rew: 0.06 | Win%: 40.0 | S0: 211.9 | FPS: 1998.7 | Var: per
Step: 1428480 | EPS: 0.20 | Rew: -0.04 | Win%: 38.5 | S0: 208.1 | FPS: 1993.1 | Var: per
Step: 1429504 | EPS: 0.20 | Rew: -0.05 | Win%: 38.5 | S0: 206.8 | FPS: 1923.1 | Var: per
Step: 1430528 | EPS: 0.20 | Rew: -0.02 | Win%: 41.5 | S0: 215.5 | FPS: 1950.2 | Var: per
Step: 1431552 | EPS: 0.20 | Rew: 0.10 | Win%: 43.0 | S0: 217.4 | FPS: 2051.6 | Var: per
Step: 1432576 | EPS: 0.20 | Rew: 0.09 | Win%: 42.5 | S0: 219.4 | FPS: 1662.0 | Var: per
Step: 1433600 | EPS: 0.20 | Rew: 0.08 | Win%: 41.0 | S0: 215.4 | FPS: 1878.0 | Var: per
Step: 1434624 | EPS: 0.20 | Rew: 0.16 | Win%: 41.0 | S0: 217.3 | FPS: 1975.2 | Var: per
Step: 1435648 | EPS: 0.20 | Rew: 0.16 | Win%: 39.0 | S0: 215.7 | FPS: 1847.8 | Var: per
Step: 1436672 | EPS: 0.20 | Rew: 0.03 | Win%: 38.5 | S0: 212.9 | FPS: 1895.0 | Var: per
Step: 1437696 | EPS: 0.20 | Rew: -0.09 | Win%: 37.5 | S0: 205.0 | FPS: 2019.5 | Var: per
Step: 1438720 | EPS: 0.20 | Rew: -0.07 | Win%: 38.0 | S0: 213.0 | FPS: 2050.4 | Var: per
Step: 1439744 | EPS: 0.20 | Rew: -0.07 | Win%: 38.5 | S0: 210.9 | FPS: 1872.4 | Var: per
Step: 1440768 | EPS: 0.20 | Rew: 0.14 | Win%: 43.5 | S0: 228.4 | FPS: 1859.1 | Var: per
Step: 1441792 | EPS: 0.20 | Rew: 0.29 | Win%: 43.5 | S0: 230.2 | FPS: 1988.5 | Var: per
Step: 1442816 | EPS: 0.20 | Rew: 0.19 | Win%: 40.5 | S0: 221.1 | FPS: 1948.9 | Var: per
Step: 1443840 | EPS: 0.20 | Rew: 0.17 | Win%: 37.5 | S0: 215.7 | FPS: 1945.3 | Var: per
Step: 1444864 | EPS: 0.20 | Rew: 0.13 | Win%: 36.5 | S0: 211.1 | FPS: 2009.1 | Var: per
Step: 1445888 | EPS: 0.20 | Rew: 0.08 | Win%: 36.5 | S0: 207.3 | FPS: 1890.1 | Var: per
Step: 1446912 | EPS: 0.20 | Rew: -0.03 | Win%: 39.0 | S0: 218.3 | FPS: 2001.9 | Var: per
Step: 1447936 | EPS: 0.20 | Rew: 0.06 | Win%: 41.5 | S0: 223.3 | FPS: 1896.4 | Var: per
Step: 1448960 | EPS: 0.20 | Rew: 0.01 | Win%: 40.5 | S0: 217.2 | FPS: 1727.9 | Var: per
Step: 1449984 | EPS: 0.20 | Rew: 0.01 | Win%: 41.5 | S0: 217.6 | FPS: 2075.8 | Var: per
Step: 1451008 | EPS: 0.20 | Rew: 0.15 | Win%: 43.5 | S0: 221.3 | FPS: 1953.7 | Var: per
Step: 1452032 | EPS: 0.20 | Rew: 0.23 | Win%: 43.0 | S0: 215.0 | FPS: 1891.9 | Var: per
Step: 1453056 | EPS: 0.20 | Rew: 0.22 | Win%: 42.0 | S0: 216.2 | FPS: 1811.0 | Var: per
Step: 1454080 | EPS: 0.20 | Rew: 0.17 | Win%: 41.5 | S0: 218.1 | FPS: 1939.5 | Var: per
Step: 1455104 | EPS: 0.20 | Rew: 0.21 | Win%: 43.5 | S0: 230.1 | FPS: 1883.8 | Var: per
Step: 1456128 | EPS: 0.20 | Rew: 0.16 | Win%: 42.5 | S0: 232.7 | FPS: 1868.9 | Var: per
Step: 1457152 | EPS: 0.19 | Rew: 0.10 | Win%: 41.0 | S0: 232.1 | FPS: 1593.3 | Var: per
Step: 1458176 | EPS: 0.19 | Rew: 0.01 | Win%: 40.5 | S0: 233.0 | FPS: 2003.6 | Var: per
Step: 1459200 | EPS: 0.19 | Rew: 0.01 | Win%: 40.0 | S0: 233.2 | FPS: 1981.2 | Var: per
Step: 1460224 | EPS: 0.19 | Rew: 0.10 | Win%: 38.5 | S0: 237.7 | FPS: 1821.4 | Var: per
Step: 1461248 | EPS: 0.19 | Rew: 0.02 | Win%: 38.0 | S0: 241.1 | FPS: 1898.4 | Var: per
Step: 1462272 | EPS: 0.19 | Rew: -0.03 | Win%: 36.0 | S0: 229.5 | FPS: 2051.7 | Var: per
Step: 1463296 | EPS: 0.19 | Rew: 0.07 | Win%: 35.0 | S0: 234.3 | FPS: 2046.2 | Var: per
Step: 1464320 | EPS: 0.19 | Rew: 0.14 | Win%: 35.5 | S0: 238.8 | FPS: 1951.5 | Var: per
Step: 1465344 | EPS: 0.19 | Rew: 0.16 | Win%: 36.0 | S0: 241.4 | FPS: 2092.1 | Var: per
Step: 1466368 | EPS: 0.19 | Rew: 0.24 | Win%: 36.5 | S0: 243.1 | FPS: 2079.3 | Var: per
Step: 1467392 | EPS: 0.19 | Rew: 0.21 | Win%: 36.0 | S0: 245.7 | FPS: 2011.9 | Var: per
Step: 1468416 | EPS: 0.19 | Rew: 0.14 | Win%: 35.5 | S0: 242.4 | FPS: 2021.0 | Var: per
Step: 1469440 | EPS: 0.19 | Rew: 0.17 | Win%: 36.0 | S0: 243.3 | FPS: 2049.1 | Var: per
Step: 1470464 | EPS: 0.19 | Rew: 0.12 | Win%: 37.5 | S0: 250.2 | FPS: 2012.7 | Var: per
Step: 1471488 | EPS: 0.19 | Rew: 0.07 | Win%: 37.0 | S0: 244.6 | FPS: 1927.7 | Var: per
Step: 1472512 | EPS: 0.19 | Rew: 0.08 | Win%: 37.0 | S0: 243.3 | FPS: 1929.1 | Var: per
Step: 1473536 | EPS: 0.19 | Rew: 0.12 | Win%: 37.0 | S0: 238.8 | FPS: 1766.8 | Var: per
Step: 1474560 | EPS: 0.19 | Rew: 0.17 | Win%: 37.5 | S0: 241.8 | FPS: 2037.5 | Var: per
Step: 1475584 | EPS: 0.19 | Rew: 0.08 | Win%: 33.5 | S0: 234.4 | FPS: 1960.7 | Var: per
Step: 1476608 | EPS: 0.19 | Rew: 0.15 | Win%: 33.0 | S0: 234.5 | FPS: 2057.5 | Var: per
Step: 1477632 | EPS: 0.19 | Rew: 0.24 | Win%: 34.0 | S0: 239.0 | FPS: 1829.4 | Var: per
Step: 1478656 | EPS: 0.19 | Rew: 0.31 | Win%: 36.5 | S0: 252.9 | FPS: 1983.3 | Var: per
Step: 1479680 | EPS: 0.19 | Rew: 0.26 | Win%: 36.5 | S0: 250.8 | FPS: 1994.2 | Var: per
Step: 1480704 | EPS: 0.19 | Rew: 0.14 | Win%: 33.0 | S0: 229.1 | FPS: 2068.5 | Var: per
Step: 1481728 | EPS: 0.19 | Rew: 0.07 | Win%: 34.0 | S0: 232.3 | FPS: 1868.6 | Var: per
Step: 1482752 | EPS: 0.19 | Rew: 0.06 | Win%: 33.5 | S0: 242.1 | FPS: 2046.6 | Var: per
Step: 1483776 | EPS: 0.19 | Rew: 0.15 | Win%: 33.5 | S0: 253.2 | FPS: 1917.4 | Var: per
Step: 1484800 | EPS: 0.19 | Rew: 0.04 | Win%: 33.0 | S0: 256.4 | FPS: 1941.5 | Var: per
Step: 1485824 | EPS: 0.19 | Rew: 0.15 | Win%: 33.5 | S0: 251.1 | FPS: 1862.4 | Var: per
Step: 1486848 | EPS: 0.19 | Rew: 0.16 | Win%: 33.5 | S0: 248.2 | FPS: 1925.4 | Var: per
Step: 1487872 | EPS: 0.19 | Rew: 0.10 | Win%: 32.0 | S0: 235.8 | FPS: 1774.4 | Var: per
Step: 1488896 | EPS: 0.19 | Rew: -0.08 | Win%: 30.5 | S0: 228.8 | FPS: 1732.4 | Var: per
Step: 1489920 | EPS: 0.19 | Rew: -0.08 | Win%: 31.5 | S0: 233.6 | FPS: 1935.6 | Var: per
Step: 1490944 | EPS: 0.19 | Rew: -0.14 | Win%: 30.5 | S0: 228.2 | FPS: 2008.4 | Var: per
Step: 1491968 | EPS: 0.19 | Rew: -0.12 | Win%: 31.5 | S0: 231.7 | FPS: 1804.1 | Var: per
Step: 1492992 | EPS: 0.19 | Rew: -0.08 | Win%: 32.5 | S0: 238.8 | FPS: 1800.1 | Var: per
Step: 1494016 | EPS: 0.19 | Rew: -0.06 | Win%: 31.5 | S0: 225.2 | FPS: 1921.9 | Var: per
Step: 1495040 | EPS: 0.19 | Rew: -0.05 | Win%: 32.0 | S0: 216.7 | FPS: 1899.1 | Var: per
Step: 1496064 | EPS: 0.19 | Rew: 0.11 | Win%: 33.5 | S0: 220.4 | FPS: 1963.1 | Var: per
Step: 1497088 | EPS: 0.19 | Rew: 0.13 | Win%: 32.0 | S0: 221.8 | FPS: 1823.4 | Var: per
Step: 1498112 | EPS: 0.19 | Rew: 0.05 | Win%: 32.0 | S0: 219.8 | FPS: 1902.7 | Var: per
Step: 1499136 | EPS: 0.19 | Rew: 0.09 | Win%: 33.0 | S0: 232.3 | FPS: 1951.3 | Var: per
Step: 1500160 | EPS: 0.19 | Rew: 0.08 | Win%: 34.5 | S0: 235.6 | FPS: 1941.1 | Var: per
Step: 1501184 | EPS: 0.19 | Rew: 0.24 | Win%: 36.0 | S0: 244.1 | FPS: 1989.3 | Var: per
Step: 1502208 | EPS: 0.19 | Rew: -0.00 | Win%: 35.0 | S0: 241.2 | FPS: 1940.0 | Var: per
Step: 1503232 | EPS: 0.19 | Rew: 0.03 | Win%: 33.5 | S0: 236.1 | FPS: 1937.5 | Var: per
Step: 1504256 | EPS: 0.19 | Rew: -0.02 | Win%: 32.0 | S0: 231.6 | FPS: 1951.2 | Var: per
Step: 1505280 | EPS: 0.19 | Rew: 0.03 | Win%: 33.0 | S0: 240.4 | FPS: 1894.6 | Var: per
Step: 1506304 | EPS: 0.19 | Rew: -0.01 | Win%: 33.0 | S0: 246.3 | FPS: 2027.4 | Var: per
Step: 1507328 | EPS: 0.19 | Rew: -0.08 | Win%: 31.5 | S0: 236.2 | FPS: 2095.9 | Var: per
Step: 1508352 | EPS: 0.19 | Rew: -0.17 | Win%: 30.0 | S0: 221.5 | FPS: 2097.4 | Var: per
Step: 1509376 | EPS: 0.19 | Rew: -0.17 | Win%: 30.5 | S0: 222.4 | FPS: 2085.8 | Var: per
Step: 1510400 | EPS: 0.19 | Rew: -0.03 | Win%: 31.5 | S0: 221.8 | FPS: 1919.4 | Var: per
Step: 1511424 | EPS: 0.19 | Rew: 0.07 | Win%: 33.0 | S0: 228.2 | FPS: 1842.6 | Var: per
Step: 1512448 | EPS: 0.19 | Rew: 0.15 | Win%: 34.5 | S0: 230.8 | FPS: 2018.1 | Var: per
Step: 1513472 | EPS: 0.19 | Rew: 0.30 | Win%: 34.0 | S0: 233.1 | FPS: 1823.3 | Var: per
Step: 1514496 | EPS: 0.19 | Rew: 0.40 | Win%: 36.0 | S0: 233.8 | FPS: 2018.1 | Var: per
Step: 1515520 | EPS: 0.19 | Rew: 0.30 | Win%: 35.0 | S0: 235.8 | FPS: 2019.3 | Var: per
Step: 1516544 | EPS: 0.19 | Rew: 0.15 | Win%: 35.0 | S0: 225.2 | FPS: 1948.6 | Var: per
Step: 1517568 | EPS: 0.19 | Rew: 0.02 | Win%: 34.5 | S0: 222.6 | FPS: 1889.5 | Var: per
Step: 1518592 | EPS: 0.19 | Rew: 0.02 | Win%: 37.5 | S0: 226.9 | FPS: 1980.7 | Var: per
Step: 1519616 | EPS: 0.19 | Rew: -0.11 | Win%: 37.5 | S0: 229.2 | FPS: 2027.5 | Var: per
Step: 1520640 | EPS: 0.19 | Rew: -0.03 | Win%: 39.5 | S0: 235.2 | FPS: 1975.6 | Var: per
Step: 1521664 | EPS: 0.19 | Rew: 0.09 | Win%: 37.0 | S0: 239.2 | FPS: 1999.1 | Var: per
Step: 1522688 | EPS: 0.19 | Rew: 0.14 | Win%: 36.0 | S0: 231.6 | FPS: 1943.0 | Var: per
Step: 1523712 | EPS: 0.19 | Rew: 0.19 | Win%: 34.5 | S0: 231.4 | FPS: 2122.8 | Var: per
Step: 1524736 | EPS: 0.19 | Rew: 0.16 | Win%: 35.0 | S0: 231.8 | FPS: 1899.7 | Var: per
Step: 1525760 | EPS: 0.19 | Rew: 0.20 | Win%: 33.5 | S0: 227.7 | FPS: 1735.9 | Var: per
Step: 1526784 | EPS: 0.19 | Rew: 0.19 | Win%: 37.0 | S0: 229.9 | FPS: 1963.3 | Var: per
Step: 1527808 | EPS: 0.18 | Rew: 0.20 | Win%: 39.0 | S0: 237.9 | FPS: 1977.6 | Var: per
Step: 1528832 | EPS: 0.18 | Rew: 0.25 | Win%: 40.5 | S0: 243.8 | FPS: 2027.1 | Var: per
Step: 1529856 | EPS: 0.18 | Rew: 0.23 | Win%: 39.0 | S0: 245.8 | FPS: 1810.2 | Var: per
Step: 1530880 | EPS: 0.18 | Rew: 0.27 | Win%: 38.0 | S0: 251.4 | FPS: 2035.2 | Var: per
Step: 1531904 | EPS: 0.18 | Rew: 0.28 | Win%: 38.5 | S0: 254.9 | FPS: 2089.3 | Var: per
Step: 1532928 | EPS: 0.18 | Rew: 0.27 | Win%: 38.0 | S0: 247.1 | FPS: 1910.5 | Var: per
Step: 1533952 | EPS: 0.18 | Rew: 0.22 | Win%: 38.0 | S0: 244.6 | FPS: 2105.7 | Var: per
Step: 1534976 | EPS: 0.18 | Rew: -0.03 | Win%: 36.0 | S0: 230.2 | FPS: 2035.0 | Var: per
Step: 1536000 | EPS: 0.18 | Rew: -0.08 | Win%: 36.0 | S0: 226.1 | FPS: 2022.4 | Var: per
Step: 1537024 | EPS: 0.18 | Rew: -0.12 | Win%: 34.5 | S0: 229.8 | FPS: 2005.2 | Var: per
Step: 1538048 | EPS: 0.18 | Rew: -0.07 | Win%: 33.5 | S0: 231.1 | FPS: 1919.4 | Var: per
Step: 1539072 | EPS: 0.18 | Rew: -0.10 | Win%: 33.0 | S0: 222.7 | FPS: 1895.5 | Var: per
Step: 1540096 | EPS: 0.18 | Rew: 0.11 | Win%: 33.0 | S0: 218.2 | FPS: 2059.0 | Var: per
Step: 1541120 | EPS: 0.18 | Rew: 0.09 | Win%: 32.5 | S0: 212.0 | FPS: 1923.8 | Var: per
Step: 1542144 | EPS: 0.18 | Rew: 0.07 | Win%: 32.5 | S0: 211.2 | FPS: 2118.8 | Var: per
Step: 1543168 | EPS: 0.18 | Rew: 0.13 | Win%: 35.0 | S0: 216.1 | FPS: 1873.8 | Var: per
Step: 1544192 | EPS: 0.18 | Rew: 0.10 | Win%: 34.0 | S0: 212.5 | FPS: 2031.2 | Var: per
Step: 1545216 | EPS: 0.18 | Rew: 0.19 | Win%: 36.0 | S0: 224.3 | FPS: 1992.0 | Var: per
Step: 1546240 | EPS: 0.18 | Rew: 0.19 | Win%: 37.5 | S0: 235.9 | FPS: 1915.5 | Var: per
Step: 1547264 | EPS: 0.18 | Rew: 0.26 | Win%: 38.0 | S0: 234.8 | FPS: 2026.6 | Var: per
Step: 1548288 | EPS: 0.18 | Rew: 0.28 | Win%: 40.0 | S0: 232.0 | FPS: 2006.1 | Var: per
Step: 1549312 | EPS: 0.18 | Rew: 0.23 | Win%: 41.0 | S0: 236.0 | FPS: 1924.0 | Var: per
Step: 1550336 | EPS: 0.18 | Rew: 0.22 | Win%: 40.0 | S0: 236.2 | FPS: 1748.7 | Var: per
Step: 1551360 | EPS: 0.18 | Rew: 0.25 | Win%: 40.5 | S0: 245.6 | FPS: 1950.2 | Var: per
Step: 1552384 | EPS: 0.18 | Rew: 0.22 | Win%: 41.0 | S0: 244.2 | FPS: 1938.2 | Var: per
Step: 1553408 | EPS: 0.18 | Rew: 0.23 | Win%: 41.0 | S0: 248.9 | FPS: 1955.7 | Var: per
Step: 1554432 | EPS: 0.18 | Rew: 0.22 | Win%: 40.5 | S0: 253.4 | FPS: 1788.0 | Var: per
Step: 1555456 | EPS: 0.18 | Rew: 0.20 | Win%: 40.5 | S0: 248.2 | FPS: 2021.3 | Var: per
Step: 1556480 | EPS: 0.18 | Rew: 0.18 | Win%: 42.0 | S0: 245.2 | FPS: 1933.1 | Var: per
Step: 1557504 | EPS: 0.18 | Rew: 0.27 | Win%: 43.0 | S0: 246.8 | FPS: 1930.9 | Var: per
Step: 1558528 | EPS: 0.18 | Rew: 0.26 | Win%: 42.0 | S0: 242.2 | FPS: 1903.3 | Var: per
Step: 1559552 | EPS: 0.18 | Rew: 0.34 | Win%: 43.5 | S0: 253.3 | FPS: 2019.8 | Var: per
Step: 1560576 | EPS: 0.18 | Rew: 0.29 | Win%: 42.0 | S0: 249.3 | FPS: 1989.1 | Var: per
Step: 1561600 | EPS: 0.18 | Rew: 0.24 | Win%: 42.5 | S0: 244.7 | FPS: 1924.7 | Var: per
Step: 1562624 | EPS: 0.18 | Rew: 0.16 | Win%: 40.5 | S0: 237.2 | FPS: 1850.0 | Var: per
Step: 1563648 | EPS: 0.18 | Rew: 0.18 | Win%: 41.5 | S0: 240.8 | FPS: 1896.9 | Var: per
Step: 1564672 | EPS: 0.18 | Rew: 0.17 | Win%: 43.0 | S0: 242.2 | FPS: 2059.0 | Var: per
Step: 1565696 | EPS: 0.18 | Rew: 0.08 | Win%: 42.0 | S0: 243.8 | FPS: 1905.4 | Var: per
Step: 1566720 | EPS: 0.18 | Rew: 0.09 | Win%: 41.0 | S0: 238.4 | FPS: 1784.8 | Var: per
Step: 1567744 | EPS: 0.18 | Rew: 0.16 | Win%: 42.5 | S0: 239.1 | FPS: 2071.8 | Var: per
Step: 1568768 | EPS: 0.18 | Rew: 0.14 | Win%: 41.5 | S0: 236.8 | FPS: 2080.0 | Var: per
Step: 1569792 | EPS: 0.18 | Rew: 0.23 | Win%: 41.0 | S0: 236.8 | FPS: 2032.7 | Var: per
Step: 1570816 | EPS: 0.18 | Rew: 0.22 | Win%: 41.5 | S0: 237.4 | FPS: 1838.3 | Var: per
Step: 1571840 | EPS: 0.18 | Rew: 0.27 | Win%: 40.5 | S0: 244.6 | FPS: 1993.4 | Var: per
Step: 1572864 | EPS: 0.18 | Rew: 0.31 | Win%: 41.0 | S0: 236.2 | FPS: 2022.4 | Var: per
Step: 1573888 | EPS: 0.18 | Rew: 0.38 | Win%: 42.0 | S0: 237.5 | FPS: 2059.4 | Var: per
Step: 1574912 | EPS: 0.18 | Rew: 0.29 | Win%: 41.0 | S0: 235.1 | FPS: 1650.0 | Var: per
Step: 1575936 | EPS: 0.18 | Rew: 0.18 | Win%: 40.0 | S0: 236.9 | FPS: 2141.0 | Var: per
Step: 1576960 | EPS: 0.18 | Rew: 0.13 | Win%: 40.5 | S0: 237.3 | FPS: 2049.4 | Var: per
Step: 1577984 | EPS: 0.18 | Rew: 0.03 | Win%: 39.5 | S0: 232.9 | FPS: 2217.6 | Var: per
Step: 1579008 | EPS: 0.18 | Rew: 0.06 | Win%: 40.0 | S0: 227.0 | FPS: 1757.3 | Var: per
Step: 1580032 | EPS: 0.18 | Rew: 0.01 | Win%: 40.0 | S0: 230.9 | FPS: 1973.4 | Var: per
Step: 1581056 | EPS: 0.18 | Rew: -0.08 | Win%: 41.0 | S0: 223.9 | FPS: 1994.8 | Var: per
Step: 1582080 | EPS: 0.18 | Rew: 0.02 | Win%: 41.5 | S0: 226.6 | FPS: 1998.1 | Var: per
Step: 1583104 | EPS: 0.18 | Rew: -0.03 | Win%: 38.5 | S0: 218.8 | FPS: 1794.0 | Var: per
Step: 1584128 | EPS: 0.18 | Rew: -0.04 | Win%: 36.0 | S0: 213.3 | FPS: 1936.9 | Var: per
Step: 1585152 | EPS: 0.18 | Rew: -0.03 | Win%: 34.5 | S0: 209.1 | FPS: 2046.6 | Var: per
Step: 1586176 | EPS: 0.18 | Rew: -0.00 | Win%: 36.0 | S0: 211.1 | FPS: 1953.0 | Var: per
Step: 1587200 | EPS: 0.18 | Rew: 0.17 | Win%: 35.5 | S0: 222.3 | FPS: 1809.4 | Var: per
Step: 1588224 | EPS: 0.18 | Rew: 0.16 | Win%: 34.5 | S0: 218.7 | FPS: 2144.0 | Var: per
Step: 1589248 | EPS: 0.18 | Rew: 0.12 | Win%: 35.0 | S0: 219.8 | FPS: 2050.6 | Var: per
Step: 1590272 | EPS: 0.18 | Rew: 0.28 | Win%: 35.0 | S0: 224.5 | FPS: 1999.6 | Var: per
Step: 1591296 | EPS: 0.18 | Rew: 0.24 | Win%: 35.0 | S0: 224.1 | FPS: 2107.0 | Var: per
Step: 1592320 | EPS: 0.18 | Rew: 0.25 | Win%: 35.5 | S0: 228.0 | FPS: 1945.9 | Var: per
Step: 1593344 | EPS: 0.18 | Rew: 0.19 | Win%: 34.5 | S0: 220.4 | FPS: 2056.7 | Var: per
Step: 1594368 | EPS: 0.18 | Rew: 0.07 | Win%: 35.5 | S0: 225.8 | FPS: 1908.4 | Var: per
Step: 1595392 | EPS: 0.18 | Rew: 0.15 | Win%: 36.0 | S0: 232.2 | FPS: 1763.1 | Var: per
Step: 1596416 | EPS: 0.18 | Rew: 0.21 | Win%: 37.5 | S0: 229.4 | FPS: 2093.3 | Var: per
Step: 1597440 | EPS: 0.18 | Rew: 0.09 | Win%: 38.5 | S0: 238.2 | FPS: 2002.9 | Var: per
Step: 1598464 | EPS: 0.18 | Rew: 0.21 | Win%: 41.0 | S0: 242.1 | FPS: 1907.0 | Var: per
Step: 1599488 | EPS: 0.17 | Rew: 0.23 | Win%: 41.0 | S0: 241.1 | FPS: 2077.7 | Var: per
Step: 1600512 | EPS: 0.17 | Rew: 0.16 | Win%: 39.0 | S0: 234.8 | FPS: 1948.3 | Var: per
Step: 1601536 | EPS: 0.17 | Rew: 0.21 | Win%: 38.5 | S0: 233.6 | FPS: 2059.7 | Var: per
Step: 1602560 | EPS: 0.17 | Rew: 0.06 | Win%: 39.0 | S0: 234.9 | FPS: 2030.4 | Var: per
Step: 1603584 | EPS: 0.17 | Rew: 0.12 | Win%: 40.0 | S0: 232.1 | FPS: 1756.1 | Var: per
Step: 1604608 | EPS: 0.17 | Rew: 0.27 | Win%: 42.5 | S0: 253.2 | FPS: 2003.0 | Var: per
Step: 1605632 | EPS: 0.17 | Rew: 0.12 | Win%: 40.5 | S0: 247.2 | FPS: 2000.0 | Var: per
Step: 1606656 | EPS: 0.17 | Rew: 0.06 | Win%: 39.0 | S0: 242.1 | FPS: 2047.3 | Var: per
Step: 1607680 | EPS: 0.17 | Rew: 0.04 | Win%: 39.0 | S0: 244.1 | FPS: 1667.2 | Var: per
Step: 1608704 | EPS: 0.17 | Rew: 0.06 | Win%: 37.5 | S0: 236.9 | FPS: 1993.2 | Var: per
Step: 1609728 | EPS: 0.17 | Rew: 0.06 | Win%: 36.5 | S0: 239.2 | FPS: 2048.7 | Var: per
Step: 1610752 | EPS: 0.17 | Rew: -0.09 | Win%: 37.0 | S0: 237.8 | FPS: 2031.7 | Var: per
Step: 1611776 | EPS: 0.17 | Rew: -0.05 | Win%: 35.5 | S0: 239.7 | FPS: 1742.0 | Var: per
Step: 1612800 | EPS: 0.17 | Rew: 0.13 | Win%: 37.0 | S0: 248.6 | FPS: 2048.2 | Var: per
Step: 1613824 | EPS: 0.17 | Rew: 0.19 | Win%: 36.5 | S0: 246.5 | FPS: 2051.8 | Var: per
Step: 1614848 | EPS: 0.17 | Rew: 0.22 | Win%: 35.0 | S0: 239.9 | FPS: 2080.0 | Var: per
Step: 1615872 | EPS: 0.17 | Rew: 0.25 | Win%: 34.0 | S0: 241.2 | FPS: 1912.6 | Var: per
Step: 1616896 | EPS: 0.17 | Rew: 0.17 | Win%: 32.0 | S0: 226.3 | FPS: 1946.3 | Var: per
Step: 1617920 | EPS: 0.17 | Rew: 0.26 | Win%: 36.0 | S0: 237.4 | FPS: 1933.6 | Var: per
Step: 1618944 | EPS: 0.17 | Rew: 0.14 | Win%: 38.0 | S0: 244.3 | FPS: 1987.9 | Var: per
Step: 1619968 | EPS: 0.17 | Rew: 0.14 | Win%: 37.0 | S0: 242.1 | FPS: 1993.2 | Var: per
Step: 1620992 | EPS: 0.17 | Rew: 0.26 | Win%: 40.5 | S0: 247.1 | FPS: 1811.5 | Var: per
Step: 1622016 | EPS: 0.17 | Rew: 0.33 | Win%: 40.5 | S0: 251.1 | FPS: 2099.9 | Var: per
Step: 1623040 | EPS: 0.17 | Rew: 0.28 | Win%: 42.0 | S0: 253.2 | FPS: 1944.4 | Var: per
Step: 1624064 | EPS: 0.17 | Rew: 0.24 | Win%: 40.5 | S0: 243.8 | FPS: 1770.2 | Var: per
Step: 1625088 | EPS: 0.17 | Rew: 0.42 | Win%: 41.5 | S0: 245.3 | FPS: 1933.1 | Var: per
Step: 1626112 | EPS: 0.17 | Rew: 0.27 | Win%: 44.0 | S0: 248.5 | FPS: 1967.1 | Var: per
Step: 1627136 | EPS: 0.17 | Rew: 0.22 | Win%: 43.0 | S0: 244.1 | FPS: 1861.0 | Var: per
Step: 1628160 | EPS: 0.17 | Rew: 0.17 | Win%: 43.0 | S0: 242.8 | FPS: 2054.9 | Var: per
Step: 1629184 | EPS: 0.17 | Rew: 0.18 | Win%: 41.0 | S0: 244.8 | FPS: 2015.3 | Var: per
Step: 1630208 | EPS: 0.17 | Rew: 0.16 | Win%: 41.0 | S0: 245.8 | FPS: 1951.3 | Var: per
Step: 1631232 | EPS: 0.17 | Rew: 0.17 | Win%: 40.0 | S0: 254.7 | FPS: 1980.9 | Var: per
Step: 1632256 | EPS: 0.17 | Rew: 0.18 | Win%: 38.5 | S0: 252.1 | FPS: 1920.9 | Var: per
Step: 1633280 | EPS: 0.17 | Rew: 0.18 | Win%: 36.5 | S0: 252.5 | FPS: 1948.2 | Var: per
Step: 1634304 | EPS: 0.17 | Rew: 0.34 | Win%: 39.0 | S0: 263.6 | FPS: 1988.5 | Var: per
Step: 1635328 | EPS: 0.17 | Rew: 0.31 | Win%: 36.5 | S0: 257.2 | FPS: 1804.1 | Var: per
Step: 1636352 | EPS: 0.17 | Rew: 0.33 | Win%: 36.5 | S0: 257.6 | FPS: 2014.4 | Var: per
Step: 1637376 | EPS: 0.17 | Rew: 0.36 | Win%: 38.0 | S0: 271.9 | FPS: 1892.8 | Var: per
>>> [Best] Saved -> agent/checkpoints/per_battle.pth | Win% 38.0 | S0 271.9
Step: 1638400 | EPS: 0.17 | Rew: 0.39 | Win%: 38.5 | S0: 275.3 | FPS: 2111.6 | Var: per
Step: 1639424 | EPS: 0.17 | Rew: 0.31 | Win%: 38.5 | S0: 276.6 | FPS: 2001.5 | Var: per
Step: 1640448 | EPS: 0.17 | Rew: 0.47 | Win%: 41.0 | S0: 287.7 | FPS: 2043.4 | Var: per
>>> [Best] Saved -> agent/checkpoints/per_battle.pth | Win% 41.0 | S0 287.7
Step: 1641472 | EPS: 0.17 | Rew: 0.58 | Win%: 42.0 | S0: 295.5 | FPS: 2059.9 | Var: per
>>> [Best] Saved -> agent/checkpoints/per_battle.pth | Win% 42.0 | S0 295.5
Step: 1642496 | EPS: 0.17 | Rew: 0.43 | Win%: 42.0 | S0: 290.9 | FPS: 1937.7 | Var: per
Step: 1643520 | EPS: 0.17 | Rew: 0.42 | Win%: 43.5 | S0: 290.9 | FPS: 1941.6 | Var: per
>>> [Best] Saved -> agent/checkpoints/per_battle.pth | Win% 43.5 | S0 290.9
Step: 1644544 | EPS: 0.17 | Rew: 0.36 | Win%: 43.5 | S0: 287.2 | FPS: 1895.3 | Var: per
Step: 1645568 | EPS: 0.17 | Rew: 0.28 | Win%: 40.5 | S0: 269.8 | FPS: 1834.4 | Var: per
Step: 1646592 | EPS: 0.17 | Rew: 0.25 | Win%: 42.5 | S0: 283.4 | FPS: 1790.4 | Var: per
Step: 1647616 | EPS: 0.17 | Rew: 0.28 | Win%: 43.0 | S0: 281.0 | FPS: 1959.8 | Var: per
Step: 1648640 | EPS: 0.17 | Rew: 0.18 | Win%: 41.5 | S0: 270.3 | FPS: 1983.2 | Var: per
Step: 1649664 | EPS: 0.17 | Rew: 0.18 | Win%: 41.0 | S0: 265.9 | FPS: 2000.4 | Var: per
Step: 1650688 | EPS: 0.17 | Rew: 0.26 | Win%: 40.5 | S0: 268.8 | FPS: 1994.1 | Var: per
Step: 1651712 | EPS: 0.17 | Rew: 0.08 | Win%: 37.0 | S0: 247.6 | FPS: 1812.0 | Var: per
Step: 1652736 | EPS: 0.17 | Rew: 0.07 | Win%: 37.0 | S0: 249.3 | FPS: 1847.6 | Var: per
Step: 1653760 | EPS: 0.17 | Rew: 0.20 | Win%: 38.5 | S0: 252.0 | FPS: 2006.8 | Var: per
Step: 1654784 | EPS: 0.17 | Rew: 0.21 | Win%: 37.0 | S0: 240.9 | FPS: 1942.1 | Var: per
Step: 1655808 | EPS: 0.17 | Rew: 0.33 | Win%: 40.0 | S0: 247.8 | FPS: 2082.6 | Var: per
Step: 1656832 | EPS: 0.17 | Rew: 0.42 | Win%: 42.5 | S0: 257.4 | FPS: 1955.3 | Var: per
Step: 1657856 | EPS: 0.17 | Rew: 0.56 | Win%: 43.5 | S0: 252.9 | FPS: 1878.6 | Var: per
Step: 1658880 | EPS: 0.17 | Rew: 0.68 | Win%: 44.0 | S0: 261.4 | FPS: 1957.9 | Var: per
Step: 1659904 | EPS: 0.17 | Rew: 0.71 | Win%: 45.5 | S0: 272.6 | FPS: 2012.0 | Var: per
Step: 1660928 | EPS: 0.17 | Rew: 0.85 | Win%: 49.0 | S0: 284.7 | FPS: 2025.8 | Var: per
Step: 1661952 | EPS: 0.17 | Rew: 0.64 | Win%: 47.5 | S0: 277.4 | FPS: 2096.4 | Var: per
Step: 1662976 | EPS: 0.17 | Rew: 0.58 | Win%: 47.5 | S0: 275.6 | FPS: 2031.1 | Var: per
Step: 1664000 | EPS: 0.17 | Rew: 0.42 | Win%: 49.0 | S0: 274.4 | FPS: 1680.3 | Var: per
Step: 1665024 | EPS: 0.17 | Rew: 0.35 | Win%: 49.0 | S0: 269.9 | FPS: 1812.0 | Var: per
Step: 1666048 | EPS: 0.17 | Rew: 0.24 | Win%: 46.5 | S0: 270.2 | FPS: 1922.3 | Var: per
Step: 1667072 | EPS: 0.17 | Rew: 0.25 | Win%: 49.0 | S0: 278.6 | FPS: 2043.5 | Var: per
Step: 1668096 | EPS: 0.17 | Rew: 0.23 | Win%: 47.0 | S0: 266.9 | FPS: 1699.1 | Var: per
Step: 1669120 | EPS: 0.17 | Rew: 0.29 | Win%: 46.0 | S0: 263.1 | FPS: 1879.5 | Var: per
Step: 1670144 | EPS: 0.16 | Rew: 0.28 | Win%: 42.5 | S0: 247.8 | FPS: 2053.3 | Var: per
Step: 1671168 | EPS: 0.16 | Rew: 0.31 | Win%: 42.0 | S0: 238.8 | FPS: 1975.2 | Var: per
Step: 1672192 | EPS: 0.16 | Rew: 0.42 | Win%: 43.5 | S0: 246.5 | FPS: 1638.2 | Var: per
Step: 1673216 | EPS: 0.16 | Rew: 0.43 | Win%: 44.0 | S0: 246.9 | FPS: 2151.2 | Var: per
Step: 1674240 | EPS: 0.16 | Rew: 0.55 | Win%: 44.5 | S0: 249.6 | FPS: 2065.1 | Var: per
Step: 1675264 | EPS: 0.16 | Rew: 0.59 | Win%: 45.5 | S0: 264.7 | FPS: 2085.4 | Var: per
Step: 1676288 | EPS: 0.16 | Rew: 0.47 | Win%: 46.0 | S0: 265.6 | FPS: 2030.3 | Var: per
Step: 1677312 | EPS: 0.16 | Rew: 0.55 | Win%: 46.0 | S0: 271.1 | FPS: 1912.3 | Var: per
Step: 1678336 | EPS: 0.16 | Rew: 0.37 | Win%: 46.0 | S0: 271.2 | FPS: 2046.9 | Var: per
Step: 1679360 | EPS: 0.16 | Rew: 0.27 | Win%: 45.0 | S0: 272.1 | FPS: 2030.1 | Var: per
Step: 1680384 | EPS: 0.16 | Rew: 0.31 | Win%: 46.5 | S0: 284.9 | FPS: 2042.6 | Var: per
Step: 1681408 | EPS: 0.16 | Rew: 0.47 | Win%: 46.0 | S0: 285.6 | FPS: 1829.2 | Var: per
Step: 1682432 | EPS: 0.16 | Rew: 0.41 | Win%: 47.5 | S0: 290.2 | FPS: 1921.1 | Var: per
>>> [Best] Saved -> agent/checkpoints/per_battle.pth | Win% 47.5 | S0 290.2
Step: 1683456 | EPS: 0.16 | Rew: 0.43 | Win%: 46.0 | S0: 286.2 | FPS: 1907.0 | Var: per
Step: 1684480 | EPS: 0.16 | Rew: 0.30 | Win%: 42.5 | S0: 268.5 | FPS: 1954.6 | Var: per
Step: 1685504 | EPS: 0.16 | Rew: 0.15 | Win%: 39.0 | S0: 252.1 | FPS: 1937.7 | Var: per
Step: 1686528 | EPS: 0.16 | Rew: 0.25 | Win%: 41.5 | S0: 259.9 | FPS: 1951.4 | Var: per
Step: 1687552 | EPS: 0.16 | Rew: 0.18 | Win%: 42.0 | S0: 261.2 | FPS: 2014.9 | Var: per
Step: 1688576 | EPS: 0.16 | Rew: 0.16 | Win%: 41.0 | S0: 257.4 | FPS: 1715.3 | Var: per
Step: 1689600 | EPS: 0.16 | Rew: 0.27 | Win%: 42.5 | S0: 260.9 | FPS: 1950.5 | Var: per
Step: 1690624 | EPS: 0.16 | Rew: 0.32 | Win%: 41.5 | S0: 256.6 | FPS: 1945.4 | Var: per
Step: 1691648 | EPS: 0.16 | Rew: 0.26 | Win%: 40.5 | S0: 245.6 | FPS: 1953.7 | Var: per
Step: 1692672 | EPS: 0.16 | Rew: 0.29 | Win%: 40.5 | S0: 243.7 | FPS: 1765.0 | Var: per
Step: 1693696 | EPS: 0.16 | Rew: 0.33 | Win%: 40.5 | S0: 249.7 | FPS: 2014.6 | Var: per
Step: 1694720 | EPS: 0.16 | Rew: 0.36 | Win%: 41.5 | S0: 249.3 | FPS: 1965.1 | Var: per
Step: 1695744 | EPS: 0.16 | Rew: 0.27 | Win%: 42.5 | S0: 257.6 | FPS: 1914.1 | Var: per
Step: 1696768 | EPS: 0.16 | Rew: 0.42 | Win%: 44.0 | S0: 260.3 | FPS: 1723.8 | Var: per
Step: 1697792 | EPS: 0.16 | Rew: 0.45 | Win%: 45.0 | S0: 264.0 | FPS: 1909.4 | Var: per
Step: 1698816 | EPS: 0.16 | Rew: 0.24 | Win%: 44.0 | S0: 251.9 | FPS: 2008.7 | Var: per
Step: 1699840 | EPS: 0.16 | Rew: 0.29 | Win%: 43.5 | S0: 249.4 | FPS: 2113.8 | Var: per
Step: 1700864 | EPS: 0.16 | Rew: 0.20 | Win%: 42.5 | S0: 244.4 | FPS: 2028.6 | Var: per
Step: 1701888 | EPS: 0.16 | Rew: 0.14 | Win%: 41.5 | S0: 235.2 | FPS: 1952.2 | Var: per
Step: 1702912 | EPS: 0.16 | Rew: 0.12 | Win%: 42.5 | S0: 241.9 | FPS: 1891.6 | Var: per
Step: 1703936 | EPS: 0.16 | Rew: 0.14 | Win%: 44.0 | S0: 251.7 | FPS: 1962.6 | Var: per
Step: 1704960 | EPS: 0.16 | Rew: 0.26 | Win%: 43.5 | S0: 251.4 | FPS: 1612.3 | Var: per
Step: 1705984 | EPS: 0.16 | Rew: 0.34 | Win%: 44.5 | S0: 253.3 | FPS: 1939.9 | Var: per
Step: 1707008 | EPS: 0.16 | Rew: 0.33 | Win%: 42.5 | S0: 253.8 | FPS: 1962.7 | Var: per
Step: 1708032 | EPS: 0.16 | Rew: 0.41 | Win%: 42.5 | S0: 252.1 | FPS: 1747.4 | Var: per
Step: 1709056 | EPS: 0.16 | Rew: 0.46 | Win%: 42.0 | S0: 245.6 | FPS: 1824.9 | Var: per
Step: 1710080 | EPS: 0.16 | Rew: 0.32 | Win%: 39.5 | S0: 246.8 | FPS: 1813.0 | Var: per
Step: 1711104 | EPS: 0.16 | Rew: 0.26 | Win%: 39.0 | S0: 246.9 | FPS: 2036.3 | Var: per
Step: 1712128 | EPS: 0.16 | Rew: 0.36 | Win%: 40.5 | S0: 252.8 | FPS: 1792.6 | Var: per
Step: 1713152 | EPS: 0.16 | Rew: 0.39 | Win%: 41.5 | S0: 270.1 | FPS: 2049.2 | Var: per
Step: 1714176 | EPS: 0.16 | Rew: 0.44 | Win%: 43.0 | S0: 276.4 | FPS: 2034.5 | Var: per
Step: 1715200 | EPS: 0.16 | Rew: 0.52 | Win%: 46.0 | S0: 293.4 | FPS: 1890.4 | Var: per
Step: 1716224 | EPS: 0.16 | Rew: 0.41 | Win%: 45.0 | S0: 292.6 | FPS: 1919.2 | Var: per
Step: 1717248 | EPS: 0.16 | Rew: 0.42 | Win%: 43.0 | S0: 277.5 | FPS: 1931.4 | Var: per
Step: 1718272 | EPS: 0.16 | Rew: 0.44 | Win%: 42.0 | S0: 280.2 | FPS: 1958.6 | Var: per
Step: 1719296 | EPS: 0.16 | Rew: 0.37 | Win%: 41.0 | S0: 270.4 | FPS: 1928.3 | Var: per
Step: 1720320 | EPS: 0.16 | Rew: 0.20 | Win%: 40.0 | S0: 265.6 | FPS: 1925.0 | Var: per
Step: 1721344 | EPS: 0.16 | Rew: 0.15 | Win%: 38.5 | S0: 274.1 | FPS: 1963.7 | Var: per
Step: 1722368 | EPS: 0.16 | Rew: 0.22 | Win%: 39.5 | S0: 274.3 | FPS: 2011.4 | Var: per
Step: 1723392 | EPS: 0.16 | Rew: 0.26 | Win%: 40.5 | S0: 270.8 | FPS: 1977.0 | Var: per
Step: 1724416 | EPS: 0.16 | Rew: 0.31 | Win%: 40.0 | S0: 272.6 | FPS: 1920.9 | Var: per
Step: 1725440 | EPS: 0.16 | Rew: 0.33 | Win%: 40.0 | S0: 269.7 | FPS: 1870.6 | Var: per
Step: 1726464 | EPS: 0.16 | Rew: 0.39 | Win%: 39.5 | S0: 262.2 | FPS: 2094.3 | Var: per
Step: 1727488 | EPS: 0.16 | Rew: 0.18 | Win%: 36.0 | S0: 242.8 | FPS: 1884.7 | Var: per
Step: 1728512 | EPS: 0.16 | Rew: 0.05 | Win%: 35.0 | S0: 239.7 | FPS: 1818.7 | Var: per
Step: 1729536 | EPS: 0.16 | Rew: 0.09 | Win%: 36.0 | S0: 244.1 | FPS: 2088.8 | Var: per
Step: 1730560 | EPS: 0.16 | Rew: 0.19 | Win%: 37.5 | S0: 252.1 | FPS: 1799.4 | Var: per
Step: 1731584 | EPS: 0.16 | Rew: 0.07 | Win%: 36.5 | S0: 243.4 | FPS: 2093.8 | Var: per
Step: 1732608 | EPS: 0.16 | Rew: 0.11 | Win%: 36.5 | S0: 243.0 | FPS: 2065.1 | Var: per
Step: 1733632 | EPS: 0.16 | Rew: 0.34 | Win%: 40.0 | S0: 246.8 | FPS: 2012.1 | Var: per
Step: 1734656 | EPS: 0.16 | Rew: 0.40 | Win%: 39.5 | S0: 246.8 | FPS: 1975.6 | Var: per
Step: 1735680 | EPS: 0.16 | Rew: 0.38 | Win%: 42.0 | S0: 262.4 | FPS: 1962.5 | Var: per
Step: 1736704 | EPS: 0.16 | Rew: 0.42 | Win%: 39.0 | S0: 258.6 | FPS: 1966.5 | Var: per
Step: 1737728 | EPS: 0.16 | Rew: 0.50 | Win%: 38.5 | S0: 265.9 | FPS: 2000.1 | Var: per
Step: 1738752 | EPS: 0.16 | Rew: 0.48 | Win%: 39.5 | S0: 271.3 | FPS: 1947.0 | Var: per
Step: 1739776 | EPS: 0.16 | Rew: 0.31 | Win%: 41.0 | S0: 273.6 | FPS: 2051.5 | Var: per
Step: 1740800 | EPS: 0.15 | Rew: 0.30 | Win%: 41.0 | S0: 275.5 | FPS: 1890.4 | Var: per
Step: 1741824 | EPS: 0.15 | Rew: 0.33 | Win%: 41.5 | S0: 274.8 | FPS: 2176.3 | Var: per
Step: 1742848 | EPS: 0.15 | Rew: 0.48 | Win%: 45.5 | S0: 293.9 | FPS: 2006.0 | Var: per
Step: 1743872 | EPS: 0.15 | Rew: 0.53 | Win%: 47.0 | S0: 305.8 | FPS: 1946.1 | Var: per
>>> [Best] Saved -> agent/checkpoints/per_battle.pth | Win% 47.0 | S0 305.8
Step: 1744896 | EPS: 0.15 | Rew: 0.60 | Win%: 46.0 | S0: 306.1 | FPS: 1874.5 | Var: per
Step: 1745920 | EPS: 0.15 | Rew: 0.54 | Win%: 43.5 | S0: 293.9 | FPS: 1951.7 | Var: per
Step: 1746944 | EPS: 0.15 | Rew: 0.67 | Win%: 46.0 | S0: 306.2 | FPS: 2230.3 | Var: per
Step: 1747968 | EPS: 0.15 | Rew: 0.68 | Win%: 46.5 | S0: 301.9 | FPS: 1990.4 | Var: per
Step: 1748992 | EPS: 0.15 | Rew: 0.61 | Win%: 49.0 | S0: 301.4 | FPS: 2033.9 | Var: per
>>> [Best] Saved -> agent/checkpoints/per_battle.pth | Win% 49.0 | S0 301.4
Step: 1750016 | EPS: 0.15 | Rew: 0.46 | Win%: 48.0 | S0: 294.2 | FPS: 1978.4 | Var: per
Step: 1751040 | EPS: 0.15 | Rew: 0.52 | Win%: 50.0 | S0: 299.8 | FPS: 1965.5 | Var: per
Step: 1752064 | EPS: 0.15 | Rew: 0.51 | Win%: 50.0 | S0: 298.6 | FPS: 1895.3 | Var: per
Step: 1753088 | EPS: 0.15 | Rew: 0.41 | Win%: 50.0 | S0: 296.1 | FPS: 1995.3 | Var: per
Step: 1754112 | EPS: 0.15 | Rew: 0.39 | Win%: 48.0 | S0: 292.1 | FPS: 1968.7 | Var: per
Step: 1755136 | EPS: 0.15 | Rew: 0.29 | Win%: 45.5 | S0: 277.9 | FPS: 1908.9 | Var: per
Step: 1756160 | EPS: 0.15 | Rew: 0.43 | Win%: 45.5 | S0: 270.9 | FPS: 1724.4 | Var: per
Step: 1757184 | EPS: 0.15 | Rew: 0.31 | Win%: 43.0 | S0: 267.3 | FPS: 1938.7 | Var: per
Step: 1758208 | EPS: 0.15 | Rew: 0.44 | Win%: 46.0 | S0: 278.5 | FPS: 1986.7 | Var: per
Step: 1759232 | EPS: 0.15 | Rew: 0.56 | Win%: 47.5 | S0: 276.6 | FPS: 1884.8 | Var: per
Step: 1760256 | EPS: 0.15 | Rew: 0.55 | Win%: 46.0 | S0: 273.1 | FPS: 1947.5 | Var: per
Step: 1761280 | EPS: 0.15 | Rew: 0.62 | Win%: 46.5 | S0: 274.6 | FPS: 1977.3 | Var: per
Step: 1762304 | EPS: 0.15 | Rew: 0.62 | Win%: 48.0 | S0: 278.1 | FPS: 2003.6 | Var: per
Step: 1763328 | EPS: 0.15 | Rew: 0.58 | Win%: 46.0 | S0: 273.6 | FPS: 1976.3 | Var: per
Step: 1764352 | EPS: 0.15 | Rew: 0.50 | Win%: 46.0 | S0: 278.1 | FPS: 2026.2 | Var: per
Step: 1765376 | EPS: 0.15 | Rew: 0.46 | Win%: 46.5 | S0: 278.8 | FPS: 1734.7 | Var: per
Step: 1766400 | EPS: 0.15 | Rew: 0.32 | Win%: 47.0 | S0: 277.0 | FPS: 1916.8 | Var: per
Step: 1767424 | EPS: 0.15 | Rew: 0.28 | Win%: 46.0 | S0: 265.8 | FPS: 1930.6 | Var: per
Step: 1768448 | EPS: 0.15 | Rew: 0.20 | Win%: 46.5 | S0: 268.7 | FPS: 2004.3 | Var: per
Step: 1769472 | EPS: 0.15 | Rew: 0.26 | Win%: 47.0 | S0: 267.8 | FPS: 1727.9 | Var: per
Step: 1770496 | EPS: 0.15 | Rew: 0.19 | Win%: 46.5 | S0: 260.1 | FPS: 2016.7 | Var: per
Step: 1771520 | EPS: 0.15 | Rew: 0.11 | Win%: 43.5 | S0: 250.1 | FPS: 2307.3 | Var: per
Step: 1772544 | EPS: 0.15 | Rew: 0.15 | Win%: 44.0 | S0: 238.8 | FPS: 2015.0 | Var: per
Step: 1773568 | EPS: 0.15 | Rew: 0.14 | Win%: 41.0 | S0: 230.3 | FPS: 1713.3 | Var: per
Step: 1774592 | EPS: 0.15 | Rew: 0.15 | Win%: 41.0 | S0: 226.2 | FPS: 1925.3 | Var: per
Step: 1775616 | EPS: 0.15 | Rew: -0.02 | Win%: 40.0 | S0: 226.7 | FPS: 1978.7 | Var: per
Step: 1776640 | EPS: 0.15 | Rew: 0.06 | Win%: 39.0 | S0: 224.0 | FPS: 1742.6 | Var: per
Step: 1777664 | EPS: 0.15 | Rew: 0.25 | Win%: 41.5 | S0: 234.4 | FPS: 1985.7 | Var: per
Step: 1778688 | EPS: 0.15 | Rew: 0.30 | Win%: 42.0 | S0: 243.2 | FPS: 1919.1 | Var: per
Step: 1779712 | EPS: 0.15 | Rew: 0.30 | Win%: 41.5 | S0: 244.6 | FPS: 1910.6 | Var: per
Step: 1780736 | EPS: 0.15 | Rew: 0.28 | Win%: 41.0 | S0: 240.7 | FPS: 2056.0 | Var: per
Step: 1781760 | EPS: 0.15 | Rew: 0.33 | Win%: 40.5 | S0: 235.9 | FPS: 1942.3 | Var: per
Step: 1782784 | EPS: 0.15 | Rew: 0.35 | Win%: 43.0 | S0: 252.2 | FPS: 1943.5 | Var: per
Step: 1783808 | EPS: 0.15 | Rew: 0.36 | Win%: 43.0 | S0: 255.3 | FPS: 1951.1 | Var: per
Step: 1784832 | EPS: 0.15 | Rew: 0.27 | Win%: 40.5 | S0: 252.2 | FPS: 1966.3 | Var: per
Step: 1785856 | EPS: 0.15 | Rew: 0.25 | Win%: 40.5 | S0: 255.4 | FPS: 1943.1 | Var: per
Step: 1786880 | EPS: 0.15 | Rew: 0.35 | Win%: 42.5 | S0: 267.3 | FPS: 1993.4 | Var: per
Step: 1787904 | EPS: 0.15 | Rew: 0.33 | Win%: 42.5 | S0: 265.6 | FPS: 1936.3 | Var: per
Step: 1788928 | EPS: 0.15 | Rew: 0.35 | Win%: 43.5 | S0: 266.5 | FPS: 1663.6 | Var: per
Step: 1789952 | EPS: 0.15 | Rew: 0.31 | Win%: 43.0 | S0: 266.9 | FPS: 1950.7 | Var: per
Step: 1790976 | EPS: 0.15 | Rew: 0.25 | Win%: 41.5 | S0: 263.4 | FPS: 1988.6 | Var: per
Step: 1792000 | EPS: 0.15 | Rew: 0.28 | Win%: 38.0 | S0: 257.5 | FPS: 1945.7 | Var: per
Step: 1793024 | EPS: 0.15 | Rew: 0.52 | Win%: 41.0 | S0: 272.9 | FPS: 1697.5 | Var: per
Step: 1794048 | EPS: 0.15 | Rew: 0.45 | Win%: 41.5 | S0: 276.5 | FPS: 2007.3 | Var: per
Step: 1795072 | EPS: 0.15 | Rew: 0.44 | Win%: 41.5 | S0: 275.8 | FPS: 1773.4 | Var: per
Step: 1796096 | EPS: 0.15 | Rew: 0.48 | Win%: 42.0 | S0: 282.7 | FPS: 2000.7 | Var: per
Step: 1797120 | EPS: 0.15 | Rew: 0.39 | Win%: 40.5 | S0: 270.2 | FPS: 1979.3 | Var: per
Step: 1798144 | EPS: 0.15 | Rew: 0.56 | Win%: 40.5 | S0: 271.6 | FPS: 2001.0 | Var: per
Step: 1799168 | EPS: 0.15 | Rew: 0.42 | Win%: 42.0 | S0: 280.4 | FPS: 1804.7 | Var: per
Step: 1800192 | EPS: 0.15 | Rew: 0.37 | Win%: 42.0 | S0: 284.2 | FPS: 1980.2 | Var: per
Step: 1801216 | EPS: 0.15 | Rew: 0.44 | Win%: 41.5 | S0: 278.1 | FPS: 1885.5 | Var: per
Step: 1802240 | EPS: 0.15 | Rew: 0.42 | Win%: 42.0 | S0: 274.4 | FPS: 1952.3 | Var: per
Step: 1803264 | EPS: 0.15 | Rew: 0.64 | Win%: 45.0 | S0: 294.3 | FPS: 1916.9 | Var: per
Step: 1804288 | EPS: 0.15 | Rew: 0.45 | Win%: 45.0 | S0: 287.2 | FPS: 1920.7 | Var: per
Step: 1805312 | EPS: 0.15 | Rew: 0.46 | Win%: 43.0 | S0: 286.0 | FPS: 1920.5 | Var: per
Step: 1806336 | EPS: 0.15 | Rew: 0.46 | Win%: 42.5 | S0: 282.9 | FPS: 2096.2 | Var: per
Step: 1807360 | EPS: 0.15 | Rew: 0.51 | Win%: 44.0 | S0: 289.4 | FPS: 1981.0 | Var: per
Step: 1808384 | EPS: 0.15 | Rew: 0.44 | Win%: 44.0 | S0: 285.1 | FPS: 1898.1 | Var: per
Step: 1809408 | EPS: 0.15 | Rew: 0.37 | Win%: 45.5 | S0: 293.6 | FPS: 2025.0 | Var: per
Step: 1810432 | EPS: 0.15 | Rew: 0.46 | Win%: 44.0 | S0: 282.1 | FPS: 1919.0 | Var: per
Step: 1811456 | EPS: 0.15 | Rew: 0.43 | Win%: 43.5 | S0: 283.6 | FPS: 1908.7 | Var: per
Step: 1812480 | EPS: 0.14 | Rew: 0.46 | Win%: 43.5 | S0: 288.1 | FPS: 1990.2 | Var: per
Step: 1813504 | EPS: 0.14 | Rew: 0.45 | Win%: 44.5 | S0: 293.1 | FPS: 2064.3 | Var: per
Step: 1814528 | EPS: 0.14 | Rew: 0.39 | Win%: 41.5 | S0: 284.7 | FPS: 2037.7 | Var: per
Step: 1815552 | EPS: 0.14 | Rew: 0.40 | Win%: 41.5 | S0: 276.2 | FPS: 2008.7 | Var: per
Step: 1816576 | EPS: 0.14 | Rew: 0.53 | Win%: 45.0 | S0: 279.2 | FPS: 1981.7 | Var: per
Step: 1817600 | EPS: 0.14 | Rew: 0.56 | Win%: 45.0 | S0: 282.9 | FPS: 1674.3 | Var: per
Step: 1818624 | EPS: 0.14 | Rew: 0.47 | Win%: 44.5 | S0: 277.1 | FPS: 2050.0 | Var: per
Step: 1819648 | EPS: 0.14 | Rew: 0.45 | Win%: 44.5 | S0: 281.0 | FPS: 1969.3 | Var: per
Step: 1820672 | EPS: 0.14 | Rew: 0.42 | Win%: 42.5 | S0: 272.8 | FPS: 2059.6 | Var: per
Step: 1821696 | EPS: 0.14 | Rew: 0.33 | Win%: 42.5 | S0: 273.8 | FPS: 2030.8 | Var: per
Step: 1822720 | EPS: 0.14 | Rew: 0.27 | Win%: 42.0 | S0: 273.9 | FPS: 1973.0 | Var: per
Step: 1823744 | EPS: 0.14 | Rew: 0.22 | Win%: 40.5 | S0: 261.4 | FPS: 2096.6 | Var: per
Step: 1824768 | EPS: 0.14 | Rew: 0.18 | Win%: 39.5 | S0: 256.2 | FPS: 2022.9 | Var: per
Step: 1825792 | EPS: 0.14 | Rew: 0.12 | Win%: 38.5 | S0: 259.9 | FPS: 2071.3 | Var: per
Step: 1826816 | EPS: 0.14 | Rew: 0.22 | Win%: 38.5 | S0: 265.4 | FPS: 2163.5 | Var: per
Step: 1827840 | EPS: 0.14 | Rew: 0.15 | Win%: 36.5 | S0: 261.7 | FPS: 2080.8 | Var: per
Step: 1828864 | EPS: 0.14 | Rew: 0.21 | Win%: 35.0 | S0: 261.1 | FPS: 2085.1 | Var: per
Step: 1829888 | EPS: 0.14 | Rew: 0.25 | Win%: 36.5 | S0: 260.9 | FPS: 1922.7 | Var: per
Step: 1830912 | EPS: 0.14 | Rew: 0.37 | Win%: 37.5 | S0: 260.9 | FPS: 2120.1 | Var: per
Step: 1831936 | EPS: 0.14 | Rew: 0.31 | Win%: 36.0 | S0: 255.8 | FPS: 2038.2 | Var: per
Step: 1832960 | EPS: 0.14 | Rew: 0.24 | Win%: 37.5 | S0: 254.8 | FPS: 2001.0 | Var: per
Step: 1833984 | EPS: 0.14 | Rew: 0.29 | Win%: 39.0 | S0: 262.3 | FPS: 1748.5 | Var: per
Step: 1835008 | EPS: 0.14 | Rew: 0.38 | Win%: 42.0 | S0: 274.8 | FPS: 2021.8 | Var: per
Step: 1836032 | EPS: 0.14 | Rew: 0.48 | Win%: 45.0 | S0: 290.9 | FPS: 2021.2 | Var: per
Step: 1837056 | EPS: 0.14 | Rew: 0.70 | Win%: 46.5 | S0: 305.9 | FPS: 2060.8 | Var: per
Step: 1838080 | EPS: 0.14 | Rew: 0.87 | Win%: 47.5 | S0: 301.9 | FPS: 1788.4 | Var: per
Step: 1839104 | EPS: 0.14 | Rew: 1.00 | Win%: 50.0 | S0: 320.9 | FPS: 2016.3 | Var: per
>>> [Best] Saved -> agent/checkpoints/per_battle.pth | Win% 50.0 | S0 320.9
Step: 1840128 | EPS: 0.14 | Rew: 0.95 | Win%: 51.0 | S0: 316.6 | FPS: 1965.4 | Var: per
Step: 1841152 | EPS: 0.14 | Rew: 0.84 | Win%: 49.5 | S0: 316.6 | FPS: 2076.8 | Var: per
Step: 1842176 | EPS: 0.14 | Rew: 0.73 | Win%: 48.5 | S0: 315.9 | FPS: 1882.5 | Var: per
Step: 1843200 | EPS: 0.14 | Rew: 0.61 | Win%: 47.5 | S0: 315.4 | FPS: 1936.1 | Var: per
Step: 1844224 | EPS: 0.14 | Rew: 0.52 | Win%: 48.5 | S0: 321.6 | FPS: 1911.0 | Var: per
Step: 1845248 | EPS: 0.14 | Rew: 0.37 | Win%: 47.5 | S0: 321.1 | FPS: 1809.2 | Var: per
Step: 1846272 | EPS: 0.14 | Rew: 0.30 | Win%: 46.5 | S0: 308.4 | FPS: 1805.4 | Var: per
Step: 1847296 | EPS: 0.14 | Rew: 0.33 | Win%: 45.5 | S0: 299.6 | FPS: 1776.5 | Var: per
Step: 1848320 | EPS: 0.14 | Rew: 0.26 | Win%: 45.0 | S0: 286.0 | FPS: 1903.0 | Var: per
Step: 1849344 | EPS: 0.14 | Rew: 0.36 | Win%: 45.5 | S0: 277.9 | FPS: 2168.5 | Var: per
Step: 1850368 | EPS: 0.14 | Rew: 0.43 | Win%: 43.5 | S0: 273.5 | FPS: 1679.5 | Var: per
Step: 1851392 | EPS: 0.14 | Rew: 0.49 | Win%: 42.5 | S0: 259.6 | FPS: 1942.8 | Var: per
Step: 1852416 | EPS: 0.14 | Rew: 0.49 | Win%: 43.0 | S0: 259.4 | FPS: 2022.8 | Var: per
Step: 1853440 | EPS: 0.14 | Rew: 0.56 | Win%: 44.0 | S0: 264.2 | FPS: 2086.1 | Var: per
Step: 1854464 | EPS: 0.14 | Rew: 0.64 | Win%: 45.5 | S0: 262.7 | FPS: 1764.3 | Var: per
Step: 1855488 | EPS: 0.14 | Rew: 0.61 | Win%: 47.0 | S0: 264.6 | FPS: 2112.8 | Var: per
Step: 1856512 | EPS: 0.14 | Rew: 0.54 | Win%: 48.0 | S0: 265.1 | FPS: 1947.0 | Var: per
Step: 1857536 | EPS: 0.14 | Rew: 0.50 | Win%: 46.0 | S0: 260.8 | FPS: 2116.9 | Var: per
Step: 1858560 | EPS: 0.14 | Rew: 0.25 | Win%: 44.5 | S0: 255.6 | FPS: 1813.4 | Var: per
Step: 1859584 | EPS: 0.14 | Rew: 0.20 | Win%: 45.5 | S0: 253.8 | FPS: 2189.7 | Var: per
Step: 1860608 | EPS: 0.14 | Rew: 0.12 | Win%: 44.5 | S0: 249.4 | FPS: 2087.4 | Var: per
Step: 1861632 | EPS: 0.14 | Rew: 0.07 | Win%: 44.5 | S0: 248.4 | FPS: 2029.4 | Var: per
Step: 1862656 | EPS: 0.14 | Rew: 0.09 | Win%: 44.0 | S0: 248.0 | FPS: 1955.1 | Var: per
Step: 1863680 | EPS: 0.14 | Rew: 0.07 | Win%: 43.5 | S0: 243.1 | FPS: 2024.1 | Var: per
Step: 1864704 | EPS: 0.14 | Rew: 0.21 | Win%: 42.5 | S0: 236.8 | FPS: 1981.8 | Var: per
Step: 1865728 | EPS: 0.14 | Rew: 0.28 | Win%: 41.0 | S0: 237.8 | FPS: 1996.0 | Var: per
Step: 1866752 | EPS: 0.14 | Rew: 0.28 | Win%: 41.0 | S0: 236.6 | FPS: 1987.9 | Var: per
Step: 1867776 | EPS: 0.14 | Rew: 0.35 | Win%: 41.5 | S0: 231.2 | FPS: 1964.8 | Var: per
Step: 1868800 | EPS: 0.14 | Rew: 0.46 | Win%: 41.0 | S0: 236.9 | FPS: 2055.8 | Var: per
Step: 1869824 | EPS: 0.14 | Rew: 0.41 | Win%: 40.5 | S0: 234.8 | FPS: 2011.5 | Var: per
Step: 1870848 | EPS: 0.14 | Rew: 0.46 | Win%: 40.5 | S0: 235.1 | FPS: 2105.2 | Var: per
Step: 1871872 | EPS: 0.14 | Rew: 0.43 | Win%: 41.5 | S0: 240.1 | FPS: 1915.8 | Var: per
Step: 1872896 | EPS: 0.14 | Rew: 0.47 | Win%: 43.0 | S0: 247.6 | FPS: 2063.2 | Var: per
Step: 1873920 | EPS: 0.14 | Rew: 0.49 | Win%: 42.5 | S0: 257.2 | FPS: 2130.4 | Var: per
Step: 1874944 | EPS: 0.14 | Rew: 0.43 | Win%: 43.0 | S0: 253.9 | FPS: 2004.6 | Var: per
Step: 1875968 | EPS: 0.14 | Rew: 0.42 | Win%: 42.5 | S0: 255.5 | FPS: 2104.1 | Var: per
Step: 1876992 | EPS: 0.14 | Rew: 0.41 | Win%: 43.5 | S0: 262.6 | FPS: 1974.8 | Var: per
Step: 1878016 | EPS: 0.14 | Rew: 0.41 | Win%: 43.5 | S0: 262.6 | FPS: 1992.5 | Var: per
Step: 1879040 | EPS: 0.14 | Rew: 0.48 | Win%: 44.0 | S0: 267.6 | FPS: 1790.1 | Var: per
Step: 1880064 | EPS: 0.14 | Rew: 0.39 | Win%: 43.5 | S0: 267.1 | FPS: 2077.1 | Var: per
Step: 1881088 | EPS: 0.14 | Rew: 0.53 | Win%: 45.5 | S0: 276.3 | FPS: 2029.5 | Var: per
Step: 1882112 | EPS: 0.14 | Rew: 0.51 | Win%: 45.5 | S0: 279.2 | FPS: 2099.5 | Var: per
Step: 1883136 | EPS: 0.13 | Rew: 0.51 | Win%: 44.5 | S0: 277.1 | FPS: 1851.9 | Var: per
Step: 1884160 | EPS: 0.13 | Rew: 0.56 | Win%: 43.5 | S0: 278.1 | FPS: 2070.4 | Var: per
Step: 1885184 | EPS: 0.13 | Rew: 0.57 | Win%: 44.5 | S0: 281.3 | FPS: 2064.6 | Var: per
Step: 1886208 | EPS: 0.13 | Rew: 0.54 | Win%: 44.5 | S0: 287.6 | FPS: 2063.9 | Var: per
Step: 1887232 | EPS: 0.13 | Rew: 0.47 | Win%: 44.0 | S0: 285.4 | FPS: 1838.9 | Var: per
Step: 1888256 | EPS: 0.13 | Rew: 0.46 | Win%: 43.0 | S0: 279.2 | FPS: 1920.2 | Var: per
Step: 1889280 | EPS: 0.13 | Rew: 0.49 | Win%: 44.5 | S0: 289.7 | FPS: 2045.6 | Var: per
Step: 1890304 | EPS: 0.13 | Rew: 0.47 | Win%: 45.0 | S0: 288.1 | FPS: 2030.2 | Var: per
Step: 1891328 | EPS: 0.13 | Rew: 0.47 | Win%: 45.5 | S0: 290.9 | FPS: 1793.7 | Var: per
Step: 1892352 | EPS: 0.13 | Rew: 0.49 | Win%: 46.0 | S0: 295.9 | FPS: 2066.8 | Var: per
Step: 1893376 | EPS: 0.13 | Rew: 0.44 | Win%: 44.5 | S0: 293.9 | FPS: 1987.9 | Var: per
Step: 1894400 | EPS: 0.13 | Rew: 0.52 | Win%: 43.0 | S0: 290.8 | FPS: 2015.0 | Var: per
Step: 1895424 | EPS: 0.13 | Rew: 0.54 | Win%: 43.5 | S0: 292.0 | FPS: 1758.6 | Var: per
Step: 1896448 | EPS: 0.13 | Rew: 0.55 | Win%: 44.0 | S0: 288.9 | FPS: 1901.8 | Var: per
Step: 1897472 | EPS: 0.13 | Rew: 0.50 | Win%: 44.5 | S0: 291.7 | FPS: 2086.8 | Var: per
Step: 1898496 | EPS: 0.13 | Rew: 0.48 | Win%: 44.5 | S0: 287.5 | FPS: 2063.9 | Var: per
Step: 1899520 | EPS: 0.13 | Rew: 0.62 | Win%: 45.0 | S0: 292.6 | FPS: 1999.1 | Var: per
Step: 1900544 | EPS: 0.13 | Rew: 0.73 | Win%: 46.5 | S0: 306.1 | FPS: 1818.2 | Var: per
Step: 1901568 | EPS: 0.13 | Rew: 0.78 | Win%: 46.5 | S0: 304.0 | FPS: 2067.6 | Var: per
Step: 1902592 | EPS: 0.13 | Rew: 0.92 | Win%: 49.0 | S0: 313.6 | FPS: 1890.6 | Var: per
Step: 1903616 | EPS: 0.13 | Rew: 0.93 | Win%: 50.0 | S0: 319.0 | FPS: 2084.0 | Var: per
Step: 1904640 | EPS: 0.13 | Rew: 0.91 | Win%: 50.0 | S0: 307.4 | FPS: 1936.2 | Var: per
Step: 1905664 | EPS: 0.13 | Rew: 0.82 | Win%: 48.5 | S0: 301.6 | FPS: 2094.6 | Var: per
Step: 1906688 | EPS: 0.13 | Rew: 0.75 | Win%: 47.5 | S0: 302.9 | FPS: 1840.2 | Var: per
Step: 1907712 | EPS: 0.13 | Rew: 0.44 | Win%: 46.5 | S0: 294.4 | FPS: 1941.9 | Var: per
Step: 1908736 | EPS: 0.13 | Rew: 0.35 | Win%: 48.0 | S0: 293.4 | FPS: 2071.8 | Var: per
Step: 1909760 | EPS: 0.13 | Rew: 0.25 | Win%: 49.0 | S0: 292.8 | FPS: 1715.1 | Var: per
Step: 1910784 | EPS: 0.13 | Rew: 0.21 | Win%: 48.5 | S0: 295.8 | FPS: 1964.0 | Var: per
Step: 1911808 | EPS: 0.13 | Rew: 0.14 | Win%: 46.5 | S0: 291.4 | FPS: 2066.6 | Var: per
Step: 1912832 | EPS: 0.13 | Rew: 0.11 | Win%: 44.5 | S0: 278.9 | FPS: 1961.0 | Var: per
Step: 1913856 | EPS: 0.13 | Rew: 0.15 | Win%: 44.5 | S0: 267.9 | FPS: 1887.2 | Var: per
Step: 1914880 | EPS: 0.13 | Rew: 0.25 | Win%: 42.5 | S0: 261.1 | FPS: 1964.5 | Var: per
Step: 1915904 | EPS: 0.13 | Rew: 0.30 | Win%: 40.5 | S0: 245.3 | FPS: 1745.5 | Var: per
Step: 1916928 | EPS: 0.13 | Rew: 0.39 | Win%: 43.0 | S0: 257.4 | FPS: 1997.7 | Var: per
Step: 1917952 | EPS: 0.13 | Rew: 0.37 | Win%: 41.0 | S0: 251.6 | FPS: 2131.5 | Var: per
Step: 1918976 | EPS: 0.13 | Rew: 0.36 | Win%: 42.0 | S0: 255.8 | FPS: 1991.3 | Var: per
Step: 1920000 | EPS: 0.13 | Rew: 0.40 | Win%: 41.5 | S0: 252.9 | FPS: 1667.7 | Var: per
Step: 1921024 | EPS: 0.13 | Rew: 0.42 | Win%: 42.0 | S0: 266.4 | FPS: 2025.9 | Var: per
Step: 1922048 | EPS: 0.13 | Rew: 0.33 | Win%: 41.0 | S0: 262.6 | FPS: 2002.7 | Var: per
Step: 1923072 | EPS: 0.13 | Rew: 0.30 | Win%: 41.5 | S0: 256.8 | FPS: 2037.1 | Var: per
Step: 1924096 | EPS: 0.13 | Rew: 0.41 | Win%: 45.0 | S0: 267.6 | FPS: 1799.7 | Var: per
Step: 1925120 | EPS: 0.13 | Rew: 0.53 | Win%: 46.5 | S0: 277.9 | FPS: 1902.9 | Var: per
Step: 1926144 | EPS: 0.13 | Rew: 0.54 | Win%: 46.5 | S0: 277.0 | FPS: 2001.4 | Var: per
Step: 1927168 | EPS: 0.13 | Rew: 0.58 | Win%: 47.0 | S0: 280.6 | FPS: 2037.9 | Var: per
Step: 1928192 | EPS: 0.13 | Rew: 0.62 | Win%: 46.5 | S0: 286.2 | FPS: 1799.7 | Var: per
Step: 1929216 | EPS: 0.13 | Rew: 0.76 | Win%: 48.5 | S0: 286.9 | FPS: 1982.1 | Var: per
Step: 1930240 | EPS: 0.13 | Rew: 0.77 | Win%: 48.5 | S0: 290.8 | FPS: 2156.4 | Var: per
Step: 1931264 | EPS: 0.13 | Rew: 0.57 | Win%: 47.5 | S0: 288.5 | FPS: 1665.9 | Var: per
Step: 1932288 | EPS: 0.13 | Rew: 0.55 | Win%: 47.5 | S0: 285.2 | FPS: 1822.5 | Var: per
Step: 1933312 | EPS: 0.13 | Rew: 0.60 | Win%: 48.5 | S0: 283.4 | FPS: 2023.4 | Var: per
Step: 1934336 | EPS: 0.13 | Rew: 0.57 | Win%: 49.0 | S0: 291.2 | FPS: 2011.3 | Var: per
Step: 1935360 | EPS: 0.13 | Rew: 0.60 | Win%: 50.0 | S0: 306.2 | FPS: 1937.4 | Var: per
Step: 1936384 | EPS: 0.13 | Rew: 0.57 | Win%: 50.0 | S0: 302.0 | FPS: 1961.8 | Var: per
Step: 1937408 | EPS: 0.13 | Rew: 0.68 | Win%: 50.0 | S0: 300.9 | FPS: 1975.7 | Var: per
Step: 1938432 | EPS: 0.13 | Rew: 0.68 | Win%: 49.0 | S0: 292.8 | FPS: 2044.1 | Var: per
Step: 1939456 | EPS: 0.13 | Rew: 0.80 | Win%: 49.5 | S0: 304.5 | FPS: 2078.3 | Var: per
Step: 1940480 | EPS: 0.13 | Rew: 0.65 | Win%: 48.5 | S0: 294.5 | FPS: 1823.9 | Var: per
Step: 1941504 | EPS: 0.13 | Rew: 0.61 | Win%: 47.5 | S0: 289.1 | FPS: 2011.2 | Var: per
Step: 1942528 | EPS: 0.13 | Rew: 0.61 | Win%: 47.0 | S0: 287.9 | FPS: 1840.0 | Var: per
Step: 1943552 | EPS: 0.13 | Rew: 0.43 | Win%: 48.5 | S0: 291.9 | FPS: 1895.5 | Var: per
Step: 1944576 | EPS: 0.13 | Rew: 0.36 | Win%: 48.5 | S0: 285.5 | FPS: 1817.2 | Var: per
Step: 1945600 | EPS: 0.13 | Rew: 0.34 | Win%: 47.0 | S0: 277.4 | FPS: 1992.0 | Var: per
Step: 1946624 | EPS: 0.13 | Rew: 0.41 | Win%: 47.5 | S0: 272.7 | FPS: 2049.9 | Var: per
Step: 1947648 | EPS: 0.13 | Rew: 0.55 | Win%: 49.0 | S0: 282.4 | FPS: 2013.6 | Var: per
Step: 1948672 | EPS: 0.13 | Rew: 0.45 | Win%: 47.0 | S0: 277.1 | FPS: 1806.1 | Var: per
Step: 1949696 | EPS: 0.13 | Rew: 0.55 | Win%: 46.0 | S0: 273.9 | FPS: 2119.3 | Var: per
Step: 1950720 | EPS: 0.13 | Rew: 0.67 | Win%: 47.0 | S0: 279.4 | FPS: 1803.8 | Var: per
Step: 1951744 | EPS: 0.13 | Rew: 0.65 | Win%: 46.5 | S0: 275.6 | FPS: 2027.8 | Var: per
Step: 1952768 | EPS: 0.13 | Rew: 0.63 | Win%: 46.5 | S0: 274.4 | FPS: 2021.0 | Var: per
Step: 1953792 | EPS: 0.13 | Rew: 0.50 | Win%: 45.0 | S0: 280.1 | FPS: 2038.6 | Var: per
Step: 1954816 | EPS: 0.12 | Rew: 0.56 | Win%: 45.0 | S0: 280.9 | FPS: 1851.0 | Var: per
Step: 1955840 | EPS: 0.12 | Rew: 0.56 | Win%: 45.5 | S0: 287.8 | FPS: 1923.9 | Var: per
Step: 1956864 | EPS: 0.12 | Rew: 0.45 | Win%: 44.5 | S0: 284.7 | FPS: 2069.1 | Var: per
Step: 1957888 | EPS: 0.12 | Rew: 0.50 | Win%: 44.0 | S0: 290.7 | FPS: 1982.1 | Var: per
Step: 1958912 | EPS: 0.12 | Rew: 0.53 | Win%: 42.0 | S0: 291.2 | FPS: 1939.6 | Var: per
Step: 1959936 | EPS: 0.12 | Rew: 0.34 | Win%: 39.5 | S0: 276.1 | FPS: 1968.5 | Var: per
Step: 1960960 | EPS: 0.12 | Rew: 0.37 | Win%: 39.0 | S0: 273.4 | FPS: 1762.7 | Var: per
Step: 1961984 | EPS: 0.12 | Rew: 0.45 | Win%: 39.5 | S0: 269.4 | FPS: 2070.2 | Var: per
Step: 1963008 | EPS: 0.12 | Rew: 0.57 | Win%: 42.0 | S0: 283.4 | FPS: 1736.6 | Var: per
Step: 1964032 | EPS: 0.12 | Rew: 0.62 | Win%: 44.0 | S0: 285.9 | FPS: 2018.6 | Var: per
Step: 1965056 | EPS: 0.12 | Rew: 0.70 | Win%: 44.5 | S0: 297.5 | FPS: 1919.7 | Var: per
Step: 1966080 | EPS: 0.12 | Rew: 0.71 | Win%: 42.5 | S0: 288.6 | FPS: 2071.5 | Var: per
Step: 1967104 | EPS: 0.12 | Rew: 0.69 | Win%: 42.5 | S0: 288.2 | FPS: 2006.6 | Var: per
Step: 1968128 | EPS: 0.12 | Rew: 0.62 | Win%: 43.0 | S0: 296.6 | FPS: 2053.2 | Var: per
Step: 1969152 | EPS: 0.12 | Rew: 0.58 | Win%: 44.0 | S0: 299.1 | FPS: 1951.7 | Var: per
Step: 1970176 | EPS: 0.12 | Rew: 0.60 | Win%: 46.5 | S0: 302.6 | FPS: 1963.1 | Var: per
Step: 1971200 | EPS: 0.12 | Rew: 0.65 | Win%: 47.5 | S0: 317.0 | FPS: 1995.4 | Var: per
Step: 1972224 | EPS: 0.12 | Rew: 0.65 | Win%: 48.0 | S0: 321.1 | FPS: 2054.1 | Var: per
Step: 1973248 | EPS: 0.12 | Rew: 0.59 | Win%: 46.5 | S0: 319.3 | FPS: 1993.8 | Var: per
Step: 1974272 | EPS: 0.12 | Rew: 0.48 | Win%: 44.5 | S0: 310.6 | FPS: 1971.5 | Var: per
Step: 1975296 | EPS: 0.12 | Rew: 0.54 | Win%: 43.5 | S0: 309.6 | FPS: 1999.7 | Var: per
Step: 1976320 | EPS: 0.12 | Rew: 0.65 | Win%: 43.0 | S0: 328.2 | FPS: 2060.0 | Var: per
>>> [Best] Saved -> agent/checkpoints/per_battle.pth | Win% 43.0 | S0 328.2
Step: 1977344 | EPS: 0.12 | Rew: 0.57 | Win%: 41.5 | S0: 315.9 | FPS: 2109.5 | Var: per
Step: 1978368 | EPS: 0.12 | Rew: 0.71 | Win%: 44.5 | S0: 324.5 | FPS: 2012.0 | Var: per
>>> [Best] Saved -> agent/checkpoints/per_battle.pth | Win% 44.5 | S0 324.5
Step: 1979392 | EPS: 0.12 | Rew: 0.80 | Win%: 46.0 | S0: 337.6 | FPS: 1944.5 | Var: per
>>> [Best] Saved -> agent/checkpoints/per_battle.pth | Win% 46.0 | S0 337.6
Step: 1980416 | EPS: 0.12 | Rew: 0.91 | Win%: 45.5 | S0: 337.8 | FPS: 1705.9 | Var: per
Step: 1981440 | EPS: 0.12 | Rew: 0.86 | Win%: 44.0 | S0: 340.2 | FPS: 1994.5 | Var: per
Step: 1982464 | EPS: 0.12 | Rew: 0.69 | Win%: 43.0 | S0: 336.1 | FPS: 2003.0 | Var: per
Step: 1983488 | EPS: 0.12 | Rew: 0.59 | Win%: 41.0 | S0: 315.1 | FPS: 2029.1 | Var: per
Step: 1984512 | EPS: 0.12 | Rew: 0.59 | Win%: 41.0 | S0: 324.6 | FPS: 1723.0 | Var: per
Step: 1985536 | EPS: 0.12 | Rew: 0.45 | Win%: 42.0 | S0: 325.4 | FPS: 2064.0 | Var: per
Step: 1986560 | EPS: 0.12 | Rew: 0.44 | Win%: 42.0 | S0: 337.1 | FPS: 1806.6 | Var: per
Step: 1987584 | EPS: 0.12 | Rew: 0.44 | Win%: 41.0 | S0: 331.8 | FPS: 1947.4 | Var: per
Step: 1988608 | EPS: 0.12 | Rew: 0.50 | Win%: 40.5 | S0: 323.4 | FPS: 1969.4 | Var: per
Step: 1989632 | EPS: 0.12 | Rew: 0.58 | Win%: 40.5 | S0: 319.8 | FPS: 1946.8 | Var: per
Step: 1990656 | EPS: 0.12 | Rew: 0.55 | Win%: 40.5 | S0: 312.9 | FPS: 1960.3 | Var: per
Step: 1991680 | EPS: 0.12 | Rew: 0.50 | Win%: 38.5 | S0: 298.6 | FPS: 1994.4 | Var: per
Step: 1992704 | EPS: 0.12 | Rew: 0.33 | Win%: 36.5 | S0: 283.5 | FPS: 2045.7 | Var: per
Step: 1993728 | EPS: 0.12 | Rew: 0.41 | Win%: 37.5 | S0: 288.5 | FPS: 2063.1 | Var: per
Step: 1994752 | EPS: 0.12 | Rew: 0.33 | Win%: 36.5 | S0: 287.5 | FPS: 2101.0 | Var: per
Step: 1995776 | EPS: 0.12 | Rew: 0.42 | Win%: 39.0 | S0: 299.9 | FPS: 2141.6 | Var: per
Step: 1996800 | EPS: 0.12 | Rew: 0.53 | Win%: 38.0 | S0: 296.5 | FPS: 2222.6 | Var: per
Step: 1997824 | EPS: 0.12 | Rew: 0.56 | Win%: 38.5 | S0: 293.5 | FPS: 1839.1 | Var: per
Step: 1998848 | EPS: 0.12 | Rew: 0.54 | Win%: 39.5 | S0: 287.3 | FPS: 2073.6 | Var: per
Step: 1999872 | EPS: 0.12 | Rew: 0.37 | Win%: 38.0 | S0: 277.6 | FPS: 2060.1 | Var: per
Step: 2000896 | EPS: 0.12 | Rew: 0.32 | Win%: 36.0 | S0: 265.6 | FPS: 1858.0 | Var: per
Step: 2001920 | EPS: 0.12 | Rew: 0.25 | Win%: 37.0 | S0: 279.5 | FPS: 1790.0 | Var: per
Step: 2002944 | EPS: 0.12 | Rew: 0.26 | Win%: 36.5 | S0: 280.8 | FPS: 1923.9 | Var: per
Step: 2003968 | EPS: 0.12 | Rew: 0.28 | Win%: 39.5 | S0: 283.0 | FPS: 1907.0 | Var: per
Step: 2004992 | EPS: 0.12 | Rew: 0.22 | Win%: 40.0 | S0: 280.1 | FPS: 1758.8 | Var: per
Step: 2006016 | EPS: 0.12 | Rew: 0.31 | Win%: 37.0 | S0: 268.1 | FPS: 2053.9 | Var: per
Step: 2007040 | EPS: 0.12 | Rew: 0.39 | Win%: 38.0 | S0: 271.5 | FPS: 1992.8 | Var: per
Step: 2008064 | EPS: 0.12 | Rew: 0.28 | Win%: 35.0 | S0: 259.4 | FPS: 2098.6 | Var: per
Step: 2009088 | EPS: 0.12 | Rew: 0.31 | Win%: 36.5 | S0: 263.1 | FPS: 2103.8 | Var: per
Step: 2010112 | EPS: 0.12 | Rew: 0.37 | Win%: 36.5 | S0: 263.3 | FPS: 1951.4 | Var: per
Step: 2011136 | EPS: 0.12 | Rew: 0.40 | Win%: 37.0 | S0: 267.5 | FPS: 2071.1 | Var: per
Step: 2012160 | EPS: 0.12 | Rew: 0.45 | Win%: 38.0 | S0: 282.2 | FPS: 2089.8 | Var: per
Step: 2013184 | EPS: 0.12 | Rew: 0.40 | Win%: 36.5 | S0: 267.2 | FPS: 1983.0 | Var: per
Step: 2014208 | EPS: 0.12 | Rew: 0.37 | Win%: 37.5 | S0: 267.1 | FPS: 1770.3 | Var: per
Step: 2015232 | EPS: 0.12 | Rew: 0.28 | Win%: 35.5 | S0: 262.1 | FPS: 1982.3 | Var: per
Step: 2016256 | EPS: 0.12 | Rew: 0.16 | Win%: 33.5 | S0: 258.3 | FPS: 1953.1 | Var: per
Step: 2017280 | EPS: 0.12 | Rew: 0.20 | Win%: 34.5 | S0: 270.4 | FPS: 1812.7 | Var: per
Step: 2018304 | EPS: 0.12 | Rew: 0.37 | Win%: 37.0 | S0: 278.9 | FPS: 1881.8 | Var: per
Step: 2019328 | EPS: 0.12 | Rew: 0.42 | Win%: 38.0 | S0: 281.1 | FPS: 1908.7 | Var: per
Step: 2020352 | EPS: 0.12 | Rew: 0.35 | Win%: 37.0 | S0: 274.3 | FPS: 2023.8 | Var: per
Step: 2021376 | EPS: 0.12 | Rew: 0.32 | Win%: 35.0 | S0: 261.2 | FPS: 1708.9 | Var: per
Step: 2022400 | EPS: 0.12 | Rew: 0.38 | Win%: 34.5 | S0: 256.9 | FPS: 1906.0 | Var: per
Step: 2023424 | EPS: 0.12 | Rew: 0.30 | Win%: 35.0 | S0: 255.3 | FPS: 2042.2 | Var: per
Step: 2024448 | EPS: 0.12 | Rew: 0.25 | Win%: 37.0 | S0: 255.9 | FPS: 2062.5 | Var: per
Step: 2025472 | EPS: 0.11 | Rew: 0.17 | Win%: 36.5 | S0: 253.8 | FPS: 1800.6 | Var: per
Step: 2026496 | EPS: 0.11 | Rew: 0.27 | Win%: 35.5 | S0: 256.9 | FPS: 2051.3 | Var: per
Step: 2027520 | EPS: 0.11 | Rew: 0.50 | Win%: 36.5 | S0: 268.7 | FPS: 1975.3 | Var: per
Step: 2028544 | EPS: 0.11 | Rew: 0.44 | Win%: 38.0 | S0: 271.8 | FPS: 1981.4 | Var: per
Step: 2029568 | EPS: 0.11 | Rew: 0.47 | Win%: 38.5 | S0: 268.5 | FPS: 1827.4 | Var: per
Step: 2030592 | EPS: 0.11 | Rew: 0.56 | Win%: 37.0 | S0: 268.8 | FPS: 1975.1 | Var: per
Step: 2031616 | EPS: 0.11 | Rew: 0.59 | Win%: 36.0 | S0: 264.2 | FPS: 1960.9 | Var: per
Step: 2032640 | EPS: 0.11 | Rew: 0.59 | Win%: 36.5 | S0: 272.7 | FPS: 2015.9 | Var: per
Step: 2033664 | EPS: 0.11 | Rew: 0.54 | Win%: 38.5 | S0: 293.5 | FPS: 1693.1 | Var: per
Step: 2034688 | EPS: 0.11 | Rew: 0.59 | Win%: 40.0 | S0: 292.6 | FPS: 2081.1 | Var: per
Step: 2035712 | EPS: 0.11 | Rew: 0.61 | Win%: 39.0 | S0: 298.8 | FPS: 2093.2 | Var: per
Step: 2036736 | EPS: 0.11 | Rew: 0.51 | Win%: 39.5 | S0: 302.5 | FPS: 2032.5 | Var: per
Step: 2037760 | EPS: 0.11 | Rew: 0.57 | Win%: 41.0 | S0: 303.4 | FPS: 1977.1 | Var: per
Step: 2038784 | EPS: 0.11 | Rew: 0.53 | Win%: 40.5 | S0: 303.6 | FPS: 1892.2 | Var: per
Step: 2039808 | EPS: 0.11 | Rew: 0.57 | Win%: 41.0 | S0: 299.6 | FPS: 1827.5 | Var: per
Step: 2040832 | EPS: 0.11 | Rew: 0.59 | Win%: 41.0 | S0: 302.3 | FPS: 2046.4 | Var: per
Step: 2041856 | EPS: 0.11 | Rew: 0.53 | Win%: 40.0 | S0: 296.4 | FPS: 1840.5 | Var: per
Step: 2042880 | EPS: 0.11 | Rew: 0.59 | Win%: 40.5 | S0: 294.1 | FPS: 1977.2 | Var: per
Step: 2043904 | EPS: 0.11 | Rew: 0.42 | Win%: 39.0 | S0: 283.6 | FPS: 2099.9 | Var: per
Step: 2044928 | EPS: 0.11 | Rew: 0.48 | Win%: 39.5 | S0: 282.1 | FPS: 2058.9 | Var: per
Step: 2045952 | EPS: 0.11 | Rew: 0.31 | Win%: 38.0 | S0: 272.4 | FPS: 1816.5 | Var: per
Step: 2046976 | EPS: 0.11 | Rew: 0.17 | Win%: 37.0 | S0: 266.3 | FPS: 2082.9 | Var: per
Step: 2048000 | EPS: 0.11 | Rew: 0.24 | Win%: 35.5 | S0: 261.9 | FPS: 1943.4 | Var: per
Step: 2049024 | EPS: 0.11 | Rew: 0.19 | Win%: 32.5 | S0: 257.6 | FPS: 2085.1 | Var: per
Step: 2050048 | EPS: 0.11 | Rew: 0.28 | Win%: 34.0 | S0: 264.9 | FPS: 2153.3 | Var: per
Step: 2051072 | EPS: 0.11 | Rew: 0.37 | Win%: 34.5 | S0: 274.8 | FPS: 2055.1 | Var: per
Step: 2052096 | EPS: 0.11 | Rew: 0.39 | Win%: 34.0 | S0: 271.1 | FPS: 2067.8 | Var: per
Step: 2053120 | EPS: 0.11 | Rew: 0.48 | Win%: 33.5 | S0: 270.9 | FPS: 1874.1 | Var: per
Step: 2054144 | EPS: 0.11 | Rew: 0.50 | Win%: 34.5 | S0: 276.3 | FPS: 2009.0 | Var: per
Step: 2055168 | EPS: 0.11 | Rew: 0.57 | Win%: 34.0 | S0: 276.6 | FPS: 1983.3 | Var: per
Step: 2056192 | EPS: 0.11 | Rew: 0.57 | Win%: 38.0 | S0: 289.6 | FPS: 1914.1 | Var: per
Step: 2057216 | EPS: 0.11 | Rew: 0.55 | Win%: 39.5 | S0: 288.9 | FPS: 1942.8 | Var: per
Step: 2058240 | EPS: 0.11 | Rew: 0.62 | Win%: 40.5 | S0: 300.1 | FPS: 1553.6 | Var: per
Step: 2059264 | EPS: 0.11 | Rew: 0.68 | Win%: 42.5 | S0: 312.6 | FPS: 2081.9 | Var: per
Step: 2060288 | EPS: 0.11 | Rew: 0.87 | Win%: 45.0 | S0: 329.3 | FPS: 2067.1 | Var: per
Step: 2061312 | EPS: 0.11 | Rew: 0.86 | Win%: 47.0 | S0: 330.6 | FPS: 2004.5 | Var: per
Step: 2062336 | EPS: 0.11 | Rew: 1.00 | Win%: 49.5 | S0: 341.1 | FPS: 1979.8 | Var: per
>>> [Best] Saved -> agent/checkpoints/per_battle.pth | Win% 49.5 | S0 341.1
Step: 2063360 | EPS: 0.11 | Rew: 1.05 | Win%: 51.5 | S0: 340.9 | FPS: 1965.9 | Var: per
>>> [Best] Saved -> agent/checkpoints/per_battle.pth | Win% 51.5 | S0 340.9
Step: 2064384 | EPS: 0.11 | Rew: 1.05 | Win%: 52.0 | S0: 341.4 | FPS: 1998.5 | Var: per
Step: 2065408 | EPS: 0.11 | Rew: 1.01 | Win%: 52.0 | S0: 350.8 | FPS: 1921.7 | Var: per
>>> [Best] Saved -> agent/checkpoints/per_battle.pth | Win% 52.0 | S0 350.8
Step: 2066432 | EPS: 0.11 | Rew: 1.01 | Win%: 54.5 | S0: 360.7 | FPS: 1726.0 | Var: per
>>> [Best] Saved -> agent/checkpoints/per_battle.pth | Win% 54.5 | S0 360.7
Step: 2067456 | EPS: 0.11 | Rew: 1.11 | Win%: 55.5 | S0: 363.6 | FPS: 2048.9 | Var: per
Step: 2068480 | EPS: 0.11 | Rew: 1.24 | Win%: 57.5 | S0: 377.4 | FPS: 1997.3 | Var: per
>>> [Best] Saved -> agent/checkpoints/per_battle.pth | Win% 57.5 | S0 377.4
Step: 2069504 | EPS: 0.11 | Rew: 1.24 | Win%: 59.5 | S0: 387.6 | FPS: 1839.9 | Var: per
>>> [Best] Saved -> agent/checkpoints/per_battle.pth | Win% 59.5 | S0 387.6
Step: 2070528 | EPS: 0.11 | Rew: 1.22 | Win%: 59.0 | S0: 386.2 | FPS: 1716.1 | Var: per
Step: 2071552 | EPS: 0.11 | Rew: 1.13 | Win%: 58.5 | S0: 380.9 | FPS: 1830.3 | Var: per
Step: 2072576 | EPS: 0.11 | Rew: 1.05 | Win%: 57.5 | S0: 372.4 | FPS: 2042.8 | Var: per
Step: 2073600 | EPS: 0.11 | Rew: 0.94 | Win%: 57.0 | S0: 370.4 | FPS: 1969.8 | Var: per
Step: 2074624 | EPS: 0.11 | Rew: 0.77 | Win%: 56.0 | S0: 370.4 | FPS: 1814.6 | Var: per
Step: 2075648 | EPS: 0.11 | Rew: 0.70 | Win%: 55.5 | S0: 362.2 | FPS: 1806.9 | Var: per
Step: 2076672 | EPS: 0.11 | Rew: 0.75 | Win%: 56.0 | S0: 367.7 | FPS: 1975.7 | Var: per
Step: 2077696 | EPS: 0.11 | Rew: 0.70 | Win%: 55.0 | S0: 362.4 | FPS: 1793.1 | Var: per
Step: 2078720 | EPS: 0.11 | Rew: 0.81 | Win%: 55.5 | S0: 349.9 | FPS: 1869.0 | Var: per
Step: 2079744 | EPS: 0.11 | Rew: 0.78 | Win%: 54.0 | S0: 338.2 | FPS: 1944.6 | Var: per
Step: 2080768 | EPS: 0.11 | Rew: 0.81 | Win%: 54.0 | S0: 333.4 | FPS: 1922.1 | Var: per
Step: 2081792 | EPS: 0.11 | Rew: 0.79 | Win%: 51.0 | S0: 322.4 | FPS: 2099.4 | Var: per
Step: 2082816 | EPS: 0.11 | Rew: 0.84 | Win%: 53.0 | S0: 322.9 | FPS: 2077.9 | Var: per
Step: 2083840 | EPS: 0.11 | Rew: 0.84 | Win%: 52.5 | S0: 318.9 | FPS: 1983.7 | Var: per
Step: 2084864 | EPS: 0.11 | Rew: 0.75 | Win%: 51.5 | S0: 311.6 | FPS: 2042.6 | Var: per
Step: 2085888 | EPS: 0.11 | Rew: 0.67 | Win%: 51.0 | S0: 302.8 | FPS: 1844.6 | Var: per
Step: 2086912 | EPS: 0.11 | Rew: 0.40 | Win%: 48.5 | S0: 287.0 | FPS: 2001.5 | Var: per
Step: 2087936 | EPS: 0.11 | Rew: 0.35 | Win%: 44.5 | S0: 279.8 | FPS: 1925.7 | Var: per
Step: 2088960 | EPS: 0.11 | Rew: 0.32 | Win%: 45.0 | S0: 278.4 | FPS: 2037.8 | Var: per
Step: 2089984 | EPS: 0.11 | Rew: 0.26 | Win%: 44.0 | S0: 276.1 | FPS: 1908.7 | Var: per
Step: 2091008 | EPS: 0.11 | Rew: 0.32 | Win%: 42.5 | S0: 279.8 | FPS: 1989.5 | Var: per
Step: 2092032 | EPS: 0.11 | Rew: 0.28 | Win%: 39.0 | S0: 262.1 | FPS: 1905.0 | Var: per
Step: 2093056 | EPS: 0.11 | Rew: 0.40 | Win%: 38.0 | S0: 252.7 | FPS: 2002.6 | Var: per
Step: 2094080 | EPS: 0.11 | Rew: 0.65 | Win%: 41.0 | S0: 266.1 | FPS: 2047.3 | Var: per
Step: 2095104 | EPS: 0.11 | Rew: 0.55 | Win%: 38.5 | S0: 260.3 | FPS: 2043.2 | Var: per
Step: 2096128 | EPS: 0.10 | Rew: 0.65 | Win%: 39.5 | S0: 267.9 | FPS: 2001.1 | Var: per
Step: 2097152 | EPS: 0.10 | Rew: 0.72 | Win%: 41.5 | S0: 275.4 | FPS: 2011.8 | Var: per
Step: 2098176 | EPS: 0.10 | Rew: 0.95 | Win%: 45.0 | S0: 293.4 | FPS: 2006.0 | Var: per
Step: 2099200 | EPS: 0.10 | Rew: 0.90 | Win%: 46.5 | S0: 294.6 | FPS: 2004.6 | Var: per
Step: 2100224 | EPS: 0.10 | Rew: 0.90 | Win%: 49.0 | S0: 317.4 | FPS: 1940.3 | Var: per
Step: 2101248 | EPS: 0.10 | Rew: 1.07 | Win%: 49.5 | S0: 321.1 | FPS: 1965.4 | Var: per
Step: 2102272 | EPS: 0.10 | Rew: 0.89 | Win%: 48.5 | S0: 317.1 | FPS: 2047.0 | Var: per
Step: 2103296 | EPS: 0.10 | Rew: 0.83 | Win%: 48.5 | S0: 318.7 | FPS: 2031.3 | Var: per
Step: 2104320 | EPS: 0.10 | Rew: 0.72 | Win%: 48.5 | S0: 324.3 | FPS: 1928.1 | Var: per
Step: 2105344 | EPS: 0.10 | Rew: 0.80 | Win%: 50.5 | S0: 337.1 | FPS: 2002.3 | Var: per
Step: 2106368 | EPS: 0.10 | Rew: 0.56 | Win%: 47.0 | S0: 324.9 | FPS: 2015.3 | Var: per
Step: 2107392 | EPS: 0.10 | Rew: 0.41 | Win%: 45.0 | S0: 323.2 | FPS: 1862.5 | Var: per
Step: 2108416 | EPS: 0.10 | Rew: 0.43 | Win%: 44.0 | S0: 311.6 | FPS: 1966.7 | Var: per
Step: 2109440 | EPS: 0.10 | Rew: 0.54 | Win%: 42.0 | S0: 312.2 | FPS: 1980.6 | Var: per
Step: 2110464 | EPS: 0.10 | Rew: 0.51 | Win%: 39.5 | S0: 304.1 | FPS: 1855.3 | Var: per
Step: 2111488 | EPS: 0.10 | Rew: 0.69 | Win%: 40.5 | S0: 317.0 | FPS: 1786.7 | Var: per
Step: 2112512 | EPS: 0.10 | Rew: 0.88 | Win%: 42.0 | S0: 327.3 | FPS: 1925.8 | Var: per
Step: 2113536 | EPS: 0.10 | Rew: 0.88 | Win%: 41.5 | S0: 318.8 | FPS: 1918.5 | Var: per
Step: 2114560 | EPS: 0.10 | Rew: 0.81 | Win%: 42.0 | S0: 314.9 | FPS: 1756.6 | Var: per
Step: 2115584 | EPS: 0.10 | Rew: 0.88 | Win%: 43.5 | S0: 328.1 | FPS: 1867.7 | Var: per
Step: 2116608 | EPS: 0.10 | Rew: 0.94 | Win%: 43.0 | S0: 323.9 | FPS: 1884.8 | Var: per
Step: 2117632 | EPS: 0.10 | Rew: 0.70 | Win%: 41.0 | S0: 322.2 | FPS: 1856.0 | Var: per
Step: 2118656 | EPS: 0.10 | Rew: 0.63 | Win%: 43.5 | S0: 333.4 | FPS: 1872.6 | Var: per
Step: 2119680 | EPS: 0.10 | Rew: 0.71 | Win%: 44.0 | S0: 332.9 | FPS: 1895.9 | Var: per
Step: 2120704 | EPS: 0.10 | Rew: 0.73 | Win%: 45.0 | S0: 332.8 | FPS: 1933.0 | Var: per
Step: 2121728 | EPS: 0.10 | Rew: 0.68 | Win%: 46.0 | S0: 334.5 | FPS: 1952.2 | Var: per
Step: 2122752 | EPS: 0.10 | Rew: 0.81 | Win%: 47.5 | S0: 338.8 | FPS: 1980.3 | Var: per
Step: 2123776 | EPS: 0.10 | Rew: 0.85 | Win%: 45.5 | S0: 325.9 | FPS: 1963.9 | Var: per
Step: 2124800 | EPS: 0.10 | Rew: 0.93 | Win%: 46.0 | S0: 324.4 | FPS: 1966.7 | Var: per
Step: 2125824 | EPS: 0.10 | Rew: 0.85 | Win%: 45.0 | S0: 317.5 | FPS: 1957.8 | Var: per
Step: 2126848 | EPS: 0.10 | Rew: 0.87 | Win%: 46.5 | S0: 324.7 | FPS: 2039.2 | Var: per
Step: 2127872 | EPS: 0.10 | Rew: 0.82 | Win%: 44.5 | S0: 322.3 | FPS: 2002.3 | Var: per
Step: 2128896 | EPS: 0.10 | Rew: 0.91 | Win%: 46.0 | S0: 332.0 | FPS: 1933.9 | Var: per
Step: 2129920 | EPS: 0.10 | Rew: 0.81 | Win%: 46.0 | S0: 332.6 | FPS: 1786.1 | Var: per
Step: 2130944 | EPS: 0.10 | Rew: 0.72 | Win%: 46.5 | S0: 325.1 | FPS: 1913.2 | Var: per
Step: 2131968 | EPS: 0.10 | Rew: 0.67 | Win%: 48.0 | S0: 343.8 | FPS: 1980.8 | Var: per
Step: 2132992 | EPS: 0.10 | Rew: 0.75 | Win%: 47.0 | S0: 335.9 | FPS: 2006.6 | Var: per
Step: 2134016 | EPS: 0.10 | Rew: 0.80 | Win%: 49.0 | S0: 348.2 | FPS: 1889.5 | Var: per
Step: 2135040 | EPS: 0.10 | Rew: 0.84 | Win%: 48.5 | S0: 346.2 | FPS: 1786.0 | Var: per
Step: 2136064 | EPS: 0.10 | Rew: 0.73 | Win%: 47.5 | S0: 346.5 | FPS: 1909.1 | Var: per
Step: 2137088 | EPS: 0.10 | Rew: 0.78 | Win%: 46.0 | S0: 351.8 | FPS: 1994.7 | Var: per
Step: 2138112 | EPS: 0.10 | Rew: 0.75 | Win%: 44.5 | S0: 333.4 | FPS: 2041.1 | Var: per
Step: 2139136 | EPS: 0.10 | Rew: 0.83 | Win%: 45.5 | S0: 337.6 | FPS: 1733.7 | Var: per
Step: 2140160 | EPS: 0.10 | Rew: 0.94 | Win%: 46.0 | S0: 347.6 | FPS: 1948.5 | Var: per
Step: 2141184 | EPS: 0.10 | Rew: 0.90 | Win%: 46.5 | S0: 344.8 | FPS: 1819.1 | Var: per
Step: 2142208 | EPS: 0.10 | Rew: 0.92 | Win%: 49.5 | S0: 344.1 | FPS: 1791.5 | Var: per
Step: 2143232 | EPS: 0.10 | Rew: 0.97 | Win%: 50.0 | S0: 349.0 | FPS: 1954.9 | Var: per
Step: 2144256 | EPS: 0.10 | Rew: 0.87 | Win%: 50.0 | S0: 343.9 | FPS: 1816.7 | Var: per
Step: 2145280 | EPS: 0.10 | Rew: 0.86 | Win%: 49.5 | S0: 340.4 | FPS: 2018.6 | Var: per
Step: 2146304 | EPS: 0.10 | Rew: 0.85 | Win%: 49.0 | S0: 324.6 | FPS: 1794.0 | Var: per
Step: 2147328 | EPS: 0.10 | Rew: 0.80 | Win%: 48.0 | S0: 329.0 | FPS: 2019.1 | Var: per
Step: 2148352 | EPS: 0.10 | Rew: 0.77 | Win%: 48.5 | S0: 333.8 | FPS: 1927.6 | Var: per
Step: 2149376 | EPS: 0.10 | Rew: 0.61 | Win%: 44.0 | S0: 327.1 | FPS: 2072.0 | Var: per
Step: 2150400 | EPS: 0.10 | Rew: 0.54 | Win%: 45.5 | S0: 332.1 | FPS: 1604.9 | Var: per
Step: 2151424 | EPS: 0.10 | Rew: 0.51 | Win%: 45.0 | S0: 315.4 | FPS: 1868.6 | Var: per
Step: 2152448 | EPS: 0.10 | Rew: 0.58 | Win%: 47.0 | S0: 318.9 | FPS: 1871.0 | Var: per
Step: 2153472 | EPS: 0.10 | Rew: 0.24 | Win%: 43.0 | S0: 302.8 | FPS: 1938.9 | Var: per
Step: 2154496 | EPS: 0.10 | Rew: 0.22 | Win%: 41.5 | S0: 297.1 | FPS: 1749.2 | Var: per
Step: 2155520 | EPS: 0.10 | Rew: 0.36 | Win%: 40.0 | S0: 299.8 | FPS: 1842.2 | Var: per
Step: 2156544 | EPS: 0.10 | Rew: 0.30 | Win%: 38.0 | S0: 293.8 | FPS: 2003.7 | Var: per
Step: 2157568 | EPS: 0.10 | Rew: 0.28 | Win%: 38.0 | S0: 282.8 | FPS: 1928.6 | Var: per
Step: 2158592 | EPS: 0.10 | Rew: 0.37 | Win%: 41.0 | S0: 294.1 | FPS: 1935.0 | Var: per
Step: 2159616 | EPS: 0.10 | Rew: 0.71 | Win%: 42.0 | S0: 298.1 | FPS: 1966.5 | Var: per
Step: 2160640 | EPS: 0.10 | Rew: 0.70 | Win%: 41.0 | S0: 290.6 | FPS: 1937.0 | Var: per
Step: 2161664 | EPS: 0.10 | Rew: 0.71 | Win%: 44.0 | S0: 295.1 | FPS: 2005.6 | Var: per
Step: 2162688 | EPS: 0.10 | Rew: 0.82 | Win%: 43.5 | S0: 292.1 | FPS: 1685.2 | Var: per
Step: 2163712 | EPS: 0.10 | Rew: 0.91 | Win%: 45.5 | S0: 304.8 | FPS: 2008.6 | Var: per
Step: 2164736 | EPS: 0.10 | Rew: 0.69 | Win%: 43.5 | S0: 293.9 | FPS: 1861.5 | Var: per
Step: 2165760 | EPS: 0.10 | Rew: 0.50 | Win%: 44.5 | S0: 301.8 | FPS: 1976.7 | Var: per
Step: 2166784 | EPS: 0.10 | Rew: 0.53 | Win%: 44.5 | S0: 302.4 | FPS: 1656.1 | Var: per
Step: 2167808 | EPS: 0.09 | Rew: 0.66 | Win%: 46.0 | S0: 318.4 | FPS: 2008.8 | Var: per
Step: 2168832 | EPS: 0.09 | Rew: 0.68 | Win%: 46.0 | S0: 321.1 | FPS: 2043.4 | Var: per
Step: 2169856 | EPS: 0.09 | Rew: 0.64 | Win%: 45.0 | S0: 320.1 | FPS: 1667.5 | Var: per
Step: 2170880 | EPS: 0.09 | Rew: 0.62 | Win%: 45.0 | S0: 332.8 | FPS: 2035.8 | Var: per
Step: 2171904 | EPS: 0.09 | Rew: 0.78 | Win%: 40.5 | S0: 314.6 | FPS: 2074.3 | Var: per
Step: 2172928 | EPS: 0.09 | Rew: 0.76 | Win%: 40.0 | S0: 307.2 | FPS: 2022.4 | Var: per
Step: 2173952 | EPS: 0.09 | Rew: 0.79 | Win%: 41.5 | S0: 321.4 | FPS: 1808.6 | Var: per
Step: 2174976 | EPS: 0.09 | Rew: 0.72 | Win%: 42.0 | S0: 311.4 | FPS: 1954.5 | Var: per
Step: 2176000 | EPS: 0.09 | Rew: 0.83 | Win%: 43.0 | S0: 319.4 | FPS: 1952.2 | Var: per
Step: 2177024 | EPS: 0.09 | Rew: 0.81 | Win%: 45.0 | S0: 331.0 | FPS: 1922.5 | Var: per
Step: 2178048 | EPS: 0.09 | Rew: 0.97 | Win%: 47.0 | S0: 340.4 | FPS: 1697.3 | Var: per
Step: 2179072 | EPS: 0.09 | Rew: 0.89 | Win%: 47.0 | S0: 336.2 | FPS: 1965.7 | Var: per
Step: 2180096 | EPS: 0.09 | Rew: 0.71 | Win%: 45.5 | S0: 305.6 | FPS: 1923.5 | Var: per
Step: 2181120 | EPS: 0.09 | Rew: 0.80 | Win%: 46.5 | S0: 311.9 | FPS: 2048.3 | Var: per
Step: 2182144 | EPS: 0.09 | Rew: 0.80 | Win%: 47.5 | S0: 331.2 | FPS: 1796.7 | Var: per
Step: 2183168 | EPS: 0.09 | Rew: 0.77 | Win%: 47.0 | S0: 331.4 | FPS: 2008.6 | Var: per
Step: 2184192 | EPS: 0.09 | Rew: 0.72 | Win%: 49.0 | S0: 340.9 | FPS: 2025.4 | Var: per
Step: 2185216 | EPS: 0.09 | Rew: 0.71 | Win%: 48.0 | S0: 336.9 | FPS: 1989.0 | Var: per
Step: 2186240 | EPS: 0.09 | Rew: 0.79 | Win%: 46.0 | S0: 323.8 | FPS: 1781.4 | Var: per
Step: 2187264 | EPS: 0.09 | Rew: 0.79 | Win%: 46.5 | S0: 337.1 | FPS: 1948.8 | Var: per
Step: 2188288 | EPS: 0.09 | Rew: 0.90 | Win%: 46.5 | S0: 340.6 | FPS: 2053.5 | Var: per
Step: 2189312 | EPS: 0.09 | Rew: 0.78 | Win%: 44.5 | S0: 334.1 | FPS: 1985.5 | Var: per
Step: 2190336 | EPS: 0.09 | Rew: 0.97 | Win%: 45.0 | S0: 349.2 | FPS: 1656.4 | Var: per
Step: 2191360 | EPS: 0.09 | Rew: 1.24 | Win%: 47.5 | S0: 375.1 | FPS: 1894.3 | Var: per
Step: 2192384 | EPS: 0.09 | Rew: 1.27 | Win%: 47.5 | S0: 392.8 | FPS: 1896.3 | Var: per
>>> [Best] Saved -> agent/checkpoints/per_battle.pth | Win% 47.5 | S0 392.8
Step: 2193408 | EPS: 0.09 | Rew: 1.16 | Win%: 46.5 | S0: 395.5 | FPS: 1950.4 | Var: per
Step: 2194432 | EPS: 0.09 | Rew: 1.20 | Win%: 48.0 | S0: 389.6 | FPS: 1802.7 | Var: per
Step: 2195456 | EPS: 0.09 | Rew: 1.25 | Win%: 48.0 | S0: 385.4 | FPS: 1920.9 | Var: per
Step: 2196480 | EPS: 0.09 | Rew: 1.12 | Win%: 48.5 | S0: 382.9 | FPS: 2013.8 | Var: per
Step: 2197504 | EPS: 0.09 | Rew: 0.91 | Win%: 47.0 | S0: 385.8 | FPS: 1972.6 | Var: per
Step: 2198528 | EPS: 0.09 | Rew: 0.82 | Win%: 47.0 | S0: 391.1 | FPS: 1781.5 | Var: per
Step: 2199552 | EPS: 0.09 | Rew: 0.92 | Win%: 47.5 | S0: 390.5 | FPS: 1897.0 | Var: per
Step: 2200576 | EPS: 0.09 | Rew: 0.82 | Win%: 46.0 | S0: 384.1 | FPS: 1904.2 | Var: per
Step: 2201600 | EPS: 0.09 | Rew: 0.83 | Win%: 46.0 | S0: 395.9 | FPS: 1738.7 | Var: per
Step: 2202624 | EPS: 0.09 | Rew: 0.87 | Win%: 45.5 | S0: 385.9 | FPS: 1932.0 | Var: per
Step: 2203648 | EPS: 0.09 | Rew: 0.99 | Win%: 45.0 | S0: 371.1 | FPS: 1941.4 | Var: per
Step: 2204672 | EPS: 0.09 | Rew: 1.03 | Win%: 47.5 | S0: 360.9 | FPS: 2034.0 | Var: per
Step: 2205696 | EPS: 0.09 | Rew: 0.91 | Win%: 48.0 | S0: 356.3 | FPS: 1929.0 | Var: per
Step: 2206720 | EPS: 0.09 | Rew: 0.94 | Win%: 47.0 | S0: 343.6 | FPS: 1834.4 | Var: per
Step: 2207744 | EPS: 0.09 | Rew: 0.91 | Win%: 47.0 | S0: 345.6 | FPS: 2065.2 | Var: per
Step: 2208768 | EPS: 0.09 | Rew: 0.74 | Win%: 45.5 | S0: 337.8 | FPS: 1974.8 | Var: per
Step: 2209792 | EPS: 0.09 | Rew: 0.64 | Win%: 46.0 | S0: 337.8 | FPS: 1874.0 | Var: per
Step: 2210816 | EPS: 0.09 | Rew: 0.57 | Win%: 46.0 | S0: 334.1 | FPS: 1924.5 | Var: per
Step: 2211840 | EPS: 0.09 | Rew: 0.64 | Win%: 45.5 | S0: 334.1 | FPS: 1846.7 | Var: per
Step: 2212864 | EPS: 0.09 | Rew: 0.69 | Win%: 45.5 | S0: 345.8 | FPS: 1985.7 | Var: per
Step: 2213888 | EPS: 0.09 | Rew: 0.68 | Win%: 43.5 | S0: 325.6 | FPS: 1938.0 | Var: per
Step: 2214912 | EPS: 0.09 | Rew: 0.78 | Win%: 43.5 | S0: 323.9 | FPS: 1880.5 | Var: per
Step: 2215936 | EPS: 0.09 | Rew: 0.92 | Win%: 43.5 | S0: 336.8 | FPS: 2044.9 | Var: per
Step: 2216960 | EPS: 0.09 | Rew: 0.96 | Win%: 43.5 | S0: 346.6 | FPS: 2066.6 | Var: per
Step: 2217984 | EPS: 0.09 | Rew: 0.97 | Win%: 44.0 | S0: 356.6 | FPS: 1793.5 | Var: per
Step: 2219008 | EPS: 0.09 | Rew: 0.94 | Win%: 45.0 | S0: 358.4 | FPS: 1875.7 | Var: per
Step: 2220032 | EPS: 0.09 | Rew: 0.91 | Win%: 43.0 | S0: 352.4 | FPS: 2095.7 | Var: per
Step: 2221056 | EPS: 0.09 | Rew: 0.91 | Win%: 45.0 | S0: 358.9 | FPS: 2019.6 | Var: per
Step: 2222080 | EPS: 0.09 | Rew: 0.70 | Win%: 44.5 | S0: 355.1 | FPS: 1789.2 | Var: per
Step: 2223104 | EPS: 0.09 | Rew: 0.72 | Win%: 47.5 | S0: 352.7 | FPS: 1864.2 | Var: per
Step: 2224128 | EPS: 0.09 | Rew: 0.69 | Win%: 47.0 | S0: 350.4 | FPS: 1990.4 | Var: per
Step: 2225152 | EPS: 0.09 | Rew: 0.72 | Win%: 48.5 | S0: 348.8 | FPS: 1992.4 | Var: per
Step: 2226176 | EPS: 0.09 | Rew: 0.65 | Win%: 45.5 | S0: 327.9 | FPS: 1969.7 | Var: per
Step: 2227200 | EPS: 0.09 | Rew: 0.76 | Win%: 46.0 | S0: 315.8 | FPS: 2110.7 | Var: per
Step: 2228224 | EPS: 0.09 | Rew: 0.75 | Win%: 47.5 | S0: 316.1 | FPS: 2007.7 | Var: per
Step: 2229248 | EPS: 0.09 | Rew: 0.70 | Win%: 47.5 | S0: 301.4 | FPS: 2035.1 | Var: per
Step: 2230272 | EPS: 0.09 | Rew: 0.71 | Win%: 48.0 | S0: 304.4 | FPS: 1973.5 | Var: per
Step: 2231296 | EPS: 0.09 | Rew: 0.82 | Win%: 49.0 | S0: 312.2 | FPS: 2116.5 | Var: per
Step: 2232320 | EPS: 0.09 | Rew: 0.75 | Win%: 49.0 | S0: 314.1 | FPS: 2230.5 | Var: per
Step: 2233344 | EPS: 0.09 | Rew: 0.78 | Win%: 49.0 | S0: 323.2 | FPS: 1905.0 | Var: per
Step: 2234368 | EPS: 0.09 | Rew: 0.78 | Win%: 47.0 | S0: 314.0 | FPS: 1998.8 | Var: per
Step: 2235392 | EPS: 0.09 | Rew: 0.81 | Win%: 49.5 | S0: 327.2 | FPS: 1800.1 | Var: per
Step: 2236416 | EPS: 0.09 | Rew: 0.77 | Win%: 47.0 | S0: 324.4 | FPS: 2067.3 | Var: per
Step: 2237440 | EPS: 0.09 | Rew: 0.75 | Win%: 47.5 | S0: 338.9 | FPS: 1937.7 | Var: per
Step: 2238464 | EPS: 0.08 | Rew: 0.83 | Win%: 45.5 | S0: 342.8 | FPS: 1840.2 | Var: per
Step: 2239488 | EPS: 0.08 | Rew: 0.77 | Win%: 43.5 | S0: 339.9 | FPS: 2103.1 | Var: per
Step: 2240512 | EPS: 0.08 | Rew: 0.81 | Win%: 44.5 | S0: 346.9 | FPS: 1948.2 | Var: per
Step: 2241536 | EPS: 0.08 | Rew: 0.68 | Win%: 44.0 | S0: 339.9 | FPS: 2069.5 | Var: per
Step: 2242560 | EPS: 0.08 | Rew: 0.72 | Win%: 43.5 | S0: 334.5 | FPS: 2056.2 | Var: per
Step: 2243584 | EPS: 0.08 | Rew: 0.61 | Win%: 43.5 | S0: 331.6 | FPS: 1940.3 | Var: per
Step: 2244608 | EPS: 0.08 | Rew: 0.67 | Win%: 43.5 | S0: 339.1 | FPS: 2041.5 | Var: per
Step: 2245632 | EPS: 0.08 | Rew: 0.77 | Win%: 44.0 | S0: 338.3 | FPS: 1913.9 | Var: per
Step: 2246656 | EPS: 0.08 | Rew: 0.81 | Win%: 45.0 | S0: 347.6 | FPS: 1736.6 | Var: per
Step: 2247680 | EPS: 0.08 | Rew: 0.95 | Win%: 45.0 | S0: 341.6 | FPS: 1983.8 | Var: per
Step: 2248704 | EPS: 0.08 | Rew: 0.99 | Win%: 47.0 | S0: 355.5 | FPS: 2053.2 | Var: per
Step: 2249728 | EPS: 0.08 | Rew: 1.03 | Win%: 47.5 | S0: 354.4 | FPS: 2055.5 | Var: per
Step: 2250752 | EPS: 0.08 | Rew: 0.94 | Win%: 46.5 | S0: 350.9 | FPS: 1839.9 | Var: per
Step: 2251776 | EPS: 0.08 | Rew: 0.96 | Win%: 47.5 | S0: 367.2 | FPS: 1987.8 | Var: per
Step: 2252800 | EPS: 0.08 | Rew: 0.88 | Win%: 46.5 | S0: 363.6 | FPS: 1948.9 | Var: per
Step: 2253824 | EPS: 0.08 | Rew: 0.78 | Win%: 45.0 | S0: 360.6 | FPS: 1847.9 | Var: per
Step: 2254848 | EPS: 0.08 | Rew: 0.73 | Win%: 44.5 | S0: 370.6 | FPS: 1756.9 | Var: per
Step: 2255872 | EPS: 0.08 | Rew: 0.77 | Win%: 44.5 | S0: 372.4 | FPS: 1924.8 | Var: per
Step: 2256896 | EPS: 0.08 | Rew: 0.86 | Win%: 45.5 | S0: 373.6 | FPS: 1908.3 | Var: per
Step: 2257920 | EPS: 0.08 | Rew: 0.95 | Win%: 46.5 | S0: 376.8 | FPS: 1714.0 | Var: per
Step: 2258944 | EPS: 0.08 | Rew: 0.85 | Win%: 44.5 | S0: 364.5 | FPS: 1868.4 | Var: per
Step: 2259968 | EPS: 0.08 | Rew: 0.93 | Win%: 45.0 | S0: 364.7 | FPS: 2020.2 | Var: per
Step: 2260992 | EPS: 0.08 | Rew: 0.90 | Win%: 42.5 | S0: 354.4 | FPS: 1989.2 | Var: per
Step: 2262016 | EPS: 0.08 | Rew: 0.93 | Win%: 43.0 | S0: 346.8 | FPS: 2015.5 | Var: per
Step: 2263040 | EPS: 0.08 | Rew: 0.90 | Win%: 43.5 | S0: 342.9 | FPS: 2103.7 | Var: per
Step: 2264064 | EPS: 0.08 | Rew: 0.88 | Win%: 47.0 | S0: 364.7 | FPS: 1978.1 | Var: per
Step: 2265088 | EPS: 0.08 | Rew: 0.82 | Win%: 45.5 | S0: 338.9 | FPS: 1994.1 | Var: per
Step: 2266112 | EPS: 0.08 | Rew: 0.86 | Win%: 47.0 | S0: 353.8 | FPS: 1838.6 | Var: per
Step: 2267136 | EPS: 0.08 | Rew: 0.90 | Win%: 48.0 | S0: 345.9 | FPS: 2011.4 | Var: per
Step: 2268160 | EPS: 0.08 | Rew: 0.96 | Win%: 50.0 | S0: 359.6 | FPS: 1904.7 | Var: per
Step: 2269184 | EPS: 0.08 | Rew: 0.90 | Win%: 48.0 | S0: 350.4 | FPS: 1943.1 | Var: per
Step: 2270208 | EPS: 0.08 | Rew: 0.82 | Win%: 47.5 | S0: 345.9 | FPS: 1846.9 | Var: per
Step: 2271232 | EPS: 0.08 | Rew: 0.85 | Win%: 47.0 | S0: 346.9 | FPS: 1854.9 | Var: per
Step: 2272256 | EPS: 0.08 | Rew: 0.87 | Win%: 48.0 | S0: 350.4 | FPS: 1883.5 | Var: per
Step: 2273280 | EPS: 0.08 | Rew: 0.93 | Win%: 49.0 | S0: 359.8 | FPS: 1950.9 | Var: per
Step: 2274304 | EPS: 0.08 | Rew: 0.82 | Win%: 48.0 | S0: 349.3 | FPS: 1846.2 | Var: per
Step: 2275328 | EPS: 0.08 | Rew: 0.94 | Win%: 48.0 | S0: 356.5 | FPS: 1754.6 | Var: per
Step: 2276352 | EPS: 0.08 | Rew: 1.03 | Win%: 48.5 | S0: 361.9 | FPS: 1884.0 | Var: per
Step: 2277376 | EPS: 0.08 | Rew: 1.07 | Win%: 48.5 | S0: 379.8 | FPS: 1918.1 | Var: per
Step: 2278400 | EPS: 0.08 | Rew: 1.18 | Win%: 50.5 | S0: 387.9 | FPS: 2000.8 | Var: per
>>> [Best] Saved -> agent/checkpoints/per_battle.pth | Win% 50.5 | S0 387.9
Step: 2279424 | EPS: 0.08 | Rew: 1.23 | Win%: 51.5 | S0: 399.6 | FPS: 1962.9 | Var: per
>>> [Best] Saved -> agent/checkpoints/per_battle.pth | Win% 51.5 | S0 399.6
Step: 2280448 | EPS: 0.08 | Rew: 1.24 | Win%: 51.0 | S0: 390.8 | FPS: 1940.6 | Var: per
Step: 2281472 | EPS: 0.08 | Rew: 1.10 | Win%: 50.0 | S0: 378.6 | FPS: 2119.0 | Var: per
Step: 2282496 | EPS: 0.08 | Rew: 1.16 | Win%: 52.0 | S0: 389.1 | FPS: 1673.8 | Var: per
Step: 2283520 | EPS: 0.08 | Rew: 1.18 | Win%: 53.0 | S0: 394.1 | FPS: 1917.1 | Var: per
Step: 2284544 | EPS: 0.08 | Rew: 1.14 | Win%: 55.0 | S0: 410.2 | FPS: 2001.2 | Var: per
>>> [Best] Saved -> agent/checkpoints/per_battle.pth | Win% 55.0 | S0 410.2
Step: 2285568 | EPS: 0.08 | Rew: 1.16 | Win%: 54.5 | S0: 412.0 | FPS: 1949.3 | Var: per
Step: 2286592 | EPS: 0.08 | Rew: 1.10 | Win%: 54.0 | S0: 410.1 | FPS: 1859.5 | Var: per
Step: 2287616 | EPS: 0.08 | Rew: 1.12 | Win%: 53.0 | S0: 402.2 | FPS: 1919.3 | Var: per
Step: 2288640 | EPS: 0.08 | Rew: 1.09 | Win%: 53.5 | S0: 401.8 | FPS: 1897.8 | Var: per
Step: 2289664 | EPS: 0.08 | Rew: 0.98 | Win%: 52.5 | S0: 394.6 | FPS: 1960.6 | Var: per
Step: 2290688 | EPS: 0.08 | Rew: 0.93 | Win%: 51.5 | S0: 368.9 | FPS: 1905.4 | Var: per
Step: 2291712 | EPS: 0.08 | Rew: 0.90 | Win%: 52.5 | S0: 374.2 | FPS: 1942.1 | Var: per
Step: 2292736 | EPS: 0.08 | Rew: 1.01 | Win%: 52.0 | S0: 372.5 | FPS: 2024.2 | Var: per
Step: 2293760 | EPS: 0.08 | Rew: 0.99 | Win%: 50.0 | S0: 363.9 | FPS: 1988.4 | Var: per
Step: 2294784 | EPS: 0.08 | Rew: 0.91 | Win%: 50.0 | S0: 366.9 | FPS: 1830.0 | Var: per
Step: 2295808 | EPS: 0.08 | Rew: 1.03 | Win%: 50.0 | S0: 360.8 | FPS: 2066.2 | Var: per
Step: 2296832 | EPS: 0.08 | Rew: 1.07 | Win%: 49.5 | S0: 358.8 | FPS: 2040.3 | Var: per
Step: 2297856 | EPS: 0.08 | Rew: 1.01 | Win%: 50.0 | S0: 353.0 | FPS: 1970.4 | Var: per
Step: 2298880 | EPS: 0.08 | Rew: 0.90 | Win%: 49.0 | S0: 346.3 | FPS: 1786.3 | Var: per
Step: 2299904 | EPS: 0.08 | Rew: 1.08 | Win%: 51.0 | S0: 358.3 | FPS: 1985.6 | Var: per
Step: 2300928 | EPS: 0.08 | Rew: 1.08 | Win%: 51.0 | S0: 360.1 | FPS: 2022.7 | Var: per
Step: 2301952 | EPS: 0.08 | Rew: 1.22 | Win%: 52.5 | S0: 373.3 | FPS: 1946.7 | Var: per
Step: 2302976 | EPS: 0.08 | Rew: 1.23 | Win%: 54.0 | S0: 383.8 | FPS: 1629.4 | Var: per
Step: 2304000 | EPS: 0.08 | Rew: 1.20 | Win%: 52.0 | S0: 373.9 | FPS: 1796.7 | Var: per
Step: 2305024 | EPS: 0.08 | Rew: 1.11 | Win%: 50.0 | S0: 367.4 | FPS: 2032.8 | Var: per
Step: 2306048 | EPS: 0.08 | Rew: 1.04 | Win%: 50.0 | S0: 368.1 | FPS: 1978.7 | Var: per
Step: 2307072 | EPS: 0.08 | Rew: 1.01 | Win%: 51.0 | S0: 368.2 | FPS: 1773.5 | Var: per
Step: 2308096 | EPS: 0.08 | Rew: 0.87 | Win%: 50.0 | S0: 373.1 | FPS: 1997.5 | Var: per
Step: 2309120 | EPS: 0.08 | Rew: 0.76 | Win%: 49.5 | S0: 365.7 | FPS: 1814.8 | Var: per
Step: 2310144 | EPS: 0.07 | Rew: 0.86 | Win%: 50.0 | S0: 367.8 | FPS: 1757.3 | Var: per
Step: 2311168 | EPS: 0.07 | Rew: 0.92 | Win%: 49.0 | S0: 369.3 | FPS: 2068.7 | Var: per
Step: 2312192 | EPS: 0.07 | Rew: 0.90 | Win%: 46.0 | S0: 360.1 | FPS: 2008.1 | Var: per
Step: 2313216 | EPS: 0.07 | Rew: 0.90 | Win%: 46.0 | S0: 355.3 | FPS: 1840.5 | Var: per
Step: 2314240 | EPS: 0.07 | Rew: 0.82 | Win%: 43.0 | S0: 337.1 | FPS: 1665.5 | Var: per
Step: 2315264 | EPS: 0.07 | Rew: 0.97 | Win%: 42.5 | S0: 335.7 | FPS: 2112.9 | Var: per
Step: 2316288 | EPS: 0.07 | Rew: 1.07 | Win%: 43.5 | S0: 351.9 | FPS: 2105.5 | Var: per
Step: 2317312 | EPS: 0.07 | Rew: 1.04 | Win%: 44.5 | S0: 354.9 | FPS: 1994.1 | Var: per
Step: 2318336 | EPS: 0.07 | Rew: 1.18 | Win%: 45.0 | S0: 375.1 | FPS: 1764.5 | Var: per
Step: 2319360 | EPS: 0.07 | Rew: 1.26 | Win%: 47.0 | S0: 379.2 | FPS: 2394.7 | Var: per
Step: 2320384 | EPS: 0.07 | Rew: 1.19 | Win%: 45.5 | S0: 385.1 | FPS: 2073.1 | Var: per
Step: 2321408 | EPS: 0.07 | Rew: 1.29 | Win%: 45.5 | S0: 384.8 | FPS: 2033.2 | Var: per
Step: 2322432 | EPS: 0.07 | Rew: 1.39 | Win%: 45.5 | S0: 397.5 | FPS: 1721.9 | Var: per
Step: 2323456 | EPS: 0.07 | Rew: 1.20 | Win%: 45.5 | S0: 401.4 | FPS: 1913.8 | Var: per
Step: 2324480 | EPS: 0.07 | Rew: 1.10 | Win%: 45.0 | S0: 401.2 | FPS: 2089.3 | Var: per
Step: 2325504 | EPS: 0.07 | Rew: 1.02 | Win%: 44.5 | S0: 397.9 | FPS: 1982.2 | Var: per
Step: 2326528 | EPS: 0.07 | Rew: 0.98 | Win%: 46.5 | S0: 389.6 | FPS: 1799.0 | Var: per
Step: 2327552 | EPS: 0.07 | Rew: 0.97 | Win%: 46.5 | S0: 389.9 | FPS: 1956.0 | Var: per
Step: 2328576 | EPS: 0.07 | Rew: 1.07 | Win%: 48.5 | S0: 410.5 | FPS: 2041.3 | Var: per
Step: 2329600 | EPS: 0.07 | Rew: 0.91 | Win%: 48.5 | S0: 401.6 | FPS: 1977.8 | Var: per
Step: 2330624 | EPS: 0.07 | Rew: 1.06 | Win%: 48.5 | S0: 395.8 | FPS: 1934.8 | Var: per
Step: 2331648 | EPS: 0.07 | Rew: 1.08 | Win%: 49.0 | S0: 382.9 | FPS: 1984.8 | Var: per
Step: 2332672 | EPS: 0.07 | Rew: 1.05 | Win%: 47.5 | S0: 377.8 | FPS: 2100.7 | Var: per
Step: 2333696 | EPS: 0.07 | Rew: 0.96 | Win%: 46.5 | S0: 375.4 | FPS: 2031.7 | Var: per
Step: 2334720 | EPS: 0.07 | Rew: 0.97 | Win%: 46.5 | S0: 359.5 | FPS: 2023.2 | Var: per
Step: 2335744 | EPS: 0.07 | Rew: 0.91 | Win%: 47.0 | S0: 362.9 | FPS: 1990.4 | Var: per
Step: 2336768 | EPS: 0.07 | Rew: 0.92 | Win%: 46.5 | S0: 358.6 | FPS: 2035.4 | Var: per
Step: 2337792 | EPS: 0.07 | Rew: 0.84 | Win%: 47.0 | S0: 358.1 | FPS: 2022.3 | Var: per
Step: 2338816 | EPS: 0.07 | Rew: 0.93 | Win%: 48.0 | S0: 364.3 | FPS: 2063.1 | Var: per
Step: 2339840 | EPS: 0.07 | Rew: 0.88 | Win%: 45.5 | S0: 358.9 | FPS: 1897.1 | Var: per
Step: 2340864 | EPS: 0.07 | Rew: 0.93 | Win%: 45.5 | S0: 360.5 | FPS: 1920.3 | Var: per
Step: 2341888 | EPS: 0.07 | Rew: 0.93 | Win%: 45.5 | S0: 366.6 | FPS: 2007.0 | Var: per
Step: 2342912 | EPS: 0.07 | Rew: 0.95 | Win%: 45.0 | S0: 352.6 | FPS: 2015.1 | Var: per
Step: 2343936 | EPS: 0.07 | Rew: 1.18 | Win%: 47.0 | S0: 363.6 | FPS: 2107.2 | Var: per
Step: 2344960 | EPS: 0.07 | Rew: 1.05 | Win%: 46.5 | S0: 358.3 | FPS: 2065.9 | Var: per
Step: 2345984 | EPS: 0.07 | Rew: 1.05 | Win%: 46.5 | S0: 359.4 | FPS: 2079.4 | Var: per
Step: 2347008 | EPS: 0.07 | Rew: 1.15 | Win%: 48.0 | S0: 363.1 | FPS: 1890.8 | Var: per
Step: 2348032 | EPS: 0.07 | Rew: 1.06 | Win%: 47.5 | S0: 361.9 | FPS: 1945.1 | Var: per
Step: 2349056 | EPS: 0.07 | Rew: 1.06 | Win%: 47.5 | S0: 365.9 | FPS: 1917.2 | Var: per
Step: 2350080 | EPS: 0.07 | Rew: 1.15 | Win%: 48.5 | S0: 366.8 | FPS: 1929.4 | Var: per
Step: 2351104 | EPS: 0.07 | Rew: 1.01 | Win%: 49.0 | S0: 370.4 | FPS: 1681.5 | Var: per
Step: 2352128 | EPS: 0.07 | Rew: 0.92 | Win%: 47.0 | S0: 356.9 | FPS: 2028.8 | Var: per
Step: 2353152 | EPS: 0.07 | Rew: 0.90 | Win%: 48.5 | S0: 367.1 | FPS: 2026.3 | Var: per
Step: 2354176 | EPS: 0.07 | Rew: 1.00 | Win%: 48.0 | S0: 368.2 | FPS: 2015.4 | Var: per
Step: 2355200 | EPS: 0.07 | Rew: 0.95 | Win%: 47.0 | S0: 356.1 | FPS: 1918.5 | Var: per
Step: 2356224 | EPS: 0.07 | Rew: 0.96 | Win%: 47.0 | S0: 364.1 | FPS: 1942.4 | Var: per
Step: 2357248 | EPS: 0.07 | Rew: 0.89 | Win%: 44.0 | S0: 348.1 | FPS: 1993.6 | Var: per
Step: 2358272 | EPS: 0.07 | Rew: 0.93 | Win%: 46.0 | S0: 367.4 | FPS: 1901.3 | Var: per
Step: 2359296 | EPS: 0.07 | Rew: 0.99 | Win%: 43.5 | S0: 360.6 | FPS: 1962.9 | Var: per
Step: 2360320 | EPS: 0.07 | Rew: 0.96 | Win%: 45.0 | S0: 365.4 | FPS: 1778.5 | Var: per
Step: 2361344 | EPS: 0.07 | Rew: 1.09 | Win%: 45.5 | S0: 371.2 | FPS: 1830.6 | Var: per
Step: 2362368 | EPS: 0.07 | Rew: 1.00 | Win%: 45.0 | S0: 359.1 | FPS: 1999.1 | Var: per
Step: 2363392 | EPS: 0.07 | Rew: 1.01 | Win%: 46.0 | S0: 361.3 | FPS: 1698.3 | Var: per
Step: 2364416 | EPS: 0.07 | Rew: 0.83 | Win%: 46.0 | S0: 357.6 | FPS: 1972.7 | Var: per
Step: 2365440 | EPS: 0.07 | Rew: 0.80 | Win%: 44.5 | S0: 346.1 | FPS: 1987.6 | Var: per
Step: 2366464 | EPS: 0.07 | Rew: 0.97 | Win%: 47.5 | S0: 363.1 | FPS: 1938.0 | Var: per
Step: 2367488 | EPS: 0.07 | Rew: 1.07 | Win%: 47.0 | S0: 371.9 | FPS: 1739.1 | Var: per
Step: 2368512 | EPS: 0.07 | Rew: 1.08 | Win%: 48.5 | S0: 370.8 | FPS: 1962.9 | Var: per
Step: 2369536 | EPS: 0.07 | Rew: 1.05 | Win%: 48.5 | S0: 364.9 | FPS: 2058.5 | Var: per
Step: 2370560 | EPS: 0.07 | Rew: 1.29 | Win%: 51.0 | S0: 366.4 | FPS: 1927.8 | Var: per
Step: 2371584 | EPS: 0.07 | Rew: 1.29 | Win%: 50.5 | S0: 369.6 | FPS: 1634.4 | Var: per
Step: 2372608 | EPS: 0.07 | Rew: 1.16 | Win%: 50.0 | S0: 367.9 | FPS: 1983.5 | Var: per
Step: 2373632 | EPS: 0.07 | Rew: 1.08 | Win%: 49.5 | S0: 366.2 | FPS: 1928.9 | Var: per
Step: 2374656 | EPS: 0.07 | Rew: 0.85 | Win%: 47.5 | S0: 348.7 | FPS: 2049.6 | Var: per
Step: 2375680 | EPS: 0.07 | Rew: 0.84 | Win%: 50.5 | S0: 359.1 | FPS: 2001.8 | Var: per
Step: 2376704 | EPS: 0.07 | Rew: 0.93 | Win%: 51.5 | S0: 374.5 | FPS: 1926.0 | Var: per
Step: 2377728 | EPS: 0.07 | Rew: 0.96 | Win%: 51.5 | S0: 378.8 | FPS: 1889.8 | Var: per
Step: 2378752 | EPS: 0.07 | Rew: 0.98 | Win%: 50.5 | S0: 369.6 | FPS: 1913.4 | Var: per
Step: 2379776 | EPS: 0.07 | Rew: 1.13 | Win%: 51.0 | S0: 371.6 | FPS: 2059.0 | Var: per
Step: 2380800 | EPS: 0.06 | Rew: 1.04 | Win%: 50.0 | S0: 364.2 | FPS: 2023.1 | Var: per
Step: 2381824 | EPS: 0.06 | Rew: 1.08 | Win%: 48.0 | S0: 356.8 | FPS: 2211.3 | Var: per
Step: 2382848 | EPS: 0.06 | Rew: 0.97 | Win%: 46.0 | S0: 356.9 | FPS: 2050.0 | Var: per
Step: 2383872 | EPS: 0.06 | Rew: 0.92 | Win%: 47.0 | S0: 368.1 | FPS: 2008.9 | Var: per
Step: 2384896 | EPS: 0.06 | Rew: 0.97 | Win%: 47.0 | S0: 366.4 | FPS: 2141.8 | Var: per
Step: 2385920 | EPS: 0.06 | Rew: 0.85 | Win%: 44.5 | S0: 375.6 | FPS: 2156.6 | Var: per
Step: 2386944 | EPS: 0.06 | Rew: 0.86 | Win%: 46.0 | S0: 385.8 | FPS: 2125.6 | Var: per
Step: 2387968 | EPS: 0.06 | Rew: 1.03 | Win%: 43.0 | S0: 394.2 | FPS: 2033.0 | Var: per
Step: 2388992 | EPS: 0.06 | Rew: 1.03 | Win%: 45.0 | S0: 395.7 | FPS: 1847.5 | Var: per
Step: 2390016 | EPS: 0.06 | Rew: 0.98 | Win%: 45.0 | S0: 392.8 | FPS: 2002.1 | Var: per
Step: 2391040 | EPS: 0.06 | Rew: 1.00 | Win%: 45.5 | S0: 380.6 | FPS: 1899.8 | Var: per
Step: 2392064 | EPS: 0.06 | Rew: 1.15 | Win%: 44.5 | S0: 387.9 | FPS: 1938.4 | Var: per
Step: 2393088 | EPS: 0.06 | Rew: 1.19 | Win%: 45.5 | S0: 394.1 | FPS: 2066.0 | Var: per
Step: 2394112 | EPS: 0.06 | Rew: 1.08 | Win%: 44.5 | S0: 391.5 | FPS: 2037.6 | Var: per
Step: 2395136 | EPS: 0.06 | Rew: 1.13 | Win%: 44.5 | S0: 391.1 | FPS: 2006.4 | Var: per
Step: 2396160 | EPS: 0.06 | Rew: 1.17 | Win%: 46.0 | S0: 387.2 | FPS: 1878.2 | Var: per
Step: 2397184 | EPS: 0.06 | Rew: 1.29 | Win%: 46.0 | S0: 385.9 | FPS: 2180.6 | Var: per
Step: 2398208 | EPS: 0.06 | Rew: 1.31 | Win%: 48.5 | S0: 391.1 | FPS: 1962.7 | Var: per
Step: 2399232 | EPS: 0.06 | Rew: 1.32 | Win%: 50.5 | S0: 394.1 | FPS: 2037.2 | Var: per
Step: 2400256 | EPS: 0.06 | Rew: 1.32 | Win%: 49.5 | S0: 374.2 | FPS: 1981.7 | Var: per
Step: 2401280 | EPS: 0.06 | Rew: 1.28 | Win%: 49.5 | S0: 376.6 | FPS: 1926.9 | Var: per
Step: 2402304 | EPS: 0.06 | Rew: 1.30 | Win%: 49.5 | S0: 384.1 | FPS: 1949.2 | Var: per
Step: 2403328 | EPS: 0.06 | Rew: 1.15 | Win%: 47.5 | S0: 376.4 | FPS: 1988.0 | Var: per
Step: 2404352 | EPS: 0.06 | Rew: 1.09 | Win%: 47.0 | S0: 375.8 | FPS: 1899.2 | Var: per
Step: 2405376 | EPS: 0.06 | Rew: 1.10 | Win%: 48.0 | S0: 383.1 | FPS: 2065.0 | Var: per
Step: 2406400 | EPS: 0.06 | Rew: 1.12 | Win%: 48.5 | S0: 377.6 | FPS: 2002.9 | Var: per
Step: 2407424 | EPS: 0.06 | Rew: 1.13 | Win%: 50.5 | S0: 383.8 | FPS: 1851.2 | Var: per
Step: 2408448 | EPS: 0.06 | Rew: 1.23 | Win%: 50.0 | S0: 391.9 | FPS: 1983.0 | Var: per
Step: 2409472 | EPS: 0.06 | Rew: 1.15 | Win%: 48.0 | S0: 381.0 | FPS: 2041.4 | Var: per
Step: 2410496 | EPS: 0.06 | Rew: 1.18 | Win%: 47.5 | S0: 382.2 | FPS: 2033.9 | Var: per
Step: 2411520 | EPS: 0.06 | Rew: 1.17 | Win%: 47.0 | S0: 385.8 | FPS: 2050.3 | Var: per
Step: 2412544 | EPS: 0.06 | Rew: 1.18 | Win%: 48.0 | S0: 387.9 | FPS: 2022.8 | Var: per
Step: 2413568 | EPS: 0.06 | Rew: 1.19 | Win%: 48.0 | S0: 393.0 | FPS: 2002.3 | Var: per
Step: 2414592 | EPS: 0.06 | Rew: 1.18 | Win%: 47.0 | S0: 391.1 | FPS: 1993.6 | Var: per
Step: 2415616 | EPS: 0.06 | Rew: 1.34 | Win%: 49.0 | S0: 406.1 | FPS: 2063.2 | Var: per
Step: 2416640 | EPS: 0.06 | Rew: 1.23 | Win%: 47.5 | S0: 401.9 | FPS: 1849.0 | Var: per
Step: 2417664 | EPS: 0.06 | Rew: 1.23 | Win%: 47.5 | S0: 394.7 | FPS: 2058.9 | Var: per
Step: 2418688 | EPS: 0.06 | Rew: 1.14 | Win%: 48.5 | S0: 394.7 | FPS: 2088.4 | Var: per
Step: 2419712 | EPS: 0.06 | Rew: 1.20 | Win%: 49.0 | S0: 389.3 | FPS: 2069.7 | Var: per
Step: 2420736 | EPS: 0.06 | Rew: 1.22 | Win%: 47.5 | S0: 385.4 | FPS: 2002.8 | Var: per
Step: 2421760 | EPS: 0.06 | Rew: 1.06 | Win%: 48.0 | S0: 392.4 | FPS: 2036.4 | Var: per
Step: 2422784 | EPS: 0.06 | Rew: 1.04 | Win%: 46.0 | S0: 386.9 | FPS: 1871.4 | Var: per
Step: 2423808 | EPS: 0.06 | Rew: 1.11 | Win%: 47.0 | S0: 387.4 | FPS: 1962.3 | Var: per
Step: 2424832 | EPS: 0.06 | Rew: 0.96 | Win%: 45.5 | S0: 375.2 | FPS: 1873.9 | Var: per
Step: 2425856 | EPS: 0.06 | Rew: 0.93 | Win%: 45.0 | S0: 364.6 | FPS: 1893.7 | Var: per
Step: 2426880 | EPS: 0.06 | Rew: 0.84 | Win%: 45.0 | S0: 364.3 | FPS: 1941.1 | Var: per
Step: 2427904 | EPS: 0.06 | Rew: 0.82 | Win%: 44.5 | S0: 351.5 | FPS: 1967.1 | Var: per
Step: 2428928 | EPS: 0.06 | Rew: 0.77 | Win%: 43.0 | S0: 339.8 | FPS: 1941.3 | Var: per
Step: 2429952 | EPS: 0.06 | Rew: 0.88 | Win%: 43.5 | S0: 351.2 | FPS: 2040.8 | Var: per
Step: 2430976 | EPS: 0.06 | Rew: 1.03 | Win%: 45.0 | S0: 366.9 | FPS: 1992.0 | Var: per
Step: 2432000 | EPS: 0.06 | Rew: 1.16 | Win%: 46.5 | S0: 372.8 | FPS: 1922.1 | Var: per
Step: 2433024 | EPS: 0.06 | Rew: 1.22 | Win%: 46.5 | S0: 378.4 | FPS: 1717.5 | Var: per
Step: 2434048 | EPS: 0.06 | Rew: 1.40 | Win%: 47.0 | S0: 384.1 | FPS: 1913.9 | Var: per
Step: 2435072 | EPS: 0.06 | Rew: 1.50 | Win%: 48.5 | S0: 384.6 | FPS: 1997.9 | Var: per
Step: 2436096 | EPS: 0.06 | Rew: 1.43 | Win%: 50.5 | S0: 385.0 | FPS: 1936.5 | Var: per
Step: 2437120 | EPS: 0.06 | Rew: 1.22 | Win%: 48.5 | S0: 368.4 | FPS: 2041.6 | Var: per
Step: 2438144 | EPS: 0.06 | Rew: 1.30 | Win%: 50.5 | S0: 399.2 | FPS: 1977.7 | Var: per
Step: 2439168 | EPS: 0.06 | Rew: 1.32 | Win%: 51.5 | S0: 403.5 | FPS: 1821.2 | Var: per
Step: 2440192 | EPS: 0.06 | Rew: 1.43 | Win%: 57.5 | S0: 440.9 | FPS: 1886.1 | Var: per
>>> [Best] Saved -> agent/checkpoints/per_battle.pth | Win% 57.5 | S0 440.9
Step: 2441216 | EPS: 0.06 | Rew: 1.59 | Win%: 59.0 | S0: 460.4 | FPS: 1764.7 | Var: per
>>> [Best] Saved -> agent/checkpoints/per_battle.pth | Win% 59.0 | S0 460.4
Step: 2442240 | EPS: 0.06 | Rew: 1.60 | Win%: 59.5 | S0: 472.2 | FPS: 1962.0 | Var: per
>>> [Best] Saved -> agent/checkpoints/per_battle.pth | Win% 59.5 | S0 472.2
Step: 2443264 | EPS: 0.06 | Rew: 1.73 | Win%: 57.5 | S0: 451.6 | FPS: 1879.1 | Var: per
Step: 2444288 | EPS: 0.06 | Rew: 1.53 | Win%: 57.0 | S0: 453.9 | FPS: 2035.9 | Var: per
Step: 2445312 | EPS: 0.06 | Rew: 1.54 | Win%: 58.5 | S0: 463.5 | FPS: 1899.9 | Var: per
Step: 2446336 | EPS: 0.06 | Rew: 1.24 | Win%: 57.5 | S0: 450.9 | FPS: 2007.7 | Var: per
Step: 2447360 | EPS: 0.06 | Rew: 1.07 | Win%: 55.5 | S0: 447.4 | FPS: 1913.2 | Var: per
Step: 2448384 | EPS: 0.06 | Rew: 1.14 | Win%: 57.5 | S0: 454.5 | FPS: 2067.0 | Var: per
Step: 2449408 | EPS: 0.06 | Rew: 1.16 | Win%: 59.0 | S0: 447.3 | FPS: 1920.1 | Var: per
Step: 2450432 | EPS: 0.06 | Rew: 1.16 | Win%: 58.5 | S0: 436.6 | FPS: 1937.8 | Var: per
Step: 2451456 | EPS: 0.05 | Rew: 1.03 | Win%: 54.5 | S0: 399.8 | FPS: 1898.5 | Var: per
Step: 2452480 | EPS: 0.05 | Rew: 1.07 | Win%: 52.5 | S0: 400.2 | FPS: 1785.4 | Var: per
Step: 2453504 | EPS: 0.05 | Rew: 1.11 | Win%: 51.0 | S0: 377.1 | FPS: 1909.0 | Var: per
Step: 2454528 | EPS: 0.05 | Rew: 1.23 | Win%: 52.5 | S0: 376.4 | FPS: 1958.1 | Var: per
Step: 2455552 | EPS: 0.05 | Rew: 1.15 | Win%: 53.5 | S0: 378.6 | FPS: 2026.1 | Var: per
Step: 2456576 | EPS: 0.05 | Rew: 1.27 | Win%: 54.0 | S0: 387.2 | FPS: 1910.4 | Var: per
Step: 2457600 | EPS: 0.05 | Rew: 1.43 | Win%: 53.0 | S0: 392.8 | FPS: 1718.1 | Var: per
Step: 2458624 | EPS: 0.05 | Rew: 1.52 | Win%: 53.0 | S0: 412.8 | FPS: 1991.1 | Var: per
Step: 2459648 | EPS: 0.05 | Rew: 1.49 | Win%: 53.5 | S0: 411.9 | FPS: 2000.2 | Var: per
Step: 2460672 | EPS: 0.05 | Rew: 1.36 | Win%: 51.0 | S0: 407.1 | FPS: 1969.0 | Var: per
Step: 2461696 | EPS: 0.05 | Rew: 1.35 | Win%: 51.0 | S0: 412.0 | FPS: 2092.6 | Var: per
Step: 2462720 | EPS: 0.05 | Rew: 1.34 | Win%: 50.0 | S0: 411.1 | FPS: 2032.2 | Var: per
Step: 2463744 | EPS: 0.05 | Rew: 1.40 | Win%: 51.0 | S0: 419.1 | FPS: 2002.8 | Var: per
Step: 2464768 | EPS: 0.05 | Rew: 1.40 | Win%: 53.0 | S0: 433.0 | FPS: 1900.1 | Var: per
Step: 2465792 | EPS: 0.05 | Rew: 1.37 | Win%: 54.0 | S0: 431.2 | FPS: 1773.0 | Var: per
Step: 2466816 | EPS: 0.05 | Rew: 1.55 | Win%: 54.0 | S0: 428.2 | FPS: 1831.5 | Var: per
Step: 2467840 | EPS: 0.05 | Rew: 1.30 | Win%: 51.0 | S0: 411.6 | FPS: 2067.6 | Var: per
Step: 2468864 | EPS: 0.05 | Rew: 1.21 | Win%: 50.5 | S0: 402.2 | FPS: 1961.4 | Var: per
Step: 2469888 | EPS: 0.05 | Rew: 0.97 | Win%: 47.5 | S0: 358.9 | FPS: 2044.9 | Var: per
Step: 2470912 | EPS: 0.05 | Rew: 0.89 | Win%: 48.5 | S0: 355.4 | FPS: 2046.9 | Var: per
Step: 2471936 | EPS: 0.05 | Rew: 1.00 | Win%: 51.0 | S0: 383.7 | FPS: 1935.7 | Var: per
Step: 2472960 | EPS: 0.05 | Rew: 0.96 | Win%: 50.0 | S0: 380.9 | FPS: 1953.8 | Var: per
Step: 2473984 | EPS: 0.05 | Rew: 1.06 | Win%: 50.0 | S0: 377.5 | FPS: 1977.7 | Var: per
Step: 2475008 | EPS: 0.05 | Rew: 1.18 | Win%: 49.5 | S0: 385.8 | FPS: 1938.2 | Var: per
Step: 2476032 | EPS: 0.05 | Rew: 1.20 | Win%: 48.5 | S0: 376.4 | FPS: 1998.9 | Var: per
Step: 2477056 | EPS: 0.05 | Rew: 1.26 | Win%: 48.5 | S0: 372.6 | FPS: 1974.9 | Var: per
Step: 2478080 | EPS: 0.05 | Rew: 1.35 | Win%: 51.0 | S0: 379.1 | FPS: 2073.8 | Var: per
Step: 2479104 | EPS: 0.05 | Rew: 1.29 | Win%: 48.5 | S0: 381.6 | FPS: 1949.9 | Var: per
Step: 2480128 | EPS: 0.05 | Rew: 1.33 | Win%: 48.0 | S0: 393.4 | FPS: 1789.3 | Var: per
Step: 2481152 | EPS: 0.05 | Rew: 1.15 | Win%: 47.5 | S0: 394.8 | FPS: 1945.8 | Var: per
Step: 2482176 | EPS: 0.05 | Rew: 1.10 | Win%: 46.0 | S0: 390.8 | FPS: 1954.3 | Var: per
Step: 2483200 | EPS: 0.05 | Rew: 1.18 | Win%: 48.5 | S0: 402.7 | FPS: 1961.5 | Var: per
Step: 2484224 | EPS: 0.05 | Rew: 1.19 | Win%: 47.5 | S0: 409.1 | FPS: 1961.6 | Var: per
Step: 2485248 | EPS: 0.05 | Rew: 1.11 | Win%: 46.5 | S0: 391.9 | FPS: 1708.0 | Var: per
Step: 2486272 | EPS: 0.05 | Rew: 1.09 | Win%: 47.5 | S0: 394.1 | FPS: 1973.3 | Var: per
Step: 2487296 | EPS: 0.05 | Rew: 1.15 | Win%: 47.0 | S0: 400.8 | FPS: 1828.4 | Var: per
Step: 2488320 | EPS: 0.05 | Rew: 1.04 | Win%: 45.0 | S0: 382.4 | FPS: 1918.5 | Var: per
Step: 2489344 | EPS: 0.05 | Rew: 1.07 | Win%: 46.0 | S0: 380.6 | FPS: 2066.2 | Var: per
Step: 2490368 | EPS: 0.05 | Rew: 1.01 | Win%: 46.5 | S0: 383.7 | FPS: 1978.6 | Var: per
Step: 2491392 | EPS: 0.05 | Rew: 1.17 | Win%: 44.0 | S0: 391.9 | FPS: 2022.3 | Var: per
Step: 2492416 | EPS: 0.05 | Rew: 1.21 | Win%: 45.0 | S0: 390.0 | FPS: 1901.5 | Var: per
Step: 2493440 | EPS: 0.05 | Rew: 1.37 | Win%: 47.5 | S0: 400.3 | FPS: 2000.1 | Var: per
Step: 2494464 | EPS: 0.05 | Rew: 1.35 | Win%: 48.5 | S0: 400.4 | FPS: 2002.8 | Var: per
Step: 2495488 | EPS: 0.05 | Rew: 1.57 | Win%: 50.5 | S0: 421.8 | FPS: 1965.6 | Var: per
Step: 2496512 | EPS: 0.05 | Rew: 1.42 | Win%: 48.0 | S0: 397.8 | FPS: 1885.3 | Var: per
Step: 2497536 | EPS: 0.05 | Rew: 1.39 | Win%: 49.5 | S0: 404.9 | FPS: 1965.8 | Var: per
Step: 2498560 | EPS: 0.05 | Rew: 1.48 | Win%: 53.0 | S0: 438.2 | FPS: 1899.3 | Var: per
Step: 2499584 | EPS: 0.05 | Rew: 1.28 | Win%: 51.0 | S0: 417.3 | FPS: 1936.2 | Var: per
Step: 2500608 | EPS: 0.05 | Rew: 1.33 | Win%: 55.0 | S0: 436.1 | FPS: 1858.9 | Var: per
Step: 2501632 | EPS: 0.05 | Rew: 1.48 | Win%: 54.5 | S0: 438.1 | FPS: 1805.3 | Var: per
Step: 2502656 | EPS: 0.05 | Rew: 1.35 | Win%: 54.0 | S0: 414.9 | FPS: 1919.7 | Var: per
Step: 2503680 | EPS: 0.05 | Rew: 1.31 | Win%: 54.0 | S0: 416.6 | FPS: 1926.8 | Var: per
Step: 2504704 | EPS: 0.05 | Rew: 1.31 | Win%: 53.5 | S0: 420.9 | FPS: 1975.9 | Var: per
Step: 2505728 | EPS: 0.05 | Rew: 1.49 | Win%: 53.5 | S0: 429.9 | FPS: 1986.9 | Var: per
Step: 2506752 | EPS: 0.05 | Rew: 1.29 | Win%: 52.0 | S0: 411.2 | FPS: 2090.3 | Var: per
Step: 2507776 | EPS: 0.05 | Rew: 1.34 | Win%: 54.5 | S0: 429.6 | FPS: 2079.9 | Var: per
Step: 2508800 | EPS: 0.05 | Rew: 1.37 | Win%: 53.0 | S0: 418.2 | FPS: 1939.8 | Var: per
Step: 2509824 | EPS: 0.05 | Rew: 1.30 | Win%: 50.0 | S0: 416.8 | FPS: 1776.6 | Var: per
Step: 2510848 | EPS: 0.05 | Rew: 1.19 | Win%: 48.5 | S0: 411.0 | FPS: 2028.4 | Var: per
Step: 2511872 | EPS: 0.05 | Rew: 1.14 | Win%: 49.0 | S0: 427.6 | FPS: 1979.0 | Var: per
Step: 2512896 | EPS: 0.05 | Rew: 1.20 | Win%: 47.5 | S0: 436.6 | FPS: 1841.8 | Var: per
Step: 2513920 | EPS: 0.05 | Rew: 1.15 | Win%: 44.0 | S0: 431.4 | FPS: 1922.1 | Var: per
Step: 2514944 | EPS: 0.05 | Rew: 1.17 | Win%: 44.5 | S0: 448.8 | FPS: 1909.7 | Var: per
Step: 2515968 | EPS: 0.05 | Rew: 1.27 | Win%: 43.0 | S0: 446.4 | FPS: 1989.8 | Var: per
Step: 2516992 | EPS: 0.05 | Rew: 1.31 | Win%: 44.5 | S0: 450.2 | FPS: 1908.4 | Var: per
Step: 2518016 | EPS: 0.05 | Rew: 1.36 | Win%: 44.0 | S0: 442.6 | FPS: 2023.9 | Var: per
Step: 2519040 | EPS: 0.05 | Rew: 1.30 | Win%: 44.5 | S0: 441.2 | FPS: 2001.4 | Var: per
Step: 2520064 | EPS: 0.05 | Rew: 1.42 | Win%: 45.5 | S0: 447.6 | FPS: 1941.1 | Var: per
Step: 2521088 | EPS: 0.05 | Rew: 1.38 | Win%: 44.5 | S0: 444.7 | FPS: 2001.1 | Var: per
Step: 2522112 | EPS: 0.05 | Rew: 1.38 | Win%: 47.0 | S0: 445.6 | FPS: 1974.1 | Var: per
Step: 2523136 | EPS: 0.04 | Rew: 1.42 | Win%: 49.5 | S0: 453.3 | FPS: 1961.3 | Var: per
Step: 2524160 | EPS: 0.04 | Rew: 1.69 | Win%: 53.5 | S0: 467.2 | FPS: 2009.9 | Var: per
Step: 2525184 | EPS: 0.04 | Rew: 1.63 | Win%: 52.0 | S0: 442.1 | FPS: 2002.9 | Var: per
Step: 2526208 | EPS: 0.04 | Rew: 1.61 | Win%: 54.5 | S0: 440.7 | FPS: 1875.8 | Var: per
Step: 2527232 | EPS: 0.04 | Rew: 1.49 | Win%: 55.5 | S0: 424.4 | FPS: 1916.0 | Var: per
Step: 2528256 | EPS: 0.04 | Rew: 1.48 | Win%: 55.5 | S0: 422.0 | FPS: 1808.1 | Var: per
Step: 2529280 | EPS: 0.04 | Rew: 1.09 | Win%: 53.0 | S0: 405.1 | FPS: 1917.0 | Var: per
Step: 2530304 | EPS: 0.04 | Rew: 0.97 | Win%: 52.5 | S0: 403.9 | FPS: 1843.9 | Var: per
Step: 2531328 | EPS: 0.04 | Rew: 1.07 | Win%: 52.0 | S0: 415.3 | FPS: 2032.0 | Var: per
Step: 2532352 | EPS: 0.04 | Rew: 0.89 | Win%: 50.0 | S0: 396.1 | FPS: 1819.9 | Var: per
Step: 2533376 | EPS: 0.04 | Rew: 1.00 | Win%: 49.5 | S0: 396.2 | FPS: 2030.4 | Var: per
Step: 2534400 | EPS: 0.04 | Rew: 0.95 | Win%: 48.5 | S0: 384.9 | FPS: 1735.2 | Var: per
Step: 2535424 | EPS: 0.04 | Rew: 1.01 | Win%: 43.5 | S0: 364.2 | FPS: 1921.3 | Var: per
Step: 2536448 | EPS: 0.04 | Rew: 1.12 | Win%: 45.0 | S0: 374.2 | FPS: 1862.9 | Var: per
Step: 2537472 | EPS: 0.04 | Rew: 1.20 | Win%: 45.0 | S0: 390.4 | FPS: 1644.9 | Var: per
Step: 2538496 | EPS: 0.04 | Rew: 1.26 | Win%: 45.5 | S0: 400.1 | FPS: 1981.0 | Var: per
Step: 2539520 | EPS: 0.04 | Rew: 1.19 | Win%: 43.5 | S0: 394.1 | FPS: 1830.1 | Var: per
Step: 2540544 | EPS: 0.04 | Rew: 1.21 | Win%: 44.0 | S0: 409.4 | FPS: 1891.3 | Var: per
Step: 2541568 | EPS: 0.04 | Rew: 1.09 | Win%: 43.5 | S0: 410.4 | FPS: 1827.8 | Var: per
Step: 2542592 | EPS: 0.04 | Rew: 0.94 | Win%: 41.5 | S0: 401.9 | FPS: 1982.5 | Var: per
Step: 2543616 | EPS: 0.04 | Rew: 0.92 | Win%: 41.5 | S0: 408.9 | FPS: 2175.1 | Var: per
Step: 2544640 | EPS: 0.04 | Rew: 0.88 | Win%: 40.0 | S0: 413.4 | FPS: 2165.6 | Var: per
Step: 2545664 | EPS: 0.04 | Rew: 0.92 | Win%: 41.0 | S0: 414.1 | FPS: 1688.2 | Var: per
Step: 2546688 | EPS: 0.04 | Rew: 1.04 | Win%: 43.5 | S0: 415.2 | FPS: 1897.1 | Var: per
Step: 2547712 | EPS: 0.04 | Rew: 1.13 | Win%: 43.5 | S0: 408.1 | FPS: 2144.8 | Var: per
Step: 2548736 | EPS: 0.04 | Rew: 1.34 | Win%: 47.0 | S0: 405.8 | FPS: 2000.4 | Var: per
Step: 2549760 | EPS: 0.04 | Rew: 1.43 | Win%: 48.5 | S0: 407.6 | FPS: 1690.4 | Var: per
Step: 2550784 | EPS: 0.04 | Rew: 1.20 | Win%: 47.5 | S0: 388.8 | FPS: 1895.3 | Var: per
Step: 2551808 | EPS: 0.04 | Rew: 1.11 | Win%: 48.5 | S0: 392.9 | FPS: 1835.3 | Var: per
Step: 2552832 | EPS: 0.04 | Rew: 0.95 | Win%: 49.0 | S0: 386.4 | FPS: 1946.1 | Var: per
Step: 2553856 | EPS: 0.04 | Rew: 0.79 | Win%: 51.5 | S0: 383.3 | FPS: 1628.7 | Var: per
Step: 2554880 | EPS: 0.04 | Rew: 0.82 | Win%: 52.0 | S0: 380.9 | FPS: 1894.3 | Var: per
Step: 2555904 | EPS: 0.04 | Rew: 0.93 | Win%: 52.5 | S0: 376.6 | FPS: 1938.9 | Var: per
Step: 2556928 | EPS: 0.04 | Rew: 0.96 | Win%: 49.5 | S0: 374.8 | FPS: 1667.7 | Var: per
Step: 2557952 | EPS: 0.04 | Rew: 1.04 | Win%: 49.5 | S0: 375.4 | FPS: 1895.3 | Var: per
Step: 2558976 | EPS: 0.04 | Rew: 0.92 | Win%: 46.5 | S0: 361.4 | FPS: 1952.8 | Var: per
Step: 2560000 | EPS: 0.04 | Rew: 1.13 | Win%: 45.0 | S0: 374.5 | FPS: 2058.2 | Var: per
Step: 2561024 | EPS: 0.04 | Rew: 1.11 | Win%: 44.0 | S0: 380.1 | FPS: 1654.3 | Var: per
Step: 2562048 | EPS: 0.04 | Rew: 1.10 | Win%: 44.5 | S0: 389.2 | FPS: 1879.5 | Var: per
Step: 2563072 | EPS: 0.04 | Rew: 1.07 | Win%: 46.0 | S0: 397.8 | FPS: 2020.4 | Var: per
Step: 2564096 | EPS: 0.04 | Rew: 1.11 | Win%: 45.5 | S0: 394.2 | FPS: 1984.3 | Var: per
Step: 2565120 | EPS: 0.04 | Rew: 1.11 | Win%: 43.5 | S0: 380.5 | FPS: 1758.4 | Var: per
Step: 2566144 | EPS: 0.04 | Rew: 1.01 | Win%: 45.0 | S0: 392.6 | FPS: 2003.9 | Var: per
Step: 2567168 | EPS: 0.04 | Rew: 0.91 | Win%: 44.5 | S0: 378.2 | FPS: 2004.7 | Var: per
Step: 2568192 | EPS: 0.04 | Rew: 0.99 | Win%: 44.0 | S0: 380.6 | FPS: 1858.8 | Var: per
Step: 2569216 | EPS: 0.04 | Rew: 1.00 | Win%: 44.5 | S0: 371.1 | FPS: 1763.1 | Var: per
Step: 2570240 | EPS: 0.04 | Rew: 1.13 | Win%: 45.5 | S0: 382.9 | FPS: 1674.6 | Var: per
Step: 2571264 | EPS: 0.04 | Rew: 1.11 | Win%: 44.5 | S0: 385.8 | FPS: 1877.7 | Var: per
Step: 2572288 | EPS: 0.04 | Rew: 1.05 | Win%: 44.5 | S0: 381.8 | FPS: 1947.3 | Var: per
Step: 2573312 | EPS: 0.04 | Rew: 1.22 | Win%: 44.5 | S0: 373.5 | FPS: 1629.3 | Var: per
Step: 2574336 | EPS: 0.04 | Rew: 1.22 | Win%: 44.5 | S0: 373.0 | FPS: 1821.5 | Var: per
Step: 2575360 | EPS: 0.04 | Rew: 1.11 | Win%: 44.0 | S0: 368.0 | FPS: 2021.3 | Var: per
Step: 2576384 | EPS: 0.04 | Rew: 1.05 | Win%: 46.0 | S0: 369.7 | FPS: 1865.5 | Var: per
Step: 2577408 | EPS: 0.04 | Rew: 1.23 | Win%: 47.0 | S0: 377.1 | FPS: 2007.0 | Var: per
Step: 2578432 | EPS: 0.04 | Rew: 1.39 | Win%: 47.0 | S0: 393.3 | FPS: 2013.5 | Var: per
Step: 2579456 | EPS: 0.04 | Rew: 1.39 | Win%: 48.5 | S0: 417.1 | FPS: 2083.6 | Var: per
Step: 2580480 | EPS: 0.04 | Rew: 1.31 | Win%: 47.0 | S0: 404.0 | FPS: 1747.9 | Var: per
Step: 2581504 | EPS: 0.04 | Rew: 1.35 | Win%: 46.5 | S0: 406.4 | FPS: 1868.5 | Var: per
Step: 2582528 | EPS: 0.04 | Rew: 1.34 | Win%: 45.5 | S0: 395.9 | FPS: 1968.3 | Var: per
Step: 2583552 | EPS: 0.04 | Rew: 1.34 | Win%: 48.5 | S0: 422.2 | FPS: 1977.3 | Var: per
Step: 2584576 | EPS: 0.04 | Rew: 1.35 | Win%: 49.5 | S0: 428.7 | FPS: 1812.3 | Var: per
Step: 2585600 | EPS: 0.04 | Rew: 1.40 | Win%: 50.0 | S0: 432.3 | FPS: 1945.4 | Var: per
Step: 2586624 | EPS: 0.04 | Rew: 1.37 | Win%: 49.5 | S0: 435.5 | FPS: 1662.0 | Var: per
Step: 2587648 | EPS: 0.04 | Rew: 1.26 | Win%: 47.5 | S0: 442.8 | FPS: 1828.4 | Var: per
Step: 2588672 | EPS: 0.04 | Rew: 1.36 | Win%: 48.0 | S0: 446.8 | FPS: 2005.9 | Var: per
Step: 2589696 | EPS: 0.04 | Rew: 1.33 | Win%: 47.0 | S0: 445.9 | FPS: 1853.7 | Var: per
Step: 2590720 | EPS: 0.04 | Rew: 1.25 | Win%: 47.0 | S0: 422.5 | FPS: 2037.3 | Var: per
Step: 2591744 | EPS: 0.04 | Rew: 1.09 | Win%: 45.0 | S0: 419.1 | FPS: 1908.6 | Var: per
Step: 2592768 | EPS: 0.04 | Rew: 1.17 | Win%: 45.0 | S0: 431.1 | FPS: 1956.2 | Var: per
Step: 2593792 | EPS: 0.03 | Rew: 1.40 | Win%: 47.0 | S0: 445.6 | FPS: 1946.9 | Var: per
Step: 2594816 | EPS: 0.03 | Rew: 1.33 | Win%: 47.5 | S0: 440.1 | FPS: 1989.7 | Var: per
Step: 2595840 | EPS: 0.03 | Rew: 1.34 | Win%: 49.0 | S0: 438.4 | FPS: 1973.9 | Var: per
Step: 2596864 | EPS: 0.03 | Rew: 1.42 | Win%: 49.5 | S0: 430.6 | FPS: 1961.0 | Var: per
Step: 2597888 | EPS: 0.03 | Rew: 1.48 | Win%: 50.0 | S0: 433.8 | FPS: 1746.8 | Var: per
Step: 2598912 | EPS: 0.03 | Rew: 1.58 | Win%: 49.0 | S0: 430.6 | FPS: 2065.7 | Var: per
Step: 2599936 | EPS: 0.03 | Rew: 1.68 | Win%: 51.0 | S0: 449.8 | FPS: 1980.0 | Var: per
Step: 2600960 | EPS: 0.03 | Rew: 1.76 | Win%: 54.5 | S0: 471.6 | FPS: 1969.9 | Var: per
Step: 2601984 | EPS: 0.03 | Rew: 1.86 | Win%: 56.5 | S0: 468.1 | FPS: 2139.3 | Var: per
Step: 2603008 | EPS: 0.03 | Rew: 1.78 | Win%: 55.0 | S0: 453.0 | FPS: 1888.0 | Var: per
Step: 2604032 | EPS: 0.03 | Rew: 1.78 | Win%: 57.0 | S0: 458.6 | FPS: 1534.4 | Var: per
Step: 2605056 | EPS: 0.03 | Rew: 1.69 | Win%: 57.5 | S0: 467.1 | FPS: 1782.6 | Var: per
Step: 2606080 | EPS: 0.03 | Rew: 1.69 | Win%: 59.5 | S0: 479.6 | FPS: 1683.7 | Var: per
>>> [Best] Saved -> agent/checkpoints/per_battle.pth | Win% 59.5 | S0 479.6
Step: 2607104 | EPS: 0.03 | Rew: 1.61 | Win%: 59.5 | S0: 475.2 | FPS: 1923.5 | Var: per
Step: 2608128 | EPS: 0.03 | Rew: 1.58 | Win%: 60.0 | S0: 478.4 | FPS: 1667.1 | Var: per
Step: 2609152 | EPS: 0.03 | Rew: 1.61 | Win%: 60.5 | S0: 486.4 | FPS: 1910.5 | Var: per
>>> [Best] Saved -> agent/checkpoints/per_battle.pth | Win% 60.5 | S0 486.4
Step: 2610176 | EPS: 0.03 | Rew: 1.72 | Win%: 60.5 | S0: 489.4 | FPS: 1892.4 | Var: per
Step: 2611200 | EPS: 0.03 | Rew: 1.70 | Win%: 61.0 | S0: 490.6 | FPS: 1960.7 | Var: per
Step: 2612224 | EPS: 0.03 | Rew: 1.75 | Win%: 61.0 | S0: 477.6 | FPS: 1787.2 | Var: per
Step: 2613248 | EPS: 0.03 | Rew: 1.65 | Win%: 61.5 | S0: 467.9 | FPS: 1981.1 | Var: per
Step: 2614272 | EPS: 0.03 | Rew: 1.88 | Win%: 63.5 | S0: 476.9 | FPS: 1876.8 | Var: per
Step: 2615296 | EPS: 0.03 | Rew: 1.77 | Win%: 60.5 | S0: 472.1 | FPS: 1891.8 | Var: per
Step: 2616320 | EPS: 0.03 | Rew: 1.77 | Win%: 62.5 | S0: 484.9 | FPS: 1739.5 | Var: per
>>> [Best] Saved -> agent/checkpoints/per_battle.pth | Win% 62.5 | S0 484.9
Step: 2617344 | EPS: 0.03 | Rew: 1.82 | Win%: 62.5 | S0: 489.3 | FPS: 1941.3 | Var: per
Step: 2618368 | EPS: 0.03 | Rew: 1.82 | Win%: 63.0 | S0: 503.4 | FPS: 1722.3 | Var: per
>>> [Best] Saved -> agent/checkpoints/per_battle.pth | Win% 63.0 | S0 503.4
Step: 2619392 | EPS: 0.03 | Rew: 1.83 | Win%: 62.0 | S0: 502.5 | FPS: 1657.9 | Var: per
Step: 2620416 | EPS: 0.03 | Rew: 1.52 | Win%: 60.0 | S0: 492.9 | FPS: 1777.3 | Var: per
Step: 2621440 | EPS: 0.03 | Rew: 1.56 | Win%: 60.0 | S0: 483.3 | FPS: 1927.0 | Var: per
Step: 2622464 | EPS: 0.03 | Rew: 1.36 | Win%: 59.5 | S0: 474.6 | FPS: 1818.9 | Var: per
Step: 2623488 | EPS: 0.03 | Rew: 1.33 | Win%: 57.5 | S0: 475.1 | FPS: 1900.0 | Var: per
Step: 2624512 | EPS: 0.03 | Rew: 1.31 | Win%: 58.0 | S0: 476.3 | FPS: 1933.5 | Var: per
Step: 2625536 | EPS: 0.03 | Rew: 1.35 | Win%: 57.5 | S0: 482.1 | FPS: 1824.0 | Var: per
Step: 2626560 | EPS: 0.03 | Rew: 1.48 | Win%: 57.0 | S0: 470.7 | FPS: 1946.4 | Var: per
Step: 2627584 | EPS: 0.03 | Rew: 1.45 | Win%: 55.5 | S0: 449.9 | FPS: 1788.9 | Var: per
Step: 2628608 | EPS: 0.03 | Rew: 1.39 | Win%: 54.5 | S0: 446.5 | FPS: 1850.6 | Var: per
Step: 2629632 | EPS: 0.03 | Rew: 1.35 | Win%: 52.5 | S0: 432.7 | FPS: 1932.8 | Var: per
Step: 2630656 | EPS: 0.03 | Rew: 1.43 | Win%: 53.0 | S0: 431.2 | FPS: 1969.1 | Var: per
Step: 2631680 | EPS: 0.03 | Rew: 1.32 | Win%: 52.5 | S0: 413.1 | FPS: 1834.4 | Var: per
Step: 2632704 | EPS: 0.03 | Rew: 1.42 | Win%: 54.5 | S0: 436.9 | FPS: 1829.5 | Var: per
Step: 2633728 | EPS: 0.03 | Rew: 1.56 | Win%: 56.0 | S0: 440.4 | FPS: 1907.7 | Var: per
Step: 2634752 | EPS: 0.03 | Rew: 1.65 | Win%: 57.0 | S0: 445.4 | FPS: 1769.8 | Var: per
Step: 2635776 | EPS: 0.03 | Rew: 1.80 | Win%: 56.5 | S0: 457.1 | FPS: 1658.6 | Var: per
Step: 2636800 | EPS: 0.03 | Rew: 1.85 | Win%: 57.0 | S0: 460.4 | FPS: 1764.1 | Var: per
Step: 2637824 | EPS: 0.03 | Rew: 1.71 | Win%: 55.0 | S0: 453.6 | FPS: 1937.6 | Var: per
Step: 2638848 | EPS: 0.03 | Rew: 1.80 | Win%: 55.0 | S0: 465.1 | FPS: 1763.9 | Var: per
Step: 2639872 | EPS: 0.03 | Rew: 1.68 | Win%: 56.5 | S0: 483.9 | FPS: 1821.1 | Var: per
Step: 2640896 | EPS: 0.03 | Rew: 1.50 | Win%: 56.0 | S0: 469.5 | FPS: 1820.2 | Var: per
Step: 2641920 | EPS: 0.03 | Rew: 1.44 | Win%: 56.5 | S0: 478.4 | FPS: 1902.0 | Var: per
Step: 2642944 | EPS: 0.03 | Rew: 1.29 | Win%: 55.0 | S0: 473.5 | FPS: 1992.2 | Var: per
Step: 2643968 | EPS: 0.03 | Rew: 1.41 | Win%: 56.0 | S0: 481.9 | FPS: 1884.8 | Var: per
Step: 2644992 | EPS: 0.03 | Rew: 1.37 | Win%: 54.0 | S0: 468.9 | FPS: 1943.6 | Var: per
Step: 2646016 | EPS: 0.03 | Rew: 1.40 | Win%: 54.5 | S0: 472.0 | FPS: 1888.0 | Var: per
Step: 2647040 | EPS: 0.03 | Rew: 1.41 | Win%: 53.0 | S0: 479.5 | FPS: 1646.8 | Var: per
Step: 2648064 | EPS: 0.03 | Rew: 1.33 | Win%: 51.0 | S0: 455.7 | FPS: 1807.8 | Var: per
Step: 2649088 | EPS: 0.03 | Rew: 1.33 | Win%: 50.0 | S0: 441.8 | FPS: 1854.8 | Var: per
Step: 2650112 | EPS: 0.03 | Rew: 1.35 | Win%: 50.5 | S0: 456.6 | FPS: 1776.2 | Var: per
Step: 2651136 | EPS: 0.03 | Rew: 1.40 | Win%: 49.5 | S0: 448.1 | FPS: 1872.9 | Var: per
Step: 2652160 | EPS: 0.03 | Rew: 1.46 | Win%: 50.0 | S0: 449.8 | FPS: 1993.5 | Var: per
Step: 2653184 | EPS: 0.03 | Rew: 1.40 | Win%: 49.5 | S0: 447.7 | FPS: 1824.5 | Var: per
Step: 2654208 | EPS: 0.03 | Rew: 1.34 | Win%: 47.0 | S0: 437.7 | FPS: 1730.1 | Var: per
Step: 2655232 | EPS: 0.03 | Rew: 1.35 | Win%: 45.5 | S0: 428.1 | FPS: 1785.1 | Var: per
Step: 2656256 | EPS: 0.03 | Rew: 1.33 | Win%: 44.5 | S0: 416.6 | FPS: 1940.7 | Var: per
Step: 2657280 | EPS: 0.03 | Rew: 1.41 | Win%: 45.5 | S0: 420.0 | FPS: 1946.3 | Var: per
Step: 2658304 | EPS: 0.03 | Rew: 1.32 | Win%: 44.0 | S0: 409.6 | FPS: 1749.3 | Var: per
Step: 2659328 | EPS: 0.03 | Rew: 1.28 | Win%: 43.0 | S0: 410.8 | FPS: 1828.4 | Var: per
Step: 2660352 | EPS: 0.03 | Rew: 1.37 | Win%: 44.0 | S0: 422.2 | FPS: 2089.0 | Var: per
Step: 2661376 | EPS: 0.03 | Rew: 1.70 | Win%: 46.5 | S0: 424.0 | FPS: 1944.6 | Var: per
Step: 2662400 | EPS: 0.03 | Rew: 1.67 | Win%: 46.0 | S0: 435.2 | FPS: 1718.7 | Var: per
Step: 2663424 | EPS: 0.03 | Rew: 1.71 | Win%: 46.0 | S0: 428.4 | FPS: 2021.3 | Var: per
Step: 2664448 | EPS: 0.03 | Rew: 1.87 | Win%: 48.5 | S0: 442.6 | FPS: 1903.5 | Var: per
Step: 2665472 | EPS: 0.02 | Rew: 1.67 | Win%: 47.0 | S0: 425.1 | FPS: 1929.9 | Var: per
Step: 2666496 | EPS: 0.02 | Rew: 1.68 | Win%: 49.0 | S0: 438.6 | FPS: 2030.8 | Var: per
Step: 2667520 | EPS: 0.02 | Rew: 1.72 | Win%: 55.0 | S0: 458.9 | FPS: 1950.9 | Var: per
Step: 2668544 | EPS: 0.02 | Rew: 1.77 | Win%: 55.5 | S0: 462.6 | FPS: 1937.4 | Var: per
Step: 2669568 | EPS: 0.02 | Rew: 1.50 | Win%: 53.0 | S0: 452.8 | FPS: 1921.8 | Var: per
Step: 2670592 | EPS: 0.02 | Rew: 1.49 | Win%: 52.0 | S0: 460.4 | FPS: 1706.9 | Var: per
Step: 2671616 | EPS: 0.02 | Rew: 1.51 | Win%: 54.5 | S0: 469.8 | FPS: 1911.5 | Var: per
Step: 2672640 | EPS: 0.02 | Rew: 1.70 | Win%: 55.0 | S0: 472.9 | FPS: 1859.8 | Var: per
Step: 2673664 | EPS: 0.02 | Rew: 1.71 | Win%: 55.0 | S0: 465.8 | FPS: 2000.5 | Var: per
Step: 2674688 | EPS: 0.02 | Rew: 1.52 | Win%: 55.5 | S0: 458.1 | FPS: 1860.2 | Var: per
Step: 2675712 | EPS: 0.02 | Rew: 1.48 | Win%: 55.0 | S0: 453.9 | FPS: 2018.6 | Var: per
Step: 2676736 | EPS: 0.02 | Rew: 1.50 | Win%: 54.0 | S0: 437.9 | FPS: 1975.1 | Var: per
Step: 2677760 | EPS: 0.02 | Rew: 1.48 | Win%: 52.5 | S0: 430.2 | FPS: 1913.6 | Var: per
Step: 2678784 | EPS: 0.02 | Rew: 1.39 | Win%: 51.5 | S0: 431.4 | FPS: 1835.4 | Var: per
Step: 2679808 | EPS: 0.02 | Rew: 1.45 | Win%: 53.0 | S0: 459.4 | FPS: 1977.0 | Var: per
Step: 2680832 | EPS: 0.02 | Rew: 1.37 | Win%: 51.5 | S0: 446.8 | FPS: 1931.2 | Var: per
Step: 2681856 | EPS: 0.02 | Rew: 1.46 | Win%: 50.0 | S0: 443.0 | FPS: 1734.6 | Var: per
Step: 2682880 | EPS: 0.02 | Rew: 1.34 | Win%: 50.5 | S0: 442.6 | FPS: 1901.9 | Var: per
Step: 2683904 | EPS: 0.02 | Rew: 1.57 | Win%: 53.0 | S0: 450.4 | FPS: 1880.7 | Var: per
Step: 2684928 | EPS: 0.02 | Rew: 1.48 | Win%: 50.0 | S0: 429.9 | FPS: 1945.0 | Var: per
Step: 2685952 | EPS: 0.02 | Rew: 1.48 | Win%: 52.0 | S0: 437.4 | FPS: 1865.3 | Var: per
Step: 2686976 | EPS: 0.02 | Rew: 1.81 | Win%: 52.5 | S0: 475.6 | FPS: 1998.8 | Var: per
Step: 2688000 | EPS: 0.02 | Rew: 1.74 | Win%: 52.5 | S0: 473.3 | FPS: 1725.8 | Var: per
Step: 2689024 | EPS: 0.02 | Rew: 1.80 | Win%: 50.5 | S0: 476.5 | FPS: 1819.6 | Var: per
Step: 2690048 | EPS: 0.02 | Rew: 1.78 | Win%: 53.5 | S0: 489.6 | FPS: 1824.7 | Var: per
Step: 2691072 | EPS: 0.02 | Rew: 1.84 | Win%: 56.5 | S0: 490.9 | FPS: 1830.5 | Var: per
Step: 2692096 | EPS: 0.02 | Rew: 1.76 | Win%: 58.5 | S0: 488.6 | FPS: 1969.3 | Var: per
Step: 2693120 | EPS: 0.02 | Rew: 1.39 | Win%: 56.5 | S0: 468.9 | FPS: 1989.7 | Var: per
Step: 2694144 | EPS: 0.02 | Rew: 1.33 | Win%: 55.5 | S0: 461.9 | FPS: 1909.0 | Var: per
Step: 2695168 | EPS: 0.02 | Rew: 1.64 | Win%: 58.0 | S0: 492.2 | FPS: 1856.8 | Var: per
Step: 2696192 | EPS: 0.02 | Rew: 1.67 | Win%: 58.0 | S0: 501.1 | FPS: 1828.5 | Var: per
Step: 2697216 | EPS: 0.02 | Rew: 1.70 | Win%: 58.5 | S0: 511.1 | FPS: 1894.5 | Var: per
>>> [Best] Saved -> agent/checkpoints/per_battle.pth | Win% 58.5 | S0 511.1
Step: 2698240 | EPS: 0.02 | Rew: 1.73 | Win%: 58.5 | S0: 505.7 | FPS: 1945.7 | Var: per
Step: 2699264 | EPS: 0.02 | Rew: 1.84 | Win%: 56.5 | S0: 477.6 | FPS: 1926.6 | Var: per
Step: 2700288 | EPS: 0.02 | Rew: 1.85 | Win%: 55.5 | S0: 475.8 | FPS: 1956.0 | Var: per
Step: 2701312 | EPS: 0.02 | Rew: 1.82 | Win%: 57.0 | S0: 488.1 | FPS: 1734.8 | Var: per
Step: 2702336 | EPS: 0.02 | Rew: 1.79 | Win%: 57.0 | S0: 503.4 | FPS: 1916.2 | Var: per
Step: 2703360 | EPS: 0.02 | Rew: 1.98 | Win%: 58.5 | S0: 529.5 | FPS: 1857.5 | Var: per
>>> [Best] Saved -> agent/checkpoints/per_battle.pth | Win% 58.5 | S0 529.5
Step: 2704384 | EPS: 0.02 | Rew: 1.85 | Win%: 56.5 | S0: 528.1 | FPS: 1970.2 | Var: per
Step: 2705408 | EPS: 0.02 | Rew: 1.89 | Win%: 53.5 | S0: 515.4 | FPS: 1820.2 | Var: per
Step: 2706432 | EPS: 0.02 | Rew: 1.80 | Win%: 54.5 | S0: 518.7 | FPS: 1941.6 | Var: per
Step: 2707456 | EPS: 0.02 | Rew: 1.75 | Win%: 54.5 | S0: 532.0 | FPS: 1747.1 | Var: per
Step: 2708480 | EPS: 0.02 | Rew: 1.81 | Win%: 52.0 | S0: 524.0 | FPS: 1965.3 | Var: per
Step: 2709504 | EPS: 0.02 | Rew: 1.63 | Win%: 51.0 | S0: 507.4 | FPS: 1738.3 | Var: per
Step: 2710528 | EPS: 0.02 | Rew: 1.42 | Win%: 52.5 | S0: 505.1 | FPS: 1990.9 | Var: per
Step: 2711552 | EPS: 0.02 | Rew: 1.38 | Win%: 52.5 | S0: 490.8 | FPS: 2003.9 | Var: per
Step: 2712576 | EPS: 0.02 | Rew: 1.32 | Win%: 53.5 | S0: 489.4 | FPS: 2032.7 | Var: per
Step: 2713600 | EPS: 0.02 | Rew: 1.44 | Win%: 53.0 | S0: 480.8 | FPS: 1644.6 | Var: per
Step: 2714624 | EPS: 0.02 | Rew: 1.59 | Win%: 55.5 | S0: 501.8 | FPS: 1858.9 | Var: per
Step: 2715648 | EPS: 0.02 | Rew: 1.39 | Win%: 52.5 | S0: 469.0 | FPS: 1978.5 | Var: per
Step: 2716672 | EPS: 0.02 | Rew: 1.39 | Win%: 50.0 | S0: 436.2 | FPS: 1884.8 | Var: per
Step: 2717696 | EPS: 0.02 | Rew: 1.37 | Win%: 49.5 | S0: 425.6 | FPS: 1730.6 | Var: per
Step: 2718720 | EPS: 0.02 | Rew: 1.38 | Win%: 48.0 | S0: 410.6 | FPS: 2034.0 | Var: per
Step: 2719744 | EPS: 0.02 | Rew: 1.52 | Win%: 48.5 | S0: 441.4 | FPS: 2022.1 | Var: per
Step: 2720768 | EPS: 0.02 | Rew: 1.28 | Win%: 50.0 | S0: 447.0 | FPS: 2022.6 | Var: per
Step: 2721792 | EPS: 0.02 | Rew: 1.35 | Win%: 51.5 | S0: 448.3 | FPS: 2070.9 | Var: per
Step: 2722816 | EPS: 0.02 | Rew: 1.41 | Win%: 48.5 | S0: 445.5 | FPS: 1956.8 | Var: per
Step: 2723840 | EPS: 0.02 | Rew: 1.54 | Win%: 49.5 | S0: 459.2 | FPS: 1701.2 | Var: per
Step: 2724864 | EPS: 0.02 | Rew: 1.59 | Win%: 49.0 | S0: 458.8 | FPS: 2018.2 | Var: per
Step: 2725888 | EPS: 0.02 | Rew: 1.73 | Win%: 48.0 | S0: 468.1 | FPS: 2025.2 | Var: per
Step: 2726912 | EPS: 0.02 | Rew: 1.57 | Win%: 48.5 | S0: 474.1 | FPS: 2070.3 | Var: per
Step: 2727936 | EPS: 0.02 | Rew: 1.64 | Win%: 45.0 | S0: 465.4 | FPS: 1812.7 | Var: per
Step: 2728960 | EPS: 0.02 | Rew: 1.47 | Win%: 46.5 | S0: 457.0 | FPS: 1629.1 | Var: per
Step: 2729984 | EPS: 0.02 | Rew: 1.37 | Win%: 47.0 | S0: 471.5 | FPS: 1940.8 | Var: per
Step: 2731008 | EPS: 0.02 | Rew: 1.49 | Win%: 47.0 | S0: 483.9 | FPS: 2009.0 | Var: per
Step: 2732032 | EPS: 0.02 | Rew: 1.47 | Win%: 47.5 | S0: 484.6 | FPS: 1923.2 | Var: per
Step: 2733056 | EPS: 0.02 | Rew: 1.46 | Win%: 46.0 | S0: 460.6 | FPS: 1996.4 | Var: per
Step: 2734080 | EPS: 0.02 | Rew: 1.47 | Win%: 46.0 | S0: 458.9 | FPS: 1916.2 | Var: per
Step: 2735104 | EPS: 0.02 | Rew: 1.37 | Win%: 44.0 | S0: 456.5 | FPS: 1980.1 | Var: per
Step: 2736128 | EPS: 0.02 | Rew: 1.61 | Win%: 46.0 | S0: 454.4 | FPS: 2017.0 | Var: per
Step: 2737152 | EPS: 0.02 | Rew: 1.64 | Win%: 47.5 | S0: 461.6 | FPS: 2043.0 | Var: per
Step: 2738176 | EPS: 0.02 | Rew: 1.66 | Win%: 45.5 | S0: 467.3 | FPS: 1900.9 | Var: per
Step: 2739200 | EPS: 0.02 | Rew: 1.72 | Win%: 47.0 | S0: 473.1 | FPS: 1920.3 | Var: per
Step: 2740224 | EPS: 0.02 | Rew: 1.68 | Win%: 46.0 | S0: 470.4 | FPS: 1948.9 | Var: per
Step: 2741248 | EPS: 0.02 | Rew: 1.63 | Win%: 47.0 | S0: 472.8 | FPS: 1999.4 | Var: per
Step: 2742272 | EPS: 0.02 | Rew: 1.65 | Win%: 48.0 | S0: 472.2 | FPS: 2005.0 | Var: per
Step: 2743296 | EPS: 0.02 | Rew: 1.49 | Win%: 48.5 | S0: 468.9 | FPS: 2077.2 | Var: per
Step: 2744320 | EPS: 0.02 | Rew: 1.33 | Win%: 50.0 | S0: 468.9 | FPS: 2098.1 | Var: per
Step: 2745344 | EPS: 0.02 | Rew: 1.35 | Win%: 49.5 | S0: 460.4 | FPS: 2165.9 | Var: per
Step: 2746368 | EPS: 0.02 | Rew: 1.19 | Win%: 50.0 | S0: 459.8 | FPS: 2103.0 | Var: per
Step: 2747392 | EPS: 0.02 | Rew: 1.26 | Win%: 49.5 | S0: 471.1 | FPS: 2059.4 | Var: per
Step: 2748416 | EPS: 0.02 | Rew: 1.43 | Win%: 50.5 | S0: 475.4 | FPS: 1934.2 | Var: per
Step: 2749440 | EPS: 0.02 | Rew: 1.30 | Win%: 50.0 | S0: 454.6 | FPS: 1993.0 | Var: per
Step: 2750464 | EPS: 0.02 | Rew: 1.41 | Win%: 49.5 | S0: 450.9 | FPS: 1856.9 | Var: per
Step: 2751488 | EPS: 0.02 | Rew: 1.52 | Win%: 51.0 | S0: 456.1 | FPS: 1982.1 | Var: per
Step: 2752512 | EPS: 0.02 | Rew: 1.46 | Win%: 51.5 | S0: 448.4 | FPS: 1962.5 | Var: per
Step: 2753536 | EPS: 0.02 | Rew: 1.39 | Win%: 50.0 | S0: 450.4 | FPS: 1656.4 | Var: per
Step: 2754560 | EPS: 0.02 | Rew: 1.56 | Win%: 49.5 | S0: 458.9 | FPS: 1977.4 | Var: per
Step: 2755584 | EPS: 0.02 | Rew: 1.62 | Win%: 51.0 | S0: 479.2 | FPS: 2040.7 | Var: per
Step: 2756608 | EPS: 0.02 | Rew: 1.76 | Win%: 51.5 | S0: 495.1 | FPS: 1974.8 | Var: per
Step: 2757632 | EPS: 0.02 | Rew: 1.70 | Win%: 52.0 | S0: 489.4 | FPS: 2081.2 | Var: per
Step: 2758656 | EPS: 0.02 | Rew: 1.64 | Win%: 50.5 | S0: 483.9 | FPS: 2015.2 | Var: per
Step: 2759680 | EPS: 0.02 | Rew: 1.60 | Win%: 50.0 | S0: 464.2 | FPS: 1791.1 | Var: per
Step: 2760704 | EPS: 0.02 | Rew: 1.50 | Win%: 51.0 | S0: 467.7 | FPS: 1784.1 | Var: per
Step: 2761728 | EPS: 0.02 | Rew: 1.59 | Win%: 49.5 | S0: 469.1 | FPS: 1683.1 | Var: per
Step: 2762752 | EPS: 0.02 | Rew: 1.66 | Win%: 49.5 | S0: 484.5 | FPS: 1831.4 | Var: per
Step: 2763776 | EPS: 0.02 | Rew: 1.53 | Win%: 47.5 | S0: 480.7 | FPS: 1939.4 | Var: per
Step: 2764800 | EPS: 0.02 | Rew: 1.77 | Win%: 49.5 | S0: 505.5 | FPS: 2020.3 | Var: per
Step: 2765824 | EPS: 0.02 | Rew: 1.97 | Win%: 51.5 | S0: 517.2 | FPS: 1747.2 | Var: per
Step: 2766848 | EPS: 0.02 | Rew: 1.84 | Win%: 49.0 | S0: 500.9 | FPS: 2248.2 | Var: per
Step: 2767872 | EPS: 0.02 | Rew: 1.67 | Win%: 48.0 | S0: 489.4 | FPS: 2059.4 | Var: per
Step: 2768896 | EPS: 0.02 | Rew: 1.66 | Win%: 48.0 | S0: 487.4 | FPS: 1847.7 | Var: per
Step: 2769920 | EPS: 0.02 | Rew: 1.52 | Win%: 48.0 | S0: 488.6 | FPS: 1763.1 | Var: per
Step: 2770944 | EPS: 0.02 | Rew: 1.38 | Win%: 49.0 | S0: 487.8 | FPS: 2006.0 | Var: per
Step: 2771968 | EPS: 0.02 | Rew: 1.17 | Win%: 49.0 | S0: 486.0 | FPS: 2005.8 | Var: per
Step: 2772992 | EPS: 0.02 | Rew: 1.26 | Win%: 50.5 | S0: 476.2 | FPS: 1941.2 | Var: per
Step: 2774016 | EPS: 0.02 | Rew: 1.40 | Win%: 50.0 | S0: 472.3 | FPS: 1671.3 | Var: per
Step: 2775040 | EPS: 0.02 | Rew: 1.40 | Win%: 51.0 | S0: 488.3 | FPS: 2012.3 | Var: per
Step: 2776064 | EPS: 0.02 | Rew: 1.42 | Win%: 50.0 | S0: 468.2 | FPS: 1868.1 | Var: per
Step: 2777088 | EPS: 0.02 | Rew: 1.56 | Win%: 49.0 | S0: 464.1 | FPS: 1811.1 | Var: per
Step: 2778112 | EPS: 0.02 | Rew: 1.61 | Win%: 47.0 | S0: 457.9 | FPS: 1848.3 | Var: per
Step: 2779136 | EPS: 0.02 | Rew: 1.55 | Win%: 48.0 | S0: 457.1 | FPS: 1979.7 | Var: per
Step: 2780160 | EPS: 0.02 | Rew: 1.21 | Win%: 46.0 | S0: 446.6 | FPS: 1840.8 | Var: per
Step: 2781184 | EPS: 0.02 | Rew: 1.32 | Win%: 45.5 | S0: 435.9 | FPS: 1761.6 | Var: per
Step: 2782208 | EPS: 0.02 | Rew: 1.26 | Win%: 44.5 | S0: 427.9 | FPS: 2182.5 | Var: per
Step: 2783232 | EPS: 0.02 | Rew: 1.27 | Win%: 45.5 | S0: 445.1 | FPS: 2036.6 | Var: per
Step: 2784256 | EPS: 0.02 | Rew: 1.26 | Win%: 45.5 | S0: 458.1 | FPS: 1943.3 | Var: per
Step: 2785280 | EPS: 0.02 | Rew: 1.47 | Win%: 45.5 | S0: 465.8 | FPS: 1961.5 | Var: per
Step: 2786304 | EPS: 0.02 | Rew: 1.55 | Win%: 45.5 | S0: 438.5 | FPS: 1987.4 | Var: per
Step: 2787328 | EPS: 0.02 | Rew: 1.58 | Win%: 48.0 | S0: 457.1 | FPS: 2016.6 | Var: per
Step: 2788352 | EPS: 0.02 | Rew: 1.76 | Win%: 48.0 | S0: 465.1 | FPS: 2084.7 | Var: per
Step: 2789376 | EPS: 0.02 | Rew: 1.80 | Win%: 50.0 | S0: 478.3 | FPS: 1848.6 | Var: per
Step: 2790400 | EPS: 0.02 | Rew: 1.81 | Win%: 52.0 | S0: 485.6 | FPS: 2020.8 | Var: per
Step: 2791424 | EPS: 0.02 | Rew: 1.89 | Win%: 54.0 | S0: 501.1 | FPS: 1978.1 | Var: per
Step: 2792448 | EPS: 0.02 | Rew: 1.93 | Win%: 56.0 | S0: 521.4 | FPS: 1881.5 | Var: per
Step: 2793472 | EPS: 0.02 | Rew: 1.96 | Win%: 56.5 | S0: 537.4 | FPS: 1697.5 | Var: per
>>> [Best] Saved -> agent/checkpoints/per_battle.pth | Win% 56.5 | S0 537.4
Step: 2794496 | EPS: 0.02 | Rew: 1.82 | Win%: 57.5 | S0: 547.0 | FPS: 1908.1 | Var: per
>>> [Best] Saved -> agent/checkpoints/per_battle.pth | Win% 57.5 | S0 547.0
Step: 2795520 | EPS: 0.02 | Rew: 1.72 | Win%: 56.5 | S0: 532.5 | FPS: 1976.3 | Var: per
Step: 2796544 | EPS: 0.02 | Rew: 1.65 | Win%: 57.0 | S0: 522.2 | FPS: 1914.9 | Var: per
Step: 2797568 | EPS: 0.02 | Rew: 1.68 | Win%: 56.0 | S0: 527.9 | FPS: 1729.1 | Var: per
Step: 2798592 | EPS: 0.02 | Rew: 1.78 | Win%: 58.0 | S0: 541.5 | FPS: 1999.1 | Var: per
Step: 2799616 | EPS: 0.02 | Rew: 1.63 | Win%: 57.5 | S0: 537.5 | FPS: 1964.6 | Var: per
Step: 2800640 | EPS: 0.02 | Rew: 1.69 | Win%: 55.5 | S0: 528.8 | FPS: 1909.4 | Var: per
Step: 2801664 | EPS: 0.02 | Rew: 1.84 | Win%: 56.5 | S0: 531.2 | FPS: 2105.7 | Var: per
Step: 2802688 | EPS: 0.02 | Rew: 1.83 | Win%: 55.0 | S0: 521.3 | FPS: 2056.5 | Var: per
Step: 2803712 | EPS: 0.02 | Rew: 1.88 | Win%: 55.0 | S0: 526.4 | FPS: 1957.3 | Var: per
Step: 2804736 | EPS: 0.02 | Rew: 1.90 | Win%: 54.0 | S0: 527.5 | FPS: 1932.6 | Var: per
Step: 2805760 | EPS: 0.02 | Rew: 1.85 | Win%: 53.0 | S0: 539.8 | FPS: 1843.3 | Var: per
Step: 2806784 | EPS: 0.02 | Rew: 1.78 | Win%: 52.5 | S0: 518.0 | FPS: 1918.0 | Var: per
Step: 2807808 | EPS: 0.02 | Rew: 1.73 | Win%: 52.0 | S0: 514.8 | FPS: 2124.0 | Var: per
Step: 2808832 | EPS: 0.02 | Rew: 1.79 | Win%: 53.0 | S0: 506.9 | FPS: 2052.1 | Var: per
Step: 2809856 | EPS: 0.02 | Rew: 1.80 | Win%: 55.0 | S0: 521.7 | FPS: 1890.6 | Var: per
Step: 2810880 | EPS: 0.02 | Rew: 1.87 | Win%: 55.0 | S0: 535.8 | FPS: 1936.8 | Var: per
Step: 2811904 | EPS: 0.02 | Rew: 1.82 | Win%: 55.0 | S0: 517.5 | FPS: 1907.9 | Var: per
Step: 2812928 | EPS: 0.02 | Rew: 1.99 | Win%: 56.5 | S0: 521.2 | FPS: 2080.1 | Var: per
Step: 2813952 | EPS: 0.02 | Rew: 1.94 | Win%: 55.5 | S0: 523.0 | FPS: 1951.2 | Var: per
Step: 2814976 | EPS: 0.02 | Rew: 1.95 | Win%: 56.5 | S0: 532.6 | FPS: 1895.1 | Var: per
Step: 2816000 | EPS: 0.02 | Rew: 1.84 | Win%: 56.0 | S0: 517.6 | FPS: 2052.4 | Var: per
Step: 2817024 | EPS: 0.02 | Rew: 1.64 | Win%: 55.5 | S0: 505.3 | FPS: 2081.1 | Var: per
Step: 2818048 | EPS: 0.02 | Rew: 1.64 | Win%: 57.0 | S0: 505.0 | FPS: 1888.9 | Var: per
Step: 2819072 | EPS: 0.02 | Rew: 1.72 | Win%: 57.0 | S0: 504.9 | FPS: 1736.5 | Var: per
Step: 2820096 | EPS: 0.02 | Rew: 1.58 | Win%: 57.0 | S0: 507.6 | FPS: 2023.3 | Var: per
Step: 2821120 | EPS: 0.02 | Rew: 1.66 | Win%: 58.0 | S0: 517.7 | FPS: 1946.9 | Var: per
Step: 2822144 | EPS: 0.02 | Rew: 1.98 | Win%: 57.5 | S0: 526.0 | FPS: 1736.7 | Var: per
Step: 2823168 | EPS: 0.02 | Rew: 2.10 | Win%: 57.0 | S0: 510.6 | FPS: 1949.7 | Var: per
Step: 2824192 | EPS: 0.02 | Rew: 1.95 | Win%: 56.0 | S0: 501.6 | FPS: 1842.7 | Var: per
Step: 2825216 | EPS: 0.02 | Rew: 1.96 | Win%: 57.0 | S0: 505.4 | FPS: 1993.3 | Var: per
Step: 2826240 | EPS: 0.02 | Rew: 1.93 | Win%: 56.5 | S0: 507.2 | FPS: 1958.5 | Var: per
Step: 2827264 | EPS: 0.02 | Rew: 1.98 | Win%: 57.5 | S0: 524.2 | FPS: 1927.9 | Var: per
Step: 2828288 | EPS: 0.02 | Rew: 1.81 | Win%: 56.5 | S0: 524.7 | FPS: 2034.7 | Var: per
Step: 2829312 | EPS: 0.02 | Rew: 1.84 | Win%: 57.5 | S0: 541.5 | FPS: 1861.2 | Var: per
Step: 2830336 | EPS: 0.02 | Rew: 1.81 | Win%: 56.5 | S0: 532.4 | FPS: 1735.4 | Var: per
Step: 2831360 | EPS: 0.02 | Rew: 1.66 | Win%: 57.5 | S0: 513.7 | FPS: 1899.8 | Var: per
Step: 2832384 | EPS: 0.02 | Rew: 1.69 | Win%: 57.0 | S0: 516.4 | FPS: 1830.1 | Var: per
Step: 2833408 | EPS: 0.02 | Rew: 1.74 | Win%: 57.0 | S0: 529.7 | FPS: 1850.9 | Var: per
Step: 2834432 | EPS: 0.02 | Rew: 1.73 | Win%: 56.0 | S0: 529.8 | FPS: 2045.7 | Var: per
Step: 2835456 | EPS: 0.02 | Rew: 1.76 | Win%: 57.5 | S0: 541.7 | FPS: 2069.5 | Var: per
Step: 2836480 | EPS: 0.02 | Rew: 1.93 | Win%: 59.0 | S0: 550.6 | FPS: 1957.5 | Var: per
>>> [Best] Saved -> agent/checkpoints/per_battle.pth | Win% 59.0 | S0 550.6
Step: 2837504 | EPS: 0.02 | Rew: 2.07 | Win%: 58.0 | S0: 561.6 | FPS: 1863.0 | Var: per
>>> [Best] Saved -> agent/checkpoints/per_battle.pth | Win% 58.0 | S0 561.6
Step: 2838528 | EPS: 0.02 | Rew: 2.14 | Win%: 59.5 | S0: 551.9 | FPS: 2112.7 | Var: per
Step: 2839552 | EPS: 0.02 | Rew: 2.17 | Win%: 61.0 | S0: 573.8 | FPS: 1992.2 | Var: per
>>> [Best] Saved -> agent/checkpoints/per_battle.pth | Win% 61.0 | S0 573.8
Step: 2840576 | EPS: 0.02 | Rew: 2.17 | Win%: 60.5 | S0: 568.9 | FPS: 1931.8 | Var: per
Step: 2841600 | EPS: 0.02 | Rew: 2.15 | Win%: 59.0 | S0: 561.4 | FPS: 1837.8 | Var: per
Step: 2842624 | EPS: 0.02 | Rew: 2.07 | Win%: 58.5 | S0: 556.6 | FPS: 2071.9 | Var: per
Step: 2843648 | EPS: 0.02 | Rew: 2.04 | Win%: 59.0 | S0: 567.5 | FPS: 1904.0 | Var: per
Step: 2844672 | EPS: 0.02 | Rew: 1.75 | Win%: 57.0 | S0: 556.2 | FPS: 1980.4 | Var: per
Step: 2845696 | EPS: 0.02 | Rew: 1.60 | Win%: 56.0 | S0: 551.9 | FPS: 1930.7 | Var: per
Step: 2846720 | EPS: 0.02 | Rew: 1.72 | Win%: 56.5 | S0: 576.2 | FPS: 1869.2 | Var: per
Step: 2847744 | EPS: 0.02 | Rew: 1.87 | Win%: 57.0 | S0: 572.3 | FPS: 2022.1 | Var: per
Step: 2848768 | EPS: 0.02 | Rew: 1.97 | Win%: 55.5 | S0: 572.7 | FPS: 2020.8 | Var: per
Step: 2849792 | EPS: 0.02 | Rew: 1.90 | Win%: 55.0 | S0: 558.0 | FPS: 2049.8 | Var: per
Step: 2850816 | EPS: 0.02 | Rew: 1.71 | Win%: 51.5 | S0: 524.6 | FPS: 1946.1 | Var: per
Step: 2851840 | EPS: 0.02 | Rew: 1.81 | Win%: 50.5 | S0: 519.0 | FPS: 1930.7 | Var: per
Step: 2852864 | EPS: 0.02 | Rew: 1.76 | Win%: 50.5 | S0: 509.1 | FPS: 1736.7 | Var: per
Step: 2853888 | EPS: 0.02 | Rew: 1.69 | Win%: 53.0 | S0: 521.1 | FPS: 1844.3 | Var: per
Step: 2854912 | EPS: 0.02 | Rew: 1.64 | Win%: 54.0 | S0: 529.1 | FPS: 1935.8 | Var: per
Step: 2855936 | EPS: 0.02 | Rew: 1.73 | Win%: 55.0 | S0: 533.1 | FPS: 1852.0 | Var: per
Step: 2856960 | EPS: 0.02 | Rew: 2.04 | Win%: 56.0 | S0: 537.0 | FPS: 1851.9 | Var: per
Step: 2857984 | EPS: 0.02 | Rew: 2.05 | Win%: 58.5 | S0: 568.5 | FPS: 1861.9 | Var: per
Step: 2859008 | EPS: 0.02 | Rew: 2.37 | Win%: 59.5 | S0: 583.6 | FPS: 2106.5 | Var: per
>>> [Best] Saved -> agent/checkpoints/per_battle.pth | Win% 59.5 | S0 583.6
Step: 2860032 | EPS: 0.02 | Rew: 2.38 | Win%: 59.5 | S0: 566.4 | FPS: 2001.2 | Var: per
Step: 2861056 | EPS: 0.02 | Rew: 2.45 | Win%: 60.5 | S0: 568.0 | FPS: 1930.0 | Var: per
Step: 2862080 | EPS: 0.02 | Rew: 2.17 | Win%: 60.5 | S0: 563.4 | FPS: 2065.2 | Var: per
Step: 2863104 | EPS: 0.02 | Rew: 2.07 | Win%: 60.5 | S0: 576.3 | FPS: 2103.5 | Var: per
Step: 2864128 | EPS: 0.02 | Rew: 1.73 | Win%: 62.0 | S0: 564.1 | FPS: 1978.5 | Var: per
Step: 2865152 | EPS: 0.02 | Rew: 1.75 | Win%: 63.0 | S0: 561.2 | FPS: 2042.7 | Var: per
Step: 2866176 | EPS: 0.02 | Rew: 1.59 | Win%: 62.0 | S0: 553.8 | FPS: 1865.3 | Var: per
Step: 2867200 | EPS: 0.02 | Rew: 1.56 | Win%: 61.0 | S0: 543.0 | FPS: 1898.0 | Var: per
Step: 2868224 | EPS: 0.02 | Rew: 1.61 | Win%: 61.0 | S0: 542.1 | FPS: 1918.5 | Var: per
Step: 2869248 | EPS: 0.02 | Rew: 1.88 | Win%: 61.5 | S0: 529.1 | FPS: 1881.2 | Var: per
Step: 2870272 | EPS: 0.02 | Rew: 2.04 | Win%: 61.0 | S0: 521.4 | FPS: 1881.4 | Var: per
Step: 2871296 | EPS: 0.02 | Rew: 1.96 | Win%: 60.0 | S0: 513.5 | FPS: 1981.8 | Var: per
Step: 2872320 | EPS: 0.02 | Rew: 1.93 | Win%: 58.5 | S0: 506.8 | FPS: 1947.1 | Var: per
Step: 2873344 | EPS: 0.02 | Rew: 1.99 | Win%: 60.0 | S0: 499.5 | FPS: 2065.2 | Var: per
Step: 2874368 | EPS: 0.02 | Rew: 1.94 | Win%: 59.5 | S0: 521.6 | FPS: 2012.1 | Var: per
Step: 2875392 | EPS: 0.02 | Rew: 1.59 | Win%: 58.0 | S0: 515.8 | FPS: 2008.8 | Var: per
Step: 2876416 | EPS: 0.02 | Rew: 1.63 | Win%: 58.5 | S0: 556.0 | FPS: 2091.7 | Var: per
Step: 2877440 | EPS: 0.02 | Rew: 1.66 | Win%: 56.5 | S0: 545.7 | FPS: 1957.4 | Var: per
Step: 2878464 | EPS: 0.02 | Rew: 1.73 | Win%: 56.5 | S0: 553.8 | FPS: 2088.9 | Var: per
Step: 2879488 | EPS: 0.02 | Rew: 2.00 | Win%: 57.5 | S0: 573.7 | FPS: 1886.4 | Var: per
Step: 2880512 | EPS: 0.02 | Rew: 2.01 | Win%: 58.5 | S0: 569.6 | FPS: 1943.8 | Var: per
Step: 2881536 | EPS: 0.02 | Rew: 2.13 | Win%: 56.0 | S0: 565.8 | FPS: 1906.6 | Var: per
Step: 2882560 | EPS: 0.02 | Rew: 2.32 | Win%: 56.0 | S0: 558.3 | FPS: 2069.8 | Var: per
Step: 2883584 | EPS: 0.02 | Rew: 2.35 | Win%: 58.5 | S0: 561.0 | FPS: 2020.4 | Var: per
Step: 2884608 | EPS: 0.02 | Rew: 2.31 | Win%: 59.5 | S0: 564.0 | FPS: 2085.4 | Var: per
Step: 2885632 | EPS: 0.02 | Rew: 2.11 | Win%: 58.0 | S0: 577.5 | FPS: 1764.4 | Var: per
Step: 2886656 | EPS: 0.02 | Rew: 2.29 | Win%: 59.0 | S0: 576.5 | FPS: 1950.3 | Var: per
Step: 2887680 | EPS: 0.02 | Rew: 2.19 | Win%: 62.0 | S0: 604.0 | FPS: 1992.3 | Var: per
>>> [Best] Saved -> agent/checkpoints/per_battle.pth | Win% 62.0 | S0 604.0
Step: 2888704 | EPS: 0.02 | Rew: 1.98 | Win%: 62.5 | S0: 574.6 | FPS: 1948.3 | Var: per
Step: 2889728 | EPS: 0.02 | Rew: 2.01 | Win%: 62.5 | S0: 575.5 | FPS: 2037.3 | Var: per
Step: 2890752 | EPS: 0.02 | Rew: 1.91 | Win%: 62.5 | S0: 560.4 | FPS: 1666.7 | Var: per
Step: 2891776 | EPS: 0.02 | Rew: 2.06 | Win%: 61.0 | S0: 563.1 | FPS: 1912.2 | Var: per
Step: 2892800 | EPS: 0.02 | Rew: 1.90 | Win%: 61.0 | S0: 569.4 | FPS: 1936.2 | Var: per
Step: 2893824 | EPS: 0.02 | Rew: 1.94 | Win%: 61.0 | S0: 577.6 | FPS: 1609.1 | Var: per
Step: 2894848 | EPS: 0.02 | Rew: 2.09 | Win%: 60.0 | S0: 566.9 | FPS: 2016.3 | Var: per
Step: 2895872 | EPS: 0.02 | Rew: 2.14 | Win%: 59.5 | S0: 573.8 | FPS: 1915.2 | Var: per
Step: 2896896 | EPS: 0.02 | Rew: 2.27 | Win%: 60.5 | S0: 592.1 | FPS: 1945.0 | Var: per
Step: 2897920 | EPS: 0.02 | Rew: 2.23 | Win%: 61.0 | S0: 575.9 | FPS: 1963.5 | Var: per
Step: 2898944 | EPS: 0.02 | Rew: 2.33 | Win%: 60.5 | S0: 580.4 | FPS: 1848.3 | Var: per
Step: 2899968 | EPS: 0.02 | Rew: 2.21 | Win%: 60.5 | S0: 570.0 | FPS: 1922.7 | Var: per
Step: 2900992 | EPS: 0.02 | Rew: 2.09 | Win%: 59.5 | S0: 558.0 | FPS: 2118.3 | Var: per
Step: 2902016 | EPS: 0.02 | Rew: 2.08 | Win%: 59.5 | S0: 566.5 | FPS: 1615.7 | Var: per
Step: 2903040 | EPS: 0.02 | Rew: 2.12 | Win%: 58.5 | S0: 568.6 | FPS: 1890.2 | Var: per
Step: 2904064 | EPS: 0.02 | Rew: 1.98 | Win%: 59.0 | S0: 567.5 | FPS: 1962.3 | Var: per
Step: 2905088 | EPS: 0.02 | Rew: 1.93 | Win%: 59.0 | S0: 571.2 | FPS: 1957.5 | Var: per
Step: 2906112 | EPS: 0.02 | Rew: 2.06 | Win%: 61.0 | S0: 581.2 | FPS: 1690.6 | Var: per
Step: 2907136 | EPS: 0.02 | Rew: 2.01 | Win%: 61.5 | S0: 580.4 | FPS: 1866.5 | Var: per
Step: 2908160 | EPS: 0.02 | Rew: 2.08 | Win%: 60.0 | S0: 552.8 | FPS: 1868.3 | Var: per
Step: 2909184 | EPS: 0.02 | Rew: 2.00 | Win%: 60.5 | S0: 555.0 | FPS: 1828.2 | Var: per
Step: 2910208 | EPS: 0.02 | Rew: 2.35 | Win%: 59.5 | S0: 563.9 | FPS: 1592.0 | Var: per
Step: 2911232 | EPS: 0.02 | Rew: 2.17 | Win%: 58.5 | S0: 544.2 | FPS: 1898.5 | Var: per
Step: 2912256 | EPS: 0.02 | Rew: 2.18 | Win%: 57.0 | S0: 547.4 | FPS: 1989.7 | Var: per
Step: 2913280 | EPS: 0.02 | Rew: 2.58 | Win%: 57.5 | S0: 572.0 | FPS: 1976.7 | Var: per
Step: 2914304 | EPS: 0.02 | Rew: 2.51 | Win%: 57.5 | S0: 570.0 | FPS: 1824.9 | Var: per
Step: 2915328 | EPS: 0.02 | Rew: 2.50 | Win%: 58.0 | S0: 583.8 | FPS: 1888.3 | Var: per
Step: 2916352 | EPS: 0.02 | Rew: 2.46 | Win%: 57.0 | S0: 575.5 | FPS: 2004.2 | Var: per
Step: 2917376 | EPS: 0.02 | Rew: 2.48 | Win%: 57.0 | S0: 581.0 | FPS: 1755.4 | Var: per
Step: 2918400 | EPS: 0.02 | Rew: 2.33 | Win%: 56.0 | S0: 595.2 | FPS: 1925.0 | Var: per
Step: 2919424 | EPS: 0.02 | Rew: 2.39 | Win%: 56.5 | S0: 587.0 | FPS: 1900.0 | Var: per
Step: 2920448 | EPS: 0.02 | Rew: 2.48 | Win%: 57.0 | S0: 582.4 | FPS: 1922.9 | Var: per
Step: 2921472 | EPS: 0.02 | Rew: 1.82 | Win%: 53.5 | S0: 572.9 | FPS: 1986.0 | Var: per
Step: 2922496 | EPS: 0.02 | Rew: 1.94 | Win%: 53.5 | S0: 567.4 | FPS: 1900.2 | Var: per
Step: 2923520 | EPS: 0.02 | Rew: 2.11 | Win%: 53.0 | S0: 580.7 | FPS: 1932.5 | Var: per
Step: 2924544 | EPS: 0.02 | Rew: 2.26 | Win%: 53.0 | S0: 594.8 | FPS: 1785.9 | Var: per
Step: 2925568 | EPS: 0.02 | Rew: 2.07 | Win%: 52.0 | S0: 572.5 | FPS: 1755.0 | Var: per
Step: 2926592 | EPS: 0.02 | Rew: 2.03 | Win%: 52.5 | S0: 567.8 | FPS: 1862.6 | Var: per
Step: 2927616 | EPS: 0.02 | Rew: 1.98 | Win%: 53.0 | S0: 567.8 | FPS: 1883.6 | Var: per
Step: 2928640 | EPS: 0.02 | Rew: 2.11 | Win%: 52.0 | S0: 564.7 | FPS: 1913.5 | Var: per
Step: 2929664 | EPS: 0.02 | Rew: 2.32 | Win%: 53.0 | S0: 551.7 | FPS: 2011.7 | Var: per
Step: 2930688 | EPS: 0.02 | Rew: 2.34 | Win%: 52.5 | S0: 546.5 | FPS: 1934.4 | Var: per
Step: 2931712 | EPS: 0.02 | Rew: 2.40 | Win%: 54.0 | S0: 554.8 | FPS: 2009.3 | Var: per
Step: 2932736 | EPS: 0.02 | Rew: 2.12 | Win%: 52.0 | S0: 542.8 | FPS: 1930.1 | Var: per
Step: 2933760 | EPS: 0.02 | Rew: 2.40 | Win%: 54.5 | S0: 550.2 | FPS: 1984.4 | Var: per
Step: 2934784 | EPS: 0.02 | Rew: 2.52 | Win%: 55.5 | S0: 555.8 | FPS: 1893.5 | Var: per
Step: 2935808 | EPS: 0.02 | Rew: 2.67 | Win%: 55.0 | S0: 571.7 | FPS: 1997.9 | Var: per
Step: 2936832 | EPS: 0.02 | Rew: 2.57 | Win%: 58.5 | S0: 585.2 | FPS: 2042.0 | Var: per
Step: 2937856 | EPS: 0.02 | Rew: 2.47 | Win%: 58.5 | S0: 588.5 | FPS: 1762.6 | Var: per
Step: 2938880 | EPS: 0.02 | Rew: 2.31 | Win%: 58.5 | S0: 582.1 | FPS: 1879.7 | Var: per
Step: 2939904 | EPS: 0.02 | Rew: 2.29 | Win%: 58.5 | S0: 573.4 | FPS: 1863.7 | Var: per
Step: 2940928 | EPS: 0.02 | Rew: 2.05 | Win%: 58.0 | S0: 568.9 | FPS: 2648.5 | Var: per
Step: 2941952 | EPS: 0.02 | Rew: 1.87 | Win%: 57.5 | S0: 572.0 | FPS: 2413.8 | Var: per
Step: 2942976 | EPS: 0.02 | Rew: 1.88 | Win%: 57.0 | S0: 566.0 | FPS: 1884.2 | Var: per
Step: 2944000 | EPS: 0.02 | Rew: 1.81 | Win%: 56.0 | S0: 554.5 | FPS: 2070.1 | Var: per
Step: 2945024 | EPS: 0.02 | Rew: 1.67 | Win%: 54.0 | S0: 546.6 | FPS: 1848.5 | Var: per
Step: 2946048 | EPS: 0.02 | Rew: 1.61 | Win%: 54.5 | S0: 541.4 | FPS: 1837.5 | Var: per
Step: 2947072 | EPS: 0.02 | Rew: 1.63 | Win%: 53.0 | S0: 537.5 | FPS: 2004.6 | Var: per
Step: 2948096 | EPS: 0.02 | Rew: 1.71 | Win%: 52.0 | S0: 524.9 | FPS: 1979.9 | Var: per
Step: 2949120 | EPS: 0.02 | Rew: 1.92 | Win%: 53.0 | S0: 525.3 | FPS: 1982.2 | Var: per
Step: 2950144 | EPS: 0.02 | Rew: 2.05 | Win%: 54.5 | S0: 547.9 | FPS: 1800.3 | Var: per
Step: 2951168 | EPS: 0.02 | Rew: 2.22 | Win%: 55.0 | S0: 554.2 | FPS: 1782.4 | Var: per
Step: 2952192 | EPS: 0.02 | Rew: 2.26 | Win%: 55.0 | S0: 551.4 | FPS: 1955.8 | Var: per
Step: 2953216 | EPS: 0.02 | Rew: 2.28 | Win%: 53.5 | S0: 547.8 | FPS: 1814.8 | Var: per
Step: 2954240 | EPS: 0.02 | Rew: 2.35 | Win%: 53.0 | S0: 546.3 | FPS: 1766.9 | Var: per
Step: 2955264 | EPS: 0.02 | Rew: 2.21 | Win%: 54.0 | S0: 544.9 | FPS: 1855.9 | Var: per
Step: 2956288 | EPS: 0.02 | Rew: 1.93 | Win%: 55.5 | S0: 549.0 | FPS: 1932.3 | Var: per
Step: 2957312 | EPS: 0.02 | Rew: 1.81 | Win%: 58.0 | S0: 551.1 | FPS: 1769.9 | Var: per
Step: 2958336 | EPS: 0.02 | Rew: 1.66 | Win%: 56.5 | S0: 536.4 | FPS: 1974.6 | Var: per
Step: 2959360 | EPS: 0.02 | Rew: 1.82 | Win%: 57.5 | S0: 565.2 | FPS: 2007.1 | Var: per
Step: 2960384 | EPS: 0.02 | Rew: 1.54 | Win%: 57.0 | S0: 545.6 | FPS: 1956.1 | Var: per
Step: 2961408 | EPS: 0.02 | Rew: 1.55 | Win%: 57.5 | S0: 530.0 | FPS: 1655.1 | Var: per
Step: 2962432 | EPS: 0.02 | Rew: 1.83 | Win%: 58.0 | S0: 538.5 | FPS: 1791.8 | Var: per
Step: 2963456 | EPS: 0.02 | Rew: 1.77 | Win%: 53.5 | S0: 509.9 | FPS: 2002.1 | Var: per
Step: 2964480 | EPS: 0.02 | Rew: 1.89 | Win%: 54.0 | S0: 503.9 | FPS: 1837.5 | Var: per
Step: 2965504 | EPS: 0.02 | Rew: 2.10 | Win%: 56.0 | S0: 531.9 | FPS: 2023.3 | Var: per
Step: 2966528 | EPS: 0.02 | Rew: 2.16 | Win%: 57.0 | S0: 520.8 | FPS: 1876.3 | Var: per
Step: 2967552 | EPS: 0.02 | Rew: 2.16 | Win%: 58.0 | S0: 538.2 | FPS: 1905.0 | Var: per
Step: 2968576 | EPS: 0.02 | Rew: 2.14 | Win%: 58.0 | S0: 543.1 | FPS: 1875.4 | Var: per
Step: 2969600 | EPS: 0.02 | Rew: 2.06 | Win%: 56.5 | S0: 536.6 | FPS: 1851.1 | Var: per
Step: 2970624 | EPS: 0.02 | Rew: 2.36 | Win%: 58.5 | S0: 579.1 | FPS: 1953.1 | Var: per
Step: 2971648 | EPS: 0.02 | Rew: 2.22 | Win%: 60.5 | S0: 598.3 | FPS: 2025.3 | Var: per
Step: 2972672 | EPS: 0.02 | Rew: 2.06 | Win%: 60.0 | S0: 575.2 | FPS: 1959.7 | Var: per
Step: 2973696 | EPS: 0.02 | Rew: 2.02 | Win%: 60.5 | S0: 596.0 | FPS: 1965.5 | Var: per
Step: 2974720 | EPS: 0.02 | Rew: 2.13 | Win%: 59.0 | S0: 592.9 | FPS: 1923.5 | Var: per
Step: 2975744 | EPS: 0.02 | Rew: 2.22 | Win%: 58.5 | S0: 607.9 | FPS: 1738.5 | Var: per
Step: 2976768 | EPS: 0.02 | Rew: 2.30 | Win%: 59.0 | S0: 607.0 | FPS: 1924.3 | Var: per
Step: 2977792 | EPS: 0.02 | Rew: 2.01 | Win%: 59.0 | S0: 605.1 | FPS: 2036.5 | Var: per
Step: 2978816 | EPS: 0.02 | Rew: 1.93 | Win%: 57.0 | S0: 568.1 | FPS: 1832.8 | Var: per
Step: 2979840 | EPS: 0.02 | Rew: 1.93 | Win%: 55.5 | S0: 554.8 | FPS: 1978.1 | Var: per
Step: 2980864 | EPS: 0.02 | Rew: 1.89 | Win%: 56.0 | S0: 552.1 | FPS: 1855.8 | Var: per
Step: 2981888 | EPS: 0.02 | Rew: 1.87 | Win%: 55.0 | S0: 548.5 | FPS: 1885.0 | Var: per
Step: 2982912 | EPS: 0.02 | Rew: 1.92 | Win%: 56.0 | S0: 566.8 | FPS: 1956.9 | Var: per
Step: 2983936 | EPS: 0.02 | Rew: 1.93 | Win%: 55.5 | S0: 541.0 | FPS: 1842.9 | Var: per
Step: 2984960 | EPS: 0.02 | Rew: 2.00 | Win%: 53.0 | S0: 527.1 | FPS: 1648.6 | Var: per
Step: 2985984 | EPS: 0.02 | Rew: 1.89 | Win%: 53.5 | S0: 525.6 | FPS: 1967.4 | Var: per
Step: 2987008 | EPS: 0.02 | Rew: 1.85 | Win%: 53.5 | S0: 523.0 | FPS: 1960.6 | Var: per
Step: 2988032 | EPS: 0.02 | Rew: 1.93 | Win%: 55.0 | S0: 525.7 | FPS: 1981.2 | Var: per
Step: 2989056 | EPS: 0.02 | Rew: 1.93 | Win%: 55.5 | S0: 522.5 | FPS: 1893.8 | Var: per
Step: 2990080 | EPS: 0.02 | Rew: 1.95 | Win%: 56.5 | S0: 525.0 | FPS: 1979.0 | Var: per
Step: 2991104 | EPS: 0.02 | Rew: 1.84 | Win%: 55.0 | S0: 516.2 | FPS: 1996.5 | Var: per
Step: 2992128 | EPS: 0.02 | Rew: 1.84 | Win%: 56.0 | S0: 533.5 | FPS: 1874.7 | Var: per
Step: 2993152 | EPS: 0.02 | Rew: 1.89 | Win%: 56.5 | S0: 526.4 | FPS: 2051.0 | Var: per
Step: 2994176 | EPS: 0.02 | Rew: 2.02 | Win%: 55.0 | S0: 521.7 | FPS: 1924.5 | Var: per
Step: 2995200 | EPS: 0.02 | Rew: 1.85 | Win%: 54.5 | S0: 525.8 | FPS: 2000.9 | Var: per
Step: 2996224 | EPS: 0.02 | Rew: 1.82 | Win%: 54.5 | S0: 518.0 | FPS: 1862.4 | Var: per
Step: 2997248 | EPS: 0.02 | Rew: 1.59 | Win%: 52.0 | S0: 495.9 | FPS: 2030.4 | Var: per
Step: 2998272 | EPS: 0.02 | Rew: 1.54 | Win%: 49.5 | S0: 483.9 | FPS: 2085.8 | Var: per
Step: 2999296 | EPS: 0.02 | Rew: 1.37 | Win%: 50.0 | S0: 471.1 | FPS: 1895.8 | Var: per
>>> [Final] Saved -> agent/checkpoints/per_battle.final.pth
>>> [Curriculum] Phase completed successfully.

=== Curriculum Completed ===
Best Model: agent/checkpoints/per_battle.pth
Final Snapshot: agent/checkpoints/per_battle.final.pth
Test it: python gui_game.py --mode battle --algo per --model agent/checkpoints/per_battle.pth
